table,condId,quantity,value,source
IV,R0_v23_repro,runs,2,R0_v23_repro/R0_v23_repro_r01_20260926_141207.mat;R0_v23_repro/R0_v23_repro_r02_20260926_141454.mat
IV,R0_v23_repro,completed,2,R0_v23_repro/R0_v23_repro_r01_20260926_141207.mat;R0_v23_repro/R0_v23_repro_r02_20260926_141454.mat
IV,R0_v23_repro,rms_mean,0.058848606183548854,R0_v23_repro/R0_v23_repro_r01_20260926_141207.mat;R0_v23_repro/R0_v23_repro_r02_20260926_141454.mat
IV,R0_v23_repro,rms_sd,0.0006405404436431855,R0_v23_repro/R0_v23_repro_r01_20260926_141207.mat;R0_v23_repro/R0_v23_repro_r02_20260926_141454.mat
IV,R0_v23_repro,rms_first_mean,0.02185731742720247,R0_v23_repro/R0_v23_repro_r01_20260926_141207.mat;R0_v23_repro/R0_v23_repro_r02_20260926_141454.mat
IV,R0_v23_repro,max_mean,0.1694719928362028,R0_v23_repro/R0_v23_repro_r01_20260926_141207.mat;R0_v23_repro/R0_v23_repro_r02_20260926_141454.mat
IV,R0_v23_repro,loop_mean_ms_median,100.51458354466047,R0_v23_repro/R0_v23_repro_r01_20260926_141207.mat;R0_v23_repro/R0_v23_repro_r02_20260926_141454.mat
text_VI-C,R0_v23_repro,ep_q1_mean,0.02140512887163986,R0_v23_repro/R0_v23_repro_r01_20260926_141207.mat;R0_v23_repro/R0_v23_repro_r02_20260926_141454.mat
text_VI-C,R0_v23_repro,ep_q2_mean,0.026804423710880744,R0_v23_repro/R0_v23_repro_r01_20260926_141207.mat;R0_v23_repro/R0_v23_repro_r02_20260926_141454.mat
text_VI-C,R0_v23_repro,ep_q3_mean,0.035126190039926425,R0_v23_repro/R0_v23_repro_r01_20260926_141207.mat;R0_v23_repro/R0_v23_repro_r02_20260926_141454.mat
text_VI-C,R0_v23_repro,ep_q4_mean,0.09842101792746112,R0_v23_repro/R0_v23_repro_r01_20260926_141207.mat;R0_v23_repro/R0_v23_repro_r02_20260926_141454.mat
text_VI-C,R0_v23_repro,t_max_min_s,16.928191,R0_v23_repro/R0_v23_repro_r01_20260926_141207.mat;R0_v23_repro/R0_v23_repro_r02_20260926_141454.mat
IV,T10_nom,runs,5,T10_nom/T10_nom_r01_20260926_141757.mat;T10_nom/T10_nom_r02_20260926_141904.mat;T10_nom/T10_nom_r03_20260926_142016.mat;T10_nom/T10_nom_r04_20260926_142120.mat;T10_nom/T10_nom_r05_20260926_142400.mat
IV,T10_nom,completed,5,T10_nom/T10_nom_r01_20260926_141757.mat;T10_nom/T10_nom_r02_20260926_141904.mat;T10_nom/T10_nom_r03_20260926_142016.mat;T10_nom/T10_nom_r04_20260926_142120.mat;T10_nom/T10_nom_r05_20260926_142400.mat
IV,T10_nom,rms_mean,0.053469340203225045,T10_nom/T10_nom_r01_20260926_141757.mat;T10_nom/T10_nom_r02_20260926_141904.mat;T10_nom/T10_nom_r03_20260926_142016.mat;T10_nom/T10_nom_r04_20260926_142120.mat;T10_nom/T10_nom_r05_20260926_142400.mat
IV,T10_nom,rms_sd,0.001224701742881926,T10_nom/T10_nom_r01_20260926_141757.mat;T10_nom/T10_nom_r02_20260926_141904.mat;T10_nom/T10_nom_r03_20260926_142016.mat;T10_nom/T10_nom_r04_20260926_142120.mat;T10_nom/T10_nom_r05_20260926_142400.mat
IV,T10_nom,rms_first_mean,0.009564410501333916,T10_nom/T10_nom_r01_20260926_141757.mat;T10_nom/T10_nom_r02_20260926_141904.mat;T10_nom/T10_nom_r03_20260926_142016.mat;T10_nom/T10_nom_r04_20260926_142120.mat;T10_nom/T10_nom_r05_20260926_142400.mat
IV,T10_nom,max_mean,0.15852715437376702,T10_nom/T10_nom_r01_20260926_141757.mat;T10_nom/T10_nom_r02_20260926_141904.mat;T10_nom/T10_nom_r03_20260926_142016.mat;T10_nom/T10_nom_r04_20260926_142120.mat;T10_nom/T10_nom_r05_20260926_142400.mat
IV,T10_nom,loop_mean_ms_median,100.00192857142858,T10_nom/T10_nom_r01_20260926_141757.mat;T10_nom/T10_nom_r02_20260926_141904.mat;T10_nom/T10_nom_r03_20260926_142016.mat;T10_nom/T10_nom_r04_20260926_142120.mat;T10_nom/T10_nom_r05_20260926_142400.mat
text_VI-C,T10_nom,ep_q1_mean,0.009410906084427328,T10_nom/T10_nom_r01_20260926_141757.mat;T10_nom/T10_nom_r02_20260926_141904.mat;T10_nom/T10_nom_r03_20260926_142016.mat;T10_nom/T10_nom_r04_20260926_142120.mat;T10_nom/T10_nom_r05_20260926_142400.mat
text_VI-C,T10_nom,ep_q2_mean,0.006861446775146265,T10_nom/T10_nom_r01_20260926_141757.mat;T10_nom/T10_nom_r02_20260926_141904.mat;T10_nom/T10_nom_r03_20260926_142016.mat;T10_nom/T10_nom_r04_20260926_142120.mat;T10_nom/T10_nom_r05_20260926_142400.mat
text_VI-C,T10_nom,ep_q3_mean,0.01289005716647712,T10_nom/T10_nom_r01_20260926_141757.mat;T10_nom/T10_nom_r02_20260926_141904.mat;T10_nom/T10_nom_r03_20260926_142016.mat;T10_nom/T10_nom_r04_20260926_142120.mat;T10_nom/T10_nom_r05_20260926_142400.mat
text_VI-C,T10_nom,ep_q4_mean,0.09891346924994388,T10_nom/T10_nom_r01_20260926_141757.mat;T10_nom/T10_nom_r02_20260926_141904.mat;T10_nom/T10_nom_r03_20260926_142016.mat;T10_nom/T10_nom_r04_20260926_142120.mat;T10_nom/T10_nom_r05_20260926_142400.mat
text_VI-C,T10_nom,t_max_min_s,8.400136,T10_nom/T10_nom_r01_20260926_141757.mat;T10_nom/T10_nom_r02_20260926_141904.mat;T10_nom/T10_nom_r03_20260926_142016.mat;T10_nom/T10_nom_r04_20260926_142120.mat;T10_nom/T10_nom_r05_20260926_142400.mat
IV,T40_cdr_nom,runs,5,T40_cdr_nom/T40_cdr_nom_r01_20260926_141831.mat;T40_cdr_nom/T40_cdr_nom_r02_20260926_141934.mat;T40_cdr_nom/T40_cdr_nom_r03_20260926_142047.mat;T40_cdr_nom/T40_cdr_nom_r04_20260926_142159.mat;T40_cdr_nom/T40_cdr_nom_r05_20260926_142228.mat
IV,T40_cdr_nom,completed,5,T40_cdr_nom/T40_cdr_nom_r01_20260926_141831.mat;T40_cdr_nom/T40_cdr_nom_r02_20260926_141934.mat;T40_cdr_nom/T40_cdr_nom_r03_20260926_142047.mat;T40_cdr_nom/T40_cdr_nom_r04_20260926_142159.mat;T40_cdr_nom/T40_cdr_nom_r05_20260926_142228.mat
IV,T40_cdr_nom,rms_mean,0.05332902443602765,T40_cdr_nom/T40_cdr_nom_r01_20260926_141831.mat;T40_cdr_nom/T40_cdr_nom_r02_20260926_141934.mat;T40_cdr_nom/T40_cdr_nom_r03_20260926_142047.mat;T40_cdr_nom/T40_cdr_nom_r04_20260926_142159.mat;T40_cdr_nom/T40_cdr_nom_r05_20260926_142228.mat
IV,T40_cdr_nom,rms_sd,0.00041907641812808847,T40_cdr_nom/T40_cdr_nom_r01_20260926_141831.mat;T40_cdr_nom/T40_cdr_nom_r02_20260926_141934.mat;T40_cdr_nom/T40_cdr_nom_r03_20260926_142047.mat;T40_cdr_nom/T40_cdr_nom_r04_20260926_142159.mat;T40_cdr_nom/T40_cdr_nom_r05_20260926_142228.mat
IV,T40_cdr_nom,rms_first_mean,0.014797345030730907,T40_cdr_nom/T40_cdr_nom_r01_20260926_141831.mat;T40_cdr_nom/T40_cdr_nom_r02_20260926_141934.mat;T40_cdr_nom/T40_cdr_nom_r03_20260926_142047.mat;T40_cdr_nom/T40_cdr_nom_r04_20260926_142159.mat;T40_cdr_nom/T40_cdr_nom_r05_20260926_142228.mat
IV,T40_cdr_nom,max_mean,0.15480467389350328,T40_cdr_nom/T40_cdr_nom_r01_20260926_141831.mat;T40_cdr_nom/T40_cdr_nom_r02_20260926_141934.mat;T40_cdr_nom/T40_cdr_nom_r03_20260926_142047.mat;T40_cdr_nom/T40_cdr_nom_r04_20260926_142159.mat;T40_cdr_nom/T40_cdr_nom_r05_20260926_142228.mat
IV,T40_cdr_nom,loop_mean_ms_median,50.133538461538464,T40_cdr_nom/T40_cdr_nom_r01_20260926_141831.mat;T40_cdr_nom/T40_cdr_nom_r02_20260926_141934.mat;T40_cdr_nom/T40_cdr_nom_r03_20260926_142047.mat;T40_cdr_nom/T40_cdr_nom_r04_20260926_142159.mat;T40_cdr_nom/T40_cdr_nom_r05_20260926_142228.mat
text_VI-C,T40_cdr_nom,ep_q1_mean,0.013752909255491193,T40_cdr_nom/T40_cdr_nom_r01_20260926_141831.mat;T40_cdr_nom/T40_cdr_nom_r02_20260926_141934.mat;T40_cdr_nom/T40_cdr_nom_r03_20260926_142047.mat;T40_cdr_nom/T40_cdr_nom_r04_20260926_142159.mat;T40_cdr_nom/T40_cdr_nom_r05_20260926_142228.mat
text_VI-C,T40_cdr_nom,ep_q2_mean,0.012419108356090877,T40_cdr_nom/T40_cdr_nom_r01_20260926_141831.mat;T40_cdr_nom/T40_cdr_nom_r02_20260926_141934.mat;T40_cdr_nom/T40_cdr_nom_r03_20260926_142047.mat;T40_cdr_nom/T40_cdr_nom_r04_20260926_142159.mat;T40_cdr_nom/T40_cdr_nom_r05_20260926_142228.mat
text_VI-C,T40_cdr_nom,ep_q3_mean,0.01967065698483087,T40_cdr_nom/T40_cdr_nom_r01_20260926_141831.mat;T40_cdr_nom/T40_cdr_nom_r02_20260926_141934.mat;T40_cdr_nom/T40_cdr_nom_r03_20260926_142047.mat;T40_cdr_nom/T40_cdr_nom_r04_20260926_142159.mat;T40_cdr_nom/T40_cdr_nom_r05_20260926_142228.mat
text_VI-C,T40_cdr_nom,ep_q4_mean,0.09698241457988234,T40_cdr_nom/T40_cdr_nom_r01_20260926_141831.mat;T40_cdr_nom/T40_cdr_nom_r02_20260926_141934.mat;T40_cdr_nom/T40_cdr_nom_r03_20260926_142047.mat;T40_cdr_nom/T40_cdr_nom_r04_20260926_142159.mat;T40_cdr_nom/T40_cdr_nom_r05_20260926_142228.mat
text_VI-C,T40_cdr_nom,t_max_min_s,8.454541,T40_cdr_nom/T40_cdr_nom_r01_20260926_141831.mat;T40_cdr_nom/T40_cdr_nom_r02_20260926_141934.mat;T40_cdr_nom/T40_cdr_nom_r03_20260926_142047.mat;T40_cdr_nom/T40_cdr_nom_r04_20260926_142159.mat;T40_cdr_nom/T40_cdr_nom_r05_20260926_142228.mat
IV,T40_ppo_nom,runs,5,T40_ppo_nom/T40_ppo_nom_r01_20260926_142752.mat;T40_ppo_nom/T40_ppo_nom_r02_20260926_142820.mat;T40_ppo_nom/T40_ppo_nom_r03_20260926_142900.mat;T40_ppo_nom/T40_ppo_nom_r04_20260926_142925.mat;T40_ppo_nom/T40_ppo_nom_r05_20260926_142950.mat
IV,T40_ppo_nom,completed,5,T40_ppo_nom/T40_ppo_nom_r01_20260926_142752.mat;T40_ppo_nom/T40_ppo_nom_r02_20260926_142820.mat;T40_ppo_nom/T40_ppo_nom_r03_20260926_142900.mat;T40_ppo_nom/T40_ppo_nom_r04_20260926_142925.mat;T40_ppo_nom/T40_ppo_nom_r05_20260926_142950.mat
IV,T40_ppo_nom,rms_mean,0.024127124161926024,T40_ppo_nom/T40_ppo_nom_r01_20260926_142752.mat;T40_ppo_nom/T40_ppo_nom_r02_20260926_142820.mat;T40_ppo_nom/T40_ppo_nom_r03_20260926_142900.mat;T40_ppo_nom/T40_ppo_nom_r04_20260926_142925.mat;T40_ppo_nom/T40_ppo_nom_r05_20260926_142950.mat
IV,T40_ppo_nom,rms_sd,0.00029814698429914805,T40_ppo_nom/T40_ppo_nom_r01_20260926_142752.mat;T40_ppo_nom/T40_ppo_nom_r02_20260926_142820.mat;T40_ppo_nom/T40_ppo_nom_r03_20260926_142900.mat;T40_ppo_nom/T40_ppo_nom_r04_20260926_142925.mat;T40_ppo_nom/T40_ppo_nom_r05_20260926_142950.mat
IV,T40_ppo_nom,rms_first_mean,0.0213617222701658,T40_ppo_nom/T40_ppo_nom_r01_20260926_142752.mat;T40_ppo_nom/T40_ppo_nom_r02_20260926_142820.mat;T40_ppo_nom/T40_ppo_nom_r03_20260926_142900.mat;T40_ppo_nom/T40_ppo_nom_r04_20260926_142925.mat;T40_ppo_nom/T40_ppo_nom_r05_20260926_142950.mat
IV,T40_ppo_nom,max_mean,0.0439717188739553,T40_ppo_nom/T40_ppo_nom_r01_20260926_142752.mat;T40_ppo_nom/T40_ppo_nom_r02_20260926_142820.mat;T40_ppo_nom/T40_ppo_nom_r03_20260926_142900.mat;T40_ppo_nom/T40_ppo_nom_r04_20260926_142925.mat;T40_ppo_nom/T40_ppo_nom_r05_20260926_142950.mat
IV,T40_ppo_nom,loop_mean_ms_median,50.15513017751478,T40_ppo_nom/T40_ppo_nom_r01_20260926_142752.mat;T40_ppo_nom/T40_ppo_nom_r02_20260926_142820.mat;T40_ppo_nom/T40_ppo_nom_r03_20260926_142900.mat;T40_ppo_nom/T40_ppo_nom_r04_20260926_142925.mat;T40_ppo_nom/T40_ppo_nom_r05_20260926_142950.mat
text_VI-C,T40_ppo_nom,ep_q1_mean,0.01533444601091626,T40_ppo_nom/T40_ppo_nom_r01_20260926_142752.mat;T40_ppo_nom/T40_ppo_nom_r02_20260926_142820.mat;T40_ppo_nom/T40_ppo_nom_r03_20260926_142900.mat;T40_ppo_nom/T40_ppo_nom_r04_20260926_142925.mat;T40_ppo_nom/T40_ppo_nom_r05_20260926_142950.mat
text_VI-C,T40_ppo_nom,ep_q2_mean,0.027697102351789744,T40_ppo_nom/T40_ppo_nom_r01_20260926_142752.mat;T40_ppo_nom/T40_ppo_nom_r02_20260926_142820.mat;T40_ppo_nom/T40_ppo_nom_r03_20260926_142900.mat;T40_ppo_nom/T40_ppo_nom_r04_20260926_142925.mat;T40_ppo_nom/T40_ppo_nom_r05_20260926_142950.mat
text_VI-C,T40_ppo_nom,ep_q3_mean,0.017231459409512026,T40_ppo_nom/T40_ppo_nom_r01_20260926_142752.mat;T40_ppo_nom/T40_ppo_nom_r02_20260926_142820.mat;T40_ppo_nom/T40_ppo_nom_r03_20260926_142900.mat;T40_ppo_nom/T40_ppo_nom_r04_20260926_142925.mat;T40_ppo_nom/T40_ppo_nom_r05_20260926_142950.mat
text_VI-C,T40_ppo_nom,ep_q4_mean,0.029555275944900712,T40_ppo_nom/T40_ppo_nom_r01_20260926_142752.mat;T40_ppo_nom/T40_ppo_nom_r02_20260926_142820.mat;T40_ppo_nom/T40_ppo_nom_r03_20260926_142900.mat;T40_ppo_nom/T40_ppo_nom_r04_20260926_142925.mat;T40_ppo_nom/T40_ppo_nom_r05_20260926_142950.mat
text_VI-C,T40_ppo_nom,t_max_min_s,8.452407,T40_ppo_nom/T40_ppo_nom_r01_20260926_142752.mat;T40_ppo_nom/T40_ppo_nom_r02_20260926_142820.mat;T40_ppo_nom/T40_ppo_nom_r03_20260926_142900.mat;T40_ppo_nom/T40_ppo_nom_r04_20260926_142925.mat;T40_ppo_nom/T40_ppo_nom_r05_20260926_142950.mat
IV,T40_r0_j6,runs,5,T40_r0_j6/T40_r0_j6_r01_20261003_134403.mat;T40_r0_j6/T40_r0_j6_r02_20261003_134443.mat;T40_r0_j6/T40_r0_j6_r03_20261003_134523.mat;T40_r0_j6/T40_r0_j6_r04_20261003_134601.mat;T40_r0_j6/T40_r0_j6_r05_20261003_134640.mat
IV,T40_r0_j6,completed,5,T40_r0_j6/T40_r0_j6_r01_20261003_134403.mat;T40_r0_j6/T40_r0_j6_r02_20261003_134443.mat;T40_r0_j6/T40_r0_j6_r03_20261003_134523.mat;T40_r0_j6/T40_r0_j6_r04_20261003_134601.mat;T40_r0_j6/T40_r0_j6_r05_20261003_134640.mat
IV,T40_r0_j6,rms_mean,0.09153679718851658,T40_r0_j6/T40_r0_j6_r01_20261003_134403.mat;T40_r0_j6/T40_r0_j6_r02_20261003_134443.mat;T40_r0_j6/T40_r0_j6_r03_20261003_134523.mat;T40_r0_j6/T40_r0_j6_r04_20261003_134601.mat;T40_r0_j6/T40_r0_j6_r05_20261003_134640.mat
IV,T40_r0_j6,rms_sd,0.0009805977536855236,T40_r0_j6/T40_r0_j6_r01_20261003_134403.mat;T40_r0_j6/T40_r0_j6_r02_20261003_134443.mat;T40_r0_j6/T40_r0_j6_r03_20261003_134523.mat;T40_r0_j6/T40_r0_j6_r04_20261003_134601.mat;T40_r0_j6/T40_r0_j6_r05_20261003_134640.mat
IV,T40_r0_j6,rms_first_mean,0.019556530058308107,T40_r0_j6/T40_r0_j6_r01_20261003_134403.mat;T40_r0_j6/T40_r0_j6_r02_20261003_134443.mat;T40_r0_j6/T40_r0_j6_r03_20261003_134523.mat;T40_r0_j6/T40_r0_j6_r04_20261003_134601.mat;T40_r0_j6/T40_r0_j6_r05_20261003_134640.mat
IV,T40_r0_j6,max_mean,0.23388743968646417,T40_r0_j6/T40_r0_j6_r01_20261003_134403.mat;T40_r0_j6/T40_r0_j6_r02_20261003_134443.mat;T40_r0_j6/T40_r0_j6_r03_20261003_134523.mat;T40_r0_j6/T40_r0_j6_r04_20261003_134601.mat;T40_r0_j6/T40_r0_j6_r05_20261003_134640.mat
IV,T40_r0_j6,loop_mean_ms_median,50.028,T40_r0_j6/T40_r0_j6_r01_20261003_134403.mat;T40_r0_j6/T40_r0_j6_r02_20261003_134443.mat;T40_r0_j6/T40_r0_j6_r03_20261003_134523.mat;T40_r0_j6/T40_r0_j6_r04_20261003_134601.mat;T40_r0_j6/T40_r0_j6_r05_20261003_134640.mat
text_VI-C,T40_r0_j6,ep_q1_mean,0.018555942285416623,T40_r0_j6/T40_r0_j6_r01_20261003_134403.mat;T40_r0_j6/T40_r0_j6_r02_20261003_134443.mat;T40_r0_j6/T40_r0_j6_r03_20261003_134523.mat;T40_r0_j6/T40_r0_j6_r04_20261003_134601.mat;T40_r0_j6/T40_r0_j6_r05_20261003_134640.mat
text_VI-C,T40_r0_j6,ep_q2_mean,0.02506929068332755,T40_r0_j6/T40_r0_j6_r01_20261003_134403.mat;T40_r0_j6/T40_r0_j6_r02_20261003_134443.mat;T40_r0_j6/T40_r0_j6_r03_20261003_134523.mat;T40_r0_j6/T40_r0_j6_r04_20261003_134601.mat;T40_r0_j6/T40_r0_j6_r05_20261003_134640.mat
text_VI-C,T40_r0_j6,ep_q3_mean,0.060977910932045784,T40_r0_j6/T40_r0_j6_r01_20261003_134403.mat;T40_r0_j6/T40_r0_j6_r02_20261003_134443.mat;T40_r0_j6/T40_r0_j6_r03_20261003_134523.mat;T40_r0_j6/T40_r0_j6_r04_20261003_134601.mat;T40_r0_j6/T40_r0_j6_r05_20261003_134640.mat
text_VI-C,T40_r0_j6,ep_q4_mean,0.16332847959781818,T40_r0_j6/T40_r0_j6_r01_20261003_134403.mat;T40_r0_j6/T40_r0_j6_r02_20261003_134443.mat;T40_r0_j6/T40_r0_j6_r03_20261003_134523.mat;T40_r0_j6/T40_r0_j6_r04_20261003_134601.mat;T40_r0_j6/T40_r0_j6_r05_20261003_134640.mat
text_VI-C,T40_r0_j6,t_max_min_s,8.454238,T40_r0_j6/T40_r0_j6_r01_20261003_134403.mat;T40_r0_j6/T40_r0_j6_r02_20261003_134443.mat;T40_r0_j6/T40_r0_j6_r03_20261003_134523.mat;T40_r0_j6/T40_r0_j6_r04_20261003_134601.mat;T40_r0_j6/T40_r0_j6_r05_20261003_134640.mat
IV,T40_r4_1k,runs,5,T40_r4_1k/T40_r4_1k_r01_20261003_134700.mat;T40_r4_1k/T40_r4_1k_r02_20261003_134720.mat;T40_r4_1k/T40_r4_1k_r03_20261003_134742.mat;T40_r4_1k/T40_r4_1k_r04_20261003_134802.mat;T40_r4_1k/T40_r4_1k_r05_20261003_134830.mat
IV,T40_r4_1k,completed,5,T40_r4_1k/T40_r4_1k_r01_20261003_134700.mat;T40_r4_1k/T40_r4_1k_r02_20261003_134720.mat;T40_r4_1k/T40_r4_1k_r03_20261003_134742.mat;T40_r4_1k/T40_r4_1k_r04_20261003_134802.mat;T40_r4_1k/T40_r4_1k_r05_20261003_134830.mat
IV,T40_r4_1k,rms_mean,0.014105408660151664,T40_r4_1k/T40_r4_1k_r01_20261003_134700.mat;T40_r4_1k/T40_r4_1k_r02_20261003_134720.mat;T40_r4_1k/T40_r4_1k_r03_20261003_134742.mat;T40_r4_1k/T40_r4_1k_r04_20261003_134802.mat;T40_r4_1k/T40_r4_1k_r05_20261003_134830.mat
IV,T40_r4_1k,rms_sd,0.00025868204223536325,T40_r4_1k/T40_r4_1k_r01_20261003_134700.mat;T40_r4_1k/T40_r4_1k_r02_20261003_134720.mat;T40_r4_1k/T40_r4_1k_r03_20261003_134742.mat;T40_r4_1k/T40_r4_1k_r04_20261003_134802.mat;T40_r4_1k/T40_r4_1k_r05_20261003_134830.mat
IV,T40_r4_1k,rms_first_mean,0.01693894397365536,T40_r4_1k/T40_r4_1k_r01_20261003_134700.mat;T40_r4_1k/T40_r4_1k_r02_20261003_134720.mat;T40_r4_1k/T40_r4_1k_r03_20261003_134742.mat;T40_r4_1k/T40_r4_1k_r04_20261003_134802.mat;T40_r4_1k/T40_r4_1k_r05_20261003_134830.mat
IV,T40_r4_1k,max_mean,0.032249484563388775,T40_r4_1k/T40_r4_1k_r01_20261003_134700.mat;T40_r4_1k/T40_r4_1k_r02_20261003_134720.mat;T40_r4_1k/T40_r4_1k_r03_20261003_134742.mat;T40_r4_1k/T40_r4_1k_r04_20261003_134802.mat;T40_r4_1k/T40_r4_1k_r05_20261003_134830.mat
IV,T40_r4_1k,loop_mean_ms_median,50.02823668639052,T40_r4_1k/T40_r4_1k_r01_20261003_134700.mat;T40_r4_1k/T40_r4_1k_r02_20261003_134720.mat;T40_r4_1k/T40_r4_1k_r03_20261003_134742.mat;T40_r4_1k/T40_r4_1k_r04_20261003_134802.mat;T40_r4_1k/T40_r4_1k_r05_20261003_134830.mat
text_VI-C,T40_r4_1k,ep_q1_mean,0.017565885100383195,T40_r4_1k/T40_r4_1k_r01_20261003_134700.mat;T40_r4_1k/T40_r4_1k_r02_20261003_134720.mat;T40_r4_1k/T40_r4_1k_r03_20261003_134742.mat;T40_r4_1k/T40_r4_1k_r04_20261003_134802.mat;T40_r4_1k/T40_r4_1k_r05_20261003_134830.mat
text_VI-C,T40_r4_1k,ep_q2_mean,0.014289359435464971,T40_r4_1k/T40_r4_1k_r01_20261003_134700.mat;T40_r4_1k/T40_r4_1k_r02_20261003_134720.mat;T40_r4_1k/T40_r4_1k_r03_20261003_134742.mat;T40_r4_1k/T40_r4_1k_r04_20261003_134802.mat;T40_r4_1k/T40_r4_1k_r05_20261003_134830.mat
text_VI-C,T40_r4_1k,ep_q3_mean,0.007107019376495718,T40_r4_1k/T40_r4_1k_r01_20261003_134700.mat;T40_r4_1k/T40_r4_1k_r02_20261003_134720.mat;T40_r4_1k/T40_r4_1k_r03_20261003_134742.mat;T40_r4_1k/T40_r4_1k_r04_20261003_134802.mat;T40_r4_1k/T40_r4_1k_r05_20261003_134830.mat
text_VI-C,T40_r4_1k,ep_q4_mean,0.011491739856625273,T40_r4_1k/T40_r4_1k_r01_20261003_134700.mat;T40_r4_1k/T40_r4_1k_r02_20261003_134720.mat;T40_r4_1k/T40_r4_1k_r03_20261003_134742.mat;T40_r4_1k/T40_r4_1k_r04_20261003_134802.mat;T40_r4_1k/T40_r4_1k_r05_20261003_134830.mat
text_VI-C,T40_r4_1k,t_max_min_s,8.45451,T40_r4_1k/T40_r4_1k_r01_20261003_134700.mat;T40_r4_1k/T40_r4_1k_r02_20261003_134720.mat;T40_r4_1k/T40_r4_1k_r03_20261003_134742.mat;T40_r4_1k/T40_r4_1k_r04_20261003_134802.mat;T40_r4_1k/T40_r4_1k_r05_20261003_134830.mat
IV,T40_r4_3k,runs,5,T40_r4_3k/T40_r4_3k_r01_20261003_134239.mat;T40_r4_3k/T40_r4_3k_r02_20261003_134424.mat;T40_r4_3k/T40_r4_3k_r03_20261003_134504.mat;T40_r4_3k/T40_r4_3k_r04_20261003_134542.mat;T40_r4_3k/T40_r4_3k_r05_20261003_134621.mat
IV,T40_r4_3k,completed,5,T40_r4_3k/T40_r4_3k_r01_20261003_134239.mat;T40_r4_3k/T40_r4_3k_r02_20261003_134424.mat;T40_r4_3k/T40_r4_3k_r03_20261003_134504.mat;T40_r4_3k/T40_r4_3k_r04_20261003_134542.mat;T40_r4_3k/T40_r4_3k_r05_20261003_134621.mat
IV,T40_r4_3k,rms_mean,0.018805757088419923,T40_r4_3k/T40_r4_3k_r01_20261003_134239.mat;T40_r4_3k/T40_r4_3k_r02_20261003_134424.mat;T40_r4_3k/T40_r4_3k_r03_20261003_134504.mat;T40_r4_3k/T40_r4_3k_r04_20261003_134542.mat;T40_r4_3k/T40_r4_3k_r05_20261003_134621.mat
IV,T40_r4_3k,rms_sd,0.00241561202405261,T40_r4_3k/T40_r4_3k_r01_20261003_134239.mat;T40_r4_3k/T40_r4_3k_r02_20261003_134424.mat;T40_r4_3k/T40_r4_3k_r03_20261003_134504.mat;T40_r4_3k/T40_r4_3k_r04_20261003_134542.mat;T40_r4_3k/T40_r4_3k_r05_20261003_134621.mat
IV,T40_r4_3k,rms_first_mean,0.01984390148879779,T40_r4_3k/T40_r4_3k_r01_20261003_134239.mat;T40_r4_3k/T40_r4_3k_r02_20261003_134424.mat;T40_r4_3k/T40_r4_3k_r03_20261003_134504.mat;T40_r4_3k/T40_r4_3k_r04_20261003_134542.mat;T40_r4_3k/T40_r4_3k_r05_20261003_134621.mat
IV,T40_r4_3k,max_mean,0.050132581204077396,T40_r4_3k/T40_r4_3k_r01_20261003_134239.mat;T40_r4_3k/T40_r4_3k_r02_20261003_134424.mat;T40_r4_3k/T40_r4_3k_r03_20261003_134504.mat;T40_r4_3k/T40_r4_3k_r04_20261003_134542.mat;T40_r4_3k/T40_r4_3k_r05_20261003_134621.mat
IV,T40_r4_3k,loop_mean_ms_median,50.29008875739645,T40_r4_3k/T40_r4_3k_r01_20261003_134239.mat;T40_r4_3k/T40_r4_3k_r02_20261003_134424.mat;T40_r4_3k/T40_r4_3k_r03_20261003_134504.mat;T40_r4_3k/T40_r4_3k_r04_20261003_134542.mat;T40_r4_3k/T40_r4_3k_r05_20261003_134621.mat
text_VI-C,T40_r4_3k,ep_q1_mean,0.020476784266798415,T40_r4_3k/T40_r4_3k_r01_20261003_134239.mat;T40_r4_3k/T40_r4_3k_r02_20261003_134424.mat;T40_r4_3k/T40_r4_3k_r03_20261003_134504.mat;T40_r4_3k/T40_r4_3k_r04_20261003_134542.mat;T40_r4_3k/T40_r4_3k_r05_20261003_134621.mat
text_VI-C,T40_r4_3k,ep_q2_mean,0.01719941744368218,T40_r4_3k/T40_r4_3k_r01_20261003_134239.mat;T40_r4_3k/T40_r4_3k_r02_20261003_134424.mat;T40_r4_3k/T40_r4_3k_r03_20261003_134504.mat;T40_r4_3k/T40_r4_3k_r04_20261003_134542.mat;T40_r4_3k/T40_r4_3k_r05_20261003_134621.mat
text_VI-C,T40_r4_3k,ep_q3_mean,0.013724997165345814,T40_r4_3k/T40_r4_3k_r01_20261003_134239.mat;T40_r4_3k/T40_r4_3k_r02_20261003_134424.mat;T40_r4_3k/T40_r4_3k_r03_20261003_134504.mat;T40_r4_3k/T40_r4_3k_r04_20261003_134542.mat;T40_r4_3k/T40_r4_3k_r05_20261003_134621.mat
text_VI-C,T40_r4_3k,ep_q4_mean,0.016588122120559257,T40_r4_3k/T40_r4_3k_r01_20261003_134239.mat;T40_r4_3k/T40_r4_3k_r02_20261003_134424.mat;T40_r4_3k/T40_r4_3k_r03_20261003_134504.mat;T40_r4_3k/T40_r4_3k_r04_20261003_134542.mat;T40_r4_3k/T40_r4_3k_r05_20261003_134621.mat
text_VI-C,T40_r4_3k,t_max_min_s,8.449998,T40_r4_3k/T40_r4_3k_r01_20261003_134239.mat;T40_r4_3k/T40_r4_3k_r02_20261003_134424.mat;T40_r4_3k/T40_r4_3k_r03_20261003_134504.mat;T40_r4_3k/T40_r4_3k_r04_20261003_134542.mat;T40_r4_3k/T40_r4_3k_r05_20261003_134621.mat
IV,T40_r4_3k_s1,runs,5,T40_r4_3k_s1/T40_r4_3k_s1_r01_20261003_140001.mat;T40_r4_3k_s1/T40_r4_3k_s1_r02_20261003_140022.mat;T40_r4_3k_s1/T40_r4_3k_s1_r03_20261003_140043.mat;T40_r4_3k_s1/T40_r4_3k_s1_r04_20261003_140103.mat;T40_r4_3k_s1/T40_r4_3k_s1_r05_20261003_140123.mat
IV,T40_r4_3k_s1,completed,5,T40_r4_3k_s1/T40_r4_3k_s1_r01_20261003_140001.mat;T40_r4_3k_s1/T40_r4_3k_s1_r02_20261003_140022.mat;T40_r4_3k_s1/T40_r4_3k_s1_r03_20261003_140043.mat;T40_r4_3k_s1/T40_r4_3k_s1_r04_20261003_140103.mat;T40_r4_3k_s1/T40_r4_3k_s1_r05_20261003_140123.mat
IV,T40_r4_3k_s1,rms_mean,0.030212875487530266,T40_r4_3k_s1/T40_r4_3k_s1_r01_20261003_140001.mat;T40_r4_3k_s1/T40_r4_3k_s1_r02_20261003_140022.mat;T40_r4_3k_s1/T40_r4_3k_s1_r03_20261003_140043.mat;T40_r4_3k_s1/T40_r4_3k_s1_r04_20261003_140103.mat;T40_r4_3k_s1/T40_r4_3k_s1_r05_20261003_140123.mat
IV,T40_r4_3k_s1,rms_sd,0.0012177560803479732,T40_r4_3k_s1/T40_r4_3k_s1_r01_20261003_140001.mat;T40_r4_3k_s1/T40_r4_3k_s1_r02_20261003_140022.mat;T40_r4_3k_s1/T40_r4_3k_s1_r03_20261003_140043.mat;T40_r4_3k_s1/T40_r4_3k_s1_r04_20261003_140103.mat;T40_r4_3k_s1/T40_r4_3k_s1_r05_20261003_140123.mat
IV,T40_r4_3k_s1,rms_first_mean,0.018725776367744175,T40_r4_3k_s1/T40_r4_3k_s1_r01_20261003_140001.mat;T40_r4_3k_s1/T40_r4_3k_s1_r02_20261003_140022.mat;T40_r4_3k_s1/T40_r4_3k_s1_r03_20261003_140043.mat;T40_r4_3k_s1/T40_r4_3k_s1_r04_20261003_140103.mat;T40_r4_3k_s1/T40_r4_3k_s1_r05_20261003_140123.mat
IV,T40_r4_3k_s1,max_mean,0.06159231968577122,T40_r4_3k_s1/T40_r4_3k_s1_r01_20261003_140001.mat;T40_r4_3k_s1/T40_r4_3k_s1_r02_20261003_140022.mat;T40_r4_3k_s1/T40_r4_3k_s1_r03_20261003_140043.mat;T40_r4_3k_s1/T40_r4_3k_s1_r04_20261003_140103.mat;T40_r4_3k_s1/T40_r4_3k_s1_r05_20261003_140123.mat
IV,T40_r4_3k_s1,loop_mean_ms_median,50.032254437869824,T40_r4_3k_s1/T40_r4_3k_s1_r01_20261003_140001.mat;T40_r4_3k_s1/T40_r4_3k_s1_r02_20261003_140022.mat;T40_r4_3k_s1/T40_r4_3k_s1_r03_20261003_140043.mat;T40_r4_3k_s1/T40_r4_3k_s1_r04_20261003_140103.mat;T40_r4_3k_s1/T40_r4_3k_s1_r05_20261003_140123.mat
text_VI-C,T40_r4_3k_s1,ep_q1_mean,0.020921015258953908,T40_r4_3k_s1/T40_r4_3k_s1_r01_20261003_140001.mat;T40_r4_3k_s1/T40_r4_3k_s1_r02_20261003_140022.mat;T40_r4_3k_s1/T40_r4_3k_s1_r03_20261003_140043.mat;T40_r4_3k_s1/T40_r4_3k_s1_r04_20261003_140103.mat;T40_r4_3k_s1/T40_r4_3k_s1_r05_20261003_140123.mat
text_VI-C,T40_r4_3k_s1,ep_q2_mean,0.016077573994949756,T40_r4_3k_s1/T40_r4_3k_s1_r01_20261003_140001.mat;T40_r4_3k_s1/T40_r4_3k_s1_r02_20261003_140022.mat;T40_r4_3k_s1/T40_r4_3k_s1_r03_20261003_140043.mat;T40_r4_3k_s1/T40_r4_3k_s1_r04_20261003_140103.mat;T40_r4_3k_s1/T40_r4_3k_s1_r05_20261003_140123.mat
text_VI-C,T40_r4_3k_s1,ep_q3_mean,0.02539147689445841,T40_r4_3k_s1/T40_r4_3k_s1_r01_20261003_140001.mat;T40_r4_3k_s1/T40_r4_3k_s1_r02_20261003_140022.mat;T40_r4_3k_s1/T40_r4_3k_s1_r03_20261003_140043.mat;T40_r4_3k_s1/T40_r4_3k_s1_r04_20261003_140103.mat;T40_r4_3k_s1/T40_r4_3k_s1_r05_20261003_140123.mat
text_VI-C,T40_r4_3k_s1,ep_q4_mean,0.0445999755593956,T40_r4_3k_s1/T40_r4_3k_s1_r01_20261003_140001.mat;T40_r4_3k_s1/T40_r4_3k_s1_r02_20261003_140022.mat;T40_r4_3k_s1/T40_r4_3k_s1_r03_20261003_140043.mat;T40_r4_3k_s1/T40_r4_3k_s1_r04_20261003_140103.mat;T40_r4_3k_s1/T40_r4_3k_s1_r05_20261003_140123.mat
text_VI-C,T40_r4_3k_s1,t_max_min_s,7.60492,T40_r4_3k_s1/T40_r4_3k_s1_r01_20261003_140001.mat;T40_r4_3k_s1/T40_r4_3k_s1_r02_20261003_140022.mat;T40_r4_3k_s1/T40_r4_3k_s1_r03_20261003_140043.mat;T40_r4_3k_s1/T40_r4_3k_s1_r04_20261003_140103.mat;T40_r4_3k_s1/T40_r4_3k_s1_r05_20261003_140123.mat
IV,T40_r4_3k_s4,runs,5,T40_r4_3k_s4/T40_r4_3k_s4_r01_20261003_135046.mat;T40_r4_3k_s4/T40_r4_3k_s4_r02_20261003_135106.mat;T40_r4_3k_s4/T40_r4_3k_s4_r03_20261003_135125.mat;T40_r4_3k_s4/T40_r4_3k_s4_r04_20261003_135145.mat;T40_r4_3k_s4/T40_r4_3k_s4_r05_20261003_135204.mat
IV,T40_r4_3k_s4,completed,5,T40_r4_3k_s4/T40_r4_3k_s4_r01_20261003_135046.mat;T40_r4_3k_s4/T40_r4_3k_s4_r02_20261003_135106.mat;T40_r4_3k_s4/T40_r4_3k_s4_r03_20261003_135125.mat;T40_r4_3k_s4/T40_r4_3k_s4_r04_20261003_135145.mat;T40_r4_3k_s4/T40_r4_3k_s4_r05_20261003_135204.mat
IV,T40_r4_3k_s4,rms_mean,0.01687668605176204,T40_r4_3k_s4/T40_r4_3k_s4_r01_20261003_135046.mat;T40_r4_3k_s4/T40_r4_3k_s4_r02_20261003_135106.mat;T40_r4_3k_s4/T40_r4_3k_s4_r03_20261003_135125.mat;T40_r4_3k_s4/T40_r4_3k_s4_r04_20261003_135145.mat;T40_r4_3k_s4/T40_r4_3k_s4_r05_20261003_135204.mat
IV,T40_r4_3k_s4,rms_sd,0.0004041931477422884,T40_r4_3k_s4/T40_r4_3k_s4_r01_20261003_135046.mat;T40_r4_3k_s4/T40_r4_3k_s4_r02_20261003_135106.mat;T40_r4_3k_s4/T40_r4_3k_s4_r03_20261003_135125.mat;T40_r4_3k_s4/T40_r4_3k_s4_r04_20261003_135145.mat;T40_r4_3k_s4/T40_r4_3k_s4_r05_20261003_135204.mat
IV,T40_r4_3k_s4,rms_first_mean,0.01548579452869452,T40_r4_3k_s4/T40_r4_3k_s4_r01_20261003_135046.mat;T40_r4_3k_s4/T40_r4_3k_s4_r02_20261003_135106.mat;T40_r4_3k_s4/T40_r4_3k_s4_r03_20261003_135125.mat;T40_r4_3k_s4/T40_r4_3k_s4_r04_20261003_135145.mat;T40_r4_3k_s4/T40_r4_3k_s4_r05_20261003_135204.mat
IV,T40_r4_3k_s4,max_mean,0.023828207526788218,T40_r4_3k_s4/T40_r4_3k_s4_r01_20261003_135046.mat;T40_r4_3k_s4/T40_r4_3k_s4_r02_20261003_135106.mat;T40_r4_3k_s4/T40_r4_3k_s4_r03_20261003_135125.mat;T40_r4_3k_s4/T40_r4_3k_s4_r04_20261003_135145.mat;T40_r4_3k_s4/T40_r4_3k_s4_r05_20261003_135204.mat
IV,T40_r4_3k_s4,loop_mean_ms_median,50.026792899408285,T40_r4_3k_s4/T40_r4_3k_s4_r01_20261003_135046.mat;T40_r4_3k_s4/T40_r4_3k_s4_r02_20261003_135106.mat;T40_r4_3k_s4/T40_r4_3k_s4_r03_20261003_135125.mat;T40_r4_3k_s4/T40_r4_3k_s4_r04_20261003_135145.mat;T40_r4_3k_s4/T40_r4_3k_s4_r05_20261003_135204.mat
text_VI-C,T40_r4_3k_s4,ep_q1_mean,0.016872699313882206,T40_r4_3k_s4/T40_r4_3k_s4_r01_20261003_135046.mat;T40_r4_3k_s4/T40_r4_3k_s4_r02_20261003_135106.mat;T40_r4_3k_s4/T40_r4_3k_s4_r03_20261003_135125.mat;T40_r4_3k_s4/T40_r4_3k_s4_r04_20261003_135145.mat;T40_r4_3k_s4/T40_r4_3k_s4_r05_20261003_135204.mat
text_VI-C,T40_r4_3k_s4,ep_q2_mean,0.01082699649152685,T40_r4_3k_s4/T40_r4_3k_s4_r01_20261003_135046.mat;T40_r4_3k_s4/T40_r4_3k_s4_r02_20261003_135106.mat;T40_r4_3k_s4/T40_r4_3k_s4_r03_20261003_135125.mat;T40_r4_3k_s4/T40_r4_3k_s4_r04_20261003_135145.mat;T40_r4_3k_s4/T40_r4_3k_s4_r05_20261003_135204.mat
text_VI-C,T40_r4_3k_s4,ep_q3_mean,0.016378849172920762,T40_r4_3k_s4/T40_r4_3k_s4_r01_20261003_135046.mat;T40_r4_3k_s4/T40_r4_3k_s4_r02_20261003_135106.mat;T40_r4_3k_s4/T40_r4_3k_s4_r03_20261003_135125.mat;T40_r4_3k_s4/T40_r4_3k_s4_r04_20261003_135145.mat;T40_r4_3k_s4/T40_r4_3k_s4_r05_20261003_135204.mat
text_VI-C,T40_r4_3k_s4,ep_q4_mean,0.020677019040733217,T40_r4_3k_s4/T40_r4_3k_s4_r01_20261003_135046.mat;T40_r4_3k_s4/T40_r4_3k_s4_r02_20261003_135106.mat;T40_r4_3k_s4/T40_r4_3k_s4_r03_20261003_135125.mat;T40_r4_3k_s4/T40_r4_3k_s4_r04_20261003_135145.mat;T40_r4_3k_s4/T40_r4_3k_s4_r05_20261003_135204.mat
text_VI-C,T40_r4_3k_s4,t_max_min_s,6.429354,T40_r4_3k_s4/T40_r4_3k_s4_r01_20261003_135046.mat;T40_r4_3k_s4/T40_r4_3k_s4_r02_20261003_135106.mat;T40_r4_3k_s4/T40_r4_3k_s4_r03_20261003_135125.mat;T40_r4_3k_s4/T40_r4_3k_s4_r04_20261003_135145.mat;T40_r4_3k_s4/T40_r4_3k_s4_r05_20261003_135204.mat
III,M_send,median_ms,25.002000000000635,M_send/M_send_r01_20260926_140518.mat;M_send/M_send_r02_20260926_140638.mat;M_send/M_send_r03_20260926_140748.mat
III,M_fb,median_ms,50.01850000000019,M_fb/M_fb_r01_20260926_140536.mat;M_fb/M_fb_r02_20260926_140659.mat;M_fb/M_fb_r03_20260926_140811.mat;M_fb/M_fb_r04_20261003_133604.mat;M_fb/M_fb_r05_20261003_133801.mat;M_fb/M_fb_r06_20261003_133848.mat
III,M_fk,median_ms,50.00599999999977,M_fk/M_fk_r01_20260926_140602.mat;M_fk/M_fk_r02_20260926_140719.mat;M_fk/M_fk_r03_20260926_140829.mat
III,M_full,median_ms,50.003999999999934,M_full/M_full_r01_20260926_140622.mat;M_full/M_full_r02_20260926_140739.mat;M_full/M_full_r03_20260926_140849.mat
III,M_fbonly,median_ms,24.982000000000504,M_fbonly/M_fbonly_r01_20261003_133529.mat;M_fbonly/M_fbonly_r02_20261003_133614.mat;M_fbonly/M_fbonly_r03_20261003_133812.mat
III,M_sendfb,median_ms,50.014,M_sendfb/M_sendfb_r01_20261003_133547.mat;M_sendfb/M_sendfb_r02_20261003_133740.mat;M_sendfb/M_sendfb_r03_20261003_133829.mat
III,R0_v23_repro,tracking_median_ms,100.00099999999978,R0_v23_repro/R0_v23_repro_r01_20260926_141207.mat;R0_v23_repro/R0_v23_repro_r02_20260926_141454.mat
III,T10_nom,tracking_median_ms,99.99999999999964,T10_nom/T10_nom_r01_20260926_141757.mat;T10_nom/T10_nom_r02_20260926_141904.mat;T10_nom/T10_nom_r03_20260926_142016.mat;T10_nom/T10_nom_r04_20260926_142120.mat;T10_nom/T10_nom_r05_20260926_142400.mat
III,T40_cdr_nom,tracking_median_ms,50.033999999999246,T40_cdr_nom/T40_cdr_nom_r01_20260926_141831.mat;T40_cdr_nom/T40_cdr_nom_r02_20260926_141934.mat;T40_cdr_nom/T40_cdr_nom_r03_20260926_142047.mat;T40_cdr_nom/T40_cdr_nom_r04_20260926_142159.mat;T40_cdr_nom/T40_cdr_nom_r05_20260926_142228.mat
III,T40_ppo_nom,tracking_median_ms,49.97199999999968,T40_ppo_nom/T40_ppo_nom_r01_20260926_142752.mat;T40_ppo_nom/T40_ppo_nom_r02_20260926_142820.mat;T40_ppo_nom/T40_ppo_nom_r03_20260926_142900.mat;T40_ppo_nom/T40_ppo_nom_r04_20260926_142925.mat;T40_ppo_nom/T40_ppo_nom_r05_20260926_142950.mat
III,T40_r0_j6,tracking_median_ms,50.052000000000014,T40_r0_j6/T40_r0_j6_r01_20261003_134403.mat;T40_r0_j6/T40_r0_j6_r02_20261003_134443.mat;T40_r0_j6/T40_r0_j6_r03_20261003_134523.mat;T40_r0_j6/T40_r0_j6_r04_20261003_134601.mat;T40_r0_j6/T40_r0_j6_r05_20261003_134640.mat
III,T40_r4_1k,tracking_median_ms,50.02899999999988,T40_r4_1k/T40_r4_1k_r01_20261003_134700.mat;T40_r4_1k/T40_r4_1k_r02_20261003_134720.mat;T40_r4_1k/T40_r4_1k_r03_20261003_134742.mat;T40_r4_1k/T40_r4_1k_r04_20261003_134802.mat;T40_r4_1k/T40_r4_1k_r05_20261003_134830.mat
III,T40_r4_3k,tracking_median_ms,50.01199999999978,T40_r4_3k/T40_r4_3k_r01_20261003_134239.mat;T40_r4_3k/T40_r4_3k_r02_20261003_134424.mat;T40_r4_3k/T40_r4_3k_r03_20261003_134504.mat;T40_r4_3k/T40_r4_3k_r04_20261003_134542.mat;T40_r4_3k/T40_r4_3k_r05_20261003_134621.mat
III,T40_r4_3k_s1,tracking_median_ms,49.9780000000003,T40_r4_3k_s1/T40_r4_3k_s1_r01_20261003_140001.mat;T40_r4_3k_s1/T40_r4_3k_s1_r02_20261003_140022.mat;T40_r4_3k_s1/T40_r4_3k_s1_r03_20261003_140043.mat;T40_r4_3k_s1/T40_r4_3k_s1_r04_20261003_140103.mat;T40_r4_3k_s1/T40_r4_3k_s1_r05_20261003_140123.mat
III,T40_r4_3k_s4,tracking_median_ms,50.024999999999764,T40_r4_3k_s4/T40_r4_3k_s4_r01_20261003_135046.mat;T40_r4_3k_s4/T40_r4_3k_s4_r02_20261003_135106.mat;T40_r4_3k_s4/T40_r4_3k_s4_r03_20261003_135125.mat;T40_r4_3k_s4/T40_r4_3k_s4_r04_20261003_135145.mat;T40_r4_3k_s4/T40_r4_3k_s4_r05_20261003_135204.mat
setpoint_hw,S0_repro073/S00,d0_mm,172.88979918226744,S0_repro073/S0_repro073_S00_r01_20260926_151057.mat
setpoint_hw,S0_repro073/S00,final_mm_mean,16.7442886905661,S0_repro073/S0_repro073_S00_r01_20260926_151057.mat
setpoint_hw,S0_repro073/S00,closest_mm_mean,16.7442886905661,S0_repro073/S0_repro073_S00_r01_20260926_151057.mat
setpoint_hw,S0_repro073/S00,successes,1,S0_repro073/S0_repro073_S00_r01_20260926_151057.mat
setpoint_hw,S0_repro073/S00,runs,1,S0_repro073/S0_repro073_S00_r01_20260926_151057.mat
setpoint_hw,S0_repro073,success_rate_50mm,1.0,S0_repro073/S0_repro073_S00_r01_20260926_151057.mat
text_VI,S0_repro073,softlimit_runs,1,S0_repro073/S0_repro073_S00_r01_20260926_151057.mat
text_VI,S0_repro073,softlimit_frac_max,0.5370370370370371,S0_repro073/S0_repro073_S00_r01_20260926_151057.mat
setpoint_hw,S10_nom/S02,d0_mm,102.0964839743726,S10_nom/S10_nom_S02_r01_20260926_151312.mat;S10_nom/S10_nom_S02_r02_20260926_153337.mat
setpoint_hw,S10_nom/S02,final_mm_mean,11.995481723072801,S10_nom/S10_nom_S02_r01_20260926_151312.mat;S10_nom/S10_nom_S02_r02_20260926_153337.mat
setpoint_hw,S10_nom/S02,closest_mm_mean,11.995481723072801,S10_nom/S10_nom_S02_r01_20260926_151312.mat;S10_nom/S10_nom_S02_r02_20260926_153337.mat
setpoint_hw,S10_nom/S02,successes,2,S10_nom/S10_nom_S02_r01_20260926_151312.mat;S10_nom/S10_nom_S02_r02_20260926_153337.mat
setpoint_hw,S10_nom/S02,runs,2,S10_nom/S10_nom_S02_r01_20260926_151312.mat;S10_nom/S10_nom_S02_r02_20260926_153337.mat
setpoint_hw,S10_nom/S01,d0_mm,115.09552081712161,S10_nom/S10_nom_S01_r01_20260926_151350.mat;S10_nom/S10_nom_S01_r02_20260926_153355.mat
setpoint_hw,S10_nom/S01,final_mm_mean,15.072251963584533,S10_nom/S10_nom_S01_r01_20260926_151350.mat;S10_nom/S10_nom_S01_r02_20260926_153355.mat
setpoint_hw,S10_nom/S01,closest_mm_mean,15.072251963584533,S10_nom/S10_nom_S01_r01_20260926_151350.mat;S10_nom/S10_nom_S01_r02_20260926_153355.mat
setpoint_hw,S10_nom/S01,successes,2,S10_nom/S10_nom_S01_r01_20260926_151350.mat;S10_nom/S10_nom_S01_r02_20260926_153355.mat
setpoint_hw,S10_nom/S01,runs,2,S10_nom/S10_nom_S01_r01_20260926_151350.mat;S10_nom/S10_nom_S01_r02_20260926_153355.mat
setpoint_hw,S10_nom/S03,d0_mm,192.08634457593325,S10_nom/S10_nom_S03_r01_20260926_151418.mat;S10_nom/S10_nom_S03_r02_20260926_153321.mat
setpoint_hw,S10_nom/S03,final_mm_mean,14.703317690585946,S10_nom/S10_nom_S03_r01_20260926_151418.mat;S10_nom/S10_nom_S03_r02_20260926_153321.mat
setpoint_hw,S10_nom/S03,closest_mm_mean,14.703317690585946,S10_nom/S10_nom_S03_r01_20260926_151418.mat;S10_nom/S10_nom_S03_r02_20260926_153321.mat
setpoint_hw,S10_nom/S03,successes,2,S10_nom/S10_nom_S03_r01_20260926_151418.mat;S10_nom/S10_nom_S03_r02_20260926_153321.mat
setpoint_hw,S10_nom/S03,runs,2,S10_nom/S10_nom_S03_r01_20260926_151418.mat;S10_nom/S10_nom_S03_r02_20260926_153321.mat
setpoint_hw,S10_nom/S00,d0_mm,203.70768547924848,S10_nom/S10_nom_S00_r01_20260926_151501.mat;S10_nom/S10_nom_S00_r02_20260926_153433.mat
setpoint_hw,S10_nom/S00,final_mm_mean,22.642636447828227,S10_nom/S10_nom_S00_r01_20260926_151501.mat;S10_nom/S10_nom_S00_r02_20260926_153433.mat
setpoint_hw,S10_nom/S00,closest_mm_mean,22.642636447828227,S10_nom/S10_nom_S00_r01_20260926_151501.mat;S10_nom/S10_nom_S00_r02_20260926_153433.mat
setpoint_hw,S10_nom/S00,successes,2,S10_nom/S10_nom_S00_r01_20260926_151501.mat;S10_nom/S10_nom_S00_r02_20260926_153433.mat
setpoint_hw,S10_nom/S00,runs,2,S10_nom/S10_nom_S00_r01_20260926_151501.mat;S10_nom/S10_nom_S00_r02_20260926_153433.mat
setpoint_hw,S10_nom/S04,d0_mm,223.4517350174845,S10_nom/S10_nom_S04_r01_20260926_151559.mat;S10_nom/S10_nom_S04_r02_20260926_153254.mat
setpoint_hw,S10_nom/S04,final_mm_mean,22.025161206951317,S10_nom/S10_nom_S04_r01_20260926_151559.mat;S10_nom/S10_nom_S04_r02_20260926_153254.mat
setpoint_hw,S10_nom/S04,closest_mm_mean,20.415997847556387,S10_nom/S10_nom_S04_r01_20260926_151559.mat;S10_nom/S10_nom_S04_r02_20260926_153254.mat
setpoint_hw,S10_nom/S04,successes,2,S10_nom/S10_nom_S04_r01_20260926_151559.mat;S10_nom/S10_nom_S04_r02_20260926_153254.mat
setpoint_hw,S10_nom/S04,runs,2,S10_nom/S10_nom_S04_r01_20260926_151559.mat;S10_nom/S10_nom_S04_r02_20260926_153254.mat
setpoint_hw,S10_nom/S06,d0_mm,340.05476619430493,S10_nom/S10_nom_S06_r01_20260926_151714.mat;S10_nom/S10_nom_S06_r02_20260926_153152.mat
setpoint_hw,S10_nom/S06,final_mm_mean,16.643812467896243,S10_nom/S10_nom_S06_r01_20260926_151714.mat;S10_nom/S10_nom_S06_r02_20260926_153152.mat
setpoint_hw,S10_nom/S06,closest_mm_mean,16.643812467896243,S10_nom/S10_nom_S06_r01_20260926_151714.mat;S10_nom/S10_nom_S06_r02_20260926_153152.mat
setpoint_hw,S10_nom/S06,successes,2,S10_nom/S10_nom_S06_r01_20260926_151714.mat;S10_nom/S10_nom_S06_r02_20260926_153152.mat
setpoint_hw,S10_nom/S06,runs,2,S10_nom/S10_nom_S06_r01_20260926_151714.mat;S10_nom/S10_nom_S06_r02_20260926_153152.mat
setpoint_hw,S10_nom/S05,d0_mm,353.08069762328074,S10_nom/S10_nom_S05_r01_20260926_151652.mat;S10_nom/S10_nom_S05_r02_20260926_153212.mat
setpoint_hw,S10_nom/S05,final_mm_mean,11.078704779758581,S10_nom/S10_nom_S05_r01_20260926_151652.mat;S10_nom/S10_nom_S05_r02_20260926_153212.mat
setpoint_hw,S10_nom/S05,closest_mm_mean,11.078704779758581,S10_nom/S10_nom_S05_r01_20260926_151652.mat;S10_nom/S10_nom_S05_r02_20260926_153212.mat
setpoint_hw,S10_nom/S05,successes,2,S10_nom/S10_nom_S05_r01_20260926_151652.mat;S10_nom/S10_nom_S05_r02_20260926_153212.mat
setpoint_hw,S10_nom/S05,runs,2,S10_nom/S10_nom_S05_r01_20260926_151652.mat;S10_nom/S10_nom_S05_r02_20260926_153212.mat
setpoint_hw,S10_nom/S08,d0_mm,480.0178719350685,S10_nom/S10_nom_S08_r01_20260926_151802.mat;S10_nom/S10_nom_S08_r02_20260926_153059.mat
setpoint_hw,S10_nom/S08,final_mm_mean,13.94533189775873,S10_nom/S10_nom_S08_r01_20260926_151802.mat;S10_nom/S10_nom_S08_r02_20260926_153059.mat
setpoint_hw,S10_nom/S08,closest_mm_mean,13.94533189775873,S10_nom/S10_nom_S08_r01_20260926_151802.mat;S10_nom/S10_nom_S08_r02_20260926_153059.mat
setpoint_hw,S10_nom/S08,successes,2,S10_nom/S10_nom_S08_r01_20260926_151802.mat;S10_nom/S10_nom_S08_r02_20260926_153059.mat
setpoint_hw,S10_nom/S08,runs,2,S10_nom/S10_nom_S08_r01_20260926_151802.mat;S10_nom/S10_nom_S08_r02_20260926_153059.mat
setpoint_hw,S10_nom/S07,d0_mm,506.838311148162,S10_nom/S10_nom_S07_r01_20260926_151736.mat;S10_nom/S10_nom_S07_r02_20260926_153127.mat
setpoint_hw,S10_nom/S07,final_mm_mean,9.035240139229225,S10_nom/S10_nom_S07_r01_20260926_151736.mat;S10_nom/S10_nom_S07_r02_20260926_153127.mat
setpoint_hw,S10_nom/S07,closest_mm_mean,9.035240139229225,S10_nom/S10_nom_S07_r01_20260926_151736.mat;S10_nom/S10_nom_S07_r02_20260926_153127.mat
setpoint_hw,S10_nom/S07,successes,2,S10_nom/S10_nom_S07_r01_20260926_151736.mat;S10_nom/S10_nom_S07_r02_20260926_153127.mat
setpoint_hw,S10_nom/S07,runs,2,S10_nom/S10_nom_S07_r01_20260926_151736.mat;S10_nom/S10_nom_S07_r02_20260926_153127.mat
setpoint_hw,S10_nom/S10,d0_mm,682.5657036318842,S10_nom/S10_nom_S10_r01_20260926_151854.mat;S10_nom/S10_nom_S10_r02_20260926_152955.mat
setpoint_hw,S10_nom/S10,final_mm_mean,15.546938233638732,S10_nom/S10_nom_S10_r01_20260926_151854.mat;S10_nom/S10_nom_S10_r02_20260926_152955.mat
setpoint_hw,S10_nom/S10,closest_mm_mean,13.454533061372,S10_nom/S10_nom_S10_r01_20260926_151854.mat;S10_nom/S10_nom_S10_r02_20260926_152955.mat
setpoint_hw,S10_nom/S10,successes,2,S10_nom/S10_nom_S10_r01_20260926_151854.mat;S10_nom/S10_nom_S10_r02_20260926_152955.mat
setpoint_hw,S10_nom/S10,runs,2,S10_nom/S10_nom_S10_r01_20260926_151854.mat;S10_nom/S10_nom_S10_r02_20260926_152955.mat
setpoint_hw,S10_nom/S09,d0_mm,685.0293923133897,S10_nom/S10_nom_S09_r01_20260926_151828.mat;S10_nom/S10_nom_S09_r02_20260926_153022.mat
setpoint_hw,S10_nom/S09,final_mm_mean,15.191816772268403,S10_nom/S10_nom_S09_r01_20260926_151828.mat;S10_nom/S10_nom_S09_r02_20260926_153022.mat
setpoint_hw,S10_nom/S09,closest_mm_mean,15.191816772268403,S10_nom/S10_nom_S09_r01_20260926_151828.mat;S10_nom/S10_nom_S09_r02_20260926_153022.mat
setpoint_hw,S10_nom/S09,successes,2,S10_nom/S10_nom_S09_r01_20260926_151828.mat;S10_nom/S10_nom_S09_r02_20260926_153022.mat
setpoint_hw,S10_nom/S09,runs,2,S10_nom/S10_nom_S09_r01_20260926_151828.mat;S10_nom/S10_nom_S09_r02_20260926_153022.mat
setpoint_hw,S10_nom/S11,d0_mm,890.5249209047977,S10_nom/S10_nom_S11_r01_20260926_151922.mat;S10_nom/S10_nom_S11_r02_20260926_152934.mat
setpoint_hw,S10_nom/S11,final_mm_mean,4.9822298248567645,S10_nom/S10_nom_S11_r01_20260926_151922.mat;S10_nom/S10_nom_S11_r02_20260926_152934.mat
setpoint_hw,S10_nom/S11,closest_mm_mean,4.9822298248567645,S10_nom/S10_nom_S11_r01_20260926_151922.mat;S10_nom/S10_nom_S11_r02_20260926_152934.mat
setpoint_hw,S10_nom/S11,successes,2,S10_nom/S10_nom_S11_r01_20260926_151922.mat;S10_nom/S10_nom_S11_r02_20260926_152934.mat
setpoint_hw,S10_nom/S11,runs,2,S10_nom/S10_nom_S11_r01_20260926_151922.mat;S10_nom/S10_nom_S11_r02_20260926_152934.mat
setpoint_hw,S10_nom/S12,d0_mm,918.7933368950249,S10_nom/S10_nom_S12_r01_20260926_152155.mat;S10_nom/S10_nom_S12_r02_20260926_152906.mat
setpoint_hw,S10_nom/S12,final_mm_mean,17.429974080870686,S10_nom/S10_nom_S12_r01_20260926_152155.mat;S10_nom/S10_nom_S12_r02_20260926_152906.mat
setpoint_hw,S10_nom/S12,closest_mm_mean,17.417602249154864,S10_nom/S10_nom_S12_r01_20260926_152155.mat;S10_nom/S10_nom_S12_r02_20260926_152906.mat
setpoint_hw,S10_nom/S12,successes,2,S10_nom/S10_nom_S12_r01_20260926_152155.mat;S10_nom/S10_nom_S12_r02_20260926_152906.mat
setpoint_hw,S10_nom/S12,runs,2,S10_nom/S10_nom_S12_r01_20260926_152155.mat;S10_nom/S10_nom_S12_r02_20260926_152906.mat
setpoint_hw,S10_nom/S14,d0_mm,1101.5751750176141,S10_nom/S10_nom_S14_r01_20260926_152316.mat;S10_nom/S10_nom_S14_r02_20260926_152758.mat
setpoint_hw,S10_nom/S14,final_mm_mean,8.08604122015264,S10_nom/S10_nom_S14_r01_20260926_152316.mat;S10_nom/S10_nom_S14_r02_20260926_152758.mat
setpoint_hw,S10_nom/S14,closest_mm_mean,8.08604122015264,S10_nom/S10_nom_S14_r01_20260926_152316.mat;S10_nom/S10_nom_S14_r02_20260926_152758.mat
setpoint_hw,S10_nom/S14,successes,2,S10_nom/S10_nom_S14_r01_20260926_152316.mat;S10_nom/S10_nom_S14_r02_20260926_152758.mat
setpoint_hw,S10_nom/S14,runs,2,S10_nom/S10_nom_S14_r01_20260926_152316.mat;S10_nom/S10_nom_S14_r02_20260926_152758.mat
setpoint_hw,S10_nom/S13,d0_mm,1114.1346830053697,S10_nom/S10_nom_S13_r01_20260926_152248.mat;S10_nom/S10_nom_S13_r02_20260926_152838.mat
setpoint_hw,S10_nom/S13,final_mm_mean,18.905200854969927,S10_nom/S10_nom_S13_r01_20260926_152248.mat;S10_nom/S10_nom_S13_r02_20260926_152838.mat
setpoint_hw,S10_nom/S13,closest_mm_mean,18.86155327874656,S10_nom/S10_nom_S13_r01_20260926_152248.mat;S10_nom/S10_nom_S13_r02_20260926_152838.mat
setpoint_hw,S10_nom/S13,successes,2,S10_nom/S10_nom_S13_r01_20260926_152248.mat;S10_nom/S10_nom_S13_r02_20260926_152838.mat
setpoint_hw,S10_nom/S13,runs,2,S10_nom/S10_nom_S13_r01_20260926_152248.mat;S10_nom/S10_nom_S13_r02_20260926_152838.mat
setpoint_hw,S10_nom,success_rate_50mm,1.0,S10_nom/S10_nom_S00_r01_20260926_151501.mat;S10_nom/S10_nom_S00_r02_20260926_153433.mat;S10_nom/S10_nom_S01_r01_20260926_151350.mat;S10_nom/S10_nom_S01_r02_20260926_153355.mat;S10_nom/S10_nom_S02_r01_20260926_151312.mat;S10_nom/S10_nom_S02_r02_20260926_153337.mat;S10_nom/S10_nom_S03_r01_20260926_151418.mat;S10_nom/S10_nom_S03_r02_20260926_153321.mat;S10_nom/S10_nom_S04_r01_20260926_151559.mat;S10_nom/S10_nom_S04_r02_20260926_153254.mat;S10_nom/S10_nom_S05_r01_20260926_151652.mat;S10_nom/S10_nom_S05_r02_20260926_153212.mat;S10_nom/S10_nom_S06_r01_20260926_151714.mat;S10_nom/S10_nom_S06_r02_20260926_153152.mat;S10_nom/S10_nom_S07_r01_20260926_151736.mat;S10_nom/S10_nom_S07_r02_20260926_153127.mat;S10_nom/S10_nom_S08_r01_20260926_151802.mat;S10_nom/S10_nom_S08_r02_20260926_153059.mat;S10_nom/S10_nom_S09_r01_20260926_151828.mat;S10_nom/S10_nom_S09_r02_20260926_153022.mat;S10_nom/S10_nom_S10_r01_20260926_151854.mat;S10_nom/S10_nom_S10_r02_20260926_152955.mat;S10_nom/S10_nom_S11_r01_20260926_151922.mat;S10_nom/S10_nom_S11_r02_20260926_152934.mat;S10_nom/S10_nom_S12_r01_20260926_152155.mat;S10_nom/S10_nom_S12_r02_20260926_152906.mat;S10_nom/S10_nom_S13_r01_20260926_152248.mat;S10_nom/S10_nom_S13_r02_20260926_152838.mat;S10_nom/S10_nom_S14_r01_20260926_152316.mat;S10_nom/S10_nom_S14_r02_20260926_152758.mat
text_VI,S10_nom,softlimit_runs,14,S10_nom/S10_nom_S00_r01_20260926_151501.mat;S10_nom/S10_nom_S00_r02_20260926_153433.mat;S10_nom/S10_nom_S04_r01_20260926_151559.mat;S10_nom/S10_nom_S04_r02_20260926_153254.mat;S10_nom/S10_nom_S08_r01_20260926_151802.mat;S10_nom/S10_nom_S08_r02_20260926_153059.mat;S10_nom/S10_nom_S09_r01_20260926_151828.mat;S10_nom/S10_nom_S09_r02_20260926_153022.mat;S10_nom/S10_nom_S12_r01_20260926_152155.mat;S10_nom/S10_nom_S12_r02_20260926_152906.mat;S10_nom/S10_nom_S13_r01_20260926_152248.mat;S10_nom/S10_nom_S13_r02_20260926_152838.mat;S10_nom/S10_nom_S14_r01_20260926_152316.mat;S10_nom/S10_nom_S14_r02_20260926_152758.mat
text_VI,S10_nom,softlimit_frac_max,0.5737051792828686,S10_nom/S10_nom_S00_r01_20260926_151501.mat;S10_nom/S10_nom_S00_r02_20260926_153433.mat;S10_nom/S10_nom_S04_r01_20260926_151559.mat;S10_nom/S10_nom_S04_r02_20260926_153254.mat;S10_nom/S10_nom_S08_r01_20260926_151802.mat;S10_nom/S10_nom_S08_r02_20260926_153059.mat;S10_nom/S10_nom_S09_r01_20260926_151828.mat;S10_nom/S10_nom_S09_r02_20260926_153022.mat;S10_nom/S10_nom_S12_r01_20260926_152155.mat;S10_nom/S10_nom_S12_r02_20260926_152906.mat;S10_nom/S10_nom_S13_r01_20260926_152248.mat;S10_nom/S10_nom_S13_r02_20260926_152838.mat;S10_nom/S10_nom_S14_r01_20260926_152316.mat;S10_nom/S10_nom_S14_r02_20260926_152758.mat
setpoint_hw,S20_targets/T03/S00,d0_mm,57.288446792326155,S20_targets/S20_targets_T03_S00_r01_20261003_141112.mat;S20_targets/S20_targets_T03_S00_r02_20261003_144256.mat
setpoint_hw,S20_targets/T03/S00,final_mm_mean,12.070609952850578,S20_targets/S20_targets_T03_S00_r01_20261003_141112.mat;S20_targets/S20_targets_T03_S00_r02_20261003_144256.mat
setpoint_hw,S20_targets/T03/S00,closest_mm_mean,12.070609952850578,S20_targets/S20_targets_T03_S00_r01_20261003_141112.mat;S20_targets/S20_targets_T03_S00_r02_20261003_144256.mat
setpoint_hw,S20_targets/T03/S00,successes,2,S20_targets/S20_targets_T03_S00_r01_20261003_141112.mat;S20_targets/S20_targets_T03_S00_r02_20261003_144256.mat
setpoint_hw,S20_targets/T03/S00,runs,2,S20_targets/S20_targets_T03_S00_r01_20261003_141112.mat;S20_targets/S20_targets_T03_S00_r02_20261003_144256.mat
setpoint_hw,S20_targets/E01/S06,d0_mm,221.358370252278,S20_targets/S20_targets_E01_S06_r01_20261003_142035.mat;S20_targets/S20_targets_E01_S06_r02_20261003_144911.mat
setpoint_hw,S20_targets/E01/S06,final_mm_mean,69.50035835474594,S20_targets/S20_targets_E01_S06_r01_20261003_142035.mat;S20_targets/S20_targets_E01_S06_r02_20261003_144911.mat
setpoint_hw,S20_targets/E01/S06,closest_mm_mean,64.67034042257808,S20_targets/S20_targets_E01_S06_r01_20261003_142035.mat;S20_targets/S20_targets_E01_S06_r02_20261003_144911.mat
setpoint_hw,S20_targets/E01/S06,successes,0,S20_targets/S20_targets_E01_S06_r01_20261003_142035.mat;S20_targets/S20_targets_E01_S06_r02_20261003_144911.mat
setpoint_hw,S20_targets/E01/S06,runs,2,S20_targets/S20_targets_E01_S06_r01_20261003_142035.mat;S20_targets/S20_targets_E01_S06_r02_20261003_144911.mat
setpoint_hw,S20_targets/T01/S06,d0_mm,230.54036446888944,S20_targets/S20_targets_T01_S06_r01_20261003_140647.mat;S20_targets/S20_targets_T01_S06_r02_20261003_144024.mat
setpoint_hw,S20_targets/T01/S06,final_mm_mean,25.457579633146015,S20_targets/S20_targets_T01_S06_r01_20261003_140647.mat;S20_targets/S20_targets_T01_S06_r02_20261003_144024.mat
setpoint_hw,S20_targets/T01/S06,closest_mm_mean,19.749113330227935,S20_targets/S20_targets_T01_S06_r01_20261003_140647.mat;S20_targets/S20_targets_T01_S06_r02_20261003_144024.mat
setpoint_hw,S20_targets/T01/S06,successes,2,S20_targets/S20_targets_T01_S06_r01_20261003_140647.mat;S20_targets/S20_targets_T01_S06_r02_20261003_144024.mat
setpoint_hw,S20_targets/T01/S06,runs,2,S20_targets/S20_targets_T01_S06_r01_20261003_140647.mat;S20_targets/S20_targets_T01_S06_r02_20261003_144024.mat
setpoint_hw,S20_targets/T01/S00,d0_mm,249.18538493053626,S20_targets/S20_targets_T01_S00_r01_20261003_140554.mat;S20_targets/S20_targets_T01_S00_r02_20261003_144110.mat
setpoint_hw,S20_targets/T01/S00,final_mm_mean,26.076848150778684,S20_targets/S20_targets_T01_S00_r01_20261003_140554.mat;S20_targets/S20_targets_T01_S00_r02_20261003_144110.mat
setpoint_hw,S20_targets/T01/S00,closest_mm_mean,26.076848150778684,S20_targets/S20_targets_T01_S00_r01_20261003_140554.mat;S20_targets/S20_targets_T01_S00_r02_20261003_144110.mat
setpoint_hw,S20_targets/T01/S00,successes,2,S20_targets/S20_targets_T01_S00_r01_20261003_140554.mat;S20_targets/S20_targets_T01_S00_r02_20261003_144110.mat
setpoint_hw,S20_targets/T01/S00,runs,2,S20_targets/S20_targets_T01_S00_r01_20261003_140554.mat;S20_targets/S20_targets_T01_S00_r02_20261003_144110.mat
setpoint_hw,S20_targets/E02/S07,d0_mm,253.03255595205215,S20_targets/S20_targets_E02_S07_r01_20261003_142248.mat;S20_targets/S20_targets_E02_S07_r02_20261003_145100.mat
setpoint_hw,S20_targets/E02/S07,final_mm_mean,109.45014003892817,S20_targets/S20_targets_E02_S07_r01_20261003_142248.mat;S20_targets/S20_targets_E02_S07_r02_20261003_145100.mat
setpoint_hw,S20_targets/E02/S07,closest_mm_mean,51.488236989337885,S20_targets/S20_targets_E02_S07_r01_20261003_142248.mat;S20_targets/S20_targets_E02_S07_r02_20261003_145100.mat
setpoint_hw,S20_targets/E02/S07,successes,0,S20_targets/S20_targets_E02_S07_r01_20261003_142248.mat;S20_targets/S20_targets_E02_S07_r02_20261003_145100.mat
setpoint_hw,S20_targets/E02/S07,runs,2,S20_targets/S20_targets_E02_S07_r01_20261003_142248.mat;S20_targets/S20_targets_E02_S07_r02_20261003_145100.mat
setpoint_hw,S20_targets/T02/S00,d0_mm,256.7055334688556,S20_targets/S20_targets_T02_S00_r01_20261003_141037.mat;S20_targets/S20_targets_T02_S00_r02_20261003_144143.mat
setpoint_hw,S20_targets/T02/S00,final_mm_mean,21.516543889902568,S20_targets/S20_targets_T02_S00_r01_20261003_141037.mat;S20_targets/S20_targets_T02_S00_r02_20261003_144143.mat
setpoint_hw,S20_targets/T02/S00,closest_mm_mean,21.516543889902568,S20_targets/S20_targets_T02_S00_r01_20261003_141037.mat;S20_targets/S20_targets_T02_S00_r02_20261003_144143.mat
setpoint_hw,S20_targets/T02/S00,successes,2,S20_targets/S20_targets_T02_S00_r01_20261003_141037.mat;S20_targets/S20_targets_T02_S00_r02_20261003_144143.mat
setpoint_hw,S20_targets/T02/S00,runs,2,S20_targets/S20_targets_T02_S00_r01_20261003_141037.mat;S20_targets/S20_targets_T02_S00_r02_20261003_144143.mat
setpoint_hw,S20_targets/T05/S06,d0_mm,292.4016214235998,S20_targets/S20_targets_T05_S06_r01_20261003_141519.mat;S20_targets/S20_targets_T05_S06_r02_20261003_144556.mat
setpoint_hw,S20_targets/T05/S06,final_mm_mean,11.624891068623231,S20_targets/S20_targets_T05_S06_r01_20261003_141519.mat;S20_targets/S20_targets_T05_S06_r02_20261003_144556.mat
setpoint_hw,S20_targets/T05/S06,closest_mm_mean,11.624891068623231,S20_targets/S20_targets_T05_S06_r01_20261003_141519.mat;S20_targets/S20_targets_T05_S06_r02_20261003_144556.mat
setpoint_hw,S20_targets/T05/S06,successes,2,S20_targets/S20_targets_T05_S06_r01_20261003_141519.mat;S20_targets/S20_targets_T05_S06_r02_20261003_144556.mat
setpoint_hw,S20_targets/T05/S06,runs,2,S20_targets/S20_targets_T05_S06_r01_20261003_141519.mat;S20_targets/S20_targets_T05_S06_r02_20261003_144556.mat
setpoint_hw,S20_targets/T05/S00,d0_mm,304.66704841192967,S20_targets/S20_targets_T05_S00_r01_20261003_141555.mat;S20_targets/S20_targets_T05_S00_r02_20261003_144519.mat
setpoint_hw,S20_targets/T05/S00,final_mm_mean,14.987866076574596,S20_targets/S20_targets_T05_S00_r01_20261003_141555.mat;S20_targets/S20_targets_T05_S00_r02_20261003_144519.mat
setpoint_hw,S20_targets/T05/S00,closest_mm_mean,14.987866076574596,S20_targets/S20_targets_T05_S00_r01_20261003_141555.mat;S20_targets/S20_targets_T05_S00_r02_20261003_144519.mat
setpoint_hw,S20_targets/T05/S00,successes,2,S20_targets/S20_targets_T05_S00_r01_20261003_141555.mat;S20_targets/S20_targets_T05_S00_r02_20261003_144519.mat
setpoint_hw,S20_targets/T05/S00,runs,2,S20_targets/S20_targets_T05_S00_r01_20261003_141555.mat;S20_targets/S20_targets_T05_S00_r02_20261003_144519.mat
setpoint_hw,S20_targets/E03/S00,d0_mm,315.6845526570601,S20_targets/S20_targets_E03_S00_r01_20261003_142553.mat;S20_targets/S20_targets_E03_S00_r02_20261003_145258.mat
setpoint_hw,S20_targets/E03/S00,final_mm_mean,104.24070833227253,S20_targets/S20_targets_E03_S00_r01_20261003_142553.mat;S20_targets/S20_targets_E03_S00_r02_20261003_145258.mat
setpoint_hw,S20_targets/E03/S00,closest_mm_mean,61.20409882779254,S20_targets/S20_targets_E03_S00_r01_20261003_142553.mat;S20_targets/S20_targets_E03_S00_r02_20261003_145258.mat
setpoint_hw,S20_targets/E03/S00,successes,0,S20_targets/S20_targets_E03_S00_r01_20261003_142553.mat;S20_targets/S20_targets_E03_S00_r02_20261003_145258.mat
setpoint_hw,S20_targets/E03/S00,runs,2,S20_targets/S20_targets_E03_S00_r01_20261003_142553.mat;S20_targets/S20_targets_E03_S00_r02_20261003_145258.mat
setpoint_hw,S20_targets/T04/S00,d0_mm,339.3595481219862,S20_targets/S20_targets_T04_S00_r01_20261003_141206.mat;S20_targets/S20_targets_T04_S00_r02_20261003_144502.mat
setpoint_hw,S20_targets/T04/S00,final_mm_mean,129.3986312079528,S20_targets/S20_targets_T04_S00_r01_20261003_141206.mat;S20_targets/S20_targets_T04_S00_r02_20261003_144502.mat
setpoint_hw,S20_targets/T04/S00,closest_mm_mean,81.97703372296624,S20_targets/S20_targets_T04_S00_r01_20261003_141206.mat;S20_targets/S20_targets_T04_S00_r02_20261003_144502.mat
setpoint_hw,S20_targets/T04/S00,successes,0,S20_targets/S20_targets_T04_S00_r01_20261003_141206.mat;S20_targets/S20_targets_T04_S00_r02_20261003_144502.mat
setpoint_hw,S20_targets/T04/S00,runs,2,S20_targets/S20_targets_T04_S00_r01_20261003_141206.mat;S20_targets/S20_targets_T04_S00_r02_20261003_144502.mat
setpoint_hw,S20_targets/T03/S06,d0_mm,358.33746630731156,S20_targets/S20_targets_T03_S06_r01_20261003_141129.mat;S20_targets/S20_targets_T03_S06_r02_20261003_144246.mat
setpoint_hw,S20_targets/T03/S06,final_mm_mean,18.551472456160095,S20_targets/S20_targets_T03_S06_r01_20261003_141129.mat;S20_targets/S20_targets_T03_S06_r02_20261003_144246.mat
setpoint_hw,S20_targets/T03/S06,closest_mm_mean,18.522354108049026,S20_targets/S20_targets_T03_S06_r01_20261003_141129.mat;S20_targets/S20_targets_T03_S06_r02_20261003_144246.mat
setpoint_hw,S20_targets/T03/S06,successes,2,S20_targets/S20_targets_T03_S06_r01_20261003_141129.mat;S20_targets/S20_targets_T03_S06_r02_20261003_144246.mat
setpoint_hw,S20_targets/T03/S06,runs,2,S20_targets/S20_targets_T03_S06_r01_20261003_141129.mat;S20_targets/S20_targets_T03_S06_r02_20261003_144246.mat
setpoint_hw,S20_targets/T02/S07,d0_mm,383.48537386142203,S20_targets/S20_targets_T02_S07_r01_20261003_140823.mat;S20_targets/S20_targets_T02_S07_r02_20261003_144201.mat
setpoint_hw,S20_targets/T02/S07,final_mm_mean,16.01440860267011,S20_targets/S20_targets_T02_S07_r01_20261003_140823.mat;S20_targets/S20_targets_T02_S07_r02_20261003_144201.mat
setpoint_hw,S20_targets/T02/S07,closest_mm_mean,16.01440860267011,S20_targets/S20_targets_T02_S07_r01_20261003_140823.mat;S20_targets/S20_targets_T02_S07_r02_20261003_144201.mat
setpoint_hw,S20_targets/T02/S07,successes,2,S20_targets/S20_targets_T02_S07_r01_20261003_140823.mat;S20_targets/S20_targets_T02_S07_r02_20261003_144201.mat
setpoint_hw,S20_targets/T02/S07,runs,2,S20_targets/S20_targets_T02_S07_r01_20261003_140823.mat;S20_targets/S20_targets_T02_S07_r02_20261003_144201.mat
setpoint_hw,S20_targets/T06/S06,d0_mm,440.85824546870776,S20_targets/S20_targets_T06_S06_r01_20261003_141809.mat;S20_targets/S20_targets_T06_S06_r02_20261003_144631.mat
setpoint_hw,S20_targets/T06/S06,final_mm_mean,109.24373278968564,S20_targets/S20_targets_T06_S06_r01_20261003_141809.mat;S20_targets/S20_targets_T06_S06_r02_20261003_144631.mat
setpoint_hw,S20_targets/T06/S06,closest_mm_mean,53.216525006162755,S20_targets/S20_targets_T06_S06_r01_20261003_141809.mat;S20_targets/S20_targets_T06_S06_r02_20261003_144631.mat
setpoint_hw,S20_targets/T06/S06,successes,0,S20_targets/S20_targets_T06_S06_r01_20261003_141809.mat;S20_targets/S20_targets_T06_S06_r02_20261003_144631.mat
setpoint_hw,S20_targets/T06/S06,runs,2,S20_targets/S20_targets_T06_S06_r01_20261003_141809.mat;S20_targets/S20_targets_T06_S06_r02_20261003_144631.mat
setpoint_hw,S20_targets/E01/S00,d0_mm,443.1992470543277,S20_targets/S20_targets_E01_S00_r01_20261003_141958.mat;S20_targets/S20_targets_E01_S00_r02_20261003_144945.mat
setpoint_hw,S20_targets/E01/S00,final_mm_mean,67.19691237703384,S20_targets/S20_targets_E01_S00_r01_20261003_141958.mat;S20_targets/S20_targets_E01_S00_r02_20261003_144945.mat
setpoint_hw,S20_targets/E01/S00,closest_mm_mean,67.19691237703384,S20_targets/S20_targets_E01_S00_r01_20261003_141958.mat;S20_targets/S20_targets_E01_S00_r02_20261003_144945.mat
setpoint_hw,S20_targets/E01/S00,successes,0,S20_targets/S20_targets_E01_S00_r01_20261003_141958.mat;S20_targets/S20_targets_E01_S00_r02_20261003_144945.mat
setpoint_hw,S20_targets/E01/S00,runs,2,S20_targets/S20_targets_E01_S00_r01_20261003_141958.mat;S20_targets/S20_targets_E01_S00_r02_20261003_144945.mat
setpoint_hw,S20_targets/T06/S00,d0_mm,452.9639087289769,S20_targets/S20_targets_T06_S00_r01_20261003_141731.mat;S20_targets/S20_targets_T06_S00_r02_20261003_144707.mat
setpoint_hw,S20_targets/T06/S00,final_mm_mean,108.37972622009026,S20_targets/S20_targets_T06_S00_r01_20261003_141731.mat;S20_targets/S20_targets_T06_S00_r02_20261003_144707.mat
setpoint_hw,S20_targets/T06/S00,closest_mm_mean,95.52755083139547,S20_targets/S20_targets_T06_S00_r01_20261003_141731.mat;S20_targets/S20_targets_T06_S00_r02_20261003_144707.mat
setpoint_hw,S20_targets/T06/S00,successes,0,S20_targets/S20_targets_T06_S00_r01_20261003_141731.mat;S20_targets/S20_targets_T06_S00_r02_20261003_144707.mat
setpoint_hw,S20_targets/T06/S00,runs,2,S20_targets/S20_targets_T06_S00_r01_20261003_141731.mat;S20_targets/S20_targets_T06_S00_r02_20261003_144707.mat
setpoint_hw,S20_targets/E02/S00,d0_mm,454.4869712144871,S20_targets/S20_targets_E02_S00_r01_20261003_142336.mat;S20_targets/S20_targets_E02_S00_r02_20261003_145019.mat
setpoint_hw,S20_targets/E02/S00,final_mm_mean,84.6424729166347,S20_targets/S20_targets_E02_S00_r01_20261003_142336.mat;S20_targets/S20_targets_E02_S00_r02_20261003_145019.mat
setpoint_hw,S20_targets/E02/S00,closest_mm_mean,83.78349256864301,S20_targets/S20_targets_E02_S00_r01_20261003_142336.mat;S20_targets/S20_targets_E02_S00_r02_20261003_145019.mat
setpoint_hw,S20_targets/E02/S00,successes,0,S20_targets/S20_targets_E02_S00_r01_20261003_142336.mat;S20_targets/S20_targets_E02_S00_r02_20261003_145019.mat
setpoint_hw,S20_targets/E02/S00,runs,2,S20_targets/S20_targets_E02_S00_r01_20261003_142336.mat;S20_targets/S20_targets_E02_S00_r02_20261003_145019.mat
setpoint_hw,S20_targets/T03/S07,d0_mm,458.45304363288,S20_targets/S20_targets_T03_S07_r01_20261003_141102.mat;S20_targets/S20_targets_T03_S07_r02_20261003_144312.mat
setpoint_hw,S20_targets/T03/S07,final_mm_mean,16.0144234105526,S20_targets/S20_targets_T03_S07_r01_20261003_141102.mat;S20_targets/S20_targets_T03_S07_r02_20261003_144312.mat
setpoint_hw,S20_targets/T03/S07,closest_mm_mean,16.0144234105526,S20_targets/S20_targets_T03_S07_r01_20261003_141102.mat;S20_targets/S20_targets_T03_S07_r02_20261003_144312.mat
setpoint_hw,S20_targets/T03/S07,successes,2,S20_targets/S20_targets_T03_S07_r01_20261003_141102.mat;S20_targets/S20_targets_T03_S07_r02_20261003_144312.mat
setpoint_hw,S20_targets/T03/S07,runs,2,S20_targets/S20_targets_T03_S07_r01_20261003_141102.mat;S20_targets/S20_targets_T03_S07_r02_20261003_144312.mat
setpoint_hw,S20_targets/T02/S06,d0_mm,472.36396960467107,S20_targets/S20_targets_T02_S06_r01_20261003_140756.mat;S20_targets/S20_targets_T02_S06_r02_20261003_144219.mat
setpoint_hw,S20_targets/T02/S06,final_mm_mean,16.97351267520649,S20_targets/S20_targets_T02_S06_r01_20261003_140756.mat;S20_targets/S20_targets_T02_S06_r02_20261003_144219.mat
setpoint_hw,S20_targets/T02/S06,closest_mm_mean,16.97351267520649,S20_targets/S20_targets_T02_S06_r01_20261003_140756.mat;S20_targets/S20_targets_T02_S06_r02_20261003_144219.mat
setpoint_hw,S20_targets/T02/S06,successes,2,S20_targets/S20_targets_T02_S06_r01_20261003_140756.mat;S20_targets/S20_targets_T02_S06_r02_20261003_144219.mat
setpoint_hw,S20_targets/T02/S06,runs,2,S20_targets/S20_targets_T02_S06_r01_20261003_140756.mat;S20_targets/S20_targets_T02_S06_r02_20261003_144219.mat
setpoint_hw,S20_targets/T04/S06,d0_mm,520.3618031689304,S20_targets/S20_targets_T04_S06_r01_20261003_141250.mat;S20_targets/S20_targets_T04_S06_r02_20261003_144426.mat
setpoint_hw,S20_targets/T04/S06,final_mm_mean,130.62069630252157,S20_targets/S20_targets_T04_S06_r01_20261003_141250.mat;S20_targets/S20_targets_T04_S06_r02_20261003_144426.mat
setpoint_hw,S20_targets/T04/S06,closest_mm_mean,64.13024832712308,S20_targets/S20_targets_T04_S06_r01_20261003_141250.mat;S20_targets/S20_targets_T04_S06_r02_20261003_144426.mat
setpoint_hw,S20_targets/T04/S06,successes,0,S20_targets/S20_targets_T04_S06_r01_20261003_141250.mat;S20_targets/S20_targets_T04_S06_r02_20261003_144426.mat
setpoint_hw,S20_targets/T04/S06,runs,2,S20_targets/S20_targets_T04_S06_r01_20261003_141250.mat;S20_targets/S20_targets_T04_S06_r02_20261003_144426.mat
setpoint_hw,S20_targets/T05/S07,d0_mm,521.1752115390724,S20_targets/S20_targets_T05_S07_r01_20261003_141537.mat;S20_targets/S20_targets_T05_S07_r02_20261003_144537.mat
setpoint_hw,S20_targets/T05/S07,final_mm_mean,13.28292970239827,S20_targets/S20_targets_T05_S07_r01_20261003_141537.mat;S20_targets/S20_targets_T05_S07_r02_20261003_144537.mat
setpoint_hw,S20_targets/T05/S07,closest_mm_mean,13.28292970239827,S20_targets/S20_targets_T05_S07_r01_20261003_141537.mat;S20_targets/S20_targets_T05_S07_r02_20261003_144537.mat
setpoint_hw,S20_targets/T05/S07,successes,2,S20_targets/S20_targets_T05_S07_r01_20261003_141537.mat;S20_targets/S20_targets_T05_S07_r02_20261003_144537.mat
setpoint_hw,S20_targets/T05/S07,runs,2,S20_targets/S20_targets_T05_S07_r01_20261003_141537.mat;S20_targets/S20_targets_T05_S07_r02_20261003_144537.mat
setpoint_hw,S20_targets/E03/S07,d0_mm,583.4605332415897,S20_targets/S20_targets_E03_S07_r01_20261003_142423.mat;S20_targets/S20_targets_E03_S07_r02_20261003_145337.mat
setpoint_hw,S20_targets/E03/S07,final_mm_mean,104.08684032928058,S20_targets/S20_targets_E03_S07_r01_20261003_142423.mat;S20_targets/S20_targets_E03_S07_r02_20261003_145337.mat
setpoint_hw,S20_targets/E03/S07,closest_mm_mean,55.360898363767085,S20_targets/S20_targets_E03_S07_r01_20261003_142423.mat;S20_targets/S20_targets_E03_S07_r02_20261003_145337.mat
setpoint_hw,S20_targets/E03/S07,successes,0,S20_targets/S20_targets_E03_S07_r01_20261003_142423.mat;S20_targets/S20_targets_E03_S07_r02_20261003_145337.mat
setpoint_hw,S20_targets/E03/S07,runs,2,S20_targets/S20_targets_E03_S07_r01_20261003_142423.mat;S20_targets/S20_targets_E03_S07_r02_20261003_145337.mat
setpoint_hw,S20_targets/E03/S06,d0_mm,601.7444110544867,S20_targets/S20_targets_E03_S06_r01_20261003_142633.mat;S20_targets/S20_targets_E03_S06_r02_20261003_145224.mat
setpoint_hw,S20_targets/E03/S06,final_mm_mean,99.75042536012413,S20_targets/S20_targets_E03_S06_r01_20261003_142633.mat;S20_targets/S20_targets_E03_S06_r02_20261003_145224.mat
setpoint_hw,S20_targets/E03/S06,closest_mm_mean,53.00873906690616,S20_targets/S20_targets_E03_S06_r01_20261003_142633.mat;S20_targets/S20_targets_E03_S06_r02_20261003_145224.mat
setpoint_hw,S20_targets/E03/S06,successes,0,S20_targets/S20_targets_E03_S06_r01_20261003_142633.mat;S20_targets/S20_targets_E03_S06_r02_20261003_145224.mat
setpoint_hw,S20_targets/E03/S06,runs,2,S20_targets/S20_targets_E03_S06_r01_20261003_142633.mat;S20_targets/S20_targets_E03_S06_r02_20261003_145224.mat
setpoint_hw,S20_targets/T04/S07,d0_mm,605.922933103118,S20_targets/S20_targets_T04_S07_r01_20261003_141359.mat;S20_targets/S20_targets_T04_S07_r02_20261003_144348.mat
setpoint_hw,S20_targets/T04/S07,final_mm_mean,130.0697035733299,S20_targets/S20_targets_T04_S07_r01_20261003_141359.mat;S20_targets/S20_targets_T04_S07_r02_20261003_144348.mat
setpoint_hw,S20_targets/T04/S07,closest_mm_mean,76.9213820020611,S20_targets/S20_targets_T04_S07_r01_20261003_141359.mat;S20_targets/S20_targets_T04_S07_r02_20261003_144348.mat
setpoint_hw,S20_targets/T04/S07,successes,0,S20_targets/S20_targets_T04_S07_r01_20261003_141359.mat;S20_targets/S20_targets_T04_S07_r02_20261003_144348.mat
setpoint_hw,S20_targets/T04/S07,runs,2,S20_targets/S20_targets_T04_S07_r01_20261003_141359.mat;S20_targets/S20_targets_T04_S07_r02_20261003_144348.mat
setpoint_hw,S20_targets/T01/S07,d0_mm,641.6442365142651,S20_targets/S20_targets_T01_S07_r01_20261003_140735.mat;S20_targets/S20_targets_T01_S07_r02_20261003_143948.mat
setpoint_hw,S20_targets/T01/S07,final_mm_mean,28.796526668506672,S20_targets/S20_targets_T01_S07_r01_20261003_140735.mat;S20_targets/S20_targets_T01_S07_r02_20261003_143948.mat
setpoint_hw,S20_targets/T01/S07,closest_mm_mean,20.190986050994898,S20_targets/S20_targets_T01_S07_r01_20261003_140735.mat;S20_targets/S20_targets_T01_S07_r02_20261003_143948.mat
setpoint_hw,S20_targets/T01/S07,successes,2,S20_targets/S20_targets_T01_S07_r01_20261003_140735.mat;S20_targets/S20_targets_T01_S07_r02_20261003_143948.mat
setpoint_hw,S20_targets/T01/S07,runs,2,S20_targets/S20_targets_T01_S07_r01_20261003_140735.mat;S20_targets/S20_targets_T01_S07_r02_20261003_143948.mat
setpoint_hw,S20_targets/T06/S07,d0_mm,659.3323675721379,S20_targets/S20_targets_T06_S07_r01_20261003_141630.mat;S20_targets/S20_targets_T06_S07_r02_20261003_144746.mat
setpoint_hw,S20_targets/T06/S07,final_mm_mean,108.95952666704963,S20_targets/S20_targets_T06_S07_r01_20261003_141630.mat;S20_targets/S20_targets_T06_S07_r02_20261003_144746.mat
setpoint_hw,S20_targets/T06/S07,closest_mm_mean,75.08846047781067,S20_targets/S20_targets_T06_S07_r01_20261003_141630.mat;S20_targets/S20_targets_T06_S07_r02_20261003_144746.mat
setpoint_hw,S20_targets/T06/S07,successes,0,S20_targets/S20_targets_T06_S07_r01_20261003_141630.mat;S20_targets/S20_targets_T06_S07_r02_20261003_144746.mat
setpoint_hw,S20_targets/T06/S07,runs,2,S20_targets/S20_targets_T06_S07_r01_20261003_141630.mat;S20_targets/S20_targets_T06_S07_r02_20261003_144746.mat
setpoint_hw,S20_targets/E02/S06,d0_mm,708.7137173252668,S20_targets/S20_targets_E02_S06_r01_20261003_142201.mat;S20_targets/S20_targets_E02_S06_r02_20261003_145143.mat
setpoint_hw,S20_targets/E02/S06,final_mm_mean,130.1859489010716,S20_targets/S20_targets_E02_S06_r01_20261003_142201.mat;S20_targets/S20_targets_E02_S06_r02_20261003_145143.mat
setpoint_hw,S20_targets/E02/S06,closest_mm_mean,56.43333068655399,S20_targets/S20_targets_E02_S06_r01_20261003_142201.mat;S20_targets/S20_targets_E02_S06_r02_20261003_145143.mat
setpoint_hw,S20_targets/E02/S06,successes,0,S20_targets/S20_targets_E02_S06_r01_20261003_142201.mat;S20_targets/S20_targets_E02_S06_r02_20261003_145143.mat
setpoint_hw,S20_targets/E02/S06,runs,2,S20_targets/S20_targets_E02_S06_r01_20261003_142201.mat;S20_targets/S20_targets_E02_S06_r02_20261003_145143.mat
setpoint_hw,S20_targets/E01/S07,d0_mm,877.3509868125034,S20_targets/S20_targets_E01_S07_r01_20261003_142123.mat;S20_targets/S20_targets_E01_S07_r02_20261003_144832.mat
setpoint_hw,S20_targets/E01/S07,final_mm_mean,67.85123026226304,S20_targets/S20_targets_E01_S07_r01_20261003_142123.mat;S20_targets/S20_targets_E01_S07_r02_20261003_144832.mat
setpoint_hw,S20_targets/E01/S07,closest_mm_mean,67.85123026226304,S20_targets/S20_targets_E01_S07_r01_20261003_142123.mat;S20_targets/S20_targets_E01_S07_r02_20261003_144832.mat
setpoint_hw,S20_targets/E01/S07,successes,0,S20_targets/S20_targets_E01_S07_r01_20261003_142123.mat;S20_targets/S20_targets_E01_S07_r02_20261003_144832.mat
setpoint_hw,S20_targets/E01/S07,runs,2,S20_targets/S20_targets_E01_S07_r01_20261003_142123.mat;S20_targets/S20_targets_E01_S07_r02_20261003_144832.mat
setpoint_hw,S20_targets,success_rate_50mm,0.4444444444444444,S20_targets/S20_targets_E01_S00_r01_20261003_141958.mat;S20_targets/S20_targets_E01_S00_r02_20261003_144945.mat;S20_targets/S20_targets_E01_S06_r01_20261003_142035.mat;S20_targets/S20_targets_E01_S06_r02_20261003_144911.mat;S20_targets/S20_targets_E01_S07_r01_20261003_142123.mat;S20_targets/S20_targets_E01_S07_r02_20261003_144832.mat;S20_targets/S20_targets_E02_S00_r01_20261003_142336.mat;S20_targets/S20_targets_E02_S00_r02_20261003_145019.mat;S20_targets/S20_targets_E02_S06_r01_20261003_142201.mat;S20_targets/S20_targets_E02_S06_r02_20261003_145143.mat;S20_targets/S20_targets_E02_S07_r01_20261003_142248.mat;S20_targets/S20_targets_E02_S07_r02_20261003_145100.mat;S20_targets/S20_targets_E03_S00_r01_20261003_142553.mat;S20_targets/S20_targets_E03_S00_r02_20261003_145258.mat;S20_targets/S20_targets_E03_S06_r01_20261003_142633.mat;S20_targets/S20_targets_E03_S06_r02_20261003_145224.mat;S20_targets/S20_targets_E03_S07_r01_20261003_142423.mat;S20_targets/S20_targets_E03_S07_r02_20261003_145337.mat;S20_targets/S20_targets_T01_S00_r01_20261003_140554.mat;S20_targets/S20_targets_T01_S00_r02_20261003_144110.mat;S20_targets/S20_targets_T01_S06_r01_20261003_140647.mat;S20_targets/S20_targets_T01_S06_r02_20261003_144024.mat;S20_targets/S20_targets_T01_S07_r01_20261003_140735.mat;S20_targets/S20_targets_T01_S07_r02_20261003_143948.mat;S20_targets/S20_targets_T02_S00_r01_20261003_141037.mat;S20_targets/S20_targets_T02_S00_r02_20261003_144143.mat;S20_targets/S20_targets_T02_S06_r01_20261003_140756.mat;S20_targets/S20_targets_T02_S06_r02_20261003_144219.mat;S20_targets/S20_targets_T02_S07_r01_20261003_140823.mat;S20_targets/S20_targets_T02_S07_r02_20261003_144201.mat;S20_targets/S20_targets_T03_S00_r01_20261003_141112.mat;S20_targets/S20_targets_T03_S00_r02_20261003_144256.mat;S20_targets/S20_targets_T03_S06_r01_20261003_141129.mat;S20_targets/S20_targets_T03_S06_r02_20261003_144246.mat;S20_targets/S20_targets_T03_S07_r01_20261003_141102.mat;S20_targets/S20_targets_T03_S07_r02_20261003_144312.mat;S20_targets/S20_targets_T04_S00_r01_20261003_141206.mat;S20_targets/S20_targets_T04_S00_r02_20261003_144502.mat;S20_targets/S20_targets_T04_S06_r01_20261003_141250.mat;S20_targets/S20_targets_T04_S06_r02_20261003_144426.mat;S20_targets/S20_targets_T04_S07_r01_20261003_141359.mat;S20_targets/S20_targets_T04_S07_r02_20261003_144348.mat;S20_targets/S20_targets_T05_S00_r01_20261003_141555.mat;S20_targets/S20_targets_T05_S00_r02_20261003_144519.mat;S20_targets/S20_targets_T05_S06_r01_20261003_141519.mat;S20_targets/S20_targets_T05_S06_r02_20261003_144556.mat;S20_targets/S20_targets_T05_S07_r01_20261003_141537.mat;S20_targets/S20_targets_T05_S07_r02_20261003_144537.mat;S20_targets/S20_targets_T06_S00_r01_20261003_141731.mat;S20_targets/S20_targets_T06_S00_r02_20261003_144707.mat;S20_targets/S20_targets_T06_S06_r01_20261003_141809.mat;S20_targets/S20_targets_T06_S06_r02_20261003_144631.mat;S20_targets/S20_targets_T06_S07_r01_20261003_141630.mat;S20_targets/S20_targets_T06_S07_r02_20261003_144746.mat
text_VI,S20_targets,softlimit_runs,37,S20_targets/S20_targets_E01_S00_r01_20261003_141958.mat;S20_targets/S20_targets_E01_S00_r02_20261003_144945.mat;S20_targets/S20_targets_E01_S06_r01_20261003_142035.mat;S20_targets/S20_targets_E01_S06_r02_20261003_144911.mat;S20_targets/S20_targets_E01_S07_r01_20261003_142123.mat;S20_targets/S20_targets_E01_S07_r02_20261003_144832.mat;S20_targets/S20_targets_E02_S00_r01_20261003_142336.mat;S20_targets/S20_targets_E02_S00_r02_20261003_145019.mat;S20_targets/S20_targets_E02_S06_r01_20261003_142201.mat;S20_targets/S20_targets_E02_S06_r02_20261003_145143.mat;S20_targets/S20_targets_E02_S07_r01_20261003_142248.mat;S20_targets/S20_targets_E02_S07_r02_20261003_145100.mat;S20_targets/S20_targets_E03_S00_r01_20261003_142553.mat;S20_targets/S20_targets_E03_S00_r02_20261003_145258.mat;S20_targets/S20_targets_E03_S06_r01_20261003_142633.mat;S20_targets/S20_targets_E03_S06_r02_20261003_145224.mat;S20_targets/S20_targets_E03_S07_r01_20261003_142423.mat;S20_targets/S20_targets_E03_S07_r02_20261003_145337.mat;S20_targets/S20_targets_T01_S00_r01_20261003_140554.mat;S20_targets/S20_targets_T01_S00_r02_20261003_144110.mat;S20_targets/S20_targets_T01_S06_r01_20261003_140647.mat;S20_targets/S20_targets_T01_S07_r01_20261003_140735.mat;S20_targets/S20_targets_T01_S07_r02_20261003_143948.mat;S20_targets/S20_targets_T02_S00_r01_20261003_141037.mat;S20_targets/S20_targets_T02_S00_r02_20261003_144143.mat;S20_targets/S20_targets_T04_S00_r01_20261003_141206.mat;S20_targets/S20_targets_T04_S00_r02_20261003_144502.mat;S20_targets/S20_targets_T04_S06_r01_20261003_141250.mat;S20_targets/S20_targets_T04_S06_r02_20261003_144426.mat;S20_targets/S20_targets_T04_S07_r01_20261003_141359.mat;S20_targets/S20_targets_T04_S07_r02_20261003_144348.mat;S20_targets/S20_targets_T06_S00_r01_20261003_141731.mat;S20_targets/S20_targets_T06_S00_r02_20261003_144707.mat;S20_targets/S20_targets_T06_S06_r01_20261003_141809.mat;S20_targets/S20_targets_T06_S06_r02_20261003_144631.mat;S20_targets/S20_targets_T06_S07_r01_20261003_141630.mat;S20_targets/S20_targets_T06_S07_r02_20261003_144746.mat
text_VI,S20_targets,softlimit_frac_max,0.62,S20_targets/S20_targets_E01_S00_r01_20261003_141958.mat;S20_targets/S20_targets_E01_S00_r02_20261003_144945.mat;S20_targets/S20_targets_E01_S06_r01_20261003_142035.mat;S20_targets/S20_targets_E01_S06_r02_20261003_144911.mat;S20_targets/S20_targets_E01_S07_r01_20261003_142123.mat;S20_targets/S20_targets_E01_S07_r02_20261003_144832.mat;S20_targets/S20_targets_E02_S00_r01_20261003_142336.mat;S20_targets/S20_targets_E02_S00_r02_20261003_145019.mat;S20_targets/S20_targets_E02_S06_r01_20261003_142201.mat;S20_targets/S20_targets_E02_S06_r02_20261003_145143.mat;S20_targets/S20_targets_E02_S07_r01_20261003_142248.mat;S20_targets/S20_targets_E02_S07_r02_20261003_145100.mat;S20_targets/S20_targets_E03_S00_r01_20261003_142553.mat;S20_targets/S20_targets_E03_S00_r02_20261003_145258.mat;S20_targets/S20_targets_E03_S06_r01_20261003_142633.mat;S20_targets/S20_targets_E03_S06_r02_20261003_145224.mat;S20_targets/S20_targets_E03_S07_r01_20261003_142423.mat;S20_targets/S20_targets_E03_S07_r02_20261003_145337.mat;S20_targets/S20_targets_T01_S00_r01_20261003_140554.mat;S20_targets/S20_targets_T01_S00_r02_20261003_144110.mat;S20_targets/S20_targets_T01_S06_r01_20261003_140647.mat;S20_targets/S20_targets_T01_S07_r01_20261003_140735.mat;S20_targets/S20_targets_T01_S07_r02_20261003_143948.mat;S20_targets/S20_targets_T02_S00_r01_20261003_141037.mat;S20_targets/S20_targets_T02_S00_r02_20261003_144143.mat;S20_targets/S20_targets_T04_S00_r01_20261003_141206.mat;S20_targets/S20_targets_T04_S00_r02_20261003_144502.mat;S20_targets/S20_targets_T04_S06_r01_20261003_141250.mat;S20_targets/S20_targets_T04_S06_r02_20261003_144426.mat;S20_targets/S20_targets_T04_S07_r01_20261003_141359.mat;S20_targets/S20_targets_T04_S07_r02_20261003_144348.mat;S20_targets/S20_targets_T06_S00_r01_20261003_141731.mat;S20_targets/S20_targets_T06_S00_r02_20261003_144707.mat;S20_targets/S20_targets_T06_S06_r01_20261003_141809.mat;S20_targets/S20_targets_T06_S06_r02_20261003_144631.mat;S20_targets/S20_targets_T06_S07_r01_20261003_141630.mat;S20_targets/S20_targets_T06_S07_r02_20261003_144746.mat
setpoint_hw,S21_targets_all/T03/S00,d0_mm,57.286827144179966,S21_targets_all/S21_targets_all_T03_S00_r01_20261003_152809.mat
setpoint_hw,S21_targets_all/T03/S00,final_mm_mean,12.586719510714934,S21_targets_all/S21_targets_all_T03_S00_r01_20261003_152809.mat
setpoint_hw,S21_targets_all/T03/S00,closest_mm_mean,12.586719510714934,S21_targets_all/S21_targets_all_T03_S00_r01_20261003_152809.mat
setpoint_hw,S21_targets_all/T03/S00,successes,1,S21_targets_all/S21_targets_all_T03_S00_r01_20261003_152809.mat
setpoint_hw,S21_targets_all/T03/S00,runs,1,S21_targets_all/S21_targets_all_T03_S00_r01_20261003_152809.mat
setpoint_hw,S21_targets_all/T03/S01,d0_mm,63.39128814449673,S21_targets_all/S21_targets_all_T03_S01_r01_20261003_152823.mat
setpoint_hw,S21_targets_all/T03/S01,final_mm_mean,14.25612481802262,S21_targets_all/S21_targets_all_T03_S01_r01_20261003_152823.mat
setpoint_hw,S21_targets_all/T03/S01,closest_mm_mean,14.25612481802262,S21_targets_all/S21_targets_all_T03_S01_r01_20261003_152823.mat
setpoint_hw,S21_targets_all/T03/S01,successes,1,S21_targets_all/S21_targets_all_T03_S01_r01_20261003_152823.mat
setpoint_hw,S21_targets_all/T03/S01,runs,1,S21_targets_all/S21_targets_all_T03_S01_r01_20261003_152823.mat
setpoint_hw,S21_targets_all/T03/S03,d0_mm,110.34562686239266,S21_targets_all/S21_targets_all_T03_S03_r01_20261003_152905.mat
setpoint_hw,S21_targets_all/T03/S03,final_mm_mean,21.016481506945713,S21_targets_all/S21_targets_all_T03_S03_r01_20261003_152905.mat
setpoint_hw,S21_targets_all/T03/S03,closest_mm_mean,21.016481506945713,S21_targets_all/S21_targets_all_T03_S03_r01_20261003_152905.mat
setpoint_hw,S21_targets_all/T03/S03,successes,1,S21_targets_all/S21_targets_all_T03_S03_r01_20261003_152905.mat
setpoint_hw,S21_targets_all/T03/S03,runs,1,S21_targets_all/S21_targets_all_T03_S03_r01_20261003_152905.mat
setpoint_hw,S21_targets_all/T02/S02,d0_mm,123.76496764922304,S21_targets_all/S21_targets_all_T02_S02_r01_20261003_152754.mat
setpoint_hw,S21_targets_all/T02/S02,final_mm_mean,18.88059381830934,S21_targets_all/S21_targets_all_T02_S02_r01_20261003_152754.mat
setpoint_hw,S21_targets_all/T02/S02,closest_mm_mean,18.88059381830934,S21_targets_all/S21_targets_all_T02_S02_r01_20261003_152754.mat
setpoint_hw,S21_targets_all/T02/S02,successes,1,S21_targets_all/S21_targets_all_T02_S02_r01_20261003_152754.mat
setpoint_hw,S21_targets_all/T02/S02,runs,1,S21_targets_all/S21_targets_all_T02_S02_r01_20261003_152754.mat
setpoint_hw,S21_targets_all/T01/S04,d0_mm,149.24268265869728,S21_targets_all/S21_targets_all_T01_S04_r01_20261003_151420.mat
setpoint_hw,S21_targets_all/T01/S04,final_mm_mean,15.702621749506262,S21_targets_all/S21_targets_all_T01_S04_r01_20261003_151420.mat
setpoint_hw,S21_targets_all/T01/S04,closest_mm_mean,15.702621749506262,S21_targets_all/S21_targets_all_T01_S04_r01_20261003_151420.mat
setpoint_hw,S21_targets_all/T01/S04,successes,1,S21_targets_all/S21_targets_all_T01_S04_r01_20261003_151420.mat
setpoint_hw,S21_targets_all/T01/S04,runs,1,S21_targets_all/S21_targets_all_T01_S04_r01_20261003_151420.mat
setpoint_hw,S21_targets_all/T02/S03,d0_mm,165.55637943751375,S21_targets_all/S21_targets_all_T02_S03_r01_20261003_152732.mat
setpoint_hw,S21_targets_all/T02/S03,final_mm_mean,21.98215665500875,S21_targets_all/S21_targets_all_T02_S03_r01_20261003_152732.mat
setpoint_hw,S21_targets_all/T02/S03,closest_mm_mean,21.76700871468139,S21_targets_all/S21_targets_all_T02_S03_r01_20261003_152732.mat
setpoint_hw,S21_targets_all/T02/S03,successes,1,S21_targets_all/S21_targets_all_T02_S03_r01_20261003_152732.mat
setpoint_hw,S21_targets_all/T02/S03,runs,1,S21_targets_all/S21_targets_all_T02_S03_r01_20261003_152732.mat
setpoint_hw,S21_targets_all/T03/S04,d0_mm,171.52569272262835,S21_targets_all/S21_targets_all_T03_S04_r01_20261003_152940.mat
setpoint_hw,S21_targets_all/T03/S04,final_mm_mean,20.39873774609139,S21_targets_all/S21_targets_all_T03_S04_r01_20261003_152940.mat
setpoint_hw,S21_targets_all/T03/S04,closest_mm_mean,20.063537908897707,S21_targets_all/S21_targets_all_T03_S04_r01_20261003_152940.mat
setpoint_hw,S21_targets_all/T03/S04,successes,1,S21_targets_all/S21_targets_all_T03_S04_r01_20261003_152940.mat
setpoint_hw,S21_targets_all/T03/S04,runs,1,S21_targets_all/S21_targets_all_T03_S04_r01_20261003_152940.mat
setpoint_hw,S21_targets_all/T05/S02,d0_mm,178.3035434865505,S21_targets_all/S21_targets_all_T05_S02_r01_20261003_154830.mat
setpoint_hw,S21_targets_all/T05/S02,final_mm_mean,17.259677593569624,S21_targets_all/S21_targets_all_T05_S02_r01_20261003_154830.mat
setpoint_hw,S21_targets_all/T05/S02,closest_mm_mean,17.259677593569624,S21_targets_all/S21_targets_all_T05_S02_r01_20261003_154830.mat
setpoint_hw,S21_targets_all/T05/S02,successes,1,S21_targets_all/S21_targets_all_T05_S02_r01_20261003_154830.mat
setpoint_hw,S21_targets_all/T05/S02,runs,1,S21_targets_all/S21_targets_all_T05_S02_r01_20261003_154830.mat
setpoint_hw,S21_targets_all/T01/S01,d0_mm,187.59648544680007,S21_targets_all/S21_targets_all_T01_S01_r01_20261003_151455.mat
setpoint_hw,S21_targets_all/T01/S01,final_mm_mean,29.065243073364254,S21_targets_all/S21_targets_all_T01_S01_r01_20261003_151455.mat
setpoint_hw,S21_targets_all/T01/S01,closest_mm_mean,25.760197788691453,S21_targets_all/S21_targets_all_T01_S01_r01_20261003_151455.mat
setpoint_hw,S21_targets_all/T01/S01,successes,1,S21_targets_all/S21_targets_all_T01_S01_r01_20261003_151455.mat
setpoint_hw,S21_targets_all/T01/S01,runs,1,S21_targets_all/S21_targets_all_T01_S01_r01_20261003_151455.mat
setpoint_hw,S21_targets_all/T02/S01,d0_mm,190.52717520513875,S21_targets_all/S21_targets_all_T02_S01_r01_20261003_152657.mat
setpoint_hw,S21_targets_all/T02/S01,final_mm_mean,23.29402586574293,S21_targets_all/S21_targets_all_T02_S01_r01_20261003_152657.mat
setpoint_hw,S21_targets_all/T02/S01,closest_mm_mean,20.130789094367298,S21_targets_all/S21_targets_all_T02_S01_r01_20261003_152657.mat
setpoint_hw,S21_targets_all/T02/S01,successes,1,S21_targets_all/S21_targets_all_T02_S01_r01_20261003_152657.mat
setpoint_hw,S21_targets_all/T02/S01,runs,1,S21_targets_all/S21_targets_all_T02_S01_r01_20261003_152657.mat
setpoint_hw,S21_targets_all/T03/S02,d0_mm,193.12334344100165,S21_targets_all/S21_targets_all_T03_S02_r01_20261003_153000.mat
setpoint_hw,S21_targets_all/T03/S02,final_mm_mean,19.27303089912854,S21_targets_all/S21_targets_all_T03_S02_r01_20261003_153000.mat
setpoint_hw,S21_targets_all/T03/S02,closest_mm_mean,19.13642315829172,S21_targets_all/S21_targets_all_T03_S02_r01_20261003_153000.mat
setpoint_hw,S21_targets_all/T03/S02,successes,1,S21_targets_all/S21_targets_all_T03_S02_r01_20261003_153000.mat
setpoint_hw,S21_targets_all/T03/S02,runs,1,S21_targets_all/S21_targets_all_T03_S02_r01_20261003_153000.mat
setpoint_hw,S21_targets_all/T01/S02,d0_mm,224.78812081178518,S21_targets_all/S21_targets_all_T01_S02_r01_20261003_151525.mat
setpoint_hw,S21_targets_all/T01/S02,final_mm_mean,19.78984748064855,S21_targets_all/S21_targets_all_T01_S02_r01_20261003_151525.mat
setpoint_hw,S21_targets_all/T01/S02,closest_mm_mean,19.78984748064855,S21_targets_all/S21_targets_all_T01_S02_r01_20261003_151525.mat
setpoint_hw,S21_targets_all/T01/S02,successes,1,S21_targets_all/S21_targets_all_T01_S02_r01_20261003_151525.mat
setpoint_hw,S21_targets_all/T01/S02,runs,1,S21_targets_all/S21_targets_all_T01_S02_r01_20261003_151525.mat
setpoint_hw,S21_targets_all/T05/S01,d0_mm,230.3570376221043,S21_targets_all/S21_targets_all_T05_S01_r01_20261003_154811.mat
setpoint_hw,S21_targets_all/T05/S01,final_mm_mean,13.038835853682512,S21_targets_all/S21_targets_all_T05_S01_r01_20261003_154811.mat
setpoint_hw,S21_targets_all/T05/S01,closest_mm_mean,13.038835853682512,S21_targets_all/S21_targets_all_T05_S01_r01_20261003_154811.mat
setpoint_hw,S21_targets_all/T05/S01,successes,1,S21_targets_all/S21_targets_all_T05_S01_r01_20261003_154811.mat
setpoint_hw,S21_targets_all/T05/S01,runs,1,S21_targets_all/S21_targets_all_T05_S01_r01_20261003_154811.mat
setpoint_hw,S21_targets_all/T01/S06,d0_mm,230.5401631514129,S21_targets_all/S21_targets_all_T01_S06_r01_20261003_151600.mat
setpoint_hw,S21_targets_all/T01/S06,final_mm_mean,31.002198246506193,S21_targets_all/S21_targets_all_T01_S06_r01_20261003_151600.mat
setpoint_hw,S21_targets_all/T01/S06,closest_mm_mean,20.990405200150644,S21_targets_all/S21_targets_all_T01_S06_r01_20261003_151600.mat
setpoint_hw,S21_targets_all/T01/S06,successes,1,S21_targets_all/S21_targets_all_T01_S06_r01_20261003_151600.mat
setpoint_hw,S21_targets_all/T01/S06,runs,1,S21_targets_all/S21_targets_all_T01_S06_r01_20261003_151600.mat
setpoint_hw,S21_targets_all/T03/S05,d0_mm,243.4698307722289,S21_targets_all/S21_targets_all_T03_S05_r01_20261003_153017.mat
setpoint_hw,S21_targets_all/T03/S05,final_mm_mean,17.026175324949275,S21_targets_all/S21_targets_all_T03_S05_r01_20261003_153017.mat
setpoint_hw,S21_targets_all/T03/S05,closest_mm_mean,17.026175324949275,S21_targets_all/S21_targets_all_T03_S05_r01_20261003_153017.mat
setpoint_hw,S21_targets_all/T03/S05,successes,1,S21_targets_all/S21_targets_all_T03_S05_r01_20261003_153017.mat
setpoint_hw,S21_targets_all/T03/S05,runs,1,S21_targets_all/S21_targets_all_T03_S05_r01_20261003_153017.mat
setpoint_hw,S21_targets_all/T01/S00,d0_mm,249.17931255289426,S21_targets_all/S21_targets_all_T01_S00_r01_20261003_151634.mat
setpoint_hw,S21_targets_all/T01/S00,final_mm_mean,26.186797016655497,S21_targets_all/S21_targets_all_T01_S00_r01_20261003_151634.mat
setpoint_hw,S21_targets_all/T01/S00,closest_mm_mean,26.186797016655497,S21_targets_all/S21_targets_all_T01_S00_r01_20261003_151634.mat
setpoint_hw,S21_targets_all/T01/S00,successes,1,S21_targets_all/S21_targets_all_T01_S00_r01_20261003_151634.mat
setpoint_hw,S21_targets_all/T01/S00,runs,1,S21_targets_all/S21_targets_all_T01_S00_r01_20261003_151634.mat
setpoint_hw,S21_targets_all/T06/S02,d0_mm,256.1938574272186,S21_targets_all/S21_targets_all_T06_S02_r01_20261003_160818.mat
setpoint_hw,S21_targets_all/T06/S02,final_mm_mean,108.36007503766189,S21_targets_all/S21_targets_all_T06_S02_r01_20261003_160818.mat
setpoint_hw,S21_targets_all/T06/S02,closest_mm_mean,69.31003250831725,S21_targets_all/S21_targets_all_T06_S02_r01_20261003_160818.mat
setpoint_hw,S21_targets_all/T06/S02,successes,0,S21_targets_all/S21_targets_all_T06_S02_r01_20261003_160818.mat
setpoint_hw,S21_targets_all/T06/S02,runs,1,S21_targets_all/S21_targets_all_T06_S02_r01_20261003_160818.mat
setpoint_hw,S21_targets_all/T02/S00,d0_mm,256.70566929034686,S21_targets_all/S21_targets_all_T02_S00_r01_20261003_152621.mat
setpoint_hw,S21_targets_all/T02/S00,final_mm_mean,21.311153147783784,S21_targets_all/S21_targets_all_T02_S00_r01_20261003_152621.mat
setpoint_hw,S21_targets_all/T02/S00,closest_mm_mean,21.311153147783784,S21_targets_all/S21_targets_all_T02_S00_r01_20261003_152621.mat
setpoint_hw,S21_targets_all/T02/S00,successes,1,S21_targets_all/S21_targets_all_T02_S00_r01_20261003_152621.mat
setpoint_hw,S21_targets_all/T02/S00,runs,1,S21_targets_all/S21_targets_all_T02_S00_r01_20261003_152621.mat
setpoint_hw,S21_targets_all/T05/S06,d0_mm,292.4023599939919,S21_targets_all/S21_targets_all_T05_S06_r01_20261003_154753.mat
setpoint_hw,S21_targets_all/T05/S06,final_mm_mean,12.720028219339365,S21_targets_all/S21_targets_all_T05_S06_r01_20261003_154753.mat
setpoint_hw,S21_targets_all/T05/S06,closest_mm_mean,12.720028219339365,S21_targets_all/S21_targets_all_T05_S06_r01_20261003_154753.mat
setpoint_hw,S21_targets_all/T05/S06,successes,1,S21_targets_all/S21_targets_all_T05_S06_r01_20261003_154753.mat
setpoint_hw,S21_targets_all/T05/S06,runs,1,S21_targets_all/S21_targets_all_T05_S06_r01_20261003_154753.mat
setpoint_hw,S21_targets_all/T04/S03,d0_mm,292.74007994543666,S21_targets_all/S21_targets_all_T04_S03_r01_20261003_154904.mat
setpoint_hw,S21_targets_all/T04/S03,final_mm_mean,129.58947810069014,S21_targets_all/S21_targets_all_T04_S03_r01_20261003_154904.mat
setpoint_hw,S21_targets_all/T04/S03,closest_mm_mean,66.61318286377826,S21_targets_all/S21_targets_all_T04_S03_r01_20261003_154904.mat
setpoint_hw,S21_targets_all/T04/S03,successes,0,S21_targets_all/S21_targets_all_T04_S03_r01_20261003_154904.mat
setpoint_hw,S21_targets_all/T04/S03,runs,1,S21_targets_all/S21_targets_all_T04_S03_r01_20261003_154904.mat
setpoint_hw,S21_targets_all/T01/S03,d0_mm,302.30015426980214,S21_targets_all/S21_targets_all_T01_S03_r01_20261003_151651.mat
setpoint_hw,S21_targets_all/T01/S03,final_mm_mean,13.881210566833603,S21_targets_all/S21_targets_all_T01_S03_r01_20261003_151651.mat
setpoint_hw,S21_targets_all/T01/S03,closest_mm_mean,13.881210566833603,S21_targets_all/S21_targets_all_T01_S03_r01_20261003_151651.mat
setpoint_hw,S21_targets_all/T01/S03,successes,1,S21_targets_all/S21_targets_all_T01_S03_r01_20261003_151651.mat
setpoint_hw,S21_targets_all/T01/S03,runs,1,S21_targets_all/S21_targets_all_T01_S03_r01_20261003_151651.mat
setpoint_hw,S21_targets_all/T02/S05,d0_mm,304.34635646094904,S21_targets_all/S21_targets_all_T02_S05_r01_20261003_152548.mat
setpoint_hw,S21_targets_all/T02/S05,final_mm_mean,23.644825532213467,S21_targets_all/S21_targets_all_T02_S05_r01_20261003_152548.mat
setpoint_hw,S21_targets_all/T02/S05,closest_mm_mean,22.25654396560526,S21_targets_all/S21_targets_all_T02_S05_r01_20261003_152548.mat
setpoint_hw,S21_targets_all/T02/S05,successes,1,S21_targets_all/S21_targets_all_T02_S05_r01_20261003_152548.mat
setpoint_hw,S21_targets_all/T02/S05,runs,1,S21_targets_all/S21_targets_all_T02_S05_r01_20261003_152548.mat
setpoint_hw,S21_targets_all/T05/S00,d0_mm,304.67495126244864,S21_targets_all/S21_targets_all_T05_S00_r01_20261003_154723.mat
setpoint_hw,S21_targets_all/T05/S00,final_mm_mean,14.705532844615737,S21_targets_all/S21_targets_all_T05_S00_r01_20261003_154723.mat
setpoint_hw,S21_targets_all/T05/S00,closest_mm_mean,14.705532844615737,S21_targets_all/S21_targets_all_T05_S00_r01_20261003_154723.mat
setpoint_hw,S21_targets_all/T05/S00,successes,1,S21_targets_all/S21_targets_all_T05_S00_r01_20261003_154723.mat
setpoint_hw,S21_targets_all/T05/S00,runs,1,S21_targets_all/S21_targets_all_T05_S00_r01_20261003_154723.mat
setpoint_hw,S21_targets_all/T04/S04,d0_mm,305.8726310434856,S21_targets_all/S21_targets_all_T04_S04_r01_20261003_154941.mat
setpoint_hw,S21_targets_all/T04/S04,final_mm_mean,129.58704316311167,S21_targets_all/S21_targets_all_T04_S04_r01_20261003_154941.mat
setpoint_hw,S21_targets_all/T04/S04,closest_mm_mean,66.71023381219916,S21_targets_all/S21_targets_all_T04_S04_r01_20261003_154941.mat
setpoint_hw,S21_targets_all/T04/S04,successes,0,S21_targets_all/S21_targets_all_T04_S04_r01_20261003_154941.mat
setpoint_hw,S21_targets_all/T04/S04,runs,1,S21_targets_all/S21_targets_all_T04_S04_r01_20261003_154941.mat
setpoint_hw,S21_targets_all/T04/S01,d0_mm,313.73440226511366,S21_targets_all/S21_targets_all_T04_S01_r01_20261003_155019.mat
setpoint_hw,S21_targets_all/T04/S01,final_mm_mean,129.94223211811513,S21_targets_all/S21_targets_all_T04_S01_r01_20261003_155019.mat
setpoint_hw,S21_targets_all/T04/S01,closest_mm_mean,71.45145300169881,S21_targets_all/S21_targets_all_T04_S01_r01_20261003_155019.mat
setpoint_hw,S21_targets_all/T04/S01,successes,0,S21_targets_all/S21_targets_all_T04_S01_r01_20261003_155019.mat
setpoint_hw,S21_targets_all/T04/S01,runs,1,S21_targets_all/S21_targets_all_T04_S01_r01_20261003_155019.mat
setpoint_hw,S21_targets_all/T05/S03,d0_mm,336.3023280830088,S21_targets_all/S21_targets_all_T05_S03_r01_20261003_154707.mat
setpoint_hw,S21_targets_all/T05/S03,final_mm_mean,16.007311401364166,S21_targets_all/S21_targets_all_T05_S03_r01_20261003_154707.mat
setpoint_hw,S21_targets_all/T05/S03,closest_mm_mean,16.007311401364166,S21_targets_all/S21_targets_all_T05_S03_r01_20261003_154707.mat
setpoint_hw,S21_targets_all/T05/S03,successes,1,S21_targets_all/S21_targets_all_T05_S03_r01_20261003_154707.mat
setpoint_hw,S21_targets_all/T05/S03,runs,1,S21_targets_all/S21_targets_all_T05_S03_r01_20261003_154707.mat
setpoint_hw,S21_targets_all/T04/S02,d0_mm,337.71817743984747,S21_targets_all/S21_targets_all_T04_S02_r01_20261003_155056.mat
setpoint_hw,S21_targets_all/T04/S02,final_mm_mean,129.50082473544595,S21_targets_all/S21_targets_all_T04_S02_r01_20261003_155056.mat
setpoint_hw,S21_targets_all/T04/S02,closest_mm_mean,68.96381326042365,S21_targets_all/S21_targets_all_T04_S02_r01_20261003_155056.mat
setpoint_hw,S21_targets_all/T04/S02,successes,0,S21_targets_all/S21_targets_all_T04_S02_r01_20261003_155056.mat
setpoint_hw,S21_targets_all/T04/S02,runs,1,S21_targets_all/S21_targets_all_T04_S02_r01_20261003_155056.mat
setpoint_hw,S21_targets_all/T04/S00,d0_mm,339.35929080139476,S21_targets_all/S21_targets_all_T04_S00_r01_20261003_155131.mat
setpoint_hw,S21_targets_all/T04/S00,final_mm_mean,129.54602763728715,S21_targets_all/S21_targets_all_T04_S00_r01_20261003_155131.mat
setpoint_hw,S21_targets_all/T04/S00,closest_mm_mean,81.94804501059893,S21_targets_all/S21_targets_all_T04_S00_r01_20261003_155131.mat
setpoint_hw,S21_targets_all/T04/S00,successes,0,S21_targets_all/S21_targets_all_T04_S00_r01_20261003_155131.mat
setpoint_hw,S21_targets_all/T04/S00,runs,1,S21_targets_all/S21_targets_all_T04_S00_r01_20261003_155131.mat
setpoint_hw,S21_targets_all/T02/S04,d0_mm,350.1249323304413,S21_targets_all/S21_targets_all_T02_S04_r01_20261003_152512.mat
setpoint_hw,S21_targets_all/T02/S04,final_mm_mean,19.540863947996954,S21_targets_all/S21_targets_all_T02_S04_r01_20261003_152512.mat
setpoint_hw,S21_targets_all/T02/S04,closest_mm_mean,19.540863947996954,S21_targets_all/S21_targets_all_T02_S04_r01_20261003_152512.mat
setpoint_hw,S21_targets_all/T02/S04,successes,1,S21_targets_all/S21_targets_all_T02_S04_r01_20261003_152512.mat
setpoint_hw,S21_targets_all/T02/S04,runs,1,S21_targets_all/S21_targets_all_T02_S04_r01_20261003_152512.mat
setpoint_hw,S21_targets_all/T03/S06,d0_mm,358.33883459132045,S21_targets_all/S21_targets_all_T03_S06_r01_20261003_153053.mat
setpoint_hw,S21_targets_all/T03/S06,final_mm_mean,22.508092047829965,S21_targets_all/S21_targets_all_T03_S06_r01_20261003_153053.mat
setpoint_hw,S21_targets_all/T03/S06,closest_mm_mean,19.837260428174943,S21_targets_all/S21_targets_all_T03_S06_r01_20261003_153053.mat
setpoint_hw,S21_targets_all/T03/S06,successes,1,S21_targets_all/S21_targets_all_T03_S06_r01_20261003_153053.mat
setpoint_hw,S21_targets_all/T03/S06,runs,1,S21_targets_all/S21_targets_all_T03_S06_r01_20261003_153053.mat
setpoint_hw,S21_targets_all/T06/S01,d0_mm,358.64644471186284,S21_targets_all/S21_targets_all_T06_S01_r01_20261003_160740.mat
setpoint_hw,S21_targets_all/T06/S01,final_mm_mean,108.64408488968334,S21_targets_all/S21_targets_all_T06_S01_r01_20261003_160740.mat
setpoint_hw,S21_targets_all/T06/S01,closest_mm_mean,82.11600737238753,S21_targets_all/S21_targets_all_T06_S01_r01_20261003_160740.mat
setpoint_hw,S21_targets_all/T06/S01,successes,0,S21_targets_all/S21_targets_all_T06_S01_r01_20261003_160740.mat
setpoint_hw,S21_targets_all/T06/S01,runs,1,S21_targets_all/S21_targets_all_T06_S01_r01_20261003_160740.mat
setpoint_hw,S21_targets_all/T05/S04,d0_mm,362.3562656777075,S21_targets_all/S21_targets_all_T05_S04_r01_20261003_153952.mat
setpoint_hw,S21_targets_all/T05/S04,final_mm_mean,15.988226798100282,S21_targets_all/S21_targets_all_T05_S04_r01_20261003_153952.mat
setpoint_hw,S21_targets_all/T05/S04,closest_mm_mean,15.988226798100282,S21_targets_all/S21_targets_all_T05_S04_r01_20261003_153952.mat
setpoint_hw,S21_targets_all/T05/S04,successes,1,S21_targets_all/S21_targets_all_T05_S04_r01_20261003_153952.mat
setpoint_hw,S21_targets_all/T05/S04,runs,1,S21_targets_all/S21_targets_all_T05_S04_r01_20261003_153952.mat
setpoint_hw,S21_targets_all/T01/S08,d0_mm,374.4837287876944,S21_targets_all/S21_targets_all_T01_S08_r01_20261003_151716.mat
setpoint_hw,S21_targets_all/T01/S08,final_mm_mean,17.91380723855436,S21_targets_all/S21_targets_all_T01_S08_r01_20261003_151716.mat
setpoint_hw,S21_targets_all/T01/S08,closest_mm_mean,17.91380723855436,S21_targets_all/S21_targets_all_T01_S08_r01_20261003_151716.mat
setpoint_hw,S21_targets_all/T01/S08,successes,1,S21_targets_all/S21_targets_all_T01_S08_r01_20261003_151716.mat
setpoint_hw,S21_targets_all/T01/S08,runs,1,S21_targets_all/S21_targets_all_T01_S08_r01_20261003_151716.mat
setpoint_hw,S21_targets_all/T02/S07,d0_mm,383.4859171336963,S21_targets_all/S21_targets_all_T02_S07_r01_20261003_152443.mat
setpoint_hw,S21_targets_all/T02/S07,final_mm_mean,15.206654451024674,S21_targets_all/S21_targets_all_T02_S07_r01_20261003_152443.mat
setpoint_hw,S21_targets_all/T02/S07,closest_mm_mean,15.206654451024674,S21_targets_all/S21_targets_all_T02_S07_r01_20261003_152443.mat
setpoint_hw,S21_targets_all/T02/S07,successes,1,S21_targets_all/S21_targets_all_T02_S07_r01_20261003_152443.mat
setpoint_hw,S21_targets_all/T02/S07,runs,1,S21_targets_all/S21_targets_all_T02_S07_r01_20261003_152443.mat
setpoint_hw,S21_targets_all/T04/S05,d0_mm,386.1770006452089,S21_targets_all/S21_targets_all_T04_S05_r01_20261003_155208.mat
setpoint_hw,S21_targets_all/T04/S05,final_mm_mean,130.0293304425406,S21_targets_all/S21_targets_all_T04_S05_r01_20261003_155208.mat
setpoint_hw,S21_targets_all/T04/S05,closest_mm_mean,80.3414244325787,S21_targets_all/S21_targets_all_T04_S05_r01_20261003_155208.mat
setpoint_hw,S21_targets_all/T04/S05,successes,0,S21_targets_all/S21_targets_all_T04_S05_r01_20261003_155208.mat
setpoint_hw,S21_targets_all/T04/S05,runs,1,S21_targets_all/S21_targets_all_T04_S05_r01_20261003_155208.mat
setpoint_hw,S21_targets_all/T03/S08,d0_mm,411.4141832227993,S21_targets_all/S21_targets_all_T03_S08_r01_20261003_153114.mat
setpoint_hw,S21_targets_all/T03/S08,final_mm_mean,14.702078069705461,S21_targets_all/S21_targets_all_T03_S08_r01_20261003_153114.mat
setpoint_hw,S21_targets_all/T03/S08,closest_mm_mean,14.702078069705461,S21_targets_all/S21_targets_all_T03_S08_r01_20261003_153114.mat
setpoint_hw,S21_targets_all/T03/S08,successes,1,S21_targets_all/S21_targets_all_T03_S08_r01_20261003_153114.mat
setpoint_hw,S21_targets_all/T03/S08,runs,1,S21_targets_all/S21_targets_all_T03_S08_r01_20261003_153114.mat
setpoint_hw,S21_targets_all/T06/S03,d0_mm,422.020555398693,S21_targets_all/S21_targets_all_T06_S03_r01_20261003_160704.mat
setpoint_hw,S21_targets_all/T06/S03,final_mm_mean,108.2834268296726,S21_targets_all/S21_targets_all_T06_S03_r01_20261003_160704.mat
setpoint_hw,S21_targets_all/T06/S03,closest_mm_mean,72.94169669220817,S21_targets_all/S21_targets_all_T06_S03_r01_20261003_160704.mat
setpoint_hw,S21_targets_all/T06/S03,successes,0,S21_targets_all/S21_targets_all_T06_S03_r01_20261003_160704.mat
setpoint_hw,S21_targets_all/T06/S03,runs,1,S21_targets_all/S21_targets_all_T06_S03_r01_20261003_160704.mat
setpoint_hw,S21_targets_all/T06/S04,d0_mm,429.082929129787,S21_targets_all/S21_targets_all_T06_S04_r01_20261003_160616.mat
setpoint_hw,S21_targets_all/T06/S04,final_mm_mean,108.36464233852939,S21_targets_all/S21_targets_all_T06_S04_r01_20261003_160616.mat
setpoint_hw,S21_targets_all/T06/S04,closest_mm_mean,71.50708136029374,S21_targets_all/S21_targets_all_T06_S04_r01_20261003_160616.mat
setpoint_hw,S21_targets_all/T06/S04,successes,0,S21_targets_all/S21_targets_all_T06_S04_r01_20261003_160616.mat
setpoint_hw,S21_targets_all/T06/S04,runs,1,S21_targets_all/S21_targets_all_T06_S04_r01_20261003_160616.mat
setpoint_hw,S21_targets_all/T06/S06,d0_mm,440.85987428664106,S21_targets_all/S21_targets_all_T06_S06_r01_20261003_160537.mat
setpoint_hw,S21_targets_all/T06/S06,final_mm_mean,109.36785404305179,S21_targets_all/S21_targets_all_T06_S06_r01_20261003_160537.mat
setpoint_hw,S21_targets_all/T06/S06,closest_mm_mean,54.26640240213264,S21_targets_all/S21_targets_all_T06_S06_r01_20261003_160537.mat
setpoint_hw,S21_targets_all/T06/S06,successes,0,S21_targets_all/S21_targets_all_T06_S06_r01_20261003_160537.mat
setpoint_hw,S21_targets_all/T06/S06,runs,1,S21_targets_all/S21_targets_all_T06_S06_r01_20261003_160537.mat
setpoint_hw,S21_targets_all/T01/S05,d0_mm,449.1184436951999,S21_targets_all/S21_targets_all_T01_S05_r01_20261003_151752.mat
setpoint_hw,S21_targets_all/T01/S05,final_mm_mean,28.447314844563227,S21_targets_all/S21_targets_all_T01_S05_r01_20261003_151752.mat
setpoint_hw,S21_targets_all/T01/S05,closest_mm_mean,25.65931312045419,S21_targets_all/S21_targets_all_T01_S05_r01_20261003_151752.mat
setpoint_hw,S21_targets_all/T01/S05,successes,1,S21_targets_all/S21_targets_all_T01_S05_r01_20261003_151752.mat
setpoint_hw,S21_targets_all/T01/S05,runs,1,S21_targets_all/S21_targets_all_T01_S05_r01_20261003_151752.mat
setpoint_hw,S21_targets_all/T06/S00,d0_mm,452.96339265463536,S21_targets_all/S21_targets_all_T06_S00_r01_20261003_160500.mat
setpoint_hw,S21_targets_all/T06/S00,final_mm_mean,108.42035893424325,S21_targets_all/S21_targets_all_T06_S00_r01_20261003_160500.mat
setpoint_hw,S21_targets_all/T06/S00,closest_mm_mean,95.29576676198256,S21_targets_all/S21_targets_all_T06_S00_r01_20261003_160500.mat
setpoint_hw,S21_targets_all/T06/S00,successes,0,S21_targets_all/S21_targets_all_T06_S00_r01_20261003_160500.mat
setpoint_hw,S21_targets_all/T06/S00,runs,1,S21_targets_all/S21_targets_all_T06_S00_r01_20261003_160500.mat
setpoint_hw,S21_targets_all/T03/S07,d0_mm,458.45486758061134,S21_targets_all/S21_targets_all_T03_S07_r01_20261003_153132.mat
setpoint_hw,S21_targets_all/T03/S07,final_mm_mean,16.81508868521008,S21_targets_all/S21_targets_all_T03_S07_r01_20261003_153132.mat
setpoint_hw,S21_targets_all/T03/S07,closest_mm_mean,16.790283096240863,S21_targets_all/S21_targets_all_T03_S07_r01_20261003_153132.mat
setpoint_hw,S21_targets_all/T03/S07,successes,1,S21_targets_all/S21_targets_all_T03_S07_r01_20261003_153132.mat
setpoint_hw,S21_targets_all/T03/S07,runs,1,S21_targets_all/S21_targets_all_T03_S07_r01_20261003_153132.mat
setpoint_hw,S21_targets_all/T02/S06,d0_mm,472.3632299856305,S21_targets_all/S21_targets_all_T02_S06_r01_20261003_152427.mat
setpoint_hw,S21_targets_all/T02/S06,final_mm_mean,16.97692106044538,S21_targets_all/S21_targets_all_T02_S06_r01_20261003_152427.mat
setpoint_hw,S21_targets_all/T02/S06,closest_mm_mean,16.97692106044538,S21_targets_all/S21_targets_all_T02_S06_r01_20261003_152427.mat
setpoint_hw,S21_targets_all/T02/S06,successes,1,S21_targets_all/S21_targets_all_T02_S06_r01_20261003_152427.mat
setpoint_hw,S21_targets_all/T02/S06,runs,1,S21_targets_all/S21_targets_all_T02_S06_r01_20261003_152427.mat
setpoint_hw,S21_targets_all/T05/S05,d0_mm,474.5552981042873,S21_targets_all/S21_targets_all_T05_S05_r01_20261003_153934.mat
setpoint_hw,S21_targets_all/T05/S05,final_mm_mean,12.167230731865526,S21_targets_all/S21_targets_all_T05_S05_r01_20261003_153934.mat
setpoint_hw,S21_targets_all/T05/S05,closest_mm_mean,12.167230731865526,S21_targets_all/S21_targets_all_T05_S05_r01_20261003_153934.mat
setpoint_hw,S21_targets_all/T05/S05,successes,1,S21_targets_all/S21_targets_all_T05_S05_r01_20261003_153934.mat
setpoint_hw,S21_targets_all/T05/S05,runs,1,S21_targets_all/S21_targets_all_T05_S05_r01_20261003_153934.mat
setpoint_hw,S21_targets_all/T05/S08,d0_mm,488.973470385177,S21_targets_all/S21_targets_all_T05_S08_r01_20261003_153914.mat
setpoint_hw,S21_targets_all/T05/S08,final_mm_mean,19.743185535582782,S21_targets_all/S21_targets_all_T05_S08_r01_20261003_153914.mat
setpoint_hw,S21_targets_all/T05/S08,closest_mm_mean,19.73696143424151,S21_targets_all/S21_targets_all_T05_S08_r01_20261003_153914.mat
setpoint_hw,S21_targets_all/T05/S08,successes,1,S21_targets_all/S21_targets_all_T05_S08_r01_20261003_153914.mat
setpoint_hw,S21_targets_all/T05/S08,runs,1,S21_targets_all/S21_targets_all_T05_S08_r01_20261003_153914.mat
setpoint_hw,S21_targets_all/T04/S06,d0_mm,520.361753302656,S21_targets_all/S21_targets_all_T04_S06_r01_20261003_155245.mat
setpoint_hw,S21_targets_all/T04/S06,final_mm_mean,130.54370834619783,S21_targets_all/S21_targets_all_T04_S06_r01_20261003_155245.mat
setpoint_hw,S21_targets_all/T04/S06,closest_mm_mean,63.623693770345064,S21_targets_all/S21_targets_all_T04_S06_r01_20261003_155245.mat
setpoint_hw,S21_targets_all/T04/S06,successes,0,S21_targets_all/S21_targets_all_T04_S06_r01_20261003_155245.mat
setpoint_hw,S21_targets_all/T04/S06,runs,1,S21_targets_all/S21_targets_all_T04_S06_r01_20261003_155245.mat
setpoint_hw,S21_targets_all/T05/S07,d0_mm,521.1766993107578,S21_targets_all/S21_targets_all_T05_S07_r01_20261003_153842.mat
setpoint_hw,S21_targets_all/T05/S07,final_mm_mean,13.891064398341939,S21_targets_all/S21_targets_all_T05_S07_r01_20261003_153842.mat
setpoint_hw,S21_targets_all/T05/S07,closest_mm_mean,13.891064398341939,S21_targets_all/S21_targets_all_T05_S07_r01_20261003_153842.mat
setpoint_hw,S21_targets_all/T05/S07,successes,1,S21_targets_all/S21_targets_all_T05_S07_r01_20261003_153842.mat
setpoint_hw,S21_targets_all/T05/S07,runs,1,S21_targets_all/S21_targets_all_T05_S07_r01_20261003_153842.mat
setpoint_hw,S21_targets_all/T02/S10,d0_mm,577.5353578990065,S21_targets_all/S21_targets_all_T02_S10_r01_20261003_152407.mat
setpoint_hw,S21_targets_all/T02/S10,final_mm_mean,4.929568635367509,S21_targets_all/S21_targets_all_T02_S10_r01_20261003_152407.mat
setpoint_hw,S21_targets_all/T02/S10,closest_mm_mean,4.929568635367509,S21_targets_all/S21_targets_all_T02_S10_r01_20261003_152407.mat
setpoint_hw,S21_targets_all/T02/S10,successes,1,S21_targets_all/S21_targets_all_T02_S10_r01_20261003_152407.mat
setpoint_hw,S21_targets_all/T02/S10,runs,1,S21_targets_all/S21_targets_all_T02_S10_r01_20261003_152407.mat
setpoint_hw,S21_targets_all/T06/S05,d0_mm,577.6242712872236,S21_targets_all/S21_targets_all_T06_S05_r01_20261003_160422.mat
setpoint_hw,S21_targets_all/T06/S05,final_mm_mean,108.68819489361728,S21_targets_all/S21_targets_all_T06_S05_r01_20261003_160422.mat
setpoint_hw,S21_targets_all/T06/S05,closest_mm_mean,83.74075259834845,S21_targets_all/S21_targets_all_T06_S05_r01_20261003_160422.mat
setpoint_hw,S21_targets_all/T06/S05,successes,0,S21_targets_all/S21_targets_all_T06_S05_r01_20261003_160422.mat
setpoint_hw,S21_targets_all/T06/S05,runs,1,S21_targets_all/S21_targets_all_T06_S05_r01_20261003_160422.mat
setpoint_hw,S21_targets_all/T04/S08,d0_mm,588.8440172000234,S21_targets_all/S21_targets_all_T04_S08_r01_20261003_155322.mat
setpoint_hw,S21_targets_all/T04/S08,final_mm_mean,128.72008388186285,S21_targets_all/S21_targets_all_T04_S08_r01_20261003_155322.mat
setpoint_hw,S21_targets_all/T04/S08,closest_mm_mean,109.40965965191137,S21_targets_all/S21_targets_all_T04_S08_r01_20261003_155322.mat
setpoint_hw,S21_targets_all/T04/S08,successes,0,S21_targets_all/S21_targets_all_T04_S08_r01_20261003_155322.mat
setpoint_hw,S21_targets_all/T04/S08,runs,1,S21_targets_all/S21_targets_all_T04_S08_r01_20261003_155322.mat
setpoint_hw,S21_targets_all/T01/S09,d0_mm,597.622277346982,S21_targets_all/S21_targets_all_T01_S09_r01_20261003_151815.mat
setpoint_hw,S21_targets_all/T01/S09,final_mm_mean,16.817995543908392,S21_targets_all/S21_targets_all_T01_S09_r01_20261003_151815.mat
setpoint_hw,S21_targets_all/T01/S09,closest_mm_mean,16.817995543908392,S21_targets_all/S21_targets_all_T01_S09_r01_20261003_151815.mat
setpoint_hw,S21_targets_all/T01/S09,successes,1,S21_targets_all/S21_targets_all_T01_S09_r01_20261003_151815.mat
setpoint_hw,S21_targets_all/T01/S09,runs,1,S21_targets_all/S21_targets_all_T01_S09_r01_20261003_151815.mat
setpoint_hw,S21_targets_all/T03/S09,d0_mm,603.3952782373871,S21_targets_all/S21_targets_all_T03_S09_r01_20261003_153153.mat
setpoint_hw,S21_targets_all/T03/S09,final_mm_mean,16.59233981788528,S21_targets_all/S21_targets_all_T03_S09_r01_20261003_153153.mat
setpoint_hw,S21_targets_all/T03/S09,closest_mm_mean,16.59233981788528,S21_targets_all/S21_targets_all_T03_S09_r01_20261003_153153.mat
setpoint_hw,S21_targets_all/T03/S09,successes,1,S21_targets_all/S21_targets_all_T03_S09_r01_20261003_153153.mat
setpoint_hw,S21_targets_all/T03/S09,runs,1,S21_targets_all/S21_targets_all_T03_S09_r01_20261003_153153.mat
setpoint_hw,S21_targets_all/T02/S08,d0_mm,604.6437756905137,S21_targets_all/S21_targets_all_T02_S08_r01_20261003_152350.mat
setpoint_hw,S21_targets_all/T02/S08,final_mm_mean,14.266658557396683,S21_targets_all/S21_targets_all_T02_S08_r01_20261003_152350.mat
setpoint_hw,S21_targets_all/T02/S08,closest_mm_mean,14.266658557396683,S21_targets_all/S21_targets_all_T02_S08_r01_20261003_152350.mat
setpoint_hw,S21_targets_all/T02/S08,successes,1,S21_targets_all/S21_targets_all_T02_S08_r01_20261003_152350.mat
setpoint_hw,S21_targets_all/T02/S08,runs,1,S21_targets_all/S21_targets_all_T02_S08_r01_20261003_152350.mat
setpoint_hw,S21_targets_all/T04/S07,d0_mm,605.9251644034609,S21_targets_all/S21_targets_all_T04_S07_r01_20261003_155400.mat
setpoint_hw,S21_targets_all/T04/S07,final_mm_mean,130.02386021274464,S21_targets_all/S21_targets_all_T04_S07_r01_20261003_155400.mat
setpoint_hw,S21_targets_all/T04/S07,closest_mm_mean,76.53506479935103,S21_targets_all/S21_targets_all_T04_S07_r01_20261003_155400.mat
setpoint_hw,S21_targets_all/T04/S07,successes,0,S21_targets_all/S21_targets_all_T04_S07_r01_20261003_155400.mat
setpoint_hw,S21_targets_all/T04/S07,runs,1,S21_targets_all/S21_targets_all_T04_S07_r01_20261003_155400.mat
setpoint_hw,S21_targets_all/T05/S10,d0_mm,613.9244649128042,S21_targets_all/S21_targets_all_T05_S10_r01_20261003_153811.mat
setpoint_hw,S21_targets_all/T05/S10,final_mm_mean,12.437476582536366,S21_targets_all/S21_targets_all_T05_S10_r01_20261003_153811.mat
setpoint_hw,S21_targets_all/T05/S10,closest_mm_mean,12.437476582536366,S21_targets_all/S21_targets_all_T05_S10_r01_20261003_153811.mat
setpoint_hw,S21_targets_all/T05/S10,successes,1,S21_targets_all/S21_targets_all_T05_S10_r01_20261003_153811.mat
setpoint_hw,S21_targets_all/T05/S10,runs,1,S21_targets_all/S21_targets_all_T05_S10_r01_20261003_153811.mat
setpoint_hw,S21_targets_all/T05/S09,d0_mm,620.0566052123548,S21_targets_all/S21_targets_all_T05_S09_r01_20261003_153718.mat
setpoint_hw,S21_targets_all/T05/S09,final_mm_mean,19.14309077080869,S21_targets_all/S21_targets_all_T05_S09_r01_20261003_153718.mat
setpoint_hw,S21_targets_all/T05/S09,closest_mm_mean,19.14309077080869,S21_targets_all/S21_targets_all_T05_S09_r01_20261003_153718.mat
setpoint_hw,S21_targets_all/T05/S09,successes,1,S21_targets_all/S21_targets_all_T05_S09_r01_20261003_153718.mat
setpoint_hw,S21_targets_all/T05/S09,runs,1,S21_targets_all/S21_targets_all_T05_S09_r01_20261003_153718.mat
setpoint_hw,S21_targets_all/T03/S10,d0_mm,624.4652967097662,S21_targets_all/S21_targets_all_T03_S10_r01_20261003_153209.mat
setpoint_hw,S21_targets_all/T03/S10,final_mm_mean,10.786557542849241,S21_targets_all/S21_targets_all_T03_S10_r01_20261003_153209.mat
setpoint_hw,S21_targets_all/T03/S10,closest_mm_mean,10.786557542849241,S21_targets_all/S21_targets_all_T03_S10_r01_20261003_153209.mat
setpoint_hw,S21_targets_all/T03/S10,successes,1,S21_targets_all/S21_targets_all_T03_S10_r01_20261003_153209.mat
setpoint_hw,S21_targets_all/T03/S10,runs,1,S21_targets_all/S21_targets_all_T03_S10_r01_20261003_153209.mat
setpoint_hw,S21_targets_all/T01/S07,d0_mm,641.6441085529439,S21_targets_all/S21_targets_all_T01_S07_r01_20261003_151850.mat
setpoint_hw,S21_targets_all/T01/S07,final_mm_mean,28.569130915253275,S21_targets_all/S21_targets_all_T01_S07_r01_20261003_151850.mat
setpoint_hw,S21_targets_all/T01/S07,closest_mm_mean,19.338730711858506,S21_targets_all/S21_targets_all_T01_S07_r01_20261003_151850.mat
setpoint_hw,S21_targets_all/T01/S07,successes,1,S21_targets_all/S21_targets_all_T01_S07_r01_20261003_151850.mat
setpoint_hw,S21_targets_all/T01/S07,runs,1,S21_targets_all/S21_targets_all_T01_S07_r01_20261003_151850.mat
setpoint_hw,S21_targets_all/T06/S08,d0_mm,657.5232739603924,S21_targets_all/S21_targets_all_T06_S08_r01_20261003_160345.mat
setpoint_hw,S21_targets_all/T06/S08,final_mm_mean,108.13767632368089,S21_targets_all/S21_targets_all_T06_S08_r01_20261003_160345.mat
setpoint_hw,S21_targets_all/T06/S08,closest_mm_mean,105.70182650805016,S21_targets_all/S21_targets_all_T06_S08_r01_20261003_160345.mat
setpoint_hw,S21_targets_all/T06/S08,successes,0,S21_targets_all/S21_targets_all_T06_S08_r01_20261003_160345.mat
setpoint_hw,S21_targets_all/T06/S08,runs,1,S21_targets_all/S21_targets_all_T06_S08_r01_20261003_160345.mat
setpoint_hw,S21_targets_all/T06/S07,d0_mm,659.3395676074366,S21_targets_all/S21_targets_all_T06_S07_r01_20261003_160309.mat
setpoint_hw,S21_targets_all/T06/S07,final_mm_mean,108.97489082008084,S21_targets_all/S21_targets_all_T06_S07_r01_20261003_160309.mat
setpoint_hw,S21_targets_all/T06/S07,closest_mm_mean,73.72366309625086,S21_targets_all/S21_targets_all_T06_S07_r01_20261003_160309.mat
setpoint_hw,S21_targets_all/T06/S07,successes,0,S21_targets_all/S21_targets_all_T06_S07_r01_20261003_160309.mat
setpoint_hw,S21_targets_all/T06/S07,runs,1,S21_targets_all/S21_targets_all_T06_S07_r01_20261003_160309.mat
setpoint_hw,S21_targets_all/T05/S11,d0_mm,665.9132828032866,S21_targets_all/S21_targets_all_T05_S11_r01_20261003_153650.mat
setpoint_hw,S21_targets_all/T05/S11,final_mm_mean,14.484031389976384,S21_targets_all/S21_targets_all_T05_S11_r01_20261003_153650.mat
setpoint_hw,S21_targets_all/T05/S11,closest_mm_mean,14.484031389976384,S21_targets_all/S21_targets_all_T05_S11_r01_20261003_153650.mat
setpoint_hw,S21_targets_all/T05/S11,successes,1,S21_targets_all/S21_targets_all_T05_S11_r01_20261003_153650.mat
setpoint_hw,S21_targets_all/T05/S11,runs,1,S21_targets_all/S21_targets_all_T05_S11_r01_20261003_153650.mat
setpoint_hw,S21_targets_all/T02/S09,d0_mm,791.4417345644276,S21_targets_all/S21_targets_all_T02_S09_r01_20261003_152321.mat
setpoint_hw,S21_targets_all/T02/S09,final_mm_mean,16.309227724947185,S21_targets_all/S21_targets_all_T02_S09_r01_20261003_152321.mat
setpoint_hw,S21_targets_all/T02/S09,closest_mm_mean,16.309227724947185,S21_targets_all/S21_targets_all_T02_S09_r01_20261003_152321.mat
setpoint_hw,S21_targets_all/T02/S09,successes,1,S21_targets_all/S21_targets_all_T02_S09_r01_20261003_152321.mat
setpoint_hw,S21_targets_all/T02/S09,runs,1,S21_targets_all/S21_targets_all_T02_S09_r01_20261003_152321.mat
setpoint_hw,S21_targets_all/T01/S10,d0_mm,802.0267716966134,S21_targets_all/S21_targets_all_T01_S10_r01_20261003_151928.mat
setpoint_hw,S21_targets_all/T01/S10,final_mm_mean,25.737516732012214,S21_targets_all/S21_targets_all_T01_S10_r01_20261003_151928.mat
setpoint_hw,S21_targets_all/T01/S10,closest_mm_mean,25.737516732012214,S21_targets_all/S21_targets_all_T01_S10_r01_20261003_151928.mat
setpoint_hw,S21_targets_all/T01/S10,successes,1,S21_targets_all/S21_targets_all_T01_S10_r01_20261003_151928.mat
setpoint_hw,S21_targets_all/T01/S10,runs,1,S21_targets_all/S21_targets_all_T01_S10_r01_20261003_151928.mat
setpoint_hw,S21_targets_all/T02/S12,d0_mm,802.1297547602569,S21_targets_all/S21_targets_all_T02_S12_r01_20261003_152249.mat
setpoint_hw,S21_targets_all/T02/S12,final_mm_mean,19.591564675382664,S21_targets_all/S21_targets_all_T02_S12_r01_20261003_152249.mat
setpoint_hw,S21_targets_all/T02/S12,closest_mm_mean,19.1824701230004,S21_targets_all/S21_targets_all_T02_S12_r01_20261003_152249.mat
setpoint_hw,S21_targets_all/T02/S12,successes,1,S21_targets_all/S21_targets_all_T02_S12_r01_20261003_152249.mat
setpoint_hw,S21_targets_all/T02/S12,runs,1,S21_targets_all/S21_targets_all_T02_S12_r01_20261003_152249.mat
setpoint_hw,S21_targets_all/T04/S09,d0_mm,824.0508695184078,S21_targets_all/S21_targets_all_T04_S09_r01_20261003_155437.mat
setpoint_hw,S21_targets_all/T04/S09,final_mm_mean,129.03782230276357,S21_targets_all/S21_targets_all_T04_S09_r01_20261003_155437.mat
setpoint_hw,S21_targets_all/T04/S09,closest_mm_mean,129.03740443991276,S21_targets_all/S21_targets_all_T04_S09_r01_20261003_155437.mat
setpoint_hw,S21_targets_all/T04/S09,successes,0,S21_targets_all/S21_targets_all_T04_S09_r01_20261003_155437.mat
setpoint_hw,S21_targets_all/T04/S09,runs,1,S21_targets_all/S21_targets_all_T04_S09_r01_20261003_155437.mat
setpoint_hw,S21_targets_all/T04/S10,d0_mm,824.554542512707,S21_targets_all/S21_targets_all_T04_S10_r01_20261003_155515.mat
setpoint_hw,S21_targets_all/T04/S10,final_mm_mean,129.5681980375046,S21_targets_all/S21_targets_all_T04_S10_r01_20261003_155515.mat
setpoint_hw,S21_targets_all/T04/S10,closest_mm_mean,96.5708615053292,S21_targets_all/S21_targets_all_T04_S10_r01_20261003_155515.mat
setpoint_hw,S21_targets_all/T04/S10,successes,0,S21_targets_all/S21_targets_all_T04_S10_r01_20261003_155515.mat
setpoint_hw,S21_targets_all/T04/S10,runs,1,S21_targets_all/S21_targets_all_T04_S10_r01_20261003_155515.mat
setpoint_hw,S21_targets_all/T06/S10,d0_mm,832.1433622896524,S21_targets_all/S21_targets_all_T06_S10_r01_20261003_160227.mat
setpoint_hw,S21_targets_all/T06/S10,final_mm_mean,108.76347616203388,S21_targets_all/S21_targets_all_T06_S10_r01_20261003_160227.mat
setpoint_hw,S21_targets_all/T06/S10,closest_mm_mean,95.17320557464068,S21_targets_all/S21_targets_all_T06_S10_r01_20261003_160227.mat
setpoint_hw,S21_targets_all/T06/S10,successes,0,S21_targets_all/S21_targets_all_T06_S10_r01_20261003_160227.mat
setpoint_hw,S21_targets_all/T06/S10,runs,1,S21_targets_all/S21_targets_all_T06_S10_r01_20261003_160227.mat
setpoint_hw,S21_targets_all/T05/S12,d0_mm,840.249298926176,S21_targets_all/S21_targets_all_T05_S12_r01_20261003_153622.mat
setpoint_hw,S21_targets_all/T05/S12,final_mm_mean,19.715297109671056,S21_targets_all/S21_targets_all_T05_S12_r01_20261003_153622.mat
setpoint_hw,S21_targets_all/T05/S12,closest_mm_mean,19.715297109671056,S21_targets_all/S21_targets_all_T05_S12_r01_20261003_153622.mat
setpoint_hw,S21_targets_all/T05/S12,successes,1,S21_targets_all/S21_targets_all_T05_S12_r01_20261003_153622.mat
setpoint_hw,S21_targets_all/T05/S12,runs,1,S21_targets_all/S21_targets_all_T05_S12_r01_20261003_153622.mat
setpoint_hw,S21_targets_all/T06/S11,d0_mm,847.4041723726687,S21_targets_all/S21_targets_all_T06_S11_r01_20261003_160145.mat
setpoint_hw,S21_targets_all/T06/S11,final_mm_mean,108.97042187551367,S21_targets_all/S21_targets_all_T06_S11_r01_20261003_160145.mat
setpoint_hw,S21_targets_all/T06/S11,closest_mm_mean,25.350350629800666,S21_targets_all/S21_targets_all_T06_S11_r01_20261003_160145.mat
setpoint_hw,S21_targets_all/T06/S11,successes,0,S21_targets_all/S21_targets_all_T06_S11_r01_20261003_160145.mat
setpoint_hw,S21_targets_all/T06/S11,runs,1,S21_targets_all/S21_targets_all_T06_S11_r01_20261003_160145.mat
setpoint_hw,S21_targets_all/T06/S09,d0_mm,862.8834520919835,S21_targets_all/S21_targets_all_T06_S09_r01_20261003_160106.mat
setpoint_hw,S21_targets_all/T06/S09,final_mm_mean,107.72981991796522,S21_targets_all/S21_targets_all_T06_S09_r01_20261003_160106.mat
setpoint_hw,S21_targets_all/T06/S09,closest_mm_mean,104.33671642210109,S21_targets_all/S21_targets_all_T06_S09_r01_20261003_160106.mat
setpoint_hw,S21_targets_all/T06/S09,successes,0,S21_targets_all/S21_targets_all_T06_S09_r01_20261003_160106.mat
setpoint_hw,S21_targets_all/T06/S09,runs,1,S21_targets_all/S21_targets_all_T06_S09_r01_20261003_160106.mat
setpoint_hw,S21_targets_all/T02/S11,d0_mm,870.0103958549979,S21_targets_all/S21_targets_all_T02_S11_r01_20261003_152229.mat
setpoint_hw,S21_targets_all/T02/S11,final_mm_mean,8.790271667271947,S21_targets_all/S21_targets_all_T02_S11_r01_20261003_152229.mat
setpoint_hw,S21_targets_all/T02/S11,closest_mm_mean,8.790271667271947,S21_targets_all/S21_targets_all_T02_S11_r01_20261003_152229.mat
setpoint_hw,S21_targets_all/T02/S11,successes,1,S21_targets_all/S21_targets_all_T02_S11_r01_20261003_152229.mat
setpoint_hw,S21_targets_all/T02/S11,runs,1,S21_targets_all/S21_targets_all_T02_S11_r01_20261003_152229.mat
setpoint_hw,S21_targets_all/T03/S12,d0_mm,871.1185275891695,S21_targets_all/S21_targets_all_T03_S12_r01_20261003_153246.mat
setpoint_hw,S21_targets_all/T03/S12,final_mm_mean,18.393124128585697,S21_targets_all/S21_targets_all_T03_S12_r01_20261003_153246.mat
setpoint_hw,S21_targets_all/T03/S12,closest_mm_mean,18.393124128585697,S21_targets_all/S21_targets_all_T03_S12_r01_20261003_153246.mat
setpoint_hw,S21_targets_all/T03/S12,successes,1,S21_targets_all/S21_targets_all_T03_S12_r01_20261003_153246.mat
setpoint_hw,S21_targets_all/T03/S12,runs,1,S21_targets_all/S21_targets_all_T03_S12_r01_20261003_153246.mat
setpoint_hw,S21_targets_all/T05/S13,d0_mm,872.0596199268249,S21_targets_all/S21_targets_all_T05_S13_r01_20261003_153547.mat
setpoint_hw,S21_targets_all/T05/S13,final_mm_mean,24.817636499704808,S21_targets_all/S21_targets_all_T05_S13_r01_20261003_153547.mat
setpoint_hw,S21_targets_all/T05/S13,closest_mm_mean,24.817636499704808,S21_targets_all/S21_targets_all_T05_S13_r01_20261003_153547.mat
setpoint_hw,S21_targets_all/T05/S13,successes,1,S21_targets_all/S21_targets_all_T05_S13_r01_20261003_153547.mat
setpoint_hw,S21_targets_all/T05/S13,runs,1,S21_targets_all/S21_targets_all_T05_S13_r01_20261003_153547.mat
setpoint_hw,S21_targets_all/T01/S11,d0_mm,934.9630910564741,S21_targets_all/S21_targets_all_T01_S11_r01_20261003_152005.mat
setpoint_hw,S21_targets_all/T01/S11,final_mm_mean,27.20181183258711,S21_targets_all/S21_targets_all_T01_S11_r01_20261003_152005.mat
setpoint_hw,S21_targets_all/T01/S11,closest_mm_mean,11.044526354858842,S21_targets_all/S21_targets_all_T01_S11_r01_20261003_152005.mat
setpoint_hw,S21_targets_all/T01/S11,successes,1,S21_targets_all/S21_targets_all_T01_S11_r01_20261003_152005.mat
setpoint_hw,S21_targets_all/T01/S11,runs,1,S21_targets_all/S21_targets_all_T01_S11_r01_20261003_152005.mat
setpoint_hw,S21_targets_all/T03/S11,d0_mm,947.6280286256429,S21_targets_all/S21_targets_all_T03_S11_r01_20261003_153308.mat
setpoint_hw,S21_targets_all/T03/S11,final_mm_mean,9.293422868068525,S21_targets_all/S21_targets_all_T03_S11_r01_20261003_153308.mat
setpoint_hw,S21_targets_all/T03/S11,closest_mm_mean,9.293422868068525,S21_targets_all/S21_targets_all_T03_S11_r01_20261003_153308.mat
setpoint_hw,S21_targets_all/T03/S11,successes,1,S21_targets_all/S21_targets_all_T03_S11_r01_20261003_153308.mat
setpoint_hw,S21_targets_all/T03/S11,runs,1,S21_targets_all/S21_targets_all_T03_S11_r01_20261003_153308.mat
setpoint_hw,S21_targets_all/T05/S14,d0_mm,976.7180826477957,S21_targets_all/S21_targets_all_T05_S14_r01_20261003_153508.mat
setpoint_hw,S21_targets_all/T05/S14,final_mm_mean,23.295477451813486,S21_targets_all/S21_targets_all_T05_S14_r01_20261003_153508.mat
setpoint_hw,S21_targets_all/T05/S14,closest_mm_mean,20.99042835695668,S21_targets_all/S21_targets_all_T05_S14_r01_20261003_153508.mat
setpoint_hw,S21_targets_all/T05/S14,successes,1,S21_targets_all/S21_targets_all_T05_S14_r01_20261003_153508.mat
setpoint_hw,S21_targets_all/T05/S14,runs,1,S21_targets_all/S21_targets_all_T05_S14_r01_20261003_153508.mat
setpoint_hw,S21_targets_all/T02/S14,d0_mm,992.6087792800448,S21_targets_all/S21_targets_all_T02_S14_r01_20261003_152208.mat
setpoint_hw,S21_targets_all/T02/S14,final_mm_mean,10.867214556295195,S21_targets_all/S21_targets_all_T02_S14_r01_20261003_152208.mat
setpoint_hw,S21_targets_all/T02/S14,closest_mm_mean,10.867214556295195,S21_targets_all/S21_targets_all_T02_S14_r01_20261003_152208.mat
setpoint_hw,S21_targets_all/T02/S14,successes,1,S21_targets_all/S21_targets_all_T02_S14_r01_20261003_152208.mat
setpoint_hw,S21_targets_all/T02/S14,runs,1,S21_targets_all/S21_targets_all_T02_S14_r01_20261003_152208.mat
setpoint_hw,S21_targets_all/T06/S12,d0_mm,1042.3126211249778,S21_targets_all/S21_targets_all_T06_S12_r01_20261003_160026.mat
setpoint_hw,S21_targets_all/T06/S12,final_mm_mean,107.03025186378913,S21_targets_all/S21_targets_all_T06_S12_r01_20261003_160026.mat
setpoint_hw,S21_targets_all/T06/S12,closest_mm_mean,84.76532248020952,S21_targets_all/S21_targets_all_T06_S12_r01_20261003_160026.mat
setpoint_hw,S21_targets_all/T06/S12,successes,0,S21_targets_all/S21_targets_all_T06_S12_r01_20261003_160026.mat
setpoint_hw,S21_targets_all/T06/S12,runs,1,S21_targets_all/S21_targets_all_T06_S12_r01_20261003_160026.mat
setpoint_hw,S21_targets_all/T01/S12,d0_mm,1044.0107554327985,S21_targets_all/S21_targets_all_T01_S12_r01_20261003_152029.mat
setpoint_hw,S21_targets_all/T01/S12,final_mm_mean,16.40683811516986,S21_targets_all/S21_targets_all_T01_S12_r01_20261003_152029.mat
setpoint_hw,S21_targets_all/T01/S12,closest_mm_mean,16.40683811516986,S21_targets_all/S21_targets_all_T01_S12_r01_20261003_152029.mat
setpoint_hw,S21_targets_all/T01/S12,successes,1,S21_targets_all/S21_targets_all_T01_S12_r01_20261003_152029.mat
setpoint_hw,S21_targets_all/T01/S12,runs,1,S21_targets_all/S21_targets_all_T01_S12_r01_20261003_152029.mat
setpoint_hw,S21_targets_all/T04/S12,d0_mm,1052.3062980899672,S21_targets_all/S21_targets_all_T04_S12_r01_20261003_155554.mat
setpoint_hw,S21_targets_all/T04/S12,final_mm_mean,128.35953727662695,S21_targets_all/S21_targets_all_T04_S12_r01_20261003_155554.mat
setpoint_hw,S21_targets_all/T04/S12,closest_mm_mean,113.8790140759096,S21_targets_all/S21_targets_all_T04_S12_r01_20261003_155554.mat
setpoint_hw,S21_targets_all/T04/S12,successes,0,S21_targets_all/S21_targets_all_T04_S12_r01_20261003_155554.mat
setpoint_hw,S21_targets_all/T04/S12,runs,1,S21_targets_all/S21_targets_all_T04_S12_r01_20261003_155554.mat
setpoint_hw,S21_targets_all/T03/S14,d0_mm,1068.100971729172,S21_targets_all/S21_targets_all_T03_S14_r01_20261003_153354.mat
setpoint_hw,S21_targets_all/T03/S14,final_mm_mean,17.12664588440314,S21_targets_all/S21_targets_all_T03_S14_r01_20261003_153354.mat
setpoint_hw,S21_targets_all/T03/S14,closest_mm_mean,17.12664588440314,S21_targets_all/S21_targets_all_T03_S14_r01_20261003_153354.mat
setpoint_hw,S21_targets_all/T03/S14,successes,1,S21_targets_all/S21_targets_all_T03_S14_r01_20261003_153354.mat
setpoint_hw,S21_targets_all/T03/S14,runs,1,S21_targets_all/S21_targets_all_T03_S14_r01_20261003_153354.mat
setpoint_hw,S21_targets_all/T01/S13,d0_mm,1092.176746056412,S21_targets_all/S21_targets_all_T01_S13_r01_20261003_152054.mat
setpoint_hw,S21_targets_all/T01/S13,final_mm_mean,18.813190144546216,S21_targets_all/S21_targets_all_T01_S13_r01_20261003_152054.mat
setpoint_hw,S21_targets_all/T01/S13,closest_mm_mean,18.653755021635888,S21_targets_all/S21_targets_all_T01_S13_r01_20261003_152054.mat
setpoint_hw,S21_targets_all/T01/S13,successes,1,S21_targets_all/S21_targets_all_T01_S13_r01_20261003_152054.mat
setpoint_hw,S21_targets_all/T01/S13,runs,1,S21_targets_all/S21_targets_all_T01_S13_r01_20261003_152054.mat
setpoint_hw,S21_targets_all/T04/S11,d0_mm,1125.886874142997,S21_targets_all/S21_targets_all_T04_S11_r01_20261003_155635.mat
setpoint_hw,S21_targets_all/T04/S11,final_mm_mean,128.90749135725056,S21_targets_all/S21_targets_all_T04_S11_r01_20261003_155635.mat
setpoint_hw,S21_targets_all/T04/S11,closest_mm_mean,37.636193678181556,S21_targets_all/S21_targets_all_T04_S11_r01_20261003_155635.mat
setpoint_hw,S21_targets_all/T04/S11,successes,0,S21_targets_all/S21_targets_all_T04_S11_r01_20261003_155635.mat
setpoint_hw,S21_targets_all/T04/S11,runs,1,S21_targets_all/S21_targets_all_T04_S11_r01_20261003_155635.mat
setpoint_hw,S21_targets_all/T06/S13,d0_mm,1126.901309919492,S21_targets_all/S21_targets_all_T06_S13_r01_20261003_155925.mat
setpoint_hw,S21_targets_all/T06/S13,final_mm_mean,107.71293527323812,S21_targets_all/S21_targets_all_T06_S13_r01_20261003_155925.mat
setpoint_hw,S21_targets_all/T06/S13,closest_mm_mean,37.07289045109272,S21_targets_all/S21_targets_all_T06_S13_r01_20261003_155925.mat
setpoint_hw,S21_targets_all/T06/S13,successes,0,S21_targets_all/S21_targets_all_T06_S13_r01_20261003_155925.mat
setpoint_hw,S21_targets_all/T06/S13,runs,1,S21_targets_all/S21_targets_all_T06_S13_r01_20261003_155925.mat
setpoint_hw,S21_targets_all/T03/S13,d0_mm,1133.1978612260848,S21_targets_all/S21_targets_all_T03_S13_r01_20261003_153428.mat
setpoint_hw,S21_targets_all/T03/S13,final_mm_mean,18.960234508106744,S21_targets_all/S21_targets_all_T03_S13_r01_20261003_153428.mat
setpoint_hw,S21_targets_all/T03/S13,closest_mm_mean,18.960234508106744,S21_targets_all/S21_targets_all_T03_S13_r01_20261003_153428.mat
setpoint_hw,S21_targets_all/T03/S13,successes,1,S21_targets_all/S21_targets_all_T03_S13_r01_20261003_153428.mat
setpoint_hw,S21_targets_all/T03/S13,runs,1,S21_targets_all/S21_targets_all_T03_S13_r01_20261003_153428.mat
setpoint_hw,S21_targets_all/T02/S13,d0_mm,1155.3153961985736,S21_targets_all/S21_targets_all_T02_S13_r01_20261003_152146.mat
setpoint_hw,S21_targets_all/T02/S13,final_mm_mean,18.485608890553845,S21_targets_all/S21_targets_all_T02_S13_r01_20261003_152146.mat
setpoint_hw,S21_targets_all/T02/S13,closest_mm_mean,18.485608890553845,S21_targets_all/S21_targets_all_T02_S13_r01_20261003_152146.mat
setpoint_hw,S21_targets_all/T02/S13,successes,1,S21_targets_all/S21_targets_all_T02_S13_r01_20261003_152146.mat
setpoint_hw,S21_targets_all/T02/S13,runs,1,S21_targets_all/S21_targets_all_T02_S13_r01_20261003_152146.mat
setpoint_hw,S21_targets_all/T06/S14,d0_mm,1197.7071885871696,S21_targets_all/S21_targets_all_T06_S14_r01_20261003_155847.mat
setpoint_hw,S21_targets_all/T06/S14,final_mm_mean,108.393648736087,S21_targets_all/S21_targets_all_T06_S14_r01_20261003_155847.mat
setpoint_hw,S21_targets_all/T06/S14,closest_mm_mean,102.90326648875298,S21_targets_all/S21_targets_all_T06_S14_r01_20261003_155847.mat
setpoint_hw,S21_targets_all/T06/S14,successes,0,S21_targets_all/S21_targets_all_T06_S14_r01_20261003_155847.mat
setpoint_hw,S21_targets_all/T06/S14,runs,1,S21_targets_all/S21_targets_all_T06_S14_r01_20261003_155847.mat
setpoint_hw,S21_targets_all/T01/S14,d0_mm,1219.2792067406713,S21_targets_all/S21_targets_all_T01_S14_r01_20261003_152117.mat
setpoint_hw,S21_targets_all/T01/S14,final_mm_mean,17.42138748751445,S21_targets_all/S21_targets_all_T01_S14_r01_20261003_152117.mat
setpoint_hw,S21_targets_all/T01/S14,closest_mm_mean,17.42138748751445,S21_targets_all/S21_targets_all_T01_S14_r01_20261003_152117.mat
setpoint_hw,S21_targets_all/T01/S14,successes,1,S21_targets_all/S21_targets_all_T01_S14_r01_20261003_152117.mat
setpoint_hw,S21_targets_all/T01/S14,runs,1,S21_targets_all/S21_targets_all_T01_S14_r01_20261003_152117.mat
setpoint_hw,S21_targets_all/T04/S14,d0_mm,1264.100544438968,S21_targets_all/S21_targets_all_T04_S14_r01_20261003_155718.mat
setpoint_hw,S21_targets_all/T04/S14,final_mm_mean,128.4631743527091,S21_targets_all/S21_targets_all_T04_S14_r01_20261003_155718.mat
setpoint_hw,S21_targets_all/T04/S14,closest_mm_mean,127.23963810015054,S21_targets_all/S21_targets_all_T04_S14_r01_20261003_155718.mat
setpoint_hw,S21_targets_all/T04/S14,successes,0,S21_targets_all/S21_targets_all_T04_S14_r01_20261003_155718.mat
setpoint_hw,S21_targets_all/T04/S14,runs,1,S21_targets_all/S21_targets_all_T04_S14_r01_20261003_155718.mat
setpoint_hw,S21_targets_all/T04/S13,d0_mm,1359.0878779490095,S21_targets_all/S21_targets_all_T04_S13_r01_20261003_155806.mat
setpoint_hw,S21_targets_all/T04/S13,final_mm_mean,129.90154154190787,S21_targets_all/S21_targets_all_T04_S13_r01_20261003_155806.mat
setpoint_hw,S21_targets_all/T04/S13,closest_mm_mean,62.31169534139089,S21_targets_all/S21_targets_all_T04_S13_r01_20261003_155806.mat
setpoint_hw,S21_targets_all/T04/S13,successes,0,S21_targets_all/S21_targets_all_T04_S13_r01_20261003_155806.mat
setpoint_hw,S21_targets_all/T04/S13,runs,1,S21_targets_all/S21_targets_all_T04_S13_r01_20261003_155806.mat
setpoint_hw,S21_targets_all,success_rate_50mm,0.6666666666666666,S21_targets_all/S21_targets_all_T01_S00_r01_20261003_151634.mat;S21_targets_all/S21_targets_all_T01_S01_r01_20261003_151455.mat;S21_targets_all/S21_targets_all_T01_S02_r01_20261003_151525.mat;S21_targets_all/S21_targets_all_T01_S03_r01_20261003_151651.mat;S21_targets_all/S21_targets_all_T01_S04_r01_20261003_151420.mat;S21_targets_all/S21_targets_all_T01_S05_r01_20261003_151752.mat;S21_targets_all/S21_targets_all_T01_S06_r01_20261003_151600.mat;S21_targets_all/S21_targets_all_T01_S07_r01_20261003_151850.mat;S21_targets_all/S21_targets_all_T01_S08_r01_20261003_151716.mat;S21_targets_all/S21_targets_all_T01_S09_r01_20261003_151815.mat;S21_targets_all/S21_targets_all_T01_S10_r01_20261003_151928.mat;S21_targets_all/S21_targets_all_T01_S11_r01_20261003_152005.mat;S21_targets_all/S21_targets_all_T01_S12_r01_20261003_152029.mat;S21_targets_all/S21_targets_all_T01_S13_r01_20261003_152054.mat;S21_targets_all/S21_targets_all_T01_S14_r01_20261003_152117.mat;S21_targets_all/S21_targets_all_T02_S00_r01_20261003_152621.mat;S21_targets_all/S21_targets_all_T02_S01_r01_20261003_152657.mat;S21_targets_all/S21_targets_all_T02_S02_r01_20261003_152754.mat;S21_targets_all/S21_targets_all_T02_S03_r01_20261003_152732.mat;S21_targets_all/S21_targets_all_T02_S04_r01_20261003_152512.mat;S21_targets_all/S21_targets_all_T02_S05_r01_20261003_152548.mat;S21_targets_all/S21_targets_all_T02_S06_r01_20261003_152427.mat;S21_targets_all/S21_targets_all_T02_S07_r01_20261003_152443.mat;S21_targets_all/S21_targets_all_T02_S08_r01_20261003_152350.mat;S21_targets_all/S21_targets_all_T02_S09_r01_20261003_152321.mat;S21_targets_all/S21_targets_all_T02_S10_r01_20261003_152407.mat;S21_targets_all/S21_targets_all_T02_S11_r01_20261003_152229.mat;S21_targets_all/S21_targets_all_T02_S12_r01_20261003_152249.mat;S21_targets_all/S21_targets_all_T02_S13_r01_20261003_152146.mat;S21_targets_all/S21_targets_all_T02_S14_r01_20261003_152208.mat;S21_targets_all/S21_targets_all_T03_S00_r01_20261003_152809.mat;S21_targets_all/S21_targets_all_T03_S01_r01_20261003_152823.mat;S21_targets_all/S21_targets_all_T03_S02_r01_20261003_153000.mat;S21_targets_all/S21_targets_all_T03_S03_r01_20261003_152905.mat;S21_targets_all/S21_targets_all_T03_S04_r01_20261003_152940.mat;S21_targets_all/S21_targets_all_T03_S05_r01_20261003_153017.mat;S21_targets_all/S21_targets_all_T03_S06_r01_20261003_153053.mat;S21_targets_all/S21_targets_all_T03_S07_r01_20261003_153132.mat;S21_targets_all/S21_targets_all_T03_S08_r01_20261003_153114.mat;S21_targets_all/S21_targets_all_T03_S09_r01_20261003_153153.mat;S21_targets_all/S21_targets_all_T03_S10_r01_20261003_153209.mat;S21_targets_all/S21_targets_all_T03_S11_r01_20261003_153308.mat;S21_targets_all/S21_targets_all_T03_S12_r01_20261003_153246.mat;S21_targets_all/S21_targets_all_T03_S13_r01_20261003_153428.mat;S21_targets_all/S21_targets_all_T03_S14_r01_20261003_153354.mat;S21_targets_all/S21_targets_all_T04_S00_r01_20261003_155131.mat;S21_targets_all/S21_targets_all_T04_S01_r01_20261003_155019.mat;S21_targets_all/S21_targets_all_T04_S02_r01_20261003_155056.mat;S21_targets_all/S21_targets_all_T04_S03_r01_20261003_154904.mat;S21_targets_all/S21_targets_all_T04_S04_r01_20261003_154941.mat;S21_targets_all/S21_targets_all_T04_S05_r01_20261003_155208.mat;S21_targets_all/S21_targets_all_T04_S06_r01_20261003_155245.mat;S21_targets_all/S21_targets_all_T04_S07_r01_20261003_155400.mat;S21_targets_all/S21_targets_all_T04_S08_r01_20261003_155322.mat;S21_targets_all/S21_targets_all_T04_S09_r01_20261003_155437.mat;S21_targets_all/S21_targets_all_T04_S10_r01_20261003_155515.mat;S21_targets_all/S21_targets_all_T04_S11_r01_20261003_155635.mat;S21_targets_all/S21_targets_all_T04_S12_r01_20261003_155554.mat;S21_targets_all/S21_targets_all_T04_S13_r01_20261003_155806.mat;S21_targets_all/S21_targets_all_T04_S14_r01_20261003_155718.mat;S21_targets_all/S21_targets_all_T05_S00_r01_20261003_154723.mat;S21_targets_all/S21_targets_all_T05_S01_r01_20261003_154811.mat;S21_targets_all/S21_targets_all_T05_S02_r01_20261003_154830.mat;S21_targets_all/S21_targets_all_T05_S03_r01_20261003_154707.mat;S21_targets_all/S21_targets_all_T05_S04_r01_20261003_153952.mat;S21_targets_all/S21_targets_all_T05_S05_r01_20261003_153934.mat;S21_targets_all/S21_targets_all_T05_S06_r01_20261003_154753.mat;S21_targets_all/S21_targets_all_T05_S07_r01_20261003_153842.mat;S21_targets_all/S21_targets_all_T05_S08_r01_20261003_153914.mat;S21_targets_all/S21_targets_all_T05_S09_r01_20261003_153718.mat;S21_targets_all/S21_targets_all_T05_S10_r01_20261003_153811.mat;S21_targets_all/S21_targets_all_T05_S11_r01_20261003_153650.mat;S21_targets_all/S21_targets_all_T05_S12_r01_20261003_153622.mat;S21_targets_all/S21_targets_all_T05_S13_r01_20261003_153547.mat;S21_targets_all/S21_targets_all_T05_S14_r01_20261003_153508.mat;S21_targets_all/S21_targets_all_T06_S00_r01_20261003_160500.mat;S21_targets_all/S21_targets_all_T06_S01_r01_20261003_160740.mat;S21_targets_all/S21_targets_all_T06_S02_r01_20261003_160818.mat;S21_targets_all/S21_targets_all_T06_S03_r01_20261003_160704.mat;S21_targets_all/S21_targets_all_T06_S04_r01_20261003_160616.mat;S21_targets_all/S21_targets_all_T06_S05_r01_20261003_160422.mat;S21_targets_all/S21_targets_all_T06_S06_r01_20261003_160537.mat;S21_targets_all/S21_targets_all_T06_S07_r01_20261003_160309.mat;S21_targets_all/S21_targets_all_T06_S08_r01_20261003_160345.mat;S21_targets_all/S21_targets_all_T06_S09_r01_20261003_160106.mat;S21_targets_all/S21_targets_all_T06_S10_r01_20261003_160227.mat;S21_targets_all/S21_targets_all_T06_S11_r01_20261003_160145.mat;S21_targets_all/S21_targets_all_T06_S12_r01_20261003_160026.mat;S21_targets_all/S21_targets_all_T06_S13_r01_20261003_155925.mat;S21_targets_all/S21_targets_all_T06_S14_r01_20261003_155847.mat
text_VI,S21_targets_all,softlimit_runs,67,S21_targets_all/S21_targets_all_T01_S00_r01_20261003_151634.mat;S21_targets_all/S21_targets_all_T01_S01_r01_20261003_151455.mat;S21_targets_all/S21_targets_all_T01_S05_r01_20261003_151752.mat;S21_targets_all/S21_targets_all_T01_S06_r01_20261003_151600.mat;S21_targets_all/S21_targets_all_T01_S07_r01_20261003_151850.mat;S21_targets_all/S21_targets_all_T01_S08_r01_20261003_151716.mat;S21_targets_all/S21_targets_all_T01_S09_r01_20261003_151815.mat;S21_targets_all/S21_targets_all_T01_S10_r01_20261003_151928.mat;S21_targets_all/S21_targets_all_T01_S11_r01_20261003_152005.mat;S21_targets_all/S21_targets_all_T01_S12_r01_20261003_152029.mat;S21_targets_all/S21_targets_all_T01_S14_r01_20261003_152117.mat;S21_targets_all/S21_targets_all_T02_S00_r01_20261003_152621.mat;S21_targets_all/S21_targets_all_T02_S01_r01_20261003_152657.mat;S21_targets_all/S21_targets_all_T02_S03_r01_20261003_152732.mat;S21_targets_all/S21_targets_all_T02_S04_r01_20261003_152512.mat;S21_targets_all/S21_targets_all_T02_S05_r01_20261003_152548.mat;S21_targets_all/S21_targets_all_T02_S08_r01_20261003_152350.mat;S21_targets_all/S21_targets_all_T02_S09_r01_20261003_152321.mat;S21_targets_all/S21_targets_all_T02_S12_r01_20261003_152249.mat;S21_targets_all/S21_targets_all_T02_S13_r01_20261003_152146.mat;S21_targets_all/S21_targets_all_T02_S14_r01_20261003_152208.mat;S21_targets_all/S21_targets_all_T03_S03_r01_20261003_152905.mat;S21_targets_all/S21_targets_all_T03_S04_r01_20261003_152940.mat;S21_targets_all/S21_targets_all_T03_S06_r01_20261003_153053.mat;S21_targets_all/S21_targets_all_T03_S08_r01_20261003_153114.mat;S21_targets_all/S21_targets_all_T03_S09_r01_20261003_153153.mat;S21_targets_all/S21_targets_all_T03_S12_r01_20261003_153246.mat;S21_targets_all/S21_targets_all_T03_S13_r01_20261003_153428.mat;S21_targets_all/S21_targets_all_T03_S14_r01_20261003_153354.mat;S21_targets_all/S21_targets_all_T04_S00_r01_20261003_155131.mat;S21_targets_all/S21_targets_all_T04_S01_r01_20261003_155019.mat;S21_targets_all/S21_targets_all_T04_S02_r01_20261003_155056.mat;S21_targets_all/S21_targets_all_T04_S03_r01_20261003_154904.mat;S21_targets_all/S21_targets_all_T04_S04_r01_20261003_154941.mat;S21_targets_all/S21_targets_all_T04_S05_r01_20261003_155208.mat;S21_targets_all/S21_targets_all_T04_S06_r01_20261003_155245.mat;S21_targets_all/S21_targets_all_T04_S07_r01_20261003_155400.mat;S21_targets_all/S21_targets_all_T04_S08_r01_20261003_155322.mat;S21_targets_all/S21_targets_all_T04_S09_r01_20261003_155437.mat;S21_targets_all/S21_targets_all_T04_S10_r01_20261003_155515.mat;S21_targets_all/S21_targets_all_T04_S11_r01_20261003_155635.mat;S21_targets_all/S21_targets_all_T04_S12_r01_20261003_155554.mat;S21_targets_all/S21_targets_all_T04_S13_r01_20261003_155806.mat;S21_targets_all/S21_targets_all_T04_S14_r01_20261003_155718.mat;S21_targets_all/S21_targets_all_T05_S04_r01_20261003_153952.mat;S21_targets_all/S21_targets_all_T05_S08_r01_20261003_153914.mat;S21_targets_all/S21_targets_all_T05_S09_r01_20261003_153718.mat;S21_targets_all/S21_targets_all_T05_S10_r01_20261003_153811.mat;S21_targets_all/S21_targets_all_T05_S11_r01_20261003_153650.mat;S21_targets_all/S21_targets_all_T05_S12_r01_20261003_153622.mat;S21_targets_all/S21_targets_all_T05_S13_r01_20261003_153547.mat;S21_targets_all/S21_targets_all_T05_S14_r01_20261003_153508.mat;S21_targets_all/S21_targets_all_T06_S00_r01_20261003_160500.mat;S21_targets_all/S21_targets_all_T06_S01_r01_20261003_160740.mat;S21_targets_all/S21_targets_all_T06_S02_r01_20261003_160818.mat;S21_targets_all/S21_targets_all_T06_S03_r01_20261003_160704.mat;S21_targets_all/S21_targets_all_T06_S04_r01_20261003_160616.mat;S21_targets_all/S21_targets_all_T06_S05_r01_20261003_160422.mat;S21_targets_all/S21_targets_all_T06_S06_r01_20261003_160537.mat;S21_targets_all/S21_targets_all_T06_S07_r01_20261003_160309.mat;S21_targets_all/S21_targets_all_T06_S08_r01_20261003_160345.mat;S21_targets_all/S21_targets_all_T06_S09_r01_20261003_160106.mat;S21_targets_all/S21_targets_all_T06_S10_r01_20261003_160227.mat;S21_targets_all/S21_targets_all_T06_S11_r01_20261003_160145.mat;S21_targets_all/S21_targets_all_T06_S12_r01_20261003_160026.mat;S21_targets_all/S21_targets_all_T06_S13_r01_20261003_155925.mat;S21_targets_all/S21_targets_all_T06_S14_r01_20261003_155847.mat
text_VI,S21_targets_all,softlimit_frac_max,0.864,S21_targets_all/S21_targets_all_T01_S00_r01_20261003_151634.mat;S21_targets_all/S21_targets_all_T01_S01_r01_20261003_151455.mat;S21_targets_all/S21_targets_all_T01_S05_r01_20261003_151752.mat;S21_targets_all/S21_targets_all_T01_S06_r01_20261003_151600.mat;S21_targets_all/S21_targets_all_T01_S07_r01_20261003_151850.mat;S21_targets_all/S21_targets_all_T01_S08_r01_20261003_151716.mat;S21_targets_all/S21_targets_all_T01_S09_r01_20261003_151815.mat;S21_targets_all/S21_targets_all_T01_S10_r01_20261003_151928.mat;S21_targets_all/S21_targets_all_T01_S11_r01_20261003_152005.mat;S21_targets_all/S21_targets_all_T01_S12_r01_20261003_152029.mat;S21_targets_all/S21_targets_all_T01_S14_r01_20261003_152117.mat;S21_targets_all/S21_targets_all_T02_S00_r01_20261003_152621.mat;S21_targets_all/S21_targets_all_T02_S01_r01_20261003_152657.mat;S21_targets_all/S21_targets_all_T02_S03_r01_20261003_152732.mat;S21_targets_all/S21_targets_all_T02_S04_r01_20261003_152512.mat;S21_targets_all/S21_targets_all_T02_S05_r01_20261003_152548.mat;S21_targets_all/S21_targets_all_T02_S08_r01_20261003_152350.mat;S21_targets_all/S21_targets_all_T02_S09_r01_20261003_152321.mat;S21_targets_all/S21_targets_all_T02_S12_r01_20261003_152249.mat;S21_targets_all/S21_targets_all_T02_S13_r01_20261003_152146.mat;S21_targets_all/S21_targets_all_T02_S14_r01_20261003_152208.mat;S21_targets_all/S21_targets_all_T03_S03_r01_20261003_152905.mat;S21_targets_all/S21_targets_all_T03_S04_r01_20261003_152940.mat;S21_targets_all/S21_targets_all_T03_S06_r01_20261003_153053.mat;S21_targets_all/S21_targets_all_T03_S08_r01_20261003_153114.mat;S21_targets_all/S21_targets_all_T03_S09_r01_20261003_153153.mat;S21_targets_all/S21_targets_all_T03_S12_r01_20261003_153246.mat;S21_targets_all/S21_targets_all_T03_S13_r01_20261003_153428.mat;S21_targets_all/S21_targets_all_T03_S14_r01_20261003_153354.mat;S21_targets_all/S21_targets_all_T04_S00_r01_20261003_155131.mat;S21_targets_all/S21_targets_all_T04_S01_r01_20261003_155019.mat;S21_targets_all/S21_targets_all_T04_S02_r01_20261003_155056.mat;S21_targets_all/S21_targets_all_T04_S03_r01_20261003_154904.mat;S21_targets_all/S21_targets_all_T04_S04_r01_20261003_154941.mat;S21_targets_all/S21_targets_all_T04_S05_r01_20261003_155208.mat;S21_targets_all/S21_targets_all_T04_S06_r01_20261003_155245.mat;S21_targets_all/S21_targets_all_T04_S07_r01_20261003_155400.mat;S21_targets_all/S21_targets_all_T04_S08_r01_20261003_155322.mat;S21_targets_all/S21_targets_all_T04_S09_r01_20261003_155437.mat;S21_targets_all/S21_targets_all_T04_S10_r01_20261003_155515.mat;S21_targets_all/S21_targets_all_T04_S11_r01_20261003_155635.mat;S21_targets_all/S21_targets_all_T04_S12_r01_20261003_155554.mat;S21_targets_all/S21_targets_all_T04_S13_r01_20261003_155806.mat;S21_targets_all/S21_targets_all_T04_S14_r01_20261003_155718.mat;S21_targets_all/S21_targets_all_T05_S04_r01_20261003_153952.mat;S21_targets_all/S21_targets_all_T05_S08_r01_20261003_153914.mat;S21_targets_all/S21_targets_all_T05_S09_r01_20261003_153718.mat;S21_targets_all/S21_targets_all_T05_S10_r01_20261003_153811.mat;S21_targets_all/S21_targets_all_T05_S11_r01_20261003_153650.mat;S21_targets_all/S21_targets_all_T05_S12_r01_20261003_153622.mat;S21_targets_all/S21_targets_all_T05_S13_r01_20261003_153547.mat;S21_targets_all/S21_targets_all_T05_S14_r01_20261003_153508.mat;S21_targets_all/S21_targets_all_T06_S00_r01_20261003_160500.mat;S21_targets_all/S21_targets_all_T06_S01_r01_20261003_160740.mat;S21_targets_all/S21_targets_all_T06_S02_r01_20261003_160818.mat;S21_targets_all/S21_targets_all_T06_S03_r01_20261003_160704.mat;S21_targets_all/S21_targets_all_T06_S04_r01_20261003_160616.mat;S21_targets_all/S21_targets_all_T06_S05_r01_20261003_160422.mat;S21_targets_all/S21_targets_all_T06_S06_r01_20261003_160537.mat;S21_targets_all/S21_targets_all_T06_S07_r01_20261003_160309.mat;S21_targets_all/S21_targets_all_T06_S08_r01_20261003_160345.mat;S21_targets_all/S21_targets_all_T06_S09_r01_20261003_160106.mat;S21_targets_all/S21_targets_all_T06_S10_r01_20261003_160227.mat;S21_targets_all/S21_targets_all_T06_S11_r01_20261003_160145.mat;S21_targets_all/S21_targets_all_T06_S12_r01_20261003_160026.mat;S21_targets_all/S21_targets_all_T06_S13_r01_20261003_155925.mat;S21_targets_all/S21_targets_all_T06_S14_r01_20261003_155847.mat
setpoint_targets,S20_targets/E01,success50,0/6,S20_targets/S20_targets_E01_S00_r01_20261003_141958.mat;S20_targets/S20_targets_E01_S00_r02_20261003_144945.mat;S20_targets/S20_targets_E01_S06_r01_20261003_142035.mat;S20_targets/S20_targets_E01_S06_r02_20261003_144911.mat;S20_targets/S20_targets_E01_S07_r01_20261003_142123.mat;S20_targets/S20_targets_E01_S07_r02_20261003_144832.mat
setpoint_targets,S20_targets/E02,success50,0/6,S20_targets/S20_targets_E02_S00_r01_20261003_142336.mat;S20_targets/S20_targets_E02_S00_r02_20261003_145019.mat;S20_targets/S20_targets_E02_S06_r01_20261003_142201.mat;S20_targets/S20_targets_E02_S06_r02_20261003_145143.mat;S20_targets/S20_targets_E02_S07_r01_20261003_142248.mat;S20_targets/S20_targets_E02_S07_r02_20261003_145100.mat
setpoint_targets,S20_targets/E03,success50,0/6,S20_targets/S20_targets_E03_S00_r01_20261003_142553.mat;S20_targets/S20_targets_E03_S00_r02_20261003_145258.mat;S20_targets/S20_targets_E03_S06_r01_20261003_142633.mat;S20_targets/S20_targets_E03_S06_r02_20261003_145224.mat;S20_targets/S20_targets_E03_S07_r01_20261003_142423.mat;S20_targets/S20_targets_E03_S07_r02_20261003_145337.mat
setpoint_targets,S20_targets/T01,success50,6/6,S20_targets/S20_targets_T01_S00_r01_20261003_140554.mat;S20_targets/S20_targets_T01_S00_r02_20261003_144110.mat;S20_targets/S20_targets_T01_S06_r01_20261003_140647.mat;S20_targets/S20_targets_T01_S06_r02_20261003_144024.mat;S20_targets/S20_targets_T01_S07_r01_20261003_140735.mat;S20_targets/S20_targets_T01_S07_r02_20261003_143948.mat
setpoint_targets,S20_targets/T02,success50,6/6,S20_targets/S20_targets_T02_S00_r01_20261003_141037.mat;S20_targets/S20_targets_T02_S00_r02_20261003_144143.mat;S20_targets/S20_targets_T02_S06_r01_20261003_140756.mat;S20_targets/S20_targets_T02_S06_r02_20261003_144219.mat;S20_targets/S20_targets_T02_S07_r01_20261003_140823.mat;S20_targets/S20_targets_T02_S07_r02_20261003_144201.mat
setpoint_targets,S20_targets/T03,success50,6/6,S20_targets/S20_targets_T03_S00_r01_20261003_141112.mat;S20_targets/S20_targets_T03_S00_r02_20261003_144256.mat;S20_targets/S20_targets_T03_S06_r01_20261003_141129.mat;S20_targets/S20_targets_T03_S06_r02_20261003_144246.mat;S20_targets/S20_targets_T03_S07_r01_20261003_141102.mat;S20_targets/S20_targets_T03_S07_r02_20261003_144312.mat
setpoint_targets,S20_targets/T04,success50,0/6,S20_targets/S20_targets_T04_S00_r01_20261003_141206.mat;S20_targets/S20_targets_T04_S00_r02_20261003_144502.mat;S20_targets/S20_targets_T04_S06_r01_20261003_141250.mat;S20_targets/S20_targets_T04_S06_r02_20261003_144426.mat;S20_targets/S20_targets_T04_S07_r01_20261003_141359.mat;S20_targets/S20_targets_T04_S07_r02_20261003_144348.mat
setpoint_targets,S20_targets/T05,success50,6/6,S20_targets/S20_targets_T05_S00_r01_20261003_141555.mat;S20_targets/S20_targets_T05_S00_r02_20261003_144519.mat;S20_targets/S20_targets_T05_S06_r01_20261003_141519.mat;S20_targets/S20_targets_T05_S06_r02_20261003_144556.mat;S20_targets/S20_targets_T05_S07_r01_20261003_141537.mat;S20_targets/S20_targets_T05_S07_r02_20261003_144537.mat
setpoint_targets,S20_targets/T06,success50,0/6,S20_targets/S20_targets_T06_S00_r01_20261003_141731.mat;S20_targets/S20_targets_T06_S00_r02_20261003_144707.mat;S20_targets/S20_targets_T06_S06_r01_20261003_141809.mat;S20_targets/S20_targets_T06_S06_r02_20261003_144631.mat;S20_targets/S20_targets_T06_S07_r01_20261003_141630.mat;S20_targets/S20_targets_T06_S07_r02_20261003_144746.mat
setpoint_targets,S21_targets_all/T01,success50,15/15,S21_targets_all/S21_targets_all_T01_S00_r01_20261003_151634.mat;S21_targets_all/S21_targets_all_T01_S01_r01_20261003_151455.mat;S21_targets_all/S21_targets_all_T01_S02_r01_20261003_151525.mat;S21_targets_all/S21_targets_all_T01_S03_r01_20261003_151651.mat;S21_targets_all/S21_targets_all_T01_S04_r01_20261003_151420.mat;S21_targets_all/S21_targets_all_T01_S05_r01_20261003_151752.mat;S21_targets_all/S21_targets_all_T01_S06_r01_20261003_151600.mat;S21_targets_all/S21_targets_all_T01_S07_r01_20261003_151850.mat;S21_targets_all/S21_targets_all_T01_S08_r01_20261003_151716.mat;S21_targets_all/S21_targets_all_T01_S09_r01_20261003_151815.mat;S21_targets_all/S21_targets_all_T01_S10_r01_20261003_151928.mat;S21_targets_all/S21_targets_all_T01_S11_r01_20261003_152005.mat;S21_targets_all/S21_targets_all_T01_S12_r01_20261003_152029.mat;S21_targets_all/S21_targets_all_T01_S13_r01_20261003_152054.mat;S21_targets_all/S21_targets_all_T01_S14_r01_20261003_152117.mat
setpoint_targets,S21_targets_all/T02,success50,15/15,S21_targets_all/S21_targets_all_T02_S00_r01_20261003_152621.mat;S21_targets_all/S21_targets_all_T02_S01_r01_20261003_152657.mat;S21_targets_all/S21_targets_all_T02_S02_r01_20261003_152754.mat;S21_targets_all/S21_targets_all_T02_S03_r01_20261003_152732.mat;S21_targets_all/S21_targets_all_T02_S04_r01_20261003_152512.mat;S21_targets_all/S21_targets_all_T02_S05_r01_20261003_152548.mat;S21_targets_all/S21_targets_all_T02_S06_r01_20261003_152427.mat;S21_targets_all/S21_targets_all_T02_S07_r01_20261003_152443.mat;S21_targets_all/S21_targets_all_T02_S08_r01_20261003_152350.mat;S21_targets_all/S21_targets_all_T02_S09_r01_20261003_152321.mat;S21_targets_all/S21_targets_all_T02_S10_r01_20261003_152407.mat;S21_targets_all/S21_targets_all_T02_S11_r01_20261003_152229.mat;S21_targets_all/S21_targets_all_T02_S12_r01_20261003_152249.mat;S21_targets_all/S21_targets_all_T02_S13_r01_20261003_152146.mat;S21_targets_all/S21_targets_all_T02_S14_r01_20261003_152208.mat
setpoint_targets,S21_targets_all/T03,success50,15/15,S21_targets_all/S21_targets_all_T03_S00_r01_20261003_152809.mat;S21_targets_all/S21_targets_all_T03_S01_r01_20261003_152823.mat;S21_targets_all/S21_targets_all_T03_S02_r01_20261003_153000.mat;S21_targets_all/S21_targets_all_T03_S03_r01_20261003_152905.mat;S21_targets_all/S21_targets_all_T03_S04_r01_20261003_152940.mat;S21_targets_all/S21_targets_all_T03_S05_r01_20261003_153017.mat;S21_targets_all/S21_targets_all_T03_S06_r01_20261003_153053.mat;S21_targets_all/S21_targets_all_T03_S07_r01_20261003_153132.mat;S21_targets_all/S21_targets_all_T03_S08_r01_20261003_153114.mat;S21_targets_all/S21_targets_all_T03_S09_r01_20261003_153153.mat;S21_targets_all/S21_targets_all_T03_S10_r01_20261003_153209.mat;S21_targets_all/S21_targets_all_T03_S11_r01_20261003_153308.mat;S21_targets_all/S21_targets_all_T03_S12_r01_20261003_153246.mat;S21_targets_all/S21_targets_all_T03_S13_r01_20261003_153428.mat;S21_targets_all/S21_targets_all_T03_S14_r01_20261003_153354.mat
setpoint_targets,S21_targets_all/T04,success50,0/15,S21_targets_all/S21_targets_all_T04_S00_r01_20261003_155131.mat;S21_targets_all/S21_targets_all_T04_S01_r01_20261003_155019.mat;S21_targets_all/S21_targets_all_T04_S02_r01_20261003_155056.mat;S21_targets_all/S21_targets_all_T04_S03_r01_20261003_154904.mat;S21_targets_all/S21_targets_all_T04_S04_r01_20261003_154941.mat;S21_targets_all/S21_targets_all_T04_S05_r01_20261003_155208.mat;S21_targets_all/S21_targets_all_T04_S06_r01_20261003_155245.mat;S21_targets_all/S21_targets_all_T04_S07_r01_20261003_155400.mat;S21_targets_all/S21_targets_all_T04_S08_r01_20261003_155322.mat;S21_targets_all/S21_targets_all_T04_S09_r01_20261003_155437.mat;S21_targets_all/S21_targets_all_T04_S10_r01_20261003_155515.mat;S21_targets_all/S21_targets_all_T04_S11_r01_20261003_155635.mat;S21_targets_all/S21_targets_all_T04_S12_r01_20261003_155554.mat;S21_targets_all/S21_targets_all_T04_S13_r01_20261003_155806.mat;S21_targets_all/S21_targets_all_T04_S14_r01_20261003_155718.mat
setpoint_targets,S21_targets_all/T05,success50,15/15,S21_targets_all/S21_targets_all_T05_S00_r01_20261003_154723.mat;S21_targets_all/S21_targets_all_T05_S01_r01_20261003_154811.mat;S21_targets_all/S21_targets_all_T05_S02_r01_20261003_154830.mat;S21_targets_all/S21_targets_all_T05_S03_r01_20261003_154707.mat;S21_targets_all/S21_targets_all_T05_S04_r01_20261003_153952.mat;S21_targets_all/S21_targets_all_T05_S05_r01_20261003_153934.mat;S21_targets_all/S21_targets_all_T05_S06_r01_20261003_154753.mat;S21_targets_all/S21_targets_all_T05_S07_r01_20261003_153842.mat;S21_targets_all/S21_targets_all_T05_S08_r01_20261003_153914.mat;S21_targets_all/S21_targets_all_T05_S09_r01_20261003_153718.mat;S21_targets_all/S21_targets_all_T05_S10_r01_20261003_153811.mat;S21_targets_all/S21_targets_all_T05_S11_r01_20261003_153650.mat;S21_targets_all/S21_targets_all_T05_S12_r01_20261003_153622.mat;S21_targets_all/S21_targets_all_T05_S13_r01_20261003_153547.mat;S21_targets_all/S21_targets_all_T05_S14_r01_20261003_153508.mat
setpoint_targets,S21_targets_all/T06,success50,0/15,S21_targets_all/S21_targets_all_T06_S00_r01_20261003_160500.mat;S21_targets_all/S21_targets_all_T06_S01_r01_20261003_160740.mat;S21_targets_all/S21_targets_all_T06_S02_r01_20261003_160818.mat;S21_targets_all/S21_targets_all_T06_S03_r01_20261003_160704.mat;S21_targets_all/S21_targets_all_T06_S04_r01_20261003_160616.mat;S21_targets_all/S21_targets_all_T06_S05_r01_20261003_160422.mat;S21_targets_all/S21_targets_all_T06_S06_r01_20261003_160537.mat;S21_targets_all/S21_targets_all_T06_S07_r01_20261003_160309.mat;S21_targets_all/S21_targets_all_T06_S08_r01_20261003_160345.mat;S21_targets_all/S21_targets_all_T06_S09_r01_20261003_160106.mat;S21_targets_all/S21_targets_all_T06_S10_r01_20261003_160227.mat;S21_targets_all/S21_targets_all_T06_S11_r01_20261003_160145.mat;S21_targets_all/S21_targets_all_T06_S12_r01_20261003_160026.mat;S21_targets_all/S21_targets_all_T06_S13_r01_20261003_155925.mat;S21_targets_all/S21_targets_all_T06_S14_r01_20261003_155847.mat
