episode,reward,avg_reward,q0,steps
1,-337.610683248471,-337.610683248471,-3.51672242686618e-05,340
2,-105.512330316423,-221.561506782447,-3.51672242686618e-05,340
3,-771.609711920756,-404.910908495217,-3.51672242686618e-05,340
4,-319.591943358696,-383.581167211086,-3.51672242686618e-05,340
5,-193.087075463927,-345.482348861655,-3.51672242686618e-05,340
6,-459.426899002651,-364.473107218487,-3.51672242686618e-05,340
7,-939.664264034806,-446.643272477961,-3.51672242686618e-05,340
8,-275.978801128626,-425.310213559295,-3.51672242686618e-05,340
9,-728.900976929916,-459.042520600475,-16.6171550750732,340
10,-681.262830958183,-481.264551636246,-16.6171550750732,340
11,-343.164549410434,-468.710005979354,-16.6171550750732,340
12,-807.637786573163,-496.953987695505,-16.6171550750732,340
13,-217.442784321624,-475.453125897514,-16.6171550750732,340
14,-215.26931513722,-456.868567986064,-16.6171550750732,340
15,-563.127041142579,-463.952466196499,-16.6171550750732,340
16,-571.946647489552,-470.702102527314,-16.6171550750732,340
17,2.6352606724992,-442.858728221443,-20.1525726318359,340
18,-481.24629879315,-444.991371030982,-20.1525726318359,340
19,-514.343962401082,-448.641507418882,-20.1525726318359,209
20,-470.683693785598,-449.743616737218,-20.1525726318359,340
21,-570.492152738861,-455.493547023011,-20.1525726318359,340
22,-350.806179774961,-450.735030329917,-20.1525726318359,340
23,-116.989987703306,-436.224376302673,-20.1525726318359,340
24,-137.411235514324,-423.773828769826,-20.1525726318359,340
25,-280.624509906734,-418.047856015302,-7.15346765518188,340
26,-487.110115498053,-424.027833305285,-7.15346765518188,295
27,-83.1445501221606,-423.133122097515,-7.15346765518188,340
28,-35.3239297579103,-393.681690811001,-7.15346765518188,340
29,-15.2530708334013,-381.508135909989,-7.15346765518188,340
30,-239.761703574505,-383.375121034412,-7.15346765518188,244
31,-485.822753518359,-384.43095521504,-7.15346765518188,320
32,-372.492734313637,-361.744094026194,-7.15346765518188,340
33,-142.799502631743,-356.416922086318,9.95130825042725,340
34,-284.680473411219,-338.648101945571,9.95130825042725,340
35,-14.1291137312022,-311.962753256491,9.95130825042725,340
36,-94.5890529716643,-302.01973339894,9.95130825042725,340
37,-194.549693751425,-277.496209686071,9.95130825042725,340
38,319.287603184799,-256.026994185814,9.95130825042725,340
39,-589.885439003987,-271.011639140485,9.95130825042725,313
40,-318.98015329848,-261.245763626721,9.95130825042725,340
41,-72.5986541008234,-241.271843891172,40.2079544067383,340
42,-218.971297164061,-250.136106204634,40.2079544067383,340
43,105.795242319028,-226.654444560147,40.2079544067383,312
44,-324.317739561788,-219.053395646575,40.2079544067383,327
45,29.7677841400625,-199.035336529549,40.2079544067383,317
46,-193.720504194307,-183.964470587766,40.2079544067383,340
47,291.781208553875,-158.260975054613,40.2079544067383,340
48,212.103928177162,-145.097218419394,40.2079544067383,340
49,-230.83381410611,-148.834121563066,82.4796600341797,301
50,-113.674060824944,-142.156103599794,82.4796600341797,307
51,-107.934620769967,-126.989083810671,82.4796600341797,330
52,-199.208012147727,-131.631622291693,82.4796600341797,299
53,-46.32697754172,-132.071744203046,82.4796600341797,340
54,-369.171285279674,-146.228472780897,82.4796600341797,237
55,-55.4989286442739,-138.857961783687,82.4796600341797,340
56,-176.850005383537,-126.499051858294,82.4796600341797,256
57,147.518703177737,-105.698594358639,115.710708618164,322
58,106.137806471172,-95.7411019945229,115.710708618164,305
59,-192.869728029764,-92.0686721792647,115.710708618164,313
60,194.146560347353,-83.7376452161224,115.710708618164,340
61,-65.794984827733,-82.5858824903652,115.710708618164,250
62,155.689136492606,-68.5763292806039,115.710708618164,279
63,128.418429768605,-76.2110962172517,115.710708618164,241
64,-204.994289108183,-60.8154502214196,115.710708618164,334
65,-75.0228272723353,-51.0571571803737,153.232406616211,340
66,-6.46836491906198,-48.4119456131033,153.232406616211,228
67,16.657933823718,-38.9867763735921,153.232406616211,213
68,16.4896187903048,-42.5590013147411,153.232406616211,245
69,-104.219148651357,-33.7550576783238,153.232406616211,257
70,17.7906721093234,-34.2341421595534,153.232406616211,272
71,-24.8264666299788,-27.4783806569803,153.232406616211,261
72,-43.8807162170988,-40.9048576478192,153.232406616211,285
73,-30.3083449687303,-50.6013485736549,170.145034790039,233
74,-77.8209704754859,-44.48083482843,170.145034790039,239
75,207.063840933543,-31.6513187580905,170.145034790039,267
76,-16.4006213648512,-27.9899587818859,170.145034790039,220
77,36.0187507382874,-18.5808882664453,170.145034790039,309
78,-66.4443849241708,-19.3855845617434,170.145034790039,291
79,-167.106770926421,-11.3030039876132,170.145034790039,277
80,201.410594983748,-1.02662304249235,170.145034790039,301
81,-53.0176353144983,3.92667176026919,173.24494934082,331
82,75.3641026419881,1.04048773883923,173.24494934082,301
83,-179.05096289364,-10.3670630357532,173.24494934082,276
84,-35.3536752022101,-4.0664209226511,173.24494934082,278
85,157.231361944242,-5.54302885877556,173.24494934082,287
86,77.4207544376307,0.185600711838989,173.24494934082,277
87,81.0274225565013,-2.8008678456052,173.24494934082,294
88,39.7823614204918,-6.34631057952974,173.24494934082,286
89,53.0985522489136,3.97740307475414,192.084030151367,263
90,171.193775520468,13.8260671864663,192.084030151367,243
91,212.80498044533,22.597001001042,192.084030151367,219
92,-46.3359149530286,20.0772470499721,192.084030151367,277
93,-42.3432382063922,17.7239327701042,192.084030151367,276
94,136.80341135214,27.3648351702441,192.084030151367,249
95,70.722981618411,29.4821275506076,192.084030151367,269
96,102.805966478914,34.5874248749633,192.084030151367,244
97,297.427812679882,48.2397660308425,209.243713378906,224
98,249.85958493146,59.4464832268501,209.243713378906,225
99,271.314960473748,73.4119204648195,209.243713378906,247
100,250.54902556788,75.151327850193,209.243713378906,222
101,118.775905729142,80.5583889339527,209.243713378906,237
102,109.239270963612,83.4872097429657,209.243713378906,251
103,146.974410996111,92.023961579777,209.243713378906,229
104,323.843634165456,111.661977783452,209.243713378906,245
105,111.031666879138,108.046820659268,232.503402709961,239
106,327.499980031819,123.26752527312,232.503402709961,197
107,106.06619536244,124.495608981938,232.503402709961,198
108,244.696298290499,141.445499429304,232.503402709961,193
109,215.306272403532,151.471897333534,232.503402709961,208
110,123.606214207521,150.126891424065,232.503402709961,251
111,144.212391960639,152.798556924985,232.503402709961,213
112,153.560729661033,155.699889209166,232.503402709961,225
113,253.387804815214,164.244106944955,249.410110473633,197
114,85.6511464721875,165.546210713886,249.410110473633,254
115,276.747446671048,169.76835755991,249.410110473633,209
116,348.589649545802,175.199744323928,249.410110473633,211
117,168.923523968761,183.8101218808,249.410110473633,178
118,36.8136582878757,186.976397740571,249.410110473633,275
119,171.967520161372,188.38296209294,249.410110473633,246
120,149.897693042066,191.549950549886,249.410110473633,223
121,232.38951636395,196.733292545288,253.788513183594,182
122,128.247147763078,189.966065948615,253.788513183594,213
123,169.349174455459,186.745649529575,253.788513183594,212
124,327.916125186737,189.009696118095,253.788513183594,244
125,194.293900234289,186.759491104751,253.788513183594,220
126,282.021175957636,193.289301913891,253.788513183594,200
127,114.193946938766,193.487488952897,253.788513183594,235
128,249.393525475325,197.584253532066,253.788513183594,189
129,251.482173391131,194.689795101093,261.781646728516,206
130,267.420618405782,200.945353162158,261.781646728516,218
131,339.88993538072,201.440951376114,261.781646728516,198
132,206.606727993175,205.462572681344,261.781646728516,251
133,304.333109821661,207.84804514259,261.781646728516,196
134,261.920861201533,209.71262869451,261.781646728516,227
135,244.73750725573,214.557880416439,261.781646728516,236
136,222.179693166906,217.676572464689,261.781646728516,264
137,234.676787294958,220.921214770046,269.207427978516,210
138,350.173408419413,224.792638914214,269.207427978516,153
139,455.827424437605,239.599690032831,269.207427978516,215
140,450.218447946686,246.538530083857,269.207427978516,198
141,160.416670141381,239.01161090768,269.207427978516,272
142,304.329604921049,244.427854145771,269.207427978516,167
143,415.831217662473,259.588556520755,269.207427978516,184
144,268.947086292656,263.467739166007,269.207427978516,161
145,394.929554272853,273.269013615238,278.814361572266,238
146,434.306449695161,281.345690948486,278.814361572266,210
147,288.997874374198,287.775720012931,278.814361572266,256
148,319.806689560406,293.794020617129,278.814361572266,218
149,308.836329764598,293.030828800244,278.814361572266,223
150,292.968328020559,296.977805911694,278.814361572266,201
151,313.192254779629,298.224649064574,278.814361572266,194
152,299.392211994017,305.632579666784,278.814361572266,222
153,412.450123811286,312.154843600223,290.659820556641,218
154,307.0757526674,314.378586771273,290.659820556641,239
155,428.691009885161,320.829402430449,290.659820556641,221
156,389.507367848188,322.814099729147,290.659820556641,226
157,391.105766256913,330.194061259697,290.659820556641,233
158,453.43953599299,336.15831830655,290.659820556641,188
159,698.058700491737,353.603831878158,290.659820556641,256
160,267.197830552482,354.502244810028,290.659820556641,237
161,401.47797245782,361.674175981665,304.467193603516,261
162,440.993823840596,369.92685744349,304.467193603516,227
163,497.175036780462,375.806922577932,304.467193603516,206
164,638.170776682359,383.100656667722,304.467193603516,203
165,304.981958248654,377.291197079801,304.467193603516,229
166,538.61209766368,392.419014180693,304.467193603516,252
167,1046.78776216782,422.117340470564,304.467193603516,254
168,387.558057862324,420.986414078558,304.467193603516,264
169,363.866317015994,424.783183307491,315.427978515625,241
170,538.841481272292,430.539660387469,315.427978515625,212
171,652.814814428178,439.27999497679,315.427978515625,235
172,454.940649827557,445.917705994924,315.427978515625,191
173,656.83196642821,459.398717069636,315.427978515625,211
174,679.198924388896,474.213220854608,315.427978515625,236
175,414.306577801219,479.066750845834,315.427978515625,238
176,542.353724363979,488.233209629208,315.427978515625,233
177,827.079609272585,509.340705520351,326.704681396484,243
178,402.698368788459,508.950635319438,326.704681396484,239
179,391.361767777666,512.322075923849,326.704681396484,189
180,854.337446951157,529.347933406489,326.704681396484,268
181,792.761500534188,545.478098713929,326.704681396484,279
182,639.490848086636,555.413501987118,326.704681396484,253
183,711.728833137822,565.745073872911,326.704681396484,233
184,670.487547308381,564.642227745577,326.704681396484,216
185,758.126881158473,584.279389769816,343.842102050781,256
186,878.605387749591,603.364486381487,343.842102050781,235
187,829.012468331175,618.88523216111,343.842102050781,245
188,722.130609234824,627.883455059285,343.842102050781,218
189,533.46815370921,623.695350140359,343.842102050781,214
190,969.295638793868,650.267897362167,343.842102050781,260
191,699.835776622301,656.716844520512,343.842102050781,257
192,778.606592096378,645.989597717654,343.842102050781,260
193,790.634315003654,662.112648003308,363.134948730469,228
194,838.918921094682,681.114752166455,363.134948730469,266
195,601.955294551719,683.639304697632,363.134948730469,340
196,484.092484990211,676.890411520114,363.134948730469,276
197,1045.44072436213,700.510414501497,363.134948730469,262
198,807.907226768308,706.5534249151,363.134948730469,268
199,507.826190284709,699.698515550933,363.134948730469,248
200,894.571653991961,718.909118598563,363.134948730469,294
201,575.61629868545,720.239621571421,381.218414306641,340
202,610.197173914178,711.564324157085,381.218414306641,270
203,687.10360576215,722.940533636033,381.218414306641,255
204,597.032985157822,731.167382331239,381.218414306641,327
205,824.597531515568,729.977785713816,381.218414306641,340
206,908.443058880008,734.605048047648,381.218414306641,257
207,803.984752242327,741.184804213876,381.218414306641,340
208,726.187029209048,741.763132056725,381.218414306641,284
209,509.131144406098,735.308875940634,409.222198486328,340
210,725.804248527576,734.015970635398,409.222198486328,340
211,202.306568642974,706.964017871133,409.222198486328,340
212,546.495009117798,695.663319502598,409.222198486328,340
213,356.451066059484,681.036137775585,409.222198486328,340
214,622.134574393311,684.582794602949,409.222198486328,340
215,610.209655146111,670.219355257038,409.222198486328,340
216,508.584564752235,662.569306782236,409.222198486328,275
217,594.959742439466,655.223432795959,435.649963378906,340
218,611.018029848859,648.038781389767,435.649963378906,340
219,599.058445939515,638.444362383561,435.649963378906,340
220,227.881512066062,623.481411084134,435.649963378906,340
221,562.219901970873,626.606507763361,435.649963378906,340
222,472.918638215632,603.705624317501,435.649963378906,310
223,504.262079234852,591.559818416163,435.649963378906,340
224,695.080048490764,599.049972744405,435.649963378906,340
225,375.679985546924,578.294306006603,455.132873535156,340
226,469.352149611807,574.043740043658,455.132873535156,340
227,689.155752553336,577.202083189224,455.132873535156,340
228,566.203412773769,572.366075469689,455.132873535156,340
229,408.812391333018,564.837251716697,455.132873535156,340
230,784.047208194682,563.215238783861,455.132873535156,340
231,373.386143809037,541.812962181022,455.132873535156,340
232,808.78514527017,542.004977902136,455.132873535156,340
233,482.006974403143,532.2377757099,474.407684326172,340
234,586.301387475419,535.324585432673,474.407684326172,340
235,397.487962571912,522.191933994446,474.407684326172,340
236,789.792281024832,545.69136248972,474.407684326172,340
237,922.211454738299,560.72002031454,474.407684326172,340
238,547.273680515831,568.352924892794,474.407684326172,340
239,424.362100814255,560.442025949632,474.407684326172,340
240,334.091181088092,549.397286987311,474.407684326172,340
241,683.331347433934,556.387158294579,489.462799072266,340
242,744.820397744546,562.381584506782,489.462799072266,340
243,616.995300381607,562.620675328092,489.462799072266,340
244,700.788675859187,566.689884524879,489.462799072266,340
245,546.477623211744,579.433728970706,489.462799072266,340
246,926.567817242575,594.007645581574,489.462799072266,340
247,772.363945429265,605.98545787012,489.462799072266,340
248,361.695919966489,600.282811499385,489.462799072266,340
249,739.067977628544,602.042328664897,500.002532958984,340
250,963.121417761478,625.539985953479,500.002532958984,340
251,593.217709731723,630.494608358275,500.002532958984,340
252,987.771770869991,642.439249090942,500.002532958984,340
253,650.01836642698,645.79184723707,500.002532958984,340
254,839.298125705947,663.011276611987,500.002532958984,340
255,982.868950478206,670.964146303328,500.002532958984,340
256,777.578197799308,687.131828462939,500.002532958984,340
257,845.649087172332,688.606386139026,512.774353027344,340
258,840.945009364923,702.963907537497,512.774353027344,340
259,977.903590731945,718.627995667758,512.774353027344,340
260,838.04957512055,736.250460169703,512.774353027344,340
261,736.347229116851,734.112658093384,512.774353027344,340
262,745.375049475955,727.03920188289,512.774353027344,340
263,607.329115855547,729.441419296479,512.774353027344,340
264,744.920063109988,742.263737788308,512.774353027344,340
265,881.476889058087,764.159166107108,521.819885253906,340
266,731.891394667497,766.101567996451,521.819885253906,340
267,862.89374204624,770.824501768518,521.819885253906,340
268,418.646590770256,762.890553384064,521.819885253906,340
269,255.881362984149,745.094260869063,521.819885253906,340
270,196.797070863665,731.10703877514,521.819885253906,340
271,910.878402141482,730.479462171096,521.819885253906,340
272,490.880153317581,719.220110486629,521.819885253906,340
273,647.979466103828,730.671452332122,524.609558105469,340
274,536.340257394849,722.562343522774,524.609558105469,340
275,940.330464392504,721.650705388015,524.609558105469,340
276,564.686559946029,720.509459396588,524.609558105469,340
277,831.870894731412,714.273424351044,524.609558105469,340
278,1146.09817289684,734.116616609839,524.609558105469,340
279,689.344905775933,728.118487812638,524.609558105469,340
280,920.475674526134,725.622756774555,524.609558105469,340
281,1217.22878809602,743.208780386424,530.215515136719,340
282,1184.56113020031,756.765262107543,530.215515136719,340
283,857.478671027394,757.426608574042,530.215515136719,340
284,1141.60431448231,763.974637524056,530.215515136719,340
285,825.910903452846,763.489090657348,530.215515136719,340
286,834.380828838042,767.410434646196,530.215515136719,340
287,878.479485738487,772.734612096697,530.215515136719,340
288,1176.20303448353,795.489568841816,530.215515136719,340
289,924.134040665715,802.658127944045,539.487426757812,340
290,1117.06955297893,812.081834500879,539.487426757812,340
291,1205.71760684117,831.034882987826,539.487426757812,340
292,1251.98436838218,846.598508041264,539.487426757812,340
293,1085.51618629105,873.273291862095,539.487426757812,340
294,1045.78936270818,904.869611851057,539.487426757812,340
295,885.693041418059,932.425450673232,539.487426757812,340
296,969.759789917991,934.780706184293,539.487426757812,340
297,1300.80311360837,967.177624595924,546.363830566406,340
298,1060.7967595832,983.690316335099,546.363830566406,340
299,992.809465043411,1001.94908464104,546.363830566406,340
300,1362.49352455686,1018.83560704762,546.363830566406,340
301,1126.17395902776,1041.29510301089,546.363830566406,340
302,1363.15897077984,1062.54662605282,546.363830566406,340
303,1284.2814341459,1068.07395650278,546.363830566406,340
304,1254.39356867874,1090.6759030189,546.363830566406,340
305,1459.06810981588,1112.21960043049,551.469970703125,340
306,1257.93061751471,1113.84767360723,551.469970703125,340
307,1132.26249434726,1111.75572817311,551.469970703125,340
308,1000.10061429826,1117.46060590395,551.469970703125,340
309,1306.596453057,1124.06029144693,551.469970703125,340
310,886.458922247808,1126.48221219873,551.469970703125,340
311,1061.47843593001,1135.56611648241,551.469970703125,340
312,1373.92887748207,1155.38409215216,551.469970703125,340
313,1217.9775363828,1157.05507222813,556.847290039062,340
314,1062.90438963453,1162.60588618688,556.847290039062,340
315,1164.36698501834,1164.49778346846,556.847290039062,340
316,1174.92186308333,1163.26595371814,556.847290039062,340
317,1010.79213537995,1153.61826439805,556.847290039062,340
318,1444.6175265837,1167.98231800976,556.847290039062,340
319,1343.74576698985,1179.90057418102,556.847290039062,340
320,1264.14134643375,1195.03850638165,556.847290039062,340
321,1286.81593904118,1207.72075234658,561.763061523438,340
322,1628.2257410861,1220.81765744569,561.763061523438,340
323,1308.40278418335,1230.7218984297,561.763061523438,340
324,1467.45254315243,1249.70762155406,561.763061523438,340
325,1177.6855309098,1242.31530180817,561.763061523438,340
326,1185.23096427139,1244.67758201792,561.763061523438,340
327,1456.23090935565,1248.40045956095,561.763061523438,340
328,1307.71484769248,1249.33779610281,561.763061523438,340
329,1258.29648220547,1249.49391264388,566.239501953125,340
330,1524.14096832365,1252.09682698419,566.239501953125,340
331,1414.72211745875,1258.36848698196,566.239501953125,340
332,1487.95784726802,1272.59630109879,566.239501953125,340
333,1625.93003129951,1297.62947777884,566.239501953125,340
334,1248.72892283425,1295.31477656993,566.239501953125,340
335,1295.79720336166,1311.68830781448,566.239501953125,340
336,1379.32953834004,1324.40235191088,566.239501953125,340
337,1426.62221484528,1326.51008540541,573.735656738281,340
338,1508.73844868201,1338.14052189738,573.735656738281,340
339,1456.46452573739,1353.88292734149,573.735656738281,340
340,1310.8889762277,1359.74380698987,573.735656738281,340
341,1075.69945259739,1355.77491057043,573.735656738281,340
342,1604.24061681026,1379.51284982764,573.735656738281,340
343,1218.06783260113,1370.45086206834,573.735656738281,340
344,1253.31335686623,1366.83356566339,573.735656738281,340
345,1620.36431268149,1381.0824843133,583.538940429688,340
346,1785.29804302114,1401.0217684725,583.538940429688,340
347,1409.55646933255,1392.27499760236,583.538940429688,340
348,1486.56836083523,1399.40162066844,583.538940429688,340
349,1602.98541574388,1404.82293557209,583.538940429688,340
350,1798.4041298658,1429.65167953033,583.538940429688,340
351,1817.56682328929,1454.94511389105,583.538940429688,340
352,1459.27551402229,1455.06689807772,583.538940429688,340
353,1678.3884941801,1469.89384393722,590.545593261719,340
354,1459.11401714445,1477.92654533478,590.545593261719,340
355,1611.14273411781,1481.40661596655,590.545593261719,340
356,1529.21208000725,1485.98621446849,590.545593261719,340
357,1816.10882596378,1499.11225361632,590.545593261719,340
358,1311.79209796204,1486.54673628282,590.545593261719,340
359,1557.53786976447,1498.89909416003,590.545593261719,340
360,1611.10622361273,1511.51145497007,590.545593261719,340
361,1719.6462975818,1525.12412533974,597.882995605469,340
362,1708.27673840914,1536.39030628229,597.882995605469,340
363,1631.86063788776,1541.31519385052,597.882995605469,340
364,1347.40831863303,1536.95294556635,597.882995605469,340
365,1501.83847333648,1544.5909254507,597.882995605469,340
366,1602.38086402994,1565.658181908,597.882995605469,340
367,1608.85053908771,1565.8425787991,597.882995605469,340
368,1485.31478109272,1576.53245673876,597.882995605469,340
369,1512.37875267554,1586.89507257114,605.323974609375,340
370,1854.3320465749,1596.25378192687,605.323974609375,340
371,1850.59341278906,1598.86559671759,605.323974609375,340
372,1831.13054296691,1615.72855966296,605.323974609375,340
373,1874.72320135958,1631.25475328394,605.323974609375,340
374,1809.50098905356,1639.51537621633,605.323974609375,340
375,1580.73543993304,1630.80862861902,605.323974609375,340
376,1706.53923876262,1626.36752523795,605.323974609375,340
377,1680.37367912331,1635.21145184199,611.553771972656,340
378,1415.29649317325,1624.68777180172,611.553771972656,340
379,1543.266577417,1628.05387421262,611.553771972656,340
380,1803.25938193691,1635.73854012538,611.553771972656,340
381,1577.12447423897,1637.65503589465,611.553771972656,340
382,1461.66638402646,1623.47733821716,611.553771972656,340
383,1577.69111588102,1634.11329893392,611.553771972656,340
384,1704.66030076104,1639.99819617378,611.553771972656,340
385,1558.17295554561,1637.8808654511,620.359313964844,340
386,1622.61345158061,1633.99955161105,620.359313964844,340
387,1747.46095438694,1635.56692025016,620.359313964844,340
388,1625.3139890585,1635.30505429699,620.359313964844,340
389,1485.27895774038,1640.81987986128,620.359313964844,340
390,1707.7667369863,1649.05701040728,620.359313964844,340
391,1786.31889315917,1656.41453157245,620.359313964844,340
392,1528.82607333274,1653.21355294225,620.359313964844,340
393,1772.22210034943,1664.68984571252,624.70947265625,340
394,1984.08979879086,1683.55828755713,624.70947265625,340
395,1942.57799270767,1687.08812540244,624.70947265625,340
396,1858.21712430959,1687.39307386326,624.70947265625,340
397,1747.48626866426,1684.04730289115,624.70947265625,340
398,1914.63359581318,1685.6437186693,624.70947265625,340
399,1295.11534808471,1665.06829303054,624.70947265625,340
400,1880.98330214954,1677.0782075192,624.70947265625,340
401,1950.0571967934,1686.81892584043,634.358520507812,340
402,1866.90004788521,1694.27998059091,634.358520507812,340
403,1859.03574322556,1712.029550593,634.358520507812,340
404,1738.33874551838,1719.83243731706,634.358520507812,340
405,1482.41594600739,1706.99869987988,634.358520507812,340
406,1800.9930896816,1715.95344449758,634.358520507812,340
407,1898.38549864356,1733.42220908227,634.358520507812,340
408,1557.6744740286,1732.62154340817,634.358520507812,340
409,1694.31047769699,1732.20755048561,639.488891601562,340
410,1823.4423244928,1742.8183252435,639.488891601562,340
411,1810.77821266545,1750.34491568689,639.488891601562,340
412,1622.2848830257,1745.33787283244,639.488891601562,340
413,1815.70332008771,1752.95344607361,639.488891601562,340
414,1929.72097022592,1770.73112657303,639.488891601562,340
415,1983.70505375291,1781.76865924369,639.488891601562,340
416,1951.27702920972,1788.36698468572,639.488891601562,340
417,1781.28779121782,1798.46545340112,645.833923339844,340
418,1781.81747232878,1798.84926828029,645.833923339844,340
419,1624.97904952852,1784.4848383098,645.833923339844,340
420,1790.60141578406,1778.40577523285,645.833923339844,340
421,1459.06565878046,1762.43971661169,645.833923339844,340
422,2114.05387926337,1777.10242103565,645.833923339844,340
423,1471.9487778281,1759.39502831625,645.833923339844,340
424,1680.40773779356,1774.8067239046,645.833923339844,340
425,1772.18665366733,1770.45485796532,649.224182128906,340
426,1969.68693107692,1771.24004733666,649.224182128906,340
427,1896.38256708783,1772.41934810476,649.224182128906,340
428,1877.82502243277,1773.17091927305,649.224182128906,340
429,1895.96317180113,1779.47589632436,649.224182128906,340
430,1681.87578013309,1787.45428968939,649.224182128906,340
431,1770.96726701081,1786.25325678256,649.224182128906,340
432,1814.26834534336,1782.88857065055,649.224182128906,340
433,1878.35464749736,1795.7157775893,651.050354003906,340
434,1948.78450989986,1805.89473887741,651.050354003906,340
435,1879.1888822601,1808.12460118811,651.050354003906,340
436,2034.66283347507,1817.07998602049,651.050354003906,340
437,1849.9926114875,1826.18829515896,651.050354003906,340
438,1552.29515004825,1815.65196835738,651.050354003906,340
439,1694.64625925316,1806.24897991847,651.050354003906,340
440,1941.32285907539,1804.55369213137,651.050354003906,340
441,1937.16209687772,1803.98909483809,653.764526367188,340
442,1961.42201692946,1811.19446386656,653.764526367188,340
443,1614.86217604856,1804.51625201535,653.764526367188,340
444,1977.0227959595,1818.59800187259,653.764526367188,340
445,1820.31332057897,1819.78647806438,653.764526367188,340
446,1671.57403399038,1828.28681307278,653.764526367188,340
447,1733.40112659989,1813.06070296624,653.764526367188,340
448,1867.33249508951,1828.8760516567,653.764526367188,340
449,1880.39243366824,1836.87543949169,663.509399414062,340
450,2143.26036718441,1851.71838803237,663.509399414062,340
451,1808.09701837717,1845.25479152438,663.509399414062,340
452,1938.06012419972,1846.92189380885,663.509399414062,340
453,1867.75518292662,1846.51910022861,663.509399414062,340
454,1914.21579466846,1847.2492051433,663.509399414062,340
455,1865.82668460491,1854.60724132217,663.509399414062,340
456,1701.62706353573,1851.83363318317,663.509399414062,340
457,1958.77315379072,1857.61382552107,667.066711425781,340
458,1985.73138814541,1861.90889514699,667.066711425781,340
459,1801.32248237808,1856.01041404612,667.066711425781,340
460,1758.07205840829,1851.16574109204,667.066711425781,340
461,1911.11486007196,1846.22382215592,667.066711425781,340
462,2008.58089434542,1852.56735347024,667.066711425781,340
463,1883.3248098244,1865.80853986128,667.066711425781,340
464,2005.88372099754,1878.25803833106,667.066711425781,340
465,2028.39395776122,1881.74088227849,673.336364746094,340
466,1902.38394718139,1880.34975629064,673.336364746094,340
467,2038.64931307419,1883.43884813643,673.336364746094,340
468,1922.29970950713,1895.73634947477,673.336364746094,340
469,1880.57809517153,1891.87856144325,673.336364746094,340
470,1959.66544037695,1897.45264623517,673.336364746094,340
471,1778.22407120625,1901.71864772381,673.336364746094,340
472,1912.4009792784,1908.87864183095,673.336364746094,340
473,1967.84933864826,1912.8993155733,674.146667480469,340
474,2070.43225969149,1920.50090861423,674.146667480469,340
475,1865.15102482108,1909.37653491969,674.146667480469,340
476,1921.85094924673,1913.92669215448,674.146667480469,340
477,1995.99330156398,1916.24401924905,674.146667480469,340
478,1879.55724087475,1916.71610156697,674.146667480469,340
479,2019.07535609813,1920.91048402416,674.146667480469,340
480,1991.10807746127,1925.92173973841,674.146667480469,340
481,1959.07779698729,1936.21976907648,680.227905273438,340
482,1993.42702978089,1937.60592411608,680.227905273438,340
483,1906.59480990538,1934.44046098648,680.227905273438,340
484,2043.95219471845,1944.1456494801,680.227905273438,340
485,2003.9063156475,1953.97901976966,680.227905273438,340
486,1965.96831718622,1956.17315805423,680.227905273438,340
487,1910.37770973769,1952.24503066993,680.227905273438,340
488,1987.97594642131,1956.4310761338,680.227905273438,340
489,1890.43374056064,1951.81307691633,686.712890625,340
490,1814.65685366093,1943.26359275231,686.712890625,340
491,1950.02419647348,1945.169202724,686.712890625,340
492,1972.66560179993,1942.52985427303,686.712890625,340
493,1816.80702133238,1938.31014674604,686.712890625,340
494,1939.34305034887,1940.66074495313,686.712890625,340
495,1925.89703802765,1939.31000885916,686.712890625,340
496,2083.3009354846,1951.51308343029,686.712890625,340
497,1965.98483323218,1953.65643758844,691.851806640625,340
498,2043.35373049182,1956.67661326219,691.851806640625,340
499,1995.68289139365,1953.68663853027,691.851806640625,340
500,1811.67606904486,1951.54764029922,691.851806640625,340
501,2076.537759469,1957.73511270811,691.851806640625,340
502,1857.74399084756,1952.20514027946,691.851806640625,340
503,2010.83836062731,1957.45638506956,691.851806640625,340
504,1970.13769047603,1955.49887844468,691.851806640625,340
505,1971.82735334956,1954.72764948021,697.929870605469,340
506,1900.86914993299,1952.39930359804,697.929870605469,340
507,1930.01790718653,1949.86293869426,697.929870605469,340
508,1844.78650653336,1947.39060655938,697.929870605469,340
509,1844.46762166801,1939.41122363736,697.929870605469,340
510,1992.8697267706,1938.96976008229,697.929870605469,340
511,2122.38938037143,1945.22660260969,697.929870605469,340
512,1954.70210906451,1946.99957858277,697.929870605469,340
513,1958.45833257947,1945.81887402909,701.385620117188,340
514,2017.00766407483,1950.88183096966,701.385620117188,340
515,1862.01037638269,1952.77597187853,701.385620117188,340
516,1859.85745735687,1949.16930231387,701.385620117188,340
517,1690.16343472341,1937.86921563081,701.385620117188,340
518,2121.92881958842,1950.07408756105,701.385620117188,340
519,1899.12816244319,1948.46549204482,701.385620117188,340
520,2097.71785684564,1955.33832479754,701.385620117188,340
521,2007.24044712404,1952.29590526312,703.664489746094,340
522,2042.36222115164,1955.3510007799,703.664489746094,340
523,1977.91025831439,1952.7332618928,703.664489746094,340
524,2140.17147416199,1958.51280520353,703.664489746094,340
525,1913.63491273261,1962.59115895104,703.664489746094,340
526,1935.91698166605,1956.96632783893,703.664489746094,340
527,1934.17283701804,1960.02348168574,703.664489746094,340
528,1956.57960798151,1957.85313157991,703.664489746094,340
529,1920.08978524437,1955.85121537065,707.566467285156,340
530,1906.07997253167,1953.22132013793,707.566467285156,340
531,1987.51003214495,1956.68695542641,707.566467285156,340
532,1970.27143302001,1958.29709645975,707.566467285156,340
533,2074.21243092996,1967.47413343561,707.566467285156,340
534,1982.6834653037,1973.00276718104,707.566467285156,340
535,1891.16871198531,1968.93472658963,707.566467285156,340
536,1923.42778452086,1960.97626275561,707.566467285156,340
537,1914.05460813648,1959.35036271849,710.681640625,340
538,2048.84059415282,1962.96565318142,710.681640625,340
539,1924.2322495885,1959.25463660197,710.681640625,340
540,1894.74657869041,1960.56408469427,710.681640625,340
541,1958.00998070065,1964.49018562803,710.681640625,340
542,2023.95664769662,1977.84191414695,710.681640625,340
543,1955.67203428794,1971.19164273494,710.681640625,340
544,1929.16088550156,1972.39295165727,710.681640625,340
545,2024.61737250456,1969.46893228363,712.373168945312,340
546,2127.14426574421,1974.26508502843,712.373168945312,340
547,1912.97556663238,1969.08961884766,712.373168945312,340
548,1993.19670817133,1969.70107684194,712.373168945312,340
549,1898.53279612671,1960.03552972053,712.373168945312,340
550,2037.96167788398,1965.00860032658,712.373168945312,340
551,1862.69491637999,1962.07971771514,712.373168945312,340
552,1948.43239457487,1962.65010001741,712.373168945312,340
553,1963.12006573255,1962.91171832746,711.751953125,340
554,1731.35041980448,1955.36214370986,711.751953125,340
555,1873.46707652175,1954.05762786946,711.751953125,340
556,1707.77733384086,1942.8683199373,711.751953125,340
557,2034.52270013067,1945.43837062173,711.751953125,340
558,2069.13500940038,1945.23527376054,711.751953125,340
559,2136.96399611535,1951.40649499301,711.751953125,340
560,1987.0135546724,1955.24028870049,711.751953125,340
561,1907.34324138591,1954.59690697509,716.153747558594,340
562,1545.20963588424,1939.843108085,716.153747558594,340
563,1869.51019450105,1932.66989209893,716.153747558594,340
564,1951.15462042933,1933.74678693257,716.153747558594,340
565,2002.64499098493,1938.06272342435,716.153747558594,340
566,1841.10150008006,1933.38638419952,716.153747558594,340
567,1941.16833239823,1930.07485158759,716.153747558594,340
568,1929.64531882953,1929.03378296925,716.153747558594,340
569,2070.60407418725,1934.69151051668,720.624694824219,340
570,1973.57301160137,1932.64973608055,720.624694824219,340
571,2072.15226837535,1930.4500561858,720.624694824219,340
572,2147.5603091388,1939.83344588606,720.624694824219,340
573,1977.76738194923,1939.21627283717,720.624694824219,340
574,1977.91726128298,1942.39165144342,720.624694824219,340
575,2082.77557874793,1944.18420747798,720.624694824219,340
576,2036.44317905444,1951.13413798496,720.624694824219,340
577,2047.56588502316,1955.09947760289,721.156311035156,340
578,2164.49102160123,1963.15431583764,721.156311035156,340
579,1993.11160322235,1973.62476317435,721.156311035156,340
580,2049.77068525452,1980.67690752366,721.156311035156,340
581,1961.20246950409,1990.81391295019,721.156311035156,340
582,1810.60751717411,1981.85730563193,721.156311035156,340
583,1991.56910980314,1978.75466964804,721.156311035156,340
584,1927.3549814533,1970.37030906156,721.156311035156,340
585,1839.40185559454,1964.46584109844,719.995666503906,340
586,1888.29719455257,1963.70399922511,719.995666503906,340
587,2045.79223462368,1983.72730317469,719.995666503906,340
588,1930.13518146273,1986.15230265315,719.995666503906,340
589,2135.13690235912,1993.51159393035,719.995666503906,340
590,1779.79960026753,1984.59777830165,719.995666503906,340
591,1892.01968682402,1986.63450577141,719.995666503906,340
592,1954.50322683167,1987.16790154875,719.995666503906,340
593,1711.55918990458,1978.44445639175,720.676696777344,340
594,2072.51426139352,1978.52086388,720.676696777344,340
595,2098.18188062294,1983.50521864086,720.676696777344,340
596,1939.37285873559,1978.19404225527,720.676696777344,340
597,1938.09125805534,1969.81528021193,720.676696777344,340
598,1743.68634749054,1960.45203883358,720.676696777344,340
599,1932.07017736883,1958.61815547702,720.676696777344,340
600,1746.82988972983,1945.18032791629,720.676696777344,340
601,1914.75810376904,1940.31292490488,716.596984863281,340
602,2012.62989543658,1938.91548532141,716.596984863281,340
603,1689.12679094132,1919.90091609502,716.596984863281,340
604,1853.75153757788,1914.32651346924,716.596984863281,340
605,1855.49066156694,1906.55531252174,716.596984863281,340
606,1773.5478165799,1899.04912640477,716.596984863281,340
607,1958.65952630078,1904.97120676984,716.596984863281,340
608,1776.42480763676,1896.36543468318,716.596984863281,340
609,1798.64640309606,1891.21709154889,718.912231445312,340
610,2093.17481597701,1901.36800996419,718.912231445312,340
611,1981.85285304641,1905.11023630394,718.912231445312,340
612,1983.27450112334,1902.60952696393,718.912231445312,340
613,2016.38899380556,1906.05967945764,718.912231445312,340
614,2003.34717547541,1900.78809038229,718.912231445312,340
615,1986.48310967457,1909.05543075858,718.912231445312,340
616,1952.66768125243,1911.48135053571,718.912231445312,340
617,2016.0035429875,1913.94136318195,720.809997558594,340
618,2056.13753437844,1927.7244969609,720.809997558594,340
619,2110.05130165146,1929.22597857122,720.809997558594,340
620,1944.72576052467,1923.08773376729,720.809997558594,340
621,1968.30325243731,1924.24494951536,720.809997558594,340
622,1903.19609837819,1922.84914312827,720.809997558594,340
623,2059.18118410021,1935.46893659266,720.809997558594,340
624,1910.33541873628,1934.59954624736,720.809997558594,340
625,1910.02147789294,1941.12720977388,717.078308105469,340
626,2066.35196549102,1947.19096424276,717.078308105469,340
627,2150.02717400991,1952.68685538569,717.078308105469,340
628,1799.94294300256,1957.11950146814,717.078308105469,340
629,1836.37471970986,1956.42442875342,717.078308105469,340
630,1963.83500291276,1960.75820240725,717.078308105469,340
631,2045.44533521111,1971.6341031525,717.078308105469,340
632,1793.19257268257,1965.01542500777,717.078308105469,340
633,1932.98678325527,1971.27790403251,721.174682617188,340
634,1978.73841195662,1978.48158438694,721.174682617188,340
635,1929.15010189937,1971.92059582383,721.174682617188,340
636,2015.76741650804,1973.2771783623,721.174682617188,340
637,1845.96150460192,1967.78465850144,721.174682617188,340
638,2018.07899315635,1967.85225847547,721.174682617188,340
639,2014.63173777823,1968.30364096758,721.174682617188,340
640,2009.48083448786,1969.22354996012,721.174682617188,340
641,2096.79074247165,1974.98847240888,717.496520996094,340
642,2051.61494159504,1976.41292835319,717.496520996094,340
643,2045.88849161029,1976.00296664246,717.496520996094,340
644,2151.82134916546,1977.67376854302,717.496520996094,340
645,1937.00201328519,1977.36481865344,717.496520996094,340
646,1915.68722859388,1975.2601776997,717.496520996094,340
647,1963.63804110386,1977.67785540873,717.496520996094,340
648,1907.33023867889,1971.60381759188,717.496520996094,340
649,2013.51851333634,1975.73114137588,717.596252441406,340
650,2159.95913897201,1985.72864781904,717.596252441406,340
651,1986.21853649685,1982.52331065928,717.596252441406,340
652,1972.35406754475,1975.41638640067,717.596252441406,340
653,1926.38250482571,1980.47396887359,717.596252441406,340
654,1957.27637518318,1985.31003509253,717.596252441406,340
655,2000.73192754685,1986.78591207789,717.596252441406,340
656,2001.59727722223,1985.03198975834,717.596252441406,340
657,1980.93150860491,1992.54154719523,718.584167480469,340
658,1969.68045406356,1994.00929402756,718.584167480469,340
659,1923.23972064645,1991.78934637515,718.584167480469,340
660,1985.82277352566,1994.05625324021,718.584167480469,340
661,2070.17602655719,1996.23259764217,718.584167480469,340
662,1923.04850517313,1999.31607766502,718.584167480469,340
663,1862.39190425209,1993.08859410885,718.584167480469,340
664,1948.62021294146,1990.44813311538,718.584167480469,340
665,1980.23114145945,1989.27814539424,719.146118164062,340
666,1988.62451096816,1984.9514961341,719.146118164062,340
667,1750.42175978372,1972.90376886165,719.146118164062,340
668,1772.32107838052,1961.96107233246,719.146118164062,340
669,1795.3134781052,1947.70075749005,719.146118164062,340
670,1934.99139166985,1947.62033262543,719.146118164062,340
671,1944.8731674178,1948.78777017839,719.146118164062,340
672,1874.23941886552,1945.21182528886,719.146118164062,340
673,2034.22484858916,1950.28760968527,718.101318359375,340
674,2023.58881381467,1950.6904217044,718.101318359375,340
675,1986.19595647103,1943.73989440436,718.101318359375,340
676,1997.12709482908,1944.17623673765,718.101318359375,340
677,2000.17796498424,1945.28919263523,718.101318359375,340
678,1965.26596873866,1946.84453119175,718.101318359375,340
679,2111.28165487176,1953.00474237929,718.101318359375,340
680,1912.46537354346,1949.47408021916,718.101318359375,340
681,2123.21570671219,1954.33881739876,719.094299316406,340
682,1899.78126470658,1951.09280764282,719.094299316406,340
683,2038.9240568889,1953.86255175584,719.094299316406,340
684,2039.78711125767,1958.52444738028,719.094299316406,340
685,1844.57895032321,1952.87469445219,719.094299316406,340
686,2006.94412907066,1950.34541855273,719.094299316406,340
687,2122.03001165847,1958.30467881214,719.094299316406,340
688,1629.509400213,1948.98937865058,719.094299316406,340
689,1787.51804820883,1942.54529206127,719.080932617188,340
690,1765.98420854014,1933.9754147445,719.080932617188,340
691,1988.28735447666,1933.96192848484,719.080932617188,340
692,2106.15995037302,1948.19145610841,719.080932617188,340
693,1888.13598936699,1952.82405254787,719.080932617188,340
694,2011.70047204592,1961.4795323055,719.080932617188,340
695,1897.33984137744,1959.9734702938,719.080932617188,340
696,1862.49767580322,1956.67845062922,719.080932617188,340
697,1959.76838478428,1960.09960926597,719.4208984375,340
698,1986.19079207782,1958.17824700552,719.4208984375,340
699,1932.10526235396,1954.51890494709,719.4208984375,340
700,1903.65836755439,1951.21740139042,719.4208984375,340
701,2041.24942783156,1952.98229471052,719.4208984375,340
702,2000.50896324082,1952.99553464078,719.4208984375,340
703,1880.12462841864,1949.58988102798,719.4208984375,340
704,1822.50604835289,1938.03885676723,719.4208984375,340
705,2019.33466738921,1942.31362852106,720.511352539062,340
706,1885.67848001102,1932.81213945301,720.511352539062,340
707,1958.55257543254,1935.16299188205,720.511352539062,340
708,1748.36871176363,1923.54077807704,720.511352539062,340
709,2078.35849306572,1925.08363334936,720.511352539062,340
710,1936.34669872674,1928.7543432855,720.511352539062,340
711,1838.59971225972,1922.02056661307,720.511352539062,340
712,2005.32286794462,1917.35228086451,720.511352539062,340
713,2038.05159707324,1933.69396873892,718.462158203125,340
714,2065.44957720899,1944.81122989893,718.462158203125,340
715,1827.04982754366,1947.25385465907,718.462158203125,340
716,1673.68155791663,1934.66962279667,718.462158203125,340
717,1867.09421408203,1925.10699334503,718.462158203125,340
718,1763.69914275316,1920.12951948047,718.462158203125,340
719,1743.50281151653,1909.4016130593,718.462158203125,340
720,1966.05743919423,1912.15031697197,718.462158203125,340
721,1980.72669667851,1916.87947780698,720.529174804688,340
722,2031.8488880375,1919.76269793711,720.529174804688,340
723,2024.90020540223,1921.31107447009,720.529174804688,340
724,1998.52809073411,1923.96798760529,720.529174804688,340
725,1662.65993636858,1914.32805035786,720.529174804688,340
726,2055.27740809624,1914.88916956845,720.529174804688,340
727,1975.11457105236,1913.87339388091,720.529174804688,340
728,1767.47474823143,1909.36739867342,720.529174804688,340
729,1790.21461030804,1908.07574115163,719.507385253906,340
730,1899.68664460479,1903.28982024025,719.507385253906,340
731,1970.87209772809,1906.69756494893,719.507385253906,340
732,1816.84571606051,1901.02929057405,719.507385253906,340
733,1791.18007534436,1902.74174511728,719.507385253906,340
734,1868.06129193141,1894.32985707191,719.507385253906,340
735,1912.25366500512,1893.36613572304,719.507385253906,340
736,1973.11624751423,1898.74679713323,719.507385253906,340
737,1798.40529537404,1890.4700942304,721.162780761719,340
738,2040.25729375098,1890.55832209751,721.162780761719,340
739,1954.17435022342,1886.10731301809,721.162780761719,340
740,1949.78069938095,1891.01654789158,721.162780761719,340
741,1890.6689449942,1899.69604337468,721.162780761719,340
742,1730.97372696583,1894.25122389004,721.162780761719,340
743,1869.99417651292,1898.50302524043,721.162780761719,340
744,1926.09173037197,1905.80658199464,721.162780761719,340
745,1925.04757883803,1904.16618758039,723.695861816406,340
746,1919.18843879921,1901.70465726522,723.695861816406,340
747,1648.87864448456,1886.3858475231,723.695861816406,340
748,1759.29672949244,1875.76170848671,723.695861816406,340
749,1826.75554644721,1868.89080671524,723.695861816406,340
750,1759.36894263669,1872.75916696596,723.695861816406,340
751,1947.74891959738,1868.45802742601,723.695861816406,340
752,1820.60070291815,1862.27747270064,723.695861816406,340
753,1846.49517378771,1865.43828972289,722.213073730469,340
754,1894.58031725886,1869.61291800092,722.213073730469,340
755,2084.31650675508,1876.99811248693,722.213073730469,340
756,2115.52562142075,1882.78425343464,722.213073730469,340
757,1886.28537891569,1885.56183994885,722.213073730469,340
758,1906.68999957141,1890.18223691793,722.213073730469,340
759,1766.13139724145,1886.10504113033,722.213073730469,340
760,1883.93552455514,1884.97231551233,722.213073730469,340
761,1952.86012163149,1884.16207047702,724.913269042969,340
762,1913.09034621258,1888.74947251056,724.913269042969,340
763,1879.14104541064,1882.30482257695,724.913269042969,340
764,2158.71051149982,1890.48626902801,724.913269042969,340
765,1900.32413730573,1888.508006545,724.913269042969,340
766,1924.29828317295,1889.85318007215,724.913269042969,340
767,1981.31316240657,1899.86675748978,724.913269042969,340
768,1791.16971820774,1896.71377915757,724.913269042969,340
769,1861.93154585038,1894.14737177671,723.99658203125,340
770,1967.83925195651,1895.85903870145,723.99658203125,340
771,1799.12136430918,1891.05635572184,723.99658203125,340
772,1750.95696729629,1895.13948863431,723.99658203125,340
773,1924.20867511866,1901.73596645936,723.99658203125,340
774,1632.73510806662,1893.97514892414,723.99658203125,340
775,1808.9214220544,1895.95724810085,723.99658203125,340
776,1864.06081856633,1892.60972405961,723.99658203125,340
777,1985.28920135923,1899.19726399725,724.861206054688,340
778,1976.31412777076,1904.39002215657,724.861206054688,340
779,1659.94739007346,1895.00470506915,724.861206054688,340
780,1839.63343441819,1885.21738217568,724.861206054688,340
781,1888.33274753215,1876.12966722013,724.861206054688,340
782,1959.43048475437,1879.05547145368,724.861206054688,340
783,1684.47344944087,1870.16680944846,724.861206054688,340
784,1743.29240972681,1869.25324994787,724.861206054688,340
785,1472.18741176738,1852.78332543636,721.607299804688,340
786,1538.80169936284,1836.22098854562,721.607299804688,340
787,1759.72513675408,1830.08638016728,721.607299804688,340
788,1920.19276394366,1831.7284489086,721.607299804688,340
789,1657.95701691695,1811.69830912528,721.607299804688,340
790,1589.72605367429,1799.27438578003,721.607299804688,340
791,1529.41454143934,1783.47903611068,721.607299804688,340
792,1660.69666556505,1770.65437623702,721.607299804688,340
793,1710.55355931152,1767.42972988117,719.902709960938,340
794,1766.75103031966,1763.62250925994,719.902709960938,340
795,1659.68599517404,1751.29637898864,719.902709960938,340
796,1933.56239381611,1756.67402016892,719.902709960938,340
797,1461.07998220254,1745.07894076517,719.902709960938,340
798,1578.91585049304,1731.26722778015,719.902709960938,340
799,1490.29957256403,1725.56980636004,719.902709960938,340
800,1643.22216946167,1718.94183625633,719.902709960938,340
801,1870.81707419364,1719.21208648143,715.761413574219,340
802,1999.70268836815,1719.78862596178,715.761413574219,340
803,1960.25886368349,1719.14641539829,715.761413574219,340
804,1719.1040123508,1721.51268028939,715.761413574219,340
805,1907.65326965786,1724.23347369897,715.761413574219,340
806,1765.4308596658,1719.31739818432,715.761413574219,340
807,1893.52204738955,1716.68106068973,715.761413574219,340
808,1751.04478651626,1719.34391417274,715.761413574219,340
809,1800.17436127404,1721.61919223463,711.8232421875,340
810,2071.89475199706,1745.60748584382,711.8232421875,340
811,2045.97020700557,1765.89422614953,711.8232421875,340
812,1567.83601199038,1758.21866115898,711.8232421875,340
813,2066.03377336446,1764.05230153581,711.8232421875,340
814,1871.26692996944,1772.58469805791,711.8232421875,340
815,1633.84345478971,1774.34939410253,711.8232421875,340
816,1701.60167897905,1781.23687960412,711.8232421875,340
817,2091.75003472732,1798.47901437061,715.697265625,340
818,1700.30562698566,1798.06909707757,715.697265625,340
819,1951.99092755836,1805.47869296712,715.697265625,340
820,1957.56485785994,1817.39384747456,715.697265625,340
821,1510.89069808601,1800.48697964535,715.697265625,340
822,1800.09638453021,1814.04763573846,715.697265625,340
823,1874.79690341562,1825.88287785536,715.697265625,340
824,2045.12488246392,1848.07589025136,715.697265625,340
825,2083.0770281493,1865.67008459886,714.702697753906,340
826,1804.13611675194,1863.0028463012,714.702697753906,340
827,1631.76756473886,1848.28544135602,714.702697753906,340
828,1728.53564139124,1839.01651246433,714.702697753906,340
829,1688.00907043369,1837.77271478765,714.702697753906,340
830,1713.3252002086,1829.99959200968,714.702697753906,340
831,1760.83034114637,1829.8155712689,714.702697753906,340
832,1947.10488995781,1831.95888497163,714.702697753906,340
833,2040.05795549997,1843.51941173098,711.378173828125,340
834,1921.60886645403,1848.37679193818,711.378173828125,340
835,1799.58960350324,1837.48458599843,711.378173828125,340
836,1825.98581424867,1828.68521028815,711.378173828125,340
837,2070.77540003421,1848.80278580991,711.378173828125,340
838,1941.64516601277,1843.82724151584,711.378173828125,340
839,1660.10246369001,1835.38066286466,711.378173828125,340
840,2007.38244607835,1850.32222251621,711.378173828125,340
841,2060.10170309675,1864.66222348091,705.867614746094,340
842,1853.01232615165,1855.11271513789,705.867614746094,340
843,2164.09842997703,1873.66442725754,705.867614746094,340
844,1653.54305327612,1861.72651228625,705.867614746094,340
845,2074.94057239111,1866.4215408675,705.867614746094,340
846,1905.72401252874,1882.21487344521,705.867614746094,340
847,1479.72942221803,1869.40019495272,705.867614746094,340
848,1897.82445778214,1870.32129712738,705.867614746094,340
849,1623.61448423104,1853.46088119807,704.405395507812,340
850,1864.66286201211,1844.72431455258,704.405395507812,340
851,1844.72803622922,1846.34799133167,704.405395507812,340
852,2041.20764469277,1862.72559452983,704.405395507812,340
853,1842.40467027844,1867.28035568531,704.405395507812,340
854,1562.67524613686,1862.26700271344,704.405395507812,340
855,1970.05985162243,1872.53638877,704.405395507812,340
856,1773.54841617054,1873.04511177096,704.405395507812,340
857,1532.15823325079,1856.44724550268,702.655090332031,340
858,1992.60358748069,1854.54907078191,702.655090332031,340
859,1682.90260743376,1845.0008204211,702.655090332031,340
860,1884.5658720603,1848.39987116338,702.655090332031,340
861,1871.28184295699,1850.21171231171,702.655090332031,340
862,1862.23577112228,1841.87012715524,702.655090332031,340
863,2005.86843123364,1844.43905776407,702.655090332031,340
864,2046.09759093065,1859.8788628537,702.655090332031,340
865,1788.28310931703,1851.11488938324,701.376770019531,340
866,1613.64854812141,1833.25676318423,701.376770019531,340
867,1719.32099265824,1827.90910984449,701.376770019531,340
868,1525.46844777034,1802.36391055623,701.376770019531,340
869,1823.75477587,1809.17237945998,701.376770019531,340
870,1750.21840684047,1796.18349283796,701.376770019531,340
871,1972.08378042702,1798.83788355389,701.376770019531,340
872,1719.68890426232,1808.43626283566,701.376770019531,340
873,1637.79567978188,1798.03511171565,698.688598632812,340
874,1636.23634588298,1798.53998618173,698.688598632812,340
875,1514.17422029278,1784.52044051295,698.688598632812,340
876,1486.34145925137,1770.18497743384,698.688598632812,340
877,1721.47177339966,1757.39554258211,698.688598632812,340
878,1648.40815643484,1749.63568202837,698.688598632812,340
879,1670.14115557007,1753.9343184057,698.688598632812,340
880,1883.50259908875,1750.47202830435,698.688598632812,340
881,1958.70304935964,1757.87821363192,692.949401855469,340
882,1962.5752621761,1775.09489478893,692.949401855469,340
883,1499.71468110104,1755.37933853374,692.949401855469,340
884,1420.73922180786,1744.89280310871,692.949401855469,340
885,1473.28095184857,1728.44140630024,692.949401855469,340
886,1817.67554368493,1726.29715432935,692.949401855469,340
887,1824.77437146177,1724.79869834293,692.949401855469,340
888,1802.54213160668,1716.66564635786,692.949401855469,340
889,1739.44408802202,1704.39950624151,692.986450195312,340
890,1986.91650408482,1712.34484203222,692.986450195312,340
891,1838.21749057643,1721.32759973042,692.986450195312,340
892,1976.04334045583,1731.59649364233,692.986450195312,340
893,2004.69728829171,1750.76564726318,692.986450195312,340
894,1824.79104404575,1750.80709799021,692.986450195312,340
895,1847.37258181054,1754.69326498901,692.986450195312,340
896,1961.04552558569,1754.25173479536,692.986450195312,340
897,1659.72930756973,1751.85335092766,694.144836425781,340
898,1741.81434228352,1756.01409742772,694.144836425781,340
899,1868.88576558791,1765.32007421592,694.144836425781,340
900,2061.75057657692,1787.22312846729,694.144836425781,340
901,1931.36985448931,1805.0242642768,694.144836425781,340
902,1637.30404431731,1801.65755511351,694.144836425781,340
903,1881.94348760182,1810.99896836019,694.144836425781,340
904,1855.02264401406,1818.39422789795,694.144836425781,340
905,2025.37194700465,1824.06900181458,695.0234375,340
906,1786.86755506284,1817.19558204271,695.0234375,340
907,1871.48199176354,1813.55185122621,695.0234375,340
908,1933.33726601035,1830.89675462258,695.0234375,340
909,1872.16609754203,1848.95382965195,695.0234375,340
910,1718.79308411241,1858.7743149425,695.0234375,340
911,2022.49617230312,1866.96714008723,695.0234375,340
912,1790.24687358174,1865.58604017203,695.0234375,340
913,1835.96259720045,1866.92285879578,694.033874511719,340
914,1794.47858765136,1869.12423878095,694.033874511719,340
915,1845.07653703633,1863.45064009901,694.033874511719,340
916,1718.44427758851,1858.6597115795,694.033874511719,340
917,1901.18478652069,1855.66536942209,694.033874511719,340
918,1914.73600140271,1852.06691794653,694.033874511719,340
919,1782.38100744336,1850.37051648244,694.033874511719,340
920,1791.6269209407,1848.14069004764,694.033874511719,340
921,1722.35367357901,1838.59301596737,695.767822265625,340
922,1972.30958646705,1851.09622712327,695.767822265625,340
923,1859.41461380361,1855.80023798407,695.767822265625,340
924,1853.85247741704,1855.19890645724,695.767822265625,340
925,1833.08047798011,1846.05210251336,695.767822265625,340
926,1846.0512262094,1842.63935738217,695.767822265625,340
927,1932.6666216292,1854.45386047464,695.767822265625,340
928,1883.6220873286,1854.52100446371,695.767822265625,340
929,1811.73086971486,1852.78933349175,692.8134765625,340
930,1725.55964127565,1840.79684126259,692.8134765625,340
931,1919.05128743443,1846.08419055745,692.8134765625,340
932,2004.85157007049,1851.41897368973,692.8134765625,340
933,1853.09729561264,1848.20937487382,692.8134765625,340
934,1790.23277235513,1844.93204186634,692.8134765625,340
935,1925.5856060159,1853.20374274248,692.8134765625,340
936,1909.86946803186,1848.69867457163,692.8134765625,340
937,1752.49253219638,1847.18850091622,694.152160644531,340
938,1935.47707899669,1851.16908018807,694.152160644531,340
939,1929.42118752085,1856.56678418285,694.152160644531,340
940,1813.8160102295,1855.31636311057,694.152160644531,340
941,1929.64977213629,1863.76458289249,694.152160644531,340
942,1760.51743555889,1858.13788885401,694.152160644531,340
943,1853.04868758552,1855.67039630133,694.152160644531,340
944,1902.58644323632,1860.47861373304,694.152160644531,340
945,1937.91015463014,1866.32994308062,694.29296875,340
946,1730.34068745535,1866.64942363568,694.29296875,340
947,1701.12490290936,1855.80203629337,694.29296875,340
948,1731.72419331676,1850.69441947389,694.29296875,340
949,1938.57491299425,1854.08331689698,694.29296875,340
950,1638.66705804593,1846.30678009962,694.29296875,340
951,1796.26313259262,1844.31525635494,694.29296875,340
952,1886.33194568997,1842.46186931738,694.29296875,340
953,1552.12744964927,1829.2020838102,690.358947753906,340
954,1686.02418314126,1824.17381634726,690.358947753906,340
955,1641.91220976408,1820.8279190868,690.358947753906,340
956,1844.01235785019,1817.82636190343,690.358947753906,340
957,1730.34715496026,1806.84618529902,690.358947753906,340
958,1823.71868029676,1805.67104068638,690.358947753906,340
959,1722.19312771409,1802.94945490074,690.358947753906,340
960,1871.62874247417,1800.79118035907,690.358947753906,340
961,1674.96463960955,1791.39498722218,688.664428710938,340
962,1801.90185915401,1793.37136030048,688.664428710938,340
963,1771.35407776484,1786.80644025121,688.664428710938,340
964,1795.58962785944,1781.45317786475,688.664428710938,340
965,1625.93476534059,1773.9379280692,688.664428710938,340
966,1959.09243536324,1775.11563459827,688.664428710938,340
967,2028.29048064269,1785.82655640163,688.664428710938,340
968,1766.5637453133,1782.36715871074,688.664428710938,340
969,1799.01014384163,1778.22410673495,688.727355957031,340
970,1757.81757117428,1771.02040339672,688.727355957031,340
971,1763.14083928238,1772.3324094698,688.727355957031,340
972,1738.82472762722,1773.84040245851,688.727355957031,340
973,2075.31311046449,1787.58395914442,688.727355957031,340
974,1840.15183802484,1783.64703614564,688.727355957031,340
975,2025.88849319393,1799.13589355156,688.727355957031,340
976,1969.83010894851,1806.0785726058,688.727355957031,340
977,1757.89174816976,1800.94096470499,690.269104003906,340
978,1859.7052143624,1813.24407529352,690.269104003906,340
979,1645.03350214352,1811.60444805361,690.269104003906,340
980,1629.22906821495,1811.09712239164,690.269104003906,340
981,1514.08267088407,1797.899934913,690.269104003906,340
982,1738.6876081085,1798.23355303893,690.269104003906,340
983,1960.11723215191,1803.68949511313,690.269104003906,340
984,1929.34769082828,1811.9756776377,690.269104003906,340
985,1890.84497225432,1812.74432682891,692.741638183594,340
986,1674.25094150311,1812.71577890465,692.741638183594,340
987,1808.41706718323,1812.97638722582,692.741638183594,340
988,1805.71210271149,1814.35070822368,692.741638183594,340
989,1682.05090414455,1809.80915927509,692.741638183594,340
990,1819.1881742942,1817.53929563323,692.741638183594,340
991,1611.88035561151,1803.65081244316,692.741638183594,340
992,1700.10457170204,1790.52337608554,692.741638183594,340
993,1966.57225654046,1798.52371653462,691.856994628906,340
994,1740.5725790864,1796.18621394442,691.856994628906,340
995,1713.578790097,1794.41666270132,691.856994628906,340
996,1491.75846308266,1783.56136765334,691.856994628906,340
997,1670.98730719046,1780.84787083587,691.856994628906,340
998,1671.07493839897,1764.67834395324,691.856994628906,340
999,1519.33041999572,1751.84548723208,691.856994628906,340
1000,1649.05724832844,1736.77223743746,691.856994628906,340
1001,1487.01638942097,1717.45968865636,692.36083984375,340
1002,1428.63832701542,1704.28955181018,692.36083984375,340
1003,1510.60690950869,1690.32561961604,692.36083984375,340
1004,1696.00088075005,1692.3643147603,692.36083984375,340
1005,1289.6076988716,1678.77945998656,692.36083984375,340
1006,1452.23963269307,1676.30573845892,692.36083984375,340
1007,1640.24756209273,1672.36813661829,692.36083984375,340
1008,1489.38061232276,1653.53867182513,692.36083984375,340
1009,1553.20289418645,1638.49287995945,697.281982421875,340
1010,1461.6752923207,1621.32609276211,697.281982421875,340
1011,1556.6984836344,1616.62399444736,697.281982421875,340
1012,1576.24860348787,1607.33725589955,697.281982421875,340
1013,1373.51735024632,1590.04946580094,697.281982421875,340
1014,1376.82059274545,1577.84025334497,697.281982421875,340
1015,1377.35831614564,1560.16705901903,697.281982421875,340
1016,1627.51115601237,1560.79229103507,697.281982421875,340
1017,1306.28215304303,1545.03939428871,696.928344726562,340
1018,1660.70731749532,1532.8047967269,696.928344726562,340
1019,1600.51477321084,1527.20248449188,696.928344726562,340
1020,1397.42503199779,1514.55633416791,696.928344726562,340
1021,1658.46970783228,1521.22478395789,696.928344726562,340
1022,1485.49638251538,1513.80514697089,696.928344726562,340
1023,1467.92596975468,1505.67918822512,696.928344726562,340
1024,1524.96773966433,1505.90468101186,696.928344726562,340
1025,1818.13996517754,1512.66798968583,690.867492675781,340
1026,1645.1889613442,1518.99489256276,690.867492675781,340
1027,1916.37571223982,1538.50438797173,690.867492675781,340
1028,1505.43816161241,1538.29763805588,690.867492675781,340
1029,1682.78313330965,1537.76892815827,690.867492675781,340
1030,1647.38460085556,1552.08000423762,690.867492675781,340
1031,1530.90691512769,1555.22669553501,690.867492675781,340
1032,1638.30348046854,1555.14893227004,690.867492675781,340
1033,1619.99228820294,1560.37339930525,686.048156738281,340
1034,1709.36062948029,1566.619708717,686.048156738281,340
1035,1838.71531947065,1581.701309803,686.048156738281,340
1036,1634.61159999228,1584.81783445731,686.048156738281,340
1037,1710.2183680141,1590.17662503836,686.048156738281,340
1038,1806.2033392069,1607.48406459679,686.048156738281,340
1039,1358.68362014713,1606.75858569285,686.048156738281,340
1040,1695.78090785677,1619.4954893613,686.048156738281,340
1041,1552.88479723184,1616.51043501008,678.076538085938,340
1042,1625.08745915489,1629.26264725455,678.076538085938,340
1043,1695.70883839607,1630.66270809058,678.076538085938,340
1044,1585.77341248607,1630.07305366159,678.076538085938,340
1045,1824.60369372083,1647.16020013051,678.076538085938,340
1046,1821.83409065747,1653.69477544352,678.076538085938,340
1047,1900.42559818828,1670.29194407044,678.076538085938,340
1048,1705.63215062703,1679.80019130533,678.076538085938,340
1049,1824.81194685615,1691.793959593,674.381042480469,340
1050,1942.5610939539,1696.77080474406,674.381042480469,340
1051,1818.68577251214,1703.71067719078,674.381042480469,340
1052,1641.50588971746,1692.71588428988,674.381042480469,340
1053,1487.68780213957,1692.00586991097,674.381042480469,340
1054,1885.46530000962,1700.11315657897,674.381042480469,340
1055,1921.24167811343,1711.06743966928,674.381042480469,340
1056,2004.10940121524,1729.99553911278,674.381042480469,340
1057,1930.04436383177,1741.66517444731,667.581665039062,340
1058,2053.70081958576,1759.01351570263,667.581665039062,340
1059,1709.50988620121,1759.01948597146,667.581665039062,340
1060,1638.28591099271,1751.00230963235,667.581665039062,340
1061,1945.5423636224,1763.43954017755,667.581665039062,340
1062,2022.83755335908,1775.94430759135,667.581665039062,340
1063,1608.95573924603,1768.05440359291,667.581665039062,340
1064,2073.53424072965,1796.64842841621,667.581665039062,340
1065,1837.3838421225,1802.31254578684,663.215026855469,340
1066,1762.21917956453,1810.68592108015,663.215026855469,340
1067,1753.43604258885,1815.81986441751,663.215026855469,340
1068,2078.19088854777,1831.11914642358,663.215026855469,340
1069,1869.47884799309,1842.46736384386,663.215026855469,340
1070,1857.5895930732,1843.78679981795,663.215026855469,340
1071,1871.8693098076,1845.78820858396,663.215026855469,340
1072,1752.94250459605,1839.88888484027,663.215026855469,340
1073,1975.50645065531,1850.6838568414,657.387390136719,340
1074,1812.60998221614,1850.1957782558,657.387390136719,340
1075,1765.49614737258,1843.11318039255,657.387390136719,340
1076,1753.80920102188,1840.51811753294,657.387390136719,340
1077,1940.30722778351,1852.47017105558,657.387390136719,340
1078,1582.76813119509,1856.2733842178,657.387390136719,340
1079,1668.30640710761,1847.58702850172,657.387390136719,340
1080,1846.778053044,1844.60848349894,657.387390136719,340
1081,1859.61777327202,1838.82881838121,660.048583984375,340
1082,1474.41484972566,1820.60363781697,660.048583984375,340
1083,1619.03441999502,1803.21698183334,660.048583984375,340
1084,1764.31585243313,1805.40922048262,660.048583984375,340
1085,1807.81295282582,1812.19030215594,660.048583984375,340
1086,1751.18575066751,1804.41603763774,660.048583984375,340
1087,1874.99702869823,1798.50241665131,660.048583984375,340
1088,1993.34873629921,1813.87813653344,660.048583984375,340
1089,1807.6535360947,1803.24290834804,658.515197753906,340
1090,2155.7955143325,1815.97937523644,658.515197753906,340
1091,1927.07584657279,1822.57364191677,658.515197753906,340
1092,1743.07923654248,1822.15936967492,658.515197753906,340
1093,1920.03868609927,1815.83328157698,658.515197753906,340
1094,1677.26720263955,1808.14481576283,658.515197753906,340
1095,1964.50947223103,1812.42161092915,658.515197753906,340
1096,1974.49536121649,1816.5266529855,658.515197753906,340
1097,1745.11734408444,1816.21364656504,664.372619628906,340
1098,1899.12420199884,1813.15835661878,664.372619628906,340
1099,1822.88363608107,1813.56930277338,664.372619628906,340
1100,1826.54865945867,1816.01140325682,664.372619628906,340
1101,1858.4469867247,1820.19691468493,664.372619628906,340
1102,1939.57708908915,1820.16770913716,664.372619628906,340
1103,1773.79308059705,1827.80870711324,664.372619628906,340
1104,2126.94827342313,1846.15438176586,664.372619628906,340
1105,1953.52494143608,1850.42425730154,667.7900390625,340
1106,1886.86840713076,1851.51428265589,667.7900390625,340
1107,1862.02426343059,1867.01865920409,667.7900390625,340
1108,2012.93367366479,1882.77462935088,667.7900390625,340
1109,1948.77514080642,1890.15300088581,667.7900390625,340
1110,1605.40071373639,1882.05651132223,667.7900390625,340
1111,2059.42056000371,1894.38590369568,667.7900390625,340
1112,1882.91704869842,1894.70270449569,667.7900390625,340
1113,1894.02199623717,1890.72963489321,667.92529296875,340
1114,1918.43974905283,1895.16108341153,667.92529296875,340
1115,1947.67570934998,1886.83629121223,667.92529296875,340
1116,1802.95245502935,1881.87135555049,667.92529296875,340
1117,1800.77007214345,1884.17898897453,667.92529296875,340
1118,1839.85625737998,1880.97169182576,667.92529296875,340
1119,1887.67622626777,1889.38805277089,667.92529296875,340
1120,1834.19176523266,1884.17534449096,667.92529296875,340
1121,1788.4408908576,1876.7331656766,671.864379882812,340
1122,1884.95190870977,1882.32654826161,671.864379882812,340
1123,2090.11665146773,1889.96624624037,671.864379882812,340
1124,1889.73697820885,1892.64037992548,671.864379882812,340
1125,2008.42600675086,1899.91547381717,671.864379882812,340
1126,1875.28265981173,1900.58890074065,671.864379882812,340
1127,1900.62119898029,1899.03066513629,671.864379882812,340
1128,2087.87229618746,1911.59383375991,671.864379882812,340
1129,1954.56864144977,1904.69864848098,677.582458496094,340
1130,1880.87495501353,1901.79264902407,677.582458496094,340
1131,1879.28389971137,1901.4892687273,677.582458496094,340
1132,1967.1001020781,1905.6923022732,677.582458496094,340
1133,1921.65718698397,1902.04124280597,677.582458496094,340
1134,1821.43039434935,1896.94745294768,677.582458496094,340
1135,1894.51759972,1908.51212838703,677.582458496094,340
1136,1804.91992723461,1898.33210307626,677.582458496094,340
1137,2127.66521335447,1908.12202966251,680.453308105469,340
1138,1791.70777287026,1904.02946072783,680.453308105469,340
1139,1865.65556461287,1901.91809335023,680.453308105469,340
1140,1915.36214038534,1900.62555059165,680.453308105469,340
1141,1971.68252701262,1907.37475347098,680.453308105469,340
1142,2080.02130332362,1918.54480271818,680.453308105469,340
1143,1807.11398296796,1917.2351117417,680.453308105469,340
1144,2053.99791429573,1923.88797926282,680.453308105469,340
1145,1888.71553582281,1926.06893008643,682.177124023438,340
1146,1729.32477497732,1923.70428545122,682.177124023438,340
1147,1807.61534401142,1920.61082286328,682.177124023438,340
1148,1830.0326828099,1910.20746411697,682.177124023438,340
1149,1889.64165843973,1910.2036513262,682.177124023438,340
1150,1772.68485092409,1900.77400509313,682.177124023438,340
1151,1834.155263152,1899.12890922674,682.177124023438,340
1152,2077.05536955684,1906.18627604981,682.177124023438,340
1153,2030.56387325672,1903.89393913258,686.409301757812,340
1154,1723.45582571962,1894.64942650337,686.409301757812,340
1155,1817.64464945018,1892.12021428084,686.409301757812,340
1156,1874.06030937855,1891.91127066752,686.409301757812,340
1157,2164.92445118047,1899.82424463162,686.409301757812,340
1158,1667.54556516867,1889.65977975901,686.409301757812,340
1159,1813.55921950718,1889.34493276532,686.409301757812,340
1160,1808.13081405418,1885.88946133869,686.409301757812,340
1161,1815.08183923924,1886.29593781887,689.609191894531,340
1162,1918.53567219569,1877.93075617252,689.609191894531,340
1163,2024.26646782097,1887.23310397055,689.609191894531,340
1164,2035.30647448965,1894.01914036562,689.609191894531,340
1165,1869.43509108462,1892.18205839359,689.609191894531,340
1166,1680.19515319897,1880.52256344105,689.609191894531,340
1167,1592.01843325923,1861.00244863847,689.609191894531,340
1168,1915.26878556352,1865.32864074229,689.609191894531,340
1169,1737.51449865281,1852.66930411658,691.611694335938,340
1170,1905.82410856655,1853.35364702633,691.611694335938,340
1171,1879.74616736884,1859.37050272199,691.611694335938,340
1172,1757.17577454699,1857.35291994341,691.611694335938,340
1173,1776.71556286783,1855.22023514573,691.611694335938,340
1174,1952.58727323897,1857.7380597377,691.611694335938,340
1175,2002.20585384631,1866.91889985458,691.611694335938,340
1176,1839.34709283065,1867.12657304173,691.611694335938,340
1177,1756.66739810195,1854.31105418353,691.204833984375,340
1178,1820.21893467268,1845.89725664017,691.204833984375,340
1179,1620.73038867091,1841.78823915823,691.204833984375,340
1180,1587.21157348803,1832.57091611974,691.204833984375,340
1181,1903.16726845309,1833.73519448272,691.204833984375,340
1182,1657.44605835423,1813.43605876967,691.204833984375,340
1183,1737.02135882259,1816.21509051583,691.204833984375,340
1184,1824.71990514042,1816.66151794116,691.204833984375,340
1185,1763.03838182658,1814.85782065205,695.147094726562,340
1186,1901.81632735677,1818.32720017675,695.147094726562,340
1187,1734.31614161301,1810.95841895345,695.147094726562,340
1188,1847.3565276219,1803.88202134548,695.147094726562,340
1189,1803.01318655868,1794.59028982824,695.147094726562,340
1190,2002.18026849974,1799.90009692485,695.147094726562,340
1191,1997.74673731731,1812.60216028958,695.147094726562,340
1192,1698.18900744127,1816.84898325686,695.147094726562,340
1193,1726.56561146318,1809.30085629285,694.498962402344,340
1194,1677.49671536211,1806.90014496122,694.498962402344,340
1195,1807.76991522471,1802.97797722755,694.498962402344,340
1196,1595.04255471557,1791.58983272142,694.498962402344,340
1197,1963.29590967988,1799.83463812673,694.498962402344,340
1198,1754.50596115384,1798.94625405817,694.498962402344,340
1199,1700.14461993968,1788.8485479262,694.498962402344,340
1200,1768.76925272014,1779.51108388116,694.498962402344,340
1201,1850.21206482088,1779.94568276076,696.331848144531,340
1202,1945.60466633573,1787.50317349012,696.331848144531,340
1203,1996.96558494322,1794.57303950094,696.331848144531,340
1204,1972.14763139631,1808.62972920995,696.331848144531,340
1205,1726.46248655512,1814.19976573264,696.331848144531,340
1206,1703.01070688135,1806.19350326977,696.331848144531,340
1207,1747.40025025698,1809.79167094588,696.331848144531,340
1208,1755.85214248802,1810.54490229249,696.331848144531,340
1209,1804.99322217154,1809.75583497374,694.757568359375,340
1210,1712.76014231352,1807.74470539322,694.757568359375,340
1211,2073.42020570286,1814.60886052706,694.757568359375,340
1212,1821.00399926636,1818.0763748332,694.757568359375,340
1213,1686.02025064108,1811.62292375396,694.757568359375,340
1214,1805.4216195805,1811.71926107484,694.757568359375,340
1215,1746.45756760821,1801.49035303917,694.757568359375,340
1216,1808.12342766963,1793.90542065327,694.757568359375,340
1217,1860.26802781537,1800.38858146823,696.0439453125,340
1218,1949.05549900422,1809.28817696987,696.0439453125,340
1219,1789.97443704171,1813.78728583706,696.0439453125,340
1220,1676.37941467873,1808.53166581522,696.0439453125,340
1221,1895.3365137982,1820.54342417852,696.0439453125,340
1222,2028.02858823094,1823.13273132057,696.0439453125,340
1223,1914.02581718244,1829.51352556171,696.0439453125,340
1224,1566.73734635093,1824.17723461816,696.0439453125,340
1225,1743.45723010996,1823.16475371375,699.039123535156,340
1226,1714.04864551407,1817.71821694148,699.039123535156,340
1227,2036.83778874396,1821.36754183781,699.039123535156,340
1228,1866.03658055887,1816.13038166244,699.039123535156,340
1229,1665.3071534467,1803.85676254445,699.039123535156,340
1230,1915.00993745176,1811.39866058032,699.039123535156,340
1231,1733.57872972543,1812.62138149408,699.039123535156,340
1232,1824.68970303405,1815.71295960516,699.039123535156,340
1233,1804.90174211975,1817.67494359043,697.715576171875,340
1234,1984.80615004339,1824.86746070531,697.715576171875,340
1235,2004.88561680326,1836.5524796849,697.715576171875,340
1236,1905.11096415303,1829.8201100229,697.715576171875,340
1237,1831.16874893734,1830.22670000974,697.715576171875,340
1238,1828.17469096639,1835.91287762275,697.715576171875,340
1239,1780.81233994126,1834.92850643718,697.715576171875,340
1240,1614.98577858733,1829.66963487635,697.715576171875,340
1241,1707.46501778136,1825.64329848082,695.876342773438,340
1242,1839.05910801456,1824.79494168879,695.876342773438,340
1243,1959.13683695234,1825.19819520671,695.876342773438,340
1244,1934.39177995924,1830.97488892341,695.876342773438,340
1245,1902.35339889797,1840.01384829218,695.876342773438,340
1246,1989.90308813442,1843.79651126563,695.876342773438,340
1247,1960.0677850148,1841.07807913699,695.876342773438,340
1248,2116.59292067186,1849.18076327656,695.876342773438,340
1249,2011.60059381127,1866.97529317498,689.03759765625,340
1250,1861.04518557958,1871.67881139376,689.03759765625,340
1251,2156.71780544365,1889.38557779094,689.03759765625,340
1252,1958.95569767803,1886.27029414831,689.03759765625,340
1253,1813.75997161877,1884.1792297907,689.03759765625,340
1254,1996.75361602787,1897.43708829395,689.03759765625,340
1255,2006.10148354117,1901.08075013753,689.03759765625,340
1256,2100.29138601137,1915.74925638896,689.03759765625,340
1257,1851.36472533336,1916.81625728093,686.955261230469,340
1258,1886.50484744942,1920.08038149412,686.955261230469,340
1259,1895.96137699741,1916.52659057228,686.955261230469,340
1260,2001.05240361802,1916.37326204487,686.955261230469,340
1261,1948.7466102084,1918.11868788709,686.955261230469,340
1262,1925.59664809544,1921.89580385341,686.955261230469,340
1263,1978.02736845396,1927.88991095291,686.955261230469,340
1264,2053.64633510594,1938.8032707595,686.955261230469,340
1265,2198.65953262579,1962.15022092104,683.716796875,340
1266,1979.36578194514,1973.02625148759,683.716796875,340
1267,1938.33896769341,1976.99744587475,683.716796875,340
1268,1883.62131621453,1973.97682504523,683.716796875,340
1269,2021.12020037307,1977.44596186179,683.716796875,340
1270,2130.63622785892,1986.57727502022,683.716796875,340
1271,1898.36918944266,1982.91591907255,683.716796875,340
1272,1885.82012582543,1979.94601270498,683.716796875,340
1273,1963.86514290497,1973.8369015943,681.025573730469,340
1274,2194.5874217524,1981.15637471195,681.025573730469,340
1275,1929.10128265071,1983.87861859479,681.025573730469,340
1276,1963.88620610834,1976.16535462138,681.025573730469,340
1277,2048.68144508211,1979.75438451754,681.025573730469,340
1278,1706.88605696339,1975.47942793133,681.025573730469,340
1279,1808.75593164291,1967.95952055593,681.025573730469,340
1280,2020.17228176334,1968.52235248482,681.025573730469,340
1281,1878.54530976512,1959.65250943497,681.311340332031,340
1282,1828.10862154837,1958.72226528357,681.311340332031,340
1283,1922.78282576672,1960.17338441626,681.311340332031,340
1284,1895.81610012969,1960.16757334155,681.311340332031,340
1285,2121.49652513935,1964.98533820241,681.311340332031,340
1286,2149.6990543694,1973.02343596885,681.311340332031,340
1287,1909.1983901389,1972.36750565058,681.311340332031,340
1288,1872.64682493112,1968.15228390967,681.311340332031,340
1289,2113.5764463466,1970.5494883593,684.249328613281,340
1290,2047.10509224099,1964.4873107439,684.249328613281,340
1291,1880.61398383813,1960.53723881962,684.249328613281,340
1292,2164.05808075377,1969.56600334204,684.249328613281,340
1293,1947.18376873001,1972.10850144266,684.249328613281,340
1294,2071.01355672991,1974.10423569693,684.249328613281,340
1295,1821.58998622267,1961.74238603148,684.249328613281,340
1296,1911.33437113205,1962.26099329906,684.249328613281,340
1297,2038.30245450641,1968.3602864463,685.6181640625,340
1298,2154.1361806094,1975.97112795447,685.6181640625,340
1299,1994.41102685833,1967.96407215871,685.6181640625,340
1300,1952.42462695987,1968.89700593108,685.6181640625,340
1301,2117.8073666015,1975.0538523508,685.6181640625,340
1302,1962.7314208076,1971.61585137982,685.6181640625,340
1303,2101.267056746,1987.39109137113,685.6181640625,340
1304,2120.18956095404,1999.84843654357,685.6181640625,340
1305,2164.84188695023,2005.63522075105,687.280456542969,340
1306,1915.3568157477,2007.10768099035,687.280456542969,340
1307,2129.02200096406,2019.14421616698,687.280456542969,340
1308,2086.79293793415,2025.70462065368,687.280456542969,340
1309,2033.56995884668,2031.21477500236,687.280456542969,340
1310,2134.78246165525,2031.74621246299,687.280456542969,340
1311,2021.37846161011,2026.61338875262,687.280456542969,340
1312,2167.0015222941,2036.92551403883,687.280456542969,340
1313,1989.94992813819,2041.61763816711,690.541931152344,340
1314,2033.56005636408,2038.41698256781,690.541931152344,340
1315,2088.22145125317,2040.0616369283,690.541931152344,340
1316,1947.10787305866,2042.72139249712,690.541931152344,340
1317,1619.12393218291,2020.92402655428,690.541931152344,340
1318,2106.57246178987,2027.29957427668,690.541931152344,340
1319,2115.87483278698,2029.09402531896,690.541931152344,340
1320,2172.71099082495,2043.13886550305,690.541931152344,340
1321,2068.48830467988,2049.42502284497,691.779541015625,340
1322,2084.14215184637,2051.25861073856,691.779541015625,340
1323,2192.25947771662,2052.78354262285,691.779541015625,340
1324,1801.94613069249,2045.08494677622,691.779541015625,340
1325,2021.0212534559,2047.82881183606,691.779541015625,340
1326,2047.04829969494,2044.9984491598,691.779541015625,340
1327,2037.11505995205,2047.97379472558,691.779541015625,340
1328,2112.24145049265,2048.41277047544,691.779541015625,340
1329,2153.92770994062,2049.7622964349,691.634826660156,340
1330,2064.08788010637,2045.73213616115,691.634826660156,340
1331,2089.3239658173,2052.69082216393,691.634826660156,340
1332,1975.2775062439,2046.54104237513,691.634826660156,340
1333,2170.48918812459,2049.88889238275,691.634826660156,340
1334,1969.76928571601,2047.33686545752,691.634826660156,340
1335,2208.35623003229,2050.2798161926,691.634826660156,340
1336,1956.32314172664,2047.67760339726,691.634826660156,340
1337,2068.53686332883,2043.73901703865,694.740478515625,340
1338,1945.72239284943,2041.9699156271,694.740478515625,340
1339,2200.87793740805,2048.66263086886,694.740478515625,340
1340,2197.76362974502,2053.04431800853,694.740478515625,340
1341,2104.63474266715,2059.34539279287,694.740478515625,340
1342,2097.48087101263,2078.47967034606,694.740478515625,340
1343,1956.26245644196,2072.46727013215,694.740478515625,340
1344,1866.5023456737,2062.49237064761,694.740478515625,340
1345,2049.59808224288,2057.56785430433,697.747497558594,340
1346,2096.93374260499,2058.70567182134,697.747497558594,340
1347,1956.66123434104,2053.60643512112,697.747497558594,340
1348,2033.56207398569,2047.25853897189,697.747497558594,340
1349,2134.15346710544,2060.5468324284,697.747497558594,340
1350,2087.2728137597,2063.19689484056,697.747497558594,340
1351,2028.32941946609,2062.4481396314,697.747497558594,340
1352,2067.94615043709,2063.6813832508,697.747497558594,340
1353,2213.77471972145,2067.74271401995,698.841491699219,340
1354,2104.11621771954,2065.75025433111,698.841491699219,340
1355,1976.25322067895,2062.23686795401,698.841491699219,340
1356,2050.75335561459,2060.69404354591,698.841491699219,340
1357,2079.33592592833,2064.85638033328,698.841491699219,340
1358,1992.86564705654,2057.75143869056,698.841491699219,340
1359,1866.70793310883,2053.62898458627,698.841491699219,340
1360,2020.32928711934,2046.10790686976,698.841491699219,340
1361,2104.71186286538,2052.04345571531,700.805114746094,340
1362,1978.51344933589,2048.44251915559,700.805114746094,340
1363,2029.55645096105,2051.79588148005,700.805114746094,340
1364,2053.70849344894,2045.90910372169,700.805114746094,340
1365,1998.03024781969,2037.91976844467,700.805114746094,340
1366,2174.31129849418,2040.70683067776,700.805114746094,340
1367,2120.67019281673,2041.63440354992,700.805114746094,340
1368,1995.68650774723,2043.21136560213,700.805114746094,340
1369,1818.98372248534,2041.3106206746,700.486511230469,340
1370,2164.66431415944,2045.91326995126,700.486511230469,340
1371,2124.619275048,2047.02069124898,700.486511230469,340
1372,2102.36120653431,2052.84869013671,700.486511230469,340
1373,2058.05893328394,2053.82856450864,700.486511230469,340
1374,2069.97283427756,2051.26133919552,700.486511230469,340
1375,2122.2826796705,2052.66173383196,700.486511230469,340
1376,1890.59415651593,2047.15232331395,700.486511230469,340
1377,2009.56054242627,2044.81689899352,701.5869140625,340
1378,2073.77245603044,2039.21680844588,701.5869140625,340
1379,2034.87761607848,2036.44726438023,701.5869140625,340
1380,1965.34119307818,2036.0107832762,701.5869140625,340
1381,1972.61609780428,2032.88529296379,701.5869140625,340
1382,1889.06881072873,2025.27460835581,701.5869140625,340
1383,1914.94480808509,2022.15777479695,701.5869140625,340
1384,1907.53812901264,2023.7909826331,701.5869140625,340
1385,2012.22759405756,2023.46691491063,702.732055664062,340
1386,2048.97734301409,2021.23753411658,702.732055664062,340
1387,1915.36455334456,2018.71157827693,702.732055664062,340
1388,2100.71706718655,2021.55800292595,702.732055664062,340
1389,2072.1009683856,2022.29370192341,702.732055664062,340
1390,1982.3050170024,2021.66469269072,702.732055664062,340
1391,2037.11716776361,2016.1769274615,702.732055664062,340
1392,2197.17437848343,2019.23709488817,702.732055664062,340
1393,1954.85181351785,2017.60370711899,704.839294433594,340
1394,1998.65124492618,2024.79040801663,704.839294433594,340
1395,2143.82447322817,2023.95681437937,704.839294433594,340
1396,2159.21902682967,2025.34080445064,704.839294433594,340
1397,2023.87769817644,2022.20146411633,704.839294433594,340
1398,1944.51298508623,2017.65962618842,704.839294433594,340
1399,1939.12565607168,2012.42573906018,704.839294433594,340
1400,2018.20840348399,2008.26276801272,704.839294433594,340
1401,2091.3054223227,2016.29121864499,705.914611816406,340
1402,2188.50913650157,2023.44916240801,705.914611816406,340
1403,2001.16109700776,2020.5447080471,705.914611816406,340
1404,2169.19830121688,2025.91753545263,705.914611816406,340
1405,1930.31874945269,2024.51663770762,705.914611816406,340
1406,2104.93073955435,2029.80922337762,705.914611816406,340
1407,2156.29776292268,2040.49838146538,705.914611816406,340
1408,2039.40735908326,2045.4768835053,705.914611816406,340
1409,2174.80871388584,2056.16770690023,705.648681640625,340
1410,2078.43824629953,2058.81613298991,705.648681640625,340
1411,2195.40464406603,2064.67322503199,705.648681640625,340
1412,1925.79454121401,2065.09042454676,705.648681640625,340
1413,2146.46031853484,2066.9201546007,705.648681640625,340
1414,2064.48178983379,2066.61538745862,705.648681640625,340
1415,1996.83245702547,2067.19648505955,705.648681640625,340
1416,1461.10080759617,2044.15583065285,705.648681640625,340
1417,2141.74582272805,2041.93868842263,707.97021484375,340
1418,1986.6144449264,2043.20919367898,707.97021484375,340
1419,2223.79744795458,2052.21504180011,707.97021484375,340
1420,2174.11974273002,2053.42685258019,707.97021484375,340
1421,1418.95341179321,2023.81622797873,707.97021484375,340
1422,2180.40499789692,2030.07731996755,707.97021484375,340
1423,2051.73234944658,2034.36609454196,707.97021484375,340
1424,2025.41628557404,2037.81771972205,707.97021484375,340
1425,1955.74323054395,2035.31911280445,709.720458984375,340
1426,2177.98459253159,2038.78627961281,709.720458984375,340
1427,2069.83889736444,2034.03947004732,709.720458984375,340
1428,2153.9655175407,2040.15164686864,709.720458984375,340
1429,2149.22734034321,2039.35280843369,709.720458984375,340
1430,2064.41071704509,2044.71648713739,709.720458984375,340
1431,2092.46055193155,2044.21767963248,709.720458984375,340
1432,2211.37891874729,2046.42092586546,709.720458984375,340
1433,2029.71715574696,2046.03331773201,710.98876953125,340
1434,2175.66253887336,2046.06747073151,710.98876953125,340
1435,2009.59528046533,2043.31375209814,710.98876953125,340
1436,2140.24494649655,2041.10736419536,710.98876953125,340
1437,2129.36788444134,2049.25029792446,710.98876953125,340
1438,2074.72348007552,2046.38082438608,710.98876953125,340
1439,2102.1752022909,2047.88856088437,710.98876953125,340
1440,2122.41273880799,2052.91177215567,710.98876953125,340
1441,2066.71432376095,2077.13631280226,710.892211914062,340
1442,2050.88629424552,2073.50193166296,710.892211914062,340
1443,1974.99666903721,2073.03722062739,710.892211914062,340
1444,2125.37874316663,2069.10047243587,710.892211914062,340
1445,2139.52399593413,2067.71664256404,710.892211914062,340
1446,2183.49189335217,2098.2981818264,710.892211914062,340
1447,2184.79470556547,2098.47377013314,710.892211914062,340
1448,2164.61045445367,2102.98889433342,710.892211914062,340
1449,2084.13264659045,2105.33754877408,713.109191894531,340
1450,2062.10289013639,2109.59193515778,713.109191894531,340
1451,2037.3072644537,2103.96484203466,713.109191894531,340
1452,2217.45428731406,2109.86945763265,713.109191894531,340
1453,2217.70433746014,2112.41901042942,713.109191894531,340
1454,2109.7503257619,2110.83992984617,713.109191894531,340
1455,2035.43589508571,2109.6809369678,713.109191894531,340
1456,2015.47698317896,2106.60159421769,713.109191894531,340
1457,2057.58259125806,2100.44974111812,712.363098144531,340
1458,2120.35833824493,2104.07538841804,712.363098144531,340
1459,2137.94689897616,2102.56676282215,712.363098144531,340
1460,2004.61501504886,2102.36755220549,712.363098144531,340
1461,2234.78688785185,2106.14922985971,712.363098144531,340
1462,2217.79015031888,2109.68612049481,712.363098144531,340
1463,2126.68286357818,2111.76449583491,712.363098144531,340
1464,2136.4999156625,2113.13748436978,712.363098144531,340
1465,2171.41286758681,2115.09748952093,714.457702636719,340
1466,2192.61542902306,2120.13353373142,714.457702636719,340
1467,2033.96396501875,2119.45664056234,714.457702636719,340
1468,2098.14448184045,2124.38255307447,714.457702636719,340
1469,2009.71418359486,2119.7559706916,714.457702636719,340
1470,2045.46036426623,2115.99342542489,714.457702636719,340
1471,1970.54673593704,2107.47561912828,714.457702636719,340
1472,2114.1516389704,2104.64989646448,714.457702636719,340
1473,2178.67660844602,2105.21254262417,713.566650390625,340
1474,2168.22407340129,2108.57619969661,713.566650390625,340
1475,2228.78277981885,2115.24339528391,713.566650390625,340
1476,2000.43016803571,2113.76831142719,713.566650390625,340
1477,1933.80962720505,2102.42252502283,713.566650390625,340
1478,1713.6695665423,2082.26113418611,713.566650390625,340
1479,2237.23225254752,2087.36041125754,713.566650390625,340
1480,2101.85014672676,2090.01698132318,713.566650390625,340
1481,2112.33309294242,2093.89122571372,716.774963378906,340
1482,2024.97048769259,2092.5867415711,716.774963378906,340
1483,1950.86061565639,2085.80683266756,716.774963378906,340
1484,2066.75868445869,2082.95930408686,716.774963378906,340
1485,2238.31349022296,2092.30724309382,716.774963378906,340
1486,2172.7184191809,2089.82450434698,716.774963378906,340
1487,2057.24383551444,2083.40265175481,716.774963378906,340
1488,2179.8140586202,2085.52789955649,716.774963378906,340
1489,2204.91689431599,2088.26457870263,719.426940917969,340
1490,1982.99981031377,2080.72805641171,719.426940917969,340
1491,2185.46227135686,2080.44193010506,719.426940917969,340
1492,2069.15637136274,2081.84962635882,719.426940917969,340
1493,2060.25919617185,2080.33421493207,719.426940917969,340
1494,2183.40540829672,2087.28186392015,719.426940917969,340
1495,2068.39031875945,2088.19906209988,719.426940917969,340
1496,2056.02342798728,2091.61812978189,719.426940917969,340
1497,2092.1216359396,2090.73692966065,717.138854980469,340
1498,2065.42512303358,2086.20687024416,717.138854980469,340
1499,2220.11943093782,2088.28268454562,717.138854980469,340
1500,2018.81517757679,2079.88398045594,717.138854980469,340
1501,2125.85181055897,2084.90084615687,717.138854980469,340
1502,2028.10956844372,2088.67284380641,717.138854980469,340
1503,2149.78318767393,2106.11738865168,717.138854980469,340
1504,2004.61362048941,2096.81264336935,717.138854980469,340
1505,2111.3953334869,2097.19445083976,715.623901367188,340
1506,2192.58232958154,2100.40442030532,715.623901367188,340
1507,2216.70218538218,2108.07368821291,715.623901367188,340
1508,2271.12595313949,2120.88430171223,715.623901367188,340
1509,2045.66883738693,2120.04070782936,715.623901367188,340
1510,2075.69580845174,2113.53600055851,715.623901367188,340
1511,2021.68943512172,2107.49484119615,715.623901367188,340
1512,2050.70982584627,2107.23348080942,715.623901367188,340
1513,2206.37965226649,2108.29610455527,719.336547851562,340
1514,1872.88553359984,2095.01485012662,719.336547851562,340
1515,2090.51832909474,2099.31559087786,719.336547851562,340
1516,2110.64504315305,2096.32290174971,719.336547851562,340
1517,2234.94959561065,2102.95463071963,719.336547851562,340
1518,2105.81440319468,2104.77683900054,719.336547851562,340
1519,2130.47358674649,2102.65956613853,719.336547851562,340
1520,1981.66960879248,2099.19073773985,719.336547851562,340
1521,2255.63381140565,2107.17515307659,719.720886230469,340
1522,2089.31999425981,2107.0630874094,719.720886230469,340
1523,2046.08758530806,2106.28958590037,719.720886230469,340
1524,2108.00961597127,2101.80519330171,719.720886230469,340
1525,2271.8816845184,2111.92785357938,719.720886230469,340
1526,2172.18209914721,2113.78106512291,719.720886230469,340
1527,2119.49895684559,2117.43664065898,719.720886230469,340
1528,2146.8107663699,2117.31774380682,719.720886230469,340
1529,2092.80812571216,2120.84552401573,720.941345214844,340
1530,2208.89296090409,2124.74542911242,720.941345214844,340
1531,2258.70851595179,2127.39047656723,720.941345214844,340
1532,2191.78649483984,2126.39384894553,720.941345214844,340
1533,1846.2276733753,2109.39791775496,720.941345214844,340
1534,2088.72684122882,2111.12023790864,720.941345214844,340
1535,2236.94644832704,2117.57026350365,720.941345214844,340
1536,2101.219801315,2120.75147815138,720.941345214844,340
1537,2227.23043647044,2127.81230257635,724.03955078125,340
1538,2265.9850158656,2130.19651712032,724.03955078125,340
1539,2195.90724899319,2143.11738573605,724.03955078125,340
1540,2143.79617680584,2145.24849964449,724.03955078125,340
1541,1977.0508458283,2139.9047317515,724.03955078125,340
1542,2178.52275164176,2137.64765799275,724.03955078125,340
1543,1994.39198747897,2133.19076136412,724.03955078125,340
1544,2091.44120636266,2131.62946614877,724.03955078125,340
1545,2209.18468145845,2140.7300690554,723.239562988281,340
1546,2059.23484141442,2132.87411025576,723.239562988281,340
1547,2114.97387174714,2133.90026535525,723.239562988281,340
1548,2247.51738642677,2141.9574574,723.239562988281,340
1549,2140.50092774332,2143.25710987088,723.239562988281,340
1550,2138.73265167398,2137.9311485571,723.239562988281,340
1551,2186.46904972879,2138.50262658037,723.239562988281,340
1552,2104.80431277456,2137.91484081752,723.239562988281,340
1553,2302.52463114736,2144.14339540862,722.130126953125,340
1554,2265.49078859957,2151.05070192412,722.130126953125,340
1555,2022.06940842615,2143.577759825,722.130126953125,340
1556,2164.76895570483,2139.82017741512,722.130126953125,340
1557,2161.6443555421,2138.61449184321,722.130126953125,340
1558,2323.39368433569,2157.70113228163,722.130126953125,340
1559,2275.71282964645,2165.18057181834,722.130126953125,340
1560,2154.64142041435,2161.88837070183,722.130126953125,340
1561,2307.75346309248,2170.14971717293,724.1630859375,340
1562,2074.60614060401,2164.04474533827,724.1630859375,340
1563,2290.81225610394,2165.0378349478,724.1630859375,340
1564,2323.17176991484,2170.12841578467,724.1630859375,340
1565,2328.38413637424,2177.5119341674,724.1630859375,340
1566,2210.03042477485,2186.83111732527,724.1630859375,340
1567,2325.93203194068,2192.72748853722,724.1630859375,340
1568,2202.89749755091,2201.0677089401,724.1630859375,340
1569,2343.44090749396,2211.14769698535,723.330383300781,340
1570,1963.25239183416,2201.31040540038,723.330383300781,340
1571,2083.85578955015,2202.29524332581,723.330383300781,340
1572,2323.0364886742,2210.61774800289,723.330383300781,340
1573,2282.29019452631,2212.00866032687,723.330383300781,340
1574,2067.51969852336,2209.08941115808,723.330383300781,340
1575,2115.91575857466,2208.1767354341,723.330383300781,340
1576,2264.36298738368,2211.2924929403,723.330383300781,340
1577,2219.96444354883,2215.89889817127,722.068542480469,340
1578,2260.56590869333,2214.22054927311,722.068542480469,340
1579,2145.34890174014,2209.41487379873,722.068542480469,340
1580,2136.80025826933,2214.00410779246,722.068542480469,340
1581,2022.0118627143,2208.29382407284,722.068542480469,340
1582,2111.33908897269,2206.28161341006,722.068542480469,340
1583,2309.64051768916,2205.7314867442,722.068542480469,340
1584,2149.82123286347,2200.69582287288,722.068542480469,340
1585,2340.69823815294,2208.13809558242,722.483642578125,340
1586,2337.49960829146,2209.32794139038,722.483642578125,340
1587,2155.35219852364,2212.55778370717,722.483642578125,340
1588,2209.4894924574,2209.30487316131,722.483642578125,340
1589,2214.91854007231,2204.97474396761,722.483642578125,340
1590,2138.0804135914,2197.36259505629,722.483642578125,340
1591,2094.66656978162,2192.74804085656,722.483642578125,340
1592,2246.05729825891,2189.55305150929,722.483642578125,340
1593,2311.0350617381,2193.87855407678,726.238647460938,340
1594,2320.23189840543,2192.95019371324,726.238647460938,340
1595,2122.50735969548,2199.32039242769,726.238647460938,340
1596,2198.04796725806,2203.88807953601,726.238647460938,340
1597,2178.86427775525,2198.12119109925,726.238647460938,340
1598,2103.62747767754,2190.9746824253,726.238647460938,340
1599,2390.95410985322,2203.91205887849,726.238647460938,340
1600,2170.29371979019,2206.08717732711,726.238647460938,340
1601,1933.39643140224,2192.84851508786,728.890625,340
1602,2304.3291671591,2196.22310403227,728.890625,340
1603,2344.34472119495,2199.57425653233,728.890625,340
1604,2129.79350500429,2198.9520406629,728.890625,340
1605,2156.38738099454,2199.73552557191,728.890625,340
1606,2338.39664475942,2212.39091685371,728.890625,340
1607,2215.13484916798,2216.54274726152,728.890625,340
1608,2341.23964997454,2217.80671255294,728.890625,340
1609,2331.02853514649,2225.05500464426,726.739562988281,340
1610,2180.73659306826,2218.65653884087,726.739562988281,340
1611,2253.54843328787,2215.29849184073,726.739562988281,340
1612,2161.56517798433,2215.54701101916,726.739562988281,340
1613,2236.00059756371,2216.60745522341,726.739562988281,340
1614,2324.22046731988,2220.97953231331,726.739562988281,340
1615,2133.26930536958,2220.78708798444,726.739562988281,340
1616,2222.6358635649,2225.90585973577,726.739562988281,340
1617,2227.10950534306,2225.14794801914,728.026916503906,340
1618,1958.52437798491,2211.04752066901,728.026916503906,340
1619,2362.33153970085,2212.73150632083,728.026916503906,340
1620,2344.20303262628,2221.59933323806,728.026916503906,340
1621,2304.7969560343,2225.86929278911,728.026916503906,340
1622,2355.36601418935,2232.92936224647,728.026916503906,340
1623,2221.18428595513,2237.63163457757,728.026916503906,340
1624,2293.36971034809,2233.72825859737,728.026916503906,340
1625,2341.6893929025,2240.58408552186,729.147583007812,340
1626,2208.16403706066,2251.5747897482,729.147583007812,340
1627,2374.12776801052,2254.36673378226,729.147583007812,340
1628,2249.14872596978,2250.55889397325,729.147583007812,340
1629,2425.00219068667,2262.36724140054,729.147583007812,340
1630,2246.49697209342,2265.9716250445,729.147583007812,340
1631,2334.02305848704,2265.7966815936,729.147583007812,340
1632,2285.00219036946,2268.59137524166,729.147583007812,340
1633,2275.51531305557,2265.9624017649,729.832397460938,340
1634,2348.82147449187,2266.67411933872,729.832397460938,340
1635,2232.95941198596,2268.76303209543,729.832397460938,340
1636,2348.95329091682,2272.57922640059,729.832397460938,340
1637,2276.39613963344,2277.17246486655,729.832397460938,340
1638,2354.97581041426,2281.93147338057,729.832397460938,340
1639,2350.98124517425,2283.00190449475,729.832397460938,340
1640,2343.62446173761,2291.41611074947,729.832397460938,340
1641,2361.48229704735,2296.96996808877,728.383117675781,340
1642,2375.43120911536,2302.90283623966,728.383117675781,340
1643,2291.72520600767,2316.23086936057,728.383117675781,340
1644,2038.25529052874,2303.26781939368,728.383117675781,340
1645,2365.34721610669,2304.1135867329,728.383117675781,340
1646,2280.63363909996,2303.14705405553,728.383117675781,340
1647,2255.21772851102,2299.14112262839,728.383117675781,340
1648,2399.6723170393,2306.28064387176,728.383117675781,340
1649,2372.38677651161,2309.4413265183,729.652648925781,340
1650,2236.01255745575,2305.21425310043,729.652648925781,340
1651,2228.14625496072,2306.01354181643,729.652648925781,340
1652,2017.88491768276,2291.76382780332,729.652648925781,340
1653,2235.8512965212,2291.23193062538,729.652648925781,340
1654,2305.63642031522,2286.45729981052,729.652648925781,340
1655,2317.752556426,2289.30752318382,729.652648925781,340
1656,2384.96712388753,2291.34528579984,729.652648925781,340
1657,2024.778841113,2280.93635182959,729.595886230469,340
1658,2099.04511912754,2273.87754407246,729.595886230469,340
1659,2301.3555875428,2271.9789085945,729.595886230469,340
1660,2440.28893240947,2280.27208941144,729.595886230469,340
1661,2272.77695853595,2277.22503611621,729.595886230469,340
1662,2262.55168954024,2276.67125811248,729.595886230469,340
1663,2224.91403021513,2271.46878690451,729.595886230469,340
1664,2377.54042252374,2272.53115399849,729.595886230469,340
1665,2365.78317082355,2273.41750236193,729.814819335938,340
1666,2395.69058699274,2274.78583395975,729.814819335938,340
1667,2278.21824732342,2270.89731548807,729.814819335938,340
1668,2111.04455472479,2263.67008943676,729.814819335938,340
1669,2317.09619572804,2274.82372564473,729.814819335938,340
1670,2420.1889103756,2277.01739341548,729.814819335938,340
1671,2352.71945192943,2279.90082592866,729.814819335938,340
1672,2334.30588643669,2283.06435224569,729.814819335938,340
1673,2406.4884198151,2283.33699635672,731.533508300781,340
1674,2365.69913801401,2283.06949081682,731.533508300781,340
1675,2305.40081294904,2285.84502103655,731.533508300781,340
1676,2347.7508421148,2290.62920452271,731.533508300781,340
1677,2440.85706647029,2307.54809047421,731.533508300781,340
1678,2338.34735101067,2311.64793265379,731.533508300781,340
1679,2418.35064078059,2316.15650147241,731.533508300781,340
1680,2359.33786376415,2317.81991376593,731.533508300781,340
1681,2261.50995272416,2312.8816269194,733.204772949219,340
1682,1996.88300929014,2311.76579364648,733.204772949219,340
1683,2491.13665884687,2327.44945523526,733.204772949219,340
1684,2396.86506668121,2331.26983440079,733.204772949219,340
1685,2360.96328238661,2328.09680839988,733.204772949219,340
1686,2273.25645625636,2328.11598830869,733.204772949219,340
1687,2353.1431002393,2331.73964473666,733.204772949219,340
1688,2419.23588275596,2339.51251883829,733.204772949219,340
1689,2388.8092615253,2339.96327239835,736.524963378906,340
1690,2461.64578246009,2343.79777686381,736.524963378906,340
1691,2304.98779640856,2340.16966524045,736.524963378906,340
1692,2284.46074464729,2340.4193651334,736.524963378906,340
1693,2281.05165519133,2347.21964915206,736.524963378906,340
1694,2280.76295536116,2345.76631953739,736.524963378906,340
1695,2240.18242395486,2338.56606008056,736.524963378906,340
1696,2180.12484173903,2331.66227567294,736.524963378906,340
1697,2379.02196347727,2333.45091875457,735.498718261719,340
1698,2311.60968950305,2329.65576954208,735.498718261719,340
1699,2417.28123005147,2331.71905322358,735.498718261719,340
1700,2326.24018251411,2332.55262800619,735.498718261719,340
1701,2374.30316126055,2333.61472077202,735.498718261719,340
1702,2397.04963233873,2331.86242340675,735.498718261719,340
1703,2308.92700139022,2330.68560942193,735.498718261719,340
1704,2409.06046464365,2330.31400237646,735.498718261719,340
1705,2379.69462525159,2331.12827283595,737.755493164062,340
1706,2032.61048980486,2321.97229431918,737.755493164062,340
1707,2268.32403533292,2332.82993536089,737.755493164062,340
1708,2223.57542600422,2322.12748604719,737.755493164062,340
1709,2375.03600335573,2321.25432351417,737.755493164062,340
1710,2340.32171617056,2320.42866086553,737.755493164062,340
1711,2369.19136320421,2324.26605714344,737.755493164062,340
1712,2471.08264520733,2328.98363894216,737.755493164062,340
1713,2232.48376388021,2321.51355418713,740.881958007812,340
1714,2298.06458229739,2317.88376701802,740.881958007812,340
1715,2440.78411142008,2317.04930017641,740.881958007812,340
1716,2270.28043573305,2315.66100574939,740.881958007812,340
1717,2383.20949081768,2319.61095559621,740.881958007812,340
1718,2345.08790195061,2322.17240546658,740.881958007812,340
1719,2344.89865085252,2324.73783328624,740.881958007812,340
1720,2390.9998408047,2330.77052996023,740.881958007812,340
1721,2299.44554825484,2335.54335822086,740.435668945312,340
1722,2380.70046606026,2335.61049832418,740.435668945312,340
1723,2157.83710395321,2329.45959490219,740.435668945312,340
1724,2395.63615826197,2328.59379203061,740.435668945312,340
1725,2405.32668360593,2331.75725207428,740.435668945312,340
1726,2335.87704706599,2330.2202075065,740.435668945312,340
1727,2464.03348254865,2332.89956151489,740.435668945312,340
1728,2346.47890933381,2334.40163783264,740.435668945312,340
1729,2163.46072425529,2324.5776482171,738.5859375,340
1730,2245.31303306784,2319.20238452975,738.5859375,340
1731,2317.08913105849,2330.5815301799,738.5859375,340
1732,2239.70837093342,2329.43690360392,738.5859375,340
1733,2360.39628756292,2334.90973806627,738.5859375,340
1734,2345.51546321596,2333.72891646068,738.5859375,340
1735,2444.90994195246,2337.91244549195,738.5859375,340
1736,2374.88788124315,2338.14030621351,738.5859375,340
1737,2271.64372227113,2330.16274929606,739.430053710938,340
1738,2382.93728573188,2336.18089017013,739.430053710938,340
1739,2438.69969074992,2341.80629450823,739.430053710938,340
1740,2497.87043699306,2344.08974753115,739.430053710938,340
1741,2340.12479880933,2346.8835220542,739.430053710938,340
1742,2241.40417919796,2341.21130958941,739.430053710938,340
1743,2456.02643899513,2345.64885107119,739.430053710938,340
1744,2394.73607551526,2347.6423480577,739.430053710938,340
1745,2232.95823905806,2341.32068398784,743.418884277344,340
1746,2232.97918388993,2338.66202941324,743.418884277344,340
1747,2363.40530090848,2337.97022280717,743.418884277344,340
1748,2172.09480192953,2338.54053072622,743.418884277344,340
1749,2303.00991906836,2334.83548115848,743.418884277344,340
1750,2136.790373482,2324.09402875352,743.418884277344,340
1751,2302.84409479566,2322.77271066271,743.418884277344,340
1752,2304.0614200953,2316.37382816457,743.418884277344,340
1753,2423.33607489434,2319.44811478699,746.471435546875,340
1754,2271.7622040327,2323.78017397809,746.471435546875,340
1755,2359.57875252452,2328.35080275636,746.471435546875,340
1756,2208.96330108645,2324.02576955748,746.471435546875,340
1757,2352.12661468827,2328.52249930767,746.471435546875,340
1758,2190.02092958232,2321.70748498845,746.471435546875,340
1759,2261.54489704023,2318.34866234142,746.471435546875,340
1760,2125.19102618487,2305.55990571071,746.471435546875,340
1761,2128.77809466982,2295.71551424778,747.109252929688,340
1762,2288.23302428865,2296.37908632848,747.109252929688,340
1763,2131.29808013111,2286.31351810445,747.109252929688,340
1764,2328.38059882679,2281.90075442753,747.109252929688,340
1765,2285.70214880076,2273.41402289983,747.109252929688,340
1766,2369.13502085111,2274.5744317815,747.109252929688,340
1767,2213.53119496146,2273.45951241204,747.109252929688,340
1768,2303.44817820186,2267.35638198031,747.109252929688,340
1769,2330.60338855492,2264.7910745019,746.087585449219,340
1770,2133.09326065129,2260.79647536563,746.087585449219,340
1771,2329.59006716452,2264.66091069661,746.087585449219,340
1772,2289.55340942925,2261.70683503744,746.087585449219,340
1773,2466.32502964458,2273.47604414605,746.087585449219,340
1774,2264.68979822533,2271.94323931233,746.087585449219,340
1775,2233.09709710499,2275.79550825724,746.087585449219,340
1776,2177.72541632393,2270.79076111838,746.087585449219,340
1777,2341.81335190538,2272.30083839078,746.385437011719,340
1778,2284.55649069004,2266.74965502261,746.385437011719,340
1779,2303.17183562486,2268.00604028629,746.385437011719,340
1780,2265.77442550207,2264.2538672054,746.385437011719,340
1781,2315.52317677495,2268.51626223294,746.385437011719,340
1782,2177.79592071254,2261.54303447391,746.385437011719,340
1783,2317.40560847504,2266.63842162961,746.385437011719,340
1784,2253.68876311205,2266.32417627249,746.385437011719,340
1785,2289.83923402468,2272.91010458608,748.498352050781,340
1786,2269.98279908042,2278.5582927625,748.498352050781,340
1787,2066.83516467757,2269.70237837806,748.498352050781,340
1788,2342.44760345265,2278.14835931092,748.498352050781,340
1789,2301.79169247809,2277.08480305697,748.498352050781,340
1790,2242.51082811268,2275.35715022945,748.498352050781,340
1791,1781.50042530793,2251.85176640772,748.498352050781,340
1792,2370.65189582132,2258.13659444212,748.498352050781,340
1793,2070.65215367671,2248.82475346111,747.330139160156,340
1794,2016.51993893113,2236.26141547616,747.330139160156,340
1795,2155.02573807956,2237.13871457329,747.330139160156,340
1796,2326.61418973843,2237.01967947625,747.330139160156,340
1797,2104.04326800743,2229.59927381937,747.330139160156,340
1798,2287.32521786157,2222.43928134805,747.330139160156,340
1799,2205.19533936081,2220.05950299347,747.330139160156,340
1800,2207.94353973423,2219.05336069864,747.330139160156,340
1801,2182.55195915605,2219.24642241193,746.494934082031,340
1802,2113.12432628382,2210.09886138707,746.494934082031,340
1803,2157.31477429889,2205.00919273142,746.494934082031,340
1804,2132.13468020231,2198.16770651452,746.494934082031,340
1805,2256.13969698108,2197.78231737368,746.494934082031,340
1806,2236.63589144361,2194.62682596042,746.494934082031,340
1807,1972.46008954449,2186.4133927137,746.494934082031,340
1808,2254.61570455621,2183.90179655695,746.494934082031,340
1809,2216.92277110325,2182.4311568766,747.66455078125,340
1810,2203.44666607487,2178.9754541586,747.66455078125,340
1811,2225.15806548214,2177.18246481467,747.66455078125,340
1812,1992.62943907623,2174.21423579062,747.66455078125,340
1813,2320.13361101645,2173.32167609317,747.66455078125,340
1814,2211.77154217978,2169.72087008124,747.66455078125,340
1815,2157.89954643124,2166.33641881398,747.66455078125,340
1816,2032.68672719128,2176.38387088932,747.66455078125,340
1817,1828.6823480599,2154.70508897886,748.882141113281,340
1818,2195.95888127134,2159.71735808264,748.882141113281,340
1819,2121.63215772229,2163.92184683429,748.882141113281,340
1820,2110.67632339049,2162.14787024673,748.882141113281,340
1821,2252.92188660216,2159.20017812128,748.882141113281,340
1822,2156.69525156533,2161.30625746359,748.882141113281,340
1823,2106.44216946546,2154.07093552775,748.882141113281,340
1824,2134.08523655551,2151.22653141554,748.882141113281,340
1825,2064.66258547575,2145.4952932452,744.090087890625,340
1826,2072.5465098853,2141.09507527437,744.090087890625,340
1827,2177.73749882239,2143.67960217591,744.090087890625,340
1828,1984.91133048005,2136.78346442316,744.090087890625,340
1829,2090.23504766244,2135.10747912156,744.090087890625,340
1830,1938.25287990466,2122.3920064385,744.090087890625,340
1831,1804.08420504996,2105.08993898276,744.090087890625,340
1832,2067.30292632276,2108.88365245389,744.090087890625,340
1833,1481.78180250241,2077.97029637174,745.586242675781,340
1834,1275.3106404212,2040.30581114446,745.586242675781,340
1835,1404.12077201051,2008.33277538188,745.586242675781,340
1836,1463.78266724215,1977.87775945228,745.586242675781,340
1837,1368.44197620859,1952.91026093758,745.586242675781,340
1838,1434.42168078618,1917.48178372837,745.586242675781,340
1839,1717.24342174092,1897.70065891081,745.586242675781,340
1840,1411.04024492211,1867.82628685045,745.586242675781,340
1841,1463.66623695661,1845.06546724106,730.5087890625,340
1842,1397.68481851946,1827.82556605944,730.5087890625,340
1843,1372.84022040736,1794.90081962488,730.5087890625,340
1844,1412.89605770715,1766.55137562428,730.5087890625,340
1845,1326.46508452971,1735.18292606985,730.5087890625,340
1846,1346.31261956377,1698.91855538831,730.5087890625,340
1847,1423.70674242261,1669.5990150226,730.5087890625,340
1848,1487.45799107063,1644.83964788681,730.5087890625,340
1849,621.747622953826,1584.34614334274,709.770141601562,340
1850,645.072722526607,1527.56254882477,709.770141601562,340
1851,557.756487718325,1466.9709479381,709.770141601562,340
1852,640.237323204537,1405.47094091338,709.770141601562,340
1853,454.725698687883,1344.26351564169,709.770141601562,340
1854,565.142859294149,1283.25982810696,709.770141601562,340
1855,437.312225967469,1223.22220194947,709.770141601562,340
1856,491.995079939209,1170.73863694505,709.770141601562,340
1857,465.652271970752,1106.67261077096,688.080505371094,340
1858,630.31263601538,1072.61384411148,688.080505371094,340
1859,535.698283259954,1043.02934982503,688.080505371094,340
1860,524.224795251736,1007.83351075468,688.080505371094,340
1861,744.361570743052,979.056666894719,688.080505371094,340
1862,734.164461680076,953.685566313578,688.080505371094,340
1863,724.96978604892,925.307490524088,688.080505371094,340
1864,599.517120078279,880.598438457582,688.080505371094,340
1865,617.094832099771,848.840621944689,655.727783203125,340
1866,461.963819920437,808.772525263242,655.727783203125,340
1867,606.520475380141,777.125951537669,655.727783203125,340
1868,514.961575657591,742.810805747678,655.727783203125,340
1869,473.761957120789,705.245441724224,655.727783203125,340
1870,454.981658584608,670.38610468642,655.727783203125,340
1871,501.076163465223,636.576646442478,655.727783203125,340
1872,1018.66694434675,620.375054519444,655.727783203125,340
1873,650.393310567415,586.892467299315,620.196716308594,340
1874,606.358650808663,586.276908413509,620.196716308594,340
1875,487.540414216261,579.975616081095,620.196716308594,340
1876,622.876674309766,582.580423544752,620.196716308594,340
1877,499.646987958209,576.956810134899,620.196716308594,340
1878,630.849008673509,584.001742534324,620.196716308594,340
1879,495.398460370504,581.211966577379,620.196716308594,340
1880,609.795173597058,588.111284482562,620.196716308594,340
1881,666.759611611449,595.101865749452,580.641418457031,340
1882,409.055071039283,592.837977712193,580.641418457031,340
1883,521.571127447701,588.488317369486,580.641418457031,340
1884,504.84615533494,587.254232252485,580.641418457031,340
1885,456.224587630534,584.534223947637,580.641418457031,340
1886,673.354194936546,581.693928915377,580.641418457031,340
1887,537.645677224954,573.833177537172,580.641418457031,340
1888,601.670266795848,568.901196767049,580.641418457031,340
1889,608.265512309943,569.251132456316,551.062683105469,340
1890,618.141733962745,569.293008530835,551.062683105469,340
1891,617.677597331142,575.521559627263,551.062683105469,340
1892,656.999194375545,577.540708387079,551.062683105469,340
1893,555.049639591252,579.144230944426,551.062683105469,340
1894,742.354252543488,589.887922761333,551.062683105469,340
1895,669.657178256388,598.474943548205,551.062683105469,340
1896,680.633108399121,605.657221345561,551.062683105469,340
1897,602.099069099558,588.994506335673,536.537109375,340
1898,501.037619507004,583.020278693256,536.537109375,340
1899,1046.4716868688,600.624800135662,536.537109375,340
1900,628.216132899077,606.251828882975,536.537109375,340
1901,789.997818288508,612.936674642124,536.537109375,340
1902,594.966001811976,616.749435196275,536.537109375,340
1903,453.023243401124,609.636404585379,536.537109375,340
1904,888.029942758402,625.341663880895,536.537109375,340
1905,943.585546689385,638.693278804588,525.432739257812,340
1906,832.883805505365,645.338246560345,525.432739257812,340
1907,740.144782115114,658.581835003378,525.432739257812,340
1908,681.369610117775,664.973774310181,525.432739257812,340
1909,547.076987727862,666.663007605898,525.432739257812,340
1910,619.943839266962,673.211777671355,525.432739257812,340
1911,793.929073206649,678.034772802159,525.432739257812,340
1912,878.061280330336,691.651396926375,525.432739257812,340
1913,845.023280448784,701.385517472492,508.265380859375,340
1914,597.324829240715,700.947890149723,508.265380859375,340
1915,860.25860755113,710.632565093258,508.265380859375,340
1916,1008.87835277422,726.280595310981,508.265380859375,340
1917,855.037962808586,734.202146048303,508.265380859375,340
1918,802.06996983828,744.082959258184,508.265380859375,340
1919,880.34745249825,749.602687256375,508.265380859375,340
1920,1070.14518091502,765.62220736272,508.265380859375,340
1921,995.385587070554,778.212306509578,501.666076660156,340
1922,829.395042825659,787.304145458622,501.666076660156,340
1923,1082.57168982445,810.565508271319,501.666076660156,340
1924,803.141276730856,800.832291865801,501.666076660156,340
1925,1009.42431484002,816.080619143439,501.666076660156,340
1926,776.113551268017,815.525248462619,501.666076660156,340
1927,922.651620168429,828.632673196877,501.666076660156,340
1928,811.24581200149,842.961575940892,501.666076660156,340
1929,1207.35782106175,855.734691073026,493.500244140625,340
1930,1455.32102176112,876.204110075895,493.500244140625,340
1931,1152.43103935028,888.985999429692,493.500244140625,340
1932,718.36143725578,888.114665635319,493.500244140625,340
1933,943.671094315822,898.606725003241,493.500244140625,340
1934,1045.63830439065,918.549177669752,493.500244140625,340
1935,973.744300376754,932.701196114144,493.500244140625,340
1936,1084.00261663168,944.304137851145,493.500244140625,340
1937,941.760399223435,946.852102606869,487.394561767578,340
1938,1264.69625981241,963.639021781414,487.394561767578,340
1939,1071.95998931843,982.624428184523,487.394561767578,340
1940,553.031323840056,970.335336836079,487.394561767578,340
1941,818.239649390721,962.70978870074,487.394561767578,340
1942,1310.00237277906,980.908365099559,487.394561767578,340
1943,966.682233787973,987.492855657547,487.394561767578,340
1944,1164.88803667449,998.874479024596,487.394561767578,340
1945,1258.98170548347,1006.42794000733,484.608551025391,340
1946,933.30545692032,1003.94473480132,484.608551025391,340
1947,1333.85912335788,1024.12329802261,484.608551025391,340
1948,1277.18577557419,1031.9078614526,484.608551025391,340
1949,1170.5346109141,1046.60359481993,484.608551025391,340
1950,1162.09285785416,1052.7103365405,484.608551025391,340
1951,1083.72588568345,1065.01482991712,484.608551025391,340
1952,1375.01905249763,1083.10952721028,484.608551025391,340
1953,1398.73441104757,1106.60907117213,485.819732666016,340
1954,1340.82880366329,1111.94791047619,485.819732666016,340
1955,1041.68781295256,1095.40258212385,485.819732666016,340
1956,1233.29002252492,1098.63694145083,485.819732666016,340
1957,1162.36006728651,1116.39688665206,485.819732666016,340
1958,1475.31284187303,1137.66255655435,485.819732666016,340
1959,1444.93909419455,1153.63458814651,485.819732666016,340
1960,1261.38456025334,1165.14019854157,485.819732666016,340
1961,1455.63794452795,1180.00561165742,489.993438720703,340
1962,1178.33217803074,1189.46848280971,489.993438720703,340
1963,1429.98643300367,1196.08008973736,489.993438720703,340
1964,1534.43213902619,1214.57897572567,489.993438720703,340
1965,971.069648495804,1231.3005087119,489.993438720703,340
1966,1338.75215580815,1252.1210089686,489.993438720703,340
1967,1401.26139614833,1255.77136990337,489.993438720703,340
1968,1047.30448716299,1258.99626003837,489.993438720703,340
1969,1602.71143387067,1276.50919592622,493.521759033203,340
1970,1657.61736232931,1292.45462220005,493.521759033203,340
1971,1152.28728581491,1301.21389535584,493.521759033203,340
1972,1534.3888993605,1309.23508639594,493.521759033203,340
1973,1088.23247851591,1301.67695451361,493.521759033203,340
1974,1869.96018324683,1329.65397740692,493.521759033203,340
1975,1456.51950366203,1341.43104323923,493.521759033203,340
1976,1290.26701404631,1349.69268837375,493.521759033203,340
1977,1448.75056559288,1352.64194889756,503.4609375,340
1978,1470.04832657704,1355.49450551874,503.4609375,340
1979,1361.43387746946,1356.31870847098,503.4609375,340
1980,1626.14424625785,1379.69696580319,503.4609375,340
1981,1498.77266515325,1390.31627150833,503.4609375,340
1982,1836.22278744998,1417.27078031487,503.4609375,340
1983,1213.4005463301,1406.79428849315,503.4609375,340
1984,1584.90682092522,1412.39299756238,503.4609375,340
1985,1777.58324280392,1433.0409448644,510.953796386719,340
1986,1207.2243724324,1423.10440198058,510.953796386719,340
1987,1650.04950271169,1441.97309496782,510.953796386719,340
1988,1515.68835157867,1445.40117171082,510.953796386719,340
1989,1611.60413183013,1448.48805142297,510.953796386719,340
1990,1567.37764088698,1472.34037111862,510.953796386719,340
1991,1507.16313435415,1479.07681026046,510.953796386719,340
1992,1499.79293378039,1483.01807176574,510.953796386719,340
1993,1553.66891673145,1503.27264894848,520.799438476562,340
1994,1802.12701018811,1511.24927200118,520.799438476562,340
1995,1812.04995578654,1517.42657573947,520.799438476562,340
1996,1644.84332231077,1537.1288171993,520.799438476562,340
1997,1900.22240553732,1551.76215744638,520.799438476562,340
1998,1621.59482033368,1573.09665111909,520.799438476562,340
1999,1639.44650360197,1563.87610393329,520.799438476562,340
2000,1737.58909808867,1575.11888771036,520.799438476562,340
2001,1843.81432716219,1597.26078023499,534.343200683594,340
2002,1880.90540723647,1614.54697390074,534.343200683594,340
2003,1609.76990234459,1620.13583693144,534.343200683594,340
2004,1891.06186000617,1641.32095623291,534.343200683594,340
2005,1863.30536129232,1650.80740083429,534.343200683594,340
2006,1832.42833394786,1664.15362758607,534.343200683594,340
2007,1619.55229088204,1655.48680772335,534.343200683594,340
2008,1644.59470945162,1672.73457424821,534.343200683594,340
2009,1619.69489975205,1674.12609740129,551.912780761719,340
2010,1457.83984521004,1661.33636149753,551.912780761719,340
2011,1650.03554410205,1679.04880836432,551.912780761719,340
2012,1804.24724480723,1685.21671804814,551.912780761719,340
2013,1734.0072404304,1693.94947360221,551.912780761719,340
2014,1728.63482900323,1698.63070148913,551.912780761719,340
2015,1582.8753213472,1699.25060870754,551.912780761719,340
2016,1853.91021254389,1713.12049183513,551.912780761719,340
2017,1956.19601786606,1731.37661519856,561.33642578125,340
2018,1961.98125478917,1747.70910872086,561.33642578125,340
2019,1257.55923136201,1725.92639756782,561.33642578125,340
2020,1684.65079293399,1720.83043105372,561.33642578125,340
2021,1852.96317714926,1729.15522524726,561.33642578125,340
2022,1706.94825594916,1721.42425926373,561.33642578125,340
2023,1685.54091260904,1723.98210295475,561.33642578125,340
2024,1847.06382344719,1732.28679574856,561.33642578125,340
2025,1873.07429406808,1737.70620358773,569.165710449219,340
2026,1949.54087867718,1741.93526564833,569.165710449219,340
2027,2089.95699329549,1750.29732909069,569.165710449219,340
2028,2038.70788399746,1767.45484835681,569.165710449219,340
2029,1853.53103624228,1765.95361540625,569.165710449219,340
2030,1783.34795896264,1762.75531931307,569.165710449219,340
2031,2042.1846344499,1771.14557133315,569.165710449219,340
2032,1786.71558471566,1777.83210308649,569.165710449219,340
2033,1770.3047688034,1782.86050546056,574.895141601562,340
2034,1587.88429463939,1781.58808125606,574.895141601562,340
2035,1807.01695248133,1795.55516554691,574.895141601562,340
2036,2140.36443401158,1815.16832114329,574.895141601562,340
2037,2097.0027931001,1826.878543075,574.895141601562,340
2038,1758.81869689905,1827.87100133375,574.895141601562,340
2039,2020.10949844781,1839.52998811153,574.895141601562,340
2040,1801.63488452305,1848.28037063857,574.895141601562,340
2041,2019.13585028077,1854.88939614804,586.558532714844,340
2042,1981.39409181393,1855.89731910596,586.558532714844,340
2043,1811.6963850593,1849.88592431676,586.558532714844,340
2044,1979.4310973308,1878.76079895551,586.558532714844,340
2045,1627.51578891859,1876.4753987949,586.558532714844,340
2046,1725.6971402526,1871.38475731903,586.558532714844,340
2047,2112.71218440609,1887.61531445731,586.558532714844,340
2048,1934.45717338622,1897.5719648884,586.558532714844,340
2049,1642.08344821789,1889.37274987922,596.083374023438,340
2050,2040.49344103509,1896.0695157579,596.083374023438,340
2051,1951.56921199835,1896.15064909075,596.083374023438,340
2052,2009.62371129267,1892.93731781064,596.083374023438,340
2053,2126.14436141394,1896.4347769073,596.083374023438,340
2054,1990.84791043978,1901.9274518752,596.083374023438,340
2055,2034.24371329235,1911.96328204839,596.083374023438,340
2056,1838.87985212658,1903.83109075545,596.083374023438,340
2057,2043.41795197211,1914.09918544571,598.631530761719,340
2058,2026.30363953611,1924.33914027502,598.631530761719,340
2059,2101.08992340912,1944.86736542581,598.631530761719,340
2060,1795.47034671588,1944.40550119519,598.631530761719,340
2061,2104.99284222835,1942.99063752386,598.631530761719,340
2062,2064.27818416987,1941.68165316665,598.631530761719,340
2063,1876.19155495534,1946.3765674889,598.631530761719,340
2064,2169.77396543897,1952.36314616855,598.631530761719,340
2065,1967.50414180216,1958.99791645971,600.477416992188,340
2066,2096.5114902162,1962.09294205713,600.477416992188,340
2067,1896.4186024272,1958.69392248166,600.477416992188,340
2068,1998.13877111785,1966.151617924,600.477416992188,340
2069,1961.36044768779,1965.42879193828,600.477416992188,340
2070,1965.0725687676,1978.93106313224,600.477416992188,340
2071,1759.09088999938,1980.26681312212,600.477416992188,340
2072,1964.07024084779,1974.32113537978,600.477416992188,340
2073,2006.77577621923,1977.2138794931,609.680114746094,340
2074,2173.86007067318,1998.48494439132,609.680114746094,340
2075,1864.53389376965,1991.4465625007,609.680114746094,340
2076,2082.85408213267,1996.69795730607,609.680114746094,340
2077,1841.95542879738,1989.99122600626,609.680114746094,340
2078,2128.26756580165,1990.07615418177,609.680114746094,340
2079,2075.60232487289,1993.46633075909,609.680114746094,340
2080,1882.10160506336,1987.38064642993,609.680114746094,340
2081,2109.46441309718,1998.20402886876,614.651428222656,340
2082,1800.55277785906,1988.48942190423,614.651428222656,340
2083,2100.13025578987,1991.44248655438,614.651428222656,340
2084,2080.61767391137,1990.62359657447,614.651428222656,340
2085,2069.40088302106,2001.58081802668,614.651428222656,340
2086,2187.32061657557,2004.87392900057,614.651428222656,340
2087,2197.47591551758,2010.20183825448,614.651428222656,340
2088,2104.34926815614,2019.32814678251,614.651428222656,340
2089,2234.43501310624,2021.9145886892,616.872314453125,340
2090,2163.18818826888,2029.74195054787,616.872314453125,340
2091,2091.77923323099,2029.55266026846,616.872314453125,340
2092,2004.29372540284,2033.86766518749,616.872314453125,340
2093,2162.94781534735,2040.46002695667,616.872314453125,340
2094,1961.39772702605,2040.4615181302,616.872314453125,340
2095,2061.95061157372,2044.33663984244,616.872314453125,340
2096,1986.95584605263,2053.45123808457,616.872314453125,340
2097,2209.12362086701,2063.25337328534,620.954345703125,340
2098,2224.95359320244,2071.98048596467,620.954345703125,340
2099,1983.57797342774,2064.36920207485,620.954345703125,340
2100,2160.67815601915,2076.21497256483,620.954345703125,340
2101,2100.97154483995,2076.93967107312,620.954345703125,340
2102,2129.14204874202,2088.42713587091,620.954345703125,340
2103,2233.34400268852,2092.63019334638,620.954345703125,340
2104,2158.28400269187,2095.93746045914,620.954345703125,340
2105,2033.31401044563,2101.98595667443,629.557373046875,340
2106,2139.82223300468,2103.20026947073,629.557373046875,340
2107,2140.2886012928,2116.78970240808,629.557373046875,340
2108,2289.67615281027,2124.3715382889,629.557373046875,340
2109,2055.17741147159,2123.35392779131,629.557373046875,340
2110,1988.16578480791,2120.10452386278,629.557373046875,340
2111,2172.67823544925,2119.51882861773,629.557373046875,340
2112,2283.20642899872,2122.94804915698,629.557373046875,340
2113,2288.02586534742,2130.29511304463,639.249389648438,340
2114,2111.82651795516,2125.39077323858,639.249389648438,340
2115,1811.10905093356,2111.30760774517,639.249389648438,340
2116,2173.07413998434,2114.5594040153,639.249389648438,340
2117,2107.5310712446,2118.68889784897,639.249389648438,340
2118,2001.44910731999,2112.22894952788,639.249389648438,340
2119,2040.66681119718,2115.39971289473,639.249389648438,340
2120,2308.63122915138,2125.26693759783,639.249389648438,340
2121,2277.24566864947,2136.87853050171,644.3779296875,340
2122,2104.09330939346,2132.67731804276,644.3779296875,340
2123,2114.30114193569,2128.25121999209,644.3779296875,340
2124,2282.44434636693,2140.20587490966,644.3779296875,340
2125,2076.25574636682,2136.82897852357,644.3779296875,340
2126,2228.80338608432,2141.94225217334,644.3779296875,340
2127,2359.56486887893,2151.15916497882,644.3779296875,340
2128,2153.18120561663,2147.95265309594,644.3779296875,340
2129,2311.54472601641,2154.08308202893,651.687377929688,340
2130,2178.8357809017,2159.90395284717,651.687377929688,340
2131,2280.27790575479,2165.52217975717,651.687377929688,340
2132,2213.12657591326,2168.43569874199,651.687377929688,340
2133,2259.46222728029,2167.22714172079,651.687377929688,340
2134,2200.42053238231,2173.03686655722,651.687377929688,340
2135,2266.05060923124,2184.15225953415,651.687377929688,340
2136,2350.52153243781,2191.2659914137,651.687377929688,340
2137,2219.95711834303,2188.73601898747,656.531433105469,340
2138,1869.77840613788,2172.00612061909,656.531433105469,340
2139,2274.46081459481,2178.51149248467,656.531433105469,340
2140,2052.03796269394,2188.14864895509,656.531433105469,340
2141,2045.68610535523,2183.05312756992,656.531433105469,340
2142,2236.41318079616,2188.20841195199,656.531433105469,340
2143,2196.71672385878,2196.01911661354,656.531433105469,340
2144,2366.85433345947,2209.06661750403,656.531433105469,340
2145,2305.14411526582,2208.92713294861,665.739929199219,340
2146,2310.19275691419,2210.2450164792,665.739929199219,340
2147,2176.04136793157,2213.12293882072,665.739929199219,340
2148,2390.8653460317,2224.18550698456,665.739929199219,340
2149,2146.84494432193,2218.76153090276,665.739929199219,340
2150,2231.27797078768,2224.9624198796,665.739929199219,340
2151,2263.60476872333,2226.35447518516,665.739929199219,340
2152,2101.59922934359,2216.03584960374,665.739929199219,340
2153,2212.97286406735,2218.42751594177,673.500732421875,340
2154,2272.08542752143,2216.84914400197,673.500732421875,340
2155,2281.86369580957,2220.97026059829,673.500732421875,340
2156,1971.78619426881,2208.63059213885,673.500732421875,340
2157,2305.92023488397,2212.34233849768,673.500732421875,340
2158,2292.36625698611,2213.65849968591,673.500732421875,340
2159,2311.73006448968,2218.1108809702,673.500732421875,340
2160,2397.02763937346,2223.34996217589,673.500732421875,340
2161,2086.88240149333,2212.80439693811,676.045104980469,340
2162,2016.75701309493,2204.67639272819,676.045104980469,340
2163,2377.66091311143,2224.99169300713,676.045104980469,340
2164,2325.81617917835,2227.04590759047,676.045104980469,340
2165,2212.39355047964,2233.4601311019,676.045104980469,340
2166,2321.53145931657,2244.49394526035,676.045104980469,340
2167,2254.15420526272,2245.20358623902,676.045104980469,340
2168,2340.2638460563,2250.94547112692,676.045104980469,340
2169,2197.01870463436,2244.15204597391,681.63720703125,340
2170,2275.47713209322,2242.96536664701,681.63720703125,340
2171,2343.62219376315,2244.30254412097,681.63720703125,340
2172,2298.77853319694,2249.21203073158,681.63720703125,340
2173,2361.09001130217,2248.0210173424,681.63720703125,340
2174,2274.89765105743,2253.14312561182,681.63720703125,340
2175,2346.33764872204,2257.74551272919,681.63720703125,340
2176,2325.57329049321,2260.22425359999,681.63720703125,340
2177,2393.55775146756,2271.90259448495,688.268005371094,340
2178,2374.03638436025,2278.34513529666,688.268005371094,340
2179,2363.41546754058,2281.99833689743,688.268005371094,340
2180,2334.13732958008,2284.08928224825,688.268005371094,340
2181,2309.21882324883,2297.58658740745,688.268005371094,340
2182,2315.37790441431,2297.96489418867,688.268005371094,340
2183,2340.74450432681,2299.90002408229,688.268005371094,340
2184,2213.45366657865,2295.96896816585,688.268005371094,340
2185,2161.3868079003,2286.54333490693,694.782348632812,340
2186,2290.24969860318,2294.67802679132,694.782348632812,340
2187,2168.30699202476,2300.74002594851,694.782348632812,340
2188,2202.41722770794,2293.73027853237,694.782348632812,340
2189,2161.92485522064,2287.17462557406,694.782348632812,340
2190,2338.99847428258,2292.23882252618,694.782348632812,340
2191,2331.14546434132,2292.62338272717,694.782348632812,340
2192,2337.9555011133,2295.9754345612,694.782348632812,340
2193,2356.68153555939,2296.63214214132,697.65966796875,340
2194,2305.4237811648,2300.96834520254,697.65966796875,340
2195,2388.80369242981,2305.501407616,697.65966796875,340
2196,2313.40878392454,2304.29287122246,697.65966796875,340
2197,2352.36965226491,2306.43651598517,697.65966796875,340
2198,2402.46388014653,2308.09147073895,697.65966796875,340
2199,2294.17248660435,2308.86246416083,697.65966796875,340
2200,2372.73487894227,2309.91835336964,697.65966796875,340
2201,2106.50754911614,2301.15572371455,701.774841308594,340
2202,2404.97396782253,2301.61237236875,701.774841308594,340
2203,2400.40342832577,2302.66705412737,701.774841308594,340
2204,2219.98728942783,2296.92992700286,701.774841308594,340
2205,2261.7234887574,2294.03337336995,701.774841308594,340
2206,2379.41072097809,2296.84104927912,701.774841308594,340
2207,2286.5496692225,2295.68791987145,701.774841308594,340
2208,2212.5167208248,2290.55880853137,701.774841308594,340
2209,1921.06525188303,2278.86327194355,704.390441894531,340
2210,2186.6294666253,2279.87297829255,704.390441894531,340
2211,2397.69859200086,2284.17093402845,704.390441894531,340
2212,2217.00473204418,2286.11884362923,704.390441894531,340
2213,2370.28904893197,2292.83371647819,704.390441894531,340
2214,2364.28512546625,2300.92812728802,704.390441894531,340
2215,2120.61171192454,2292.1926567937,704.390441894531,340
2216,2386.41931202058,2294.40361070087,704.390441894531,340
2217,2427.08077309164,2297.96862158,707.179870605469,340
2218,2411.85233816405,2300.17545368419,707.179870605469,340
2219,2281.2986311219,2299.21044768247,707.179870605469,340
2220,1703.13295225737,2271.78361807557,707.179870605469,340
2221,2381.07347303904,2274.49020564015,707.179870605469,340
2222,2413.18522690778,2276.92282862587,707.179870605469,340
2223,2277.5324342401,2271.92557078961,707.179870605469,340
2224,2389.74251292121,2275.74837184228,707.179870605469,340
2225,2363.66978248426,2275.38576798396,711.554992675781,340
2226,2398.26948449465,2287.0562453991,711.554992675781,340
2227,2400.12674876218,2286.86235663669,711.554992675781,340
2228,2297.90119389586,2282.76226725949,711.554992675781,340
2229,2373.39189491883,2288.89845147913,711.554992675781,340
2230,2402.93420239814,2294.54688002476,711.554992675781,340
2231,2289.34027328087,2290.94406211688,711.554992675781,340
2232,2055.63460323744,2281.70745947747,711.554992675781,340
2233,2395.35056208946,2289.02081312806,714.843444824219,340
2234,2354.60968478775,2306.36259044425,714.843444824219,340
2235,2291.83522254258,2310.57082068094,714.843444824219,340
2236,2453.15948253361,2312.78925630225,714.843444824219,340
2237,2419.41545506294,2320.885685223,714.843444824219,340
2238,2395.21976783812,2321.88291397925,714.843444824219,340
2239,2418.615127615,2324.0561140652,714.843444824219,340
2240,2266.15589799825,2329.87788150814,714.843444824219,340
2241,2355.88901929062,2328.65666979895,720.832397460938,340
2242,2327.02241235054,2324.6543353693,720.832397460938,340
2243,2367.64935116673,2322.88621588941,720.832397460938,340
2244,2172.75051065216,2318.54429107062,720.832397460938,340
2245,2470.3372898348,2349.23246457372,720.832397460938,340
2246,2385.35701520829,2349.40380626049,720.832397460938,340
2247,2414.41637715299,2349.45305227029,720.832397460938,340
2248,2355.23661680378,2352.56121957284,720.832397460938,340
2249,2433.14941781377,2354.29749576854,721.142028808594,340
2250,2227.2976693824,2348.84261124447,721.142028808594,340
2251,2435.14388503248,2350.31758726598,721.142028808594,340
2252,2350.66714467037,2348.33920310231,721.142028808594,340
2253,2418.77886291665,2353.17430986314,721.142028808594,340
2254,2404.63992504339,2354.42423106812,721.142028808594,340
2255,2265.6685792238,2348.93360614115,721.142028808594,340
2256,2443.6871423403,2355.10748090353,721.142028808594,340
2257,2395.60011297099,2368.70610129287,727.421813964844,340
2258,2281.1766898311,2364.13914640254,727.421813964844,340
2259,2350.93942820779,2363.99233613934,727.421813964844,340
2260,1923.75929010669,2349.2692988419,727.421813964844,340
2261,2036.50654351811,2332.60318128128,727.421813964844,340
2262,1972.20423416927,2314.71473244553,727.421813964844,340
2263,2115.17194028118,2303.51281934326,727.421813964844,340
2264,1666.70375666866,2273.4363645054,727.421813964844,340
2265,2238.37076494592,2272.32495918331,732.968444824219,340
2266,2185.56450981195,2265.51197880416,732.968444824219,340
2267,2295.49355085828,2264.25082434447,732.968444824219,340
2268,2205.06150237877,2257.74731039295,732.968444824219,340
2269,2406.28651007664,2267.08875036993,732.968444824219,340
2270,2326.08611683493,2261.31870344994,732.968444824219,340
2271,2450.80157278836,2263.93648575314,732.968444824219,340
2272,2383.2701255567,2262.69063568929,732.968444824219,340
2273,2219.69726187767,2257.26906149225,734.281005859375,340
2274,2395.82873317203,2255.77623410658,734.281005859375,340
2275,2312.04565482203,2259.16615352416,734.281005859375,340
2276,2403.33838253657,2257.89393342433,734.281005859375,340
2277,2375.90453373148,2258.90342898677,734.281005859375,340
2278,2386.33948184924,2257.60585374407,734.281005859375,340
2279,2426.60600324107,2258.48449687198,734.281005859375,340
2280,2276.6731735789,2258.92468064618,734.281005859375,340
2281,2402.39481321586,2257.27298748121,734.567504882812,340
2282,2368.39431613814,2256.18475560789,734.567504882812,340
2283,2440.29818095155,2262.54961525271,734.567504882812,340
2284,2340.721825428,2262.14091114152,734.567504882812,340
2285,2346.94056896864,2279.068162296,734.567504882812,340
2286,2379.08516880804,2292.7713073076,734.567504882812,340
2287,2345.23352561082,2307.69247896526,734.567504882812,340
2288,2379.89317923504,2318.28132852341,734.567504882812,340
2289,2368.2226011375,2346.34208230217,731.386596679688,340
2290,2223.57596030993,2345.75029011673,731.386596679688,340
2291,2410.84059529387,2354.761333536,731.386596679688,340
2292,2356.95195158085,2357.21966956491,731.386596679688,340
2293,2354.3706635283,2363.19203601089,731.386596679688,340
2294,2446.42762384853,2364.79768056176,731.386596679688,340
2295,2392.87762930284,2367.46934106048,731.386596679688,340
2296,2256.80027863754,2359.70928929445,731.386596679688,340
2297,2201.57843507102,2352.44162167502,733.707641601562,340
2298,2340.05961293004,2357.25611571711,733.707641601562,340
2299,2352.38592747316,2355.51840348916,733.707641601562,340
2300,2420.9821898966,2359.87586489214,733.707641601562,340
2301,2338.84763308213,2357.29623491396,733.707641601562,340
2302,2398.4508245756,2358.19808654773,733.707641601562,340
2303,2399.95633044873,2358.74276049171,733.707641601562,340
2304,2202.88192238059,2349.79379725729,733.707641601562,340
2305,2379.92413822509,2353.92383584314,736.948425292969,340
2306,2031.2661770286,2339.07869039565,736.948425292969,340
2307,2411.80753248604,2340.81521904956,736.948425292969,340
2308,2415.46559992117,2339.82191580835,736.948425292969,340
2309,2204.58332153411,2334.37637565259,736.948425292969,340
2310,2439.21705657426,2338.06743515682,736.948425292969,340
2311,2357.44142736375,2337.20168549904,736.948425292969,340
2312,2421.33127930447,2340.24559564679,736.948425292969,340
2313,2233.69044451256,2334.39748625789,739.6474609375,340
2314,2226.20392466428,2328.71673919896,739.6474609375,340
2315,2308.99907475497,2332.13366377676,739.6474609375,340
2316,2291.73838889155,2327.36957552067,739.6474609375,340
2317,2406.44797384612,2329.34941641128,739.6474609375,340
2318,2290.7508635123,2326.80462441064,739.6474609375,340
2319,2420.57179302603,2325.77039117774,739.6474609375,340
2320,2450.26277597718,2328.06579704472,739.6474609375,340
2321,2225.71308982555,2326.82230949224,739.855346679688,340
2322,2369.28455470328,2333.53055427753,739.855346679688,340
2323,2357.39539684328,2334.22398563406,739.855346679688,340
2324,2311.95348514925,2332.6066879411,739.855346679688,340
2325,2444.163070321,2333.53392315808,739.855346679688,340
2326,2300.54779316057,2332.00192956121,739.855346679688,340
2327,2415.42445386959,2332.68087473297,739.855346679688,340
2328,2434.23316556818,2334.05194813775,739.855346679688,340
2329,2404.08675830594,2342.10014157476,739.338928222656,340
2330,2401.32484534934,2342.95616985973,739.338928222656,340
2331,2417.80140827675,2358.41757910966,739.338928222656,340
2332,2374.94890976218,2356.94323420071,739.338928222656,340
2333,2434.82447796641,2357.71758932252,739.338928222656,340
2334,2266.20167631403,2360.18232351371,739.338928222656,340
2335,2354.00592878867,2356.77387840229,739.338928222656,340
2336,2423.98071488004,2359.43544990294,739.338928222656,340
2337,2399.4280372969,2358.55932022264,737.662963867188,340
2338,2385.37025568827,2364.62651266967,737.662963867188,340
2339,2408.57240040866,2371.92125169944,737.662963867188,340
2340,2406.20414975108,2375.80945469929,737.662963867188,340
2341,2360.01780265571,2378.54063124985,737.662963867188,340
2342,2404.97624400363,2378.48176205615,737.662963867188,340
2343,2427.74510785858,2383.96153183,737.662963867188,340
2344,2386.55847385255,2382.60099906306,737.662963867188,340
2345,2448.40366127,2382.52663447478,741.047729492188,340
2346,2350.18584984185,2387.50554487543,741.047729492188,340
2347,2419.87394305658,2389.52912040956,741.047729492188,340
2348,2383.42903647322,2390.57046599476,741.047729492188,340
2349,2400.12999769568,2394.09752649662,741.047729492188,340
2350,2440.07118450215,2393.93385106386,741.047729492188,340
2351,2422.15560166652,2398.7981634041,741.047729492188,340
2352,2423.23769097993,2399.11069288851,741.047729492188,340
2353,2339.635257805,2395.32677657799,739.467163085938,340
2354,2390.57269540988,2394.78621406214,739.467163085938,340
2355,2426.76149204412,2395.80367992994,739.467163085938,340
2356,2308.36877924917,2391.42637476883,739.467163085938,340
2357,2322.24589636024,2389.31825423276,739.467163085938,340
2358,2444.68619281945,2389.71272282688,739.467163085938,340
2359,2430.40746625102,2396.28095442436,739.467163085938,340
2360,2371.72026550841,2396.98952789315,739.467163085938,340
2361,2401.53201036829,2396.09157971268,741.594299316406,340
2362,2422.49107065895,2397.01410104716,741.594299316406,340
2363,2254.84125766265,2391.79294112613,741.594299316406,340
2364,2412.57626598375,2391.95309574914,741.594299316406,340
2365,2388.63303532194,2391.25025117197,741.594299316406,340
2366,2420.57288728086,2393.67245455698,741.594299316406,340
2367,2421.01104734549,2394.31384669065,741.594299316406,340
2368,2275.9470027835,2388.24192248765,741.594299316406,340
2369,2453.78505844297,2390.93098587126,743.644409179688,340
2370,2421.33534990763,2389.84825341677,743.644409179688,340
2371,2451.24702503384,2393.89070042445,743.644409179688,340
2372,2386.54676202395,2392.55761318314,743.644409179688,340
2373,2385.44035162357,2392.63806578916,743.644409179688,340
2374,2363.48397943226,2391.17222505862,743.644409179688,340
2375,2328.79494025544,2386.72117528875,743.644409179688,340
2376,2376.89579520334,2384.91078303023,743.644409179688,340
2377,2397.21328774562,2383.86980690085,743.447509765625,340
2378,2415.05467207238,2386.88658347155,743.447509765625,340
2379,2398.74779024,2387.21358726475,743.447509765625,340
2380,2430.88673180462,2387.37859685517,743.447509765625,340
2381,2365.86298924563,2389.67836525503,743.447509765625,340
2382,2442.1201262314,2394.47333444988,743.447509765625,340
2383,2336.25700134599,2390.13616679094,743.447509765625,340
2384,2438.9181479448,2390.47659405869,743.447509765625,340
2385,2316.07742857058,2388.25088058118,743.098754882812,340
2386,2414.13690747911,2388.75507646561,743.098754882812,340
2387,2410.12998299672,2388.26063295912,743.098754882812,340
2388,2435.96751415034,2395.50568321863,743.098754882812,340
2389,2403.21357984603,2395.13117577312,743.098754882812,340
2390,2353.69075558188,2393.73348458352,743.098754882812,340
2391,2399.34482697169,2392.88436217115,743.098754882812,340
2392,2440.33410720362,2393.65728456548,743.098754882812,340
2393,2326.3739250531,2395.67436145626,743.243469238281,340
2394,2404.93932191407,2393.7205319951,743.243469238281,340
2395,2400.26752214695,2392.87781888468,743.243469238281,340
2396,2329.16251829077,2387.99443861495,743.243469238281,340
2397,2454.78328059706,2390.72389935788,743.243469238281,340
2398,2431.29814412371,2392.55821105788,743.243469238281,340
2399,2357.24604146336,2392.30869353913,743.243469238281,340
2400,2460.73818065127,2397.58642315496,743.243469238281,340
2401,2443.72581037819,2400.25962376196,743.954467773438,340
2402,2453.38214161263,2402.50637791664,743.954467773438,340
2403,2404.37082538215,2402.07902404903,743.954467773438,340
2404,2429.45460194809,2403.30729651735,743.954467773438,340
2405,2433.57566803018,2403.41485396637,743.954467773438,340
2406,2447.76759867857,2406.69103834369,743.954467773438,340
2407,2390.70125801951,2404.63428361521,743.954467773438,340
2408,2452.10899497202,2409.26836336026,743.954467773438,340
2409,2407.29433752405,2408.00341094343,742.383422851562,340
2410,2449.2807230199,2413.3315427214,742.383422851562,340
2411,2413.45350920083,2413.30420679027,742.383422851562,340
2412,2422.70542600065,2413.80722451042,742.383422851562,340
2413,2400.58572068499,2412.39195277181,742.383422851562,340
2414,2434.32050829109,2413.63622990961,742.383422851562,340
2415,2456.94291328804,2417.76631621786,742.383422851562,340
2416,2462.73424519023,2420.3018929466,742.383422851562,340
2417,2429.99140736421,2419.88818495302,744.160278320312,340
2418,2395.53962243096,2422.65481284814,744.160278320312,340
2419,2428.61362548059,2423.6017849908,744.160278320312,340
2420,2423.27755213685,2424.5221861904,744.160278320312,340
2421,2431.38548746687,2428.61110495744,744.160278320312,340
2422,2384.56338406463,2425.80230909614,744.160278320312,340
2423,2449.62121615905,2426.53523197756,744.160278320312,340
2424,2399.02811238846,2428.20651481456,744.160278320312,340
2425,2378.52234006559,2424.91788119113,744.358947753906,340
2426,2458.68966137827,2425.51643523114,744.358947753906,340
2427,2384.40668573173,2422.7574169959,744.358947753906,340
2428,2435.66584470656,2424.00921776888,744.358947753906,340
2429,2436.97568024402,2424.31006090071,744.358947753906,340
2430,2437.24632321632,2424.45688710816,744.358947753906,340
2431,2432.07759612749,2423.82928700612,744.358947753906,340
2432,2447.32577024411,2426.0942674951,744.358947753906,340
2433,2460.79442110479,2426.44168454041,746.973022460938,340
2434,2392.80960414668,2425.86229520532,746.973022460938,340
2435,2436.20519121272,2425.33927393303,746.973022460938,340
2436,2453.93201491528,2426.95841416161,746.973022460938,340
2437,2371.15214460462,2424.89628290577,746.973022460938,340
2438,2454.52254795068,2427.05375599639,746.973022460938,340
2439,2388.64509428333,2425.22673943608,746.973022460938,340
2440,2421.88447056904,2423.82440172732,746.973022460938,340
2441,2435.98209604796,2422.75431576163,746.235412597656,340
2442,2223.14679647549,2414.48053132608,746.235412597656,340
2443,2472.01592762701,2417.53958353393,746.235412597656,340
2444,2454.81295723257,2418.587556804,746.235412597656,340
2445,2345.96045698592,2415.49487299797,746.235412597656,340
2446,2417.9072080584,2414.95574182163,746.235412597656,340
2447,2387.83623051288,2415.08665567956,746.235412597656,340
2448,2361.11065839551,2411.54623336902,746.235412597656,340
2449,2406.35602599721,2411.83934991337,748.052124023438,340
2450,2347.46419817152,2410.5970242376,748.052124023438,340
2451,2247.63758494663,2402.15494118034,748.052124023438,340
2452,2437.2992646047,2404.27064433526,748.052124023438,340
2453,2453.22789701775,2404.97312642771,748.052124023438,340
2454,2419.54888460369,2404.27605460209,748.052124023438,340
2455,2457.08696852347,2405.06968041438,748.052124023438,340
2456,2480.50013850103,2407.00658210932,748.052124023438,340
2457,2441.77646447385,2406.78460987851,748.332641601562,340
2458,2376.30598567427,2403.40507246129,748.332641601562,340
2459,2434.3510453742,2405.06673011039,748.332641601562,340
2460,2474.52630016786,2406.5995744686,748.332641601562,340
2461,2465.86320960284,2407.0768222561,748.332641601562,340
2462,2471.90769364046,2411.10704421753,748.332641601562,340
2463,2471.68507536291,2411.79354531402,748.332641601562,340
2464,2456.98260237169,2414.52704563755,748.332641601562,340
2465,2446.36286519953,2415.50618142277,747.009765625,340
2466,2451.29326592805,2416.11862821798,747.009765625,340
2467,2370.50356932171,2422.01289913183,747.009765625,340
2468,2364.71308656617,2417.72078548939,747.009765625,340
2469,2467.10779321455,2418.21257892867,747.009765625,340
2470,2245.50376781214,2414.19431136172,747.009765625,340
2471,2450.71940858541,2415.5067993828,747.009765625,340
2472,2467.1170504706,2418.67803218111,747.009765625,340
2473,2348.55936336009,2418.17598037969,746.255126953125,340
2474,2457.39745187435,2420.21763741478,746.255126953125,340
2475,2436.78343106723,2423.79040673061,746.255126953125,340
2476,2464.14376346036,2432.45065387115,746.255126953125,340
2477,2367.62287421812,2429.66359825569,746.255126953125,340
2478,2441.18437074682,2429.18185720485,746.255126953125,340
2479,2414.23234287291,2428.96919553562,746.255126953125,340
2480,2405.63734943685,2426.91121077216,746.255126953125,340
2481,2394.00883788263,2423.45155874742,748.126953125,340
2482,2303.03135315681,2417.90175429474,748.126953125,340
2483,2412.11323275501,2419.33404417797,748.126953125,340
2484,2450.4932222737,2419.97973125395,748.126953125,340
2485,2367.83521249671,2415.71208774711,748.126953125,340
2486,2442.27235222076,2414.76845345182,748.126953125,340
2487,2421.89450095342,2412.76792574434,748.126953125,340
2488,2416.18323859676,2410.5478522737,748.126953125,340
2489,2324.36592879526,2405.24318533064,746.664733886719,340
2490,2356.49802224115,2401.6485916123,746.664733886719,340
2491,2428.2730862738,2400.72778442613,746.664733886719,340
2492,2442.98511300833,2403.6270461736,746.664733886719,340
2493,2472.87302992323,2407.95344390788,746.664733886719,340
2494,2427.50724350227,2406.36942191939,746.664733886719,340
2495,2449.58034296293,2414.53248492542,746.664733886719,340
2496,2388.75179726749,2412.0537804727,746.664733886719,340
2497,2450.38889552849,2411.38465427502,748.446716308594,340
2498,2432.14569554258,2414.72810756232,748.446716308594,340
2499,2430.89430648266,2413.66798174665,748.446716308594,340
2500,2472.91400914716,2415.11320486985,748.446716308594,340
2501,2473.51236696057,2415.48794900986,748.446716308594,340
2502,2457.63486286012,2419.08842855554,748.446716308594,340
2503,2415.24684615484,2418.05092757186,748.446716308594,340
2504,2431.48093902709,2418.74087141802,748.446716308594,340
2505,2402.18904966594,2418.60293942719,750.535827636719,340
2506,2448.62178533075,2420.78745732511,750.535827636719,340
2507,2466.24134656576,2427.31585706147,750.535827636719,340
2508,2266.06469356917,2421.47391549404,750.535827636719,340
2509,2465.20764709356,2422.06249248683,750.535827636719,340
2510,2394.28419371497,2423.12045173556,750.535827636719,340
2511,2442.40326526918,2423.1256882575,750.535827636719,340
2512,2461.22433750838,2424.6988817197,750.535827636719,340
2513,2417.96298238554,2424.77007147125,751.802490234375,340
2514,2481.0977708572,2431.03934515373,751.802490234375,340
2515,2409.82660512985,2433.17248846927,751.802490234375,340
2516,2449.94410517271,2434.03932922523,751.802490234375,340
2517,2461.67296912673,2434.78684346997,751.802490234375,340
2518,2456.80066905604,2434.14394903528,751.802490234375,340
2519,2384.9592458141,2432.44202912775,751.802490234375,340
2520,2424.97074825429,2431.45764533941,751.802490234375,340
2521,2456.51545767289,2434.16819175562,752.367980957031,340
2522,2458.73705945138,2434.50211831254,752.367980957031,340
2523,2395.96004609725,2433.05469233473,752.367980957031,340
2524,2419.47811792703,2432.5980447925,752.367980957031,340
2525,2451.9909939264,2431.76112418367,752.367980957031,340
2526,2441.47378954177,2430.47958108692,752.367980957031,340
2527,2462.24671395263,2430.66405513062,752.367980957031,340
2528,2460.15928471404,2432.46055267299,752.367980957031,340
2529,2466.67917098089,2433.86848195114,752.751647949219,340
2530,2438.50467697956,2435.32110704368,752.751647949219,340
2531,2339.57195049066,2430.95911365008,752.751647949219,340
2532,2465.55537946976,2430.93167496624,752.751647949219,340
2533,2447.91011653888,2438.20549188503,752.751647949219,340
2534,2472.52933878374,2438.49835955263,752.751647949219,340
2535,2455.00540519297,2440.92720801175,752.751647949219,340
2536,2440.27390240074,2440.84203349702,752.751647949219,340
2537,2453.06217349153,2440.51554693634,753.837585449219,340
2538,2386.1226816586,2439.24193490727,753.837585449219,340
2539,2445.72025386682,2437.82683422765,753.837585449219,340
2540,2448.09130203283,2439.35742210377,753.837585449219,340
2541,2387.82384986442,2436.87261189144,753.837585449219,340
2542,2457.56537976249,2436.70830831687,753.837585449219,340
2543,2378.65725421079,2433.58257172306,753.837585449219,340
2544,2446.296141143,2436.03604753621,753.837585449219,340
2545,2401.85743717431,2435.11151509301,755.277282714844,340
2546,2474.74924405258,2435.8408665482,755.277282714844,340
2547,2462.14295194282,2435.97710224786,755.277282714844,340
2548,2460.30508373216,2438.55090375326,755.277282714844,340
2549,2446.06485186685,2439.61437311085,755.277282714844,340
2550,2461.50864441276,2439.9950791303,755.277282714844,340
2551,2464.68207822153,2440.92341067749,755.277282714844,340
2552,2420.98459689851,2439.27292599533,755.277282714844,340
2553,2444.43353978889,2438.64389619832,756.421020507812,340
2554,2395.64408580093,2435.80249279112,756.421020507812,340
2555,2467.94818232212,2436.98023300483,756.421020507812,340
2556,2450.93212234459,2441.43463987898,756.421020507812,340
2557,2455.02948231277,2441.01360399271,756.421020507812,340
2558,2343.84791804498,2436.85111605295,756.421020507812,340
2559,2487.83157237557,2437.46320539662,756.421020507812,340
2560,2401.2349042692,2435.31238535967,756.421020507812,340
2561,2436.30387151577,2435.15358412427,755.106689453125,340
2562,2461.66830168054,2435.49782925183,755.106689453125,340
2563,2476.75214012099,2439.12300759033,755.106689453125,340
2564,2437.44170947708,2438.79186581474,755.106689453125,340
2565,2411.05093625059,2437.31025118345,755.106689453125,340
2566,2466.9136456153,2440.47384301348,755.106689453125,340
2567,2313.22234391263,2434.70012157949,755.106689453125,340
2568,2368.56654684524,2434.29649328487,755.106689453125,340
2569,2446.41614116573,2434.30129328578,756.893920898438,340
2570,2479.30334090242,2437.3991294349,756.893920898438,340
2571,2415.36595267215,2435.02379777968,756.893920898438,340
2572,2463.22875589967,2435.06722993796,756.893920898438,340
2573,2373.85646963291,2431.60928537399,756.893920898438,340
2574,2395.39854404682,2429.58263306119,756.893920898438,340
2575,2420.45423532014,2427.94045669748,756.893920898438,340
2576,2359.89584158429,2423.74900723199,756.893920898438,340
2577,2479.29297517212,2426.08134236294,755.815673828125,340
2578,2400.9785353788,2424.34314218653,755.815673828125,340
2579,2420.30559188478,2425.32960242989,755.815673828125,340
2580,2437.86369523427,2424.12622294637,755.815673828125,340
2581,2166.95622606516,2412.7671870952,755.815673828125,340
2582,2388.23075325777,2410.095237933,755.815673828125,340
2583,2433.23439671502,2413.6706970798,755.815673828125,340
2584,2422.21181473273,2411.04590677408,755.815673828125,340
2585,2435.35039314954,2412.4105263293,754.155395507812,340
2586,2429.60617254428,2412.14261837044,754.155395507812,340
2587,2310.18393823394,2406.08324383257,754.155395507812,340
2588,2453.55682595651,2405.15543126599,754.155395507812,340
2589,2405.56765774475,2403.8804691967,754.155395507812,340
2590,2440.18162674763,2405.04569681658,754.155395507812,340
2591,2427.10049659316,2403.4531708557,754.155395507812,340
2592,2415.82501920122,2407.55727786724,754.155395507812,340
2593,2455.04086395003,2411.01625055143,752.787963867188,340
2594,2434.4713909002,2410.53846054081,752.787963867188,340
2595,2408.08023960343,2407.68953648885,752.787963867188,340
2596,2423.60233652638,2408.01899184302,752.787963867188,340
2597,2410.11161043755,2405.89430602454,752.787963867188,340
2598,2386.34549719628,2406.39386712707,752.787963867188,340
2599,2317.15214917485,2403.26401133219,752.787963867188,340
2600,2106.30073781344,2390.69787143192,752.787963867188,340
2601,2300.87068144725,2388.33686502644,754.631896972656,340
2602,2465.7444084079,2387.79492235587,754.631896972656,340
2603,2469.22086702612,2390.52461562177,754.631896972656,340
2604,2455.0492601563,2391.91436235263,754.631896972656,340
2605,2196.33296760235,2382.25313324735,754.631896972656,340
2606,2470.30101609864,2394.38692484869,754.631896972656,340
2607,2395.13917817203,2394.66326184526,754.631896972656,340
2608,2451.24301185396,2395.38360645082,754.631896972656,340
2609,2468.93021222727,2397.2523423506,752.126708984375,340
2610,2349.7712509551,2393.82917666282,752.126708984375,340
2611,2426.20876565117,2393.6932803871,752.126708984375,340
2612,2345.34910001311,2395.09988685826,752.126708984375,340
2613,2450.13606878406,2394.96305657137,752.126708984375,340
2614,2414.5190241084,2395.32111122591,752.126708984375,340
2615,2449.63477576338,2395.69923718654,752.126708984375,340
2616,2431.98387926787,2395.89457249353,752.126708984375,340
2617,2359.15357845791,2393.6277148638,751.963317871094,340
2618,2411.41536179642,2391.88269477765,751.963317871094,340
2619,2460.05640784156,2392.90609545531,751.963317871094,340
2620,2333.43150906783,2389.92014623389,751.963317871094,340
2621,2362.45641574323,2387.47430940256,751.963317871094,340
2622,2402.30383782051,2387.16199849788,751.963317871094,340
2623,2414.29543849342,2388.27999614976,751.963317871094,340
2624,2395.66016253875,2391.42031668432,751.963317871094,340
2625,2277.37845912337,2398.26342553672,754.429443359375,340
2626,2454.98113419917,2404.42784364679,754.429443359375,340
2627,2460.80244329379,2404.23016504223,754.429443359375,340
2628,2331.46645841437,2398.71998869776,754.429443359375,340
2629,2409.24407950092,2396.88778147154,754.429443359375,340
2630,2373.99217216918,2403.99414965422,754.429443359375,340
2631,2316.42671178541,2397.83917748169,754.429443359375,340
2632,2477.7716877026,2401.14447786291,754.429443359375,340
2633,2403.55231719025,2399.23685007636,753.401306152344,340
2634,2425.61238652586,2397.50413704831,753.401306152344,340
2635,2377.69076919911,2398.62091777807,753.401306152344,340
2636,2441.38704673279,2399.22804902133,753.401306152344,340
2637,2453.50374183381,2403.55423469416,753.401306152344,340
2638,2470.55314968753,2404.3709179303,753.401306152344,340
2639,2267.71091978098,2398.4985937572,753.401306152344,340
2640,2438.23751691031,2398.04270340308,753.401306152344,340
2641,2430.4501479641,2397.98135415093,753.393310546875,340
2642,2404.82340888809,2399.80814736813,753.393310546875,340
2643,2367.98298727315,2398.0708523872,753.393310546875,340
2644,2407.09790580496,2395.95251230574,753.393310546875,340
2645,2444.84101095831,2400.40889238136,753.393310546875,340
2646,2446.55750746397,2403.77293605019,753.393310546875,340
2647,2466.82068858668,2406.35361008084,753.393310546875,340
2648,2360.01265136052,2404.18229859552,753.393310546875,340
2649,2413.23149841406,2404.88515203053,752.314392089844,340
2650,2208.62052048706,2402.13483448508,752.314392089844,340
2651,2389.31120704124,2399.50803739876,752.314392089844,340
2652,2396.43202558352,2396.93322069035,752.314392089844,340
2653,2421.66178086546,2400.54103358839,752.314392089844,340
2654,2289.75008987584,2395.76127400339,752.314392089844,340
2655,2405.87571952215,2397.03661589751,752.314392089844,340
2656,2461.03046087893,2402.82076586125,752.314392089844,340
2657,2351.30529617887,2397.7621102003,755.230163574219,340
2658,2313.61069861991,2394.16444545749,755.230163574219,340
2659,2281.53707124789,2388.40143284637,755.230163574219,340
2660,2405.10494031636,2389.49799969106,755.230163574219,340
2661,2236.97596654269,2381.32155648346,755.230163574219,340
2662,2357.67214265167,2377.48829251617,755.230163574219,340
2663,2288.95873153541,2370.22451579008,755.230163574219,340
2664,2376.5287435233,2374.57722873978,755.230163574219,340
2665,2289.36322748163,2368.62225716263,756.017639160156,340
2666,2132.84217456828,2356.7179382268,756.017639160156,340
2667,2130.14320609165,2345.73073011494,756.017639160156,340
2668,2459.53312077162,2349.39273545488,756.017639160156,340
2669,2155.04650033414,2339.31067923605,756.017639160156,340
2670,2430.34408215931,2338.73080208409,756.017639160156,340
2671,2385.70560530969,2336.29672599791,756.017639160156,340
2672,2447.86474330937,2335.53848818682,756.017639160156,340
2673,2422.95781340064,2338.05629466843,755.277893066406,340
2674,2273.28630493811,2332.45848692939,755.277893066406,340
2675,2414.73561226132,2340.70309060036,755.277893066406,340
2676,2450.94612353712,2343.16848726019,755.277893066406,340
2677,2427.35679182393,2344.40547790981,755.277893066406,340
2678,2458.82064994144,2345.89183267285,755.277893066406,340
2679,2352.92330478509,2348.41876126922,755.277893066406,340
2680,2416.99373484216,2348.86348188202,755.277893066406,340
2681,1757.10415767767,2320.70642975397,752.419799804688,340
2682,1676.75802537502,2293.72453892182,752.419799804688,340
2683,1804.40754863922,2273.35641292259,752.419799804688,340
2684,2065.54546989223,2264.71674886836,752.419799804688,340
2685,1848.6025189356,2242.45665201313,752.419799804688,340
2686,1746.84118277837,2222.85126066256,752.419799804688,340
2687,1546.69623781598,2190.41222446913,752.419799804688,340
2688,1530.43233482792,2160.07116860083,752.419799804688,340
2689,2008.66370993099,2145.35656725714,737.85302734375,340
2690,1635.13081013733,2119.18727056337,737.85302734375,340
2691,1784.97112524456,2105.27242859042,737.85302734375,340
2692,1979.97903098638,2099.26586158621,737.85302734375,340
2693,2161.37632907914,2087.33958991851,737.85302734375,340
2694,1839.07877166558,2074.70088077177,737.85302734375,340
2695,1736.17858049595,2046.93426070523,737.85302734375,340
2696,2178.9110437154,2038.66247824146,737.85302734375,340
2697,2341.98116685808,2034.42713518341,714.500427246094,340
2698,2292.10036367588,2029.19283719442,714.500427246094,340
2699,1970.99269127346,2017.10109264783,714.500427246094,340
2700,1855.76758592967,1994.74237159457,714.500427246094,340
2701,2308.36898548264,1989.03928607239,714.500427246094,340
2702,2224.50981761945,1980.92540710421,714.500427246094,340
2703,2213.26705393355,1971.10326326389,714.500427246094,340
2704,2327.3348123685,1970.07972356723,714.500427246094,340
2705,2311.69924509304,1965.86794397726,706.326171875,340
2706,2254.58641361181,1985.76723421463,706.326171875,340
2707,2126.46364726828,2003.75545909036,706.326171875,340
2708,2205.31613006629,2019.79180234744,706.326171875,340
2709,2412.35222375512,2033.66407250196,706.326171875,340
2710,2315.48407713095,2052.33933482977,706.326171875,340
2711,2311.19009926928,2074.91329148941,706.326171875,340
2712,1759.84386064611,2083.43919640261,706.326171875,340
2713,2160.48657530951,2108.64136602188,703.516906738281,340
2714,2382.66162682731,2123.60128269773,703.516906738281,340
2715,2310.58578127735,2150.61948154333,703.516906738281,340
2716,2352.13096175587,2173.30587500378,703.516906738281,340
2717,2076.83937332686,2177.1802886974,703.516906738281,340
2718,2309.88826530236,2183.12076614633,703.516906738281,340
2719,2111.66590428796,2194.02425145123,703.516906738281,340
2720,2199.64393667877,2212.56286569854,703.516906738281,340
2721,2457.84544960947,2223.7202419343,707.339904785156,340
2722,2376.10992680883,2225.08539233233,707.339904785156,340
2723,2241.94776593243,2223.0792884226,707.339904785156,340
2724,2421.37123831254,2241.09443030416,707.339904785156,340
2725,2181.13167761792,2254.10899397169,707.339904785156,340
2726,2181.70391649652,2249.04239121224,707.339904785156,340
2727,2400.18217837691,2256.06928564254,707.339904785156,340
2728,2377.20137223538,2262.62665837462,707.339904785156,340
2729,2385.02111160513,2264.93411034408,709.187805175781,340
2730,2436.21119263824,2269.91458824589,709.187805175781,340
2731,2185.88288116893,2267.16644694817,709.187805175781,340
2732,2437.41561757131,2279.6045257603,709.187805175781,340
2733,2353.94015271384,2285.5494866662,709.187805175781,340
2734,1980.29792436409,2268.26731469056,709.187805175781,340
2735,2383.57068884029,2270.99077915893,709.187805175781,340
2736,2318.61784727132,2271.28788907901,709.187805175781,340
2737,2236.27780537864,2290.34524686831,708.269897460938,340
2738,2170.88413257381,2290.76114915888,708.269897460938,340
2739,2302.36956500208,2287.54946668587,708.269897460938,340
2740,2190.09860107148,2282.72997947764,708.269897460938,340
2741,2058.38758763718,2270.98024451289,708.269897460938,340
2742,2282.76795330612,2279.21738771206,708.269897460938,340
2743,2297.98390490114,2278.74121329601,708.269897460938,340
2744,2274.45279909959,2285.25268908848,708.269897460938,340
2745,2297.88637583565,2289.18238665475,708.979248046875,340
2746,2266.80983488083,2281.54096206561,708.979248046875,340
2747,2194.58502893004,2274.27996615046,708.979248046875,340
2748,2444.25651062936,2282.37231593833,708.979248046875,340
2749,2161.95973885906,2271.99585596019,708.979248046875,340
2750,2234.60199529453,2274.13466866726,708.979248046875,340
2751,2350.77380888015,2280.8974643626,708.979248046875,340
2752,2410.80937502371,2281.32255222848,708.979248046875,340
2753,2298.0902458568,2278.15810717333,712.762329101562,340
2754,2337.82162049967,2276.27012752911,712.762329101562,340
2755,2414.97939193545,2275.420855501,712.762329101562,340
2756,2048.9858615342,2269.94497471561,712.762329101562,340
2757,1916.26098187447,2249.09878928774,712.762329101562,340
2758,2212.39674271202,2243.43705288767,712.762329101562,340
2759,2432.73318073562,2261.53446314253,712.762329101562,340
2760,2436.33937940423,2263.64521076509,712.762329101562,340
2761,2393.42226432052,2266.63738744705,712.977966308594,340
2762,2324.08609121856,2270.14971888065,712.977966308594,340
2763,2370.26533857864,2278.12496712084,712.977966308594,340
2764,2343.437279511,2279.7676757012,712.977966308594,340
2765,1913.46029564691,2268.70214348422,712.977966308594,340
2766,2189.28075149905,2273.93787003869,712.977966308594,340
2767,2349.98948073921,2276.62673113602,712.977966308594,340
2768,2406.93160056313,2280.9846389625,712.977966308594,340
2769,2431.38111683966,2287.2617716721,714.800354003906,340
2770,2328.41592173617,2288.48295350812,714.800354003906,340
2771,2368.26455822679,2292.54114244196,714.800354003906,340
2772,2271.70076267049,2295.62577179158,714.800354003906,340
2773,2391.29117875679,2293.50715851667,714.800354003906,340
2774,2366.74673298176,2301.69863828158,714.800354003906,340
2775,2397.21907978303,2308.20332166112,714.800354003906,340
2776,2228.18312376978,2303.29969425671,714.800354003906,340
2777,2345.40190203452,2300.68339533714,718.134094238281,340
2778,2331.24977592256,2302.00977653977,718.134094238281,340
2779,2306.02455838539,2300.7378940552,718.134094238281,340
2780,2149.71905910516,2290.12748074199,718.134094238281,340
2781,2421.3272960324,2305.02113812191,718.134094238281,340
2782,2386.03671668669,2323.8121675144,718.134094238281,340
2783,2323.17604425251,2328.24333957602,718.134094238281,340
2784,2358.39950089061,2325.26999238222,718.134094238281,340
2785,2301.88483193174,2319.89181048332,718.322204589844,340
2786,2387.75868459956,2319.66526729448,718.322204589844,340
2787,2335.36524860707,2320.11643359002,718.322204589844,340
2788,2413.25298020194,2321.83593925496,718.322204589844,340
2789,2419.59087608407,2324.88208311788,718.322204589844,340
2790,2243.14053237884,2338.06929258716,718.322204589844,340
2791,2400.5848848862,2346.52145792264,718.322204589844,340
2792,2193.01691746735,2340.24255539177,718.322204589844,340
2793,2330.99853849764,2337.20523290915,720.478149414062,340
2794,2404.24422422454,2336.11975720454,720.478149414062,340
2795,2276.19251797145,2334.03082105395,720.478149414062,340
2796,2425.9304971962,2336.33745861273,720.478149414062,340
2797,2215.34170264483,2334.0830962117,720.478149414062,340
2798,2435.03388613463,2335.83280450682,720.478149414062,340
2799,2385.22654927199,2336.57199715843,720.478149414062,340
2800,2410.25434133363,2337.09340762045,720.478149414062,340
2801,2443.79888156669,2345.71803793233,722.433349609375,340
2802,2194.3784924745,2339.67710154993,722.433349609375,340
2803,2394.29198258202,2342.19878981631,722.433349609375,340
2804,2468.43028244697,2348.69501877877,722.433349609375,340
2805,2378.67827924328,2357.85338758429,722.433349609375,340
2806,2406.47215908773,2357.25918210651,722.433349609375,340
2807,2423.34236174658,2358.7514079089,722.433349609375,340
2808,2435.15069023501,2363.2303937482,722.433349609375,340
2809,2358.89210065269,2363.25009773869,725.653869628906,340
2810,2383.30801403275,2366.50702502273,725.653869628906,340
2811,2401.27541144296,2367.04769409646,725.653869628906,340
2812,2385.90952728107,2369.06946524342,725.653869628906,340
2813,2321.83365759217,2365.41269233903,725.653869628906,340
2814,2361.21137062956,2363.07751212085,725.653869628906,340
2815,2358.45827631784,2367.69022187841,725.653869628906,340
2816,2426.33030188164,2368.72003855823,725.653869628906,340
2817,2411.4999371211,2377.45935934438,727.965209960938,340
2818,2435.40557199997,2381.63564068447,727.965209960938,340
2819,2141.58674296276,2371.129341434,727.965209960938,340
2820,2371.44733352013,2374.93953405595,727.965209960938,340
2821,2393.31866827245,2373.635060899,727.965209960938,340
2822,2372.59723074333,2379.92528202294,727.965209960938,340
2823,2347.42095231549,2376.42076467017,727.965209960938,340
2824,2264.09288413637,2371.57541806475,727.965209960938,340
2825,2425.5036095492,2372.18538879337,729.716125488281,340
2826,2398.4150458745,2370.37003536568,729.716125488281,340
2827,2413.67275418465,2379.14180583409,729.716125488281,340
2828,2442.03312256987,2381.0514514336,729.716125488281,340
2829,2414.98157528218,2378.91350314701,729.716125488281,340
2830,2444.10704671397,2381.53065384584,729.716125488281,340
2831,2201.34272151153,2373.32547634279,729.716125488281,340
2832,2436.65244779978,2373.85787978492,729.716125488281,340
2833,2429.74707142718,2373.64173503261,731.644348144531,340
2834,2386.41732720929,2374.74274409487,731.644348144531,340
2835,2416.71445795824,2376.07900185189,731.644348144531,340
2836,2453.33205964279,2378.16126777988,731.644348144531,340
2837,2457.70916328306,2381.03325321996,731.644348144531,340
2838,2440.4389688725,2385.77746567118,731.644348144531,340
2839,2361.97708508257,2385.8080942493,731.644348144531,340
2840,2395.56335077907,2387.29229722774,731.644348144531,340
2841,2343.24938156146,2383.96906041494,732.341857910156,340
2842,2247.70231741958,2377.41715562688,732.341857910156,340
2843,2393.9388802964,2375.75848795873,732.341857910156,340
2844,2461.84992026818,2388.56901505095,732.341857910156,340
2845,2478.70894253465,2392.85947941153,732.341857910156,340
2846,2417.77544574729,2393.83775051052,732.341857910156,340
2847,2386.62938682478,2394.39903675378,732.341857910156,340
2848,2308.37507711295,2392.83720174568,732.341857910156,340
2849,2423.0525735374,2399.19558932172,734.398071289062,340
2850,2407.97626587282,2398.49449557467,734.398071289062,340
2851,2326.40636121862,2395.61414818843,734.398071289062,340
2852,2438.2251257336,2396.59624305039,734.398071289062,340
2853,2440.26023697901,2396.52532762676,734.398071289062,340
2854,2415.53163102445,2396.54732985645,734.398071289062,340
2855,2377.51674241939,2393.88371768466,734.398071289062,340
2856,2438.34881314254,2403.3639613499,734.398071289062,340
2857,2218.88442887349,2394.65324059285,736.703430175781,340
2858,2251.40922472763,2387.51972672487,736.703430175781,340
2859,2411.71869294089,2388.53178135413,736.703430175781,340
2860,2436.61175416875,2389.32767320256,736.703430175781,340
2861,2444.52306715971,2388.97531350323,736.703430175781,340
2862,2464.47404210815,2389.24590865624,736.703430175781,340
2863,2392.18431486918,2387.3157224961,736.703430175781,340
2864,2468.23055670907,2391.56586136116,736.703430175781,340
2865,2394.69869864909,2391.53127527596,737.26123046875,340
2866,2429.75670006148,2394.99156801596,737.26123046875,340
2867,2395.84959547697,2400.91745913826,737.26123046875,340
2868,2463.76795638322,2403.71062218173,737.26123046875,340
2869,2469.89343380771,2404.03236272331,737.26123046875,340
2870,2416.06896329117,2401.52676355358,737.26123046875,340
2871,2261.2484334329,2395.265683061,737.26123046875,340
2872,2410.00511407774,2396.20071215112,737.26123046875,340
2873,2459.18200338324,2402.23298920193,737.399230957031,340
2874,2437.19812172468,2402.79881112942,737.399230957031,340
2875,2459.54743948505,2404.86165807391,737.399230957031,340
2876,2467.11253542898,2410.48990504232,737.399230957031,340
2877,2459.54652722807,2411.3427611021,737.399230957031,340
2878,2479.84997246583,2412.92635052158,737.399230957031,340
2879,2452.90107973419,2414.42112846997,737.399230957031,340
2880,2390.29402087781,2414.9322196083,737.399230957031,340
2881,2392.6203627417,2413.10308159227,739.212585449219,340
2882,2396.04545708765,2420.18952272083,739.212585449219,340
2883,2425.63106086935,2427.1583961665,739.212585449219,340
2884,2414.16511597014,2427.25625308767,739.212585449219,340
2885,2235.85756687634,2419.22608559598,739.212585449219,340
2886,2465.77538714276,2420.0761783953,739.212585449219,340
2887,2422.8056411666,2418.40944235764,739.212585449219,340
2888,2454.0746092757,2420.8850541339,739.212585449219,340
2889,2464.33635595723,2420.72928610382,741.000793457031,340
2890,2351.42797818417,2418.99845728523,741.000793457031,340
2891,2387.16382711388,2417.29474236732,741.000793457031,340
2892,2415.88860654155,2418.09630280991,741.000793457031,340
2893,2389.07782982678,2415.10869774765,741.000793457031,340
2894,2406.45326453833,2412.57109097687,741.000793457031,340
2895,2438.19391333731,2413.45608897872,741.000793457031,340
2896,2483.31697235582,2422.33883053564,741.000793457031,340
2897,2436.78478544525,2423.41001739034,740.412841796875,340
2898,2379.19410000074,2420.21050125504,740.412841796875,340
2899,2421.00520347626,2419.5627845251,740.412841796875,340
2900,2401.40125028593,2417.23693695713,740.412841796875,340
2901,2382.49265391145,2413.85214169643,740.412841796875,340
2902,2462.50466965886,2413.97046739367,740.412841796875,340
2903,2474.4365351629,2413.75392990155,740.412841796875,340
2904,2477.52421204331,2414.73885519391,740.412841796875,340
2905,2500.29860971475,2419.13903874739,738.325988769531,340
2906,2342.44482973278,2417.13201742703,738.325988769531,340
2907,2421.73069101951,2418.15942678431,738.325988769531,340
2908,2354.45380158492,2415.31233641293,738.325988769531,340
2909,2356.94168194687,2413.023399052,738.325988769531,340
2910,2410.91318148582,2420.02562363638,738.325988769531,340
2911,2486.01504362979,2420.83520989586,738.325988769531,340
2912,2345.70331387622,2417.75111680424,738.325988769531,340
2913,2427.8784288158,2416.70326958585,738.660522460938,340
2914,2489.8249483067,2417.72281327983,738.660522460938,340
2915,2284.69857567553,2415.05363717948,738.660522460938,340
2916,2315.69358719141,2412.19482758258,738.660522460938,340
2917,2422.55455837497,2412.46146565592,738.660522460938,340
2918,2404.9952548349,2413.09816265624,738.660522460938,340
2919,2407.18214003483,2413.1273176761,738.660522460938,340
2920,2383.13971976644,2410.92514993327,738.660522460938,340
2921,2358.78051353616,2405.94369158048,742.534057617188,340
2922,2460.58021332503,2406.89550869567,742.534057617188,340
2923,2410.6869789465,2408.15522385351,742.534057617188,340
2924,2402.87972319577,2407.43020464229,742.534057617188,340
2925,2407.11558173172,2407.65877790012,742.534057617188,340
2926,2317.46512748452,2405.05767684304,742.534057617188,340
2927,2473.90901851085,2405.51385079712,742.534057617188,340
2928,2457.3829232593,2404.83170632098,742.534057617188,340
2929,2009.24951479368,2386.10071843099,744.683044433594,340
2930,2464.16998692008,2384.6555735192,744.683044433594,340
2931,2135.68906713638,2376.38534301535,744.683044433594,340
2932,2348.4005978174,2373.45213928726,744.683044433594,340
2933,2349.39119912066,2373.24963518869,744.683044433594,340
2934,2478.06361203293,2378.09451239213,744.683044433594,340
2935,2282.64549549061,2372.96380495233,744.683044433594,340
2936,2408.52422707332,2369.86417229007,744.683044433594,340
2937,2230.0063226396,2365.2362926406,743.937683105469,340
2938,2339.17210091244,2361.68803952447,743.937683105469,340
2939,2463.09895572012,2360.61899982101,743.937683105469,340
2940,2372.55285600776,2364.13317103429,743.937683105469,340
2941,2156.04105784752,2357.74706986054,743.937683105469,340
2942,2231.44395270064,2350.10264563357,743.937683105469,340
2943,2223.82758164376,2342.85593870592,743.937683105469,340
2944,2385.22195182705,2341.97753117761,743.937683105469,340
2945,2388.61231705136,2342.19643506901,745.001831054688,340
2946,2116.91189775889,2332.52169043792,745.001831054688,340
2947,2373.11853404223,2329.0232232666,745.001831054688,340
2948,2102.65588392575,2316.70197946577,745.001831054688,340
2949,2479.41538645344,2319.76340599608,745.001831054688,340
2950,2421.15378413505,2320.32493409221,745.001831054688,340
2951,2208.00187976913,2315.9464041836,745.001831054688,340
2952,2373.62454653656,2311.93502530463,745.001831054688,340
2953,2319.50894942653,2306.42006635132,748.568481445312,340
2954,2339.19888462571,2319.6180411446,748.568481445312,340
2955,2382.65436465961,2316.35741625418,748.568481445312,340
2956,1967.18301559994,2309.61717419272,748.568481445312,340
2957,2363.27822681646,2310.21227935268,748.568481445312,340
2958,1946.53969659993,2294.09821925185,748.568481445312,340
2959,2378.36531791256,2290.11028748704,748.568481445312,340
2960,2089.95058373189,2282.40249101669,748.568481445312,340
2961,2362.09917346428,2280.54548887233,751.060913085938,340
2962,2097.58935036153,2275.24880998121,751.060913085938,340
2963,2183.16864689596,2269.00867182055,751.060913085938,340
2964,2211.15907223747,2258.93107648124,751.060913085938,340
2965,2248.25348541158,2253.95910165739,751.060913085938,340
2966,2023.39841539389,2248.65339595925,751.060913085938,340
2967,2057.80518331588,2241.70784518386,751.060913085938,340
2968,2139.79128576476,2238.3463933487,751.060913085938,340
2969,2349.95530022553,2236.93572728464,749.069030761719,340
2970,2281.68996981557,2232.6588333952,749.069030761719,340
2971,2395.59900422623,2243.8063176539,749.069030761719,340
2972,2127.68922671545,2233.98914536083,749.069030761719,340
2973,2199.71979309979,2237.87170172779,749.069030761719,340
2974,2336.07009283619,2232.1378899831,749.069030761719,340
2975,2372.46958831165,2230.19052215016,749.069030761719,340
2976,2329.79832203215,2235.06237984068,749.069030761719,340
2977,2219.56372776362,2228.89994708977,752.484924316406,340
2978,2238.42243259535,2225.65648641652,752.484924316406,340
2979,2197.43658938951,2219.98599460707,752.484924316406,340
2980,2432.45758022241,2221.97812322958,752.484924316406,340
2981,2409.87340743027,2239.6857389028,752.484924316406,340
2982,2255.36048675779,2235.36902930045,752.484924316406,340
2983,1676.85645202011,2224.58169951726,752.484924316406,340
2984,2168.59591511619,2216.1909234054,752.484924316406,340
2985,1651.25772566905,2198.64320908289,749.632507324219,340
2986,2043.03908176913,2185.88080541508,749.632507324219,340
2987,2244.02412737309,2191.73819649555,749.632507324219,340
2988,2446.78510840362,2202.28285495585,749.632507324219,340
2989,2393.03138741112,2209.5577475628,749.632507324219,340
2990,2176.72819622703,2206.69673599542,749.632507324219,340
2991,2426.7763724178,2222.83185427637,749.632507324219,340
2992,1988.03857392668,2220.0411899008,749.632507324219,340
2993,2367.42805376239,2229.14666062071,749.711853027344,340
2994,2340.54979621545,2228.77044046031,749.711853027344,340
2995,2338.08405378647,2231.02620381914,749.711853027344,340
2996,2281.51214331012,2226.4627293825,749.711853027344,340
2997,2267.13683262252,2232.04063361878,749.711853027344,340
2998,2321.4243184578,2236.9088146331,749.711853027344,340
2999,1932.17098322854,2220.7528502488,749.711853027344,340
3000,2230.82487252971,2215.08706161752,749.711853027344,340
