episode,reward,avg_reward,q0,steps
1,-496.211553427426,-496.211553427426,-1.99314545170637e-05,340
2,-114.804327723815,-305.507940575621,-1.99314545170637e-05,340
3,-708.878844362394,-439.964908504545,-1.99314545170637e-05,340
4,-345.356481564547,-416.312801769546,-1.99314545170637e-05,340
5,-284.425639038816,-389.9353692234,-1.99314545170637e-05,340
6,-483.888292513316,-405.594189771719,-1.99314545170637e-05,340
7,-832.572278302734,-466.591059561864,-1.99314545170637e-05,340
8,-362.794931726634,-453.61654358246,-1.99314545170637e-05,340
9,-697.037129577641,-480.663275359703,-18.3627700805664,340
10,-725.637832445853,-505.160731068318,-18.3627700805664,340
11,-364.090103549229,-492.336128566582,-18.3627700805664,340
12,-772.039344180109,-515.64472986771,-18.3627700805664,340
13,-173.049339524629,-489.291238302857,-18.3627700805664,325
14,-339.913773312034,-478.621419374941,-18.3627700805664,340
15,-532.081785265901,-482.185443767672,-18.3627700805664,340
16,-663.594112497978,-493.523485563316,-18.3627700805664,340
17,-200.269733622669,-476.273264860925,-19.9144172668457,340
18,-455.157611508917,-475.100173008036,-19.9144172668457,340
19,-1041.77083817901,-504.924944859139,-19.9144172668457,340
20,-554.035055407536,-507.380450386559,-19.9144172668457,340
21,-760.71786730849,-519.444136906651,-19.9144172668457,340
22,-448.411980030768,-516.215402503202,-19.9144172668457,340
23,-85.4280068754945,-497.48551573678,-19.9144172668457,204
24,-320.24243708393,-490.100387459578,-19.9144172668457,340
25,-465.836127172412,-489.129817048091,-5.08859491348267,340
26,-427.880774304121,-486.396585883159,-5.08859491348267,340
27,-139.036738680311,-487.365882321419,-5.08859491348267,340
28,-106.740810958221,-463.280360985252,-5.08859491348267,340
29,-301.021867417176,-461.506976419357,-5.08859491348267,340
30,-386.49218114271,-465.589638103513,-5.08859491348267,339
31,-641.997346597998,-471.9140002669,-5.08859491348267,340
32,-337.419957744614,-452.107907444575,-5.08859491348267,340
33,92.6187798185692,-433.891358982767,13.5649662017822,340
34,-112.003248852537,-410.490003753763,13.5649662017822,340
35,-292.183366565023,-393.15182511853,13.5649662017822,340
36,-69.5965324761196,-381.372082275605,13.5649662017822,340
37,-262.23152648709,-360.979769567885,13.5649662017822,340
38,-299.948651324534,-366.055742039881,13.5649662017822,340
39,-151.117629080736,-358.503896270629,13.5649662017822,340
40,-269.572130078617,-348.003510063138,13.5649662017822,340
41,-369.506333208072,-336.239998891541,39.4343948364258,324
42,-53.6693509284627,-330.375983583773,39.4343948364258,340
43,-110.359071391924,-316.584041979093,39.4343948364258,340
44,-314.40733521363,-287.489501860478,39.4343948364258,340
45,-49.1898260597125,-267.295692686565,39.4343948364258,340
46,-116.778521131838,-241.538118839499,39.4343948364258,340
47,-23.1415910685879,-224.527303281012,39.4343948364258,340
48,26.2830101640209,-220.058862599432,39.4343948364258,340
49,-301.620584453315,-219.313988494207,63.854850769043,340
50,-113.445925926415,-205.218380444367,63.854850769043,340
51,-86.8331064114853,-191.576473728662,63.854850769043,340
52,-172.968480603144,-192.933743405575,63.854850769043,340
53,33.3207103931414,-187.33128255152,63.854850769043,340
54,-231.541390654225,-184.552063481002,63.854850769043,340
55,-93.4607362018963,-172.83080568337,63.854850769043,340
56,-400.986752589051,-163.190381923012,63.854850769043,340
57,-136.238667782059,-155.14313032451,69.1701812744141,340
58,-241.442377034573,-168.505576598635,69.1701812744141,309
59,-321.535646808013,-176.886872516854,69.1701812744141,340
60,-206.050689656092,-173.441565440497,69.1701812744141,340
61,-139.710990458434,-176.24614375979,69.1701812744141,340
62,-120.392029312943,-170.572563872824,69.1701812744141,340
63,-40.9210407799139,-160.211459451039,69.1701812744141,340
64,-39.9032791859081,-155.762885455246,69.1701812744141,340
65,-139.129100133801,-150.545164257453,82.2257385253906,340
66,-147.376039728275,-141.659952518262,82.2257385253906,340
67,-273.690448510193,-150.460796421531,82.2257385253906,340
68,-293.350725335313,-157.780462579266,82.2257385253906,340
69,-80.0452462260998,-148.405979019765,82.2257385253906,340
70,-255.19075231694,-156.646016070054,82.2257385253906,340
71,-270.924436892064,-162.811852700463,82.2257385253906,340
72,-108.161716298428,-166.212657709657,82.2257385253906,340
73,137.3071237013,-161.771693168166,94.5216751098633,340
74,-55.2572964861261,-151.917161649478,94.5216751098633,340
75,-405.835499773039,-163.612744603343,94.5216751098633,340
76,110.380537628038,-155.724198841762,94.5216751098633,340
77,-54.2638600103284,-150.976014018049,94.5216751098633,340
78,-321.08313732065,-165.152167926601,94.5216751098633,340
79,-342.976587417126,-169.609575797117,94.5216751098633,340
80,-57.1903526698178,-168.158760455834,94.5216751098633,340
81,792.69743289262,-120.411393036567,107.060371398926,340
82,-94.6553315610281,-118.748059587726,107.060371398926,340
83,-67.3482181375063,-111.784293231843,107.060371398926,340
84,155.065550445476,-92.7202453417037,107.060371398926,340
85,242.123199364473,-74.7932897808811,107.060371398926,340
86,-279.733376711264,-80.3941852309943,107.060371398926,340
87,-44.6454895517943,-77.3643236405483,107.060371398926,340
88,-89.7126256461418,-79.3159870351975,107.060371398926,251
89,112.179358069665,-73.2326815449745,138.355194091797,340
90,36.8518591453286,-66.1934431738093,138.355194091797,340
91,-323.634868464486,-73.2437963232578,138.355194091797,340
92,-21.6600991545778,-63.1625823490332,138.355194091797,340
93,-217.228320403532,-60.1176861517619,138.355194091797,340
94,-4.06483132613461,-57.0784695557633,138.355194091797,340
95,-143.130198831655,-52.5960474163519,138.355194091797,340
96,-291.955899814942,-53.437305933267,138.355194091797,340
97,-93.8999611324713,-52.8668357266288,173.064392089844,340
98,92.3613120805505,-54.6646681914588,173.064392089844,340
99,-188.935876496061,-60.0118113918561,173.064392089844,340
100,111.976884332607,-39.2993160276303,173.064392089844,340
101,-135.733653968362,-49.1438836914863,173.064392089844,340
102,292.272345349131,-35.2824354771079,173.064392089844,340
103,274.563014314683,-11.4565894116946,173.064392089844,340
104,19.6885869464761,3.05001756284949,173.064392089844,340
105,269.962413242961,16.1361281993606,198.173202514648,340
106,86.3292272326107,-12.1186000270397,198.173202514648,340
107,-72.5579404648444,-11.2347043831924,198.173202514648,340
108,113.109309136343,-4.0164032922384,198.173202514648,340
109,247.530405505173,-0.317809089850492,198.173202514648,340
110,15.6462456246575,-9.37688723944313,198.173202514648,340
111,15.2338571393457,2.42180211458126,198.173202514648,340
112,35.7954004593688,5.63943771502779,198.173202514648,340
113,448.552734104206,27.1700521050417,203.174896240234,340
114,31.4845722712395,23.9422606731047,203.174896240234,340
115,635.731993713448,47.8974660558294,203.174896240234,340
116,335.350429122919,74.2568779593256,203.174896240234,340
117,401.721159170755,91.192128292339,203.174896240234,340
118,-53.5618163863223,97.7387884530273,203.174896240234,340
119,362.471542159715,112.400243392461,203.174896240234,340
120,-53.5327436134259,115.984141601191,203.174896240234,340
121,203.397853098396,135.798291717724,249.049606323242,340
122,139.403530871465,145.130431397881,249.049606323242,340
123,279.561975892488,152.618457950359,249.049606323242,340
124,264.038915871274,170.737449645052,249.049606323242,340
125,40.7980268798153,167.890295346941,249.049606323242,340
126,150.243289443904,179.329373083431,249.049606323242,340
127,578.377733144662,190.773588595253,249.049606323242,340
128,213.219961757006,188.319866492945,249.049606323242,340
129,16.9436399662854,188.210068613738,282.456329345703,340
130,-33.6935851905208,176.063828676399,282.456329345703,340
131,-92.0832612140239,168.927329138533,282.456329345703,340
132,31.3275108543585,173.082747191301,282.456329345703,340
133,472.968089386006,187.477098401288,282.456329345703,340
134,270.047479806085,188.377781373324,282.456329345703,340
135,30.1296957795851,188.957119379521,282.456329345703,340
136,527.344868357957,209.441559828266,282.456329345703,340
137,611.053332713364,232.451877118426,316.876068115234,340
138,189.99140766663,222.109424060923,316.876068115234,340
139,190.347920597624,228.463957993978,316.876068115234,340
140,377.780249263164,218.145888215967,316.876068115234,340
141,490.551001826815,224.353911124122,316.876068115234,340
142,28.6188809369738,209.429819994771,316.876068115234,288
143,293.576530366732,223.315353864893,316.876068115234,340
144,234.475930104798,218.195529382697,316.876068115234,340
145,-206.917175537629,212.060152105729,338.885192871094,340
146,454.334167366084,222.097604676436,338.885192871094,340
147,486.254338350159,235.971636975584,338.885192871094,340
148,101.360431550614,228.843575201909,338.885192871094,340
149,304.264332785757,230.452591878488,338.885192871094,340
150,-88.1836581483165,225.293324477363,338.885192871094,340
151,192.805642290899,226.995818591243,338.885192871094,340
152,319.339938224548,216.634306794438,338.885192871094,340
153,339.717634173142,221.694213691084,366.313537597656,340
154,275.768043655904,232.047189838668,366.313537597656,340
155,-237.38340626412,223.899596995724,366.313537597656,340
156,403.390255985672,243.718537683712,366.313537597656,340
157,134.938453706228,247.862975397787,366.313537597656,340
158,379.262695903698,244.114759658495,366.313537597656,340
159,531.633200446441,254.578188484109,366.313537597656,340
160,349.354776560812,267.347191715358,366.313537597656,340
161,292.960769162816,257.971827747552,376.127319335938,340
162,663.776235394822,260.080743854811,376.127319335938,340
163,316.887043760916,265.156569298582,376.127319335938,340
164,358.073974042706,271.865611436385,376.127319335938,340
165,181.414560797883,264.010983897774,376.127319335938,340
166,477.996762880665,263.508814339928,376.127319335938,340
167,410.084405232958,278.767435311767,376.127319335938,340
168,209.761787870659,275.414845611925,376.127319335938,340
169,221.950350732705,274.913822437041,392.935760498047,340
170,334.275487685497,296.561528965966,392.935760498047,340
171,1506.41181341211,338.644634807807,392.935760498047,340
172,1365.23642294029,373.803918191412,392.935760498047,340
173,299.124421334586,381.714477782771,392.935760498047,340
174,715.710298958803,398.172316429693,392.935760498047,340
175,602.037015446509,425.781143373486,392.935760498047,340
176,429.903439270721,435.265055252679,392.935760498047,340
177,1424.76784474335,479.482171513431,395.933776855469,340
178,1168.30146607525,512.625524789515,395.933776855469,340
179,1365.02290267859,556.195719150423,395.933776855469,340
180,561.014803065866,588.131647523622,395.933776855469,340
181,1231.591800577,621.259709307275,395.933776855469,340
182,1581.63796084108,679.127689592669,395.933776855469,340
183,1179.07048953283,711.120001337835,395.933776855469,340
184,818.994642699313,722.614459027949,395.933776855469,340
185,1266.49988974117,759.300263555164,391.76123046875,340
186,1249.93666501386,797.579299389205,391.76123046875,340
187,737.949786315222,800.546241426021,391.76123046875,340
188,1377.53559196224,842.972183354074,391.76123046875,340
189,1202.11248981963,876.733723985151,391.76123046875,340
190,1288.08263195974,921.000446831625,391.76123046875,340
191,1150.67813152583,947.907701577432,391.76123046875,340
192,1322.66350697543,984.410865647131,391.76123046875,340
193,1294.42502974381,1027.79739532206,403.825500488281,340
194,992.18728567778,1058.60687271986,403.825500488281,340
195,1284.0930199114,1096.5995740089,403.825500488281,340
196,1664.63659202513,1102.92856515342,403.825500488281,340
197,1329.18554214585,1101.48652992164,403.825500488281,340
198,1536.08310821028,1150.96487739667,403.825500488281,340
199,1307.52553096189,1174.63748667679,403.825500488281,340
200,1222.35406716014,1199.45016874534,403.825500488281,340
201,1475.21520839303,1241.26263951023,407.894348144531,340
202,1209.57837622955,1232.65506076968,407.894348144531,340
203,1389.69190134645,1241.51067818052,407.894348144531,340
204,1310.31174458903,1239.32223185694,407.894348144531,340
205,1044.25991333959,1258.65203626789,407.894348144531,340
206,1233.46881676827,1258.72711691554,407.894348144531,340
207,1521.04723156362,1256.30348774444,407.894348144531,340
208,1064.3809404028,1251.71590577924,407.894348144531,340
209,1553.26402824024,1281.08668120088,421.151519775391,340
210,1423.57804629932,1287.36980746321,421.151519775391,340
211,1531.57137451257,1298.63519584315,421.151519775391,340
212,1665.45747512669,1335.73550339561,421.151519775391,340
213,1526.03844095242,1341.67561735522,421.151519775391,340
214,1251.54280455374,1343.65282994458,421.151519775391,340
215,1116.44705415479,1336.78740683239,421.151519775391,340
216,1392.71744540836,1346.46897938769,421.151519775391,340
217,1692.47699218912,1361.26151879624,439.545166015625,340
218,1666.29769509625,1376.13642541033,439.545166015625,340
219,1350.18348943552,1390.45627356064,439.545166015625,340
220,1683.43426694281,1406.4299234419,439.545166015625,340
221,1516.46618181565,1400.50310703352,439.545166015625,340
222,1276.93248238233,1398.41298464298,439.545166015625,340
223,1187.1195156802,1384.45444094178,439.545166015625,340
224,1510.78573872802,1392.58484925242,439.545166015625,340
225,1379.49332899234,1398.87041972571,453.548248291016,340
226,1420.18494365185,1396.66920913606,453.548248291016,340
227,933.250748561242,1385.61610402933,453.548248291016,340
228,986.786671313377,1369.49989482801,453.548248291016,340
229,1472.28608636078,1375.97886849888,453.548248291016,340
230,1609.6067077621,1398.59274027578,453.548248291016,340
231,597.212694829389,1373.14249539822,453.548248291016,340
232,1250.44843444564,1362.3185435135,453.548248291016,340
233,1723.05462769857,1388.66549100533,477.779052734375,340
234,1623.47911655562,1391.47409453795,477.779052734375,340
235,1064.33501901309,1377.1043734465,477.779052734375,340
236,1814.88394524388,1388.43687627575,477.779052734375,340
237,1604.3854513744,1385.99399532566,477.779052734375,340
238,812.348179477019,1357.44638486664,477.779052734375,340
239,1866.67926011341,1382.05184308903,477.779052734375,340
240,1405.73277235243,1393.62327181694,477.779052734375,340
241,1436.3631556526,1395.3691002267,483.105316162109,340
242,912.906538494892,1364.18628207894,483.105316162109,340
243,1237.43885025925,1347.03192828546,483.105316162109,340
244,1844.62252135706,1366.80948956232,483.105316162109,340
245,1536.94072181623,1360.94974775725,483.105316162109,340
246,1383.11997325894,1355.61589941499,483.105316162109,340
247,1491.92059474641,1364.21542390955,483.105316162109,340
248,1251.34276748873,1366.78435398189,483.105316162109,340
249,1847.83363366645,1380.26626977943,497.068054199219,340
250,1779.17066011201,1396.25336302421,497.068054199219,340
251,1855.60136286968,1413.67001979293,497.068054199219,340
252,1458.06690736332,1434.66266614501,497.068054199219,340
253,1555.42930649742,1457.40837155237,497.068054199219,340
254,988.557909246756,1438.05924446781,497.068054199219,340
255,1555.95275020722,1435.91308616562,497.068054199219,340
256,1913.37915891884,1488.55974472919,497.068054199219,340
257,1643.07110654355,1504.26465161311,515.851623535156,340
258,1914.7004405096,1511.93048412555,515.851623535156,340
259,1970.3253549969,1525.8043336632,515.851623535156,340
260,2135.83283200562,1568.6642461829,515.851623535156,340
261,2081.6990634708,1579.33685091198,515.851623535156,340
262,1779.3616271389,1586.33589794256,515.851623535156,340
263,1725.07566755831,1622.84499746581,515.851623535156,340
264,1396.97609964133,1604.05687104693,515.851623535156,340
265,1966.32606949827,1626.48060293276,526.062927246094,340
266,2025.30640222059,1650.03833279548,526.062927246094,340
267,1864.17064413432,1688.08889702106,526.062927246094,340
268,2057.82246771013,1720.90424171909,526.062927246094,340
269,1929.39082356977,1724.2949738076,526.062927246094,340
270,1738.237155709,1732.34683116331,526.062927246094,340
271,1925.81299507113,1754.0545520358,526.062927246094,340
272,1951.44541537348,1772.43554486088,526.062927246094,340
273,2080.4345653056,1805.59921677356,536.064880371094,340
274,1937.52708031048,1809.18695463932,536.064880371094,340
275,2074.09181574522,1820.98380086465,536.064880371094,340
276,1938.80894958652,1824.31210433332,536.064880371094,340
277,2025.57626990709,1847.01247883507,536.064880371094,340
278,1530.12587992723,1846.00034177227,536.064880371094,340
279,1935.42104542044,1883.87486721921,536.064880371094,340
280,1952.01999797835,1899.71755713006,536.064880371094,340
281,1876.38290989906,1898.23770716927,555.295104980469,340
282,1949.78171000274,1910.50613130763,555.295104980469,340
283,2139.29489130481,1919.48990933944,555.295104980469,340
284,2119.02513855079,1925.4379006816,555.295104980469,340
285,1833.83580774162,1913.35801971104,555.295104980469,340
286,1887.87629438759,1905.60510894771,555.295104980469,340
287,1844.25892235061,1908.20100075618,555.295104980469,340
288,2225.63645439664,1928.22343222971,555.295104980469,340
289,1951.62276742186,1950.40929894093,576.735961914062,340
290,2337.761977425,1965.266735258,576.735961914062,340
291,2020.8913609698,1965.09013360797,576.735961914062,340
292,2247.17479195423,1980.41029952077,576.735961914062,340
293,2017.8739314802,1978.81235807157,576.735961914062,340
294,2120.20725267027,1986.44501523559,576.735961914062,340
295,1894.24985325717,1992.68552313752,576.735961914062,340
296,1971.5896850552,1994.51659073688,576.735961914062,340
297,2033.09319012121,1997.78250172679,595.897521972656,340
298,1807.21089415352,1986.85355488071,595.897521972656,340
299,2129.78106468837,1994.54371425582,595.897521972656,340
300,2200.91905925602,1999.61680399625,595.897521972656,340
301,2010.30314950794,2002.47657199311,595.897521972656,340
302,2090.59215652273,2005.07720745774,595.897521972656,340
303,2101.3300846264,2027.9253756457,595.897521972656,340
304,2089.05502942367,2034.07073500583,595.897521972656,340
305,2257.79891842125,2046.30189182355,611.167175292969,340
306,1831.02592270652,2044.48761233585,611.167175292969,340
307,2043.1170274571,2048.22102503402,611.167175292969,340
308,2245.88238903254,2052.48452494313,611.167175292969,340
309,2010.97757045697,2048.16262221938,611.167175292969,340
310,1897.07291226433,2050.69210640029,611.167175292969,340
311,2036.04862236664,2056.61899951945,611.167175292969,340
312,2207.858023544,2071.16296356718,611.167175292969,340
313,2069.015037885,2064.89810690672,621.974182128906,340
314,1909.26622502983,2063.20384521104,621.974182128906,340
315,1995.60256584216,2049.51746874772,621.974182128906,340
316,2032.24883363009,2049.97176765413,621.974182128906,340
317,2078.49070600168,2043.22440421603,621.974182128906,340
318,2064.92087107136,2045.10628179968,621.974182128906,340
319,2113.61324132309,2044.84252134579,621.974182128906,340
320,2172.7684811043,2055.98326645968,621.974182128906,340
321,2121.04381899882,2061.96143181742,633.729125976562,340
322,2150.80592204993,2066.66994109457,633.729125976562,340
323,2078.9849574326,2077.54090362573,633.729125976562,340
324,2227.90801758011,2081.4659817414,633.729125976562,340
325,2085.61043581743,2076.85363680386,633.729125976562,340
326,2202.93184199546,2084.55878450336,633.729125976562,340
327,2078.99954381395,2084.09507999501,633.729125976562,340
328,2207.48373176913,2088.34122588072,633.729125976562,340
329,1985.69178557719,2084.20669612686,642.376708984375,340
330,1996.88069298074,2073.76996710924,642.376708984375,340
331,2148.67420779191,2086.47589851265,642.376708984375,340
332,1802.69323730171,2076.85894690644,642.376708984375,340
333,1920.27623325469,2063.83470067532,642.376708984375,340
334,1959.26074923609,2061.76602782649,642.376708984375,340
335,1893.334241398,2061.61648099184,642.376708984375,340
336,1960.11176740257,2058.57900679327,642.376708984375,340
337,1944.4818592441,2048.04396022128,659.373901367188,340
338,1797.30072911984,2037.17538787067,659.373901367188,340
339,1985.81034638687,2040.23715272495,659.373901367188,340
340,1821.01575997479,2033.25368049026,659.373901367188,340
341,2030.15517019218,2033.16993395274,659.373901367188,340
342,1906.0494284967,2026.27228285254,659.373901367188,340
343,1765.05031572509,2014.27746063869,659.373901367188,340
344,1949.25954443084,2007.703312763,659.373901367188,340
345,1668.88868681263,1987.54812099134,666.482666015625,340
346,2123.49199316992,1987.64604795818,666.482666015625,340
347,2041.65443600196,1983.27998851626,666.482666015625,340
348,1838.97153504575,1973.67945162079,666.482666015625,340
349,1976.09227626903,1963.60682196834,666.482666015625,340
350,1825.12289834531,1953.18732046946,666.482666015625,340
351,1958.71789063168,1943.41876241491,666.482666015625,340
352,2092.68412679279,1943.96614573406,666.482666015625,340
353,2029.80895310625,1936.85915458755,675.840026855469,340
354,1850.60256219427,1931.45558565223,675.840026855469,340
355,1886.64476210369,1927.04614841715,675.840026855469,340
356,1937.70867428297,1918.60752707679,675.840026855469,340
357,2010.36543691734,1926.91441506141,675.840026855469,340
358,2161.6368174893,1936.5688384308,675.840026855469,340
359,1459.34256257305,1916.57211096428,675.840026855469,340
360,2006.397559608,1921.09464369268,675.840026855469,340
361,2077.59636495912,1925.79402759494,685.182983398438,340
362,2119.12929343504,1932.77992496258,685.182983398438,340
363,1970.34394899624,1939.70165375763,685.182983398438,340
364,2096.24949810339,1944.11921982629,685.182983398438,340
365,2078.66292907592,1954.42510659034,685.182983398438,340
366,2185.35714970506,1960.63318577086,685.182983398438,340
367,1910.49453542046,1960.81099004781,685.182983398438,340
368,1887.54471501346,1965.71076601934,685.182983398438,340
369,2019.96257630073,1968.53888729414,695.694519042969,340
370,2191.92566658986,1989.46036648522,695.694519042969,340
371,1940.61494973747,1982.14528474793,695.694519042969,340
372,2139.17584164435,1986.04614097362,695.694519042969,340
373,2052.08966106244,1994.57086601429,695.694519042969,340
374,2081.440681211,1998.78480221197,695.694519042969,340
375,2266.82003401521,2016.45268763876,695.694519042969,340
376,2069.85678138081,2020.89824326873,695.694519042969,340
377,2151.29703614169,2023.24275964269,701.252868652344,340
378,2120.87858730694,2026.88554501071,701.252868652344,340
379,2114.80626169328,2037.45369299067,701.252868652344,340
380,2100.02112389862,2045.98874746247,701.252868652344,340
381,2085.58349069632,2051.903740119,701.252868652344,340
382,2127.57772756785,2056.59223174502,701.252868652344,340
383,2069.56595790508,2052.90939736166,701.252868652344,340
384,2110.90350108584,2078.97183490217,701.252868652344,340
385,2028.60731609804,2079.86022516177,703.898376464844,340
386,2030.14363419837,2077.96211593134,703.898376464844,340
387,2094.4779043112,2076.97606036639,703.898376464844,340
388,2094.23386281937,2081.93165691931,703.898376464844,340
389,2095.70125726356,2081.90972728572,703.898376464844,340
390,1831.4834599464,2072.02254852054,703.898376464844,340
391,2090.00812388142,2068.20858748759,703.898376464844,340
392,2125.08217814385,2076.79209319653,703.898376464844,340
393,2039.27890202006,2082.86146067679,708.175415039062,340
394,1980.03070992061,2081.26418602159,708.175415039062,340
395,2156.87262178712,2079.86206422948,708.175415039062,340
396,2097.93936700937,2086.15504092035,708.175415039062,340
397,1965.65975082123,2079.21439728743,708.175415039062,340
398,2278.37874817542,2088.26596077195,708.175415039062,340
399,1893.30434257985,2080.7405072267,708.175415039062,340
400,2019.33444567256,2070.84108369299,708.175415039062,340
401,2086.39853138632,2071.50275369321,709.559204101562,340
402,2100.32871455502,2069.46402082975,709.559204101562,340
403,2265.89097555228,2075.26451635956,709.559204101562,340
404,2334.31815447957,2084.04499207101,709.559204101562,340
405,1984.13324014415,2079.40947672083,709.559204101562,340
406,2174.55481383924,2082.96832964655,709.559204101562,340
407,2343.38706638634,2091.60070319929,709.559204101562,340
408,2048.3505566188,2090.75208714784,709.559204101562,340
409,2105.22666918492,2090.5250138718,711.870483398438,340
410,2053.36478148102,2091.51531248712,711.870483398438,340
411,2103.53700593287,2094.4510473565,711.870483398438,340
412,2116.3162399499,2095.32458078205,711.870483398438,340
413,2071.40481339162,2094.41141880494,711.870483398438,340
414,2099.07186089693,2094.54624295027,711.870483398438,340
415,2117.7721957085,2105.99779238076,711.870483398438,340
416,2306.24516110545,2114.64727386972,711.870483398438,340
417,2195.53837775251,2117.46552185407,713.178344726562,340
418,2259.79103546033,2126.28600719168,713.178344726562,340
419,2265.23729492653,2137.69427059191,713.178344726562,340
420,2142.36315177744,2137.11389179153,713.178344726562,340
421,2035.76406144904,2134.62687956911,713.178344726562,340
422,2151.91121106731,2142.07693797896,713.178344726562,340
423,1920.2880491825,2127.75331001924,713.178344726562,340
424,2211.9147870568,2140.49772779832,713.178344726562,340
425,2283.86846301058,2151.07908849184,713.849182128906,340
426,2263.3753544152,2158.15816141299,713.849182128906,340
427,2379.14757629616,2169.31091588264,713.849182128906,340
428,2275.4511300216,2169.69332206141,713.849182128906,340
429,2239.84728172731,2165.91448715132,713.849182128906,340
430,2142.73810944723,2172.25868192344,713.849182128906,340
431,2119.37758482116,2170.05159276272,713.849182128906,340
432,2131.99329214255,2161.59584179297,713.849182128906,340
433,2341.85930729268,2173.33619181993,713.685241699219,340
434,2171.14681971457,2175.97299784111,713.685241699219,340
435,2356.49019958084,2188.0980145651,713.685241699219,340
436,2354.96140705478,2198.15499060998,713.685241699219,340
437,2380.02591917444,2208.70337777896,713.685241699219,340
438,2240.00506141287,2215.44738769981,713.685241699219,340
439,2240.75768823289,2221.11482079325,713.685241699219,340
440,2182.88227407706,2223.71922392799,713.685241699219,340
441,2311.38502426661,2223.92481845444,714.3076171875,340
442,2250.88132251599,2226.13853624498,714.3076171875,340
443,2179.17306872865,2222.91381757571,714.3076171875,340
444,2365.71668857956,2226.93299332183,714.3076171875,340
445,2348.44966349183,2235.17645379041,714.3076171875,340
446,2392.98002526656,2249.46509234311,714.3076171875,340
447,2303.40584793042,2255.52487781763,714.3076171875,340
448,2321.03573081731,2271.55478508303,714.3076171875,340
449,2341.054016474,2276.72035425971,715.346496582031,340
450,2259.39531942079,2275.74142851612,715.346496582031,340
451,2232.819345862,2274.51918817399,715.346496582031,340
452,2374.4638742349,2274.33184009154,715.346496582031,340
453,2352.00786416265,2277.39410945719,715.346496582031,340
454,2255.49553096671,2278.02003942676,715.346496582031,340
455,2280.02888973118,2283.51167063812,715.346496582031,340
456,2284.40795237474,2290.11288534026,715.346496582031,340
457,2198.80446455551,2292.78533223678,717.727233886719,340
458,2334.67664907759,2292.49802590818,717.727233886719,340
459,2035.54369541419,2287.07390093616,717.727233886719,340
460,2174.28239645793,2279.78558881125,717.727233886719,340
461,2095.95702752363,2269.42541363,717.727233886719,340
462,2238.65437615871,2263.77055190937,717.727233886719,340
463,2344.28987342518,2267.94194438986,717.727233886719,340
464,2361.64297520586,2272.77735586878,717.727233886719,340
465,2203.97465932183,2273.62105127857,722.663330078125,340
466,2182.5665381521,2268.46831183399,722.663330078125,340
467,2149.45005238999,2264.41106102895,722.663330078125,340
468,2117.1059707082,2261.92837710813,722.663330078125,340
469,2348.49791312569,2261.23962608998,722.663330078125,340
470,2162.51186284648,2253.80211406417,722.663330078125,340
471,2263.7048393821,2248.63110662879,722.663330078125,340
472,2095.75589667377,2240.32510857852,722.663330078125,340
473,2122.31874151773,2232.37642900654,727.424560546875,340
474,2353.91308814544,2232.8907918734,727.424560546875,340
475,2181.2892430493,2229.76654881854,727.424560546875,340
476,2185.32534417017,2227.86678875086,727.424560546875,340
477,2189.31390331384,2220.46078991402,727.424560546875,340
478,2252.25208333249,2216.47055868081,727.424560546875,340
479,2337.8973632064,2219.7666319704,727.424560546875,340
480,2343.92160657923,2222.32234064432,727.424560546875,340
481,2241.37808522337,2220.60114595827,734.372680664062,340
482,2350.39388305021,2226.66472269806,734.372680664062,340
483,2295.15951870894,2225.08403748331,734.372680664062,340
484,2055.64294142895,2225.8880073239,734.372680664062,340
485,2082.52277861346,2222.21762261012,734.372680664062,340
486,2351.67630559764,2232.44639373308,734.372680664062,340
487,2195.49901355401,2230.7201792289,734.372680664062,340
488,2327.66514238165,2230.05518998716,734.372680664062,340
489,2268.3913465022,2226.32512483901,735.850708007812,340
490,2317.69925081473,2230.87410849872,735.850708007812,340
491,2345.19166178592,2237.37911344408,735.850708007812,340
492,2174.6882274807,2238.38864044771,735.850708007812,340
493,2248.06506037536,2243.62700403439,735.850708007812,340
494,2304.20876537762,2241.85543812447,735.850708007812,340
495,2272.39455682955,2246.25074588379,735.850708007812,340
496,2261.89398642649,2246.17831176557,735.850708007812,340
497,2291.08357483854,2253.99141889216,735.401672363281,340
498,2316.71545812588,2261.76728755649,735.401672363281,340
499,2383.0241958027,2262.93173186278,735.401672363281,340
500,2099.42228235104,2259.65705343484,735.401672363281,340
501,2155.87331011553,2258.47897207266,735.401672363281,340
502,2159.11666959903,2257.27108272407,735.401672363281,340
503,2256.67656767676,2257.44806209784,735.401672363281,340
504,2131.87410937504,2249.20713194458,735.401672363281,340
505,2355.41181566889,2249.66674030817,736.631042480469,340
506,1881.21890036,2235.26037291363,736.631042480469,340
507,2046.66398578088,2223.11117702286,736.631042480469,340
508,1828.13121791534,2204.43004499112,736.631042480469,340
509,2217.82233470084,2210.91722072199,736.631042480469,340
510,2051.39594690508,2209.67214745366,736.631042480469,340
511,2256.41784033413,2205.86180884312,736.631042480469,340
512,2181.39924210274,2205.29781798507,736.631042480469,340
513,2077.03393827351,2195.27256982074,735.339294433594,340
514,1931.09760716513,2181.78082024726,735.339294433594,340
515,1900.5712758705,2165.09570124949,735.339294433594,340
516,2088.67421305966,2154.83500330044,735.339294433594,340
517,2339.08027555422,2161.41068522338,735.339294433594,340
518,2066.57223047817,2154.15097202749,735.339294433594,340
519,2049.75448801492,2143.97280093298,735.339294433594,340
520,1953.69381191692,2131.22477113648,735.339294433594,340
521,2329.47426114252,2133.92798212512,733.805236816406,340
522,2158.79226607867,2128.63632977473,733.805236816406,340
523,2098.14152957003,2119.89337263249,733.805236816406,340
524,2313.22822376752,2117.10153375108,733.805236816406,340
525,2358.92729816533,2127.48173438366,733.805236816406,340
526,2095.7266141517,2125.0758665451,733.805236816406,340
527,2039.22635308166,2120.28025388441,733.805236816406,340
528,2156.03899297984,2116.25475089653,733.805236816406,340
529,2310.27366711925,2123.3907332063,728.831665039062,340
530,2259.50166837131,2119.55432731439,728.831665039062,340
531,2020.96734811237,2125.14426522449,728.831665039062,340
532,2304.02143346873,2135.438563132,728.831665039062,340
533,2113.12475293445,2146.83830453277,728.831665039062,340
534,2295.58556869429,2149.94883389251,728.831665039062,340
535,2305.42156628925,2160.10985866787,728.831665039062,340
536,2243.96881248034,2159.61189755372,728.831665039062,340
537,2245.77323238327,2162.18685716494,726.413269042969,340
538,2000.29429510865,2159.11727143835,726.413269042969,340
539,2346.60120385234,2175.73741530584,726.413269042969,340
540,2253.65674190736,2189.86083394731,726.413269042969,340
541,2241.05158196773,2195.95592870363,726.413269042969,340
542,2275.37359544467,2193.40766149925,726.413269042969,340
543,2362.3283853631,2205.23790769465,726.413269042969,340
544,2150.92939108588,2209.28490381749,726.413269042969,340
545,2187.73132666703,2218.64640440749,721.091186523438,340
546,2339.81015428905,2219.05984013335,721.091186523438,340
547,2383.38138625577,2228.04340494044,721.091186523438,340
548,2329.50402277193,2237.29790466851,721.091186523438,340
549,2243.31655206793,2234.50143780053,721.091186523438,340
550,2272.01035506031,2231.02476007633,721.091186523438,340
551,2252.32395670906,2237.28865377862,721.091186523438,340
552,2335.46967833901,2249.13838678892,721.091186523438,340
553,2146.21560298497,2248.74545118912,718.304748535156,340
554,2175.06693547296,2243.33718192327,718.304748535156,340
555,2300.53360856087,2244.97845953085,718.304748535156,340
556,2239.54375515962,2253.72151581274,718.304748535156,340
557,2347.09489449499,2255.44445425379,718.304748535156,340
558,2229.97059384188,2260.11828789009,718.304748535156,340
559,2351.30400656497,2262.34702540492,718.304748535156,340
560,2313.32474995257,2262.66315275145,718.304748535156,340
561,2343.77827211483,2266.65553113683,719.694396972656,340
562,2323.74882761821,2269.77455494623,719.694396972656,340
563,2110.21899128791,2274.1715427934,719.694396972656,340
564,2251.3260569928,2270.36053691902,719.694396972656,340
565,2290.68481344343,2271.84165978046,719.694396972656,340
566,2219.32685551745,2270.97267072245,719.694396972656,340
567,2327.36732652921,2273.05241996583,719.694396972656,340
568,2265.31910977798,2269.17204894242,719.694396972656,340
569,2171.9749285281,2270.01387044011,723.957214355469,340
570,2282.06264116178,2273.7871230199,723.957214355469,340
571,2277.4941733624,2271.29448378284,723.957214355469,340
572,2212.6722562268,2264.46611858168,723.957214355469,340
573,2255.23976374383,2261.49554822055,723.957214355469,340
574,2334.17990982451,2265.13008253082,723.957214355469,340
575,2245.39053099811,2264.06528956833,723.957214355469,340
576,2366.98857561884,2268.65187432472,723.957214355469,340
577,2281.57031539335,2266.49589980689,727.331115722656,340
578,2298.69560242535,2272.59509978451,727.331115722656,340
579,2336.27971287298,2279.04361088051,727.331115722656,340
580,2370.06406664001,2281.82482920368,727.331115722656,340
581,2327.33747629024,2285.3365780489,727.331115722656,340
582,2348.43214153962,2285.39006793069,727.331115722656,340
583,2326.85530270045,2289.26545628503,727.331115722656,340
584,2183.03732311536,2282.53478894704,727.331115722656,340
585,2175.43997524298,2277.01939795866,729.569091796875,340
586,2308.24786968845,2275.59818186161,729.569091796875,340
587,2379.82176454044,2277.8410993385,729.569091796875,340
588,2358.93801161407,2287.78986015154,729.569091796875,340
589,2002.64289900064,2277.84253383186,729.569091796875,340
590,2333.1020727865,2279.53922420558,729.569091796875,340
591,2337.34441847255,2284.25992672378,729.569091796875,340
592,2316.97763088462,2283.844338898,729.569091796875,340
593,2402.99049429686,2289.35119427875,731.017822265625,340
594,2390.5339567755,2298.09355540865,731.017822265625,340
595,2182.26181403082,2294.10152232341,731.017822265625,340
596,2348.50707323816,2296.94203831844,731.017822265625,340
597,2315.15296597231,2301.04126670826,731.017822265625,340
598,2377.89838120143,2305.94761140657,731.017822265625,340
599,2360.54255898741,2307.00211737308,731.017822265625,340
600,2370.89705857585,2312.02237847619,731.017822265625,340
601,2344.752307844,2311.1329277652,730.874816894531,340
602,2345.33971449009,2313.68370372907,730.874816894531,340
603,2392.87820171572,2317.45100770068,730.874816894531,340
604,2386.23375699561,2319.44916946559,730.874816894531,340
605,2343.01123684516,2318.36705627379,730.874816894531,340
606,2325.37349148776,2318.28849688169,730.874816894531,340
607,2348.68934741839,2318.29878511685,730.874816894531,340
608,2178.71863757948,2312.37331851201,730.874816894531,340
609,2360.81238754897,2319.48432108935,731.017150878906,340
610,2372.26840938996,2327.35745845523,731.017150878906,340
611,2323.75791384516,2327.9778602215,731.017150878906,340
612,2346.01177815585,2326.62546076611,731.017150878906,340
613,2363.91014770608,2326.82434620979,731.017150878906,340
614,2368.36243549345,2341.45312766951,731.017150878906,340
615,2367.90218546708,2342.84513217673,731.017150878906,340
616,2303.79986171765,2341.50334990653,731.017150878906,340
617,2343.83308958699,2342.57756825463,732.333557128906,340
618,2350.02747450387,2340.45904746291,732.333557128906,340
619,2362.64120714744,2339.34333747779,732.333557128906,340
620,2315.07190204532,2344.65574099837,732.333557128906,340
621,2364.77478593473,2345.30644950623,732.333557128906,340
622,2349.37652457356,2346.67539185028,732.333557128906,340
623,2364.86953465972,2346.15423798861,732.333557128906,340
624,2379.595114766,2346.91634021976,732.333557128906,340
625,2343.41376306057,2345.81700839914,734.022094726562,340
626,2369.77933496171,2346.81808948385,734.022094726562,340
627,2353.33997975056,2347.13810009427,734.022094726562,340
628,2338.0556487267,2344.94519797471,734.022094726562,340
629,2370.32185420847,2344.30872186322,734.022094726562,340
630,2341.76327144936,2344.25880324739,734.022094726562,340
631,2371.40958993688,2346.10024718536,734.022094726562,340
632,2360.40322607646,2346.56880233168,734.022094726562,340
633,2362.77187842089,2353.93093196534,736.111755371094,340
634,2354.09249713509,2353.66213634878,736.111755371094,340
635,2363.83759922234,2353.32490394208,736.111755371094,340
636,2291.90217967621,2352.05067457532,736.111755371094,340
637,2367.7558754392,2352.92043846665,736.111755371094,340
638,2329.06083953225,2351.5264661397,736.111755371094,340
639,2308.29042868555,2349.12358586738,736.111755371094,340
640,2324.37889906496,2347.3826544113,736.111755371094,340
641,2366.96931230311,2349.90943243472,735.664855957031,340
642,2387.92947059496,2351.67328767504,735.664855957031,340
643,2364.17997063809,2352.23938752041,735.664855957031,340
644,2363.60835180149,2352.27807330657,735.664855957031,340
645,2362.68829466421,2354.18272901132,735.664855957031,340
646,2366.49248369605,2354.25143692178,735.664855957031,340
647,2360.7289098646,2354.70553233342,735.664855957031,340
648,2323.08285620324,2353.03406519516,735.664855957031,340
649,2332.9330600423,2351.16758300621,736.196166992188,340
650,2360.7466522709,2351.86089857462,736.196166992188,340
651,2354.45284718345,2351.24783906349,736.196166992188,340
652,2351.17104036768,2351.16108148818,736.196166992188,340
653,2337.87662971468,2351.1539207277,736.196166992188,340
654,2390.83081529368,2351.97427917111,736.196166992188,340
655,2319.22433036094,2351.07272152757,736.196166992188,340
656,2364.56097847183,2350.79877706897,736.196166992188,340
657,2330.81867317401,2349.61539495287,734.978454589844,340
658,2311.65267991537,2347.57062701265,734.978454589844,340
659,2378.22290589883,2348.5358433632,734.978454589844,340
660,2373.96878893605,2348.94109095175,734.978454589844,340
661,2388.42641738326,2352.80206046003,734.978454589844,340
662,2400.42383237762,2354.10877873756,734.978454589844,340
663,2396.61841166337,2356.81108162281,734.978454589844,340
664,2334.99505018778,2357.8792664829,734.978454589844,340
665,2376.37538080629,2359.95912575255,735.366333007812,340
666,2373.85871576299,2360.23470189095,735.366333007812,340
667,2357.64366143714,2359.02326952463,735.366333007812,340
668,2353.1159135692,2358.58070724188,735.366333007812,340
669,2373.59446214505,2358.98015165562,735.366333007812,340
670,2399.07597597042,2360.43565890787,735.366333007812,340
671,2362.6979691678,2360.28387832674,735.366333007812,340
672,2350.53002145486,2359.87592279035,735.366333007812,340
673,2375.4277932694,2361.969720273,736.918579101562,340
674,2395.91020198537,2364.48880595072,736.918579101562,340
675,2368.71156195346,2364.80740233802,736.918579101562,340
676,2376.15880632035,2365.6756407035,736.918579101562,340
677,2357.40316546697,2365.92492570747,736.918579101562,340
678,2385.53398189064,2367.83121979451,736.918579101562,340
679,2372.81235433608,2367.1104813562,736.918579101562,340
680,2373.04997693135,2369.26350721902,736.918579101562,340
681,2283.02622795405,2366.00211719831,737.226257324219,340
682,2363.5858919324,2367.31280594864,737.226257324219,340
683,2328.43378864454,2367.98405029781,737.226257324219,340
684,2386.97849014972,2368.33427366785,737.226257324219,340
685,2377.78823136878,2368.48705136516,737.226257324219,340
686,2340.2552092891,2366.56020304139,737.226257324219,340
687,2390.02386928919,2366.14420451785,737.226257324219,340
688,2400.84639548828,2366.31332387085,737.226257324219,340
689,2382.57030395853,2368.21633402168,737.285461425781,340
690,2373.16703746253,2368.08800028793,737.285461425781,340
691,2365.4873627846,2367.75314616879,737.285461425781,340
692,2353.27909615195,2367.57856355739,737.285461425781,340
693,2351.76903970506,2367.52468860282,737.285461425781,340
694,2257.28309148141,2362.87223377627,737.285461425781,340
695,2362.59167294835,2361.41286165539,737.285461425781,340
696,2319.33211643223,2359.67822754597,737.285461425781,340
697,2360.49988145932,2360.07702194615,738.425170898438,340
698,2379.02742762714,2360.22100732046,738.425170898438,340
699,2376.70372686057,2359.45274831546,738.425170898438,340
700,2377.74428665968,2359.81405730371,738.425170898438,340
701,2403.73456996528,2360.91708784951,738.425170898438,340
702,2381.79023672937,2361.89257070001,738.425170898438,340
703,2370.93971735197,2361.30880011846,738.425170898438,340
704,2371.52569800066,2361.25733386504,738.425170898438,340
705,2390.36048182421,2361.94975406076,739.901000976562,340
706,2336.70918812928,2364.09707246777,739.901000976562,340
707,2259.70086240482,2359.94167128666,739.901000976562,340
708,2381.22008530939,2362.05312315326,739.901000976562,340
709,2370.27937417785,2361.38515851438,739.901000976562,340
710,2345.95717241236,2360.11191615613,739.901000976562,340
711,2363.51857000856,2361.0424505849,739.901000976562,340
712,2342.16031713125,2359.12790849859,739.901000976562,340
713,2346.85519306504,2356.96826040166,739.138793945312,340
714,2370.79425491329,2356.49721843985,739.138793945312,340
715,2302.64610722381,2353.6763812303,739.138793945312,340
716,2353.6713902804,2353.20374233013,739.138793945312,340
717,2386.8971038837,2354.5484626394,739.138793945312,340
718,2367.1400442468,2355.16330282107,739.138793945312,340
719,2388.30165113307,2360.40404520714,739.138793945312,340
720,2383.48455255299,2361.23976039132,739.138793945312,340
721,2400.87384845044,2364.50142967205,740.78955078125,340
722,2381.88393230297,2365.3567917058,740.78955078125,340
723,2381.63920357579,2365.46126274374,740.78955078125,340
724,2348.84555190916,2364.34693574569,740.78955078125,340
725,2389.6391630265,2364.82273080036,740.78955078125,340
726,2364.76768979603,2363.26405559359,740.78955078125,340
727,2384.74201959508,2363.38212690822,740.78955078125,340
728,2385.56362547915,2363.9670832333,740.78955078125,340
729,2389.61228087988,2364.69054654847,742.564453125,340
730,2356.52378860253,2363.3370788196,742.564453125,340
731,2383.36081442234,2365.20314387133,742.564453125,340
732,2382.2432943418,2370.10484114881,742.564453125,340
733,2401.61267884439,2370.92054489021,742.564453125,340
734,2421.74794217168,2372.97928760996,742.564453125,340
735,2395.57890349693,2374.96415685334,742.564453125,340
736,2390.30520761568,2376.03562235763,742.564453125,340
737,2380.50704585695,2377.56949150666,743.363037109375,340
738,2361.61981648274,2378.16007644336,743.363037109375,340
739,2363.30390622286,2377.86046249575,743.363037109375,340
740,2380.19256710821,2380.96232089112,743.363037109375,340
741,2379.92313114533,2382.01239052572,743.363037109375,340
742,2379.77476844125,2381.72749710802,743.363037109375,340
743,2375.13046861677,2382.04711408282,743.363037109375,340
744,2360.18372647302,2380.92239709642,743.363037109375,340
745,2340.70268213117,2379.21112227955,744.552429199219,340
746,2382.68103545507,2378.48340975973,744.552429199219,340
747,2349.11336261895,2377.17258697237,744.552429199219,340
748,2313.08945654346,2374.43059709108,744.552429199219,340
749,2400.42515702999,2376.49378129591,744.552429199219,340
750,2382.88827232299,2376.22374566777,744.552429199219,340
751,2380.91591496355,2376.86967467447,744.552429199219,340
752,2380.38599546513,2376.69543370927,744.552429199219,340
753,2388.64717767224,2376.818775797,747.96728515625,340
754,2401.19572541714,2377.28211357849,747.96728515625,340
755,2372.92122547156,2377.93801105325,747.96728515625,340
756,2382.8094132883,2377.91595500789,747.96728515625,340
757,2383.13114585971,2377.9514690686,747.96728515625,340
758,2382.49362694382,2377.18670699258,747.96728515625,340
759,2414.58239441186,2376.90008508219,747.96728515625,340
760,2192.4976164988,2368.77683360226,747.96728515625,340
761,2409.14109857164,2369.5302692405,750.998413085938,340
762,2418.6362091296,2371.05543577141,750.998413085938,340
763,2367.92319067028,2371.30757073891,750.998413085938,340
764,2389.15356855208,2372.34155723208,750.998413085938,340
765,2422.17971110721,2374.02104299204,750.998413085938,340
766,2349.75250640215,2372.81421800231,750.998413085938,340
767,2379.68191574312,2372.81050389438,750.998413085938,340
768,2385.61307800188,2373.22980826979,750.998413085938,340
769,2410.05212264428,2375.22454411664,750.721984863281,340
770,2398.62311216823,2377.54136131812,750.721984863281,340
771,2408.64456259676,2378.57990240379,750.721984863281,340
772,2412.23620135309,2381.10481595315,750.721984863281,340
773,2409.07791265721,2384.9443541977,750.721984863281,340
774,2395.36133289585,2384.74180123234,750.721984863281,340
775,2413.50478648108,2385.96646179866,750.721984863281,340
776,2415.26857910792,2387.34056836444,750.721984863281,340
777,2373.76087492022,2387.07556354264,751.291320800781,340
778,2396.82113519424,2387.40252184352,751.291320800781,340
779,2409.73389616142,2387.74404867329,751.291320800781,340
780,2398.95794066507,2388.78551728103,751.291320800781,340
781,2424.31764287808,2390.44584646462,751.291320800781,340
782,2428.87597289205,2392.27563954592,751.291320800781,340
783,2367.18328142275,2391.66322572508,751.291320800781,340
784,2380.55315216432,2390.30205603517,751.291320800781,340
785,2407.89431627966,2398.91792402641,751.158386230469,340
786,2414.66318176266,2399.13880735405,751.158386230469,340
787,2406.34253286709,2398.64706030355,751.158386230469,340
788,2421.97013940424,2400.80893825291,751.158386230469,340
789,2422.88433530604,2402.15816892307,751.158386230469,340
790,2357.2937589027,2399.56273083488,751.158386230469,340
791,2428.31989980579,2402.70542657103,751.158386230469,340
792,2410.17448329456,2403.92512927309,751.158386230469,340
793,2419.31701679276,2405.27328682472,750.923034667969,340
794,2447.26539571448,2406.76181774753,750.923034667969,340
795,2413.91394205897,2407.37345094316,750.923034667969,340
796,2419.69707072259,2407.81555126819,750.923034667969,340
797,2416.61896162635,2407.99086167912,750.923034667969,340
798,2414.25032828829,2408.19775830437,750.923034667969,340
799,2398.82774038877,2408.33641460408,750.923034667969,340
800,2411.88578607693,2408.27165458792,750.923034667969,340
801,2436.09636354964,2409.10476596559,750.86474609375,340
802,2428.75936684557,2411.3047056426,750.86474609375,340
803,2436.64145774833,2412.89751854476,750.86474609375,340
804,2430.87223864445,2413.74305224408,750.86474609375,340
805,2385.09033469029,2413.18834800509,750.86474609375,340
806,2412.65122887011,2412.72169144478,750.86474609375,340
807,2444.77691164422,2413.35772899486,750.86474609375,340
808,2293.85344368768,2410.42453548546,750.86474609375,340
809,2424.89619566934,2412.19825722566,750.658874511719,340
810,2406.18160714079,2412.12974886011,750.658874511719,340
811,2402.06158804791,2411.62568511152,750.658874511719,340
812,2446.23319280002,2413.22131150883,750.658874511719,340
813,2431.85075375709,2413.61653608295,750.658874511719,340
814,2375.76594772456,2411.73180057969,750.658874511719,340
815,2431.2289715045,2414.68920908376,750.658874511719,340
816,2446.40061110617,2415.41243753577,750.658874511719,340
817,2345.23037544878,2412.81467322194,751.877319335938,340
818,2385.54713081945,2411.46387778301,751.877319335938,340
819,2384.02501117059,2408.93426240126,751.877319335938,340
820,2424.61330021834,2409.36223672763,751.877319335938,340
821,2437.74152052511,2410.08401471973,751.877319335938,340
822,2440.37569186179,2411.03428392915,751.877319335938,340
823,2410.27497868127,2410.87526994487,751.877319335938,340
824,2435.67403286287,2412.34912164383,751.877319335938,340
825,2332.77481223298,2409.18468269007,752.297302246094,340
826,2372.89769282579,2406.65673586112,752.297302246094,340
827,2300.61341600571,2401.53089782752,752.297302246094,340
828,2410.25167718128,2400.47530660484,752.297302246094,340
829,2431.85245230266,2400.51451515117,752.297302246094,340
830,2378.27697285059,2400.24198067758,752.297302246094,340
831,2312.24305638809,2396.2256537783,752.297302246094,340
832,2430.50290581268,2395.65469354504,752.297302246094,340
833,2424.84301568007,2400.89427642474,752.873657226562,340
834,2382.29647945636,2399.19028777622,752.873657226562,340
835,2450.03294742771,2400.94434138769,752.873657226562,340
836,2325.30218692574,2397.87396534281,752.873657226562,340
837,2412.87200143219,2396.53951768809,752.873657226562,340
838,2251.32141301598,2389.31834405845,752.873657226562,340
839,2426.66364283733,2391.35425186296,752.873657226562,340
840,2273.84145570452,2385.05875123096,752.873657226562,340
841,2420.63078950223,2384.0279583668,754.604797363281,340
842,2371.9716271144,2385.09760843343,754.604797363281,340
843,2441.72607408402,2387.34476616401,754.604797363281,340
844,2383.38354588099,2387.31910755243,754.604797363281,340
845,2446.4351254543,2388.19198056187,754.604797363281,340
846,2408.29302429874,2387.01404071281,754.604797363281,340
847,2418.97806985779,2386.15813583265,754.604797363281,340
848,2448.16008057955,2387.67353990858,754.604797363281,340
849,2433.6785177008,2387.5937193021,756.322814941406,340
850,2422.16391865217,2391.16928355887,756.322814941406,340
851,2436.30340021284,2393.70551185435,756.322814941406,340
852,2441.0111107848,2399.32141964551,756.322814941406,340
853,2377.487052974,2398.01083467722,756.322814941406,340
854,2429.6486280715,2397.92268170798,756.322814941406,340
855,2353.33330371922,2396.92493494272,756.322814941406,340
856,2438.25222508417,2401.96530169056,756.322814941406,340
857,2430.29398858952,2401.95694500164,756.112915039062,340
858,2357.38268908933,2399.25853193801,756.112915039062,340
859,2449.64862204236,2401.95261764145,756.112915039062,340
860,2441.79955921773,2401.62328211305,756.112915039062,340
861,2435.4702174517,2406.03000333409,756.112915039062,340
862,2415.90266042954,2406.15122969398,756.112915039062,340
863,2455.11231282611,2414.30286568639,756.112915039062,340
864,2441.38763383146,2414.89182532615,756.112915039062,340
865,2396.15220662158,2419.78425536284,756.265563964844,340
866,2431.79153560792,2420.23068520706,756.265563964844,340
867,2431.11275112471,2422.59633016748,756.265563964844,340
868,2431.73124422942,2422.19653697329,756.265563964844,340
869,2435.46297332275,2424.27971407096,756.265563964844,340
870,2448.05512238893,2424.34451394835,756.265563964844,340
871,2439.95467353503,2425.6109799178,756.265563964844,340
872,2441.41069877489,2426.50828507448,756.265563964844,340
873,2434.52123290707,2425.96273116758,758.114135742188,340
874,2443.74918539875,2426.3655578755,758.114135742188,340
875,2429.99321589558,2426.67872976524,758.114135742188,340
876,2453.46816430365,2427.36532032887,758.114135742188,340
877,2420.82999045969,2426.55807551587,758.114135742188,340
878,2428.95416276547,2428.61675990752,758.114135742188,340
879,2425.1022783216,2428.43490591753,758.114135742188,340
880,2430.09922092446,2431.50554260574,758.114135742188,340
881,2415.40301146062,2430.5915740608,758.887512207031,340
882,2428.6192161347,2430.5245831626,758.887512207031,340
883,2414.39179841725,2432.80494753572,758.887512207031,340
884,2425.62302698025,2431.84392373324,758.887512207031,340
885,2417.22553387216,2430.86096271941,758.887512207031,340
886,2425.37986571172,2430.45734864981,758.887512207031,340
887,2434.13512586417,2431.1866472672,758.887512207031,340
888,2417.59362968502,2429.68589994155,758.887512207031,340
889,2446.69391145296,2429.89815104642,759.259826660156,340
890,2415.35296329127,2430.6661813132,759.259826660156,340
891,2435.85738292705,2430.82881520597,759.259826660156,340
892,2399.05215832268,2429.54639149389,759.259826660156,340
893,2427.52299474177,2429.37806151438,759.259826660156,340
894,2435.93650220863,2429.39700266982,759.259826660156,340
895,2414.96868371323,2428.07354512279,759.259826660156,340
896,2422.33144146349,2427.36861583993,759.259826660156,340
897,2412.25883864642,2426.20254143479,760.30810546875,340
898,2424.44362088895,2425.79943695406,760.30810546875,340
899,2424.99610873715,2425.0493138876,760.30810546875,340
900,2438.41767729221,2425.38629234346,760.30810546875,340
901,2430.12213851583,2424.45245131195,760.30810546875,340
902,2421.90498118059,2424.49545094079,760.30810546875,340
903,2411.80972737076,2423.809673525,760.30810546875,340
904,2439.58200386003,2424.38886254654,760.30810546875,340
905,2440.92118227135,2424.82174100041,760.228637695312,340
906,2436.11465710533,2425.6502068262,760.228637695312,340
907,2314.63686363414,2421.09091272618,760.228637695312,340
908,2439.35815375216,2422.08956693957,760.228637695312,340
909,2445.52689408284,2422.88572162368,760.228637695312,340
910,2421.01121929097,2423.03714904043,760.228637695312,340
911,2431.91523597879,2423.29856385111,760.228637695312,340
912,2433.25762342236,2423.26346375344,760.228637695312,340
913,2428.68008439991,2423.70692194204,761.400512695312,340
914,2440.95341848507,2423.47730222332,761.400512695312,340
915,2426.13496175365,2423.90858216182,761.400512695312,340
916,2431.55832766562,2423.73661995136,761.400512695312,340
917,2445.80749049643,2425.60683323831,761.400512695312,340
918,2412.25523812187,2424.99612297351,761.400512695312,340
919,2344.68419913136,2421.34603085042,761.400512695312,340
920,2409.98644033797,2421.14674111541,761.400512695312,340
921,2224.04069400083,2413.2151112169,761.835266113281,340
922,2340.68087012829,2410.35199247618,761.835266113281,340
923,2429.17969846119,2410.54143557907,761.835266113281,340
924,2280.77290249196,2404.77250732926,761.835266113281,340
925,2439.4738645114,2404.81475481803,761.835266113281,340
926,2432.04097777856,2404.89150838854,761.835266113281,340
927,2432.68463310038,2405.32269446533,761.835266113281,340
928,2367.90889330961,2403.56666110288,761.835266113281,340
929,2413.11517233904,2402.50798784204,763.869812011719,340
930,2432.62300300697,2402.17606067147,763.869812011719,340
931,2426.37597617652,2401.78651343432,763.869812011719,340
932,2422.73216618841,2406.11032553649,763.869812011719,340
933,2430.90728395187,2405.77229074448,763.869812011719,340
934,2422.96248884517,2404.86971453497,763.869812011719,340
935,2432.9117559551,2405.34573600153,763.869812011719,340
936,2429.62549657922,2405.25414642555,763.869812011719,340
937,2438.68053706425,2405.47106297123,763.9033203125,340
938,2435.04339489187,2405.72559539091,763.9033203125,340
939,2440.4138394182,2405.70401222823,763.9033203125,340
940,2432.60582244155,2405.96284665575,763.9033203125,340
941,2423.22806969388,2405.62963633688,763.9033203125,340
942,2438.68362653329,2405.34468177835,763.9033203125,340
943,2419.85659872269,2405.64873620238,763.9033203125,340
944,2436.22089767762,2409.31020414423,763.9033203125,340
945,2437.10384850821,2410.39490047104,764.829772949219,340
946,2431.81474790994,2418.70586262741,764.829772949219,340
947,2451.24424105265,2423.12839746438,764.829772949219,340
948,2459.44331707166,2424.3389422088,764.829772949219,340
949,2415.07985528259,2429.71122032043,764.829772949219,340
950,2452.22759757007,2430.22136964277,764.829772949219,340
951,2443.16294207394,2430.66624821459,764.829772949219,340
952,2455.52467094736,2431.57984972847,764.829772949219,340
953,2446.47595067767,2434.72253202319,764.230346679688,340
954,2451.02711939795,2436.23900990555,764.230346679688,340
955,2444.53784688497,2436.71560366067,764.230346679688,340
956,2439.42895532596,2437.23772282664,764.230346679688,340
957,2344.32386492784,2434.10139077622,764.230346679688,340
958,2444.48104133967,2434.64434107173,764.230346679688,340
959,2447.8425959802,2435.63954535713,764.230346679688,340
960,2425.29490775828,2435.33487142926,764.230346679688,340
961,2426.02070207374,2435.19067964904,765.183837890625,340
962,2439.57315918193,2435.22638453375,765.183837890625,340
963,2428.67157977796,2434.97151192919,765.183837890625,340
964,2447.22986789919,2435.24415306843,765.183837890625,340
965,2452.49239883544,2436.03961612419,765.183837890625,340
966,2433.58063747123,2436.45371883528,765.183837890625,340
967,2423.76231177722,2435.85686624504,765.183837890625,340
968,2432.3696784729,2436.35738943505,765.183837890625,340
969,2465.26288164827,2437.51906879387,762.758422851562,340
970,2415.73268261611,2436.66422215819,762.758422851562,340
971,2456.01345429074,2437.63217041342,762.758422851562,340
972,2415.69184447399,2436.21007455027,762.758422851562,340
973,2463.32654770203,2436.36540377549,762.758422851562,340
974,2440.39907188225,2437.37817243948,762.758422851562,340
975,2445.51330395549,2437.10960069489,762.758422851562,340
976,2451.6850136096,2437.45048355632,762.758422851562,340
977,2456.32846934002,2437.48263549203,762.416870117188,340
978,2429.29934772493,2436.79557137392,762.416870117188,340
979,2444.1724549682,2436.52138479673,762.416870117188,340
980,2376.5141378141,2433.80043643389,762.416870117188,340
981,2464.69967932572,2434.81126539388,762.416870117188,340
982,2436.26090649641,2438.48874705663,762.416870117188,340
983,2454.83648315301,2438.90296472916,762.416870117188,340
984,2421.76503637932,2437.85986234512,762.416870117188,340
985,2458.82268952274,2439.2009736157,760.739929199219,340
986,2457.08142983738,2440.44340272625,760.739929199219,340
987,2474.31936366783,2441.83325090568,760.739929199219,340
988,2474.85201962921,2443.68046849973,760.739929199219,340
989,2440.72981400163,2443.42046634383,760.739929199219,340
990,2459.8305630713,2443.71399291327,760.739929199219,340
991,2462.81938744296,2444.88354291214,760.739929199219,340
992,2473.35351162837,2446.86719090618,760.739929199219,340
993,2466.62887448536,2448.23755874668,760.833129882812,340
994,2467.35944730969,2448.32142137314,760.833129882812,340
995,2463.57050492138,2450.23493426535,760.833129882812,340
996,2456.73285827661,2450.26371042478,760.833129882812,340
997,2451.1913123496,2451.68368913981,760.833129882812,340
998,2455.05951572287,2451.35300786064,760.833129882812,340
999,2465.52156958897,2452.35790776891,760.833129882812,340
1000,2463.34298619984,2453.07109505868,760.833129882812,340
1001,2474.72727082719,2453.99278534739,761.7724609375,340
1002,2455.70193019491,2453.96772378158,761.7724609375,340
1003,2464.49926920705,2455.37572064087,761.7724609375,340
1004,2464.42999845345,2456.18602238028,761.7724609375,340
1005,2456.34441912589,2459.37923363275,761.7724609375,340
1006,2466.07246742776,2459.43414515683,761.7724609375,340
1007,2467.76120452754,2460.69415707808,761.7724609375,340
1008,2474.81588077852,2461.4933329831,761.7724609375,340
1009,2483.95951388974,2463.98111208351,761.957397460938,340
1010,2467.92848518377,2464.34534390995,761.957397460938,340
1011,2466.63380432216,2464.72743888935,761.957397460938,340
1012,2477.78542647614,2464.86608140168,761.957397460938,340
1013,2370.07661405546,2460.67506517873,761.957397460938,340
1014,2454.82155163026,2461.23873468387,761.957397460938,340
1015,2323.51540083414,2455.78612819439,761.957397460938,340
1016,2457.2308307221,2455.56258592555,761.957397460938,340
1017,2465.74556966589,2455.25826824705,762.095275878906,340
1018,2486.90796780081,2456.06943197967,762.095275878906,340
1019,2452.7449138325,2455.48485064058,762.095275878906,340
1020,2255.10202800331,2447.14611156386,762.095275878906,340
1021,2459.10151408046,2447.24085779601,762.095275878906,340
1022,2467.81926107153,2447.90597574489,762.095275878906,340
1023,2456.09701502554,2447.947475717,762.095275878906,340
1024,2473.46365662343,2448.26515919838,762.095275878906,340
1025,2462.95254605213,2448.24954159247,762.198608398438,340
1026,2486.61415679674,2448.72501703125,762.198608398438,340
1027,2457.77526579323,2448.80795045518,762.198608398438,340
1028,2476.46445315778,2449.28655781321,762.198608398438,340
1029,2454.85187807109,2448.90343299792,762.198608398438,340
1030,2457.36746779848,2448.94435494482,762.198608398438,340
1031,2455.63582839991,2448.52688938371,762.198608398438,340
1032,2466.13434849955,2448.46181514259,762.198608398438,340
1033,2473.80036816417,2448.42119463801,764.055114746094,340
1034,2453.74304669645,2447.21253595028,764.055114746094,340
1035,2466.53738638687,2447.15689199841,764.055114746094,340
1036,2441.53842100422,2446.15307666569,764.055114746094,340
1037,2439.7704420781,2444.63247728977,764.055114746094,340
1038,2473.23165784632,2448.7586790414,764.055114746094,340
1039,2450.59128412531,2448.5894683412,764.055114746094,340
1040,2244.82068065168,2445.4416795339,764.055114746094,340
1041,2469.57780766122,2445.93555861147,767.163879394531,340
1042,2478.6852747852,2446.45314681624,767.163879394531,340
1043,2477.16283925535,2446.06334167442,767.163879394531,340
1044,2479.24639275963,2447.12340083151,767.163879394531,340
1045,2456.05903642718,2455.16168116846,767.163879394531,340
1046,2474.74179874995,2455.78729255524,767.163879394531,340
1047,2474.4893186993,2456.05409486035,767.163879394531,340
1048,2473.22766793727,2456.73932097682,767.163879394531,340
1049,2448.37738833879,2455.73587024544,766.664855957031,340
1050,2454.82221856409,2455.41065714592,766.664855957031,340
1051,2451.43621753941,2454.00353957562,766.664855957031,340
1052,2473.6625912106,2454.63903259232,766.664855957031,340
1053,2417.56034979322,2452.28286845773,766.664855957031,340
1054,2466.15343140196,2452.73493059097,766.664855957031,340
1055,2468.28239920888,2453.17152784739,766.664855957031,340
1056,2469.36993103449,2453.72089195277,766.664855957031,340
1057,2407.88397294449,2451.39087693057,767.136596679688,340
1058,2420.71297365118,2449.26738115005,767.136596679688,340
1059,2469.61653809876,2449.90232080614,767.136596679688,340
1060,2424.08777868089,2448.2043364979,767.136596679688,340
1061,2462.31082771563,2449.03523276636,767.136596679688,340
1062,2415.97097243816,2448.08325398076,767.136596679688,340
1063,2482.29383410311,2448.44574103103,767.136596679688,340
1064,2471.97177012332,2449.30096047095,767.136596679688,340
1065,2434.45501055801,2456.8863336672,767.34326171875,340
1066,2463.15183432,2456.62929473355,767.34326171875,340
1067,2451.4259225936,2455.53892064589,767.34326171875,340
1068,2454.82153750847,2454.64526857602,767.34326171875,340
1069,2434.22087212753,2452.84424775073,767.34326171875,340
1070,2473.8781357054,2453.55701172186,767.34326171875,340
1071,2453.15947540806,2452.69371878818,767.34326171875,340
1072,2247.23818591173,2443.60367347668,767.34326171875,340
1073,2425.59597211358,2441.69840564373,766.158447265625,340
1074,2400.30085984039,2439.7753445038,766.158447265625,340
1075,2412.14117545402,2438.0681027794,766.158447265625,340
1076,2412.28152481494,2436.50191507042,766.158447265625,340
1077,2449.15954429967,2435.52179319398,766.158447265625,340
1078,2452.6769493745,2436.92645717723,766.158447265625,340
1079,2453.88551343313,2436.43574045848,766.158447265625,340
1080,2446.65493369245,2435.57064183782,766.158447265625,340
1081,2400.6323935912,2432.82114034009,768.03857421875,340
1082,2360.22000302128,2430.91458154316,768.03857421875,340
1083,2353.73581014706,2428.235495003,768.03857421875,340
1084,2384.34407504754,2424.82459648095,768.03857421875,340
1085,2392.27666755031,2423.55215203572,768.03857421875,340
1086,2359.11450786673,2419.42429924177,768.03857421875,340
1087,2316.24004643573,2415.43506220167,768.03857421875,340
1088,2402.7066085307,2412.25157317877,768.03857421875,340
1089,2393.81454803451,2409.12528429522,767.653686523438,340
1090,2416.69431606354,2408.41485651544,767.653686523438,340
1091,2410.975264273,2406.32779371356,767.653686523438,340
1092,2367.00752442979,2402.95105778701,767.653686523438,340
1093,2376.75748749704,2399.82849578655,767.653686523438,340
1094,2375.30606983063,2397.47190369468,767.653686523438,340
1095,2387.18374416282,2394.00412803297,767.653686523438,340
1096,2347.79098916931,2389.78938858342,767.653686523438,340
1097,2460.26635533141,2398.31051536021,766.882995605469,340
1098,2392.83459934209,2397.00006044935,766.882995605469,340
1099,2453.30370483833,2399.12017424927,766.882995605469,340
1100,2476.65897482252,2401.70088622401,766.882995605469,340
1101,2443.02379354231,2402.9305769731,766.882995605469,340
1102,2473.27767707384,2403.89530228407,766.882995605469,340
1103,2413.21985279233,2402.31701842078,766.882995605469,340
1104,2447.42205462744,2402.05848006856,766.882995605469,340
1105,2425.47129716591,2401.21113460749,767.748474121094,340
1106,2477.57442368178,2404.28881581112,767.748474121094,340
1107,2460.34177079279,2408.29368652198,767.748474121094,340
1108,2454.06860380804,2412.30699826842,767.748474121094,340
1109,2438.44988999628,2414.47123086637,767.748474121094,340
1110,2470.89494153375,2417.61596182571,767.748474121094,340
1111,2452.14354407936,2421.33712327421,767.748474121094,340
1112,2467.63610184176,2427.39296549045,767.748474121094,340
1113,2472.49274794912,2430.18441106719,769.196533203125,340
1114,2460.27046111096,2432.84264759025,769.196533203125,340
1115,2452.74557918268,2434.28469811501,769.196533203125,340
1116,2480.21094838336,2437.05412547943,769.196533203125,340
1117,2484.14536341003,2441.73963903864,769.196533203125,340
1118,2465.29813013514,2445.28126474416,769.196533203125,340
1119,2474.474511393,2449.24800240665,769.196533203125,340
1120,2447.9739315462,2451.67960990199,769.196533203125,340
1121,2457.58658077741,2456.07143356631,770.639770507812,340
1122,2469.22324269215,2456.42970906074,770.639770507812,340
1123,2443.84736924586,2458.47021985689,770.639770507812,340
1124,2384.65807450258,2455.72439464346,770.639770507812,340
1125,2476.68092792454,2455.72527276754,770.639770507812,340
1126,2405.40597012922,2454.22055983102,770.639770507812,340
1127,2403.25970015336,2451.4198407542,770.639770507812,340
1128,2467.93047415464,2453.6082656087,770.639770507812,340
1129,2362.78381435159,2450.22273599766,772.271728515625,340
1130,2450.59147629652,2451.22754316289,772.271728515625,340
1131,2384.32159629318,2447.49743006734,772.271728515625,340
1132,2182.99608848566,2436.40360277506,772.271728515625,340
1133,2323.71491622943,2431.18945527191,772.271728515625,340
1134,2331.89166082684,2426.92712610513,772.271728515625,340
1135,2232.72267818632,2417.40023557124,772.271728515625,340
1136,2416.36267188249,2415.96900068336,772.271728515625,340
1137,2302.65630221865,2409.36980869844,772.80322265625,340
1138,2246.44272890182,2400.32780793655,772.80322265625,340
1139,2332.6439716759,2395.22274835914,772.80322265625,340
1140,2071.45054851409,2379.9709471324,772.80322265625,340
1141,2448.43011702089,2378.6997138779,772.80322265625,340
1142,2271.41620877613,2370.19054769254,772.80322265625,340
1143,2310.16800094178,2363.98534252481,772.80322265625,340
1144,2314.56985450879,2357.58915624944,772.80322265625,340
1145,2281.16266057505,2350.9167054106,772.167846679688,340
1146,2197.73809879237,2340.52276613119,772.167846679688,340
1147,2272.48305613765,2332.65315866901,772.167846679688,340
1148,2097.00659072121,2318.77952752803,772.167846679688,340
1149,2306.86185678276,2315.66767881923,772.167846679688,340
1150,2270.31867392387,2307.41318865921,772.167846679688,340
1151,2318.24129308248,2303.92660157734,772.167846679688,340
1152,2240.47310044913,2297.41513758917,772.167846679688,340
1153,2309.85329743695,2291.09205052046,770.835021972656,340
1154,2292.27399029672,2288.27165755827,770.835021972656,340
1155,2181.1758713457,2277.49503336023,770.835021972656,340
1156,2335.66354609636,2275.54871135236,770.835021972656,340
1157,2282.45665572647,2279.52713404199,770.835021972656,340
1158,2358.88837931177,2280.93407256529,770.835021972656,340
1159,2272.42560758144,2278.55543043547,770.835021972656,340
1160,2310.7927257291,2281.67823233718,770.835021972656,340
1161,2282.29111391554,2276.3153700185,770.015014648438,340
1162,2446.13091807224,2282.05435465265,770.015014648438,340
1163,2340.55553157795,2285.81886675969,770.015014648438,340
1164,2202.19155211653,2280.60076997732,770.015014648438,340
1165,2364.478610888,2292.32189247228,770.015014648438,340
1166,2421.17674994659,2291.2317577893,770.015014648438,340
1167,2304.7941247012,2292.56687442631,770.015014648438,340
1168,2161.63936783611,2286.62572910208,770.015014648438,340
1169,2396.96461726491,2289.92151961232,768.900390625,340
1170,2361.03679223424,2293.11648487869,768.900390625,340
1171,2382.10618772084,2300.49120843583,768.900390625,340
1172,2429.04302983316,2306.75360738365,768.900390625,340
1173,2381.58246749797,2318.13664245472,768.900390625,340
1174,2409.14776731481,2322.228078876,768.900390625,340
1175,2340.15157433889,2325.0213948926,768.900390625,340
1176,2408.86140212191,2328.64619925418,768.900390625,340
1177,2438.93094762608,2336.58451314126,767.254089355469,340
1178,2328.00044988038,2337.310399239,767.254089355469,340
1179,2132.5873034831,2330.92293176645,767.254089355469,340
1180,2438.83507609715,2341.22929995651,767.254089355469,340
1181,2436.06160026719,2345.24522212334,767.254089355469,340
1182,2439.11519820231,2351.51156382238,767.254089355469,340
1183,2453.29489287604,2355.28782436495,767.254089355469,340
1184,2348.26653004982,2358.32146126368,767.254089355469,340
1185,2281.81803197642,2357.16247351358,769.111389160156,340
1186,2158.46671034093,2352.20949737059,769.111389160156,340
1187,2381.93229453118,2349.64155242895,769.111389160156,340
1188,2382.61886498505,2351.32408576523,769.111389160156,340
1189,2296.39287850729,2355.09213882086,769.111389160156,340
1190,2068.2826890356,2343.24430194677,769.111389160156,340
1191,2099.23966729142,2330.36681864056,769.111389160156,340
1192,2292.12766927202,2329.86016042339,769.111389160156,340
1193,2399.74480055286,2339.38437773206,767.731567382812,340
1194,2404.40338291643,2339.68192835812,767.731567382812,340
1195,2240.54862810858,2334.8624017931,767.731567382812,340
1196,2207.18385730533,2327.86550857648,767.731567382812,340
1197,2364.62394300637,2325.2887451034,767.731567382812,340
1198,2404.28043289631,2326.19666371934,767.731567382812,340
1199,2271.61703764883,2320.6954345327,767.731567382812,340
1200,2131.48131371369,2312.34862410769,767.731567382812,340
1201,2421.75482228539,2312.86436091423,765.003723144531,340
1202,2427.30909907868,2312.39948697233,765.003723144531,340
1203,2451.15362437056,2317.32561395194,765.003723144531,340
1204,2425.39340023603,2329.03785782206,765.003723144531,340
1205,2448.54545961202,2329.42627316265,765.003723144531,340
1206,2210.41417959157,2320.40037633563,765.003723144531,340
1207,2383.10363175194,2318.15991367761,765.003723144531,340
1208,2446.31063090734,2317.88054319887,765.003723144531,340
1209,2418.8913717247,2320.70553686586,766.355773925781,340
1210,2333.46906385792,2322.77157814112,766.355773925781,340
1211,2445.20416473088,2334.24107631672,766.355773925781,340
1212,2439.18583273145,2336.53121784473,766.355773925781,340
1213,2445.35978807577,2339.04085476836,766.355773925781,340
1214,2425.24012587379,2344.19474466302,766.355773925781,340
1215,2443.94816836687,2359.22136383627,766.355773925781,340
1216,2447.04727724945,2373.13366823459,766.355773925781,340
1217,2379.04541161411,2376.61037792827,765.457763671875,340
1218,2305.37906735804,2372.83574860048,765.457763671875,340
1219,2455.18712855858,2374.86709842617,765.457763671875,340
1220,2275.77080082486,2376.27598533482,765.457763671875,340
1221,2409.10375672148,2384.35278131147,765.457763671875,340
1222,2426.46406636409,2386.82638624577,765.457763671875,340
1223,2406.39485268013,2386.91096303713,765.457763671875,340
1224,2422.34462940595,2392.94006670741,765.457763671875,340
1225,2457.46943495475,2405.97959155705,763.885986328125,340
1226,2454.00556561228,2407.26962129013,763.885986328125,340
1227,2369.62651639379,2404.96231798273,763.885986328125,340
1228,2444.97175632736,2404.71504326101,763.885986328125,340
1229,2400.68089659978,2403.72654311556,763.885986328125,340
1230,2437.65179454839,2403.29079651301,763.885986328125,340
1231,2418.42656813763,2411.61129205485,763.885986328125,340
1232,2313.95477115038,2408.84533763079,763.885986328125,340
1233,2451.29319414458,2409.04464016028,762.449279785156,340
1234,2356.52271969,2406.54989407889,762.449279785156,340
1235,2457.42987980214,2411.50832671666,762.449279785156,340
1236,2446.13016997585,2411.54536692646,762.449279785156,340
1237,2337.62825042115,2407.48306363405,762.449279785156,340
1238,2478.11770151691,2408.79338017169,762.449279785156,340
1239,2435.56387327208,2409.20633006763,762.449279785156,340
1240,2487.71971309593,2410.95719185679,762.449279785156,340
1241,2378.99535603711,2408.23511500829,758.871398925781,340
1242,2465.11884926906,2411.67805251449,758.871398925781,340
1243,2461.87086592331,2417.93772445711,758.871398925781,340
1244,2254.45785213913,2409.90855340033,758.871398925781,340
1245,2407.09929763171,2415.1616932726,758.871398925781,340
1246,2461.59482390848,2417.26133596008,758.871398925781,340
1247,2304.76057730377,2412.39319639767,758.871398925781,340
1248,2440.54623398345,2413.7592516498,758.871398925781,340
1249,2497.82710186868,2416.77855054831,758.506286621094,340
1250,2446.08641727865,2416.32322984126,758.506286621094,340
1251,2428.36866901816,2415.2977539775,758.506286621094,340
1252,2448.63515796666,2418.45809964041,758.506286621094,340
1253,2450.73518697712,2418.6886368664,758.506286621094,340
1254,2428.49053479127,2419.80102239406,758.506286621094,340
1255,2460.85275282976,2420.72906072532,758.506286621094,340
1256,2458.49329548716,2422.3317298193,758.506286621094,340
1257,2464.75933498556,2428.36391237271,757.977111816406,340
1258,2458.51004438367,2428.65258638227,757.977111816406,340
1259,2455.4159796963,2432.60831678252,757.977111816406,340
1260,2363.75906467631,2428.86148417749,757.977111816406,340
1261,2457.47112889673,2429.31512253432,757.977111816406,340
1262,2443.46318267564,2433.5485198245,757.977111816406,340
1263,2477.24923441435,2433.5137811404,757.977111816406,340
1264,2445.27189509081,2433.90210201315,757.977111816406,340
1265,2473.35436783061,2433.32748820254,759.195007324219,340
1266,2375.37126816831,2433.18252468779,759.195007324219,340
1267,2454.60301347544,2432.76189125604,759.195007324219,340
1268,2465.61502063904,2432.91165744467,759.195007324219,340
1269,2484.55178588268,2442.11541479441,759.195007324219,340
1270,2463.43295617857,2444.36876113629,759.195007324219,340
1271,2461.09611117981,2444.34881262714,759.195007324219,340
1272,2445.89420634712,2449.99415778887,759.195007324219,340
1273,2463.8975907324,2450.92821205883,760.974426269531,340
1274,2473.2391591836,2449.94469435143,760.974426269531,340
1275,2434.62814538973,2449.48636347587,760.974426269531,340
1276,2456.23367558232,2450.60096373844,760.974426269531,340
1277,2451.33203103838,2450.70883866131,760.974426269531,340
1278,2462.6499669615,2451.18542986068,760.974426269531,340
1279,2435.48466117756,2451.46519491613,760.974426269531,340
1280,2403.70396073653,2449.1792432324,760.974426269531,340
1281,2462.6413943971,2449.3451671888,762.210876464844,340
1282,2457.58760966131,2449.05829817583,762.210876464844,340
1283,2455.22691502052,2448.92697300131,762.210876464844,340
1284,2422.53230000344,2447.61162581359,762.210876464844,340
1285,2475.51706444723,2452.08194580443,762.210876464844,340
1286,2475.77766830736,2452.81420738085,762.210876464844,340
1287,2468.69587939871,2453.82351524978,762.210876464844,340
1288,2465.34797128713,2453.34746472469,762.210876464844,340
1289,2382.81269602228,2450.84909676195,763.671569824219,340
1290,2399.65720922464,2447.90121041771,763.671569824219,340
1291,2417.62361141699,2449.59130414766,763.671569824219,340
1292,2397.96863610737,2447.32592905293,763.671569824219,340
1293,2451.41561025866,2446.75795263772,763.671569824219,340
1294,2466.11729613797,2446.02057304793,763.671569824219,340
1295,2439.23889890087,2445.05281075682,763.671569824219,340
1296,2448.84457688708,2444.56274938511,763.671569824219,340
1297,2452.14421192104,2444.81274960807,764.2744140625,340
1298,2476.36870056272,2445.31159400128,764.2744140625,340
1299,2463.24725675276,2444.91191790405,764.2744140625,340
1300,2475.44277084933,2446.54450292243,764.2744140625,340
1301,2452.29457982851,2446.38693909228,764.2744140625,340
1302,2469.43162555499,2447.11092287294,764.2744140625,340
1303,2469.1605587565,2447.37134654474,764.2744140625,340
1304,2464.13233772534,2448.51725360666,764.2744140625,340
1305,2453.28814117923,2450.50062082436,765.076293945312,340
1306,2466.50199489339,2450.65504484421,765.076293945312,340
1307,2420.05528010777,2449.15375166207,765.076293945312,340
1308,2456.34889228622,2449.1986307527,765.076293945312,340
1309,2464.91442767951,2450.89391585974,765.076293945312,340
1310,2465.04809583898,2450.47515711541,765.076293945312,340
1311,2420.67319518887,2448.27097819067,765.076293945312,340
1312,2430.83237575157,2446.75643804479,765.076293945312,340
1313,2456.20560172074,2446.39074326213,766.591369628906,340
1314,2236.31862889546,2440.53098057706,766.591369628906,340
1315,2467.61357191411,2443.24923508464,766.591369628906,340
1316,2469.31227055828,2445.31678145029,766.591369628906,340
1317,2478.79703110022,2448.54991725,766.591369628906,340
1318,2481.00321288306,2449.73342135498,766.591369628906,340
1319,2456.84064374211,2449.36235525915,766.591369628906,340
1320,2472.25946148722,2450.6831777626,766.591369628906,340
1321,2459.62776151773,2451.11450514783,766.976989746094,340
1322,2101.07514526854,2437.07174248173,766.976989746094,340
1323,2458.35137902098,2436.35104962006,766.976989746094,340
1324,2226.89181565683,2426.89683197622,766.976989746094,340
1325,2407.35600118244,2424.17336118954,766.976989746094,340
1326,2286.06006212432,2417.52398048138,766.976989746094,340
1327,2444.20318709079,2416.51484294281,766.976989746094,340
1328,2337.07658700912,2411.23148407291,766.976989746094,340
1329,2235.41720530493,2402.0828787761,770.054077148438,340
1330,2357.22166724027,2398.24021981854,770.054077148438,340
1331,2226.25807439361,2388.63046299855,770.054077148438,340
1332,2246.84632952911,2381.7021049754,770.054077148438,340
1333,2417.6926405416,2380.15585490562,770.054077148438,340
1334,2316.82139502198,2374.23213359931,770.054077148438,340
1335,2249.42142234114,2365.6070666594,770.054077148438,340
1336,2487.55877593463,2368.28248988923,770.054077148438,340
1337,2379.32566105964,2366.22222130155,769.15478515625,340
1338,2294.50142957995,2359.75405441592,769.15478515625,340
1339,2260.71610022614,2360.72995326915,769.15478515625,340
1340,2251.34861983417,2352.07935518595,769.15478515625,340
1341,2373.4020582758,2348.24294669465,769.15478515625,340
1342,2251.06218083732,2339.13355268414,769.15478515625,340
1343,2260.89847750194,2330.32936326889,769.15478515625,340
1344,2321.86052255221,2324.9301584213,769.15478515625,340
1345,2461.97171149501,2324.51864842161,768.927001953125,340
1346,2291.308563458,2317.78588049922,768.927001953125,340
1347,2285.62860339558,2325.1680188243,768.927001953125,340
1348,2272.76377536684,2317.74451467813,768.927001953125,340
1349,2265.84044930748,2319.30246002416,768.927001953125,340
1350,2223.12576576017,2311.93325060727,768.927001953125,340
1351,2463.98848410166,2319.05038748636,768.927001953125,340
1352,2251.65310889938,2311.34838435871,768.927001953125,340
1353,2230.29331939545,2307.07705365416,767.76416015625,340
1354,2418.64299414995,2314.40608520796,767.76416015625,340
1355,2249.11556442116,2310.0818410952,767.76416015625,340
1356,2332.64356707499,2314.33726080245,767.76416015625,340
1357,2444.02626736183,2322.22445831576,767.76416015625,340
1358,2193.87924390677,2313.27192245037,767.76416015625,340
1359,2454.30363772112,2318.77121215833,767.76416015625,340
1360,2220.33431511036,2317.6077278691,767.76416015625,340
1361,2264.38250998165,2308.68067723098,769.722351074219,340
1362,2268.78816642464,2304.25917744558,769.722351074219,340
1363,2360.21663823659,2306.88778579185,769.722351074219,340
1364,2442.16862719255,2314.1458868705,769.722351074219,340
1365,2363.91431805566,2318.64851479936,769.722351074219,340
1366,2385.97534207878,2319.15144615148,769.722351074219,340
1367,2315.89848977673,2321.74489850906,769.722351074219,340
1368,2170.91460678903,2318.14554368054,769.722351074219,340
1369,2320.80721392889,2318.10341133561,771.428405761719,340
1370,2148.70848540521,2305.57288229202,771.428405761719,340
1371,2398.31190765327,2309.85301605983,771.428405761719,340
1372,2431.28007091438,2315.67907476058,771.428405761719,340
1373,2417.30058307665,2321.46054706897,771.428405761719,340
1374,2369.28799757247,2325.59844899957,771.428405761719,340
1375,2356.71652262461,2330.94207927415,771.428405761719,340
1376,2444.92356636492,2330.17948256468,771.428405761719,340
1377,2387.33676404298,2335.60682877043,772.885559082031,340
1378,2368.14739844461,2341.12099193239,772.885559082031,340
1379,2455.90233576708,2342.61136559708,772.885559082031,340
1380,2434.56060117118,2350.02916706708,772.885559082031,340
1381,2351.43466682099,2350.78081105692,772.885559082031,340
1382,2421.65068736834,2349.88578785718,772.885559082031,340
1383,2340.0999155945,2355.73461472469,772.885559082031,340
1384,2363.56262663487,2352.10497428124,772.885559082031,340
1385,2471.66738584738,2362.15829711072,772.949401855469,340
1386,2446.43185728829,2369.44027100298,772.949401855469,340
1387,2455.34521526105,2376.90255295644,772.949401855469,340
1388,2430.51494510423,2379.71448523115,772.949401855469,340
1389,2468.9321185643,2380.78502488602,772.949401855469,340
1390,2480.38341453224,2385.44378874508,772.949401855469,340
1391,2452.12741184077,2388.08987153556,772.949401855469,340
1392,2391.25501491572,2391.10413254112,772.949401855469,340
1393,2417.46478711993,2400.96613975435,773.822875976562,340
1394,2420.34708965398,2404.94773478336,773.822875976562,340
1395,2225.44249097708,2408.01709500623,773.822875976562,340
1396,2465.39732055616,2410.70051152235,773.822875976562,340
1397,2111.35807125424,2397.90363153594,773.822875976562,340
1398,2439.60577448617,2398.79583919232,773.822875976562,340
1399,2290.79555316586,2395.65614141606,773.822875976562,340
1400,2357.22436328343,2395.67645504241,773.822875976562,340
1401,2352.92712586526,2391.99659742243,775.764526367188,340
1402,2402.41948401928,2392.59990622148,775.764526367188,340
1403,2395.88772906231,2393.70951944619,775.764526367188,340
1404,2398.09513730458,2391.39723150769,775.764526367188,340
1405,2424.22298560433,2390.98372688501,775.764526367188,340
1406,2214.04042155548,2385.48795707439,775.764526367188,340
1407,2468.91667936622,2387.37859675431,775.764526367188,340
1408,2451.86090445699,2391.84903630881,775.764526367188,340
1409,2420.64982010639,2394.13252404767,774.146667480469,340
1410,2405.60559629982,2391.49005246576,774.146667480469,340
1411,2400.50019308107,2389.65278589748,774.146667480469,340
1412,2416.39838456556,2388.09491266966,774.146667480469,340
1413,2252.90500576399,2380.99051509605,774.146667480469,340
1414,2427.25116783855,2379.32327706702,774.146667480469,340
1415,2310.23002380275,2372.51714143784,774.146667480469,340
1416,2380.96372226109,2369.67059385465,774.146667480469,340
1417,2447.87275304877,2371.93530337997,774.306762695312,340
1418,2449.30466409752,2373.20889845908,774.306762695312,340
1419,2416.73516836716,2373.0644216076,774.306762695312,340
1420,2433.46014847902,2381.38512790768,774.306762695312,340
1421,2238.05768159937,2372.29154234941,774.306762695312,340
1422,2446.13505971235,2385.68262188773,774.306762695312,340
1423,2432.34227884243,2385.39208206198,774.306762695312,340
1424,2467.92497296875,2392.4772588541,774.306762695312,340
1425,2381.61209595192,2393.45276816084,774.96728515625,340
1426,2447.28263960563,2397.22698871045,774.96728515625,340
1427,2428.46436948517,2398.26878412909,774.96728515625,340
1428,2057.00105317597,2384.71331709363,774.96728515625,340
1429,2137.6446891502,2374.29529916746,774.96728515625,340
1430,2371.71010479459,2372.19478393507,774.96728515625,340
1431,2408.4087063893,2379.96951532842,774.96728515625,340
1432,2357.53835149785,2375.51438221369,774.96728515625,340
1433,2394.79112238897,2373.23159093097,772.194519042969,340
1434,2114.23435396511,2360.97497228532,772.194519042969,340
1435,2058.92857550134,2347.10789145338,772.194519042969,340
1436,2193.26210388106,2338.81836788538,772.194519042969,340
1437,2288.02377197495,2333.68338338175,772.194519042969,340
1438,2434.62073186912,2340.95201242596,772.194519042969,340
1439,2037.29223292101,2325.35365502926,772.194519042969,340
1440,2435.00146257416,2330.34451258011,772.194519042969,340
1441,2193.09797273074,2322.8298825989,771.996215820312,340
1442,2245.96143393192,2314.75342983422,771.996215820312,340
1443,2473.42871377047,2315.71839182114,771.996215820312,340
1444,2421.46980318529,2315.90777721387,771.996215820312,340
1445,2394.90211026806,2314.36545568543,771.996215820312,340
1446,2401.0766525785,2320.88621452459,771.996215820312,340
1447,2217.08943794312,2311.72438965383,771.996215820312,340
1448,2197.83490472609,2302.34409468917,771.996215820312,340
1449,2449.35213381582,2301.60118112306,771.8134765625,340
1450,2311.55188585816,2298.7987727193,771.8134765625,340
1451,2183.1104438379,2288.2318848886,771.8134765625,340
1452,2429.14896504285,2288.2592687109,771.8134765625,340
1453,2327.89831912963,2299.09515934905,771.8134765625,340
1454,2444.64752741925,2311.37527287981,771.8134765625,340
1455,2232.35476642509,2305.80105934503,771.8134765625,340
1456,2443.74088916688,2307.21434665613,771.8134765625,340
1457,2465.33259747488,2311.52611649522,769.314086914062,340
1458,2431.23255379874,2312.98377375161,769.314086914062,340
1459,2467.88004172764,2327.12960126211,769.314086914062,340
1460,2485.10445949338,2344.17663662179,769.314086914062,340
1461,2482.75369322511,2355.75630019555,769.314086914062,340
1462,2439.17206191809,2361.80223179328,769.314086914062,340
1463,2452.37826830787,2362.51253325083,769.314086914062,340
1464,2358.15377453374,2375.34699491534,769.314086914062,340
1465,2212.59942013429,2366.45091321774,767.278991699219,340
1466,2404.49601968062,2374.90683509574,767.278991699219,340
1467,2419.02229031023,2381.82926935087,767.278991699219,340
1468,2475.02612755311,2381.89316590217,767.278991699219,340
1469,2246.23642721107,2374.8838308632,767.278991699219,340
1470,2283.82954838868,2370.44092838803,767.278991699219,340
1471,2472.53781046976,2373.29937470368,767.278991699219,340
1472,2451.89120017323,2382.69144519288,767.278991699219,340
1473,2466.63829714993,2393.44358088984,766.961975097656,340
1474,2334.78694546768,2388.86097335591,766.961975097656,340
1475,2469.06417141834,2395.16146477832,766.961975097656,340
1476,2447.23974260645,2405.72663672906,766.961975097656,340
1477,2390.37463022251,2404.17566333625,766.961975097656,340
1478,2346.46029345591,2404.9181423093,766.961975097656,340
1479,2434.16731060881,2404.49893363688,766.961975097656,340
1480,2427.81304724992,2412.31726486988,766.961975097656,340
1481,2472.18727483576,2413.45512029663,766.353088378906,340
1482,2459.42062776047,2413.21864150805,766.353088378906,340
1483,2451.84533080848,2414.04315258844,766.353088378906,340
1484,2447.09401985134,2413.21171171339,766.353088378906,340
1485,2430.41254636168,2411.02403518812,766.353088378906,340
1486,2434.88943207185,2409.10946474199,766.353088378906,340
1487,2438.92474477582,2409.0995720563,766.353088378906,340
1488,2476.3178285247,2410.05715446497,766.353088378906,340
1489,2406.04226983217,2411.97269427691,764.276550292969,340
1490,2455.08398511792,2421.67207687626,764.276550292969,340
1491,2439.90520745102,2423.08844438707,764.276550292969,340
1492,2460.03423685829,2424.728922249,764.276550292969,340
1493,2446.76636563165,2423.59853177214,764.276550292969,340
1494,2445.17733707422,2431.55616816666,764.276550292969,340
1495,2436.02800281015,2437.64410634352,764.276550292969,340
1496,2402.93554280957,2434.86001563711,764.276550292969,340
1497,2441.5823940815,2434.44766339345,765.684143066406,340
1498,2465.05208026347,2434.38421471799,765.684143066406,340
1499,2412.42316259259,2437.48966340298,765.684143066406,340
1500,2460.82440908651,2437.16007290971,765.684143066406,340
1501,2175.49506784317,2426.29028591918,765.684143066406,340
1502,2478.06536936413,2429.79791548484,765.684143066406,340
1503,2170.35653346084,2422.75376508504,765.684143066406,340
1504,2416.48149506423,2422.04633246326,765.684143066406,340
1505,2450.74753652567,2422.96371203429,766.317260742188,340
1506,2474.95505453933,2423.07442322243,766.317260742188,340
1507,2457.43348919168,2422.99493767968,766.317260742188,340
1508,2465.98731835257,2423.56061718144,766.317260742188,340
1509,2465.59708191199,2424.30073966387,766.317260742188,340
1510,2450.30311133227,2425.09636226269,766.317260742188,340
1511,2379.32662785709,2422.8738500941,766.317260742188,340
1512,2453.18132795941,2423.44411342145,766.317260742188,340
1513,2477.30824666091,2423.48373014689,764.874633789062,340
1514,2367.82094642026,2421.95487721042,764.874633789062,340
1515,2451.29903623051,2421.80347925492,764.874633789062,340
1516,2447.79607258356,2422.11911386022,764.874633789062,340
1517,2363.3566671219,2418.25201107077,764.874633789062,340
1518,2466.39171638623,2419.03702510095,764.874633789062,340
1519,2454.67341123559,2419.4168680674,764.874633789062,340
1520,2460.27127151391,2420.38659881555,764.874633789062,340
1521,2448.01769629278,2422.18988495488,765.346313476562,340
1522,2259.44404720321,2414.90435107975,765.346313476562,340
1523,2245.60587324063,2406.12650279884,765.346313476562,340
1524,2483.03718947589,2408.95106387417,765.346313476562,340
1525,2472.54575246982,2409.4199176095,765.346313476562,340
1526,2455.05481284315,2420.6023074095,765.346313476562,340
1527,2293.63402609689,2413.22505367881,765.346313476562,340
1528,2389.84211658325,2422.00447700371,765.346313476562,340
1529,2254.26685034994,2415.51589121514,766.707824707031,340
1530,2448.95922275476,2415.4443586643,766.707824707031,340
1531,2441.03618723285,2414.08760397204,766.707824707031,340
1532,2389.19687229485,2411.35813929617,766.707824707031,340
1533,2259.6924563269,2403.10634481514,766.707824707031,340
1534,2427.58871423773,2401.58601010817,766.707824707031,340
1535,2453.71879813283,2401.72263758019,766.707824707031,340
1536,2184.92768439308,2393.94667984163,766.707824707031,340
1537,2292.55861213816,2387.52177120878,769.430053710938,340
1538,2357.71934815455,2382.73821526853,769.430053710938,340
1539,2372.0986051338,2382.90932161707,769.430053710938,340
1540,2365.84874579208,2379.49130999953,769.430053710938,340
1541,2399.96931181704,2377.57823956887,769.430053710938,340
1542,2236.66041823967,2372.51038961358,769.430053710938,340
1543,2353.28867349888,2367.98626789809,769.430053710938,340
1544,2417.36420232342,2366.4938995416,769.430053710938,340
1545,2436.52887533807,2365.54420369457,771.113830566406,340
1546,2421.93413355837,2364.50086118519,771.113830566406,340
1547,2466.14674106684,2372.76896893974,771.113830566406,340
1548,2421.53025749128,2379.80594430976,771.113830566406,340
1549,2348.18500951867,2374.41185711148,771.113830566406,340
1550,2403.22170363722,2371.63889515817,771.113830566406,340
1551,2340.86863959726,2367.07144822834,771.113830566406,340
1552,2360.4558773974,2369.74432228036,771.113830566406,340
1553,2228.54808026261,2363.29256082753,772.025451660156,340
1554,2347.17400152952,2367.00884687471,772.025451660156,340
1555,2386.21641974849,2364.49913475446,772.025451660156,340
1556,2329.35535874254,2360.03190161485,772.025451660156,340
1557,2354.32699671632,2358.63710659171,772.025451660156,340
1558,2478.11325740871,2367.37393863498,772.025451660156,340
1559,2419.38555135116,2367.04581211952,772.025451660156,340
1560,2159.32383031436,2355.27001340678,772.025451660156,340
1561,1939.56662654928,2345.45557109303,773.117309570312,340
1562,2342.75093967654,2347.46326419456,773.117309570312,340
1563,2431.9422718471,2350.43218114227,773.117309570312,340
1564,2381.40084217559,2350.80427062394,773.117309570312,340
1565,2295.64310598645,2347.99604503171,773.117309570312,340
1566,2436.01067389116,2349.43769951468,773.117309570312,340
1567,2403.05140172697,2356.09333885417,773.117309570312,340
1568,2422.75616839415,2358.87203864998,773.117309570312,340
1569,2409.06617064467,2358.54011738283,773.423645019531,340
1570,2218.51998033273,2349.81976158262,773.423645019531,340
1571,2281.5254810663,2344.20341548293,773.423645019531,340
1572,2359.36840897685,2339.93228219933,773.423645019531,340
1573,2284.24212093802,2334.4407567372,773.423645019531,340
1574,2420.69737678749,2337.34125142796,773.423645019531,340
1575,2433.86161737086,2338.5668479773,773.423645019531,340
1576,2363.15960554659,2339.45848661527,773.423645019531,340
1577,2428.76311835354,2342.19077625352,773.044555664062,340
1578,2431.21223044504,2350.29734226082,773.044555664062,340
1579,2442.55265638369,2354.11248845498,773.044555664062,340
1580,2421.63571002747,2355.52926006614,773.044555664062,340
1581,2439.98748746072,2359.95454521487,773.044555664062,340
1582,2252.69500960195,2355.8892657303,773.044555664062,340
1583,2405.11091616397,2352.96917208051,773.044555664062,340
1584,2238.92557276241,2345.75077293696,773.044555664062,340
1585,2371.17181832855,2354.22469245752,772.343994140625,340
1586,2412.62666429506,2373.14709396735,772.343994140625,340
1587,2420.45545712312,2376.25527466522,772.343994140625,340
1588,2380.38780013315,2374.19309579666,772.343994140625,340
1589,2411.62562884008,2375.40208726324,772.343994140625,340
1590,2412.77786598642,2380.08747766324,772.343994140625,340
1591,2395.200660123,2378.45507711251,772.343994140625,340
1592,2395.79628343153,2378.16487238069,772.343994140625,340
1593,2434.02571271977,2378.61565415372,772.044860839844,340
1594,2429.60611036989,2379.43725174273,772.044860839844,340
1595,2433.65575979457,2388.0426829212,772.044860839844,340
1596,2455.41856137583,2394.99840613358,772.044860839844,340
1597,2431.59669620508,2397.88753762271,772.044860839844,340
1598,2430.69598880123,2403.74569233724,772.044860839844,340
1599,2451.50060496511,2404.97782146435,772.044860839844,340
1600,2377.94085115411,2402.74099081568,772.044860839844,340
1601,2397.84430169224,2404.1283786615,771.197082519531,340
1602,2391.51869404712,2402.63860168925,771.197082519531,340
1603,2317.84089229412,2398.10374816321,771.197082519531,340
1604,2431.5540375747,2397.66380341085,771.197082519531,340
1605,2453.49110851271,2398.93801935026,771.197082519531,340
1606,2353.15120412091,2395.46456801667,771.197082519531,340
1607,2438.6800849867,2402.90397103206,771.197082519531,340
1608,2455.62349121442,2404.92447403407,771.197082519531,340
1609,2429.95086294874,2412.56548564153,769.988159179688,340
1610,2413.46417638043,2414.2571799636,769.988159179688,340
1611,2449.30350182026,2415.72425346461,769.988159179688,340
1612,2454.44878353841,2417.08398652122,769.988159179688,340
1613,2440.29430258684,2419.48024661937,769.988159179688,340
1614,2440.49844258123,2420.63515916902,769.988159179688,340
1615,2426.81823195449,2421.19677380774,769.988159179688,340
1616,2386.66435427398,2420.85532157378,769.988159179688,340
1617,2417.88215662657,2421.73875650158,768.888671875,340
1618,2455.74885212707,2422.60768207787,768.888671875,340
1619,2460.9599275159,2423.86183476371,768.888671875,340
1620,2451.90186170231,2424.59167884002,768.888671875,340
1621,2454.35151470746,2424.54899697329,768.888671875,340
1622,2398.39847409998,2423.22106808908,768.888671875,340
1623,2410.97724046021,2422.43231815544,768.888671875,340
1624,2398.46846628604,2420.31103260828,768.888671875,340
1625,2424.6058365919,2422.17763202579,767.16357421875,340
1626,2425.72327475674,2423.29279094837,767.16357421875,340
1627,2434.91233531732,2425.02853659918,767.16357421875,340
1628,2448.9515458547,2430.2729627416,767.16357421875,340
1629,2468.91937047436,2431.76757605759,767.16357421875,340
1630,2431.61916729654,2430.89269840894,767.16357421875,340
1631,2454.46035484884,2434.94506443806,767.16357421875,340
1632,2364.10946501061,2431.96223963901,767.16357421875,340
1633,2439.07148390942,2431.30015934681,766.245178222656,340
1634,2440.3647987362,2431.71671677831,766.245178222656,340
1635,2391.51884105473,2430.83890336528,766.245178222656,340
1636,2348.87573508585,2426.82179269591,766.245178222656,340
1637,2424.52265061815,2425.6247473791,766.245178222656,340
1638,2284.68233121899,2419.40026852438,766.245178222656,340
1639,2382.78233264523,2417.09162412694,766.245178222656,340
1640,2417.92787580176,2416.73600988083,766.245178222656,340
1641,2449.43693272093,2419.24691301871,764.450317382812,340
1642,2433.3871208631,2419.86711158817,764.450317382812,340
1643,2432.96350387567,2418.95569765812,764.450317382812,340
1644,2407.38845342631,2416.81283869453,764.450317382812,340
1645,2407.02166549708,2415.01763084633,764.450317382812,340
1646,2346.25177740791,2410.69364135434,764.450317382812,340
1647,2422.80060030366,2411.66972640249,764.450317382812,340
1648,2361.04497408699,2409.67243574756,764.450317382812,340
1649,2432.86421187725,2411.04826557121,762.84033203125,340
1650,2418.22352497405,2410.7929731065,762.84033203125,340
1651,2452.53892705954,2411.86559919861,762.84033203125,340
1652,2433.64986496155,2411.81510038438,762.84033203125,340
1653,2442.73036326161,2411.56625308065,762.84033203125,340
1654,2412.72441098246,2409.31845470098,762.84033203125,340
1655,2411.66876983905,2408.52043880268,762.84033203125,340
1656,2440.98351762232,2407.98136531362,762.84033203125,340
1657,2436.59922748197,2410.88095581247,763.210021972656,340
1658,2447.95593274717,2411.23633376598,763.210021972656,340
1659,2433.14833465452,2410.94767520271,763.210021972656,340
1660,2406.71242431482,2411.55541853312,763.210021972656,340
1661,2441.13076424955,2415.24561969967,763.210021972656,340
1662,2450.65170511994,2416.29078187974,763.210021972656,340
1663,2447.69136035316,2422.8111430451,763.210021972656,340
1664,2445.59103411496,2425.32349110389,763.210021972656,340
1665,2451.7008912637,2426.67441172237,762.314880371094,340
1666,2475.51991477894,2427.71773100469,762.314880371094,340
1667,2476.67104261666,2429.44908787483,762.314880371094,340
1668,2459.0652061491,2430.49315596577,762.314880371094,340
1669,2459.19534539014,2432.56543164432,762.314880371094,340
1670,2439.59614426514,2433.86841079505,762.314880371094,340
1671,2458.17773652005,2438.34544915953,762.314880371094,340
1672,2451.9967263569,2439.51329420166,762.314880371094,340
1673,2455.55011439405,2443.29349981394,763.398864746094,340
1674,2464.56299337524,2444.56145107386,763.398864746094,340
1675,2474.80756747853,2446.82481277404,763.398864746094,340
1676,2464.15174680023,2447.28932556367,763.398864746094,340
1677,2424.3609178605,2446.91776767963,763.398864746094,340
1678,2471.16649719211,2448.05521303685,763.398864746094,340
1679,2352.98420395262,2445.66560475565,763.398864746094,340
1680,2454.35126326811,2447.37290449282,763.398864746094,340
1681,2451.93153595468,2447.81082522611,764.59619140625,340
1682,2435.76968758412,2447.7776436302,764.59619140625,340
1683,2434.14877561348,2447.22535734485,764.59619140625,340
1684,2479.36567922354,2449.07405112761,764.59619140625,340
1685,2448.11738882076,2450.73024970785,764.59619140625,340
1686,2441.13464836033,2450.73040507228,764.59619140625,340
1687,2479.5612980908,2451.88678879111,764.59619140625,340
1688,2471.29393893696,2452.83089193447,764.59619140625,340
1689,2429.67051311624,2452.19407109452,763.040588378906,340
1690,2463.18961713437,2452.65362012934,763.040588378906,340
1691,2441.65613027427,2451.29906874916,763.040588378906,340
1692,2451.73099890646,2450.30146700075,763.040588378906,340
1693,2445.66397356803,2449.76541769751,763.040588378906,340
1694,2461.6653896315,2449.86421946716,763.040588378906,340
1695,2446.88191985049,2450.15565049057,763.040588378906,340
1696,2461.72613309048,2450.29758635339,763.040588378906,340
1697,2434.91913828025,2449.61448283033,764.825866699219,340
1698,2451.56472683202,2449.45506732784,764.825866699219,340
1699,2467.67164101903,2449.5794132336,764.825866699219,340
1700,2458.34423049109,2448.9208797541,764.825866699219,340
1701,2446.87043347378,2448.22962722104,764.825866699219,340
1702,2449.84500469986,2449.24899069461,764.825866699219,340
1703,2435.42836965767,2447.81946559324,764.825866699219,340
1704,2466.30838695165,2452.3524329132,764.825866699219,340
1705,2315.22627432393,2446.78743335543,765.724670410156,340
1706,2427.5792136102,2445.81334046165,765.724670410156,340
1707,2445.10239527673,2446.18664876936,765.724670410156,340
1708,2411.40609694894,2445.27694162277,765.724670410156,340
1709,2447.94094056105,2444.01995207627,765.724670410156,340
1710,2458.39771194907,2444.43116500141,765.724670410156,340
1711,2437.09993159079,2444.26977633063,765.724670410156,340
1712,2455.72661098078,2443.31638884622,765.724670410156,340
1713,2443.62476325551,2442.20962181897,766.547180175781,340
1714,2441.27063619907,2442.67362674228,766.547180175781,340
1715,2422.87845912914,2441.06118042207,766.547180175781,340
1716,2466.40738334677,2442.05123054497,766.547180175781,340
1717,2380.08292205016,2439.18530747072,766.547180175781,340
1718,2441.81775810052,2439.03145885202,766.547180175781,340
1719,2436.1825851593,2438.01214667313,766.547180175781,340
1720,2439.18315031184,2437.70419589158,766.547180175781,340
1721,2453.51958638933,2437.37593402354,768.072631835938,340
1722,2439.11975905344,2437.54395885447,768.072631835938,340
1723,2450.31778872062,2437.49408133001,768.072631835938,340
1724,2448.01774062499,2436.70792531425,768.072631835938,340
1725,2457.1009427267,2436.65819380367,768.072631835938,340
1726,2451.13619862409,2436.82882440969,768.072631835938,340
1727,2187.91441626902,2426.35160087245,768.072631835938,340
1728,2452.53827124023,2427.03599693575,768.072631835938,340
1729,2442.83469878532,2426.0970494091,770.033935546875,340
1730,2445.69545216848,2431.31581652288,770.033935546875,340
1731,2454.32226654407,2432.38553864024,770.033935546875,340
1732,2452.23833988242,2432.67097642447,770.033935546875,340
1733,2464.90981877017,2434.81112529731,770.033935546875,340
1734,2454.90876477917,2435.08983826604,770.033935546875,340
1735,2447.62004429956,2434.65873156006,770.033935546875,340
1736,2435.13412677725,2434.58009936752,770.033935546875,340
1737,2458.03061300253,2434.67225944839,770.162170410156,340
1738,2459.86248681091,2435.3217683906,770.162170410156,340
1739,2301.14006779193,2429.71654565432,770.162170410156,340
1740,2439.02919505691,2430.36257509143,770.162170410156,340
1741,2468.33995319028,2430.43987788517,770.162170410156,340
1742,2458.92984216942,2433.59375468994,770.162170410156,340
1743,2455.41917061651,2434.13781119058,770.162170410156,340
1744,2442.75995825634,2434.40090611446,770.162170410156,340
1745,2459.20577039349,2435.20181091773,771.418640136719,340
1746,2316.47151532608,2429.7198880752,771.418640136719,340
1747,2449.74352725289,2430.14483880318,771.418640136719,340
1748,2363.67072899644,2426.67895641421,771.418640136719,340
1749,2440.31581107623,2426.37087923226,771.418640136719,340
1750,2416.16016475401,2424.73324811335,771.418640136719,340
1751,2179.61410210098,2413.87236425243,771.418640136719,340
1752,2466.32527504851,2425.00879860361,771.418640136719,340
1753,2454.22857390932,2425.07641071037,772.434143066406,340
1754,2439.7089312653,2424.95138000957,772.434143066406,340
1755,2423.85029188754,2424.07757359833,772.434143066406,340
1756,2473.28447090668,2424.83606177284,772.434143066406,340
1757,2447.65534702919,2424.65274205871,772.434143066406,340
1758,2454.69471770549,2424.24413801612,772.434143066406,340
1759,2462.5929731273,2424.55150635004,772.434143066406,340
1760,2439.19460042054,2424.21448859488,772.434143066406,340
1761,2451.14860432983,2424.85506769699,773.571228027344,340
1762,2434.65785715366,2423.92015746303,773.571228027344,340
1763,2450.51940994905,2423.54643438856,773.571228027344,340
1764,2437.95006173162,2429.01883414615,773.571228027344,340
1765,2465.29188296383,2430.06934166242,773.571228027344,340
1766,2422.81188129783,2428.24821878672,773.571228027344,340
1767,2460.69320688232,2428.31875337524,773.571228027344,340
1768,2469.67731680355,2428.88907922272,773.571228027344,340
1769,2443.23184683767,2428.90795476597,774.134216308594,340
1770,2442.88590151219,2428.25516001072,774.134216308594,340
1771,2377.43828145977,2430.69383065607,774.134216308594,340
1772,2428.22990278984,2429.83328567755,774.134216308594,340
1773,2443.87684326485,2433.04153024828,774.134216308594,340
1774,2301.0788071805,2427.47205009246,774.134216308594,340
1775,2323.30726198047,2423.75793398151,774.134216308594,340
1776,2228.50724974663,2425.71365988734,774.134216308594,340
1777,2398.85139299247,2423.0147046051,773.581115722656,340
1778,2413.73161112923,2421.39482609389,773.581115722656,340
1779,2246.61849537046,2413.6712086581,773.581115722656,340
1780,2322.81647614975,2409.62985602859,773.581115722656,340
1781,2371.58606238862,2405.56191968787,773.581115722656,340
1782,2325.24300846477,2400.66542614529,773.581115722656,340
1783,2403.20974004375,2398.60602703882,773.581115722656,340
1784,2376.06151563507,2395.14476873913,773.581115722656,340
1785,2281.9839022806,2388.85634081353,773.974731445312,340
1786,2181.0546654381,2378.05258325786,773.974731445312,340
1787,2315.05215217509,2373.26835505872,773.974731445312,340
1788,2349.11979493062,2369.21237045798,773.974731445312,340
1789,2141.23307313283,2357.34369091403,773.974731445312,340
1790,2275.74223719931,2349.76170508345,773.974731445312,340
1791,2426.68125823445,2349.91648016092,773.974731445312,340
1792,2265.96549299008,2342.12737160523,773.974731445312,340
1793,2376.59419498266,2338.40404673239,774.154052734375,340
1794,2327.98158170989,2333.79403612728,774.154052734375,340
1795,2371.02678755919,2330.91967156916,774.154052734375,340
1796,2414.48946104907,2332.40171875273,774.154052734375,340
1797,2432.63369043468,2332.57787025853,774.154052734375,340
1798,2462.16518647319,2333.30940398686,774.154052734375,340
1799,2333.07595448556,2334.58928987906,774.154052734375,340
1800,2438.78235991424,2339.20829379641,774.154052734375,340
1801,2352.78667532321,2344.17947081948,773.155456542969,340
1802,2430.53940982536,2345.44699149279,773.155456542969,340
1803,2418.37718753503,2345.63281454902,773.155456542969,340
1804,2429.62148543372,2352.95293415155,773.155456542969,340
1805,2422.6522161261,2356.94636375061,773.155456542969,340
1806,2337.04957802597,2355.5649043761,773.155456542969,340
1807,2370.27800866264,2357.36630438402,773.155456542969,340
1808,2329.07284005335,2354.4008283844,773.155456542969,340
1809,2442.94009882578,2357.07597171203,771.524108886719,340
1810,2427.55400758642,2362.89877592426,771.524108886719,340
1811,2443.7845195902,2373.40797009035,771.524108886719,340
1812,2433.72285545358,2378.15479822148,771.524108886719,340
1813,2417.77523508192,2380.90101582754,771.524108886719,340
1814,2411.58294412646,2391.71501066728,771.524108886719,340
1815,2313.67607613189,2393.23236422458,771.524108886719,340
1816,2416.18790691935,2392.81263017198,771.524108886719,340
1817,2336.79458777411,2395.64579396334,770.298034667969,340
1818,2405.67656102525,2396.80908860505,770.298034667969,340
1819,2384.92643462406,2399.08688272161,770.298034667969,340
1820,2394.70223190716,2400.03390049553,770.298034667969,340
1821,2423.8394745286,2400.40790103471,770.298034667969,340
1822,2424.8411528106,2400.09619952975,770.298034667969,340
1823,2385.38671830128,2397.02506080287,770.298034667969,340
1824,2408.65319621729,2400.04815047214,770.298034667969,340
1825,2310.84884517037,2394.93080988239,769.084899902344,340
1826,2409.65413671016,2397.20550833787,769.084899902344,340
1827,2431.61981715129,2397.2487246309,769.084899902344,340
1828,2401.76642168294,2396.58429399682,769.084899902344,340
1829,2381.50005501995,2394.65943678027,769.084899902344,340
1830,2353.32015151429,2391.8861541958,769.084899902344,340
1831,2374.45389766924,2393.38232698153,769.084899902344,340
1832,2406.60571954763,2394.83543541693,769.084899902344,340
1833,2403.7475155458,2397.82242243662,765.247680664062,340
1834,2413.47078978819,2396.64365007512,765.247680664062,340
1835,2448.57838131288,2397.48462502418,765.247680664062,340
1836,2444.84847729702,2397.52718333245,765.247680664062,340
1837,2392.97894601151,2395.89742695477,765.247680664062,340
1838,2446.14404345594,2397.03217928973,765.247680664062,340
1839,2432.88434224801,2397.88423521459,765.247680664062,340
1840,2385.53958610249,2400.75877561342,765.247680664062,340
1841,2366.38460455382,2398.76664351879,763.816040039062,340
1842,2418.34470095613,2402.02864804608,763.816040039062,340
1843,2425.10538038771,2402.80580082057,763.816040039062,340
1844,2445.33692709117,2405.22222051926,763.816040039062,340
1845,2398.18017709316,2405.3613383267,763.816040039062,340
1846,2413.8850882244,2404.96316287453,763.816040039062,340
1847,2438.80773637284,2405.52182621702,763.816040039062,340
1848,2307.97425305237,2402.42532760706,763.816040039062,340
1849,2376.40669819086,2401.13546768601,763.373168945312,340
1850,2446.43020820359,2406.55872220733,763.373168945312,340
1851,2432.62314968776,2407.47748272644,763.373168945312,340
1852,2347.22589831487,2404.10172597298,763.373168945312,340
1853,2429.24282188753,2405.20078198117,763.373168945312,340
1854,2346.67041015827,2403.8075961867,763.373168945312,340
1855,2420.63202901464,2406.50007128671,763.373168945312,340
1856,2453.72893278107,2409.67107269119,763.373168945312,340
1857,2383.95778458956,2408.76515529286,760.30224609375,340
1858,2412.16412789758,2409.10181978693,760.30224609375,340
1859,2418.34202584521,2409.29666922922,760.30224609375,340
1860,2411.87506102126,2407.82853641755,760.30224609375,340
1861,2437.0536218684,2407.51674220041,760.30224609375,340
1862,2383.73492808427,2407.14698148332,760.30224609375,340
1863,2460.08517722662,2407.70462683414,760.30224609375,340
1864,2443.14404820949,2408.1150150726,760.30224609375,340
1865,2452.11824385698,2410.77816138278,763.994445800781,340
1866,2411.49248945564,2412.58247677885,763.994445800781,340
1867,2436.17166068448,2413.29555516799,763.994445800781,340
1868,2422.56698063671,2413.19401917795,763.994445800781,340
1869,2437.36142644201,2412.87499915198,763.994445800781,340
1870,2437.73044945041,2414.45701004627,763.994445800781,340
1871,2408.73686548277,2414.25108113661,763.994445800781,340
1872,2393.88416712098,2412.45413836653,763.994445800781,340
1873,2375.21265158936,2415.14367430801,765.137268066406,340
1874,2361.83824937833,2414.56093635551,765.137268066406,340
1875,2366.14791975522,2411.34964481758,765.137268066406,340
1876,2428.48242981834,2411.1840160228,765.137268066406,340
1877,2250.0037551539,2407.29513029636,765.137268066406,340
1878,2471.76912228792,2408.99618231238,765.137268066406,340
1879,2406.85193967233,2411.40344349294,765.137268066406,340
1880,2435.45370874982,2411.99631068235,765.137268066406,340
1881,2445.24028744464,2411.65676486889,765.40771484375,340
1882,2416.36670708238,2412.9531217686,765.40771484375,340
1883,2453.08279488271,2414.58986844801,765.40771484375,340
1884,2437.52726035388,2415.35727782835,765.40771484375,340
1885,2454.66049072501,2417.0686950165,765.40771484375,340
1886,2465.69163116514,2418.21421538837,765.40771484375,340
1887,2457.44947770168,2421.16279737307,765.40771484375,340
1888,2271.61602175,2413.624031154,765.40771484375,340
1889,2417.37987549307,2412.59346424535,763.5615234375,340
1890,2448.93399683512,2412.46609436447,763.5615234375,340
1891,2448.69847064675,2413.95433361212,763.5615234375,340
1892,2439.45460087982,2414.08565121993,763.5615234375,340
1893,2445.90999975377,2415.01937198461,763.5615234375,340
1894,2443.85886297327,2415.27926944586,763.5615234375,340
1895,2438.51407446559,2415.31061444647,763.5615234375,340
1896,2446.00340625988,2416.80127607756,763.5615234375,340
1897,2460.11207838625,2419.45039252817,765.067932128906,340
1898,2433.09879336191,2421.76583819907,765.067932128906,340
1899,2430.70277661642,2424.52041928859,765.067932128906,340
1900,2448.404607668,2427.8106868051,765.067932128906,340
1901,2430.14341623577,2427.8771262618,765.067932128906,340
1902,2427.10445734352,2434.96115434939,765.067932128906,340
1903,2457.28744341597,2434.38188719451,765.067932128906,340
1904,2441.3051243692,2435.76001458238,765.067932128906,340
1905,2444.99333693277,2436.1415997097,765.866821289062,340
1906,2455.14855839738,2436.53793054781,765.866821289062,340
1907,2444.74163366095,2437.67292761095,765.866821289062,340
1908,2444.19578369618,2437.31744716349,765.866821289062,340
1909,2449.61504514703,2437.80095855522,765.866821289062,340
1910,2437.68990603685,2437.12213516769,765.866821289062,340
1911,2445.28727344738,2436.30596085898,765.866821289062,340
1912,2456.65419240514,2436.27414944712,765.866821289062,340
1913,2423.07894219007,2442.33266626472,767.425598144531,340
1914,2431.40730111078,2442.89376328943,767.425598144531,340
1915,2456.58138955736,2443.19965899832,767.425598144531,340
1916,2447.14207986453,2443.13740336703,767.425598144531,340
1917,2446.80433674514,2443.43139280164,767.425598144531,340
1918,2464.37711568918,2444.17007743906,767.425598144531,340
1919,2462.01996850569,2444.89652166036,767.425598144531,340
1920,2459.9897353787,2445.75554809688,767.425598144531,340
1921,2459.88116511119,2446.31065845093,767.887573242188,340
1922,2461.86538314647,2446.38079064134,767.887573242188,340
1923,2434.24425009036,2446.42660891048,767.887573242188,340
1924,2448.84848604814,2447.15243728775,767.887573242188,340
1925,2461.9633831107,2447.69478830546,767.887573242188,340
1926,2453.97245245476,2448.64794975422,767.887573242188,340
1927,2450.45393469064,2449.5819288481,767.887573242188,340
1928,2446.42277281974,2449.14734202425,767.887573242188,340
1929,2458.90175754178,2449.85120735116,768.131713867188,340
1930,2445.90705387154,2449.88775602871,768.131713867188,340
1931,2457.51070002355,2449.98224169375,768.131713867188,340
1932,2467.41038730876,2450.88899183967,768.131713867188,340
1933,2462.67248954071,2451.62806007345,768.131713867188,340
1934,2451.41163569942,2451.69992369554,768.131713867188,340
1935,2459.6093349972,2452.57670085396,768.131713867188,340
1936,2443.62549244154,2452.51022961372,768.131713867188,340
1937,2438.07945801793,2451.76724023823,768.775695800781,340
1938,2312.49983275408,2447.3440758608,768.775695800781,340
1939,2448.52704051573,2448.02886543699,768.775695800781,340
1940,2357.85354751677,2444.07975175537,768.775695800781,340
1941,2458.0101718691,2444.51447543555,768.775695800781,340
1942,2205.20736765604,2434.85059667199,768.775695800781,340
1943,2459.26346900757,2434.64605080472,768.775695800781,340
1944,2219.07002601535,2424.92805310511,768.775695800781,340
1945,2384.14730524218,2421.89435589965,769.685241699219,340
1946,2444.52872193243,2421.2802581725,769.685241699219,340
1947,2436.43532477076,2420.26305583747,769.685241699219,340
1948,2444.7238810299,2420.68224107505,769.685241699219,340
1949,2414.08514591316,2419.29170746965,769.685241699219,340
1950,2468.52669356001,2419.55423988763,769.685241699219,340
1951,2435.96531223407,2418.8339542788,769.685241699219,340
1952,2462.26445404893,2419.30637505313,769.685241699219,340
1953,2393.80089744337,2417.20150003807,769.6171875,340
1954,2427.43491302777,2415.94282625751,769.6171875,340
1955,2454.06456025276,2416.26912651276,769.6171875,340
1956,2459.31739593633,2416.34139434928,769.6171875,340
1957,2439.16972237935,2415.2117677521,769.6171875,340
1958,2463.05564403695,2415.22709393195,769.6171875,340
1959,2371.85334998257,2412.04476250327,769.6171875,340
1960,2456.80608177675,2411.93263237446,769.6171875,340
1961,2467.86206595993,2412.90209531519,768.281982421875,340
1962,2451.58265444251,2413.44222317218,768.281982421875,340
1963,2473.92228735604,2419.89912135625,768.281982421875,340
1964,2322.17100327955,2414.84487986681,768.281982421875,340
1965,2443.56624376082,2418.27338771657,768.281982421875,340
1966,2424.87126332103,2416.94783137465,768.281982421875,340
1967,2468.59443100747,2427.4833139087,768.281982421875,340
1968,2452.02756395248,2427.1938777065,768.281982421875,340
1969,2441.13889201429,2436.07663234646,768.216735839844,340
1970,2484.17679283832,2440.0778118503,768.216735839844,340
1971,2464.16292860218,2440.86318011709,768.216735839844,340
1972,2465.78213276142,2442.03705243672,768.216735839844,340
1973,2436.5181634604,2441.70882373394,768.216735839844,340
1974,2452.59786099197,2443.24933233709,768.216735839844,340
1975,2454.36239278114,2442.68276030594,768.216735839844,340
1976,2474.04585298658,2444.20598193604,768.216735839844,340
1977,2456.42130485898,2443.97225596844,769.509765625,340
1978,2449.89574860866,2446.21605001505,769.509765625,340
1979,2468.23897009885,2447.84821229789,769.509765625,340
1980,2482.08574380128,2448.96905963983,769.509765625,340
1981,2468.66076022235,2449.34279421127,769.509765625,340
1982,2484.75980325352,2451.16639744624,769.509765625,340
1983,2464.23470216814,2451.21355977149,769.509765625,340
1984,2454.99407911234,2454.53918893668,769.509765625,340
1985,2475.56287855755,2455.28946080791,770.507263183594,340
1986,2405.25849054881,2452.78531779147,770.507263183594,340
1987,2381.53134996073,2449.9832656122,770.507263183594,340
1988,2482.12159201172,2450.31123779842,770.507263183594,340
1989,2474.6316899977,2456.40966526715,770.507263183594,340
1990,2465.41706876592,2457.28369826735,770.507263183594,340
1991,2400.87287755847,2456.32376283685,770.507263183594,340
1992,2402.38273150826,2453.67529485688,770.507263183594,340
1993,2437.93763861415,2453.11169784335,770.409973144531,340
1994,2480.97896146792,2454.70530062149,770.409973144531,340
1995,2463.08019815272,2453.86143683407,770.409973144531,340
1996,2355.84454321117,2449.52870141843,770.409973144531,340
1997,2473.55903371963,2449.83977745676,770.409973144531,340
1998,2463.52648323605,2450.92011024779,770.409973144531,340
1999,2430.53730018128,2450.03768781536,770.409973144531,340
2000,2355.71140286087,2446.09164821855,770.409973144531,340
2001,2371.7673251113,2442.00050710353,769.436706542969,340
2002,2405.97153453654,2439.98251629064,769.436706542969,340
2003,2476.01336178523,2441.0272208177,769.436706542969,340
2004,2483.5598080427,2441.64005433545,769.436706542969,340
2005,2464.67882253343,2440.94377748474,769.436706542969,340
2006,2470.21612736448,2441.00599217042,769.436706542969,340
2007,2457.36443898035,2439.9101775995,769.436706542969,340
2008,2482.14977740818,2440.6267806091,769.436706542969,340
2009,2474.71083749131,2441.41545094426,770.563232421875,340
2010,2477.18857779177,2441.48047891363,770.563232421875,340
2011,2445.71372231097,2443.09868818411,770.563232421875,340
2012,2393.16227581545,2443.5639252183,770.563232421875,340
2013,2454.6475613059,2442.46496399007,770.563232421875,340
2014,2487.6168371744,2442.98436987714,770.563232421875,340
2015,2412.61735609184,2440.87238137017,770.563232421875,340
2016,2468.07050703624,2443.56028654929,770.563232421875,340
2017,2468.68091263215,2446.21221379424,771.832824707031,340
2018,2448.85754182644,2446.64900992273,771.832824707031,340
2019,2468.09477932521,2446.13364263702,771.832824707031,340
2020,2454.87227244972,2445.8053256089,771.832824707031,340
2021,2481.43612977668,2450.82898907152,771.832824707031,340
2022,2482.23710765493,2451.17611202894,771.832824707031,340
2023,2461.53427192369,2451.09642357644,771.832824707031,340
2024,2442.68615444126,2451.58237774684,771.832824707031,340
2025,2487.95719695354,2456.87220951055,772.525268554688,340
2026,2430.8974670504,2459.23741518811,772.525268554688,340
2027,2479.85666205976,2462.19282028904,772.525268554688,340
2028,2486.87087861487,2462.62712096223,772.525268554688,340
2029,2486.78089562075,2462.75596446535,772.525268554688,340
2030,2474.81202215035,2463.16129245002,772.525268554688,340
2031,2444.51392916313,2462.13320452197,772.525268554688,340
2032,2403.22341009073,2459.96756336639,772.525268554688,340
2033,2479.79989630001,2459.87356812206,771.973937988281,340
2034,2465.77261126111,2459.51603907285,771.973937988281,340
2035,2491.70014869081,2460.09650190881,771.973937988281,340
2036,2469.0233451518,2461.02888682245,771.973937988281,340
2037,2472.23417243762,2464.19176268733,771.973937988281,340
2038,2493.7989412917,2465.75781788677,771.973937988281,340
2039,2467.22002139817,2464.94194525572,771.973937988281,340
2040,2468.80095178816,2467.18928908357,771.973937988281,340
2041,2480.62304917282,2467.69139076903,771.772094726562,340
2042,2471.49584330219,2467.80398799583,771.772094726562,340
2043,2458.32138192484,2468.18254159977,771.772094726562,340
2044,2489.18468235713,2469.02613772105,771.772094726562,340
2045,2426.87896428211,2467.90640539434,771.772094726562,340
2046,2463.27128691582,2467.17981167991,771.772094726562,340
2047,2474.68012856104,2466.87753251615,771.772094726562,340
2048,2492.13532054936,2468.10157446118,771.772094726562,340
2049,2470.22545593385,2469.20314652088,771.779235839844,340
2050,2475.87118975105,2468.71970623278,771.779235839844,340
2051,2468.47457849041,2470.22279069038,771.779235839844,340
2052,2404.04416688581,2467.19029088343,771.779235839844,340
2053,2491.01801505083,2467.35617634087,771.779235839844,340
2054,2487.21095905866,2467.37337887838,771.779235839844,340
2055,2472.04170496938,2467.26256619114,771.779235839844,340
2056,2478.17829975411,2468.60914101478,771.779235839844,340
2057,2457.00692806944,2470.76048173393,772.642272949219,340
2058,2491.51070383905,2471.22891403549,772.642272949219,340
2059,2498.33597762403,2472.53144869001,772.642272949219,340
2060,2492.36607689308,2472.5580858181,772.642272949219,340
2061,2448.25971198506,2471.72754049143,772.642272949219,340
2062,2484.90884256244,2472.23452729642,772.642272949219,340
2063,2495.12766705456,2472.28767632694,772.642272949219,340
2064,2483.91595425414,2472.95551364118,772.642272949219,340
2065,2393.70894732183,2469.95183346252,773.32421875,340
2066,2481.5130876813,2469.98743500286,773.32421875,340
2067,2451.83591113084,2469.20103771601,773.32421875,340
2068,2471.85807070209,2469.7425052671,773.32421875,340
2069,2411.00854724061,2466.61545986244,773.32421875,340
2070,2470.31372693822,2468.35285036868,773.32421875,340
2071,2471.23686398784,2468.67147345156,773.32421875,340
2072,2490.84148532908,2469.31792772228,773.32421875,340
2073,2464.97288358716,2468.23143024379,773.11474609375,340
2074,2347.71843964447,2463.33114959222,773.11474609375,340
2075,2478.97577541421,2463.45533301875,773.11474609375,340
2076,2362.87470014324,2459.23133788486,773.11474609375,340
2077,2372.60038127588,2457.97358646046,773.11474609375,340
2078,2292.01823051148,2450.01359507889,773.11474609375,340
2079,2413.14989278122,2447.05115242779,773.11474609375,340
2080,2488.96772974067,2447.72819341864,773.11474609375,340
2081,2472.08237999699,2447.48435662836,772.899780273438,340
2082,2353.72912967926,2443.35324469275,772.899780273438,340
2083,2460.49153048517,2442.1124777586,772.899780273438,340
2084,2481.2436333459,2441.42878398747,772.899780273438,340
2085,2481.58326929774,2440.99747168366,772.899780273438,340
2086,2354.48748727711,2437.24658269534,772.899780273438,340
2087,2453.06683025272,2435.97290220295,772.899780273438,340
2088,2460.66321919753,2434.59432428867,772.899780273438,340
2089,2336.85888056171,2428.71204134097,773.051330566406,340
2090,2459.71248962573,2431.35218303313,773.051330566406,340
2091,2464.39799490282,2430.66757932199,773.051330566406,340
2092,2455.19992701699,2430.80213995743,773.051330566406,340
2093,2458.91663690267,2430.28448260546,773.051330566406,340
2094,2455.88291256488,2432.07945721843,773.051330566406,340
2095,2457.12892510969,2431.55206514529,773.051330566406,340
2096,2466.10663596831,2431.3468560245,773.051330566406,340
2097,2467.08956816021,2430.39677933775,772.541381835938,340
2098,2430.69411493491,2429.02562859166,772.541381835938,340
2099,2450.59066425274,2433.14051757599,772.541381835938,340
2100,2427.73570625952,2431.0909148098,772.541381835938,340
2101,2224.45597801065,2425.5541659245,772.541381835938,340
2102,2466.55689831717,2429.31242660615,772.541381835938,340
2103,2445.63005385651,2435.45689953995,772.541381835938,340
2104,2444.34742936231,2436.7048010032,772.541381835938,340
2105,2456.54489651377,2435.40788767412,773.030639648438,340
2106,2448.25195409219,2434.45467063793,773.030639648438,340
2107,2464.26742661288,2438.87620251527,773.030639648438,340
2108,2456.19455939197,2438.70432367155,773.030639648438,340
2109,2383.82287968935,2434.80749352528,773.030639648438,340
2110,2457.79344663938,2433.85590061895,773.030639648438,340
2111,2437.82912904722,2437.18956628975,773.030639648438,340
2112,2469.69645559064,2437.85475130327,773.030639648438,340
2113,2461.20709818162,2437.87650646263,772.664245605469,340
2114,2442.78308162063,2442.11347450499,772.664245605469,340
2115,2423.91327938146,2440.68150609522,772.664245605469,340
2116,2460.07823474041,2440.50871568872,772.664245605469,340
2117,2461.67127533355,2440.76756962139,772.664245605469,340
2118,2425.34321166921,2439.42463261205,772.664245605469,340
2119,2444.58378867609,2438.9726676565,772.664245605469,340
2120,2479.61733713404,2439.87220413747,772.664245605469,340
2121,2483.01623769107,2440.54858820638,774.035461425781,340
2122,2490.52635224765,2441.48605956988,774.035461425781,340
2123,2452.56036682751,2442.36070964558,774.035461425781,340
2124,2383.58607112594,2439.68052592051,774.035461425781,340
2125,2227.1461584915,2431.65694400979,774.035461425781,340
2126,2377.90723363202,2437.79499423464,774.035461425781,340
2127,2443.10274927656,2436.85682827302,774.035461425781,340
2128,2440.19225839768,2436.63931645467,774.035461425781,340
2129,2377.77330663094,2433.97635154541,774.397033691406,340
2130,2465.90045866805,2434.35057403158,774.397033691406,340
2131,2305.66331677631,2428.64702853895,774.397033691406,340
2132,2458.79848775427,2428.4282709846,774.397033691406,340
2133,2449.45693302139,2428.15876592978,774.397033691406,340
2134,2459.75379307129,2431.19600246506,774.397033691406,340
2135,2453.6053487296,2431.02847854867,774.397033691406,340
2136,2425.41911000789,2430.53207778709,774.397033691406,340
2137,2494.30080171956,2431.51625163225,773.442443847656,340
2138,2416.2575492436,2429.71826967473,773.442443847656,340
2139,2460.63423428032,2430.43231578112,773.442443847656,340
2140,2465.42301206582,2432.09270508849,773.442443847656,340
2141,2295.93641289411,2425.52703221464,773.442443847656,340
2142,2465.03774196196,2425.66169087978,773.442443847656,340
2143,2448.5192438255,2426.58873216603,773.442443847656,340
2144,2411.24455878483,2425.25516297038,773.442443847656,340
2145,2217.01517089888,2414.75107632097,774.057678222656,340
2146,2436.7053200363,2412.89863961478,774.057678222656,340
2147,2430.78266696158,2410.50889220334,774.057678222656,340
2148,2428.14401364161,2409.5322380759,774.057678222656,340
2149,2318.20791733398,2406.91711192422,774.057678222656,340
2150,2396.85677576118,2413.70553661501,774.057678222656,340
2151,2350.8925621684,2412.62494975646,774.057678222656,340
2152,2448.87619851276,2412.85588772591,774.057678222656,340
2153,2464.15958670482,2413.8145808582,775.293334960938,340
2154,2445.80417999876,2416.53581579291,775.293334960938,340
2155,2434.09933762586,2415.26377095122,775.293334960938,340
2156,2439.32321970425,2420.61016706834,775.293334960938,340
2157,2429.51257448689,2419.43873053765,775.293334960938,340
2158,2418.70292367042,2418.20857016361,775.293334960938,340
2159,2456.69705945805,2418.08630081908,775.293334960938,340
2160,2454.6062449087,2418.12633666624,775.293334960938,340
2161,2408.88078792038,2417.46480378274,775.068115234375,340
2162,2446.95901901905,2415.57113247472,775.068115234375,340
2163,2422.61903712955,2415.82559199016,775.068115234375,340
2164,2357.71365781514,2411.70876893155,775.068115234375,340
2165,2437.45566249554,2410.59007494874,775.068115234375,340
2166,2431.26914118539,2416.00338408039,775.068115234375,340
2167,2348.61201089869,2411.34635483786,775.068115234375,340
2168,2449.24742855641,2411.3754822271,775.068115234375,340
2169,2431.71347343923,2412.19423881327,774.249633789062,340
2170,1975.76796862235,2402.54435072221,774.249633789062,340
2171,2425.42969855022,2402.09332586277,774.249633789062,340
2172,2022.70074372253,2385.77004893321,774.249633789062,340
2173,2185.4659585232,2376.06292672847,774.249633789062,340
2174,2166.56585653108,2369.99724429635,774.249633789062,340
2175,2290.35150480192,2365.73703345798,774.249633789062,340
2176,2150.34591673283,2357.71516764056,774.249633789062,340
2177,2426.56691036016,2356.82279611446,772.377197265625,340
2178,2451.85264042629,2356.33051826332,772.377197265625,340
2179,2420.46263480046,2355.31685645538,772.377197265625,340
2180,2420.26913324188,2354.76364828002,772.377197265625,340
2181,2432.05229839311,2354.47281142758,772.377197265625,340
2182,2442.26296682086,2354.98282712094,772.377197265625,340
2183,2409.88372249342,2354.63005907386,772.377197265625,340
2184,2412.7537382557,2352.87232622576,772.377197265625,340
2185,2446.72250664378,2352.55697669517,771.805419921875,340
2186,2360.72996448848,2350.63094375789,771.805419921875,340
2187,2428.06784265437,2349.8752967033,771.805419921875,340
2188,2361.73465530026,2347.43992143013,771.805419921875,340
2189,2230.06671757315,2342.33404382045,771.805419921875,340
2190,2268.69586989764,2335.58365211654,771.805419921875,340
2191,2419.82354206835,2335.12582815185,771.805419921875,340
2192,2416.09308937049,2337.82507129073,771.805419921875,340
2193,2063.15604028069,2322.3814157597,772.010498046875,340
2194,2309.42083975948,2317.48971041251,772.010498046875,340
2195,2173.40832862584,2325.39532481265,772.010498046875,340
2196,2278.14795310516,2319.50405499484,772.010498046875,340
2197,2096.52816447176,2322.45715182481,772.010498046875,340
2198,2323.92717171225,2327.99560035238,772.010498046875,340
2199,2404.31716476869,2337.50565268188,772.010498046875,340
2200,2219.54129067496,2334.6732441168,772.010498046875,340
2201,2419.62027761996,2345.44421855229,772.0234375,340
2202,2268.56243757377,2339.12403964083,772.0234375,340
2203,2389.49893663281,2336.62989148909,772.0234375,340
2204,2097.18670080988,2323.69885412947,772.0234375,340
2205,2064.12186650207,2309.45296345988,772.0234375,340
2206,2423.78311343139,2309.12219606141,772.0234375,340
2207,2248.87907184941,2301.38684026255,772.0234375,340
2208,2126.00375511862,2290.03164156756,772.0234375,340
2209,2143.07328203146,2279.24442331859,772.153930664062,340
2210,2234.52420687619,2270.75649132788,772.153930664062,340
2211,2308.0113800147,2268.64774794893,772.153930664062,340
2212,2360.73368401424,2265.95438160333,772.153930664062,340
2213,2401.07291870383,2267.52791213947,772.153930664062,340
2214,2356.88684603354,2272.60071727789,772.153930664062,340
2215,2389.18745170817,2277.42038055031,772.153930664062,340
2216,2204.15843376579,2268.79377621821,772.153930664062,340
2217,2318.20145027243,2264.87811065428,771.987121582031,340
2218,2366.1240277096,2276.99683015144,771.987121582031,340
2219,2388.94511828853,2280.1778012926,771.987121582031,340
2220,2336.50077983805,2286.70149934109,771.987121582031,340
2221,1937.20562028672,2273.06380602835,771.987121582031,340
2222,2335.34455841991,2282.61646178628,771.987121582031,340
2223,2349.35793932057,2283.63369249061,771.987121582031,340
2224,2388.95164426217,2283.01907167035,771.987121582031,340
2225,2384.65614117034,2289.62366569016,768.474792480469,340
2226,2316.33660125725,2285.49231863566,768.474792480469,340
2227,2384.46192700276,2290.12829821282,768.474792480469,340
2228,2351.08807938459,2288.59186392289,768.474792480469,340
2229,2394.91125236828,2300.50084598522,768.474792480469,340
2230,2405.85918362739,2314.17033867024,768.474792480469,340
2231,2372.6103566889,2312.12342840054,768.474792480469,340
2232,2373.26464402742,2317.09885128766,768.474792480469,340
2233,2410.79654840301,2328.49056301903,766.777465820312,340
2234,2408.0169036696,2339.08830788456,766.777465820312,340
2235,2409.65434145517,2346.09351326772,766.777465820312,340
2236,2406.72427238321,2350.04202896246,766.777465820312,340
2237,2404.32697496304,2351.78576060041,766.777465820312,340
2238,2377.73780130144,2350.85235590432,766.777465820312,340
2239,2411.50173306766,2353.03695138568,766.777465820312,340
2240,2396.01591744858,2353.3100900153,766.777465820312,340
2241,2403.46966356592,2361.2825392073,767.63916015625,340
2242,2423.04206051896,2365.47616361716,767.63916015625,340
2243,2382.69276771717,2366.13891321746,767.63916015625,340
2244,2390.9436706804,2366.21885531314,767.63916015625,340
2245,2419.93131811375,2369.55607684417,767.63916015625,340
2246,2192.15239374851,2379.75394778264,767.63916015625,340
2247,2416.06302504864,2382.98268644779,767.63916015625,340
2248,2407.01616396218,2385.28901543345,767.63916015625,340
2249,2397.29216038665,2385.62263607843,767.173828125,340
2250,2405.25562716287,2386.44661551813,767.173828125,340
2251,2426.08864471062,2390.83669725627,767.173828125,340
2252,2401.14952495703,2391.50420117444,767.173828125,340
2253,2367.81467704708,2392.17326508094,767.173828125,340
2254,2399.62539271995,2392.36183069501,767.173828125,340
2255,2376.82601653172,2391.20050401118,767.173828125,340
2256,2412.68805758913,2392.80361204719,767.173828125,340
2257,2408.74679979714,2394.22289827798,766.891845703125,340
2258,2342.33954285769,2391.48461805616,766.891845703125,340
2259,2408.74333844921,2391.51367544735,766.891845703125,340
2260,2399.89846716443,2391.12344047572,766.891845703125,340
2261,2395.73591386881,2390.68390613514,766.891845703125,340
2262,2369.28062981123,2389.28205232907,766.891845703125,340
2263,2408.79354325112,2390.52428200706,766.891845703125,340
2264,2356.18280350244,2388.31152482445,766.891845703125,340
2265,2395.73434757003,2388.30026202931,766.592224121094,340
2266,2381.67377930985,2387.42842665906,766.592224121094,340
2267,2390.60512651067,2386.13094929873,766.592224121094,340
2268,2420.48165563087,2387.64250481528,766.592224121094,340
2269,2406.23014020533,2388.25396359628,766.592224121094,340
2270,2392.25322763937,2387.1468399773,766.592224121094,340
2271,2430.69690873921,2396.68862057693,766.592224121094,340
2272,2421.70297172146,2396.91421844384,766.592224121094,340
2273,2373.41210218989,2395.57005597295,765.322631835938,340
2274,2386.85922982967,2395.15273875067,765.322631835938,340
2275,2432.95553618186,2396.26073511143,765.322631835938,340
2276,2424.85788581452,2396.21150475559,765.322631835938,340
2277,2230.31595051153,2389.37816177777,765.322631835938,340
2278,2437.95423485096,2392.18374408992,765.322631835938,340
2279,2426.84584749254,2393.27256228083,765.322631835938,340
2280,2428.05859340675,2395.32186535583,765.322631835938,340
2281,2382.26235412784,2394.10483721738,764.660705566406,340
2282,2416.0235295859,2394.39590640893,764.660705566406,340
2283,2394.17226453715,2396.46921527611,764.660705566406,340
2284,2387.41957427563,2395.61626470916,764.660705566406,340
2285,2421.33435851777,2396.4737003633,764.660705566406,340
2286,2407.88485390961,2396.95965796493,764.660705566406,340
2287,2352.50910256516,2396.28879687509,764.660705566406,340
2288,2402.87004903157,2396.0518571063,764.660705566406,340
2289,2415.62200516794,2398.42942517292,763.752319335938,340
2290,2382.60358262296,2397.90419457504,763.752319335938,340
2291,2393.21489646321,2398.36583926118,763.752319335938,340
2292,2441.13637778899,2400.38708931231,763.752319335938,340
2293,2392.25615934976,2399.25806946106,763.752319335938,340
2294,2397.20473574196,2398.89705328253,763.752319335938,340
2295,2396.09096232581,2399.05056266999,763.752319335938,340
2296,2425.36813695955,2398.8374117988,763.752319335938,340
2297,2411.44862298687,2398.42723784942,763.740478515625,340
2298,2397.93647129678,2399.40821261369,763.740478515625,340
2299,2382.56341841807,2399.23638015723,763.740478515625,340
2300,2403.40827100141,2398.05448955001,763.740478515625,340
2301,2414.14436182624,2397.62594859048,763.740478515625,340
2302,2421.61364744344,2405.27785646776,763.740478515625,340
2303,2397.25127546074,2403.64973809215,763.740478515625,340
2304,2421.9064472817,2403.45216208371,763.740478515625,340
2305,2394.4796114455,2402.10900280526,762.869445800781,340
2306,2446.16733969712,2404.66520222803,762.869445800781,340
2307,2435.08702728124,2405.42774213585,762.869445800781,340
2308,2438.07543119269,2407.18386880207,762.869445800781,340
2309,2391.31800851009,2407.33980617145,762.869445800781,340
2310,2441.25384134152,2408.1365854844,762.869445800781,340
2311,2391.42415462203,2407.47815751289,762.869445800781,340
2312,2422.45802234523,2410.2761143041,762.869445800781,340
2313,2419.04019801053,2410.92292026326,762.104064941406,340
2314,2424.46049138893,2411.27645971209,762.104064941406,340
2315,2409.34354110108,2412.34605805122,762.104064941406,340
2316,2426.23642344962,2413.66691913068,762.104064941406,340
2317,2405.46372734972,2412.24001311311,762.104064941406,340
2318,2371.54248314532,2411.41146606493,762.104064941406,340
2319,2432.51906845241,2412.82403937335,762.104064941406,340
2320,2406.12107459852,2413.22524386425,762.104064941406,340
2321,2415.88739907916,2412.84601434904,761.966796875,340
2322,2422.26833337758,2413.27880276467,761.966796875,340
2323,2424.78903257903,2414.35290521596,761.966796875,340
2324,2441.78679469456,2416.72184026702,761.966796875,340
2325,2431.11085459158,2417.82994361062,761.966796875,340
2326,2439.83152390966,2418.85743009396,761.966796875,340
2327,2445.53628167763,2419.81433546333,761.966796875,340
2328,2410.25752959832,2420.33458562883,761.966796875,340
2329,2378.59067194595,2418.6019546154,763.256164550781,340
2330,2460.40278650057,2421.2388816176,763.256164550781,340
2331,2429.33748346865,2420.56568736846,763.256164550781,340
2332,2430.18941228181,2420.36978276849,763.256164550781,340
2333,2429.90820473456,2420.04309371016,763.256164550781,340
2334,2435.91767581068,2421.82708040219,763.256164550781,340
2335,2350.59957167084,2418.20090961536,763.256164550781,340
2336,2427.95351560404,2419.66208405464,763.256164550781,340
2337,2451.16803023519,2420.81048437024,763.959533691406,340
2338,2429.29429777579,2421.22064836085,763.959533691406,340
2339,2438.68297429029,2421.7895476769,763.959533691406,340
2340,2372.31933611087,2420.30857947729,763.959533691406,340
2341,2365.33327824559,2417.87245366913,763.959533691406,340
2342,2417.74499588449,2418.36370441052,763.959533691406,340
2343,2432.00238596054,2420.78210052313,763.959533691406,340
2344,2448.17589907292,2421.40837374795,763.959533691406,340
2345,2436.61920553657,2422.62829898547,765.752319335938,340
2346,2424.25523513858,2422.96301242785,765.752319335938,340
2347,2414.64784479116,2422.65819288439,765.752319335938,340
2348,2448.91168166489,2423.62309884783,765.752319335938,340
2349,2435.65127357037,2423.37767800286,765.752319335938,340
2350,2441.21910896883,2423.78200817795,765.752319335938,340
2351,2443.69939327763,2423.93672295267,765.752319335938,340
2352,2435.49556715966,2423.53509437195,765.752319335938,340
2353,2424.9087502884,2424.12114319956,765.805603027344,340
2354,2449.78288488838,2426.96883171725,765.805603027344,340
2355,2450.50476486758,2426.57291085193,765.805603027344,340
2356,2463.4411497234,2427.93705750212,765.805603027344,340
2357,2441.97675895632,2428.4085513691,765.805603027344,340
2358,2438.38877668714,2428.74777424721,765.805603027344,340
2359,2442.03041559583,2428.99228383861,765.805603027344,340
2360,2419.64065259603,2431.75392707562,765.805603027344,340
2361,2433.84776609929,2431.98969709543,766.012878417969,340
2362,2430.03367177807,2431.14432275714,766.012878417969,340
2363,2424.45622126701,2430.95079969679,766.012878417969,340
2364,2418.24385334335,2430.13323485892,766.012878417969,340
2365,2445.33373088776,2433.05381064999,766.012878417969,340
2366,2435.71689441596,2435.86915529681,766.012878417969,340
2367,2449.33066526088,2437.13258207186,766.012878417969,340
2368,2434.83464150859,2437.24587229378,766.012878417969,340
2369,2458.53406531744,2437.66019894357,767.007507324219,340
2370,2442.24739950157,2437.88532670217,767.007507324219,340
2371,2422.36149537625,2437.80957711167,767.007507324219,340
2372,2458.05343951534,2439.54580090064,767.007507324219,340
2373,2453.52105816805,2439.73017596077,767.007507324219,340
2374,2440.00011913199,2439.90412978323,767.007507324219,340
2375,2346.24551695621,2436.10518610273,767.007507324219,340
2376,2441.81065023442,2436.029636381,767.007507324219,340
2377,2412.41294324435,2435.10633142439,767.680969238281,340
2378,2302.08107389729,2430.19322436874,767.680969238281,340
2379,2444.81069992371,2429.99433697015,767.680969238281,340
2380,2436.49296881365,2429.433865128,767.680969238281,340
2381,2446.20668216094,2428.7444864255,767.680969238281,340
2382,2439.05530646782,2428.62762832596,767.680969238281,340
2383,2456.79919087504,2429.36404489347,767.680969238281,340
2384,2440.02590033775,2429.28386428315,767.680969238281,340
2385,2437.06837281222,2429.9809730918,768.415649414062,340
2386,2321.92986858586,2425.50425719126,768.415649414062,340
2387,2440.1322263384,2425.90819937367,768.415649414062,340
2388,2429.98916223596,2426.12951701243,768.415649414062,340
2389,2444.92846623379,2427.19690152805,768.415649414062,340
2390,2431.32471017513,2426.63654069955,768.415649414062,340
2391,2403.36351095039,2425.34240536092,768.415649414062,340
2392,2377.49778903716,2422.46909031197,768.415649414062,340
2393,2458.85151149112,2423.42976511128,767.891296386719,340
2394,2456.70348623931,2423.35654194815,767.891296386719,340
2395,2437.28392511897,2423.15800297284,767.891296386719,340
2396,2455.1751482351,2424.4705490872,767.891296386719,340
2397,2454.31628653737,2424.32106296808,767.891296386719,340
2398,2439.44782731706,2423.75813373404,767.891296386719,340
2399,2217.39033327607,2414.8537422998,767.891296386719,340
2400,2430.62581716896,2418.22895430831,767.891296386719,340
2401,2435.91367815451,2417.99307542512,766.678894042969,340
2402,2236.35308061677,2410.95068092001,766.678894042969,340
2403,2431.98285230493,2416.14675205632,766.678894042969,340
2404,2424.97880558505,2415.35347628277,766.678894042969,340
2405,2177.56966645298,2404.99654418835,766.678894042969,340
2406,2457.72556637352,2405.45729955685,766.678894042969,340
2407,2451.10767403312,2405.93939425946,766.678894042969,340
2408,2437.61194972109,2405.1719046133,766.678894042969,340
2409,2443.50664520354,2405.31113440794,764.401733398438,340
2410,2449.20213133114,2405.79648474869,764.401733398438,340
2411,2425.08476695973,2409.92268068365,764.401733398438,340
2412,2431.89204909339,2409.59307359385,764.401733398438,340
2413,2426.88483438935,2409.46890047998,764.401733398438,340
2414,2443.05055139291,2409.39378388635,764.401733398438,340
2415,2422.37499458629,2409.03579526279,764.401733398438,340
2416,2427.01285043791,2409.98176884229,764.401733398438,340
2417,2428.66215462945,2412.02834346599,768.579345703125,340
2418,2452.11043648247,2411.75870046564,768.579345703125,340
2419,2432.23381846679,2410.77991375474,768.579345703125,340
2420,2367.47396244081,2407.98751524761,768.579345703125,340
2421,2449.54942420595,2407.76248628645,768.579345703125,340
2422,2438.39194939645,2407.12551280081,768.579345703125,340
2423,2295.69864962444,2401.3755456931,768.579345703125,340
2424,2444.16572513608,2410.4465613675,768.579345703125,340
2425,2433.72714997045,2410.57061467956,771.81787109375,340
2426,2428.09858811079,2410.25801107782,771.81787109375,340
2427,2449.73079416138,2418.7931196196,771.81787109375,340
2428,2443.3042931894,2419.24597725498,771.81787109375,340
2429,2438.08937980029,2419.77040022359,771.81787109375,340
2430,2422.71308793372,2429.57613708282,771.81787109375,340
2431,2442.53270614738,2428.96842267377,771.81787109375,340
2432,2445.74485482355,2428.75390990539,771.81787109375,340
2433,2367.41700509795,2425.94611212046,770.043762207031,340
2434,2431.80523072247,2425.47805554122,770.043762207031,340
2435,2426.89339960068,2424.585706272,770.043762207031,340
2436,2434.1435212228,2424.94805644253,770.043762207031,340
2437,2364.79004432219,2422.26397625168,770.043762207031,340
2438,2431.50631436978,2422.44883545089,770.043762207031,340
2439,2420.15332971256,2421.53294658368,770.043762207031,340
2440,2429.20811780877,2421.80627151258,770.043762207031,340
2441,2430.75861803763,2421.95610221657,769.311828613281,340
2442,2448.07194050194,2422.73249365147,769.311828613281,340
2443,2413.16961845351,2421.17486093031,769.311828613281,340
2444,2443.83584225139,2421.63894188169,769.311828613281,340
2445,2447.13343378248,2424.82532073536,769.311828613281,340
2446,2398.21035057623,2422.77175779017,769.311828613281,340
2447,2452.45757475296,2423.33438280443,769.311828613281,340
2448,2448.31345251591,2429.43897492009,769.311828613281,340
2449,2452.26322927116,2429.7628750855,768.647094726562,340
2450,2412.06229668637,2428.89628095413,768.647094726562,340
2451,2443.14800347859,2429.49825756884,768.647094726562,340
2452,2440.42589491289,2429.1260615989,768.647094726562,340
2453,2438.20630307382,2428.92214199428,768.647094726562,340
2454,2440.78543868704,2429.02998434975,768.647094726562,340
2455,2437.58397181606,2429.62481970504,768.647094726562,340
2456,2440.23913761224,2429.53307696364,768.647094726562,340
2457,2457.00559404844,2429.98350653263,768.344055175781,340
2458,2447.72650457147,2433.19588651158,768.344055175781,340
2459,2447.26949563379,2433.81445710803,768.344055175781,340
2460,2447.66868504419,2434.64546852577,768.344055175781,340
2461,2465.0837135147,2435.88307621744,768.344055175781,340
2462,2455.20272527035,2439.49958345537,768.344055175781,340
2463,2449.9930280505,2440.2390520026,768.344055175781,340
2464,2449.49459345731,2441.41270255239,768.344055175781,340
2465,2452.17441342954,2442.33135437722,768.796936035156,340
2466,2441.88171091152,2442.77627809218,768.796936035156,340
2467,2442.46939738016,2442.55217636731,768.796936035156,340
2468,2455.36614771906,2444.24003753793,768.796936035156,340
2469,2432.99083240793,2443.80623714419,768.796936035156,340
2470,2443.26928773237,2443.65167130218,768.796936035156,340
2471,2462.56014010766,2446.22566288344,768.796936035156,340
2472,2449.72705850053,2446.11644223334,768.796936035156,340
2473,2445.77054276246,2446.01472584321,769.421569824219,340
2474,2425.01455408166,2444.92477883563,769.421569824219,340
2475,2443.61117988489,2446.18673416357,769.421569824219,340
2476,2453.01984770938,2446.5816079328,769.421569824219,340
2477,2449.17295575265,2446.93149036639,769.421569824219,340
2478,2470.71485787254,2448.23183255834,769.421569824219,340
2479,2447.37199726769,2448.49529490156,769.421569824219,340
2480,2466.7216948808,2449.66080382415,769.421569824219,340
2481,2461.34621458057,2450.50508690289,770.578369140625,340
2482,2463.35756086897,2450.75916557571,770.578369140625,340
2483,2450.63942024835,2450.87568220278,770.578369140625,340
2484,2457.64652024018,2451.29076318704,770.578369140625,340
2485,2463.47191291282,2451.92289230178,770.578369140625,340
2486,2447.55463303005,2451.2217290824,770.578369140625,340
2487,2470.68476244915,2451.84101056955,770.578369140625,340
2488,2468.64437935838,2452.58706462187,770.578369140625,340
2489,2475.14400778903,2453.61304119513,770.477661132812,340
2490,2403.99057194264,2451.68568753566,770.477661132812,340
2491,2455.03276653919,2452.21172976076,770.477661132812,340
2492,2449.24862283416,2452.48289877892,770.477661132812,340
2493,2468.58477751623,2453.01164397081,770.477661132812,340
2494,2452.38061674256,2453.7872353442,770.477661132812,340
2495,2456.8295421654,2454.32964552152,770.477661132812,340
2496,2455.69257763847,2454.05494302275,770.477661132812,340
2497,2447.14533132621,2453.95167393578,770.134094238281,340
2498,2466.73717828092,2454.79033935652,770.134094238281,340
2499,2465.77560102391,2456.42078123421,770.134094238281,340
2500,2420.51565694921,2455.49696031678,770.134094238281,340
2501,2448.87164228644,2455.33103209986,770.134094238281,340
2502,2424.46404172488,2454.34267553875,770.134094238281,340
2503,2471.57082983618,2454.37691441729,770.134094238281,340
2504,2475.72465961939,2455.51102091136,770.134094238281,340
2505,2272.12994809626,2447.72735103998,771.580078125,340
2506,2465.20922608027,2447.88187149997,771.580078125,340
2507,2466.94799504554,2448.02548886703,771.580078125,340
2508,2448.04862647445,2447.92185711607,771.580078125,340
2509,2461.0160703693,2448.05663912124,771.580078125,340
2510,2478.88171719187,2448.6730312924,771.580078125,340
2511,2463.9764202819,2449.32990278248,771.580078125,340
2512,2469.19122217099,2449.27016117135,771.580078125,340
2513,2471.0266863491,2449.36545345098,768.240112304688,340
2514,2452.95085393048,2448.47772729664,768.240112304688,340
2515,2458.24737412486,2450.64799938393,768.240112304688,340
2516,2473.38801820523,2451.38220945057,768.240112304688,340
2517,2466.59152034307,2452.07592535092,768.240112304688,340
2518,2465.08747316766,2451.93603317698,768.240112304688,340
2519,2456.52521946481,2452.10181728587,768.240112304688,340
2520,2435.28872578199,2451.24018463054,768.240112304688,340
2521,2463.05629066809,2451.53473315172,769.520324707031,340
2522,2419.24371986323,2450.4186686932,769.520324707031,340
2523,2442.83046122117,2449.46240001081,769.520324707031,340
2524,2463.65319360505,2449.37750371406,769.520324707031,340
2525,2464.07970480932,2451.12006562846,769.520324707031,340
2526,2474.57772957985,2452.1483091202,769.520324707031,340
2527,2471.96670224365,2454.04841554095,769.520324707031,340
2528,2464.98233794438,2453.78487586528,769.520324707031,340
2529,2473.21853204586,2453.68463076234,770.304382324219,340
2530,2474.08995433991,2461.76303101208,770.304382324219,340
2531,2472.20484315487,2462.04285569507,770.304382324219,340
2532,2429.64779899964,2460.55084785323,770.304382324219,340
2533,2450.99412249849,2460.66866769419,770.304382324219,340
2534,2466.02173651641,2460.86889434008,770.304382324219,340
2535,2475.55391822744,2460.7357823815,770.304382324219,340
2536,2478.60218501457,2461.32081297081,770.304382324219,340
2537,2473.95569608372,2461.51139192732,770.827575683594,340
2538,2475.05914932145,2461.67269044621,770.827575683594,340
2539,2469.68952877026,2462.3422374398,770.827575683594,340
2540,2485.95329916941,2463.45047444158,770.827575683594,340
2541,2439.84937255421,2462.10892861554,770.827575683594,340
2542,2457.92730697547,2461.76236008084,770.827575683594,340
2543,2469.38522732015,2461.93427024694,770.827575683594,340
2544,2468.18066005284,2462.40048787046,770.827575683594,340
2545,2466.95520535348,2463.66714705332,771.174194335938,340
2546,2474.69354569776,2464.1326372545,771.174194335938,340
2547,2458.29882925406,2465.69484163014,771.174194335938,340
2548,2454.31759736906,2466.15432707605,771.174194335938,340
2549,2463.19565064055,2466.13602535747,771.174194335938,340
2550,2478.83987225826,2466.72643205543,771.174194335938,340
2551,2452.3583480729,2465.83765679515,771.174194335938,340
2552,2460.4678496715,2465.37770269227,771.174194335938,340
2553,2453.27111919497,2464.90925394229,771.42529296875,340
2554,2466.25380275973,2464.63066477085,771.42529296875,340
2555,2470.30138756698,2464.47912209993,771.42529296875,340
2556,2472.88883200112,2464.50648165378,771.42529296875,340
2557,2476.50639307765,2466.3808254169,771.42529296875,340
2558,2469.5159221062,2467.12169740121,771.42529296875,340
2559,2454.75693140938,2466.67110519693,771.42529296875,340
2560,2477.58205431656,2466.75223064049,771.42529296875,340
2561,2461.28809737067,2466.05966713474,772.271911621094,340
2562,2465.05974522751,2465.70382910049,772.271911621094,340
2563,2461.81397599778,2465.17402216754,772.271911621094,340
2564,2471.99265366741,2465.26614716342,772.271911621094,340
2565,2468.56631004669,2464.57066759852,772.271911621094,340
2566,2467.76125510884,2465.6871429007,772.271911621094,340
2567,2479.96381244754,2466.56860311958,772.271911621094,340
2568,2474.81752421971,2466.78589499557,772.271911621094,340
2569,2466.37437937456,2466.71364376843,772.433776855469,340
2570,2478.35631623232,2467.16968820359,772.433776855469,340
2571,2472.63607471224,2467.08738936417,772.433776855469,340
2572,2463.3758583508,2467.29047052804,772.433776855469,340
2573,2472.81534333501,2468.03038036668,772.433776855469,340
2574,2488.23348050545,2469.03189356127,772.433776855469,340
2575,2476.44320784308,2468.93602698466,772.433776855469,340
2576,2484.10786119832,2470.20600750968,772.433776855469,340
2577,2479.71765697839,2470.97599980196,772.598205566406,340
2578,2490.38489394051,2472.46055079178,772.598205566406,340
2579,2468.94060731138,2472.56802297385,772.598205566406,340
2580,2476.76470576246,2472.82655570166,772.598205566406,340
2581,2486.15585488782,2473.35723661713,772.598205566406,340
2582,2490.53362253491,2473.91832579542,772.598205566406,340
2583,2487.68394258431,2474.64504661455,772.598205566406,340
2584,2467.1056021252,2475.13899344318,772.598205566406,340
2585,2492.20983145869,2475.72410452887,772.953247070312,340
2586,2470.74736887447,2476.10247538902,772.953247070312,340
2587,2471.42066822957,2476.3569123091,772.953247070312,340
2588,2481.35925453335,2477.13872345052,772.953247070312,340
2589,2485.01592854823,2477.65965444575,772.953247070312,340
2590,2480.07047103504,2478.11982088529,772.953247070312,340
2591,2472.06570043477,2478.29199869833,772.953247070312,340
2592,2476.26405523456,2478.14400840981,772.953247070312,340
2593,2481.68677538342,2478.41877845636,773.037353515625,340
2594,2494.0509446939,2479.52584106913,773.037353515625,340
2595,2475.82905080877,2479.42475045219,773.037353515625,340
2596,2494.00514623369,2480.27951331304,773.037353515625,340
2597,2491.88807786344,2481.42000209355,773.037353515625,340
2598,2482.38569013434,2481.80281596552,773.037353515625,340
2599,2481.70801518473,2481.54179735269,773.037353515625,340
2600,2488.47826829976,2482.02319977096,773.037353515625,340
2601,2473.06436790617,2481.58146003928,772.352355957031,340
2602,2500.12852674565,2482.39789482997,772.352355957031,340
2603,2491.05799251442,2482.42481877292,772.352355957031,340
2604,2477.51926649895,2482.76796514043,772.352355957031,340
2605,2493.81373781335,2483.44992642246,772.352355957031,340
2606,2461.89269401875,2482.4793999877,772.352355957031,340
2607,2473.75611094263,2481.80829952401,772.352355957031,340
2608,2410.60314981839,2478.72506781337,772.352355957031,340
2609,2490.21852891824,2479.64958488509,772.006408691406,340
2610,2473.67642012076,2478.90824843157,772.006408691406,340
2611,2482.45455788377,2479.37653599195,772.006408691406,340
2612,2473.16040652829,2479.44612552389,772.006408691406,340
2613,2490.53066017667,2479.81298174963,772.006408691406,340
2614,2491.58055001263,2480.0755666082,772.006408691406,340
2615,2478.19571992119,2480.00057656365,772.006408691406,340
2616,2498.06745875565,2481.04064689649,772.006408691406,340
2617,2473.37973456049,2480.92527406952,772.790161132812,340
2618,2486.46444760412,2481.11638095835,772.790161132812,340
2619,2406.45004541097,2477.61234498703,772.790161132812,340
2620,2479.27430004387,2477.75015495644,772.790161132812,340
2621,2486.51118223333,2477.45039639642,772.790161132812,340
2622,2491.31299263763,2477.42739298739,772.790161132812,340
2623,2491.71747061224,2477.80066420651,772.790161132812,340
2624,2482.10692459386,2477.81662058287,772.790161132812,340
2625,2477.2659325801,2477.36812715409,773.056945800781,340
2626,2470.46257927175,2477.26405560871,773.056945800781,340
2627,2468.8895960619,2476.01449838136,773.056945800781,340
2628,2483.55354215684,2475.71432036705,773.056945800781,340
2629,2483.50512392885,2475.95375466425,773.056945800781,340
2630,2474.85866139313,2475.19555160744,773.056945800781,340
2631,2493.85432705276,2476.4740169288,773.056945800781,340
2632,2495.51526705658,2477.34438317336,773.056945800781,340
2633,2481.27750389205,2480.17135733631,774.028198242188,340
2634,2493.08053999561,2480.2858377794,774.028198242188,340
2635,2482.51265478169,2480.63928716584,774.028198242188,340
2636,2481.29232432847,2480.59279782363,774.028198242188,340
2637,2488.59001641813,2481.20998221922,774.028198242188,340
2638,2488.76547257014,2481.13937471496,774.028198242188,340
2639,2473.94288537642,2480.43386812951,774.028198242188,340
2640,2470.98983184526,2480.14563260647,774.028198242188,340
2641,2487.08310971455,2479.70625864483,774.352172851562,340
2642,2479.45024112111,2479.94907890725,774.352172851562,340
2643,2489.42391699546,2480.06745768291,774.352172851562,340
2644,2474.82831989369,2482.80258866222,774.352172851562,340
2645,2475.49822297128,2482.65154557931,774.352172851562,340
2646,2488.62235459973,2482.73599247397,774.352172851562,340
2647,2473.58717275127,2482.02695967852,774.352172851562,340
2648,2483.85385759971,2481.71241515801,774.352172851562,340
2649,2495.80865570312,2482.26048440238,774.944274902344,340
2650,2485.65315388577,2482.59597325461,774.944274902344,340
2651,2488.76545938311,2483.32808845907,774.944274902344,340
2652,2495.08849034856,2484.37604423053,774.944274902344,340
2653,2486.32317718859,2484.4868296318,774.944274902344,340
2654,2440.96536333712,2482.78523920813,774.944274902344,340
2655,2481.62193334444,2483.05577008619,774.944274902344,340
2656,2479.7132468178,2482.49012687679,774.944274902344,340
2657,2487.67711020797,2482.17660060284,775.058776855469,340
2658,2484.65031840294,2482.31151318328,775.058776855469,340
2659,2504.76965416114,2482.7790777499,775.058776855469,340
2660,2492.4714542171,2483.17742972732,775.058776855469,340
2661,2493.63471381772,2483.67112530689,775.058776855469,340
2662,2495.84598589492,2483.96136408596,775.058776855469,340
2663,2489.86593168034,2484.00538245036,775.058776855469,340
2664,2477.97808664711,2484.16679050119,775.058776855469,340
2665,2476.58055884588,2484.39041958122,774.531188964844,340
2666,2481.3150762557,2484.15969824286,774.531188964844,340
2667,2489.32867927121,2484.55483576887,774.531188964844,340
2668,2502.76267002067,2485.08838588988,774.531188964844,340
2669,2498.60964468275,2486.03963888144,774.531188964844,340
2670,2494.99207088045,2486.8193927978,774.531188964844,340
2671,2498.59672379758,2487.21836756572,774.531188964844,340
2672,2487.51616713278,2487.77552734098,774.531188964844,340
2673,2509.06060550384,2488.78379725714,774.609924316406,340
2674,2486.30061852814,2488.40347577015,774.609924316406,340
2675,2499.45144635029,2488.95540746873,774.609924316406,340
2676,2501.3434119892,2489.45852557297,774.609924316406,340
2677,2497.82039805106,2489.56780188107,774.609924316406,340
2678,2497.73812198788,2490.02439967304,774.609924316406,340
2679,2495.72290778481,2492.21470145095,774.609924316406,340
2680,2501.32522663765,2493.00283318268,774.609924316406,340
2681,2502.48824736471,2493.91383320455,774.40966796875,340
2682,2500.58846378509,2494.43028734764,774.40966796875,340
2683,2492.08528293109,2494.72768592876,774.40966796875,340
2684,2502.08971547779,2494.62048838143,774.40966796875,340
2685,2497.52081346003,2494.82246275115,774.40966796875,340
2686,2476.67958758482,2494.14425770183,774.40966796875,340
2687,2491.33578530604,2493.96384967828,774.40966796875,340
2688,2509.70861490102,2494.7575570071,774.40966796875,340
2689,2504.12311156892,2495.80335800398,774.976440429688,340
2690,2493.97975142282,2496.49932570705,774.976440429688,340
2691,2491.44126133066,2496.90437311005,774.976440429688,340
2692,2485.46762340669,2496.74993087547,774.976440429688,340
2693,2413.04122874588,2493.16107322448,774.976440429688,340
2694,2509.70667074337,2493.60495426691,774.976440429688,340
2695,2492.06809820722,2493.48799535998,774.976440429688,340
2696,2499.43047095274,2493.52134524618,774.976440429688,340
2697,2509.3157602774,2494.39332897197,775.407836914062,340
2698,2513.92504439032,2494.58790652743,775.407836914062,340
2699,2503.37704801472,2495.27096370689,775.407836914062,340
2700,2495.51395530889,2495.11346406523,775.407836914062,340
2701,2498.1386041943,2494.98527175344,775.407836914062,340
2702,2511.82311963097,2495.54538061663,775.407836914062,340
2703,2497.62478028453,2495.5408469485,775.407836914062,340
2704,2513.42696560318,2496.24900926123,775.407836914062,340
2705,2463.2499272045,2494.72599728391,775.805969238281,340
2706,2511.3481252705,2495.08039240014,775.805969238281,340
2707,2488.66195176429,2494.60333191931,775.805969238281,340
2708,2512.68233609215,2495.42721404575,775.805969238281,340
2709,2518.86980767015,2496.09841773344,775.805969238281,340
2710,2426.74751444048,2493.26748577266,775.805969238281,340
2711,2393.40641220182,2489.93655875734,775.805969238281,340
2712,2501.72145081744,2490.3519853778,775.805969238281,340
2713,2454.0714676854,2488.12649948917,775.289978027344,340
2714,2492.72796669953,2487.6706936944,775.289978027344,340
2715,2502.71292873103,2488.02002078673,775.289978027344,340
2716,2501.59691171322,2488.42624680203,775.289978027344,340
2717,2498.75222281703,2488.95763077844,775.289978027344,340
2718,2492.29025635941,2492.12759188298,775.289978027344,340
2719,2509.38861433938,2492.11486962682,775.289978027344,340
2720,2492.87374303765,2492.14709542004,775.289978027344,340
2721,2505.65851762817,2492.39621728706,776.313537597656,340
2722,2508.18195953902,2492.35086525752,776.313537597656,340
2723,2499.22049173242,2491.76268315121,776.313537597656,340
2724,2495.25077441691,2491.43763220729,776.313537597656,340
2725,2492.13111101766,2491.30231843564,776.313537597656,340
2726,2505.08147087349,2491.58003310281,776.313537597656,340
2727,2490.68362210529,2490.73445320179,776.313537597656,340
2728,2507.23607509279,2491.11890499412,776.313537597656,340
2729,2502.98014621254,2490.70103221849,776.797180175781,340
2730,2496.15110376385,2492.01707928086,776.797180175781,340
2731,2508.45310385895,2491.9012784244,776.797180175781,340
2732,2392.68287303326,2488.06211527516,776.797180175781,340
2733,2499.69285978438,2487.54253622285,776.797180175781,340
2734,2495.60578791547,2486.61197543266,776.797180175781,340
2735,2488.85407028205,2489.09623766633,776.797180175781,340
2736,2507.52982534047,2493.66117419187,776.797180175781,340
2737,2498.90901200124,2493.54867663922,776.206237792969,340
2738,2491.03138817987,2495.027073459,776.206237792969,340
2739,2496.09779137377,2495.16186644597,776.206237792969,340
2740,2500.3613172928,2495.06780198844,776.206237792969,340
2741,2500.68913121029,2495.03149076833,776.206237792969,340
2742,2492.95562594511,2494.79962689345,776.206237792969,340
2743,2371.29139707116,2489.95967252192,776.206237792969,340
2744,2502.75864887909,2489.69447390351,776.206237792969,340
2745,2482.15823918954,2489.26585374958,777.061340332031,340
2746,2486.00803897866,2488.4798346036,777.061340332031,340
2747,2484.66742943254,2487.53925339934,777.061340332031,340
2748,2489.13877168885,2487.1359845976,777.061340332031,340
2749,2480.91263525244,2486.56245903102,777.061340332031,340
2750,2484.22405439051,2486.24617676594,777.061340332031,340
2751,2333.49463462807,2479.38270331612,777.061340332031,340
2752,2490.12118214103,2479.36020571755,777.061340332031,340
2753,2478.34629087387,2478.20461434879,777.240356445312,340
2754,2472.957001972,2477.00368857917,777.240356445312,340
2755,2489.28830474562,2476.72917661844,777.240356445312,340
2756,2486.89371006496,2475.86680086668,777.240356445312,340
2757,2500.86039606214,2480.19390178784,777.240356445312,340
2758,2497.46310072346,2480.1047114254,777.240356445312,340
2759,2492.94539569428,2479.99829573655,777.240356445312,340
2760,2479.41044507792,2479.62055072839,777.240356445312,340
2761,2490.11425038348,2478.92392773011,777.346435546875,340
2762,2490.43568480881,2478.58499464241,777.346435546875,340
2763,2485.03642027063,2478.34519592604,777.346435546875,340
2764,2487.79237244208,2478.01297916877,777.346435546875,340
2765,2488.59497066527,2477.54232530367,777.346435546875,340
2766,2494.65496723376,2477.30095874461,777.346435546875,340
2767,2487.63633698802,2477.08818718633,777.346435546875,340
2768,2503.21778992409,2482.36524290044,777.346435546875,340
2769,2408.52690464002,2478.59597313088,777.666442871094,340
2770,2442.23217120429,2476.99893041147,777.666442871094,340
2771,2426.33026148265,2474.61181931163,777.666442871094,340
2772,2462.10708865524,2473.70940568054,777.666442871094,340
2773,2211.73980215684,2462.61344689926,777.666442871094,340
2774,2278.062598891,2454.4994454448,777.666442871094,340
2775,2481.55974867512,2454.39287321619,777.666442871094,340
2776,2437.18094438744,2458.54032560656,777.666442871094,340
2777,2487.98282801161,2458.45479144138,777.706604003906,340
2778,2476.416426936,2458.37759688387,777.706604003906,340
2779,2475.9788449273,2458.49847060208,777.706604003906,340
2780,2487.55282393997,2458.42905136985,777.706604003906,340
2781,2437.9918891211,2456.4729785321,777.706604003906,340
2782,2483.19034401496,2455.76617645021,777.706604003906,340
2783,2445.00731250537,2453.66794492149,777.706604003906,340
2784,2477.74228177239,2453.05982036461,777.706604003906,340
2785,2491.42034857326,2453.54021650443,778.730346679688,340
2786,2486.00403677079,2453.37580795992,778.730346679688,340
2787,2486.17278852207,2453.20529210845,778.730346679688,340
2788,2438.65077113158,2451.34986614289,778.730346679688,340
2789,2476.18700528219,2450.88565145649,778.730346679688,340
2790,2490.44204623427,2450.95953447925,778.730346679688,340
2791,2409.26634092621,2447.54398942695,778.730346679688,340
2792,2493.7576105163,2447.78884036808,778.730346679688,340
2793,2474.74000795991,2446.64972908951,779.190673828125,340
2794,2487.03938366919,2449.79022825068,779.190673828125,340
2795,2486.72316094196,2451.56986784019,779.190673828125,340
2796,2484.7732579552,2453.90758769909,779.190673828125,340
2797,2481.04890324237,2454.66526028258,779.190673828125,340
2798,2472.22505769648,2465.08467050416,779.190673828125,340
2799,2474.58197823033,2472.94544567773,779.190673828125,340
2800,2467.46645993662,2472.38171412819,779.190673828125,340
2801,2472.99850518958,2473.81441656028,778.998718261719,340
2802,2479.45012843555,2473.47310857724,778.998718261719,340
2803,2474.03225784264,2473.3777418135,778.998718261719,340
2804,2474.31498242673,2473.31118731348,778.998718261719,340
2805,2470.42290203323,2472.62599043721,778.998718261719,340
2806,2475.67067285163,2474.13314178643,778.998718261719,340
2807,2465.52719744007,2473.42661592344,778.998718261719,340
2808,2469.31945928883,2474.39910179478,778.998718261719,340
2809,2472.21841218845,2474.17814701142,779.613952636719,340
2810,2466.89557744419,2473.19715616626,779.613952636719,340
2811,2477.65977205646,2472.86338557768,779.613952636719,340
2812,2470.20283620944,2472.22458748518,779.613952636719,340
2813,2451.09692378888,2472.72243359147,779.613952636719,340
2814,2466.38500968547,2472.3303537676,779.613952636719,340
2815,2478.15636984109,2471.83892671187,779.613952636719,340
2816,2471.4949100248,2474.32806947582,779.613952636719,340
2817,2475.76158241233,2473.60822835166,779.827880859375,340
2818,2463.35517420098,2473.1528350013,779.827880859375,340
2819,2476.86258750169,2472.7457631546,779.827880859375,340
2820,2477.89218746048,2472.39252421534,779.827880859375,340
2821,2330.19062996603,2466.20921909577,779.827880859375,340
2822,2471.29725235132,2465.81915306013,779.827880859375,340
2823,2393.2344684852,2462.65952949168,779.827880859375,340
2824,2462.0064828519,2462.15650967654,779.827880859375,340
2825,2313.30441242408,2455.99002777604,781.296081542969,340
2826,2245.73626756669,2446.89953827113,781.296081542969,340
2827,2449.24150187848,2445.69119320884,781.296081542969,340
2828,2256.08498693304,2436.97330237246,781.296081542969,340
2829,2228.89726693216,2427.15659375268,781.296081542969,340
2830,2418.52761482883,2425.0807822645,781.296081542969,340
2831,2310.27820305309,2418.46508347256,781.296081542969,340
2832,2203.69891649486,2407.99195223475,781.296081542969,340
2833,2230.94596099757,2398.4570123031,784.078247070312,340
2834,2246.3215997195,2389.42113980434,784.078247070312,340
2835,2462.6799301754,2389.25251391359,784.078247070312,340
2836,2470.15876333985,2388.95247356493,784.078247070312,340
2837,2397.16888184854,2386.03111539049,784.078247070312,340
2838,2317.31390452638,2380.67979461999,784.078247070312,340
2839,2401.08161815031,2378.06765895858,784.078247070312,340
2840,2464.14894749981,2377.50736206493,784.078247070312,340
2841,2288.78630084242,2370.19901769764,786.726989746094,340
2842,2151.70154300901,2357.2366161215,786.726989746094,340
2843,2322.27593177056,2351.59344642429,786.726989746094,340
2844,2328.0956143352,2345.64276749763,786.726989746094,340
2845,2264.41228725191,2337.10357148929,786.726989746094,340
2846,2384.6130206076,2339.28046711495,786.726989746094,340
2847,2409.16419205467,2336.79514470308,786.726989746094,340
2848,2296.61790121199,2332.93048201215,786.726989746094,340
2849,2281.78054470333,2325.72144448621,783.901611328125,340
2850,2445.2370123953,2330.99874848506,783.901611328125,340
2851,2486.71958727016,2340.6380812732,783.901611328125,340
2852,2438.26594813388,2340.19905912342,783.901611328125,340
2853,2226.44519281165,2339.01346735856,783.901611328125,340
2854,2343.08954335888,2343.58115841563,783.901611328125,340
2855,2411.0513248189,2343.28210681523,783.901611328125,340
2856,2364.90984188509,2345.46737236851,783.901611328125,340
2857,2460.94715821555,2355.75730203734,782.704284667969,340
2858,2309.7260220813,2358.90850448069,782.704284667969,340
2859,2247.27912414217,2358.94680545759,782.704284667969,340
2860,2386.86418316784,2355.91417557729,782.704284667969,340
2861,2319.0488624652,2349.86977954231,782.704284667969,340
2862,2209.30343155682,2342.35516153064,782.704284667969,340
2863,2380.77641121322,2344.89366179811,782.704284667969,340
2864,2185.49884793665,2336.27035098957,782.704284667969,340
2865,2464.86027510612,2336.29880409382,780.176574707031,340
2866,2288.6318222674,2336.29262495082,780.176574707031,340
2867,2457.80845053787,2348.53690125197,780.176574707031,340
2868,2485.47807200949,2355.06498686153,780.176574707031,340
2869,2471.81213708592,2360.81364777156,780.176574707031,340
2870,2458.79866640053,2368.5891029375,780.176574707031,340
2871,2485.29373266417,2372.61633141976,780.176574707031,340
2872,2480.79700155588,2375.48164379981,780.176574707031,340
2873,2450.41165041448,2381.63339376791,775.976684570312,340
2874,2470.14055165057,2389.1677940458,775.976684570312,340
2875,2471.11299876343,2390.20283350053,775.976684570312,340
2876,2468.29818058199,2389.465977233,775.976684570312,340
2877,2443.69385865869,2389.68309365399,775.976684570312,340
2878,2435.34188263137,2398.03896124678,775.976684570312,340
2879,2467.7355400843,2403.0248011158,775.976684570312,340
2880,2455.50987996704,2404.80314332172,775.976684570312,340
2881,2473.9736405501,2409.16569526832,774.469482421875,340
2882,2429.10240167058,2407.89190500652,774.469482421875,340
2883,2460.88248624014,2413.93816357288,774.469482421875,340
2884,2417.35286323144,2420.74111313645,774.469482421875,340
2885,2399.05297349044,2421.22866474935,774.469482421875,340
2886,2475.60296507202,2427.49082885363,774.469482421875,340
2887,2471.45684775827,2437.97696550168,774.469482421875,340
2888,2456.71540017092,2441.01452505999,774.469482421875,340
2889,2468.08048560193,2452.3177905666,771.890930175781,340
2890,2457.50303799278,2452.02350108207,771.890930175781,340
2891,2472.56526876269,2459.38083894188,771.890930175781,340
2892,2481.37136723071,2460.32335560959,771.890930175781,340
2893,2480.59739508917,2460.12812853278,771.890930175781,340
2894,2451.85115344337,2459.32968918708,771.890930175781,340
2895,2460.42008081385,2459.39454576361,771.890930175781,340
2896,2473.58741067783,2458.92629288416,771.890930175781,340
2897,2470.78813606144,2458.52593826438,771.578552246094,340
2898,2472.5611502722,2459.41191825869,771.578552246094,340
2899,2471.57125136436,2459.46914624724,771.578552246094,340
2900,2455.51477047987,2458.8452171159,771.578552246094,340
2901,2460.22316082287,2458.52221632553,771.578552246094,340
2902,2471.88210638805,2459.64974623471,771.578552246094,340
2903,2475.10823727292,2461.24040042037,771.578552246094,340
2904,2470.76566470596,2461.36160540524,771.578552246094,340
2905,2469.24565409875,2461.91103637051,770.398376464844,340
2906,2481.5557994381,2462.21432272603,770.398376464844,340
2907,2456.00283137728,2463.29033991429,770.398376464844,340
2908,2466.70438775354,2463.52321597483,770.398376464844,340
2909,2464.98833212505,2465.42863473057,770.398376464844,340
2910,2462.96486027097,2467.9851102018,770.398376464844,340
2911,2459.56407400286,2467.34355455903,770.398376464844,340
2912,2441.41850888547,2466.14202100412,770.398376464844,340
2913,2464.92654672642,2466.47046686634,769.946594238281,340
2914,2465.40372636868,2466.36339649701,769.946594238281,340
2915,2460.40941461156,2466.47965156176,769.946594238281,340
2916,2471.10384594355,2466.42119464899,769.946594238281,340
2917,2416.64316252389,2463.83206646072,769.946594238281,340
2918,2451.95717375467,2462.68645760734,769.946594238281,340
2919,2452.71039397497,2462.72082722861,769.946594238281,340
2920,2443.79304036303,2462.05574561057,769.946594238281,340
2921,2460.57024833667,2461.53505911693,770.702331542969,340
2922,2427.62245966744,2459.80843206117,770.702331542969,340
2923,2432.69575556031,2458.21381627269,770.702331542969,340
2924,2463.4896012221,2457.890550267,770.702331542969,340
2925,2348.70931780021,2453.61833215981,770.702331542969,340
2926,2454.76508468424,2453.40000911427,770.702331542969,340
2927,2456.87258409154,2452.79962822241,770.702331542969,340
2928,2470.01141895571,2452.59575548972,770.702331542969,340
2929,2459.82091328519,2452.15796543289,767.32177734375,340
2930,2470.50470849936,2452.20832760891,767.32177734375,340
2931,2461.61527980619,2451.41070682364,767.32177734375,340
2932,2439.68013170466,2450.75779883673,767.32177734375,340
2933,2436.72309876716,2449.55854727728,767.32177734375,340
2934,2452.89543821794,2449.07483152099,767.32177734375,340
2935,2483.54008802125,2449.897840631,767.32177734375,340
2936,2462.59807801573,2450.01920079152,767.32177734375,340
2937,2420.00669285305,2449.16272815022,767.953979492188,340
2938,2281.04875782867,2441.80761659431,767.953979492188,340
2939,2462.65223732638,2441.69755703262,767.953979492188,340
2940,2459.21937724964,2441.64995553814,767.953979492188,340
2941,2412.10353278485,2439.28994301179,767.953979492188,340
2942,2457.12243272659,2440.9091138199,767.953979492188,340
2943,2460.80989259137,2441.26322257337,767.953979492188,340
2944,2468.38490419639,2441.89020298223,767.953979492188,340
2945,2462.39596429115,2442.63431993935,769.048461914062,340
2946,2448.68590760755,2442.15894631019,769.048461914062,340
2947,2461.93815595511,2443.53157416169,769.048461914062,340
2948,2092.75045128352,2429.93376199062,769.048461914062,340
2949,2456.62600657476,2429.65921820473,769.048461914062,340
2950,2413.91961619094,2432.26763014036,769.048461914062,340
2951,2237.90963086831,2423.59341198772,769.048461914062,340
2952,2455.72064080228,2423.54733425615,769.048461914062,340
2953,2450.61398098744,2422.77143673742,771.026062011719,340
2954,2454.35541935088,2422.55281698005,771.026062011719,340
2955,2219.53525195231,2412.51403871817,771.026062011719,340
2956,2455.70320609182,2412.27755576959,771.026062011719,340
2957,2328.94454642166,2407.84813235827,771.026062011719,340
2958,2451.41724255998,2408.43589810998,771.026062011719,340
2959,2440.44892481014,2407.93803757367,771.026062011719,340
2960,2461.79732151086,2407.06832691326,771.026062011719,340
2961,2434.38814566122,2405.93992961907,773.554870605469,340
2962,2446.89728790149,2407.01555342101,773.554870605469,340
2963,2450.48223399143,2413.79289246752,773.554870605469,340
2964,2442.04640788618,2412.96865928991,773.554870605469,340
2965,2456.5857382842,2412.8633137313,773.554870605469,340
2966,2439.03576274161,2413.94060292957,773.554870605469,340
2967,2453.65320653302,2413.80183388182,773.554870605469,340
2968,2447.85956136337,2413.2838206327,773.554870605469,340
2969,2433.85455865607,2411.90260681109,773.9765625,340
2970,2438.55993718393,2410.9491657268,773.9765625,340
2971,2440.25015834842,2410.61173575644,773.9765625,340
2972,2442.11318739275,2409.81873701394,773.9765625,340
2973,2452.53283220093,2424.21003225064,773.9765625,340
2974,2445.98123750355,2423.78424148779,773.9765625,340
2975,2329.24565088697,2420.39728287563,773.9765625,340
2976,2444.66035839809,2428.66731197683,773.9765625,340
2977,2450.07169737496,2428.44135423973,772.840637207031,340
2978,2441.86261926345,2428.09129977077,772.840637207031,340
2979,2439.23165008415,2427.4863490001,772.840637207031,340
2980,2443.55500607957,2436.44713916519,772.840637207031,340
2981,2437.0136012065,2435.69955496978,772.840637207031,340
2982,2446.20236978583,2440.38986790435,772.840637207031,340
2983,2423.4207476783,2439.27000810908,772.840637207031,340
2984,2443.39325314206,2439.38778124236,772.840637207031,340
2985,2453.04795610814,2439.03780662625,771.976806640625,340
2986,2433.12451642882,2438.98726145695,771.976806640625,340
2987,2433.34946420837,2438.44534850923,771.976806640625,340
2988,2433.54354342282,2437.76780088648,771.976806640625,340
2989,2447.61845510727,2437.99068277533,771.976806640625,340
2990,2448.28639706298,2437.65870912648,771.976806640625,340
2991,2440.76111602066,2437.72772325764,771.976806640625,340
2992,2463.08862775544,2438.10514010654,771.976806640625,340
2993,2346.25762053383,2434.04106247336,772.066528320312,340
2994,2454.21932731598,2434.85565321975,772.066528320312,340
2995,2273.45982090923,2428.25164856876,772.066528320312,340
2996,2262.32733944023,2421.13473581243,772.066528320312,340
2997,2252.06220146796,2413.53269637544,772.066528320312,340
2998,2431.87944979257,2412.70656107911,772.066528320312,340
2999,2445.69181965938,2412.69498436534,772.066528320312,340
3000,2453.05840286852,2417.6474944446,772.066528320312,340
