episode,reward,avg_reward,q0,steps
1,-555.985919852927,-555.985919852927,1.03381080407416e-05,340
2,-91.0307771988684,-323.508348525898,1.03381080407416e-05,340
3,-679.804948955281,-442.273882002359,1.03381080407416e-05,340
4,-369.394852511035,-424.054124629528,1.03381080407416e-05,340
5,-305.745165840921,-400.392332871807,1.03381080407416e-05,340
6,-500.280532144014,-417.040366083841,1.03381080407416e-05,340
7,-804.37453302516,-472.373818504029,1.03381080407416e-05,340
8,-319.420911491791,-453.2547051275,1.03381080407416e-05,340
9,-887.579957563283,-501.513066509253,-19.1070461273193,340
10,-486.827011290235,-500.044460987351,-19.1070461273193,254
11,-378.830592227172,-489.02501837279,-19.1070461273193,340
12,-913.310952657003,-524.382179563141,-19.1070461273193,340
13,-153.120138112215,-495.823560989993,-19.1070461273193,340
14,-268.26082544867,-479.569079879898,-19.1070461273193,340
15,-555.78664711706,-484.650251029042,-19.1070461273193,340
16,-675.052725495388,-496.550405683189,-19.1070461273193,340
17,-84.8744584420329,-472.334173492533,-19.2210922241211,340
18,-597.210784400417,-479.271762987415,-19.2210922241211,340
19,-367.415668602479,-473.38460012505,-19.2210922241211,169
20,-825.85895340969,-491.008317789282,-19.2210922241211,340
21,-900.27514846243,-510.497214488004,-19.2210922241211,340
22,-407.374498851053,-505.809818322688,-19.2210922241211,340
23,-283.68400478795,-496.15217425596,-19.2210922241211,270
24,-351.771263754596,-490.13630298507,-19.2210922241211,340
25,-357.374190870837,-484.8258185005,-6.87151288986206,340
26,-403.8745028237,-478.741361819331,-6.87151288986206,340
27,-454.303381130288,-493.272265976588,-6.87151288986206,340
28,-126.993753019545,-471.159818139159,-6.87151288986206,340
29,0.333927395673131,-456.37066694289,-6.87151288986206,340
30,-140.044815694683,-449.742652937041,-6.87151288986206,340
31,-817.894593180254,-462.44721537849,-6.87151288986206,340
32,-310.791052009815,-442.703876137877,-6.87151288986206,340
33,-39.1126112503924,-431.491544128221,11.8871593475342,340
34,-320.117804766576,-408.793058016352,11.8871593475342,340
35,-92.5049201789563,-393.020174371901,11.8871593475342,340
36,-130.373403341383,-383.08188681647,11.8871593475342,340
37,-109.582496086752,-350.93274855366,11.8871593475342,340
38,-214.338707756009,-353.381491339411,11.8871593475342,340
39,-68.9669991675475,-345.409738288166,11.8871593475342,340
40,-317.417276447672,-335.874963461391,11.8871593475342,340
41,-110.113855710652,-313.277408670001,41.4658889770508,340
42,-9.03971261969464,-310.244018837108,41.4658889770508,340
43,-59.5432558581462,-288.737317695417,41.4658889770508,340
44,-285.06465987115,-285.443277346164,41.4658889770508,340
45,22.4706515662857,-251.510093147125,41.4658889770508,340
46,1.89590445752723,-215.423251030327,41.4658889770508,340
47,-93.746316257442,-202.878123726582,41.4658889770508,340
48,28.7148194311374,-190.382170757819,41.4658889770508,340
49,44.2922359757807,-174.539630768604,81.0694732666016,340
50,-126.375859996068,-165.299697533613,81.0694732666016,340
51,61.9541400363108,-146.666551819212,81.0694732666016,340
52,-192.647334977321,-136.200309973094,81.0694732666016,340
53,82.8477027961643,-127.806651740465,81.0694732666016,340
54,-141.655248926255,-133.486218793342,81.0694732666016,340
55,164.565798476158,-121.301794226509,81.0694732666016,340
56,-332.447403228031,-101.88390662842,81.0694732666016,340
57,36.2083208040956,-88.0039317158635,113.456764221191,340
58,-5.57582408931271,-86.6624602294203,113.456764221191,340
59,-37.2229938787538,-75.3466677939075,113.456764221191,340
60,144.994327100481,-65.84669790273,113.456764221191,340
61,-137.929653117065,-66.1489478937573,113.456764221191,340
62,182.803762063225,-54.4534975677582,113.456764221191,340
63,-174.02227773908,-52.840840367081,113.456764221191,340
64,-52.8124617785429,-52.1946588715208,113.456764221191,340
65,-150.461580306645,-45.5164310258797,138.743988037109,340
66,-115.750600524461,-45.7419008184321,138.743988037109,213
67,-150.40068481918,-51.3963397064115,138.743988037109,252
68,-322.233666326453,-61.9039561251437,138.743988037109,340
69,-256.78725106786,-60.7728597730122,138.743988037109,340
70,-379.525983420068,-76.8527251724663,138.743988037109,340
71,-403.923307120523,-93.0854936355883,138.743988037109,340
72,-186.676007595769,-96.8026812891213,138.743988037109,340
73,-92.100404685631,-101.635290253792,149.56755065918,340
74,-105.681301457555,-107.634231751126,149.56755065918,232
75,-321.464058195705,-115.437759679111,149.56755065918,280
76,-90.5765076803307,-121.538985587777,149.56755065918,340
77,-121.79784006169,-118.705005791151,149.56755065918,340
78,133.948217697433,-116.660985195101,149.56755065918,340
79,221.772715485859,-102.123866618616,149.56755065918,340
80,67.1245310385188,-106.021517316122,149.56755065918,340
81,-200.035934800704,-100.725058579029,171.172256469727,340
82,194.602632512309,-94.3892861107001,171.172256469727,340
83,111.184465690806,-89.7188745194953,171.172256469727,340
84,-329.626472609982,-101.415013668744,171.172256469727,335
85,16.3703311400918,-106.55997350716,171.172256469727,340
86,-26.2582220770716,-102.09311626556,171.172256469727,340
87,101.726195846641,-105.336218914224,171.172256469727,340
88,-213.926919746296,-106.932404594512,171.172256469727,340
89,693.602575192138,-77.075803115685,182.090927124023,340
90,-129.422773541666,-76.2342508450859,182.090927124023,340
91,2.94239088717642,-71.4865311886204,182.090927124023,340
92,213.081446781775,-56.9472459245822,182.090927124023,340
93,111.18412345446,-39.6105343333457,182.090927124023,340
94,186.159169204508,-21.892677522451,182.090927124023,340
95,104.274491279089,-2.54065853448471,182.090927124023,340
96,154.337077999596,19.78975687032,182.090927124023,340
97,-205.562617755269,19.03429246394,185.668533325195,340
98,-318.529846335761,9.97711479793479,185.668533325195,340
99,-37.1862233599437,12.7169179218392,185.668533325195,340
100,63.2035531944237,28.1036223774444,185.668533325195,340
101,-73.1570518423928,28.8004006109619,185.668533325195,340
102,-114.455423883553,29.0940972580874,185.668533325195,340
103,-147.712817536211,17.8276558487417,185.668533325195,237
104,264.730918000319,19.5459839493201,185.668533325195,340
105,27.3295557825006,17.9541849390793,175.299942016602,340
106,-341.795308087001,12.2838100076275,175.299942016602,340
107,92.7071978488801,8.20799262109033,175.299942016602,340
108,-160.826016934622,-2.6724266839268,175.299942016602,340
109,-230.045281938991,1.31082094291284,175.299942016602,340
110,-225.703993681473,-8.37215204994977,175.299942016602,340
111,289.183078992963,4.24549999285161,175.299942016602,340
112,-190.139818483191,-7.42914058034168,175.299942016602,340
113,22.5763083578867,2.03098854382564,153.477630615234,340
114,683.904598766386,1.64306948679559,153.477630615234,340
115,244.164663193381,16.5865669561974,153.477630615234,340
116,793.295626958992,48.2006963990701,153.477630615234,340
117,-141.323306249057,34.0245062778368,153.477630615234,247
118,-144.119280697445,23.8123701117606,153.477630615234,340
119,21.7394898492181,17.235582937549,153.477630615234,340
120,-118.864318328215,8.31003055325683,153.477630615234,340
121,776.06116044228,33.1789938509642,167.968139648438,340
122,91.1664423669813,45.0481562558542,167.968139648438,340
123,7.52054503282248,58.0901719105975,167.968139648438,340
124,205.508187259122,67.7979483353602,167.968139648438,340
125,57.0061980463585,67.5500541294376,167.968139648438,340
126,33.9704286788124,71.8351533502858,167.968139648438,340
127,-289.4182130432,64.8366417838999,167.968139648438,340
128,-75.9892070101554,67.7055862049421,167.968139648438,340
129,122.073310402604,61.9992819010335,176.792388916016,340
130,-61.4579551284457,58.4477814645956,176.792388916016,340
131,205.83180051623,80.3528658087249,176.792388916016,340
132,672.532334303523,103.545871266911,176.792388916016,340
133,210.797069998443,118.410794744233,176.792388916016,340
134,441.576205436154,145.275654239239,176.792388916016,340
135,236.792692829458,163.775521699676,176.792388916016,340
136,535.765947588584,173.638836443501,176.792388916016,340
137,-70.7301527912091,178.41522307118,192.021606445312,340
138,228.810978203117,186.66460986499,192.021606445312,340
139,346.711509659342,173.176886300708,192.021606445312,340
140,1014.83798762425,204.003819277943,192.021606445312,340
141,850.119585055021,206.276777601784,192.021606445312,340
142,661.204346573675,238.377883714693,192.021606445312,340
143,597.609786814171,268.047046415158,192.021606445312,340
144,559.006457490494,289.537725120809,192.021606445312,340
145,666.940510212754,320.969918262447,218.817138671875,340
146,450.299802414925,307.939463941353,218.817138671875,340
147,293.814037871901,316.04536776155,218.817138671875,340
148,42.8668719644712,317.459220838816,218.817138671875,340
149,519.189807701779,330.006485656522,218.817138671875,340
150,581.929067712616,351.003400443173,218.817138671875,340
151,1014.01663579087,390.205248727655,218.817138671875,340
152,340.058939075829,415.384334812416,218.817138671875,340
153,771.605066147111,449.288105738707,251.279556274414,340
154,364.964269862899,459.003744117119,251.279556274414,340
155,744.532192372921,491.243350017173,251.279556274414,340
156,522.634705169072,503.915466203287,251.279556274414,340
157,811.992113468602,509.49385736989,251.279556274414,340
158,648.298738854416,526.993924124129,251.279556274414,340
159,377.601848726875,524.434949855758,251.279556274414,340
160,664.610912742635,541.547678652285,251.279556274414,340
161,650.735931987036,546.146478028223,279.056671142578,340
162,1163.06260900279,595.498188499983,279.056671142578,340
163,362.680878616839,600.852984516532,279.056671142578,340
164,606.707543746354,611.252825880013,279.056671142578,340
165,636.253113209947,596.109430903441,279.056671142578,340
166,783.919391049337,593.461423143213,279.056671142578,340
167,830.788732224281,600.244798569237,279.056671142578,340
168,704.616541402562,604.525068752773,279.056671142578,340
169,890.510267807006,617.785221165433,306.538543701172,340
170,808.401004587506,623.443640940424,306.538543701172,340
171,1052.08058216075,647.514872130257,306.538543701172,340
172,871.177295208897,670.609402423736,306.538543701172,340
173,741.735384832897,698.564142938473,306.538543701172,340
174,1456.76361710172,736.067095314471,306.538543701172,340
175,789.043350739155,744.351666635533,306.538543701172,340
176,785.671061749299,735.21784367387,306.538543701172,340
177,952.830357385719,759.728700406265,339.522369384766,340
178,963.312593582879,767.397001503696,339.522369384766,340
179,992.84215272629,792.512116818232,339.522369384766,340
180,1111.94432279034,807.208602034928,339.522369384766,340
181,872.571744795671,821.206083619992,339.522369384766,340
182,1109.24944154058,833.096376742871,339.522369384766,340
183,807.511519721275,839.464887977546,339.522369384766,340
184,750.714495526938,854.389393849548,339.522369384766,340
185,1432.99699992,885.124837336643,378.123138427734,340
186,1379.96284523601,914.293913866602,378.123138427734,340
187,1581.07355718316,931.014351793816,378.123138427734,340
188,1203.89551264459,964.662937154926,378.123138427734,340
189,842.123969918025,974.079594201793,378.123138427734,340
190,1031.50205279341,989.889551785132,378.123138427734,340
191,1441.48260342862,1016.1920802803,378.123138427734,340
192,1491.65692204932,1042.6268078733,378.123138427734,340
193,1295.81031447146,1066.27455879606,404.130126953125,340
194,1282.87915319781,1081.96931421169,404.130126953125,340
195,1346.67610346113,1103.50031816664,404.130126953125,340
196,1527.57995813505,1122.52029320561,404.130126953125,340
197,1683.61087385421,1155.01763635142,404.130126953125,340
198,1471.03455339252,1184.18960309381,404.130126953125,340
199,1578.5623704344,1189.06155322711,404.130126953125,340
200,1039.2334699525,1199.06915799565,404.130126953125,340
201,932.293312404689,1204.93404802186,422.802642822266,340
202,1034.09655943279,1208.18469610375,422.802642822266,340
203,760.913683765317,1200.08873971104,422.802642822266,340
204,968.594130585143,1199.1188188254,422.802642822266,340
205,1159.00199211033,1201.0011255982,422.802642822266,340
206,1100.38811937762,1210.11378058148,422.802642822266,340
207,1262.17218424561,1216.23069028968,422.802642822266,340
208,990.47174550928,1223.5490993212,422.802642822266,340
209,1459.07334146502,1251.88345315872,447.813659667969,340
210,1185.38669885788,1241.97904111624,447.813659667969,340
211,1296.31258133997,1238.63303056039,447.813659667969,340
212,1767.17871512588,1246.0772368781,447.813659667969,340
213,1309.59528311695,1250.305227697,447.813659667969,340
214,1162.55242569176,1263.12236592795,447.813659667969,340
215,1361.20152620167,1276.31034486428,447.813659667969,340
216,1470.28038764419,1277.4622562329,447.813659667969,340
217,1505.48451034231,1278.01535976462,459.548370361328,340
218,1240.57420594192,1275.80591542344,459.548370361328,340
219,1347.66982953789,1278.39754247704,459.548370361328,340
220,1319.15612606057,1277.29674338102,459.548370361328,340
221,1391.62179796019,1271.85841697402,459.548370361328,340
222,1187.83663010277,1252.02744722397,459.548370361328,340
223,1480.62711240399,1252.41114958443,459.548370361328,340
224,1737.454578261,1258.76683789749,459.548370361328,340
225,1454.88607065149,1275.39294192545,471.701965332031,340
226,1342.33899702316,1291.79476931019,471.701965332031,340
227,1370.88877140749,1305.26645778918,471.701965332031,340
228,1596.2841203124,1338.68127525106,471.701965332031,340
229,1630.91800823289,1365.17423035697,471.701965332031,340
230,1397.29190697898,1374.70582695172,471.701965332031,340
231,1517.63364775757,1391.39564808691,471.701965332031,340
232,1111.59982352971,1385.37275365828,471.701965332031,340
233,1458.96563880835,1404.11250939024,483.309326171875,340
234,1066.14024052033,1388.39518535245,483.309326171875,340
235,1705.47914814244,1409.19888332383,483.309326171875,340
236,1467.89607003988,1416.06222287183,483.309326171875,340
237,1621.53230653561,1410.23636652822,483.309326171875,340
238,1354.25375210073,1412.02270528757,483.309326171875,340
239,1561.36180769429,1427.97508056767,483.309326171875,340
240,1236.05951569608,1422.96940014745,483.309326171875,340
241,1634.15719805513,1429.52447256389,494.811798095703,340
242,1773.19395438784,1440.23285032571,494.811798095703,340
243,1582.76483078208,1453.92047531931,494.811798095703,340
244,1690.86787360063,1467.64839708182,494.811798095703,340
245,1436.68977732866,1472.34974313255,494.811798095703,340
246,1861.16139743231,1491.13132711143,494.811798095703,340
247,1606.23473569646,1507.86725133518,494.811798095703,340
248,1439.36132989383,1506.21662003477,494.811798095703,340
249,1673.21750926673,1503.647137275,509.880584716797,340
250,1729.14026729773,1514.61730514085,509.880584716797,340
251,1656.19148858269,1527.17140480323,509.880584716797,340
252,1642.52137284347,1538.03670886067,509.880584716797,340
253,1733.11021491407,1543.50975264474,509.880584716797,340
254,1290.41931488842,1529.88980491096,509.880584716797,340
255,1394.45922753132,1529.77649773306,509.880584716797,340
256,1726.50455683014,1538.13133409596,509.880584716797,340
257,1541.70613659718,1555.33558661866,523.274108886719,340
258,1659.71871370267,1563.36570961443,523.274108886719,340
259,1788.39013543624,1592.25570541107,523.274108886719,340
260,1924.38508278211,1601.01194279665,523.274108886719,340
261,1809.30703352737,1614.66838133615,523.274108886719,340
262,1808.98514468505,1622.16649486213,523.274108886719,340
263,1611.10851470568,1632.44068536633,523.274108886719,340
264,1247.10873520277,1619.87056246667,523.274108886719,340
265,1736.65561416566,1639.89440640545,534.68603515625,340
266,1893.50645555951,1650.26837670563,534.68603515625,340
267,1871.97405340387,1654.21958066627,534.68603515625,340
268,1747.62677817472,1660.81405856197,534.68603515625,340
269,1685.12591021488,1660.58438002654,534.68603515625,340
270,1630.22099864358,1668.32562887914,534.68603515625,340
271,1692.77228788254,1661.59006449715,534.68603515625,340
272,1901.39853152138,1673.39661633014,534.68603515625,340
273,1744.17925257752,1685.58933323749,551.769653320312,340
274,1814.89952184328,1691.25661374055,551.769653320312,340
275,1426.09333661797,1679.13473651336,551.769653320312,340
276,1687.13910144047,1680.37264102768,551.769653320312,340
277,1838.16392295673,1688.19834303221,551.769653320312,340
278,1506.33331227166,1679.12726692651,551.769653320312,340
279,1392.94785939519,1683.22840870678,551.769653320312,340
280,1698.00460888566,1695.37022396095,551.769653320312,340
281,1575.23638366447,1689.31949703433,564.104553222656,340
282,1977.42031972338,1706.74806435937,564.104553222656,340
283,1946.49852380212,1718.21925676335,564.104553222656,340
284,1787.23389938161,1718.17300732117,564.104553222656,340
285,1635.62528469602,1706.62261539772,564.104553222656,340
286,1794.38185044293,1706.02560807435,564.104553222656,340
287,1775.1878073666,1704.67371458161,564.104553222656,340
288,1920.41138791868,1717.04582951013,564.104553222656,340
289,1904.24477281929,1743.33127101479,578.519592285156,340
290,1879.07956494807,1749.02822904609,578.519592285156,340
291,1945.31393121734,1751.1005280724,578.519592285156,340
292,1933.22713649702,1753.55065139612,578.519592285156,340
293,1986.90573956334,1763.12180985167,578.519592285156,340
294,1891.7080268935,1771.38509451881,578.519592285156,340
295,1616.71123132088,1770.84470382591,578.519592285156,340
296,1734.9986720878,1772.53375919412,578.519592285156,340
297,1892.72530165542,1772.18682999948,590.458557128906,340
298,1792.22700412448,1774.10874006136,590.458557128906,340
299,1664.37822262365,1768.08788809257,590.458557128906,340
300,1780.15676476733,1782.25042521855,590.458557128906,340
301,1796.73321015647,1786.63418956718,590.458557128906,340
302,1820.69042099114,1785.93524948856,590.458557128906,340
303,1969.56474609976,1804.46450684169,590.458557128906,340
304,1747.95951488715,1818.66497306136,590.458557128906,340
305,2110.72396268548,1835.17374721336,600.425598144531,340
306,1904.90212979778,1848.36037705869,600.425598144531,340
307,1903.74396862116,1845.4133230146,600.425598144531,340
308,1977.33399534897,1846.64674187648,600.425598144531,340
309,2001.9781574152,1855.23651219782,600.425598144531,340
310,1743.41598087661,1859.54814004504,600.425598144531,340
311,1789.0476900341,1859.33477362869,600.425598144531,340
312,1857.40962068355,1862.62364616137,600.425598144531,340
313,2008.39632636531,1866.14304369923,612.261413574219,340
314,1820.66543118099,1862.7998700337,612.261413574219,340
315,1659.41458333628,1854.01327076923,612.261413574219,340
316,1850.06643780527,1850.20337103275,612.261413574219,340
317,1852.60733402995,1846.97857893406,612.261413574219,340
318,1997.42202224916,1847.3992302415,612.261413574219,340
319,1982.01110869074,1851.01135351339,612.261413574219,340
320,2059.74504577218,1868.73270609144,612.261413574219,340
321,1936.47102834894,1876.79160034188,627.237670898438,340
322,2075.80732533829,1884.1148812892,627.237670898438,340
323,2104.96671772505,1896.62446983322,627.237670898438,340
324,1803.9820836834,1902.20862427561,627.237670898438,340
325,1825.87060204959,1904.0371777669,627.237670898438,340
326,2090.64481838117,1915.79364209589,627.237670898438,340
327,2026.17514683698,1924.01303112972,627.237670898438,340
328,1806.84121585384,1917.50408991989,627.237670898438,340
329,1959.75598149588,1925.97594858424,636.004089355469,340
330,2077.04820243075,1924.62891817405,636.004089355469,340
331,2066.60080217878,1931.09686506929,636.004089355469,340
332,2012.87270829831,1935.46201465637,636.004089355469,340
333,2153.00893204217,1942.4890121241,636.004089355469,340
334,2059.54280935905,1944.79159820185,636.004089355469,340
335,2092.47067304641,1958.75378588865,636.004089355469,340
336,2045.98988029403,1969.03147349904,636.004089355469,340
337,1935.8600909539,1972.16949230986,640.976989746094,340
338,2077.84485363065,1974.94743340047,640.976989746094,340
339,2170.66879502955,1988.94756795441,640.976989746094,340
340,2084.72833449011,2005.96011800057,640.976989746094,340
341,1990.49293725105,2011.5771779784,640.976989746094,340
342,2004.16168533887,2017.63935203075,640.976989746094,340
343,1927.99035812512,2014.86208546579,640.976989746094,340
344,2074.72447103831,2018.5706199597,640.976989746094,340
345,2048.71492832959,2018.12941526199,646.286682128906,340
346,1841.05417737345,2014.31274122297,646.286682128906,340
347,2130.24965800401,2016.4904345296,646.286682128906,340
348,1928.73732853136,2009.44125896185,646.286682128906,340
349,1843.28919742202,2011.0135435114,646.286682128906,340
350,2083.56325277918,2021.32124954058,646.286682128906,340
351,2190.21287876463,2025.30397195592,646.286682128906,340
352,2102.17497685926,2028.34396515681,646.286682128906,340
353,2084.00779049214,2039.43062814234,651.859069824219,340
354,2224.89224275809,2050.03607859283,651.859069824219,340
355,2296.53782841592,2058.81566363224,651.859069824219,340
356,2050.90127626536,2058.1876825957,651.859069824219,340
357,1930.91454964139,2054.90935624943,651.859069824219,340
358,2088.30293302449,2052.32111628872,651.859069824219,340
359,1922.73076417037,2046.84863448117,651.859069824219,340
360,2057.00302423685,2045.42992852879,651.859069824219,340
361,2260.14788743585,2053.99624881446,659.120788574219,340
362,2267.09652106312,2067.24570601883,659.120788574219,340
363,2045.49191641848,2065.95158853034,659.120788574219,340
364,2287.01716188768,2070.60552320467,659.120788574219,340
365,2138.32241757359,2072.74928652801,659.120788574219,340
366,2242.83078559719,2082.84280046185,659.120788574219,340
367,2125.50746702884,2087.69663172945,659.120788574219,340
368,2298.37394490665,2102.51197520071,659.120788574219,340
369,2071.08174997195,2102.36626635806,666.505187988281,340
370,2017.79219654138,2101.12935708653,666.505187988281,340
371,2224.61533222198,2116.47180328047,666.505187988281,340
372,2097.21291059571,2115.15033338414,666.505187988281,340
373,2093.41011563108,2121.73724486813,666.505187988281,340
374,2194.26004555139,2135.7760787933,666.505187988281,340
375,2069.99865942586,2135.23349505917,666.505187988281,340
376,2320.95110711309,2140.46302419311,666.505187988281,340
377,2184.56285537,2143.75853933354,671.084655761719,340
378,2218.32391312021,2149.13118423866,671.084655761719,340
379,1757.95809254766,2130.45381823024,671.084655761719,340
380,2087.80861207929,2122.10464957678,671.084655761719,340
381,2033.36631029366,2121.40325093791,671.084655761719,340
382,2032.37025488436,2125.46147914763,671.084655761719,340
383,2064.23181299429,2124.49863434642,671.084655761719,340
384,2024.13417573891,2128.55477080916,671.084655761719,340
385,2250.97239657658,2136.31354570275,677.881774902344,340
386,2195.18963269277,2133.71521551303,677.881774902344,340
387,2285.43341194207,2134.44869114819,677.881774902344,340
388,2204.16395896865,2140.79557285019,677.881774902344,340
389,2297.55867357745,2141.21723331779,677.881774902344,340
390,2026.09987020723,2136.72833142313,677.881774902344,340
391,2315.98342555254,2139.65443702134,677.881774902344,340
392,2300.97991498219,2146.67333493948,677.881774902344,340
393,2058.71057920109,2137.08680031126,681.334228515625,340
394,2313.51940783887,2146.78430662593,681.334228515625,340
395,2333.44993562799,2159.4106161894,681.334228515625,340
396,2297.54759091342,2162.32790653705,681.334228515625,340
397,1987.99008520408,2157.95899352139,681.334228515625,340
398,2253.46930241568,2164.36136099277,681.334228515625,340
399,2152.0252900158,2162.67197077135,681.334228515625,340
400,2171.96099066319,2166.75046402084,681.334228515625,340
401,2122.923939086,2158.82937729976,687.406005859375,340
402,2072.80826450352,2154.3591936651,687.406005859375,340
403,2341.54897368101,2159.28819608753,687.406005859375,340
404,2289.04450098026,2180.53165242484,687.406005859375,340
405,2235.25510461915,2186.42951212643,687.406005859375,340
406,2245.77641001522,2194.92591611529,687.406005859375,340
407,2213.33249121266,2202.16440556843,687.406005859375,340
408,2166.5241481933,2206.25609897639,687.406005859375,340
409,2017.18531742665,2205.97814464389,689.837341308594,340
410,2031.44161553153,2197.19691340209,689.837341308594,340
411,2232.69989318072,2198.69732382161,689.837341308594,340
412,2138.77118891419,2192.8308349005,689.837341308594,340
413,2002.63442888228,2184.76965369704,689.837341308594,340
414,2229.92147331452,2182.06416568652,689.837341308594,340
415,2127.81112696188,2186.13261595671,689.837341308594,340
416,2297.51562809579,2185.39390405844,689.837341308594,340
417,2009.77707872696,2173.74579060823,692.851379394531,340
418,2135.28033709385,2176.80858092394,692.851379394531,340
419,1922.56048621163,2161.17022405885,692.851379394531,340
420,2048.38687255539,2149.76770153595,692.851379394531,340
421,1808.57895887584,2130.20895625444,692.851379394531,340
422,2050.96728242761,2132.72804414338,692.851379394531,340
423,1960.80662197471,2121.02153692575,692.851379394531,340
424,1960.10104821469,2113.3445672537,692.851379394531,340
425,1828.53618758005,2099.60757513038,700.620239257812,340
426,1672.11501888897,2081.5752183225,700.620239257812,340
427,1816.26944312749,2071.31366546745,700.620239257812,340
428,1633.41401455268,2042.98826710232,700.620239257812,340
429,1751.12453306657,2021.47146838577,700.620239257812,340
430,1524.6302811823,1993.0464754483,700.620239257812,340
431,1499.93129831092,1963.21267098013,700.620239257812,340
432,1440.0078079654,1932.27968365024,700.620239257812,340
433,1995.93267122542,1925.45602457152,712.713562011719,340
434,1947.52240312743,1922.66950799955,712.713562011719,340
435,2087.85894737733,1924.92620127339,712.713562011719,340
436,2066.44756330575,1918.27610807839,712.713562011719,340
437,1946.73224433597,1910.59455029526,712.713562011719,340
438,2162.33400030408,1916.98253315213,712.713562011719,340
439,1977.85666886705,1906.89994097423,712.713562011719,340
440,1907.58558770688,1898.09091940403,712.713562011719,340
441,1643.49169466482,1871.92996206679,719.134826660156,340
442,1643.0069013532,1857.25915497184,719.134826660156,340
443,1731.4236835165,1841.10488882875,719.134826660156,340
444,1856.81129033744,1838.47492099378,719.134826660156,340
445,1960.07451600635,1834.94242673182,719.134826660156,340
446,2093.24158095736,1846.32893161508,719.134826660156,340
447,2001.77371050302,1844.3611887381,719.134826660156,340
448,1776.19726347509,1836.97681439811,719.134826660156,340
449,1905.87678506379,1834.80784387207,720.408020019531,340
450,1779.06582753132,1832.82902947012,720.408020019531,340
451,2002.31594487534,1846.03706650958,720.408020019531,340
452,2189.4708418321,1860.96512245776,720.408020019531,340
453,1954.37772120382,1873.80367072381,720.408020019531,340
454,2049.17057978785,1885.72551259266,720.408020019531,340
455,1907.86158703805,1901.05476482689,720.408020019531,340
456,2106.43234267385,1925.31480660141,720.408020019531,340
457,1970.54947068179,1946.53647311006,721.632751464844,340
458,2055.91867416749,1948.93591322775,721.632751464844,340
459,2148.46446434762,1956.97359567655,721.632751464844,340
460,2082.07686440568,1956.74231235769,721.632751464844,340
461,2119.69279875364,1958.8721217756,721.632751464844,340
462,2218.32125328578,1969.7356821336,721.632751464844,340
463,2144.90930824527,1969.03869445124,721.632751464844,340
464,1995.83233985163,1969.75772129063,721.632751464844,340
465,1842.82475807497,1967.16728810535,721.857238769531,340
466,1746.00602348479,1971.26786125815,721.857238769531,340
467,2126.58182210939,1990.6108580884,721.857238769531,340
468,2110.77305080179,2005.78483277981,721.857238769531,340
469,2037.51655752123,2013.01304346716,721.857238769531,340
470,2172.06845156958,2021.49280088969,721.857238769531,340
471,2144.4943755907,2023.54291267502,721.857238769531,340
472,2113.90514198779,2028.02816993442,721.857238769531,340
473,2168.75226847363,2043.73037013436,721.358459472656,340
474,2198.67141377573,2055.44215528283,721.358459472656,340
475,1987.8627293136,2063.79403135413,721.358459472656,340
476,2030.12423693652,2064.90636303657,721.358459472656,340
477,2007.11055558427,2057.61195158666,721.358459472656,340
478,2257.87647416584,2069.75190170514,721.358459472656,340
479,2314.85331912557,2080.37921127865,721.358459472656,340
480,2214.53688766853,2092.64622330387,721.358459472656,340
481,2132.97746627949,2093.70802824809,714.604248046875,340
482,2218.94149883439,2103.6437093742,714.604248046875,340
483,2264.29125095378,2111.97861244565,714.604248046875,340
484,2238.92871877855,2115.59718262289,714.604248046875,340
485,2035.3660431118,2113.72874977113,714.604248046875,340
486,2301.09047773869,2120.98465693053,714.604248046875,340
487,2132.8028580737,2117.56392112205,714.604248046875,340
488,2314.61728124049,2124.35224004186,714.604248046875,340
489,2155.28101076347,2130.73018687833,708.857666015625,340
490,1935.83189468506,2134.45047234274,708.857666015625,340
491,2227.32508641735,2153.70323486004,708.857666015625,340
492,2005.04459292737,2148.84174569276,708.857666015625,340
493,2270.08846340419,2155.21436219685,708.857666015625,340
494,2146.80083161273,2159.58573316051,708.857666015625,340
495,1956.00831722818,2150.94332778686,708.857666015625,340
496,1873.48982686639,2140.10314583789,708.857666015625,340
497,2344.14639876967,2149.31279610916,703.06396484375,340
498,2123.93010809437,2147.51990969399,703.06396484375,340
499,2258.73155426443,2149.92231531354,703.06396484375,340
500,2363.77378428011,2164.9587575122,703.06396484375,340
501,2275.75303002953,2174.78390923592,703.06396484375,340
502,2027.18613260068,2175.58693231657,703.06396484375,340
503,2188.02631877903,2172.7929261011,703.06396484375,340
504,2249.14614545273,2170.16463915419,703.06396484375,340
505,2140.24323810424,2167.19289317162,697.761657714844,340
506,2255.59100942468,2172.09743489742,697.761657714844,340
507,2221.08986902745,2172.18336970515,697.761657714844,340
508,2122.00121207043,2166.49176814981,697.761657714844,340
509,2215.46783298293,2165.55333271799,697.761657714844,340
510,2117.84757871141,2168.85259414197,697.761657714844,340
511,2185.3568901988,2164.22325064038,697.761657714844,340
512,2295.18555376691,2170.71855846811,697.761657714844,340
513,2109.56613202345,2162.51651249942,696.144287109375,340
514,2179.30734071526,2163.47756569749,696.144287109375,340
515,2012.1057927424,2166.52852161979,696.144287109375,340
516,2261.14508317331,2167.88132149003,696.144287109375,340
517,2343.72637320246,2181.42859270103,696.144287109375,340
518,2315.05819848762,2183.22738210437,696.144287109375,340
519,2257.39534468073,2187.65116262709,696.144287109375,340
520,2111.29846270034,2193.86276844597,696.144287109375,340
521,2053.32993331783,2201.05637270403,694.611206054688,340
522,2010.64744097278,2187.71641439216,694.611206054688,340
523,2312.72275653816,2195.26812032991,694.611206054688,340
524,2140.91107952908,2190.55530134049,694.611206054688,340
525,2265.63814484005,2186.62987576289,694.611206054688,340
526,2208.63536166655,2183.94516902837,694.611206054688,340
527,2309.30195680492,2195.22980199654,694.611206054688,340
528,2204.67949324499,2195.89592897518,694.611206054688,340
529,2303.98172942469,2198.08935233406,696.038452148438,340
530,2292.45216959328,2204.17770959362,696.038452148438,340
531,2143.63217149762,2199.69935607654,696.038452148438,340
532,2328.22960097146,2203.9849453543,696.038452148438,340
533,2138.84170491605,2204.65856506812,696.038452148438,340
534,2217.4960982835,2204.73969568015,696.038452148438,340
535,2147.04063558782,2205.9074179552,696.038452148438,340
536,2219.86490284267,2207.28773846096,696.038452148438,340
537,2298.13305091345,2207.40563834682,700.705749511719,340
538,2221.74968813268,2211.89298059119,700.705749511719,340
539,2208.65779420361,2213.06699873072,700.705749511719,340
540,2309.1739384713,2224.94972455988,700.705749511719,340
541,2203.12693122216,2222.62899848183,700.705749511719,340
542,2318.31561971532,2221.61256834235,700.705749511719,340
543,2352.22093772169,2223.09907791171,700.705749511719,340
544,2278.43289208069,2223.94057980771,700.705749511719,340
545,2173.03526982711,2226.41005209278,703.424743652344,340
546,2241.75069364381,2233.94688250582,703.424743652344,340
547,2167.38100788669,2240.21622518237,703.424743652344,340
548,2331.51837030507,2240.96804973305,703.424743652344,340
549,2037.33729198193,2236.82509823116,703.424743652344,340
550,2120.33768182272,2231.01307971047,703.424743652344,340
551,2304.18609550207,2234.83510906389,703.424743652344,340
552,2298.94005221485,2234.42063288029,703.424743652344,340
553,2296.79637347265,2238.1053080894,707.853759765625,340
554,1918.78169554274,2222.69730673412,707.853759765625,340
555,2349.55762025204,2224.98152476047,707.853759765625,340
556,2231.60523458886,2228.50044728412,707.853759765625,340
557,2331.94734369867,2228.64915699321,707.853759765625,340
558,2166.41108659376,2229.75193226031,707.853759765625,340
559,2330.30793928897,2234.26440590053,707.853759765625,340
560,2357.29271267612,2242.67448898406,707.853759765625,340
561,2295.83363526479,2245.71323828095,714.594604492188,340
562,2093.18645679611,2237.51537451626,714.594604492188,340
563,2099.64250996586,2232.63108738958,714.594604492188,340
564,2239.40216713752,2233.86086230694,714.594604492188,340
565,2244.69658649586,2231.28176822792,714.594604492188,340
566,2283.89824094185,2234.51262061671,714.594604492188,340
567,2318.3275105351,2234.5130962495,714.594604492188,340
568,2281.39176162494,2231.67992920563,714.594604492188,340
569,2112.05378413481,2225.0247648878,716.55517578125,340
570,2288.55036183611,2229.64536856816,716.55517578125,340
571,2301.16552682947,2232.02196189558,716.55517578125,340
572,2352.89033237617,2239.44233487516,716.55517578125,340
573,2319.15437178344,2238.9477749343,716.55517578125,340
574,2208.44075746564,2245.79191355364,716.55517578125,340
575,2343.20323669888,2254.70653574869,716.55517578125,340
576,2329.33612025146,2255.71253673867,716.55517578125,340
577,2355.09420041924,2257.95870266684,719.493957519531,340
578,2363.3374729709,2260.62034664677,719.493957519531,340
579,2328.96786999702,2277.02779362494,719.493957519531,340
580,2372.36835483396,2277.94022300822,719.493957519531,340
581,2325.88891192301,2281.71157010159,719.493957519531,340
582,2249.58667114529,2278.41714319945,719.493957519531,340
583,2330.34708421021,2284.97458310411,719.493957519531,340
584,2332.65603801707,2285.06850705323,719.493957519531,340
585,2262.98528691205,2281.29621002267,720.10302734375,340
586,2364.46772961999,2284.04157379688,720.10302734375,340
587,2368.97975955045,2295.07330590705,720.10302734375,340
588,2372.80562226676,2305.99983039909,720.10302734375,340
589,2351.02704883754,2310.46482566709,720.10302734375,340
590,2281.11134487937,2311.92141600243,720.10302734375,340
591,2355.69952793007,2314.79346748196,720.10302734375,340
592,2334.10937198836,2315.42474194009,720.10302734375,340
593,2334.97055973598,2317.56789386453,721.645263671875,340
594,2297.74523209165,2324.9955517828,721.645263671875,340
595,2383.51032638785,2328.79395036487,721.645263671875,340
596,2362.95866365024,2331.2656758377,721.645263671875,340
597,2331.38517858051,2330.40546968588,721.645263671875,340
598,2358.07866337653,2331.9624413496,721.645263671875,340
599,2364.57060473828,2338.20763524051,721.645263671875,340
600,2352.25333427552,2338.56963914357,721.645263671875,340
601,2344.87574480379,2339.19122412567,723.059753417969,340
602,2298.37276082703,2336.92236654198,723.059753417969,340
603,2370.42101590622,2337.20570825939,723.059753417969,340
604,2341.77435957921,2337.71796784268,723.059753417969,340
605,2384.60033558338,2338.20724707265,723.059753417969,340
606,2332.39446564344,2338.46746922147,723.059753417969,340
607,2363.22904765883,2343.01316428201,723.059753417969,340
608,2337.94998579097,2343.31728034524,723.059753417969,340
609,2371.26280695544,2344.86155110278,722.535400390625,340
610,2261.54878038143,2344.80409084155,722.535400390625,340
611,2396.29473437376,2346.0771710317,722.535400390625,340
612,2379.02055488152,2346.47880284495,722.535400390625,340
613,2250.87604005686,2341.60161955655,722.535400390625,340
614,2377.34870582562,2342.65448583607,722.535400390625,340
615,2318.69601107246,2344.1578724838,722.535400390625,340
616,2254.01068748677,2340.09031886607,722.535400390625,340
617,2324.7121389717,2339.7144295454,726.221435546875,340
618,2354.62792243261,2340.50072405326,726.221435546875,340
619,2386.13538585574,2344.03633020383,726.221435546875,340
620,2190.25587731658,2336.30615224098,726.221435546875,340
621,2378.09760233208,2336.91170978825,726.221435546875,340
622,2354.82833550126,2337.84943606508,726.221435546875,340
623,2380.21267850528,2338.73479667023,726.221435546875,340
624,2385.00098902115,2339.55201204155,726.221435546875,340
625,2386.44984297918,2340.91987238969,726.298095703125,340
626,2350.76690562862,2341.15551882269,726.298095703125,340
627,2306.66770273409,2341.48731649897,726.298095703125,340
628,2322.62027096412,2339.57528670128,726.298095703125,340
629,2388.93619989586,2341.46176031395,726.298095703125,340
630,2363.93161673508,2340.63501156002,726.298095703125,340
631,2366.66779209882,2342.00594461823,726.298095703125,340
632,2359.13003020208,2341.84198391996,726.298095703125,340
633,2370.84694061782,2343.15786211304,729.311767578125,340
634,2390.47075453631,2343.92618001627,729.311767578125,340
635,2371.21357659667,2348.31277186488,729.311767578125,340
636,2396.15932785813,2348.30735560426,729.311767578125,340
637,2366.38932262142,2347.80210631385,729.311767578125,340
638,2371.33060671962,2352.62028898036,729.311767578125,340
639,2387.63357455004,2353.03168372934,729.311767578125,340
640,2390.53359279696,2355.90518699832,729.311767578125,340
641,2330.91667782927,2358.98142661202,732.505126953125,340
642,1928.05446298113,2343.1151195724,732.505126953125,340
643,2405.22305588342,2345.13892491043,732.505126953125,340
644,2261.49140185354,2340.15316555034,732.505126953125,340
645,2148.28065441448,2338.47415663426,732.505126953125,340
646,2356.97704987832,2337.62933453611,732.505126953125,340
647,2313.78903645114,2335.9877625741,732.505126953125,340
648,2211.31766117422,2329.23196188086,732.505126953125,340
649,2136.13110499403,2319.27716651978,735.404602050781,340
650,2371.35923756585,2318.67354230324,735.404602050781,340
651,2373.70817659077,2319.59119314173,735.404602050781,340
652,2395.68708677203,2323.15196850325,735.404602050781,340
653,2278.93791125821,2321.40467411501,735.404602050781,340
654,2381.49740415412,2321.10712228534,735.404602050781,340
655,2211.46556370877,2315.00848016429,735.404602050781,340
656,2336.48707615437,2313.80125152651,735.404602050781,340
657,2046.91338420073,2301.31258568645,736.748046875,340
658,2253.03982237807,2296.60030095686,736.748046875,340
659,2334.10346527554,2294.34560938643,736.748046875,340
660,2113.70997152631,2284.04546518362,736.748046875,340
661,2277.50070679422,2279.29912034106,736.748046875,340
662,2171.81122091801,2271.51599627293,736.748046875,340
663,2327.91517602452,2269.77937904512,736.748046875,340
664,2281.56805479668,2265.53675825499,736.748046875,340
665,2290.12961606131,2261.52059918556,739.090515136719,340
666,2382.82513954754,2263.59693765429,739.090515136719,340
667,2332.75941932221,2279.78513590794,739.090515136719,340
668,2297.61378010478,2275.48076487679,739.090515136719,340
669,2130.45415195315,2270.23927488078,739.090515136719,340
670,2229.43375072636,2273.48539873325,739.090515136719,340
671,2236.82252130792,2268.67921759043,739.090515136719,340
672,2338.39576181006,2269.66348660479,739.090515136719,340
673,2381.52262137149,2276.47168501268,740.430297851562,340
674,2385.89556498582,2286.46226341235,740.430297851562,340
675,2218.01612874447,2280.3285390595,740.430297851562,340
676,2265.57058498199,2276.00303539515,740.430297851562,340
677,2224.77878513608,2269.16670332971,740.430297851562,340
678,2276.44715091938,2269.06707291616,740.430297851562,340
679,2304.42211990942,2265.98406154637,740.430297851562,340
680,2304.42691303454,2269.7025155194,740.430297851562,340
681,2248.5552539511,2266.18524263127,739.959106445312,340
682,2256.85457126444,2274.58289011382,739.959106445312,340
683,2375.48097291321,2279.48053613522,739.959106445312,340
684,2385.31587155335,2281.52903238633,739.959106445312,340
685,2145.98482054544,2282.8200263471,739.959106445312,340
686,2379.48741446375,2286.89949465388,739.959106445312,340
687,2259.23508854086,2290.39644935879,739.959106445312,340
688,2281.72269230151,2288.54875000987,739.959106445312,340
689,2385.76174677381,2292.71649768896,741.092956542969,340
690,2402.54682645836,2297.21318610484,741.092956542969,340
691,2379.27752960325,2297.07128170707,741.092956542969,340
692,2376.96847462146,2298.83964391904,741.092956542969,340
693,2362.3032863574,2301.42722416914,741.092956542969,340
694,2373.55416124123,2311.15122454067,741.092956542969,340
695,2360.60620490612,2316.39812270786,741.092956542969,340
696,2350.62504977555,2320.95022384656,741.092956542969,340
697,2357.63934631549,2321.71996722678,741.858947753906,340
698,2370.75491651568,2321.28925903255,741.858947753906,340
699,2386.07964099825,2321.29662207305,741.858947753906,340
700,2395.70565397878,2328.40420308242,741.858947753906,340
701,2379.51287079889,2332.96189451509,741.858947753906,340
702,2335.7004751838,2337.398762117,741.858947753906,340
703,2396.54625577529,2342.20272631124,741.858947753906,340
704,2378.34749018996,2345.15974112246,741.858947753906,340
705,2262.16042547785,2343.46908162019,742.241943359375,340
706,2290.69376358951,2345.15462200573,742.241943359375,340
707,2313.30192607326,2347.41251619808,742.241943359375,340
708,2383.46746931052,2347.73197605398,742.241943359375,340
709,2391.37992073838,2347.97453802138,742.241943359375,340
710,2383.55639276315,2357.47740091008,742.241943359375,340
711,2290.89794012568,2353.93382193656,742.241943359375,340
712,2361.1085318634,2358.00875966946,742.241943359375,340
713,2363.23665699256,2361.26931825711,744.020812988281,340
714,2100.60878392333,2349.86319974309,744.020812988281,340
715,2375.149408441,2348.76730302239,744.020812988281,340
716,2334.96331930952,2346.99473461064,744.020812988281,340
717,2158.16411032262,2338.24256003869,744.020812988281,340
718,2163.58871791277,2330.2939773009,744.020812988281,340
719,2210.86118719433,2323.78625833903,744.020812988281,340
720,2350.83084076556,2323.39524377341,744.020812988281,340
721,2373.36337123665,2324.30477663185,743.752563476562,340
722,2377.71423628041,2325.10777223045,743.752563476562,340
723,2324.4277970578,2323.25468745213,743.752563476562,340
724,2266.72593982267,2318.48053940511,743.752563476562,340
725,2370.59166756488,2317.47597994855,743.752563476562,340
726,2363.87262267615,2316.85037002364,743.752563476562,340
727,2242.97504016065,2313.14135262272,743.752563476562,340
728,2326.03144770359,2310.32076029985,743.752563476562,340
729,2381.50428803222,2310.44703221354,743.248657226562,340
730,2374.12273415812,2314.92552456075,743.248657226562,340
731,2402.04472399406,2319.37956297693,743.248657226562,340
732,2375.50232054522,2321.86757875581,743.248657226562,340
733,2388.86225342131,2322.08337012024,743.248657226562,340
734,2395.42405923033,2322.24513565992,743.248657226562,340
735,2385.07131749444,2322.30573264917,743.248657226562,340
736,2209.30378259245,2319.04196634784,743.248657226562,340
737,2333.21192391889,2317.92610203006,742.423217773438,340
738,2190.18556040276,2311.00405816647,742.423217773438,340
739,2232.28293322875,2316.27102413869,742.423217773438,340
740,2345.29146780803,2315.07670651337,742.423217773438,340
741,2385.07706799042,2317.0812564606,742.423217773438,340
742,2291.86292293205,2322.42920896498,742.423217773438,340
743,2266.8654897523,2326.56027983856,742.423217773438,340
744,2324.8322931332,2331.11912407612,742.423217773438,340
745,2304.92312819621,2329.28281557334,743.374206542969,340
746,2316.80036102892,2327.02029516503,743.374206542969,340
747,2313.320294424,2324.44453749078,743.374206542969,340
748,2291.89587213842,2323.143260494,743.374206542969,340
749,2371.79479260113,2327.34601460514,743.374206542969,340
750,2319.91682010173,2325.31902070661,743.374206542969,340
751,2408.27456940724,2327.09509857586,743.374206542969,340
752,2353.13508873197,2331.50150051871,743.374206542969,340
753,2282.90676395116,2329.77651316861,742.44384765625,340
754,2322.53972748514,2327.41793074673,742.44384765625,340
755,2344.9342095434,2326.25038976214,742.44384765625,340
756,2378.73211180959,2325.31788527476,742.44384765625,340
757,2263.74438613177,2320.84756789822,742.44384765625,340
758,2220.3154590898,2314.10569612496,742.44384765625,340
759,2210.85450726607,2306.72291404639,742.44384765625,340
760,2285.0294104019,2302.72123776269,742.44384765625,340
761,2344.25145788573,2308.11914477442,743.606140136719,340
762,2365.72417733897,2309.41963491123,743.606140136719,340
763,2368.85712489869,2316.56649749106,743.606140136719,340
764,2366.41804352453,2321.9319019029,743.606140136719,340
765,2386.87354619911,2323.59518503854,743.606140136719,340
766,2297.20906361011,2320.08046486333,743.606140136719,340
767,2222.91277412972,2317.32245891123,743.606140136719,340
768,2254.1813649118,2316.81509391761,743.606140136719,340
769,2290.56582271109,2315.44443510073,740.367614746094,340
770,2390.05108445774,2318.84955335119,740.367614746094,340
771,2378.7510764299,2321.32758196723,740.367614746094,340
772,2380.14861985751,2324.00071498457,740.367614746094,340
773,2309.32170161998,2324.69774816383,740.367614746094,340
774,2323.01271385019,2322.74646501379,740.367614746094,340
775,2368.04963428457,2324.67177758111,740.367614746094,340
776,2299.43954569762,2320.31837663272,740.367614746094,340
777,2374.58715804087,2321.17645940508,740.670776367188,340
778,2354.69329509142,2324.04792065069,740.670776367188,340
779,2393.34173426113,2326.88000092173,740.670776367188,340
780,2336.15602950966,2326.52887372038,740.670776367188,340
781,2395.19896619512,2327.1875478958,740.670776367188,340
782,2360.44418397593,2331.05553980957,740.670776367188,340
783,2395.1703452319,2338.04973525525,740.670776367188,340
784,2384.73323997755,2345.00488456371,740.670776367188,340
785,2369.66014496481,2348.39011394623,741.894409179688,340
786,2377.92232876551,2349.73694878142,741.894409179688,340
787,2392.72682826656,2350.81705481852,741.894409179688,340
788,2391.70226927254,2351.73086059348,741.894409179688,340
789,2377.17294154426,2352.16105651427,741.894409179688,340
790,2337.19847436561,2350.17405364093,741.894409179688,340
791,2406.44529795324,2354.54350301465,741.894409179688,340
792,2396.06117586864,2361.46943908421,741.894409179688,340
793,2399.95539529507,2367.30040029954,742.706176757812,340
794,2393.21453065504,2371.4063486173,742.706176757812,340
795,2372.94273093772,2370.72201447649,742.706176757812,340
796,2385.29534940946,2370.98378539568,742.706176757812,340
797,2402.96674288174,2371.89651031665,742.706176757812,340
798,2373.5061855228,2374.46388967276,742.706176757812,340
799,2361.13771481027,2375.98888971116,742.706176757812,340
800,2376.62931549816,2376.33207695971,742.706176757812,340
801,2375.75488017533,2379.38469033881,744.621520996094,340
802,2367.78420898828,2379.11257237671,744.621520996094,340
803,2361.72495180649,2379.39383864531,744.621520996094,340
804,2383.4273134132,2378.9972618114,744.621520996094,340
805,2376.84086539473,2380.6246552468,744.621520996094,340
806,2337.21488806539,2378.30529212161,744.621520996094,340
807,2401.08160086834,2379.93078879731,744.621520996094,340
808,2369.10136701444,2378.88802966861,744.621520996094,340
809,2391.47546417181,2379.15771863638,744.734802246094,340
810,2364.12169963046,2378.936180823,744.734802246094,340
811,2391.20500551368,2379.46748789293,744.734802246094,340
812,2397.42454545081,2379.6553965803,744.734802246094,340
813,2384.03492366566,2379.34870275603,744.734802246094,340
814,2406.17328448906,2380.50871647382,744.734802246094,340
815,2393.74718563356,2382.77066492454,744.734802246094,340
816,2393.33533084822,2382.24626624033,744.734802246094,340
817,2398.35244694805,2382.33791708351,745.829162597656,340
818,2397.01031635462,2382.22011392589,745.829162597656,340
819,2266.65315852818,2377.15765904082,745.829162597656,340
820,2403.91175753517,2378.39642010472,745.829162597656,340
821,2411.20237971491,2379.43270131693,745.829162597656,340
822,2404.40133680468,2379.49008507385,745.829162597656,340
823,2383.20006735518,2379.87784034715,745.829162597656,340
824,2365.06799229796,2380.03505144665,745.829162597656,340
825,2407.22760121034,2381.25898287514,744.347229003906,340
826,2392.70709942483,2381.93707164512,744.347229003906,340
827,2362.97600275493,2381.74474339579,744.347229003906,340
828,2419.65842096471,2384.06208216212,744.347229003906,340
829,2379.41876654936,2383.90174028756,744.347229003906,340
830,2417.20532454409,2385.51631865354,744.347229003906,340
831,2399.50704380911,2388.00800488329,744.347229003906,340
832,2367.37530373984,2386.65975299815,744.347229003906,340
833,2403.69837763176,2388.04363342284,744.126708984375,340
834,2405.80454294022,2388.61679657358,744.126708984375,340
835,2354.9746993167,2388.25091656103,744.126708984375,340
836,2312.40830723837,2385.09904863001,744.126708984375,340
837,2398.34839235888,2385.13600250634,744.126708984375,340
838,2404.94731376266,2385.97249811022,744.126708984375,340
839,2406.40212326786,2385.98165166137,744.126708984375,340
840,2365.891342402,2384.86741793211,744.126708984375,340
841,2416.7732932268,2385.80493642725,744.275024414062,340
842,2370.62502143043,2384.69583940654,744.275024414062,340
843,2417.51343876889,2385.51596430311,744.275024414062,340
844,2315.76812164975,2387.48056282798,744.275024414062,340
845,2428.27058521208,2388.45491593505,744.275024414062,340
846,2340.98833811243,2385.64635427095,744.275024414062,340
847,2361.55485713797,2383.93249508429,744.275024414062,340
848,2427.63769801612,2385.71000031072,744.275024414062,340
849,2397.16415626297,2386.99384686932,744.514343261719,340
850,2414.19726225039,2387.27263331093,744.514343261719,340
851,2394.6268759522,2387.34942437202,744.514343261719,340
852,2406.34106466504,2389.08402684842,744.514343261719,340
853,2398.74536983849,2388.24750480338,744.514343261719,340
854,2426.96565827886,2390.14938047256,744.514343261719,340
855,2419.26023649554,2390.23157695061,744.514343261719,340
856,2411.68458737029,2390.71867869306,744.514343261719,340
857,2412.46968996466,2392.52245414205,744.509582519531,340
858,2207.43032143052,2384.671731894,744.509582519531,340
859,2409.16743418887,2384.80624754395,744.509582519531,340
860,2406.88775442375,2386.88276974823,744.509582519531,340
861,2410.81946392214,2390.81921601558,744.509582519531,340
862,2419.22294073711,2391.65419795071,744.509582519531,340
863,2440.57483415057,2393.07929876623,744.509582519531,340
864,2404.9444044383,2393.02099001305,744.509582519531,340
865,2408.66774197202,2394.73204599585,745.138854980469,340
866,2426.38813459922,2395.11663965074,745.138854980469,340
867,2402.09223607178,2396.3753282364,745.138854980469,340
868,2410.54083213556,2396.09642397107,745.138854980469,340
869,2423.64890109946,2400.41165514905,745.138854980469,340
870,2420.22527199942,2400.08984262055,745.138854980469,340
871,2417.91992551809,2403.16710611677,745.138854980469,340
872,2398.41879966595,2404.64166381789,745.138854980469,340
873,2387.18828885195,2403.02368745133,746.393920898438,340
874,2424.39171898964,2404.11278996039,746.393920898438,340
875,2429.75880839393,2404.73525180614,746.393920898438,340
876,2424.18157113177,2405.91743961332,746.393920898438,340
877,2417.60921043788,2406.36816544423,746.393920898438,340
878,2421.97083355676,2407.29718399296,746.393920898438,340
879,2416.05159403962,2406.86062142339,746.393920898438,340
880,2404.62523700531,2406.27522144378,746.393920898438,340
881,2411.67790130831,2406.2749540013,747.764587402344,340
882,2453.05509754806,2407.89837030464,747.764587402344,340
883,2426.81730746708,2416.6738497461,747.764587402344,340
884,2409.25079299668,2416.67718409842,747.764587402344,340
885,2430.68199534298,2417.62895373518,747.764587402344,340
886,2404.96011562097,2417.39457980314,747.764587402344,340
887,2412.9493525294,2417.14363627483,747.764587402344,340
888,2416.0278680523,2416.1617576309,747.764587402344,340
889,2420.4412751449,2416.78163245916,748.55810546875,340
890,2372.72325524202,2415.34385298996,748.55810546875,340
891,2429.03815096769,2415.4498536447,748.55810546875,340
892,2424.99987270754,2416.36615911013,748.55810546875,340
893,2418.75843726307,2416.69486331523,748.55810546875,340
894,2442.02417109143,2417.42987411491,748.55810546875,340
895,2431.04564727154,2417.86268912579,748.55810546875,340
896,2425.32796910199,2418.15901086915,748.55810546875,340
897,2435.20915603351,2419.63062512385,749.325866699219,340
898,2428.6070001157,2421.2873735744,749.325866699219,340
899,2372.03454217071,2419.19308650165,749.325866699219,340
900,2397.29363956663,2417.89447974855,749.325866699219,340
901,2440.21130252386,2418.53566900424,749.325866699219,340
902,2427.42164790863,2418.92816650307,749.325866699219,340
903,2426.72682332988,2419.11840609399,749.325866699219,340
904,2434.89855525774,2419.87228454272,749.325866699219,340
905,2421.9594885862,2420.56565460595,749.146789550781,340
906,2439.39699033648,2421.67441816708,749.146789550781,340
907,2449.11074654459,2421.51664412694,749.146789550781,340
908,2432.86493024025,2421.75854903787,749.146789550781,340
909,2415.76187238704,2422.01899221348,749.146789550781,340
910,2438.74426067024,2422.34148282657,749.146789550781,340
911,2431.28943243689,2423.39465549921,749.146789550781,340
912,2441.21184696316,2424.52515527656,749.146789550781,340
913,2434.11105339999,2425.24848269047,750.854187011719,340
914,2438.16670151461,2425.95749974525,750.854187011719,340
915,2428.5609784636,2428.19100867412,750.854187011719,340
916,2419.01811249751,2427.79020713531,750.854187011719,340
917,2435.11963886347,2428.19499778155,750.854187011719,340
918,2438.06180540733,2428.96713250732,750.854187011719,340
919,2421.79063908573,2428.15779122709,750.854187011719,340
920,2440.7551090466,2428.54616969809,750.854187011719,340
921,2457.94709539947,2429.85093474999,751.873596191406,340
922,2439.90512134725,2430.03877336254,751.873596191406,340
923,2430.18186723889,2430.10176804747,751.873596191406,340
924,2435.09632209127,2432.62423924429,751.873596191406,340
925,2444.34606550271,2434.50633628174,751.873596191406,340
926,2376.20116773965,2431.94593089037,751.873596191406,340
927,2444.20255975707,2432.6171673643,751.873596191406,340
928,2399.66967570137,2431.53488145916,751.873596191406,340
929,2442.71692027525,2431.84761605987,753.026977539062,340
930,2271.84138345533,2425.84289185463,753.026977539062,340
931,2441.74628560262,2425.93686366528,753.026977539062,340
932,2435.9663426862,2425.41108751094,753.026977539062,340
933,2440.64795762548,2425.72240860635,753.026977539062,340
934,2427.51941909203,2426.19271047455,753.026977539062,340
935,2450.33827743836,2426.65647114527,753.026977539062,340
936,2442.01837571938,2427.08562887657,753.026977539062,340
937,2429.97359448892,2426.6360987776,752.937438964844,340
938,2431.57919119913,2426.53482428957,752.937438964844,340
939,2436.68006759987,2426.47535893298,752.937438964844,340
940,2449.72217284426,2427.32180670821,752.937438964844,340
941,2438.01552645319,2428.08170326643,752.937438964844,340
942,2430.00764764651,2427.87722361775,752.937438964844,340
943,2434.65802074886,2427.74107223142,752.937438964844,340
944,2462.72289862031,2429.3783626128,752.937438964844,340
945,2440.74426394545,2429.37792880875,753.9052734375,340
946,2439.42423030259,2428.63701420488,753.9052734375,340
947,2434.10262770821,2428.40491445932,753.9052734375,340
948,2437.1494858317,2428.68361920303,753.9052734375,340
949,2440.55366673762,2428.90191298888,753.9052734375,340
950,2428.19337808719,2428.25580549226,753.9052734375,340
951,2440.83508471592,2430.84116217131,753.9052734375,340
952,2428.67257113384,2430.21996262638,753.9052734375,340
953,2439.67137897709,2431.82003075741,754.760681152344,340
954,2434.00378351147,2431.47150528686,754.760681152344,340
955,2450.214632623,2438.60643525357,754.760681152344,340
956,2447.22977170409,2438.82577469763,754.760681152344,340
957,2433.61217331769,2438.73160792289,754.760681152344,340
958,2444.05193500526,2438.86776701808,754.760681152344,340
959,2442.48831027787,2439.46652266551,754.760681152344,340
960,2432.98267776307,2438.7722986785,754.760681152344,340
961,2451.40893900444,2439.1479212099,754.830322265625,340
962,2452.55945034476,2440.05135544414,754.830322265625,340
963,2446.43131475805,2440.64544038649,754.830322265625,340
964,2428.39294157002,2440.3139553453,754.830322265625,340
965,2448.50839691083,2440.26540430796,754.830322265625,340
966,2442.40310452629,2440.44090743088,754.830322265625,340
967,2452.73348097563,2441.34994076405,754.830322265625,340
968,2441.5842726754,2441.62699084111,754.830322265625,340
969,2461.0766450153,2441.56114069691,756.620910644531,340
970,2453.03980101856,2442.05296217983,756.620910644531,340
971,2450.8989045415,2442.51194914939,756.620910644531,340
972,2414.15025540696,2441.71385425734,756.620910644531,340
973,2380.59655081093,2439.45173685651,756.620910644531,340
974,2431.80059071271,2439.10161381551,756.620910644531,340
975,2401.77967341775,2438.04506562874,756.620910644531,340
976,2454.63600733803,2438.59710253362,756.620910644531,340
977,2450.28778466645,2439.46171107493,756.158508300781,340
978,2450.68777847483,2439.90236705483,756.158508300781,340
979,2441.43055015476,2440.19943772057,756.158508300781,340
980,2456.84318750966,2440.46457991603,756.158508300781,340
981,2449.29672966394,2440.54725823443,756.158508300781,340
982,2442.83630784313,2440.91622361544,756.158508300781,340
983,2450.23234327081,2441.16343994607,756.158508300781,340
984,2451.71735609793,2441.53260177887,756.158508300781,340
985,2446.69803773513,2442.08121617775,756.499328613281,340
986,2449.77909941337,2442.01602259411,756.499328613281,340
987,2445.15836924529,2441.71997935013,756.499328613281,340
988,2450.43470509036,2441.88011496342,756.499328613281,340
989,2408.97479115373,2441.10338894677,756.499328613281,340
990,2453.75294842819,2441.31317100747,756.499328613281,340
991,2444.74760977533,2441.40695121743,756.499328613281,340
992,2453.59439781149,2441.44138789086,756.499328613281,340
993,2451.08144914078,2441.82127494948,757.434448242188,340
994,2454.23656934155,2441.54767192253,757.434448242188,340
995,2457.97460011375,2441.74506388633,757.434448242188,340
996,2443.35131175608,2441.44316017492,757.434448242188,340
997,2439.87261750988,2442.47205465903,757.434448242188,340
998,2462.28649621195,2445.73965247507,757.434448242188,340
999,2448.9620061563,2446.42610909282,757.434448242188,340
1000,2452.82709300424,2448.46800587628,757.434448242188,340
1001,2464.07183990447,2448.84543917894,757.804748535156,340
1002,2461.42854902059,2449.2910697531,757.804748535156,340
1003,2463.11199795802,2449.78803853243,757.804748535156,340
1004,2447.73866496167,2450.0403631247,757.804748535156,340
1005,2456.92254126194,2450.0435372748,757.804748535156,340
1006,2451.86460606745,2450.14625233094,757.804748535156,340
1007,2447.77926590323,2450.34397065334,757.804748535156,340
1008,2452.92879078635,2450.45182855396,757.804748535156,340
1009,2459.42240582847,2450.76003054318,757.818603515625,340
1010,2450.33918331389,2450.90567636633,757.818603515625,340
1011,2366.88509160141,2447.58991605386,757.818603515625,340
1012,2449.14667642369,2447.74944834099,757.818603515625,340
1013,2444.10167406959,2447.49612710016,757.818603515625,340
1014,2441.96294049937,2448.81565307399,757.818603515625,340
1015,2460.71423231647,2449.09410442952,757.818603515625,340
1016,2436.72629325891,2448.77325176886,757.818603515625,340
1017,2380.8518103109,2445.86354826884,758.51708984375,340
1018,2157.44486479124,2434.11808489486,758.51708984375,340
1019,2213.28834831111,2424.48015605364,758.51708984375,340
1020,2198.48138056698,2414.10042727177,758.51708984375,340
1021,2221.46166661553,2405.22484146615,758.51708984375,340
1022,2379.10760643279,2402.79424102306,758.51708984375,340
1023,2340.50543830943,2397.92299870696,758.51708984375,340
1024,2255.06884028564,2390.16727207214,758.51708984375,340
1025,2427.40854723772,2389.15053024147,758.095336914062,340
1026,2346.89157582287,2384.46331967821,758.095336914062,340
1027,2143.74392058805,2371.75593454091,758.095336914062,340
1028,2461.38958880537,2371.6870381748,758.095336914062,340
1029,2333.72279754425,2367.12640347811,758.095336914062,340
1030,2419.57862544349,2365.63264684537,758.095336914062,340
1031,2334.11266029534,2360.92256901448,758.095336914062,340
1032,2421.73743533466,2359.88089579174,758.095336914062,340
1033,2350.93803755016,2355.80126566229,758.881469726562,340
1034,2389.19752814703,2352.99227055504,758.881469726562,340
1035,2313.05992270233,2347.50110013057,758.881469726562,340
1036,2360.58012410587,2347.24890143075,758.881469726562,340
1037,2392.32423538157,2344.97600378907,758.881469726562,340
1038,2439.7978357445,2344.80385025606,758.881469726562,340
1039,2325.70808117292,2340.15365588301,758.881469726562,340
1040,2352.19023308562,2335.81269591377,758.881469726562,340
1041,2434.35933129614,2335.71801743526,761.995178222656,340
1042,2396.70173503664,2336.35201442429,761.995178222656,340
1043,2397.93643525921,2345.97167724301,761.995178222656,340
1044,2429.68402461985,2354.62750429536,761.995178222656,340
1045,2313.71238149491,2359.23674433248,761.995178222656,340
1046,2432.39023689206,2367.67388714354,761.995178222656,340
1047,2443.07591026781,2370.23261929694,761.995178222656,340
1048,2442.00957029404,2374.29278457632,761.995178222656,340
1049,2443.01598949431,2381.81067054467,761.88720703125,340
1050,2441.38570659625,2382.36975691901,761.88720703125,340
1051,2363.69895476288,2383.04205207661,761.88720703125,340
1052,2421.19383704519,2394.1400487349,761.88720703125,340
1053,2256.18599094413,2385.93190482045,761.88720703125,340
1054,2406.45799904883,2388.84131288063,761.88720703125,340
1055,2353.08625894176,2386.18161822056,761.88720703125,340
1056,2321.81277409642,2385.6896227726,761.88720703125,340
1057,2405.88850238965,2385.0556654548,761.717590332031,340
1058,2440.33722617088,2388.63163299963,761.717590332031,340
1059,2451.46169335781,2391.12219960806,761.717590332031,340
1060,2415.54441639045,2395.22157935559,761.717590332031,340
1061,2402.70678629467,2396.90664584314,761.717590332031,340
1062,2416.31907248118,2397.86643932712,761.717590332031,340
1063,2441.90217191969,2397.95061277413,761.717590332031,340
1064,2316.15132980782,2397.56834271953,761.717590332031,340
1065,2439.1637546986,2401.04728358405,761.514526367188,340
1066,2380.73905721399,2398.90247262076,761.514526367188,340
1067,2371.26302924994,2397.88492438929,761.514526367188,340
1068,2288.64976850241,2393.51345771902,761.514526367188,340
1069,2446.98058818035,2394.20532026144,761.514526367188,340
1070,2249.27644858347,2391.62788294498,761.514526367188,340
1071,2391.59882069069,2389.99622629693,761.514526367188,340
1072,2332.55781167612,2385.57550235326,761.514526367188,340
1073,2278.67206302083,2379.04200206233,759.674011230469,340
1074,2243.16837445635,2371.04809746081,759.674011230469,340
1075,2214.05580557152,2361.95490141983,759.674011230469,340
1076,2174.57741159405,2354.39003969307,759.674011230469,340
1077,2114.21091315959,2342.11072273765,759.674011230469,340
1078,2196.38147576747,2339.71854213058,759.674011230469,340
1079,2247.68514045368,2333.36762778678,759.674011230469,340
1080,2224.86093109607,2328.23861467295,759.674011230469,340
1081,2431.3967746011,2332.62197469313,760.272888183594,340
1082,2389.10413771599,2331.95060010619,760.272888183594,340
1083,2432.77254589647,2331.64801289521,760.272888183594,340
1084,2393.56025576432,2329.33195539147,760.272888183594,340
1085,2410.25796491006,2329.12049733226,760.272888183594,340
1086,2323.72730541271,2325.96131809698,760.272888183594,340
1087,2398.02322639472,2325.22948425352,760.272888183594,340
1088,2361.39000188363,2322.00899745208,760.272888183594,340
1089,2336.09357153545,2322.80668712118,758.89013671875,340
1090,2420.95906682918,2322.07849960641,758.89013671875,340
1091,2405.39659759,2323.06480122145,758.89013671875,340
1092,2326.92308655656,2321.29120351371,758.89013671875,340
1093,2403.54159796442,2325.88687669219,758.89013671875,340
1094,2416.99071202724,2324.68728164607,758.89013671875,340
1095,2395.05499109987,2330.51842334672,758.89013671875,340
1096,2413.09907538629,2331.37843353455,758.89013671875,340
1097,2355.80324616495,2332.3082509141,758.446105957031,340
1098,2322.89365101702,2334.07711443395,758.446105957031,340
1099,2339.78477064474,2337.94177028148,758.446105957031,340
1100,2396.2054610619,2345.2277565011,758.446105957031,340
1101,2422.75779970951,2355.15497202572,758.446105957031,340
1102,2396.47507141248,2366.44553835583,758.446105957031,340
1103,2332.0053603302,2371.87049373834,758.446105957031,340
1104,2426.68147107659,2379.03034696326,758.446105957031,340
1105,2419.60839468401,2386.82024550678,756.952453613281,340
1106,2352.85144422812,2383.67843229186,756.952453613281,340
1107,2384.93988738927,2383.51186227879,756.952453613281,340
1108,2405.3889675412,2382.41651914458,756.952453613281,340
1109,2415.79854679751,2383.3060507859,756.952453613281,340
1110,2304.0532700747,2379.05786299249,756.952453613281,340
1111,2353.39590770231,2380.24460708407,756.952453613281,340
1112,2304.93352206658,2376.52101891095,756.952453613281,340
1113,2377.84708093256,2377.17930207291,755.632934570312,340
1114,2398.84991540006,2379.68955582749,755.632934570312,340
1115,2412.91621811535,2379.36784187894,755.632934570312,340
1116,2423.22422297887,2380.08094689449,755.632934570312,340
1117,2378.26995538829,2382.13482164776,755.632934570312,340
1118,2403.49290834629,2382.13287406304,755.632934570312,340
1119,2364.10810136308,2380.01756963647,755.632934570312,340
1120,2428.63819306624,2381.36089771512,755.632934570312,340
1121,2398.0108461537,2380.75736854582,754.654052734375,340
1122,2426.2369897504,2383.57471828924,754.654052734375,340
1123,2317.31770407979,2383.35168041175,754.654052734375,340
1124,2431.52794441239,2387.02140736246,754.654052734375,340
1125,2407.75625409662,2387.48343908385,754.654052734375,340
1126,2383.10122558661,2385.89717611893,754.654052734375,340
1127,2420.16349801003,2386.84471318283,754.654052734375,340
1128,2411.75785602002,2390.03481301042,754.654052734375,340
1129,2408.86514444825,2389.32215994529,754.776062011719,340
1130,2439.80174328848,2390.12989388947,754.776062011719,340
1131,2158.77265663966,2382.36674238593,754.776062011719,340
1132,2322.79799193698,2379.88106656784,754.776062011719,340
1133,2438.17775669067,2381.19261813382,754.776062011719,340
1134,2414.67056131754,2381.14749871462,754.776062011719,340
1135,2390.35466640638,2384.59955456789,754.776062011719,340
1136,2413.97804062139,2387.02283988465,754.776062011719,340
1137,2425.11474762043,2391.8300889068,756.65673828125,340
1138,2435.83740591217,2394.14970190599,756.65673828125,340
1139,2427.1667619269,2395.28237576706,756.65673828125,340
1140,2414.95805211987,2395.36404912724,756.65673828125,340
1141,2409.97026723228,2394.83389089738,756.65673828125,340
1142,2310.03889621895,2392.10464853061,756.65673828125,340
1143,2377.16430331229,2391.05150432925,756.65673828125,340
1144,2430.93999508271,2393.72478007803,756.65673828125,340
1145,2400.2581300254,2392.5895775564,752.99169921875,340
1146,2413.22247264193,2393.19804261593,752.99169921875,340
1147,2427.18707000937,2393.23604582628,752.99169921875,340
1148,2403.69365392414,2396.69108382006,752.99169921875,340
1149,2444.16051831522,2397.19638677617,752.99169921875,340
1150,2434.01199622128,2398.24661646116,752.99169921875,340
1151,2445.2029258301,2400.7306844709,752.99169921875,340
1152,2368.63542811489,2398.66956167509,752.99169921875,340
1153,2415.18336397515,2398.8065819933,753.457641601562,340
1154,2429.90068216506,2399.64800350197,753.457641601562,340
1155,2438.98600383018,2399.61537392364,753.457641601562,340
1156,2436.91568096711,2410.74109489674,753.457641601562,340
1157,2401.71696575919,2413.89785384962,753.457641601562,340
1158,2449.93455817567,2414.36812590902,753.457641601562,340
1159,2428.48231842808,2414.92059619345,753.457641601562,340
1160,2475.38625050081,2418.32185955722,753.457641601562,340
1161,2393.3188244988,2417.49549091232,753.990661621094,340
1162,2433.60762094051,2417.83520584512,753.990661621094,340
1163,2395.88542312868,2416.23712653378,753.990661621094,340
1164,2437.96371941169,2416.66900483317,753.990661621094,340
1165,2427.35452198451,2417.16486362776,753.990661621094,340
1166,2450.39814317726,2418.78197866556,753.990661621094,340
1167,2442.41531754983,2424.07703551879,753.990661621094,340
1168,2448.23817075843,2426.91999021664,753.990661621094,340
1169,2448.93751946668,2427.639891192,751.854064941406,340
1170,2429.29785344176,2428.80148012865,751.854064941406,340
1171,2430.6761956891,2429.49962905054,751.854064941406,340
1172,2441.84638214942,2430.08600153614,751.854064941406,340
1173,2366.49959171551,2428.5982390478,751.854064941406,340
1174,2433.55067352567,2428.17384525621,751.854064941406,340
1175,2423.5277075782,2427.75447371049,751.854064941406,340
1176,2387.1036236347,2425.43050162268,751.854064941406,340
1177,2428.50309227965,2427.82520818927,752.594360351562,340
1178,2435.22545931919,2428.62689200303,752.594360351562,340
1179,2440.88791853317,2429.06638145775,752.594360351562,340
1180,2437.54697529995,2429.00882031654,752.594360351562,340
1181,2397.69492715729,2427.43999016415,752.594360351562,340
1182,2454.20473093339,2429.53950077112,752.594360351562,340
1183,2424.64210362647,2428.52780258915,752.594360351562,340
1184,2445.69756276601,2429.21641236267,752.594360351562,340
1185,2440.8724485194,2427.83586028341,752.777099609375,340
1186,2439.69879281588,2429.69105901609,752.777099609375,340
1187,2377.77230399233,2427.45764633817,752.777099609375,340
1188,2411.11079739545,2428.06666130884,752.777099609375,340
1189,2453.76041059678,2428.69852895624,752.777099609375,340
1190,2445.98510382605,2429.4437522299,752.777099609375,340
1191,2300.20092219427,2423.43586339058,752.777099609375,340
1192,2424.41786368231,2422.71596523588,752.777099609375,340
1193,2311.90099099782,2417.26247804546,752.494995117188,340
1194,2412.85342786432,2415.81911438136,752.494995117188,340
1195,2420.18266497674,2415.45450684276,752.494995117188,340
1196,2437.29289917673,2415.71917498227,752.494995117188,340
1197,2453.66995603978,2416.19211793788,752.494995117188,340
1198,2435.10509453638,2418.93633805072,752.494995117188,340
1199,2339.55206759175,2415.17639381336,752.494995117188,340
1200,2447.18252077896,2416.12258634139,752.494995117188,340
1201,2464.00076115211,2419.19847184209,754.704345703125,340
1202,2424.87916036681,2419.05351456557,754.704345703125,340
1203,2463.64635272116,2420.19035030165,754.704345703125,340
1204,2463.31494854061,2421.08743150195,754.704345703125,340
1205,2441.23383810097,2421.23490601399,754.704345703125,340
1206,2455.75925137236,2423.55747898259,754.704345703125,340
1207,2465.95832755438,2424.02762284743,754.704345703125,340
1208,2408.32915840839,2423.37510503871,754.704345703125,340
1209,2449.14500059241,2423.51300255177,755.186767578125,340
1210,2461.05001410443,2424.32010517517,755.186767578125,340
1211,2475.32281735893,2425.74506615689,755.186767578125,340
1212,2470.45025430446,2429.45218416937,755.186767578125,340
1213,2466.55412582138,2431.66991730641,755.186767578125,340
1214,2447.03268949228,2431.40080846223,755.186767578125,340
1215,2449.58124313514,2431.5446540346,755.186767578125,340
1216,2441.15390874305,2437.18277349655,755.186767578125,340
1217,2444.53106464557,2437.98730153508,757.183532714844,340
1218,2438.88755011294,2443.06676389968,757.183532714844,340
1219,2463.12706074531,2445.07770921492,757.183532714844,340
1220,2445.68374736397,2446.09775251041,757.183532714844,340
1221,2447.39869512243,2446.50198434824,757.183532714844,340
1222,2457.12367070406,2446.64013293481,757.183532714844,340
1223,2468.66849138151,2447.98266880862,757.183532714844,340
1224,2393.05041147073,2450.12260256377,757.183532714844,340
1225,2456.71026877727,2450.50371248371,756.383544921875,340
1226,2476.38780542689,2450.9991942547,756.383544921875,340
1227,2336.84617079988,2447.47787467202,756.383544921875,340
1228,2396.0637846558,2444.77457194941,756.383544921875,340
1229,2464.64616961627,2444.82782079243,756.383544921875,340
1230,2453.84610664716,2445.33231153428,756.383544921875,340
1231,2443.03535299349,2444.82335559913,756.383544921875,340
1232,2410.04315945292,2442.58674887507,756.383544921875,340
1233,2463.09928783973,2444.77755405232,757.289916992188,340
1234,2455.03539796101,2445.01316994707,757.289916992188,340
1235,2455.12893757579,2444.77632688592,757.289916992188,340
1236,2464.60354759818,2444.34755609549,757.289916992188,340
1237,2474.50275879197,2444.50965627499,757.289916992188,340
1238,2476.76883865707,2444.91824478842,757.289916992188,340
1239,2464.47727329609,2445.61602814057,757.289916992188,340
1240,2469.52366964005,2446.41372520077,757.289916992188,340
1241,2455.13392555674,2446.97292587331,757.462036132812,340
1242,2464.79693151289,2447.78356054801,757.462036132812,340
1243,2464.29007679893,2448.79966161545,757.462036132812,340
1244,2312.76580315132,2442.78521131169,757.462036132812,340
1245,2307.85886100276,2437.27221585724,757.462036132812,340
1246,2475.32228548152,2438.3891594716,757.462036132812,340
1247,2486.7515348501,2439.57427403744,757.462036132812,340
1248,2477.15150174439,2439.91359445196,757.462036132812,340
1249,2474.14542767141,2443.15739509999,757.189697265625,340
1250,2456.68410887508,2443.1563487039,757.189697265625,340
1251,2472.01091954238,2442.98127326852,757.189697265625,340
1252,2467.23818006604,2448.19695363916,757.189697265625,340
1253,2470.16394214955,2451.16095993891,757.189697265625,340
1254,2465.3484383857,2451.18905068969,757.189697265625,340
1255,2477.84951095748,2452.1491868621,757.189697265625,340
1256,2463.07135359388,2452.95062688612,757.189697265625,340
1257,2481.35708756636,2455.80318401066,757.468872070312,340
1258,2464.78031267888,2455.87042500422,757.468872070312,340
1259,2364.39359265421,2452.24475279195,757.468872070312,340
1260,2476.74871623029,2453.10954393813,757.468872070312,340
1261,2469.41810548617,2453.30212625365,757.468872070312,340
1262,2473.42333553939,2453.25894932355,757.468872070312,340
1263,2464.12773904889,2452.75330533922,757.468872070312,340
1264,2464.49939870735,2452.75419035567,757.468872070312,340
1265,2475.08988714346,2452.97683905581,759.883117675781,340
1266,2462.3320129538,2453.26476255169,759.883117675781,340
1267,2473.05458946999,2453.59506886997,759.883117675781,340
1268,2479.71327629512,2454.21199684982,759.883117675781,340
1269,2480.73130863112,2460.93061706901,759.883117675781,340
1270,2479.47115444157,2467.79510880656,759.883117675781,340
1271,2465.0473303291,2467.38411060047,759.883117675781,340
1272,2469.13530647578,2466.6794614655,759.883117675781,340
1273,2402.54442574708,2463.6951784256,760.939697265625,340
1274,2463.07021231455,2463.25216981133,760.939697265625,340
1275,2463.2747799521,2463.51579665441,760.939697265625,340
1276,2461.12205233234,2463.08024196601,760.939697265625,340
1277,2465.65848340926,2463.01705409974,760.939697265625,340
1278,2478.93204721574,2463.36777830238,760.939697265625,340
1279,2451.83483486237,2462.82723416145,760.939697265625,340
1280,2463.07228668408,2462.23614519051,760.939697265625,340
1281,2327.98437985841,2456.8326662411,762.1591796875,340
1282,2457.46581690636,2455.87701541469,762.1591796875,340
1283,2459.33240189,2455.65909898314,762.1591796875,340
1284,2442.67963324917,2458.79054060694,762.1591796875,340
1285,2467.91725318593,2458.43728208516,762.1591796875,340
1286,2462.04340122307,2458.14229391464,762.1591796875,340
1287,2295.76435554973,2451.03593471505,762.1591796875,340
1288,2466.83287194545,2451.14414003091,762.1591796875,340
1289,2445.87102468635,2450.39900507007,764.051208496094,340
1290,2448.13455956236,2449.32079196683,764.051208496094,340
1291,2450.09199193358,2448.83119112602,764.051208496094,340
1292,2456.57914147474,2448.17217320621,764.051208496094,340
1293,2452.844821824,2447.09743502737,764.051208496094,340
1294,2451.24996117907,2445.91818112929,764.051208496094,340
1295,2451.84167659207,2444.81300201531,764.051208496094,340
1296,2442.71474253558,2443.91969850357,764.051208496094,340
1297,2452.69993974555,2443.26228383436,763.758178710938,340
1298,2445.49808730096,2444.98043029651,763.758178710938,340
1299,2416.72518587299,2443.12662923885,763.758178710938,340
1300,2286.70038624785,2436.06365349068,763.758178710938,340
1301,2378.86616240641,2432.77341789364,763.758178710938,340
1302,2390.98719689108,2429.78656643291,763.758178710938,340
1303,2404.32862716511,2426.80242963089,763.758178710938,340
1304,2463.55957900852,2427.27141939674,763.758178710938,340
1305,2254.24672555167,2418.91839695144,764.336547851562,340
1306,2205.58978784658,2414.02261327097,764.336547851562,340
1307,2175.09198330987,2402.72765992711,764.336547851562,340
1308,2181.35182584354,2391.60843688525,764.336547851562,340
1309,2210.73160695172,2382.33051583335,764.336547851562,340
1310,2187.7620744522,2371.124308684,764.336547851562,340
1311,2179.54037550407,2359.82418765524,764.336547851562,340
1312,2273.5317497587,2358.9348834236,764.336547851562,340
1313,2255.03625715663,2350.46301883205,765.980651855469,340
1314,2424.95593968969,2349.62641543218,765.980651855469,340
1315,2165.47926483083,2338.32020364292,765.980651855469,340
1316,2349.07204044165,2334.27940558324,765.980651855469,340
1317,2183.25296960313,2323.34635870838,765.980651855469,340
1318,2298.10318598416,2317.15669327478,765.980651855469,340
1319,2190.98474648208,2306.74608468691,765.980651855469,340
1320,2194.4975803528,2296.45232083733,765.980651855469,340
1321,2404.81834009995,2294.93646473991,765.0732421875,340
1322,2432.38942809389,2294.12404427384,765.0732421875,340
1323,2242.52588733573,2286.00515627523,765.0732421875,340
1324,2407.16379307847,2285.62270056345,765.0732421875,340
1325,2433.23956368157,2291.4842676608,765.0732421875,340
1326,2380.4496950155,2291.54760896516,765.0732421875,340
1327,2433.68982056768,2293.25571391223,765.0732421875,340
1328,2385.91294070515,2292.51908645383,765.0732421875,340
1329,2259.40486501513,2284.35289789409,765.765380859375,340
1330,2394.81790747365,2289.97574517097,765.765380859375,340
1331,2322.28775180717,2294.6436637294,765.765380859375,340
1332,2372.57722601559,2302.54307343763,765.765380859375,340
1333,2337.13144791506,2308.77425832049,765.765380859375,340
1334,2392.74299028748,2316.05471365392,765.765380859375,340
1335,2306.73681309568,2320.81370319966,765.765380859375,340
1336,2402.19923263009,2329.7200574847,765.765380859375,340
1337,2399.70543081777,2334.76700472706,766.32763671875,340
1338,2446.30806195581,2342.41787691903,766.32763671875,340
1339,2355.00063107655,2339.6196645745,766.32763671875,340
1340,2317.57485957524,2345.70348836428,766.32763671875,340
1341,2406.5929847145,2348.00432613519,766.32763671875,340
1342,2315.81751753364,2353.30690805241,766.32763671875,340
1343,2354.52380998035,2355.56373301226,766.32763671875,340
1344,2352.69336254284,2362.03207765469,766.32763671875,340
1345,2432.7408848837,2371.56180983593,765.687744140625,340
1346,2442.27150887406,2373.05993658689,765.687744140625,340
1347,2338.78844870484,2369.31589741133,765.687744140625,340
1348,2436.30129574013,2377.06691374751,765.687744140625,340
1349,2425.92905730895,2377.81752431672,765.687744140625,340
1350,2217.20316226217,2369.17606825995,765.687744140625,340
1351,2364.39836974846,2368.53401524927,765.687744140625,340
1352,2255.4289734825,2361.40358136586,765.687744140625,340
1353,2459.32290550588,2364.33997995789,764.769409179688,340
1354,2441.03827104269,2371.60531619899,764.769409179688,340
1355,2447.57303093264,2373.71552113735,764.769409179688,340
1356,2433.95339734179,2378.18214695874,764.769409179688,340
1357,2440.69984287346,2380.90705163305,764.769409179688,340
1358,2443.54279282462,2385.16350542943,764.769409179688,340
1359,2436.53196856742,2386.91506456063,764.769409179688,340
1360,2434.57013772584,2392.02839754584,764.769409179688,340
1361,2444.09543181327,2393.70424551317,763.471313476562,340
1362,2439.00064794949,2395.27605419843,763.471313476562,340
1363,2443.03999387178,2395.14533147507,763.471313476562,340
1364,2390.03525212751,2396.54671631711,763.471313476562,340
1365,2439.89772288194,2401.43963084938,763.471313476562,340
1366,2444.44275804842,2402.95362178274,763.471313476562,340
1367,2354.34398205018,2404.4946803634,763.471313476562,340
1368,2325.56794139702,2403.33644562006,763.471313476562,340
1369,2421.36477522462,2406.08330212734,764.068908691406,340
1370,2443.8414048822,2406.52732292728,764.068908691406,340
1371,2447.70251813077,2406.74456329754,764.068908691406,340
1372,2419.66512110369,2409.9796301935,764.068908691406,340
1373,2442.38141570999,2410.22283499229,764.068908691406,340
1374,2430.50923376234,2410.40604205043,764.068908691406,340
1375,2442.84728860768,2419.43180710425,764.068908691406,340
1376,2437.49598740731,2422.3557118106,764.068908691406,340
1377,2451.87533934613,2430.21356644515,763.065979003906,340
1378,2446.81478255144,2429.71324152697,763.065979003906,340
1379,2443.71133430107,2429.8201640573,763.065979003906,340
1380,2451.6109949023,2429.98168261609,763.065979003906,340
1381,2384.38532339611,2427.99895965826,763.065979003906,340
1382,2439.948659006,2427.96891230357,763.065979003906,340
1383,2457.6576766814,2428.53350765784,763.065979003906,340
1384,2448.26397997463,2429.00278811412,763.065979003906,340
1385,2440.38792084885,2429.23549943905,761.774230957031,340
1386,2441.97134005807,2429.15053576884,761.774230957031,340
1387,2451.37021566304,2429.64531847738,761.774230957031,340
1388,2437.30885261154,2429.41607282697,761.774230957031,340
1389,2444.67545721626,2431.60168103052,761.774230957031,340
1390,2402.6215579544,2430.11063443342,761.774230957031,340
1391,2386.17262134106,2427.77982896512,761.774230957031,340
1392,2447.7738663728,2431.51702433803,761.774230957031,340
1393,2194.71538298072,2426.28292200138,756.460083007812,340
1394,2452.4744152526,2427.5273076025,756.460083007812,340
1395,2288.41132085517,2421.31010424141,756.460083007812,340
1396,2293.68422413696,2415.14937248166,756.460083007812,340
1397,2340.15685258806,2411.96904174104,756.460083007812,340
1398,2343.30193668117,2408.00586257989,756.460083007812,340
1399,2351.63654210353,2404.85095491353,756.460083007812,340
1400,2444.2866086241,2404.90852771419,756.460083007812,340
1401,2386.24318147748,2402.858415477,753.684204101562,340
1402,2338.93107184704,2398.34064477703,753.684204101562,340
1403,2388.50931066711,2396.00842590166,753.684204101562,340
1404,2372.59577270089,2393.16380343765,753.684204101562,340
1405,2373.85449725376,2390.05354353171,753.684204101562,340
1406,2385.54731704768,2390.10002327777,753.684204101562,340
1407,2333.36967615654,2385.83686396379,753.684204101562,340
1408,2299.26759382878,2379.50126064969,753.684204101562,340
1409,2451.23272250317,2379.62001035083,753.79736328125,340
1410,2442.45329088105,2379.70262515212,753.79736328125,340
1411,2374.3094272326,2376.9961486391,753.79736328125,340
1412,2434.72421234672,2376.33030850645,753.79736328125,340
1413,2439.76212637392,2376.42843945694,753.79736328125,340
1414,2452.59958297803,2376.74540448741,753.79736328125,340
1415,2435.60520116362,2378.06475021578,753.79736328125,340
1416,2449.06859327955,2380.58058909332,753.79736328125,340
1417,2450.15281837594,2380.67574717345,755.390014648438,340
1418,2452.27164484404,2390.97799764798,755.390014648438,340
1419,2357.96706535784,2387.19770365219,755.390014648438,340
1420,2417.38307401237,2392.35657377848,755.390014648438,340
1421,2401.64730354033,2396.67509695461,755.390014648438,340
1422,2199.26765864386,2391.03952919685,755.390014648438,340
1423,2425.65462255262,2394.3336366317,755.390014648438,340
1424,2260.66043398284,2390.69459230688,755.390014648438,340
1425,2362.47941654355,2387.42230462365,757.884460449219,340
1426,2151.58943459978,2378.03615474855,757.884460449219,340
1427,2200.25274236809,2372.48902156939,757.884460449219,340
1428,2284.92960514475,2368.34583334849,757.884460449219,340
1429,2260.09051629422,2363.84562309223,757.884460449219,340
1430,2396.20106387887,2364.73948575723,757.884460449219,340
1431,2185.03377226629,2356.71894396598,757.884460449219,340
1432,2323.04051813802,2356.30577764524,757.884460449219,340
1433,2332.8248692998,2357.64806866408,760.597229003906,340
1434,2433.40713214586,2356.93504504978,760.597229003906,340
1435,2417.72412106403,2355.9458782571,760.597229003906,340
1436,2427.92425728385,2358.09047145915,760.597229003906,340
1437,2210.65384302697,2349.12765668636,760.597229003906,340
1438,2364.23084519994,2346.1064054394,760.597229003906,340
1439,2407.87985897884,2344.31761647944,760.597229003906,340
1440,2335.84591192733,2340.32724490998,760.597229003906,340
1441,2432.76393957508,2339.67505876181,758.710632324219,340
1442,2368.15598080297,2336.39518525889,758.710632324219,340
1443,2395.15366310229,2334.11046598922,758.710632324219,340
1444,2426.57884803385,2336.85493729626,758.710632324219,340
1445,2378.19156763455,2335.28727704114,758.710632324219,340
1446,2426.13974891216,2336.26697485602,758.710632324219,340
1447,2436.88630523013,2345.77172071947,758.710632324219,340
1448,2439.43269557084,2346.3228436402,758.710632324219,340
1449,2423.19978408859,2352.82441764443,758.079223632812,340
1450,2324.81845149894,2351.31797904264,758.079223632812,340
1451,2450.33658866405,2363.26786520521,758.079223632812,340
1452,2427.69292698386,2372.36547258984,758.079223632812,340
1453,2442.64614839066,2378.67413431968,758.079223632812,340
1454,2409.81736996593,2384.66320846655,758.079223632812,340
1455,2299.13547333866,2380.78058484494,758.079223632812,340
1456,2449.43840795687,2391.35677027256,758.079223632812,340
1457,2420.09733356674,2395.23904288971,758.8525390625,340
1458,2273.81617812581,2392.87869524275,758.8525390625,340
1459,2335.04836154506,2388.94434441872,758.8525390625,340
1460,2431.73966303509,2389.50496609756,758.8525390625,340
1461,2390.34156477393,2388.00165839717,758.8525390625,340
1462,2377.10093819416,2394.65954220385,758.8525390625,340
1463,2323.29579032005,2393.02214000866,758.8525390625,340
1464,2445.25774216169,2394.51725533597,758.8525390625,340
1465,2242.86040991507,2390.79783525548,760.484558105469,340
1466,2395.21343347612,2389.29581501152,760.484558105469,340
1467,2442.01003085985,2392.2499770138,760.484558105469,340
1468,2263.63102848258,2386.98907162901,760.484558105469,340
1469,2388.73364497438,2385.47526350663,760.484558105469,340
1470,2374.15283385475,2385.31371415544,760.484558105469,340
1471,2272.54421836647,2379.16989293361,760.484558105469,340
1472,2358.95370537591,2376.05258893944,760.484558105469,340
1473,2352.87359528425,2372.59022492798,762.509887695312,340
1474,2317.21385512118,2368.35078776928,762.509887695312,340
1475,2427.02450143142,2372.43902976658,762.509887695312,340
1476,2350.21318761735,2368.43409372472,762.509887695312,340
1477,2360.96475630044,2365.76496689738,762.509887695312,340
1478,2339.10887189526,2361.62347583756,762.509887695312,340
1479,2425.09114250927,2362.2344267393,762.509887695312,340
1480,2451.78318592322,2368.34033524268,762.509887695312,340
1481,2442.14486729372,2368.04859361615,762.072387695312,340
1482,2361.74721040409,2365.71458868965,762.072387695312,340
1483,2442.85682713123,2372.47621464986,762.072387695312,340
1484,2382.00261496345,2374.3543847866,762.072387695312,340
1485,2246.29440944902,2366.93657464315,762.072387695312,340
1486,2446.90684913638,2369.19918601765,762.072387695312,340
1487,2426.66582019257,2371.18178129759,762.072387695312,340
1488,2449.11843586155,2376.21468711925,762.072387695312,340
1489,2452.68755882937,2376.51187978596,760.913391113281,340
1490,2432.29226023499,2384.08915379875,760.913391113281,340
1491,2235.59895416444,2377.70457462629,760.913391113281,340
1492,1907.10676639453,2356.30844404767,760.913391113281,340
1493,2443.27534720169,2363.49421679644,760.913391113281,340
1494,2435.6106649846,2365.36929759685,760.913391113281,340
1495,2433.42486170675,2367.74017871093,760.913391113281,340
1496,2308.2957103674,2369.17023839096,760.913391113281,340
1497,2423.30387442794,2371.74424515305,762.442077636719,340
1498,2404.92291623396,2373.82621799103,762.442077636719,340
1499,2451.84662834904,2379.21152892015,762.442077636719,340
1500,2234.34277092041,2371.50425969971,762.442077636719,340
1501,2445.05427573195,2375.29790322429,762.442077636719,340
1502,2418.78578545514,2377.61074439048,762.442077636719,340
1503,2330.39314672425,2377.26211538364,762.442077636719,340
1504,2450.2925593183,2378.270172056,762.442077636719,340
1505,2420.0256822563,2376.99987190932,766.145324707031,340
1506,2440.62926869529,2376.93924796539,766.145324707031,340
1507,2435.1295826674,2379.87454285592,766.145324707031,340
1508,2454.78602700042,2380.35171085069,766.145324707031,340
1509,2443.83179033432,2382.82487786552,766.145324707031,340
1510,2401.67421658113,2389.0400701508,766.145324707031,340
1511,2426.76346862379,2388.2343349303,766.145324707031,340
1512,2456.21462383852,2389.41628707614,766.145324707031,340
1513,2470.80763150522,2390.28385490189,762.497863769531,340
1514,2357.6720879524,2386.48323606681,762.497863769531,340
1515,2419.18004051572,2385.95874727804,762.497863769531,340
1516,2440.69882037734,2394.16274192655,762.497863769531,340
1517,2446.09890466874,2415.72242745752,762.497863769531,340
1518,2282.03289731078,2409.27272946188,762.497863769531,340
1519,2382.89769383339,2407.16421061584,762.497863769531,340
1520,2450.48895811183,2407.84677447204,762.497863769531,340
1521,2424.37410737476,2412.48991035233,760.28759765625,340
1522,2207.72475081679,2403.86674540789,760.28759765625,340
1523,2383.16547379212,2402.99644771021,760.28759765625,340
1524,2420.46961149937,2401.74136703623,760.28759765625,340
1525,2455.14665927366,2410.57352257036,760.28759765625,340
1526,2439.008849952,2410.33170553916,760.28759765625,340
1527,2254.90504874692,2403.77647607083,760.28759765625,340
1528,2246.08209206504,2400.40403388446,760.28759765625,340
1529,2151.6968669092,2388.4602061881,756.872924804688,340
1530,2278.64150047221,2382.80483891673,756.872924804688,340
1531,2146.25033704963,2371.02968165091,756.872924804688,340
1532,2212.25055418424,2362.11452051158,756.872924804688,340
1533,2190.64579346499,2351.54891117016,756.872924804688,340
1534,2117.82896793149,2338.50879827405,756.872924804688,340
1535,2181.47319059587,2329.70075723464,756.872924804688,340
1536,2168.99595819878,2319.39005681764,756.872924804688,340
1537,2314.02636061972,2313.70252628889,757.715515136719,340
1538,2384.48537404173,2310.24963599035,757.715515136719,340
1539,2410.7691564896,2312.37351873184,757.715515136719,340
1540,2203.32067481644,2303.73914410387,757.715515136719,340
1541,2185.39663302845,2293.52705660991,757.715515136719,340
1542,2338.34140798905,2289.21675674272,757.715515136719,340
1543,2430.09929512254,2295.13941265519,757.715515136719,340
1544,2432.74804148932,2297.13342656143,757.715515136719,340
1545,2336.11219793265,2292.55835615426,760.938171386719,340
1546,2267.82459946602,2286.29637583791,760.938171386719,340
1547,2296.26224496447,2289.83787560382,760.938171386719,340
1548,2113.65169224207,2279.05732434182,760.938171386719,340
1549,2327.4433849484,2275.33627527978,760.938171386719,340
1550,2221.37497522865,2265.98540791798,760.938171386719,340
1551,2410.86083361186,2264.85948726437,760.938171386719,340
1552,2200.86558565327,2262.69790874063,760.938171386719,340
1553,2211.97161830384,2261.33348979018,763.066040039062,340
1554,2348.35414353585,2269.19978085524,763.066040039062,340
1555,2145.56000156581,2263.87652089899,763.066040039062,340
1556,2342.54082716887,2271.72814050376,763.066040039062,340
1557,2148.14640461522,2269.163974521,763.066040039062,340
1558,2337.66264916232,2275.04464874889,763.066040039062,340
1559,2282.05371596231,2281.61363867012,763.066040039062,340
1560,2253.46718422002,2284.49339841509,763.066040039062,340
1561,2415.28072573157,2294.3447891164,766.314819335938,340
1562,2209.37120770004,2290.15858299961,766.314819335938,340
1563,2224.55985637151,2283.76156229281,766.314819335938,340
1564,2265.803057639,2277.96291833878,766.314819335938,340
1565,2288.31312186573,2281.36261622075,766.314819335938,340
1566,2222.7351099025,2282.85615529572,766.314819335938,340
1567,2207.90657791343,2277.63876209269,766.314819335938,340
1568,2317.98550064991,2273.15421031379,766.314819335938,340
1569,2400.83979946925,2271.87788063298,762.880554199219,340
1570,2352.55769219108,2272.53570040332,762.880554199219,340
1571,2403.47398768661,2277.96167593214,762.880554199219,340
1572,2387.65934097139,2281.61755977242,762.880554199219,340
1573,2315.30215763403,2289.6835783881,762.880554199219,340
1574,2034.57738191386,2277.96893826672,762.880554199219,340
1575,2014.95306980897,2269.71206204993,762.880554199219,340
1576,2380.058410737,2268.47996513493,762.880554199219,340
1577,2416.43623356938,2277.10279105158,765.3076171875,340
1578,2031.30885010581,2269.87628032366,765.3076171875,340
1579,2408.6457486454,2272.28794452804,765.3076171875,340
1580,2396.68193191542,2282.33282174203,765.3076171875,340
1581,2376.68232899351,2283.69848181501,765.3076171875,340
1582,2046.82016622821,2279.64543227953,765.3076171875,340
1583,2402.10011713751,2282.22293099854,765.3076171875,340
1584,2424.85858253973,2287.93512566164,765.3076171875,340
1585,2336.93940815239,2291.27401461893,764.512939453125,340
1586,2392.16821507957,2290.34951419285,764.512939453125,340
1587,2373.00837390279,2296.89500084096,764.512939453125,340
1588,2303.37195684187,2300.04748485977,764.512939453125,340
1589,2368.15819890596,2304.14169051045,764.512939453125,340
1590,2415.66230400769,2309.23565779613,764.512939453125,340
1591,2340.17337142783,2313.93318825714,764.512939453125,340
1592,2360.92232357638,2320.05381808366,764.512939453125,340
1593,2357.60225052657,2321.63848807873,761.0419921875,340
1594,2406.65630944734,2321.87114847785,761.0419921875,340
1595,2417.6555941897,2324.4750645578,761.0419921875,340
1596,2408.74724995664,2324.6859950486,761.0419921875,340
1597,1972.80511373989,2308.09182595934,761.0419921875,340
1598,2366.35770138008,2310.13404770918,761.0419921875,340
1599,2326.55477185699,2321.81314330691,761.0419921875,340
1600,2075.15803482301,2324.22134190747,761.0419921875,340
1601,2342.98106860886,2322.73824822234,761.647277832031,340
1602,2346.42616602513,2319.93784552057,761.647277832031,340
1603,2413.45754593766,2335.22379335385,761.647277832031,340
1604,2165.24075757269,2325.48759371094,761.647277832031,340
1605,2372.55694796882,2324.52259435307,761.647277832031,340
1606,2390.83826950677,2325.0888319736,761.647277832031,340
1607,1922.2646920123,2320.10661300497,761.647277832031,340
1608,2377.41392172821,2319.1191651886,761.647277832031,340
1609,2273.6644348533,2313.07139928114,760.488098144531,340
1610,2387.1508034856,2315.07985509447,760.488098144531,340
1611,2368.22288846245,2314.12204202978,760.488098144531,340
1612,2178.00362023437,2306.32185188304,760.488098144531,340
1613,2366.43289278777,2308.84428932088,760.488098144531,340
1614,2375.24943051488,2309.12793858524,760.488098144531,340
1615,2086.99087633945,2295.98108147851,760.488098144531,340
1616,2383.10387605468,2297.69830166358,760.488098144531,340
1617,2409.50368681825,2299.64155619326,756.670532226562,340
1618,2349.62611264292,2299.32251067791,756.670532226562,340
1619,2408.20378340025,2299.38440963603,756.670532226562,340
1620,2380.3450857675,2297.89198929914,756.670532226562,340
1621,2398.90712823419,2297.49838443024,756.670532226562,340
1622,2078.91943490795,2301.74295727696,756.670532226562,340
1623,2321.13425987895,2299.93401961692,756.670532226562,340
1624,2385.03148368108,2302.27308808988,756.670532226562,340
1625,2372.07285648346,2314.1496809563,755.899597167969,340
1626,2252.29676617111,2310.52230885879,755.899597167969,340
1627,2316.31874318981,2309.31801194538,755.899597167969,340
1628,2157.04815727715,2299.06163639896,755.899597167969,340
1629,2377.66732050127,2307.5586989161,755.899597167969,340
1630,2351.11123629219,2306.70087044903,755.899597167969,340
1631,2408.25776490807,2307.39765026509,755.899597167969,340
1632,2285.40231767446,2321.92315529157,755.899597167969,340
1633,2299.72467165345,2318.81558528858,751.545349121094,340
1634,2344.70113531438,2321.65705330703,751.545349121094,340
1635,2136.1690372319,2311.61778265688,751.545349121094,340
1636,2152.90086088648,2303.00490155384,751.545349121094,340
1637,2167.95429210376,2302.60292842861,751.545349121094,340
1638,2213.65034740396,2296.49162661326,751.545349121094,340
1639,2295.27875093152,2293.29279942993,751.545349121094,340
1640,2099.93306504547,2293.81048697817,751.545349121094,340
1641,2142.04995605156,2284.16833017804,748.024841308594,340
1642,2369.13515328134,2282.55358883657,748.024841308594,340
1643,2379.84605599562,2283.76238657068,748.024841308594,340
1644,2189.40741631749,2275.01053188737,748.024841308594,340
1645,2418.28019568605,2276.52793628411,748.024841308594,340
1646,2077.47174585759,2263.67052098904,748.024841308594,340
1647,2299.14007316121,2272.47934651917,748.024841308594,340
1648,2245.00048217481,2269.43399541101,748.024841308594,340
1649,2410.51562479217,2270.45336105545,748.178161621094,340
1650,2408.78715184413,2271.92193286988,748.178161621094,340
1651,2362.16198527839,2276.31654163417,748.178161621094,340
1652,2392.65668754374,2279.37005940833,748.178161621094,340
1653,2334.97767466461,2286.48724010382,748.178161621094,340
1654,2399.12482845946,2287.34554042215,748.178161621094,340
1655,2405.71417636743,2289.52965802516,748.178161621094,340
1656,2408.64955079824,2289.54532946077,748.178161621094,340
1657,2287.3560278541,2289.62347786795,748.554809570312,340
1658,2380.08801724113,2292.83801169146,748.554809570312,340
1659,2352.16956847195,2293.13674901776,748.554809570312,340
1660,2400.79833776598,2303.72192103913,748.554809570312,340
1661,2388.8001649203,2313.15789320048,748.554809570312,340
1662,2416.30363510184,2323.0918669204,748.554809570312,340
1663,2401.55719829555,2330.60814095607,748.554809570312,340
1664,2391.6056756928,2334.46121794652,748.554809570312,340
1665,2327.59139454302,2343.56755112642,749.705139160156,340
1666,2257.64853884903,2348.19149443832,749.705139160156,340
1667,2371.76003120148,2348.29648955512,749.705139160156,340
1668,2373.90077646038,2348.05867837371,749.705139160156,340
1669,2264.35650819585,2351.05664204885,749.705139160156,340
1670,2390.58067008327,2349.94866102474,749.705139160156,340
1671,2377.75746367813,2361.96008973756,749.705139160156,340
1672,2209.66447247261,2358.38106571002,749.705139160156,340
1673,2311.72812975425,2361.05017161319,751.083862304688,340
1674,2375.64012852706,2359.65515176259,751.083862304688,340
1675,2410.70803171741,2359.73198695752,751.083862304688,340
1676,2374.66642681242,2360.23216461888,751.083862304688,340
1677,2385.25773600729,2359.93620655742,751.083862304688,340
1678,2362.04358657316,2361.01884303377,751.083862304688,340
1679,2234.25001821247,2354.42385062389,751.083862304688,340
1680,2377.78956437407,2353.30686614415,751.083862304688,340
1681,2385.941470706,2352.39854294046,753.454895019531,340
1682,2388.5875452945,2356.44780363808,753.454895019531,340
1683,2416.38851437148,2357.89982352329,753.454895019531,340
1684,2388.11825883757,2359.33777113792,753.454895019531,340
1685,2352.38366545437,2357.40118424545,753.454895019531,340
1686,2360.83783818055,2356.28269117586,753.454895019531,340
1687,2400.7862696602,2355.6619965582,753.454895019531,340
1688,2376.2968358313,2354.65158205963,753.454895019531,340
1689,2397.19403739792,2354.87511652783,756.215515136719,340
1690,2388.62324242558,2357.31639044313,756.215515136719,340
1691,2389.06010678259,2362.57285316048,756.215515136719,340
1692,2403.98718593222,2363.86193934971,756.215515136719,340
1693,2394.75932925402,2364.69628146145,756.215515136719,340
1694,2395.08191757978,2369.92529783681,756.215515136719,340
1695,2397.55458919427,2370.20425460125,756.215515136719,340
1696,2400.98016510745,2371.13316265842,756.215515136719,340
1697,2382.80056971737,2378.05860654821,756.953796386719,340
1698,2403.82398152353,2381.74244061898,756.953796386719,340
1699,2413.92921646789,2383.27400413662,756.953796386719,340
1700,2402.09815791728,2382.92960918461,756.953796386719,340
1701,2386.11417963377,2383.38751929747,756.953796386719,340
1702,2380.63524236506,2383.20261955178,756.953796386719,340
1703,2390.00699042862,2384.32115570599,756.953796386719,340
1704,2381.23277458788,2390.20046596101,756.953796386719,340
1705,2415.06746536352,2391.69158200059,757.227783203125,340
1706,2391.19395542495,2391.90168138935,757.227783203125,340
1707,2404.42276957615,2392.53509036061,757.227783203125,340
1708,2394.1728321917,2391.64646307342,757.227783203125,340
1709,2399.9559059328,2392.11996895723,757.227783203125,340
1710,2390.5773163295,2393.64771499224,757.227783203125,340
1711,2368.56682009265,2393.95687426872,757.227783203125,340
1712,2376.99534406894,2393.00523724507,757.227783203125,340
1713,2399.26988109076,2393.92415905545,757.56787109375,340
1714,2331.24575141094,2391.28622761597,757.56787109375,340
1715,2399.73737986538,2391.73079311356,757.56787109375,340
1716,2405.63326023453,2392.39371925164,757.56787109375,340
1717,2402.36813677327,2392.32895728528,757.56787109375,340
1718,2377.02957109996,2391.61976695912,757.56787109375,340
1719,2415.83785848688,2392.4500045954,757.56787109375,340
1720,2430.18002690733,2393.75502210392,757.56787109375,340
1721,2415.39006974324,2394.33141828936,757.646362304688,340
1722,2407.52543383354,2395.320412854,757.646362304688,340
1723,2401.75038969291,2395.23746918078,757.646362304688,340
1724,2418.55663658634,2395.42256598551,757.646362304688,340
1725,2425.09299503627,2396.34235947027,757.646362304688,340
1726,2418.27309961226,2397.62871626941,757.646362304688,340
1727,2416.05851486702,2399.04564716949,757.646362304688,340
1728,2387.41569156731,2398.94199521504,757.646362304688,340
1729,2416.49179438207,2400.35235600681,757.5576171875,340
1730,2344.27420838699,2397.52062572775,757.5576171875,340
1731,2380.27861012973,2397.08401191594,757.5576171875,340
1732,2418.32980534461,2397.64029334668,757.5576171875,340
1733,2321.52559445474,2394.7344038372,757.5576171875,340
1734,2393.35061015383,2394.47019200604,757.5576171875,340
1735,2395.69473836041,2394.67488888728,757.5576171875,340
1736,2402.3386455962,2396.02576190742,757.5576171875,340
1737,2404.92545001279,2397.14296614517,756.894226074219,340
1738,2411.35215644892,2397.6262571595,756.894226074219,340
1739,2423.44941427718,2401.31440367415,756.894226074219,340
1740,2414.43418061473,2401.90227570412,756.894226074219,340
1741,2411.72525459252,2402.14595547844,756.894226074219,340
1742,2425.75127352933,2403.08128094868,756.894226074219,340
1743,2426.67653718612,2405.06715959213,756.894226074219,340
1744,2411.59964624528,2404.89763110247,756.894226074219,340
1745,2400.90160567319,2403.7264942531,758.613037109375,340
1746,2364.5657635213,2401.69352200422,758.613037109375,340
1747,2413.22374328857,2401.92145438243,758.613037109375,340
1748,2381.13732931434,2401.09693196728,758.613037109375,340
1749,2378.2459177273,2399.48450321292,758.613037109375,340
1750,2389.38359117776,2398.05612705858,758.613037109375,340
1751,2423.0535187893,2398.24734382566,758.613037109375,340
1752,2410.14118057512,2398.01065045399,758.613037109375,340
1753,2423.78898662748,2399.46558225639,759.2119140625,340
1754,2382.40800134639,2398.10223053496,759.2119140625,340
1755,2405.39538233166,2400.54707749275,759.2119140625,340
1756,2436.87395275014,2402.81089119757,759.2119140625,340
1757,2411.35553175096,2402.53192025382,759.2119140625,340
1758,2414.67440701426,2406.2578727562,759.2119140625,340
1759,2416.36083082412,2407.17828158301,759.2119140625,340
1760,2401.25833514228,2407.40082545429,759.2119140625,340
1761,2429.97098301833,2408.50611895117,759.67138671875,340
1762,2422.17903080147,2409.19626218272,759.67138671875,340
1763,2406.39796986552,2408.99809471939,759.67138671875,340
1764,2409.17096723836,2408.42695683783,759.67138671875,340
1765,2427.22774289348,2408.93869932898,759.67138671875,340
1766,2398.46574975296,2408.4083191354,759.67138671875,340
1767,2434.30428462159,2408.75043957909,759.67138671875,340
1768,2419.68979771381,2408.4709700002,759.67138671875,340
1769,2407.36230097698,2408.30147618947,759.810302734375,340
1770,2434.27668222679,2409.63647925161,759.810302734375,340
1771,2400.89206308432,2411.08953123413,759.810302734375,340
1772,2425.26067437683,2411.57100847766,759.810302734375,340
1773,2421.80688578708,2413.19779073657,759.810302734375,340
1774,2438.73507531375,2415.61735704003,759.810302734375,340
1775,2433.14213734548,2417.36769888674,759.810302734375,340
1776,2429.1833552732,2417.61289234609,759.810302734375,340
1777,2430.50719898117,2418.42753308234,759.465637207031,340
1778,2410.96779260483,2417.91468532143,759.465637207031,340
1779,2433.95861059145,2419.97670969123,759.465637207031,340
1780,2383.32270868263,2419.09380274527,759.465637207031,340
1781,2421.90451377124,2418.49502518612,759.465637207031,340
1782,2410.43866510409,2418.45835052024,759.465637207031,340
1783,2416.86047800007,2418.54579335967,759.465637207031,340
1784,2422.28135203592,2418.78261420815,759.465637207031,340
1785,2441.46352742848,2420.39082189959,758.799133300781,340
1786,2434.28424353783,2420.56335232037,758.799133300781,340
1787,2454.15685153039,2421.84246514953,758.799133300781,340
1788,2433.97942873535,2422.94572350432,758.799133300781,340
1789,2354.35982923387,2420.75327798414,758.799133300781,340
1790,2402.50199280717,2419.76424798069,758.799133300781,340
1791,2415.82646288616,2420.45867650602,758.799133300781,340
1792,2417.9774472686,2419.8056030119,758.799133300781,340
1793,2438.11662890033,2420.54267625936,758.189270019531,340
1794,2412.50590613041,2420.7484204655,758.189270019531,340
1795,2420.15975740456,2420.18374347261,758.189270019531,340
1796,2433.20050479604,2421.47608114108,758.189270019531,340
1797,2448.66491747118,2422.41225086485,758.189270019531,340
1798,2442.37049065283,2423.23479505948,758.189270019531,340
1799,2434.5835952266,2423.06873585599,758.189270019531,340
1800,2437.02406693482,2423.22401303957,758.189270019531,340
1801,2421.41884362307,2422.91343257356,758.787719726562,340
1802,2439.53400428289,2423.27450478563,758.787719726562,340
1803,2430.35608860748,2424.05003662574,758.787719726562,340
1804,2444.0075384756,2424.4519937411,758.787719726562,340
1805,2433.17237954634,2426.44598057565,758.787719726562,340
1806,2455.69282152171,2427.79751288567,758.787719726562,340
1807,2440.45556534636,2428.99818889536,758.787719726562,340
1808,2429.07424960602,2429.4867397596,758.787719726562,340
1809,2435.28399980955,2430.00684567054,759.493041992188,340
1810,2456.18470614154,2430.59569281907,759.493041992188,340
1811,2430.45356824109,2430.4424658072,759.493041992188,340
1812,2337.70480155199,2425.78438380806,759.493041992188,340
1813,2334.50112169136,2421.8052515263,759.493041992188,340
1814,2418.448243633,2424.36878810227,759.493041992188,340
1815,2456.05584235061,2426.51094208401,759.493041992188,340
1816,2437.24559782777,2427.36770748167,759.493041992188,340
1817,2438.86417774982,2428.20317670092,759.517272949219,340
1818,2418.97377440422,2427.43746252107,759.517272949219,340
1819,2425.5604901404,2427.95964588147,759.517272949219,340
1820,2426.46966936713,2428.21204235998,759.517272949219,340
1821,2435.29763507512,2428.29592757114,759.517272949219,340
1822,2443.60600022134,2428.09357088115,759.517272949219,340
1823,2415.39775821486,2427.01466158363,759.517272949219,340
1824,2421.98642500365,2426.51077477471,759.517272949219,340
1825,2325.61352082548,2422.05435293034,762.192260742188,340
1826,2436.15055293303,2422.64362130273,762.192260742188,340
1827,2431.50647954505,2422.32252031322,762.192260742188,340
1828,2430.63913161933,2422.33384203369,762.192260742188,340
1829,2429.74769773614,2421.76344840412,762.192260742188,340
1830,2430.17206695502,2421.64343590046,762.192260742188,340
1831,2464.63588413678,2422.00115840507,762.192260742188,340
1832,2438.35915548834,2421.91730201075,762.192260742188,340
1833,2418.12206719099,2421.47921471414,760.978088378906,340
1834,2397.83770076651,2419.98136275242,760.978088378906,340
1835,2445.03792941896,2419.53549168352,760.978088378906,340
1836,2427.91176775772,2419.43381966419,760.978088378906,340
1837,2439.55345877508,2423.50776595311,760.978088378906,340
1838,2397.15065229172,2426.01374717712,760.978088378906,340
1839,2418.15431035892,2426.00198984616,760.978088378906,340
1840,2434.07809566526,2425.12287997875,760.978088378906,340
1841,2451.89046280159,2425.7086745777,762.115478515625,340
1842,2440.13564573347,2425.75953329704,762.115478515625,340
1843,2411.85792201329,2425.47489920141,762.115478515625,340
1844,2425.41309296552,2425.46900331441,762.115478515625,340
1845,2368.0222445523,2423.13110632182,762.115478515625,340
1846,2422.73459898831,2422.62858487835,762.115478515625,340
1847,2437.51765883034,2422.38505122271,762.115478515625,340
1848,2408.60116659031,2422.11318755772,762.115478515625,340
1849,2406.68166607608,2421.50099720062,762.420471191406,340
1850,2444.14060382113,2426.24208052045,762.420471191406,340
1851,2434.42388372794,2426.17301375224,762.420471191406,340
1852,2444.99098248716,2426.71239386993,762.420471191406,340
1853,2425.13519170935,2426.49223627353,762.420471191406,340
1854,2438.22921992886,2426.83149716124,762.420471191406,340
1855,2429.73191609144,2426.8138911267,762.420471191406,340
1856,2439.18991234751,2425.79605225512,762.420471191406,340
1857,2434.42649684697,2425.63874590947,762.743408203125,340
1858,2331.9024281962,2422.18996034968,762.743408203125,340
1859,2433.57703945424,2423.61953389719,762.743408203125,340
1860,2425.32150382414,2422.83087687339,762.743408203125,340
1861,2437.41992424052,2423.21120313271,762.743408203125,340
1862,2447.93880329382,2423.54661691346,762.743408203125,340
1863,2427.69710934808,2424.76847519571,762.743408203125,340
1864,2452.43114432357,2426.1395485543,762.743408203125,340
1865,2434.97650472225,2426.17548491658,763.436950683594,340
1866,2456.97210079358,2426.37875043626,763.436950683594,340
1867,2436.18351993724,2426.22066540441,763.436950683594,340
1868,2430.88380602638,2426.98170076493,763.436950683594,340
1869,2449.80747536032,2427.95747606072,763.436950683594,340
1870,2457.29366102975,2431.52833271982,763.436950683594,340
1871,2429.76881389097,2431.80970131593,763.436950683594,340
1872,2424.39991473084,2431.28499155195,763.436950683594,340
1873,2457.01473704163,2433.22153437,763.505065917969,340
1874,2460.05268392956,2435.35637508414,763.505065917969,340
1875,2439.80426149784,2435.18292139121,763.505065917969,340
1876,2440.93656455008,2435.44342862409,763.505065917969,340
1877,2443.50571975903,2435.38401811497,763.505065917969,340
1878,2441.78410489848,2436.04997464253,763.505065917969,340
1879,2343.19107038645,2432.24844866084,763.505065917969,340
1880,2459.89367168102,2433.45491888442,763.505065917969,340
1881,2448.05275418731,2433.80943255801,763.609375,340
1882,2450.78018366205,2434.46358003061,763.609375,340
1883,2440.5121614635,2438.80796936131,763.609375,340
1884,2435.93478404126,2438.90227914479,763.609375,340
1885,2454.46503693412,2440.06802046919,763.609375,340
1886,2454.9880068431,2440.77074377329,763.609375,340
1887,2453.49998343588,2440.99319097897,763.609375,340
1888,2450.6877841021,2441.91281796913,763.609375,340
1889,2456.58943289568,2442.07914951202,764.115417480469,340
1890,2460.58734917588,2443.10358329016,764.115417480469,340
1891,2463.37703868535,2443.35978080583,764.115417480469,340
1892,2451.0550125266,2443.95464050941,764.115417480469,340
1893,2439.46575566799,2444.29791849507,764.115417480469,340
1894,2452.17666144351,2444.3926859384,764.115417480469,340
1895,2465.80748403648,2444.73323885867,764.115417480469,340
1896,2447.00293845592,2445.42260384127,764.115417480469,340
1897,2471.06339117487,2447.28914289903,764.248229980469,340
1898,2466.00048912506,2447.64857298236,764.248229980469,340
1899,2465.4017003959,2447.86253364102,764.248229980469,340
1900,2459.73930448587,2448.65993536054,764.248229980469,340
1901,2469.22900775233,2449.79163308863,764.248229980469,340
1902,2464.54933495023,2450.63337769628,764.248229980469,340
1903,2466.29916260555,2451.61398000456,764.248229980469,340
1904,2465.79984049986,2456.5183308091,764.248229980469,340
1905,2468.16644140525,2456.84924159807,764.739013671875,340
1906,2444.61769462761,2456.71183921568,764.739013671875,340
1907,2451.33429048964,2456.73400348878,764.739013671875,340
1908,2463.02819543886,2457.6346448478,764.739013671875,340
1909,2441.73014700085,2457.86645936618,764.739013671875,340
1910,2451.57125990161,2457.75070828488,764.739013671875,340
1911,2458.22601390035,2457.88022856717,764.739013671875,340
1912,2462.19189209764,2458.22790491364,764.739013671875,340
1913,2459.57278610913,2458.58330499392,764.4072265625,340
1914,2454.81299937922,2458.51224765326,764.4072265625,340
1915,2453.52543109117,2458.22977092987,764.4072265625,340
1916,2454.21959055385,2457.86347300461,764.4072265625,340
1917,2457.72381409881,2458.1302250675,764.4072265625,340
1918,2448.81959214242,2458.50437852648,764.4072265625,340
1919,2467.22127863008,2459.10616321394,764.4072265625,340
1920,2475.43632936322,2459.49131702701,764.4072265625,340
1921,2457.74243346844,2459.92089682751,765.17138671875,340
1922,2469.11062506145,2459.84278618298,765.17138671875,340
1923,2449.32471015266,2459.17575502408,765.17138671875,340
1924,2444.89646398044,2458.35554556746,765.17138671875,340
1925,2303.36132943174,2452.1004265653,765.17138671875,340
1926,2437.87903966426,2450.84642784177,765.17138671875,340
1927,2473.69682229708,2451.21232733565,765.17138671875,340
1928,2466.50268943407,2451.22046840879,765.17138671875,340
1929,2428.20300319241,2449.71659491649,764.78076171875,340
1930,2433.76452359193,2448.34051820396,764.78076171875,340
1931,2443.16976636674,2448.28260107352,764.78076171875,340
1932,2407.2389721147,2446.51878833853,764.78076171875,340
1933,2414.11297879521,2444.56217967278,764.78076171875,340
1934,2456.99695474458,2445.17285198253,764.78076171875,340
1935,2398.90318500123,2443.06612898651,764.78076171875,340
1936,2448.48097626046,2442.67632748092,764.78076171875,340
1937,2441.35618250942,2441.84289909739,765.785095214844,340
1938,2442.31381263667,2441.15254015849,765.785095214844,340
1939,2470.93675768795,2441.79749049084,765.785095214844,340
1940,2459.57122224221,2442.03932213688,765.785095214844,340
1941,2467.0746034232,2442.55352265165,765.785095214844,340
1942,2455.8114825246,2442.47702938869,765.785095214844,340
1943,2414.42816676305,2441.10137237351,765.785095214844,340
1944,2434.90031967105,2439.80853401515,765.785095214844,340
1945,2471.52744270495,2439.65217854882,765.938171386719,340
1946,2456.49567571244,2439.60230823858,765.938171386719,340
1947,2467.93174403785,2439.55515299764,765.938171386719,340
1948,2454.93671797746,2439.77963331063,765.938171386719,340
1949,2461.1224572021,2440.42867303949,765.938171386719,340
1950,2466.08080958705,2446.93745224571,765.938171386719,340
1951,2458.00956907878,2447.74267342229,765.938171386719,340
1952,2459.73601965765,2447.18424131671,765.938171386719,340
1953,2462.63261807924,2447.02943846252,766.492004394531,340
1954,2400.06902940289,2445.90407951094,766.492004394531,340
1955,2470.85194413363,2447.3875763326,766.492004394531,340
1956,2484.14183198654,2449.0264589574,766.492004394531,340
1957,2472.74627324806,2451.64675100273,766.492004394531,340
1958,2461.77350906626,2453.55317221357,766.492004394531,340
1959,2470.77578903331,2454.10432558512,766.492004394531,340
1960,2471.37253786602,2457.00309969971,766.492004394531,340
1961,2461.74991523824,2457.53385725882,766.786987304688,340
1962,2468.17217929542,2458.60649713026,766.786987304688,340
1963,2464.47648356544,2459.49300396742,766.786987304688,340
1964,2457.71147094822,2458.96399249783,766.786987304688,340
1965,2454.50892511358,2458.76150061268,766.786987304688,340
1966,2455.01353376249,2458.27905782625,766.786987304688,340
1967,2454.19294905004,2458.21431648727,766.786987304688,340
1968,2457.96084437323,2459.95562359168,766.786987304688,340
1969,2227.92673108268,2451.67668004814,767.244018554688,340
1970,2219.17581540588,2441.58261495618,767.244018554688,340
1971,2198.92520333292,2431.279796061,767.244018554688,340
1972,2365.61725514205,2427.18721650517,767.244018554688,340
1973,2457.2498689926,2427.27974254577,767.244018554688,340
1974,2283.2883476735,2420.16637816463,767.244018554688,340
1975,2403.4960954419,2417.66298959882,767.244018554688,340
1976,2181.20914627487,2406.59097268667,767.244018554688,340
1977,2201.45181159308,2396.25960436408,769.0400390625,340
1978,2389.38940925948,2393.32987601129,769.0400390625,340
1979,2223.36496894439,2386.26171359295,769.0400390625,340
1980,2116.65994694739,2372.0940337055,769.0400390625,340
1981,2379.54840758046,2367.91029672926,769.0400390625,340
1982,2188.94674690905,2356.5583156757,769.0400390625,340
1983,2258.11622160645,2348.41202417731,769.0400390625,340
1984,2462.80358364741,2348.09313596187,769.0400390625,340
1985,2433.34862170901,2346.57217931559,769.7734375,340
1986,2304.21235838763,2340.27067704157,769.7734375,340
1987,2444.26095515771,2339.31422807606,769.7734375,340
1988,2429.83107424841,2337.92841170338,769.7734375,340
1989,2438.16717804167,2337.14663998712,769.7734375,340
1990,2425.54110437797,2335.98792715769,769.7734375,340
1991,2412.36652007794,2334.28204661031,769.7734375,340
1992,2435.18933506944,2333.52190205108,769.7734375,340
1993,2468.65338657557,2333.94960373918,768.828125,340
1994,2448.58060133079,2342.7757585491,768.828125,340
1995,2464.78830179178,2352.60025800454,768.828125,340
1996,2281.49804430505,2355.90317164342,768.828125,340
1997,2428.12315695112,2358.40340771579,768.828125,340
1998,2440.38698568691,2357.72889238356,768.828125,340
1999,2456.39827335497,2364.65328941082,768.828125,340
2000,2420.04238695157,2365.3151410712,768.828125,340
2001,2437.46126153867,2375.56522568176,769.203308105469,340
2002,2421.30309533979,2384.35927703162,769.203308105469,340
2003,2455.65311880163,2387.00982541331,769.203308105469,340
2004,2440.04641085746,2395.67708308983,769.203308105469,340
2005,2468.4544974289,2409.74886510909,769.203308105469,340
2006,2427.82861242082,2411.68007330271,769.203308105469,340
2007,2411.56234586427,2420.58469726092,769.203308105469,340
2008,2434.67806301708,2427.64717091734,769.203308105469,340
2009,2378.35639057472,2424.26928319443,767.499816894531,340
2010,2437.91597610995,2424.45197737047,767.499816894531,340
2011,2462.14559891578,2430.7693069916,767.499816894531,340
2012,2307.30795662153,2425.29118705015,767.499816894531,340
2013,2466.03848462521,2426.73948346522,767.499816894531,340
2014,2435.51446880152,2426.63337509562,767.499816894531,340
2015,2452.41661835654,2427.70839565476,767.499816894531,340
2016,2460.66917756646,2429.6405019543,767.499816894531,340
2017,2448.02603955617,2430.15397013377,768.242248535156,340
2018,2428.33978875253,2428.54142622085,768.242248535156,340
2019,2429.52291599261,2427.77911880732,768.242248535156,340
2020,2428.42250641676,2426.32448699232,768.242248535156,340
2021,2449.95755097623,2433.06286725917,768.242248535156,340
2022,2459.35131141158,2434.31199343759,768.242248535156,340
2023,2456.76340439722,2434.967050186,768.242248535156,340
2024,2430.80912486455,2433.94348424638,768.242248535156,340
2025,2462.63400521545,2435.64714897694,765.467712402344,340
2026,2457.0659865335,2436.43133797673,765.467712402344,340
2027,2437.53971779502,2437.08080287494,765.467712402344,340
2028,2450.66965235208,2436.88146421696,765.467712402344,340
2029,2440.25594898479,2436.88984574205,765.467712402344,340
2030,2457.8736028102,2436.4666099573,765.467712402344,340
2031,2452.15807871374,2437.43978860902,765.467712402344,340
2032,2449.32540892158,2438.95031113131,765.467712402344,340
2033,2468.55039126535,2440.30520426124,764.289916992188,340
2034,2452.40702729235,2443.26722972995,764.289916992188,340
2035,2456.04316014667,2443.99231709142,764.289916992188,340
2036,2451.28605907233,2443.55793549768,764.289916992188,340
2037,2451.24257053709,2449.3153200543,764.289916992188,340
2038,2444.42043377856,2448.45059802044,764.289916992188,340
2039,2436.19792839297,2448.47793640409,764.289916992188,340
2040,2454.69670437199,2448.56913984471,764.289916992188,340
2041,2466.31607485278,2448.79501573616,764.444946289062,340
2042,2466.11010648709,2449.5183784134,764.444946289062,340
2043,2462.15941079728,2450.87116329519,764.444946289062,340
2044,2448.48975458883,2451.62983683904,764.444946289062,340
2045,2462.48807560964,2452.99245960676,764.444946289062,340
2046,2457.64389608546,2453.29991341112,764.444946289062,340
2047,2424.57854189469,2451.90900263045,764.444946289062,340
2048,2465.41684929101,2452.2551404262,764.444946289062,340
2049,2453.81566495245,2453.17540202972,764.21630859375,340
2050,2441.63794848774,2452.33555976061,764.21630859375,340
2051,2448.38280845061,2451.98823263729,764.21630859375,340
2052,2433.40119162394,2451.82269159045,764.21630859375,340
2053,2412.93216464884,2450.31319208232,764.21630859375,340
2054,2471.13976762662,2451.54854482799,764.21630859375,340
2055,2451.09311425204,2451.27732528567,764.21630859375,340
2056,2451.10518608462,2451.2352095805,764.21630859375,340
2057,2416.66381307146,2449.9287457465,763.402282714844,340
2058,2322.45138201427,2444.08478537645,763.402282714844,340
2059,2467.99696306897,2444.70838280752,763.402282714844,340
2060,2476.15402777848,2445.51281751279,763.402282714844,340
2061,2363.09402751799,2441.98513625062,763.402282714844,340
2062,2472.0796697676,2442.81862021984,763.402282714844,340
2063,2483.60121063348,2444.38585129403,763.402282714844,340
2064,2395.98891177124,2442.77749062917,763.402282714844,340
2065,2428.07338212783,2441.7125577394,762.3193359375,340
2066,2478.06372757459,2442.18246384827,762.3193359375,340
2067,2485.65376968334,2442.96421037612,762.3193359375,340
2068,2472.74427475607,2443.38760493447,762.3193359375,340
2069,2460.01070278032,2443.84844286213,762.3193359375,340
2070,2383.8859342134,2440.70435720628,762.3193359375,340
2071,2464.40519212061,2440.97480904769,762.3193359375,340
2072,2362.75611961774,2438.50191215661,762.3193359375,340
2073,2378.36942954435,2435.02001536674,762.014587402344,340
2074,2428.32264288596,2434.00029448409,762.014587402344,340
2075,2438.00482182367,2433.85496941752,762.014587402344,340
2076,2456.99017433571,2434.19926405293,762.014587402344,340
2077,2469.30695002006,2435.63549438877,762.014587402344,340
2078,2430.54030934571,2436.33982017665,762.014587402344,340
2079,2442.71456793703,2435.20281218906,762.014587402344,340
2080,2437.46734452502,2434.65778139998,762.014587402344,340
2081,2463.55895218398,2435.15593204396,763.546264648438,340
2082,2187.16058330528,2425.97580285331,763.546264648438,340
2083,2453.38708096007,2431.21323081114,763.546264648438,340
2084,2463.63551991617,2431.03877308503,763.546264648438,340
2085,2452.00147144735,2430.07267083178,763.546264648438,340
2086,2398.25353861377,2431.47905127561,763.546264648438,340
2087,2449.49779244403,2430.57577618267,763.546264648438,340
2088,2463.36483448573,2429.76632113676,763.546264648438,340
2089,2264.22273313413,2424.49567399128,762.991760253906,340
2090,2363.5615938495,2421.91520246014,762.991760253906,340
2091,2329.58895434711,2415.97621153105,762.991760253906,340
2092,2432.81214148132,2413.86254640296,762.991760253906,340
2093,2454.86910880645,2413.14753976498,762.991760253906,340
2094,2431.0514654047,2411.98917026995,762.991760253906,340
2095,2460.88105022419,2415.06897491039,762.991760253906,340
2096,2466.47587278383,2415.15180213691,762.991760253906,340
2097,2450.6251703765,2418.66656416726,763.420166015625,340
2098,2443.05303561507,2421.25390841009,763.420166015625,340
2099,2428.59034815433,2421.26461662083,763.420166015625,340
2100,2433.85201827019,2421.09850447869,763.420166015625,340
2101,2429.74189434179,2420.00857327893,763.420166015625,340
2102,2409.30828904058,2417.60862683975,763.420166015625,340
2103,2450.97150927282,2418.42587483684,763.420166015625,340
2104,2355.91255875423,2414.95379446953,763.420166015625,340
2105,2444.0175903122,2415.21580430101,764.082214355469,340
2106,2422.54043183313,2413.57506348698,764.082214355469,340
2107,2458.97472962885,2424.44762933992,764.082214355469,340
2108,2416.5610333136,2422.97458743406,764.082214355469,340
2109,2444.06838936795,2422.19190221213,764.082214355469,340
2110,2411.70676439058,2420.58011392986,764.082214355469,340
2111,2441.6657083665,2422.31660071997,764.082214355469,340
2112,2442.70618228105,2422.04493631345,764.082214355469,340
2113,2444.92701539048,2421.30742354964,763.200073242188,340
2114,2431.54662583666,2428.00037925774,763.200073242188,340
2115,2456.9342708778,2431.73528633888,763.200073242188,340
2116,2446.22866806596,2436.40087488763,763.200073242188,340
2117,2445.56496149033,2436.91098768799,763.200073242188,340
2118,2441.28687787877,2436.36769845088,763.200073242188,340
2119,2448.88729950727,2437.08113181499,763.200073242188,340
2120,2435.63522272547,2436.07129871504,763.200073242188,340
2121,2448.69121745276,2435.35991250179,763.424377441406,340
2122,2444.08219196483,2435.09819336533,763.424377441406,340
2123,2442.92613738493,2435.09311743612,763.424377441406,340
2124,2457.4444267783,2436.24728058108,763.424377441406,340
2125,2435.59295510833,2436.31691805461,763.424377441406,340
2126,2464.30816221291,2437.69956876945,763.424377441406,340
2127,2440.13600443987,2438.93267738542,763.424377441406,340
2128,2450.40820234322,2438.91014510824,763.424377441406,340
2129,2451.17948073947,2442.72082198765,764.519470214844,340
2130,2461.51751358709,2443.42081891864,764.519470214844,340
2131,2453.42858965629,2444.65634523157,764.519470214844,340
2132,2460.32145727374,2444.71021433737,764.519470214844,340
2133,2461.55341293129,2446.50990952207,764.519470214844,340
2134,2438.37901751794,2446.28233464807,764.519470214844,340
2135,2428.69099112487,2446.96170371744,764.519470214844,340
2136,2468.8029121174,2448.04719186748,764.519470214844,340
2137,2439.55260786798,2447.92104889096,764.723999023438,340
2138,2440.9323528094,2447.76126238771,764.723999023438,340
2139,2477.90437793823,2449.61557247178,764.723999023438,340
2140,2468.70845190362,2450.08653971281,764.723999023438,340
2141,2458.86462158131,2450.59197785342,764.723999023438,340
2142,2453.74815171947,2450.91930546259,764.723999023438,340
2143,2441.36929559318,2450.92260217117,764.723999023438,340
2144,2448.31479681094,2450.89970206331,764.723999023438,340
2145,2444.75119650812,2451.26434101462,765.246337890625,340
2146,2443.22283625495,2451.04560576671,765.246337890625,340
2147,2334.96478466466,2446.6809094747,765.246337890625,340
2148,2469.94479880929,2447.76165593168,765.246337890625,340
2149,2441.30434814974,2447.11605278653,765.246337890625,340
2150,2461.51988747495,2448.1531300812,765.246337890625,340
2151,2463.7059918954,2448.1290432685,765.246337890625,340
2152,2473.34131511689,2449.45725569558,765.246337890625,340
2153,2445.80026028612,2449.27293801329,765.496337890625,340
2154,2453.60247976578,2449.36985797435,765.496337890625,340
2155,2451.92225413401,2448.98604759622,765.496337890625,340
2156,2463.55684579645,2449.39117784183,765.496337890625,340
2157,2468.46182841482,2449.71679268747,765.496337890625,340
2158,2460.20218647594,2449.66274362926,765.496337890625,340
2159,2471.61368691466,2450.99213040513,765.496337890625,340
2160,2456.70920036846,2452.11285877487,765.496337890625,340
2161,2429.89727379421,2450.55663324194,765.525146484375,340
2162,2457.08719574108,2451.25801675687,765.525146484375,340
2163,2411.97262559144,2450.09962766815,765.525146484375,340
2164,2477.63570244728,2450.08888064851,765.525146484375,340
2165,2453.75929721622,2449.49091446102,765.525146484375,340
2166,2465.82563868818,2449.76935514529,765.525146484375,340
2167,2460.84615629158,2450.05327532818,765.525146484375,340
2168,2475.41599491549,2451.41514330107,765.525146484375,340
2169,2482.91540710379,2452.79916771278,765.180541992188,340
2170,2482.97913783681,2454.32828536593,765.180541992188,340
2171,2473.79823954486,2455.55130149753,765.180541992188,340
2172,2372.73603600519,2457.06215155115,765.180541992188,340
2173,2466.82127183226,2456.93721047207,765.180541992188,340
2174,2471.71045847111,2458.15345488492,765.180541992188,340
2175,2473.64394545372,2458.63841720407,765.180541992188,340
2176,2479.50622393238,2459.27042648555,765.180541992188,340
2177,2485.1231622677,2459.74170037158,765.319519042969,340
2178,2465.38414872474,2460.52505590913,765.319519042969,340
2179,2475.6897040576,2461.4085448808,765.319519042969,340
2180,2488.00770561801,2462.85196294016,765.319519042969,340
2181,2486.12670459313,2463.75475729203,765.319519042969,340
2182,2486.38363150039,2464.47162941545,765.319519042969,340
2183,2477.40225259492,2465.15963206021,765.319519042969,340
2184,2481.98656910205,2465.5745473477,765.319519042969,340
2185,2497.46761733909,2467.20488402653,765.668579101562,340
2186,2492.56271050416,2469.71150149493,765.668579101562,340
2187,2499.31570767837,2471.40064197242,765.668579101562,340
2188,2476.7646221004,2473.99232183278,765.668579101562,340
2189,2253.54844130049,2465.02883138691,765.668579101562,340
2190,2475.22441659789,2465.88743616217,765.668579101562,340
2191,2485.54321356338,2466.67613915718,765.668579101562,340
2192,2238.12868226837,2457.76744019625,765.668579101562,340
2193,2466.70084459181,2457.4188341833,766.525756835938,340
2194,2491.68332635895,2457.76955095351,766.525756835938,340
2195,2476.08181764504,2457.49365814584,766.525756835938,340
2196,2494.34175688182,2458.31539883932,766.525756835938,340
2197,2483.27438186828,2462.73693267384,766.525756835938,340
2198,2501.53047900833,2464.12530096088,766.525756835938,340
2199,2501.80209921179,2465.32896659051,766.525756835938,340
2200,2482.73474705932,2465.69259865474,766.525756835938,340
2201,2506.54334072298,2466.77408332636,764.577758789062,340
2202,2448.87843447122,2465.3242942145,764.577758789062,340
2203,2459.11221638823,2465.07341692104,764.577758789062,340
2204,2490.25449543929,2465.65600857631,764.577758789062,340
2205,2489.80028145935,2465.72771160996,764.577758789062,340
2206,2494.35682583162,2466.0569164595,764.577758789062,340
2207,2480.25951064485,2465.81195162528,764.577758789062,340
2208,2483.67356594153,2466.06280415914,764.577758789062,340
2209,2363.76234897959,2461.33383535425,765.455993652344,340
2210,2481.86771713174,2460.70983934595,765.455993652344,340
2211,2493.21994840867,2460.73612886213,765.455993652344,340
2212,2493.50283296629,2460.50361387365,765.455993652344,340
2213,2497.74418635572,2461.34279644386,765.455993652344,340
2214,2489.17310493401,2470.7677829892,765.455993652344,340
2215,2502.31713107924,2471.85149156846,765.455993652344,340
2216,2404.21788424011,2468.59847839553,765.455993652344,340
2217,2480.89324780564,2478.30906101702,764.022766113281,340
2218,2454.04653351821,2477.80288857407,764.022766113281,340
2219,2495.23591439876,2477.94499209567,764.022766113281,340
2220,2473.34643225217,2477.83557667995,764.022766113281,340
2221,2476.76484594945,2477.13250024266,764.022766113281,340
2222,2448.19685659025,2475.72939923153,764.022766113281,340
2223,2504.19716525577,2475.83606668143,764.022766113281,340
2224,2466.65166411102,2474.4300492774,764.022766113281,340
2225,2491.35274550288,2474.77476921514,765.051330566406,340
2226,2478.3442361484,2473.64680503216,765.051330566406,340
2227,2473.59048059395,2474.63528687707,765.051330566406,340
2228,2486.37241255562,2475.72569472376,765.051330566406,340
2229,2429.28669732959,2473.28698279938,765.051330566406,340
2230,2490.22667887059,2473.30403869583,765.051330566406,340
2231,2479.12986464353,2472.6949602483,765.051330566406,340
2232,2485.18962153834,2472.89216468404,765.051330566406,340
2233,2468.81806006086,2472.29794444882,765.839782714844,340
2234,2482.17993588898,2477.03464792519,765.839782714844,340
2235,2469.7504445717,2476.54995702279,765.839782714844,340
2236,2497.58000439963,2476.72435926243,765.839782714844,340
2237,2472.15036374735,2475.87026049367,765.839782714844,340
2238,2485.54350044876,2475.38223305739,765.839782714844,340
2239,2465.08577990044,2474.41874005605,765.839782714844,340
2240,2474.46640182624,2473.30471088593,765.839782714844,340
2241,2460.95947914839,2475.57437468226,767.061401367188,340
2242,2281.86465319324,2467.61323089776,767.061401367188,340
2243,2309.06592425491,2461.81400652723,767.061401367188,340
2244,2479.38653271173,2461.18003125975,767.061401367188,340
2245,2490.44806014815,2461.86409637559,767.061401367188,340
2246,2330.9886227549,2456.03304744781,767.061401367188,340
2247,2497.35730224717,2457.99946527408,767.061401367188,340
2248,2487.63233298391,2457.33687198321,767.061401367188,340
2249,2487.95571150423,2458.18903387894,767.975280761719,340
2250,2475.27452061646,2457.54590488348,767.975280761719,340
2251,2492.38769020562,2458.10764304577,767.975280761719,340
2252,2501.39440154936,2459.21979988399,767.975280761719,340
2253,2487.25245238176,2459.25500147703,767.975280761719,340
2254,2483.46846295879,2461.4222721022,767.975280761719,340
2255,2470.70269398115,2460.64131270662,767.975280761719,340
2256,2495.20654074997,2461.28437975088,767.975280761719,340
2257,2478.21171426575,2461.00526345998,768.122741699219,340
2258,2466.7006902567,2460.92056866781,768.122741699219,340
2259,2462.32702586942,2460.12645226703,768.122741699219,340
2260,2459.05064266673,2459.69846019083,768.122741699219,340
2261,2473.50546481415,2458.73547860741,768.122741699219,340
2262,2488.16624784729,2459.37611397141,768.122741699219,340
2263,2475.36063960795,2458.96879953778,768.122741699219,340
2264,2489.73983466589,2459.95496172839,768.122741699219,340
2265,2486.13986416199,2460.42190022183,769.399963378906,340
2266,2498.61591972807,2461.92815784501,769.399963378906,340
2267,2491.92808837295,2470.3306952522,769.399963378906,340
2268,2464.19320379945,2476.53578643398,769.399963378906,340
2269,2460.66368644681,2475.78687258339,769.399963378906,340
2270,2444.21933576083,2473.93772360789,769.399963378906,340
2271,2462.8897353529,2479.21376811181,769.399963378906,340
2272,2484.61019054529,2478.70388364374,769.399963378906,340
2273,2493.2703361058,2478.92940376861,769.248718261719,340
2274,2486.01540050224,2478.85179132853,769.248718261719,340
2275,2490.02468244998,2479.44179780187,769.248718261719,340
2276,2486.05428606182,2479.18846163612,769.248718261719,340
2277,2483.08465340135,2478.4560717102,769.248718261719,340
2278,2488.34554023425,2478.4997952243,769.248718261719,340
2279,2503.91723408628,2479.3177460694,769.248718261719,340
2280,2487.80195326248,2480.00171644065,769.248718261719,340
2281,2483.35715609853,2479.5277410546,769.975219726562,340
2282,2496.48403077966,2480.25863371515,769.975219726562,340
2283,2492.02299571131,2481.27152593334,769.975219726562,340
2284,2493.05283209929,2482.50055818253,769.975219726562,340
2285,2389.64319380459,2479.72426022805,769.975219726562,340
2286,2501.14278307166,2480.82975295835,769.975219726562,340
2287,2386.21673887401,2476.75177259942,769.975219726562,340
2288,2492.58291584739,2477.44066364899,769.975219726562,340
2289,2487.32611431231,2477.34411483485,770.227722167969,340
2290,2481.93303937965,2477.17584184356,770.227722167969,340
2291,2467.66575355284,2475.93783519655,770.227722167969,340
2292,2505.91902655264,2476.49747272373,770.227722167969,340
2293,2493.60887503499,2477.67409957316,770.227722167969,340
2294,2466.00088628514,2477.88758756669,770.227722167969,340
2295,2476.07008012866,2479.1616173414,770.227722167969,340
2296,2456.31205425037,2478.8985100973,770.227722167969,340
2297,2480.28443166902,2478.72547974225,771.344665527344,340
2298,2496.8898307332,2478.87025952735,771.344665527344,340
2299,2498.33806959335,2479.36316629099,771.344665527344,340
2300,2489.57713344186,2479.34526433067,771.344665527344,340
2301,2499.67314959307,2479.89001887192,771.344665527344,340
2302,2496.92164190247,2480.44349841196,771.344665527344,340
2303,2498.71070317364,2480.85810492954,771.344665527344,340
2304,2495.43852754525,2480.5189566679,771.344665527344,340
2305,2497.21233900246,2480.89537209749,772.243347167969,340
2306,2482.73568165774,2480.87051311986,772.243347167969,340
2307,2513.21588386951,2481.53978724346,772.243347167969,340
2308,2468.49781307452,2480.59877993799,772.243347167969,340
2309,2488.6706505633,2480.42349267655,772.243347167969,340
2310,2507.39548279874,2485.13358423631,772.243347167969,340
2311,2501.63059871556,2485.15309686207,772.243347167969,340
2312,2489.30661985548,2489.27669210133,772.243347167969,340
2313,2492.82501494746,2489.28637606533,771.724975585938,340
2314,2499.37242627886,2489.76822854399,771.724975585938,340
2315,2472.67428002867,2489.39787816995,771.724975585938,340
2316,2481.65162040693,2489.95731284412,771.724975585938,340
2317,2478.81011449423,2488.87295636178,771.724975585938,340
2318,2351.6274633699,2483.19369989518,771.724975585938,340
2319,2499.94630500031,2484.55151664378,771.724975585938,340
2320,2476.7291511646,2484.57787948522,771.724975585938,340
2321,2466.95802472181,2485.00371830408,771.520568847656,340
2322,2370.97061760532,2480.63116574153,771.520568847656,340
2323,2272.62755474915,2471.66067470217,771.520568847656,340
2324,2488.65378839775,2471.27330345434,771.520568847656,340
2325,2321.85676237056,2464.56448861149,771.520568847656,340
2326,2476.48559912779,2463.63698659288,771.520568847656,340
2327,2419.78875445825,2460.55167109511,771.520568847656,340
2328,2452.991220412,2458.72289178465,771.520568847656,340
2329,2427.69815853612,2456.01327702428,771.955139160156,340
2330,2496.28563069569,2455.97620869201,771.955139160156,340
2331,2243.13111034132,2446.39202583935,771.955139160156,340
2332,2318.56184980362,2438.60586447672,771.955139160156,340
2333,2472.85675487695,2438.78022214882,771.955139160156,340
2334,2314.5395010105,2431.8149761667,771.955139160156,340
2335,2410.09041233916,2427.92277334832,771.955139160156,340
2336,2483.21868386272,2427.18629675421,771.955139160156,340
2337,2269.20479908635,2418.38222392344,770.550476074219,340
2338,2406.49371019668,2414.92897173341,770.550476074219,340
2339,2342.97559990429,2408.67309867843,770.550476074219,340
2340,2330.48643227701,2402.98558476836,770.550476074219,340
2341,2410.98421594102,2400.15888858972,770.550476074219,340
2342,2432.49661986052,2398.30634880438,770.550476074219,340
2343,2337.32429894829,2397.73422222751,770.550476074219,340
2344,2392.89637983624,2393.45222522095,770.550476074219,340
2345,2370.88973456579,2389.218648557,772.715270996094,340
2346,2493.53593907641,2390.28176513118,772.715270996094,340
2347,2455.70496912788,2393.67113919208,772.715270996094,340
2348,2494.82280377141,2402.55894915297,772.715270996094,340
2349,2460.35800575093,2401.4271178471,772.715270996094,340
2350,2491.08322089609,2408.19617618812,772.715270996094,340
2351,2480.7692121247,2408.367520708,772.715270996094,340
2352,2477.85801626658,2410.69029118033,772.715270996094,340
2353,2481.90690686633,2411.8469186385,770.513549804688,340
2354,2471.87885454786,2413.61414647897,770.513549804688,340
2355,2472.50571031242,2412.66294966364,770.513549804688,340
2356,2286.58214255861,2414.40099095234,770.513549804688,340
2357,2467.9673194574,2420.37720973849,770.513549804688,340
2358,2467.99506176114,2420.18274201385,770.513549804688,340
2359,2467.93785152239,2426.31867603433,770.513549804688,340
2360,2454.26841591513,2428.08579617737,770.513549804688,340
2361,2410.00364252594,2425.1571945239,770.119079589844,340
2362,2472.22112347108,2433.27784749929,770.119079589844,340
2363,2413.76389571039,2433.56865491983,770.119079589844,340
2364,2409.12501517033,2436.21463153048,770.119079589844,340
2365,2451.60222560824,2441.05926326372,770.119079589844,340
2366,2450.9942368092,2442.65966409845,770.119079589844,340
2367,2457.09313153659,2443.6435245655,770.119079589844,340
2368,2443.68871489515,2447.89810120337,770.119079589844,340
2369,2474.90070223923,2451.17827409949,771.668334960938,340
2370,2457.76514006727,2454.65329031955,771.668334960938,340
2371,2446.86922774808,2452.78662186641,771.668334960938,340
2372,2382.44691656747,2449.856299764,771.668334960938,340
2373,2408.2995560152,2446.39536985375,771.668334960938,340
2374,2447.45048916645,2445.87906919037,771.668334960938,340
2375,2430.81398436581,2443.46829972916,771.668334960938,340
2376,2472.50453388318,2443.1377125995,771.668334960938,340
2377,2448.03552695624,2441.94481302709,772.090026855469,340
2378,2470.04777624691,2441.47044780231,772.090026855469,340
2379,2446.73057834708,2440.46451675428,772.090026855469,340
2380,2469.22651205637,2440.33334882404,772.090026855469,340
2381,2447.07443103899,2446.75304036325,772.090026855469,340
2382,2463.11486041291,2446.55894200147,772.090026855469,340
2383,2472.27749121537,2446.73023917964,772.090026855469,340
2384,2468.66405909143,2446.7592874824,772.090026855469,340
2385,2455.71726467865,2446.81724143294,772.57763671875,340
2386,2477.53111687387,2449.51834040686,772.57763671875,340
2387,2473.53402803459,2449.5708565894,772.57763671875,340
2388,2471.32920742528,2451.873469058,772.57763671875,340
2389,2479.24266604316,2454.67817509291,772.57763671875,340
2390,2470.69754916448,2455.44198803516,772.57763671875,340
2391,2390.68038499836,2453.02943396273,772.57763671875,340
2392,2476.84335611873,2453.81944294601,772.57763671875,340
2393,2326.92521913712,2449.14890311569,772.942565917969,340
2394,2446.77683120216,2448.02394827421,772.942565917969,340
2395,2428.72556553716,2446.862365293,772.942565917969,340
2396,2429.24571733056,2446.1574248763,772.942565917969,340
2397,2464.74920089672,2449.44951624947,772.942565917969,340
2398,2403.3909538324,2449.25317216216,772.942565917969,340
2399,2382.23129366382,2446.64440434205,772.942565917969,340
2400,2422.0713003177,2446.29469698013,772.942565917969,340
2401,2438.00557035763,2444.91473843911,772.832580566406,340
2402,2432.09377491987,2444.27706835765,772.832580566406,340
2403,2451.2712126205,2443.5260058126,772.832580566406,340
2404,2453.14982744238,2443.78277577641,772.832580566406,340
2405,2410.21958098023,2441.42249853336,772.832580566406,340
2406,2482.88709787914,2442.85500520697,772.832580566406,340
2407,2426.24961226814,2441.38039528118,772.832580566406,340
2408,2458.47327996372,2440.82822683111,772.832580566406,340
2409,2452.75916397862,2440.1920310266,771.808349609375,340
2410,2468.61460195588,2440.70792451769,771.808349609375,340
2411,2451.41541699581,2439.66329652257,771.808349609375,340
2412,2446.12589501704,2438.56697120186,771.808349609375,340
2413,2449.6679869765,2437.70052238391,771.808349609375,340
2414,2467.26974381247,2437.22160549468,771.808349609375,340
2415,2377.34555057968,2433.48752555129,771.808349609375,340
2416,2471.66986147716,2436.72710461044,771.808349609375,340
2417,2482.84331092809,2436.96710280282,772.127807617188,340
2418,2464.55160865967,2442.47215838372,772.127807617188,340
2419,2417.89468170331,2441.31687240377,772.127807617188,340
2420,2469.03739749616,2442.92934568213,772.127807617188,340
2421,2466.55264981207,2444.42162298139,772.127807617188,340
2422,2478.35288150004,2444.96577020552,772.127807617188,340
2423,2395.54404128021,2444.65189370343,772.127807617188,340
2424,2485.61620973439,2448.78729034626,772.127807617188,340
2425,2476.2172122115,2450.95312682201,769.850524902344,340
2426,2459.26612586887,2451.80354904246,769.850524902344,340
2427,2466.2277803643,2453.16890926024,769.850524902344,340
2428,2489.0191751225,2454.67882776032,769.850524902344,340
2429,2452.51925263227,2454.65360476791,769.850524902344,340
2430,2484.58433481002,2457.6281949211,769.850524902344,340
2431,2474.71691380024,2457.30138755795,769.850524902344,340
2432,2469.11832967083,2459.01613625405,769.850524902344,340
2433,2466.19215029385,2459.32489106726,768.730773925781,340
2434,2462.78117945021,2459.72577168612,768.730773925781,340
2435,2501.667844569,2461.04790139065,768.730773925781,340
2436,2488.74826893452,2462.5412154682,768.730773925781,340
2437,2457.45792741587,2462.99449676415,768.730773925781,340
2438,2476.65386550797,2464.07393190541,768.730773925781,340
2439,2478.9549067769,2464.54133842399,768.730773925781,340
2440,2474.64244020411,2468.43321400896,768.730773925781,340
2441,2451.40896998954,2467.62277834946,768.276245117188,340
2442,2481.16362443018,2467.55559088954,768.276245117188,340
2443,2458.284822322,2467.30491943604,768.276245117188,340
2444,2474.08136295674,2469.55238668617,768.276245117188,340
2445,2493.94576275108,2470.54872129637,768.276245117188,340
2446,2471.52721722971,2470.74770399307,768.276245117188,340
2447,2486.5311258666,2471.07483376774,768.276245117188,340
2448,2453.54064593217,2473.39469795382,768.276245117188,340
2449,2493.87957869746,2473.72523271234,769.112670898438,340
2450,2467.529970091,2473.37774302752,769.112670898438,340
2451,2478.30503556549,2474.13929941538,769.112670898438,340
2452,2484.480082331,2474.86939149405,769.112670898438,340
2453,2449.22322114253,2473.27755333485,769.112670898438,340
2454,2497.30991968398,2475.06918001692,769.112670898438,340
2455,2476.32564217883,2474.73883231167,769.112670898438,340
2456,2491.78707421345,2475.4216387282,769.112670898438,340
2457,2483.45687517361,2475.99518054831,768.701171875,340
2458,2473.26892607755,2476.27825157966,768.701171875,340
2459,2473.02668911403,2476.68807196621,768.701171875,340
2460,2495.80746082509,2476.45365661646,768.701171875,340
2461,2482.34060527512,2476.19735007008,768.701171875,340
2462,2468.81862115034,2476.65177781946,768.701171875,340
2463,2459.81189504698,2475.97809900102,768.701171875,340
2464,2475.32405532641,2475.832864943,768.701171875,340
2465,2478.76117261892,2475.99761423959,769.912902832031,340
2466,2471.566745207,2476.80392524829,769.912902832031,340
2467,2487.37986640329,2477.05257492722,769.912902832031,340
2468,2497.46601881247,2478.61982278683,769.912902832031,340
2469,2476.06933874815,2478.69934181849,769.912902832031,340
2470,2443.09458748286,2476.66529480776,769.912902832031,340
2471,2477.11611667566,2476.8888507856,769.912902832031,340
2472,2472.70726186543,2476.33589622555,769.912902832031,340
2473,2467.83682800172,2476.90774350833,769.688354492188,340
2474,2296.19209817774,2469.00024428755,769.688354492188,340
2475,2492.49579071453,2469.99887711249,769.688354492188,340
2476,2461.39363861341,2469.3224212344,769.688354492188,340
2477,2496.07570599403,2469.78624618093,769.688354492188,340
2478,2464.28062058142,2470.38854215848,769.688354492188,340
2479,2427.78087128968,2467.60738022271,769.688354492188,340
2480,2485.13999904882,2467.95995449751,769.688354492188,340
2481,2485.49828057139,2467.70840275183,769.636352539062,340
2482,2470.29503831162,2467.18192927735,769.636352539062,340
2483,2466.77978731347,2466.92236372678,769.636352539062,340
2484,2484.42138567454,2467.3781515892,769.636352539062,340
2485,2472.02645214752,2466.4269112421,769.636352539062,340
2486,2449.90426141644,2465.12945748775,769.636352539062,340
2487,2481.3750016443,2465.63171270751,769.636352539062,340
2488,2486.48519028641,2466.69864451709,769.636352539062,340
2489,2482.22536929305,2466.97469707575,768.616882324219,340
2490,2488.51821969235,2467.36497895869,768.616882324219,340
2491,2493.26130230004,2468.23276124241,768.616882324219,340
2492,2453.8082925275,2466.88989828738,768.616882324219,340
2493,2481.19490298482,2466.23905365428,768.616882324219,340
2494,2483.45108607414,2466.53432354732,768.616882324219,340
2495,2492.90079762624,2468.52657195305,768.616882324219,340
2496,2475.25139405071,2468.45198304805,768.616882324219,340
2497,2474.35411847254,2468.51785731234,768.8291015625,340
2498,2444.17897913214,2467.57154335755,768.8291015625,340
2499,2470.90193402021,2474.55993679125,768.8291015625,340
2500,2472.6024634986,2473.76420370262,768.8291015625,340
2501,2460.22257685783,2473.71736123239,768.8291015625,340
2502,2471.84895693966,2472.74829127022,768.8291015625,340
2503,2461.10736834484,2472.62136118075,768.8291015625,340
2504,2472.43978488392,2474.40771772452,768.8291015625,340
2505,2336.76867479288,2468.47286475429,769.465698242188,340
2506,2462.89905281523,2467.56889564404,769.465698242188,340
2507,2481.8147060048,2468.02968235177,769.465698242188,340
2508,2475.83322352221,2468.39181980012,769.465698242188,340
2509,2420.22865487966,2465.82411056832,769.465698242188,340
2510,2326.13895924499,2459.98861085222,769.465698242188,340
2511,2276.68434326469,2453.05981412615,769.465698242188,340
2512,2283.04461268381,2445.12659856773,769.465698242188,340
2513,2396.66296883786,2441.53370970979,769.760925292969,340
2514,2469.53515522732,2441.02610114716,769.760925292969,340
2515,2478.27509280423,2440.61637607163,769.760925292969,340
2516,2480.57753918329,2440.10902554696,769.760925292969,340
2517,2461.79817620304,2440.42862089399,769.760925292969,340
2518,2482.70844438385,2440.48916254995,769.760925292969,340
2519,2436.56128371524,2438.61357045559,769.760925292969,340
2520,2478.5533832501,2438.03967388054,769.760925292969,340
2521,2481.66386530599,2438.29617273076,770.023803710938,340
2522,2475.10858994696,2438.32635158973,770.023803710938,340
2523,2458.30473479991,2438.89138181644,770.023803710938,340
2524,2476.46507459153,2439.1139074393,770.023803710938,340
2525,2479.29815933284,2439.38173527267,770.023803710938,340
2526,2467.08408027129,2439.6561954092,770.023803710938,340
2527,2472.90332296724,2439.69837005031,770.023803710938,340
2528,2485.12654933677,2440.65913728999,770.023803710938,340
2529,2447.17070128319,2439.64837394596,770.052124023438,340
2530,2462.29100398336,2444.66926711358,770.052124023438,340
2531,2480.96463453859,2445.39189038251,770.052124023438,340
2532,2458.40398054414,2444.45546136408,770.052124023438,340
2533,2471.09962118169,2444.26611727046,770.052124023438,340
2534,2483.34205277697,2446.79065318636,770.052124023438,340
2535,2493.93655551599,2453.5025570372,770.052124023438,340
2536,2466.17244406943,2461.08208106939,770.052124023438,340
2537,2476.16637740469,2468.80695165822,770.030700683594,340
2538,2475.12501413366,2471.94543347005,770.030700683594,340
2539,2484.49627474953,2472.54387825094,770.030700683594,340
2540,2491.76591132292,2473.08351099169,770.030700683594,340
2541,2475.48400850046,2472.87976976438,770.030700683594,340
2542,2476.43785550569,2473.46535693648,770.030700683594,340
2543,2471.17125422256,2473.00386933003,770.030700683594,340
2544,2478.64878096528,2474.68736922003,770.030700683594,340
2545,2477.35186016572,2474.63930829666,770.378601074219,340
2546,2474.39319892164,2474.34848164128,770.378601074219,340
2547,2468.94731216086,2474.10203052984,770.378601074219,340
2548,2480.46865263056,2474.98858724307,770.378601074219,340
2549,2478.22030793336,2475.05879657674,770.378601074219,340
2550,2497.34052501494,2475.78049120402,770.378601074219,340
2551,2482.33686044137,2476.39060241083,770.378601074219,340
2552,2459.22905175503,2475.84363156234,770.378601074219,340
2553,2484.25682311441,2475.80884251344,771.195922851562,340
2554,2465.63482583749,2476.54740749561,771.195922851562,340
2555,2466.88673314207,2476.73123666196,771.195922851562,340
2556,2458.55833514612,2475.83498468626,771.195922851562,340
2557,2485.06706172272,2476.90150793341,771.195922851562,340
2558,2472.34143080546,2476.95118031836,771.195922851562,340
2559,2471.3521429007,2476.47158392331,771.195922851562,340
2560,2495.05084245605,2476.51615540091,771.195922851562,340
2561,2497.86736916575,2477.78395240476,770.820068359375,340
2562,2487.86823214582,2478.25202659441,770.820068359375,340
2563,2484.14671057331,2478.61289445199,770.820068359375,340
2564,2490.66566523727,2478.8596700715,770.820068359375,340
2565,2468.76127691969,2477.93948469537,770.820068359375,340
2566,2491.17862912149,2478.56726952022,770.820068359375,340
2567,2472.0145281152,2478.3903364246,770.820068359375,340
2568,2481.53741205949,2478.80498273807,770.820068359375,340
2569,2473.7278748014,2478.60814649152,770.663757324219,340
2570,2485.08865253494,2478.91761818629,770.663757324219,340
2571,2469.80949687576,2478.73427010445,770.663757324219,340
2572,2468.58095884945,2478.719615972,770.663757324219,340
2573,2499.80403776412,2479.49303137734,770.663757324219,340
2574,2472.11522061355,2479.24882788454,770.663757324219,340
2575,2478.79946160115,2478.50718534799,770.663757324219,340
2576,2486.24147878303,2478.66337008166,770.663757324219,340
2577,2490.48563326953,2479.91363334224,771.298461914062,340
2578,2492.08073846485,2480.22658995626,771.298461914062,340
2579,2490.40026235158,2481.21720741682,771.298461914062,340
2580,2387.31470005559,2478.03432609336,771.298461914062,340
2581,2504.56765502129,2479.87469888837,771.298461914062,340
2582,2420.89311815647,2477.30774114572,771.298461914062,340
2583,2397.54252607854,2474.31578495664,771.298461914062,340
2584,2180.64834359544,2462.68763298443,771.298461914062,340
2585,2497.30241740116,2462.77769598224,773.773010253906,340
2586,2490.23754477315,2462.47250300653,773.773010253906,340
2587,2482.48746910851,2462.25727248504,773.773010253906,340
2588,2496.71486764209,2462.75999876779,773.773010253906,340
2589,2476.924407625,2462.2103484633,773.773010253906,340
2590,2474.49782757757,2462.43981048961,773.773010253906,340
2591,2489.71946065071,2462.38144375078,773.773010253906,340
2592,2488.82705541347,2463.05394484271,773.773010253906,340
2593,2481.99469039093,2463.07223597597,770.675170898438,340
2594,2475.57185645413,2463.14599524208,770.675170898438,340
2595,2495.07157431947,2463.54531211346,770.675170898438,340
2596,2480.25708433852,2463.96321561197,770.675170898438,340
2597,2422.94346689028,2462.1377159336,770.675170898438,340
2598,2480.69353305614,2461.37329574529,770.675170898438,340
2599,2470.64481698081,2461.31447959998,770.675170898438,340
2600,2483.9806190592,2461.5217258983,770.675170898438,340
2601,2492.25298561182,2461.76218617145,771.633117675781,340
2602,2473.97579186897,2461.10179251543,771.633117675781,340
2603,2487.93957165927,2460.9361458432,771.633117675781,340
2604,2468.62313111436,2460.06506059372,771.633117675781,340
2605,2510.72957351053,2465.00165553191,771.633117675781,340
2606,2481.2400678152,2464.06855204367,771.633117675781,340
2607,2499.41680479582,2467.20949950924,771.633117675781,340
2608,2482.2795691472,2470.59898123199,771.633117675781,340
2609,2499.85824613638,2483.36737733363,772.36669921875,340
2610,2492.67522049316,2483.18228945731,772.36669921875,340
2611,2469.90056386629,2482.36881022103,772.36669921875,340
2612,2497.75493250721,2482.97950875698,772.36669921875,340
2613,2478.71716960461,2482.25960083548,772.36669921875,340
2614,2496.25255333968,2483.03272666407,772.36669921875,340
2615,2511.20021445798,2484.50082213929,772.36669921875,340
2616,2496.20868280274,2484.76039102537,772.36669921875,340
2617,2484.43601474702,2484.58474939871,773.302124023438,340
2618,2488.11604383019,2484.82960353628,773.302124023438,340
2619,2499.06837876384,2485.76946442867,773.302124023438,340
2620,2495.95241820209,2485.80469818397,773.302124023438,340
2621,2489.00975805514,2486.15480513264,773.302124023438,340
2622,2485.38888073275,2488.65262168634,773.302124023438,340
2623,2475.03016444831,2488.42608694202,773.302124023438,340
2624,2469.85296579933,2488.39441289476,773.302124023438,340
2625,2474.35499163072,2488.00938779763,772.885803222656,340
2626,2488.44214886233,2487.85695432765,772.885803222656,340
2627,2430.57532639746,2486.12093570879,772.885803222656,340
2628,2457.2625397714,2484.89385443327,772.885803222656,340
2629,2478.50991795207,2485.28932590678,772.885803222656,340
2630,2477.77068572,2483.97097039516,772.885803222656,340
2631,2481.52755681417,2483.98246995512,772.885803222656,340
2632,2509.26768065241,2484.37650498938,772.885803222656,340
2633,2477.17277714872,2484.17223330944,772.6689453125,340
2634,2461.7485822643,2482.64784675456,772.6689453125,340
2635,2495.13146535288,2482.74609654895,772.6689453125,340
2636,2501.76041394261,2484.020490552,772.6689453125,340
2637,2449.36844462115,2482.08503103656,772.6689453125,340
2638,2499.59041915113,2482.91996101842,772.6689453125,340
2639,2486.83657922884,2482.54332205398,772.6689453125,340
2640,2435.07963703977,2479.49849895725,772.6689453125,340
2641,2407.47817993779,2475.94927884266,772.716735839844,340
2642,2463.49593565148,2475.11167567884,772.716735839844,340
2643,2467.97422123739,2474.30600277512,772.716735839844,340
2644,2486.24950536772,2473.79324783928,772.716735839844,340
2645,2486.35533001894,2473.40936431195,772.716735839844,340
2646,2500.16437203717,2473.85554887123,772.716735839844,340
2647,2483.52327789556,2473.78092475775,772.716735839844,340
2648,2482.82910445714,2474.0928823581,772.716735839844,340
2649,2484.27986092547,2474.66995816314,773.165954589844,340
2650,2490.37349468733,2475.31069828541,773.165954589844,340
2651,2300.11496057596,2467.77761075395,773.165954589844,340
2652,2445.44379972092,2468.37234968689,773.165954589844,340
2653,2480.85578108566,2469.31607933946,773.165954589844,340
2654,2487.82422933557,2469.6886517948,773.165954589844,340
2655,2452.93135386721,2468.69507852069,773.165954589844,340
2656,2296.66973575314,2461.30076567825,773.165954589844,340
2657,2421.55013493236,2457.79206384945,772.201416015625,340
2658,2438.97531532991,2456.2641653767,772.201416015625,340
2659,2478.5057949959,2456.93445388596,772.201416015625,340
2660,2467.42595552719,2455.82623349293,772.201416015625,340
2661,2483.91585756398,2455.11245123779,772.201416015625,340
2662,2480.99723627199,2456.37760290382,772.201416015625,340
2663,2452.17844643047,2454.48112399499,772.201416015625,340
2664,2456.35537776191,2453.26187593632,772.201416015625,340
2665,2098.21824394901,2439.78742021269,771.670104980469,340
2666,2482.14635534518,2442.77414722898,771.670104980469,340
2667,2476.69589155605,2443.30214546516,771.670104980469,340
2668,2191.96268869167,2432.26168416334,771.670104980469,340
2669,2456.76983233501,2431.08249724203,771.670104980469,340
2670,2077.68310589511,2414.73560827707,771.670104980469,340
2671,2239.81913154857,2404.32179865753,771.670104980469,340
2672,2491.82381501686,2404.65382014238,771.670104980469,340
2673,2374.02729055093,2400.30174758613,771.722961425781,340
2674,2131.27901928378,2386.18171392047,771.722961425781,340
2675,2002.26727010725,2366.65746493726,771.722961425781,340
2676,2174.60593123964,2361.63710376381,771.722961425781,340
2677,2087.81864131313,2347.3320974275,771.722961425781,340
2678,2371.64553503844,2342.96368758561,771.722961425781,340
2679,2473.04466318612,2342.37250493963,771.722961425781,340
2680,2435.91201467515,2341.69173137195,771.722961425781,340
2681,2359.27209315164,2344.19582566789,770.969970703125,340
2682,2406.68551618022,2343.6012409178,770.969970703125,340
2683,2417.82931566128,2342.75540093106,770.969970703125,340
2684,2002.2326102961,2323.70447354307,770.969970703125,340
2685,2230.97235236985,2314.24632941677,770.969970703125,340
2686,2291.70263024127,2306.55780032387,770.969970703125,340
2687,2337.94100381302,2300.83555102551,770.969970703125,340
2688,2262.80155386216,2293.26047532277,770.969970703125,340
2689,2445.6520865492,2292.83234367427,769.965881347656,340
2690,2467.75909089137,2307.61397755196,769.965881347656,340
2691,2475.53556955462,2307.34954612034,769.965881347656,340
2692,2480.71727170731,2307.51040132639,769.965881347656,340
2693,2472.39990131138,2318.72788983118,769.965881347656,340
2694,2482.82447021159,2319.77007534624,769.965881347656,340
2695,2453.976499414,2334.821811087,769.965881347656,340
2696,2473.08776263605,2344.1525563305,769.965881347656,340
2697,2446.77460330982,2342.35058786221,765.761169433594,340
2698,2208.74980995277,2335.73948863829,765.761169433594,340
2699,2460.91746499845,2348.92502646687,765.761169433594,340
2700,2477.93949601291,2367.9519155031,765.761169433594,340
2701,2275.62290135881,2371.99259430787,765.761169433594,340
2702,2182.70988319385,2375.7882439831,765.761169433594,340
2703,2474.14555828368,2379.88824491291,765.761169433594,340
2704,2487.07867025088,2380.4496051955,765.761169433594,340
2705,2465.67707503905,2381.64020761005,770.222534179688,340
2706,2460.9109841509,2385.70576325002,770.222534179688,340
2707,2438.07023329586,2386.96115193465,770.222534179688,340
2708,2461.70110957273,2388.71602369111,770.222534179688,340
2709,2489.27077761818,2408.19755038399,770.222534179688,340
2710,2465.15560478797,2417.56488048071,770.222534179688,340
2711,2453.62533908458,2424.04178883445,770.222534179688,340
2712,2458.78290684512,2428.87546495573,770.222534179688,340
2713,2464.4734274861,2436.94233990069,768.600036621094,340
2714,2462.16409812805,2437.60282036384,768.600036621094,340
2715,2435.58335673187,2436.31579099746,768.600036621094,340
2716,2469.02126339538,2436.05521875109,768.600036621094,340
2717,2467.88676365837,2435.54199842913,768.600036621094,340
2718,2461.32512439965,2435.09900735267,768.600036621094,340
2719,2471.73140951501,2434.6552849248,768.600036621094,340
2720,2464.95390296369,2435.09438106679,768.600036621094,340
2721,2420.27276869705,2432.98178130923,769.373474121094,340
2722,2440.17399664888,2432.71775704279,769.373474121094,340
2723,2362.64474274252,2438.87355435438,769.373474121094,340
2724,2440.75969810798,2438.06724367876,769.373474121094,340
2725,2431.85529896978,2436.22387579704,769.373474121094,340
2726,2449.03253280567,2443.16026105491,769.373474121094,340
2727,2273.46204376053,2446.79034747758,769.373474121094,340
2728,2375.69888599025,2442.85248058584,769.373474121094,340
2729,2451.53522131315,2441.43074262833,771.635070800781,340
2730,2433.91416215549,2440.16022611299,771.635070800781,340
2731,2461.87398441429,2440.19874612353,771.635070800781,340
2732,2316.82722004141,2435.34902559335,771.635070800781,340
2733,2464.55415165776,2435.46314727675,771.635070800781,340
2734,2434.69359434578,2433.28005994585,771.635070800781,340
2735,2408.27563172496,2431.00486102333,771.635070800781,340
2736,2425.61258120552,2429.88435070817,771.635070800781,340
2737,2446.572791986,2429.39594611381,772.502258300781,340
2738,2405.96999980416,2427.05580900653,772.502258300781,340
2739,2364.32852867823,2423.14238622853,772.502258300781,340
2740,2448.60801908707,2423.66337272274,772.502258300781,340
2741,2455.30884702553,2423.11487606795,772.502258300781,340
2742,2417.07753876909,2421.08250707238,772.502258300781,340
2743,2428.31067774371,2419.76192920614,772.502258300781,340
2744,2442.37233477868,2418.58756621669,772.502258300781,340
2745,2416.40621169126,2416.64565856579,772.154296875,340
2746,2444.35094803423,2417.60878573928,772.154296875,340
2747,2425.4226545469,2417.0187320552,772.154296875,340
2748,2429.74542721473,2419.70275943409,772.154296875,340
2749,2437.45957782211,2419.57075462265,772.154296875,340
2750,2343.83914397576,2416.05010842289,772.154296875,340
2751,2449.0883880572,2416.05234263295,772.154296875,340
2752,2429.20421231878,2422.28202937528,772.154296875,340
2753,2447.38261088731,2425.14937837117,775.318969726562,340
2754,2458.4279924043,2425.42508921481,775.318969726562,340
2755,2442.56425861448,2425.77109307317,775.318969726562,340
2756,2437.50036987463,2424.79614849158,775.318969726562,340
2757,2468.98721925474,2430.88254846012,775.318969726562,340
2758,2449.4288880806,2430.27753791703,775.318969726562,340
2759,2447.68331581667,2430.79712677587,775.318969726562,340
2760,2456.23399391177,2432.71546126334,775.318969726562,340
2761,2210.36796987674,2424.10567681019,774.972229003906,340
2762,2056.0637669046,2408.48531580693,774.972229003906,340
2763,2363.77742907891,2406.79761297792,774.972229003906,340
2764,2379.32946076729,2407.39765026148,774.972229003906,340
2765,2345.36113209407,2403.26777478176,774.972229003906,340
2766,2267.36974295722,2395.75021061903,774.972229003906,340
2767,2429.82624118684,2396.26015871574,774.972229003906,340
2768,2417.11072003164,2395.81216040726,774.972229003906,340
2769,2294.12415701388,2389.88223329667,777.949890136719,340
2770,2096.98967728918,2377.10557192058,777.949890136719,340
2771,2032.54952839661,2360.63351513508,777.949890136719,340
2772,2235.28469441544,2353.02799672982,777.949890136719,340
2773,2417.83245659448,2352.55147790501,777.949890136719,340
2774,2176.98078236512,2342.13232608673,777.949890136719,340
2775,2044.39954086681,2330.15474196237,777.949890136719,340
2776,2186.64531013464,2319.65701884547,777.949890136719,340
2777,1983.67121196755,2301.83569883142,775.500793457031,340
2778,2099.34293214466,2287.91411168171,775.500793457031,340
2779,2022.72069592854,2270.48581982268,775.500793457031,340
2780,2123.3108611062,2257.71568392235,775.500793457031,340
2781,2278.51025460097,2251.35607931141,775.500793457031,340
2782,2311.58232984108,2245.05988373486,775.500793457031,340
2783,2372.07688699462,2241.96580369142,775.500793457031,340
2784,2028.64180733384,2225.20414335211,775.500793457031,340
2785,2466.08517990798,2225.59819079196,774.787414550781,340
2786,2342.39952586106,2230.87945303133,774.787414550781,340
2787,2160.66823643818,2235.06363181267,774.787414550781,340
2788,2395.67123851044,2236.33938418993,774.787414550781,340
2789,2456.39754244553,2239.42210745706,774.787414550781,340
2790,2371.38542738419,2240.46307926867,774.787414550781,340
2791,2445.17626497986,2247.57534014957,774.787414550781,340
2792,2444.80737464968,2248.17458548809,774.787414550781,340
2793,2052.26136129516,2233.58061113863,765.942077636719,340
2794,2443.03548790491,2239.53706437427,765.942077636719,340
2795,2435.96310751996,2253.0960015835,765.942077636719,340
2796,2459.36261503251,2270.16852504894,765.942077636719,340
2797,2424.34411075681,2277.73090170259,765.942077636719,340
2798,2451.59436103009,2279.08137788002,765.942077636719,340
2799,2362.35017764787,2286.49615369133,765.942077636719,340
2800,2388.80639610105,2300.2724279007,765.942077636719,340
2801,2131.05572261623,2298.04884439996,765.076904296875,340
2802,2446.85218967008,2316.57608350806,765.076904296875,340
2803,1980.71002027889,2311.83076703343,765.076904296875,340
2804,2475.16495991856,2329.92853759303,765.076904296875,340
2805,2375.02689582536,2339.9971789818,765.076904296875,340
2806,2461.15295959331,2347.30288718149,765.076904296875,340
2807,2302.43617525461,2346.93704099803,765.076904296875,340
2808,2455.20160746287,2350.26202981676,765.076904296875,340
2809,2380.09445510344,2364.32013572754,761.547302246094,340
2810,2448.25081768268,2363.60676123853,761.547302246094,340
2811,2461.00628443964,2368.35103158168,761.547302246094,340
2812,2387.24496928837,2377.41410089568,761.547302246094,340
2813,2441.78964322011,2379.25883708407,761.547302246094,340
2814,2433.03762294341,2378.32444030399,761.547302246094,340
2815,2431.08365599717,2380.7123694485,761.547302246094,340
2816,2436.6965636391,2380.37318139487,761.547302246094,340
2817,2431.87126662778,2379.855737074,762.794921875,340
2818,2441.78236000985,2395.43657702259,762.794921875,340
2819,2453.4588724488,2395.85351240434,762.794921875,340
2820,2469.13301237555,2397.18030859857,762.794921875,340
2821,2348.95051669314,2392.76382466499,762.794921875,340
2822,2458.87155137584,2394.14492228975,762.794921875,340
2823,2477.4397378059,2395.17873736078,762.794921875,340
2824,2424.69041164934,2397.67234672084,762.794921875,340
2825,2467.24095156141,2400.80972893926,762.535217285156,340
2826,2452.84679204148,2413.68137171627,762.535217285156,340
2827,2426.42551198206,2412.86430460875,762.535217285156,340
2828,2432.3363170465,2430.92935647945,762.535217285156,340
2829,2449.73969024681,2429.91234569258,762.535217285156,340
2830,2461.25078118429,2433.36130110694,762.535217285156,340
2831,2393.1238606511,2430.64013714925,762.535217285156,340
2832,2427.36939577637,2435.63746597012,762.535217285156,340
2833,2292.82816238368,2429.14252816695,761.686889648438,340
2834,2483.56929681127,2433.28152183527,761.686889648438,340
2835,2470.92496323813,2434.18848765748,761.686889648438,340
2836,2468.52667747965,2434.48930337908,761.686889648438,340
2837,2469.97137972322,2437.79835979648,761.686889648438,340
2838,2472.94768906822,2439.0446816304,761.686889648438,340
2839,2473.9550329851,2440.68137803207,761.686889648438,340
2840,2460.59100605243,2441.86167203428,761.686889648438,340
2841,2429.84714100379,2441.58769512887,761.295349121094,340
2842,2463.76151630179,2442.86330511583,761.295349121094,340
2843,2468.80731351877,2443.94430325618,761.295349121094,340
2844,2473.6374100923,2444.75144476192,761.295349121094,340
2845,2431.43617409451,2443.24357123068,761.295349121094,340
2846,2421.29634643035,2446.13740442017,761.295349121094,340
2847,2447.69014745541,2445.69014826335,761.295349121094,340
2848,2466.59477195961,2445.2563496295,761.295349121094,340
2849,2428.67758227686,2445.4158364546,764.335815429688,340
2850,2414.87603147885,2443.3212396513,764.335815429688,340
2851,2462.17055334786,2443.69419010356,764.335815429688,340
2852,2435.3829814972,2444.05248888416,764.335815429688,340
2853,2479.36075392956,2445.93346635949,764.335815429688,340
2854,2448.53678766439,2445.88535025619,764.335815429688,340
2855,2459.79480658843,2445.82711127235,764.335815429688,340
2856,2424.79336061665,2447.09389127098,764.335815429688,340
2857,2396.21080828118,2445.84754777117,765.964050292969,340
2858,2430.69884727149,2451.36237516668,765.964050292969,340
2859,2479.52980081198,2451.20079532671,765.964050292969,340
2860,2478.43074419331,2451.50102656492,765.964050292969,340
2861,2426.83788038483,2449.83347468112,765.964050292969,340
2862,2463.04584498604,2449.55645329164,765.964050292969,340
2863,2491.1650618043,2450.28514820108,765.964050292969,340
2864,2466.32984284488,2449.98014059547,765.964050292969,340
2865,2465.26786838424,2450.16721508874,765.412231445312,340
2866,2483.73296321261,2452.3226479771,765.412231445312,340
2867,2433.26799189027,2451.10290700064,765.412231445312,340
2868,2464.35540646011,2450.92483071829,765.412231445312,340
2869,2428.53981740677,2449.12092701087,765.412231445312,340
2870,2422.84894536446,2448.77743786167,765.412231445312,340
2871,2475.61976748951,2450.95037470403,765.412231445312,340
2872,2487.01090462349,2452.52320499076,765.412231445312,340
2873,2454.08553355233,2452.02283545446,764.458374023438,340
2874,2454.42909989974,2453.05289615938,764.458374023438,340
2875,2445.40118314288,2454.27390222594,764.458374023438,340
2876,2358.5662283539,2450.12972922618,764.458374023438,340
2877,2469.83726018897,2451.50790037385,764.458374023438,340
2878,2487.00954527333,2451.8138520276,764.458374023438,340
2879,2477.17220109278,2452.95926856474,764.458374023438,340
2880,2464.71593159853,2453.15611356514,764.458374023438,340
2881,2462.8800624076,2454.67958163678,764.650756835938,340
2882,2432.71850982072,2456.13988969836,764.650756835938,340
2883,2436.81586409018,2456.38457037111,764.650756835938,340
2884,2457.97855342331,2455.52252047556,764.650756835938,340
2885,2478.80948641337,2455.53767016437,764.650756835938,340
2886,2475.91896886871,2457.50091370372,764.650756835938,340
2887,2465.88906436684,2457.61464247895,764.650756835938,340
2888,2459.39299998033,2456.34376000599,764.650756835938,340
2889,2358.38416089438,2452.02593272797,765.417785644531,340
2890,2481.5315056741,2452.67647821957,765.417785644531,340
2891,2464.84584644571,2451.92099354889,765.417785644531,340
2892,2474.93877035794,2453.5878246876,765.417785644531,340
2893,2493.29487902391,2454.74540359015,765.417785644531,340
2894,2472.01859729703,2456.48455478576,765.417785644531,340
2895,2469.41670648423,2458.34726523055,765.417785644531,340
2896,2464.55737883424,2457.90476968434,765.417785644531,340
2897,2465.77612235011,2457.05537839341,765.992309570312,340
2898,2457.79758575371,2457.20386048146,765.992309570312,340
2899,2467.71051122177,2457.73511693434,765.992309570312,340
2900,2440.31236252862,2457.53156410977,765.992309570312,340
2901,2451.89241367675,2461.26461152269,765.992309570312,340
2902,2432.86109031262,2459.78556472763,765.992309570312,340
2903,2248.69003241504,2450.2527842133,765.992309570312,340
2904,2489.10288971703,2450.73001175827,765.992309570312,340
2905,2466.94587195943,2450.81920937271,765.025146484375,340
2906,2468.11564014724,2451.02863248229,765.025146484375,340
2907,2459.93814867704,2452.11741803655,765.025146484375,340
2908,2467.37029367897,2453.3395952201,765.025146484375,340
2909,2470.05262562141,2453.82255810802,765.025146484375,340
2910,2440.16013529187,2452.27658406316,765.025146484375,340
2911,2453.97168005462,2451.3986925106,765.025146484375,340
2912,2183.20859539328,2440.09147375166,765.025146484375,340
2913,2409.83954102855,2438.10933539358,765.285827636719,340
2914,2461.47440797119,2442.23294527666,765.285827636719,340
2915,2455.01166141867,2441.17215150644,765.285827636719,340
2916,2466.75154317801,2441.24837937573,765.285827636719,340
2917,2449.61043017792,2440.23524576853,765.285827636719,340
2918,2409.27574881718,2436.87448056026,765.285827636719,340
2919,2430.56193066048,2435.2162138948,765.285827636719,340
2920,2450.46113123029,2434.45799088464,765.285827636719,340
2921,2432.34810591983,2433.16961996807,766.444519042969,340
2922,2479.28022015249,2433.70978388016,766.444519042969,340
2923,2432.22607697001,2432.68692352881,766.444519042969,340
2924,2456.72256764302,2432.24740578566,766.444519042969,340
2925,2450.47788415974,2432.65402665091,766.444519042969,340
2926,2432.61206393167,2431.8828126611,766.444519042969,340
2927,2431.71721023393,2431.83705745796,766.444519042969,340
2928,2454.50414234827,2440.06962185529,766.444519042969,340
2929,2410.15232783247,2436.9115993799,768.223266601562,340
2930,2386.25376158994,2433.68391496512,768.223266601562,340
2931,2460.9373052993,2433.39678157121,768.223266601562,340
2932,2437.58840247243,2432.50279172302,768.223266601562,340
2933,2460.163481756,2432.2145192461,768.223266601562,340
2934,2460.37072339274,2431.82724315696,768.223266601562,340
2935,2444.50804077821,2432.00115937641,768.223266601562,340
2936,2456.98569818055,2432.12172010145,768.223266601562,340
2937,2279.32606877502,2435.96641903672,768.650268554688,340
2938,2457.4553461584,2437.87105124191,768.650268554688,340
2939,2459.58419967147,2437.79544290992,768.650268554688,340
2940,2455.19892593533,2437.80293349059,768.650268554688,340
2941,2456.73830425534,2437.40240393368,768.650268554688,340
2942,2248.70072171782,2429.36601559528,768.650268554688,340
2943,2460.50214331208,2431.41507137507,768.650268554688,340
2944,2464.17332871581,2432.75952729729,768.650268554688,340
2945,2415.78987242363,2431.37267694502,769.960083007812,340
2946,2372.75441922301,2428.98892947715,769.960083007812,340
2947,2400.6268463506,2425.84279452507,769.960083007812,340
2948,2239.36526624031,2418.12836209588,769.960083007812,340
2949,2401.82846570101,2415.9325980182,769.960083007812,340
2950,2333.95509065722,2411.2716862781,769.960083007812,340
2951,2414.93094355915,2410.5644414632,769.960083007812,340
2952,2387.11781169505,2408.78046552165,769.960083007812,340
2953,2227.65642869332,2399.70655697545,770.627502441406,340
2954,2429.06747887999,2400.46316301735,770.627502441406,340
2955,2430.20360338655,2402.22115668921,770.627502441406,340
2956,2422.97085144242,2400.70249853494,770.627502441406,340
2957,2423.57426114357,2400.14193288178,770.627502441406,340
2958,2429.05496447,2398.89759219034,770.627502441406,340
2959,2324.57740650881,2393.46585951499,770.627502441406,340
2960,2348.3413624773,2389.61919238295,770.627502441406,340
2961,2424.63596501961,2388.32520305651,770.564453125,340
2962,2258.0758554902,2387.47519452512,770.564453125,340
2963,2324.31129459438,2382.14943246256,770.564453125,340
2964,2415.82507795415,2380.39906759387,770.564453125,340
2965,2421.5313438868,2379.05236431192,770.564453125,340
2966,2405.59805730044,2377.00675443373,770.564453125,340
2967,2425.84351024942,2384.09246597499,770.564453125,340
2968,2179.20020540457,2372.84038845869,770.564453125,340
2969,2414.86991801396,2370.86825203062,769.007080078125,340
2970,2301.14146468143,2366.28231572093,769.007080078125,340
2971,2424.30473286616,2368.34432826666,769.007080078125,340
2972,2429.3193613753,2369.49202886765,769.007080078125,340
2973,2400.59072776474,2375.94104732862,769.007080078125,340
2974,2433.20243435794,2377.1960060749,769.007080078125,340
2975,2414.04858155933,2380.39974571098,769.007080078125,340
2976,2450.58014647986,2381.82571382781,769.007080078125,340
2977,2429.11389786389,2383.50555727457,770.30126953125,340
2978,2417.77981351301,2391.11049266735,770.30126953125,340
2979,2360.03591959119,2388.3492302958,770.30126953125,340
2980,2304.37650746681,2383.31614645901,770.30126953125,340
2981,2189.32106168417,2373.97015486868,770.30126953125,340
2982,2421.4230689881,2373.88410718246,770.30126953125,340
2983,2372.2821358277,2371.61319403677,770.30126953125,340
2984,2425.93540247688,2375.66751387549,770.30126953125,340
2985,2125.44333592416,2366.75159281337,769.084899902344,340
2986,2194.20330778268,2357.53428652389,769.084899902344,340
2987,2411.72293508107,2363.68016970753,769.084899902344,340
2988,2155.15494467887,2356.9139157109,769.084899902344,340
2989,2277.8551444229,2351.39511836965,769.084899902344,340
2990,2183.91621984481,2341.89051340798,769.084899902344,340
2991,2274.42471217879,2336.64357960311,769.084899902344,340
2992,2124.38613613329,2324.58528463846,769.084899902344,340
2993,2426.24661566866,2334.46714104903,769.322814941406,340
2994,2406.22294208515,2334.12126201187,769.322814941406,340
2995,2295.42220924186,2333.89249179429,769.322814941406,340
2996,2378.69276836535,2332.06801321426,769.322814941406,340
2997,2287.15002511089,2326.38123976368,769.322814941406,340
2998,2382.65233262548,2325.66370395811,769.322814941406,340
2999,2311.87931824538,2320.81077931361,769.322814941406,340
3000,2405.42350878726,2320.46577640273,769.322814941406,340
