episode,reward,avg_reward,q0,steps
1,-533.611468575405,-533.611468575405,1.49475072248606e-05,340
2,-156.054829287047,-344.833148931226,1.49475072248606e-05,340
3,-529.978384144585,-406.548227335679,1.49475072248606e-05,254
4,-500.947803169861,-430.148121294224,1.49475072248606e-05,340
5,-358.693110508088,-415.857119136997,1.49475072248606e-05,340
6,-510.529329394993,-431.635820846663,1.49475072248606e-05,340
7,-468.087947996621,-436.843267582371,1.49475072248606e-05,211
8,-382.555872757474,-430.057343229259,1.49475072248606e-05,340
9,-768.278048100506,-467.637421548287,-17.9735717773438,340
10,-768.701433939602,-497.743822787418,-17.9735717773438,340
11,-641.093845751982,-510.775643056924,-17.9735717773438,340
12,-820.432110244659,-536.580348655902,-17.9735717773438,340
13,-132.82678738096,-505.522382403983,-17.9735717773438,340
14,-382.661161745764,-496.746580928396,-17.9735717773438,340
15,-461.910043135855,-494.42414507556,-17.9735717773438,340
16,-712.204618245841,-508.035424648703,-17.9735717773438,340
17,-252.105746019748,-492.980737670529,-17.8020420074463,340
18,-685.33810564699,-503.667258113666,-17.8020420074463,340
19,-734.785681417511,-515.831385655973,-17.8020420074463,340
20,-609.314861841512,-520.50555946525,-17.8020420074463,340
21,-640.590276795648,-526.223879338126,-17.8020420074463,340
22,-413.12598615479,-521.083066011611,-17.8020420074463,340
23,-512.701821094871,-520.718664058709,-17.8020420074463,340
24,-325.608533179581,-512.589075272079,-17.8020420074463,340
25,-463.698282395471,-510.633443557015,-5.99826622009277,340
26,-601.082424535123,-513.332281795403,-5.99826622009277,340
27,-407.733886353933,-523.399444078079,-5.99826622009277,340
28,-219.450729388393,-510.978337887831,-5.99826622009277,340
29,-55.9099456974195,-493.176823588933,-5.99826622009277,340
30,-273.661868025968,-489.775573889649,-5.99826622009277,340
31,-658.155159282033,-495.68060708513,-5.99826622009277,340
32,-301.86896391325,-489.031847721795,-5.99826622009277,340
33,-21.6999396232938,-474.597610396428,10.6605014801025,340
34,-42.4455726001611,-445.564311376414,10.6605014801025,340
35,-287.00582909222,-426.296487182519,10.6605014801025,340
36,-129.073250923778,-405.815663389391,10.6605014801025,340
37,-247.339833321501,-382.891972312465,10.6605014801025,340
38,-340.92454739814,-391.215882713152,10.6605014801025,340
39,-294.169034329347,-387.676197616495,10.6605014801025,340
40,-285.555656921741,-380.622022167931,10.6605014801025,340
41,-73.5665265727454,-355.076498501007,40.1026916503906,283
42,-214.69697648365,-353.580147719563,40.1026916503906,253
43,-133.297077495254,-331.498506593493,40.1026916503906,340
44,-314.293734467032,-314.678828715474,40.1026916503906,340
45,-194.919753966371,-298.103024400469,40.1026916503906,340
46,-281.043853567057,-283.721167471325,40.1026916503906,340
47,69.3702669609396,-264.421317346696,40.1026916503906,340
48,8.43398408654166,-243.575885139439,40.1026916503906,340
49,-49.288749946303,-232.523093810108,73.3920669555664,340
50,-54.6217705345077,-216.16003333567,73.3920669555664,340
51,-11.7728881507676,-192.587651880295,73.3920669555664,340
52,-193.299214394656,-184.010265001924,73.3920669555664,271
53,-258.809857631345,-185.584630131642,73.3920669555664,340
54,46.2975437365943,-181.496330554282,73.3920669555664,340
55,-376.364865114362,-185.604450437818,73.3920669555664,339
56,-467.804701073995,-177.990432109496,73.3920669555664,299
57,156.779274486804,-159.644502573494,87.0038375854492,340
58,18.978779707454,-158.017353800264,87.0038375854492,340
59,-240.997682146846,-165.959438182131,87.0038375854492,329
60,-9.51700011661177,-154.859885023107,87.0038375854492,340
61,168.64898898598,-142.950995426717,87.0038375854492,340
62,-47.4596425336241,-134.955787795202,87.0038375854492,337
63,176.489580196621,-114.259222691411,87.0038375854492,340
64,133.537822229575,-97.1509484290544,87.0038375854492,340
65,-189.188460820527,-93.2962605850058,114.798141479492,340
66,-382.300113259586,-105.645604052479,114.798141479492,340
67,-233.966587350754,-106.416388487164,114.798141479492,340
68,-331.425370744639,-114.341520217139,114.798141479492,340
69,-405.473595920969,-117.988714675296,114.798141479492,340
70,-294.402271821102,-121.968015389486,114.798141479492,340
71,-80.5821020437916,-113.949545328555,114.798141479492,340
72,-139.895159694787,-122.320162394784,114.798141479492,310
73,-472.49615763135,-141.5573680635,138.075256347656,340
74,-246.666305913966,-149.452470302206,138.075256347656,320
75,-103.80065450788,-151.419625661141,138.075256347656,340
76,-308.180026502644,-163.275911195216,138.075256347656,340
77,-131.510059917392,-160.804345016126,138.075256347656,279
78,-4.48000612544386,-150.63115095589,138.075256347656,280
79,156.728066055173,-146.213930063147,138.075256347656,340
80,-184.285944567895,-138.530773241288,138.075256347656,340
81,55.070425559183,-117.615768175961,154.455093383789,340
82,-195.890391877078,-131.722554830516,154.455093383789,319
83,-283.95599986584,-143.839946013448,154.455093383789,340
84,-235.353344869576,-143.614172522357,154.455093383789,340
85,96.1310691336077,-139.388249752348,154.455093383789,306
86,-287.725930812635,-157.643246544293,154.455093383789,340
87,-165.34233416666,-162.358554209614,154.455093383789,335
88,-60.4125518172194,-171.834639490168,154.455093383789,340
89,-95.1638669479166,-180.982707057267,156.381988525391,275
90,-216.394756668496,-182.070958891186,156.381988525391,340
91,-426.502403334039,-183.839050494164,156.381988525391,340
92,39.1287703063407,-172.915236187881,156.381988525391,340
93,-292.891320758495,-171.373874188435,156.381988525391,304
94,-201.69234368569,-163.222624099024,156.381988525391,289
95,-341.468860994903,-165.105287665976,156.381988525391,340
96,128.699701810291,-156.734015511812,156.381988525391,340
97,-89.8767953245938,-154.733280937005,171.588302612305,340
98,-212.208554913851,-144.321776828305,171.588302612305,334
99,-377.280845256271,-149.546358401997,171.588302612305,277
100,-20.753865477421,-146.224486840779,171.588302612305,320
101,-155.224055075529,-140.106247983694,171.588302612305,289
102,90.2255134268852,-131.236825049923,171.588302612305,340
103,10.0206705018119,-130.656797984833,171.588302612305,271
104,319.835744186184,-124.132490859592,171.588302612305,340
105,232.362452979213,-107.466554957708,177.321166992188,340
106,-215.527862898547,-118.290486496017,177.321166992188,339
107,-324.635334129833,-123.440284186127,177.321166992188,340
108,-65.4103785447058,-114.698459333282,177.321166992188,320
109,30.2020292214646,-104.07624436964,177.321166992188,340
110,67.6134649219137,-105.216948538108,177.321166992188,340
111,-181.128135854978,-100.953036739802,177.321166992188,340
112,-423.774306488186,-111.290315632663,177.321166992188,340
113,203.752699471734,-100.723705581105,183.04948425293,340
114,-55.3323053264398,-99.1304431162456,183.04948425293,340
115,290.71027475565,-78.8462418592798,183.04948425293,340
116,105.031333314459,-57.5848923933399,183.04948425293,340
117,3.44674921683805,-59.01217323692,183.04948425293,340
118,95.5728917646674,-43.4736047359935,183.04948425293,340
119,23.4363456921855,-34.4684571608785,183.04948425293,340
120,-123.446796807129,-25.7475745933675,183.04948425293,340
121,-176.778160598673,-37.9666890897261,211.700424194336,338
122,245.326265779001,-24.5585666455822,211.700424194336,340
123,-171.115858509853,-22.9148587894223,211.700424194336,340
124,198.508301401353,0.116707076882665,211.700424194336,340
125,-383.555277585819,-14.3953494074532,211.700424194336,340
126,209.315771093913,0.18624363932446,211.700424194336,340
127,164.90246389007,3.17332165785184,211.700424194336,340
128,235.770503819496,12.2033149905592,211.700424194336,340
129,253.945431583997,9.56770248647177,227.457046508789,340
130,214.466683258741,8.85187169765288,227.457046508789,340
131,-139.133910842904,11.9076297798786,227.457046508789,340
132,201.689100877258,32.9606071801622,227.457046508789,340
133,231.454596989265,44.8352062015211,227.457046508789,340
134,232.274774691723,52.9181160203314,227.457046508789,340
135,223.232834822344,59.1428908163486,227.457046508789,340
136,-34.7858613270517,64.9965817974657,227.457046508789,340
137,105.395007669779,86.1633543637843,250.851425170898,340
138,112.543268657749,82.5149771312248,250.851425170898,340
139,276.42927475649,95.7854403345421,250.851425170898,340
140,393.118033601794,99.8817506883878,250.851425170898,340
141,156.11944017259,101.925274962713,250.851425170898,340
142,44.6217931999757,103.572276722039,250.851425170898,340
143,203.434521235485,107.886741900871,250.851425170898,340
144,435.710050166786,124.377690079855,250.851425170898,340
145,382.00835690095,144.595896228178,269.416442871094,340
146,366.99628382917,166.346874005292,269.416442871094,340
147,494.79216152307,176.325509835055,269.416442871094,340
148,238.83108144817,192.723387433376,269.416442871094,340
149,326.12019794994,197.827863295319,269.416442871094,340
150,239.037482533204,222.73157370008,269.416442871094,340
151,487.966923289953,233.877619787922,269.416442871094,340
152,486.10043989356,246.725538828061,269.416442871094,340
153,501.560794730315,257.357150464494,286.908569335938,340
154,549.792979322831,269.191052374048,286.908569335938,340
155,489.016052210335,280.173027132111,286.908569335938,340
156,392.210725031375,301.426812567082,286.908569335938,340
157,278.095791628398,304.483080197128,286.908569335938,340
158,636.826761378965,320.697966772716,286.908569335938,340
159,535.423560277972,332.823918196166,286.908569335938,340
160,554.180637348036,346.061830297194,286.908569335938,340
161,752.309603759694,377.545648900664,311.946380615234,340
162,863.51406504738,407.870411195768,311.946380615234,340
163,428.269218697852,420.499449197372,311.946380615234,340
164,1009.91418252012,449.838845507917,311.946380615234,340
165,1042.80860140487,475.82646822004,311.946380615234,340
166,583.447905469891,492.919606831932,311.946380615234,340
167,848.630422743705,525.079952013681,311.946380615234,340
168,394.423881466135,532.719526422907,311.946380615234,340
169,751.246673467028,545.340991354917,335.403656005859,340
170,750.269103680709,560.071421226107,335.403656005859,340
171,968.087252949303,584.115059990913,335.403656005859,340
172,952.286020327045,602.414814343072,335.403656005859,340
173,469.863967183999,611.656129772505,335.403656005859,340
174,884.944740638941,634.009111480065,335.403656005859,340
175,794.59484937682,656.231406153809,335.403656005859,340
176,567.354158946628,659.406895580076,335.403656005859,340
177,653.165029322295,666.089479157226,356.663940429688,340
178,981.649903288319,685.293043499546,356.663940429688,340
179,808.641019979825,695.646965125826,356.663940429688,340
180,693.028178668292,703.807450184144,356.663940429688,340
181,1326.54390886559,741.180777537513,356.663940429688,340
182,1389.8332872552,785.650277362585,356.663940429688,340
183,1326.10380268716,813.221359014913,356.663940429688,340
184,840.243191404939,825.414144259991,356.663940429688,340
185,917.05798572206,839.929238194952,371.531372070312,340
186,1296.09264438746,861.680559820063,371.531372070312,340
187,1040.60548625473,868.764216668357,371.531372070312,340
188,737.403402970512,881.129584039263,371.531372070312,340
189,468.841681135799,859.48668398389,371.531372070312,340
190,1093.28650592621,861.505800164744,371.531372070312,340
191,1237.06852646711,887.650625004632,371.531372070312,340
192,1519.62147684208,914.490267168567,371.531372070312,340
193,1088.8770166682,942.26839257665,385.560028076172,340
194,517.291519081677,932.910186401236,385.560028076172,340
195,864.17057073135,937.466245083262,385.560028076172,340
196,1535.94341915251,960.18049173139,385.560028076172,340
197,1589.52182147256,985.66992377721,385.560028076172,340
198,993.421565868997,1006.61222772461,385.560028076172,340
199,1338.8642280087,1024.7690072194,385.560028076172,340
200,1200.94371542258,1041.02296186123,385.560028076172,340
201,1337.38778512341,1071.8243069083,416.666717529297,340
202,756.176688719009,1075.94477328417,416.666717529297,340
203,859.198126683231,1071.04670221997,416.666717529297,340
204,1600.91045361094,1102.73747956521,416.666717529297,340
205,1055.21463284846,1117.22493773242,416.666717529297,340
206,688.963418318163,1091.72171811052,416.666717529297,340
207,870.991864875957,1070.96806121535,416.666717529297,340
208,936.740334495387,1055.39352248768,416.666717529297,340
209,1075.60086258545,1064.8078293349,441.811889648438,340
210,1625.77634556276,1093.15656372853,441.811889648438,340
211,1512.57617180728,1101.81590482532,441.811889648438,340
212,1412.18360626326,1116.67902962566,441.811889648438,340
213,1131.78825383983,1132.45442366044,441.811889648438,340
214,1194.40497780284,1161.47695552712,441.811889648438,340
215,1410.99158570423,1174.18515871824,441.811889648438,340
216,1248.25036458813,1174.63243224308,441.811889648438,340
217,1371.11921960531,1168.69234195361,452.236175537109,340
218,1374.26273246313,1180.10777058541,452.236175537109,340
219,990.819741846105,1199.04889949598,452.236175537109,340
220,1493.27629013899,1224.21312827229,452.236175537109,340
221,1679.601080318,1229.95943471891,452.236175537109,340
222,1480.62681461666,1225.60363444467,452.236175537109,340
223,1598.47626226079,1249.80582230034,452.236175537109,340
224,1265.3496979895,1246.86524109958,452.236175537109,340
225,1461.63039499277,1257.29270828238,471.867431640625,340
226,1415.29995172995,1260.40919494664,471.867431640625,340
227,1208.26499832453,1278.49272733087,471.867431640625,340
228,1198.16658827941,1292.05146579471,471.867431640625,340
229,908.497277963166,1264.3549387688,471.867431640625,340
230,1442.44878188433,1279.84430473024,471.867431640625,340
231,805.252569715072,1284.49587078611,471.867431640625,340
232,1331.37168864678,1302.91106373695,471.867431640625,340
233,1651.535051948,1331.50285243505,484.970458984375,340
234,1502.26757340196,1348.56952086771,484.970458984375,340
235,1331.94513329325,1336.81627237693,484.970458984375,340
236,1342.22196187973,1330.00210397983,484.970458984375,340
237,1582.18164912557,1336.80202569432,484.970458984375,340
238,1285.11515927318,1342.93510191165,484.970458984375,340
239,1450.41747144445,1353.17560165732,484.970458984375,340
240,1587.0077558304,1360.21624846237,484.970458984375,340
241,1479.47051269556,1369.46505438666,502.787200927734,340
242,1499.89895657749,1374.61624386555,502.787200927734,340
243,1629.37722798568,1384.82082368645,502.787200927734,340
244,1685.60058821667,1412.61205754127,502.787200927734,340
245,1589.78053699608,1416.47222741556,502.787200927734,340
246,1493.20824792824,1409.01651411997,502.787200927734,340
247,1301.82117756264,1401.86428863781,502.787200927734,340
248,1287.30248835461,1389.41733768156,502.787200927734,340
249,1629.47618316684,1403.98239708865,518.262878417969,340
250,1579.70904400022,1408.70554304895,518.262878417969,340
251,1342.57218769359,1405.7964324875,518.262878417969,340
252,1262.95162373695,1407.98389750399,518.262878417969,340
253,1522.27167432451,1420.9481009458,518.262878417969,340
254,1161.41707585879,1431.06489286162,518.262878417969,340
255,1426.86792780543,1430.44165869847,518.262878417969,340
256,1657.08524002018,1464.51496551067,518.262878417969,340
257,1783.82479427779,1482.61308973591,532.986633300781,340
258,1606.18018729288,1480.79889514971,532.986633300781,340
259,1268.47598568838,1471.44723164116,532.986633300781,340
260,1694.13302704639,1485.93474739129,532.986633300781,340
261,1548.57549718947,1494.18888880368,532.986633300781,340
262,1406.43360168279,1487.15896690597,532.986633300781,340
263,1619.63536836916,1500.53977526981,532.986633300781,340
264,1332.66851007993,1495.82981681523,532.986633300781,340
265,1733.75726879106,1501.69979733365,544.185363769531,340
266,1679.43862106275,1509.69852166834,544.185363769531,340
267,1640.7242933042,1515.33153513741,544.185363769531,340
268,1580.77374615668,1513.38739586425,544.185363769531,340
269,1707.90204558738,1514.27945415908,544.185363769531,340
270,1557.89910720453,1513.00419696742,544.185363769531,340
271,1622.99613346003,1518.19571238869,544.185363769531,340
272,1341.97132136128,1519.80171814063,544.185363769531,340
273,1783.13455906985,1539.63500096924,562.316955566406,340
274,1405.531911662,1530.67723010905,562.316955566406,340
275,1815.80973320198,1540.12125767712,562.316955566406,340
276,1674.55400779979,1553.40053048137,562.316955566406,340
277,1480.45230008964,1562.10055753548,562.316955566406,340
278,1867.95970105222,1575.92807860458,562.316955566406,340
279,1888.63880920937,1605.01694793861,562.316955566406,340
280,1784.71213182687,1619.33071609946,562.316955566406,340
281,1830.28835007621,1626.2588405017,579.707214355469,340
282,1424.74180860968,1611.89552107498,579.707214355469,340
283,1939.73747899194,1625.23781274294,579.707214355469,340
284,1570.47283307675,1637.31768663848,579.707214355469,340
285,1931.99241194676,1646.83206203449,579.707214355469,340
286,1663.14556689222,1651.4148648226,579.707214355469,340
287,1849.94857486911,1669.15546375006,579.707214355469,340
288,1865.52839116939,1678.99118466207,579.707214355469,340
289,1873.98899756937,1700.64400416164,591.275695800781,340
290,1787.07938912905,1702.77688897516,591.275695800781,340
291,1708.49152718848,1703.93900522019,591.275695800781,340
292,1811.8768484453,1710.78510742584,591.275695800781,340
293,1631.08209242693,1712.79744127665,591.275695800781,340
294,1715.04232793168,1713.08305257042,591.275695800781,340
295,1867.89619647417,1725.4829361412,591.275695800781,340
296,1900.15725079104,1736.56938083444,591.275695800781,340
297,1833.53937838767,1756.2321031155,604.310607910156,340
298,1694.22063369124,1752.67554610035,604.310607910156,340
299,1817.27993740297,1769.14546712999,604.310607910156,340
300,1687.83616116488,1764.02652424851,604.310607910156,340
301,1790.08301498537,1768.64768453593,604.310607910156,340
302,1852.54948012739,1783.53157173744,604.310607910156,340
303,1887.05485295586,1784.29537781359,604.310607910156,340
304,1942.11050022758,1786.43424545432,604.310607910156,340
305,1674.95870962119,1782.04410856609,619.198303222656,340
306,2060.24984653655,1791.2425684245,619.198303222656,340
307,1687.45967974765,1801.75128327002,619.198303222656,340
308,1846.99496798981,1798.04158282994,619.198303222656,340
309,1931.92630118486,1812.49972155426,619.198303222656,340
310,1550.14413861842,1797.22579062113,619.198303222656,340
311,1710.08858160198,1799.10351120952,619.198303222656,340
312,1630.783751426,1790.33691827179,619.198303222656,340
313,1688.04771809648,1783.23769134888,623.705139160156,340
314,1816.55344105602,1780.94026908834,623.705139160156,340
315,1733.9269260884,1778.81417056672,623.705139160156,340
316,1654.62180604348,1776.65938172092,623.705139160156,340
317,1807.02264948841,1776.46521376264,623.705139160156,340
318,1786.53316335765,1782.68325659987,623.705139160156,340
319,1599.06165046588,1778.04402950124,623.705139160156,340
320,1624.80866820629,1768.32052837052,623.705139160156,340
321,1975.81960200456,1771.34702241906,631.132568359375,340
322,1938.4854051162,1775.5448634882,631.132568359375,340
323,1819.49724503091,1780.55592794179,631.132568359375,340
324,1673.72512360091,1774.81373538971,631.132568359375,340
325,1784.42013808461,1778.6770944665,631.132568359375,340
326,1824.88308467638,1780.06909725414,631.132568359375,340
327,1817.25594512333,1778.65735585398,631.132568359375,340
328,1864.63661306858,1777.76062625849,631.132568359375,340
329,2005.19776789902,1780.28411696534,636.865539550781,340
330,2048.54480360493,1795.22756072469,636.865539550781,340
331,2028.19755066119,1793.94546888968,636.865539550781,340
332,2083.09016232316,1809.7706881927,636.865539550781,340
333,1937.3610127328,1813.38532998242,636.865539550781,340
334,1897.60777142082,1812.01258879186,636.865539550781,340
335,1931.86379389341,1827.28137500286,636.865539550781,340
336,1933.54252357227,1836.21953268167,636.865539550781,340
337,2043.59173494287,1852.73185202234,643.427490234375,340
338,2086.35390543042,1868.6640995157,643.427490234375,340
339,1925.33384891596,1873.0153158301,643.427490234375,340
340,1976.89849279629,1882.73417849841,643.427490234375,340
341,2062.85409757585,1899.06347015971,643.427490234375,340
342,2030.79999082483,1908.01456381316,643.427490234375,340
343,2203.38351265987,1924.68857778525,643.427490234375,340
344,1978.99249228494,1939.88581145802,643.427490234375,340
345,2203.0595135554,1963.01584527198,652.064392089844,340
346,1918.80167153957,1960.73512805338,652.064392089844,340
347,2001.46402442209,1963.25427282562,652.064392089844,340
348,1989.78910113493,1970.06594706978,652.064392089844,340
349,1781.64373884944,1974.38269167972,652.064392089844,340
350,2080.22468357423,1986.2148734993,652.064392089844,340
351,2075.85213510336,1996.25363551638,652.064392089844,340
352,1893.08222922216,1999.28668688034,652.064392089844,340
353,2008.86361107215,2005.05576680048,661.651428222656,340
354,1546.38747937117,1986.70335525937,661.651428222656,340
355,1735.12150998117,1974.16642351441,661.651428222656,340
356,1849.48684871447,1967.01799543655,661.651428222656,340
357,1946.63235493403,1961.55968314098,661.651428222656,340
358,2100.91270531962,1968.10175084445,661.651428222656,340
359,2272.17684794982,1983.08451390561,661.651428222656,340
360,2209.72921127219,1994.19913060077,661.651428222656,340
361,2104.8490292407,2001.0513908275,675.140563964844,340
362,2191.42937907265,2006.96489659269,675.140563964844,340
363,2237.33275496224,2013.00405057397,675.140563964844,340
364,2101.7053256469,2020.0589096432,675.140563964844,340
365,2100.9902299544,2025.02257912953,675.140563964844,340
366,2106.1997629161,2026.75640574314,675.140563964844,340
367,2229.7681785709,2034.71513325298,675.140563964844,340
368,2152.68292340244,2032.68710968268,675.140563964844,340
369,2046.96709101231,2035.40609363178,677.097900390625,340
370,2177.5835610738,2034.38705553251,677.097900390625,340
371,2179.96052366248,2044.83340961743,677.097900390625,340
372,2106.93125039886,2049.0520986565,677.097900390625,340
373,2008.87283109871,2049.81544785505,677.097900390625,340
374,2123.85953949499,2063.50407988087,677.097900390625,340
375,2156.52205798365,2066.55597485725,677.097900390625,340
376,2198.1081801199,2071.44621665791,677.097900390625,340
377,2300.60276979106,2087.74703828067,685.864685058594,340
378,2140.33334539525,2093.00582765359,685.864685058594,340
379,1824.41928597702,2104.12709991783,685.864685058594,340
380,2130.91414513365,2119.95880532393,685.864685058594,340
381,2203.6656297482,2134.12595656528,685.864685058594,340
382,2219.8473152483,2145.05455497785,685.864685058594,340
383,2086.79233552612,2144.48974018611,685.864685058594,340
384,2127.36676772176,2138.69733697698,685.864685058594,340
385,2206.77037077922,2138.57898335726,688.032592773438,340
386,1862.26696443021,2128.87570076485,688.032592773438,340
387,2157.23316279642,2127.5078521138,688.032592773438,340
388,2263.0349099102,2128.53593831171,688.032592773438,340
389,2091.44215318279,2128.12541141315,688.032592773438,340
390,2134.21570578795,2129.45443044649,688.032592773438,340
391,2189.91883147319,2132.80319318878,688.032592773438,340
392,2139.7128898639,2129.2009816405,688.032592773438,340
393,2204.61527457617,2131.27827568744,688.758666992188,340
394,2170.33026768974,2136.21280275454,688.758666992188,340
395,2304.16142793563,2141.27591742901,688.758666992188,340
396,2274.25001167928,2145.04749694969,688.758666992188,340
397,2215.2777190879,2149.38135569725,688.758666992188,340
398,2303.35386949197,2161.16059723298,688.758666992188,340
399,1955.89983999002,2154.44220925278,688.758666992188,340
400,2238.01453435526,2157.70190830764,688.758666992188,340
401,2170.91648132424,2156.61424035582,691.051330566406,340
402,2245.87815416381,2154.42525573073,691.051330566406,340
403,2232.3982908801,2158.10785355012,691.051330566406,340
404,2165.6548918549,2171.75727778524,691.051330566406,340
405,2220.66509766237,2175.34731588638,691.051330566406,340
406,2268.61489282171,2177.94528640933,691.051330566406,340
407,2289.06906751667,2180.71415650006,691.051330566406,340
408,2189.83296249359,2184.83578157876,691.051330566406,340
409,2239.92151253448,2189.33797137127,696.517639160156,340
410,1952.87441753011,2179.1821332413,696.517639160156,340
411,2128.49385912045,2189.83120902891,696.517639160156,340
412,2274.45465725006,2194.52006880706,696.517639160156,340
413,2299.04990479478,2195.96066860244,696.517639160156,340
414,2237.98293125622,2201.82229972538,696.517639160156,340
415,2259.78669563667,2206.84513931933,696.517639160156,340
416,2259.30115025546,2209.62043207062,696.517639160156,340
417,2302.61494713587,2216.1365143615,702.045043945312,340
418,2323.77632529753,2220.90295639035,702.045043945312,340
419,2228.49891319716,2223.22970221065,702.045043945312,340
420,2316.27163556942,2223.714110516,702.045043945312,340
421,2216.22833243631,2221.39324334628,702.045043945312,340
422,2308.20092952614,2225.11017176381,702.045043945312,340
423,2009.10872137656,2213.3403658392,702.045043945312,340
424,2254.26136440746,2225.27482681589,702.045043945312,340
425,2237.40472393964,2225.25043439927,706.306335449219,340
426,2296.99396556383,2230.29353376885,706.306335449219,340
427,2295.88310214317,2232.29373168803,706.306335449219,340
428,2270.02669193636,2233.79886773028,706.306335449219,340
429,2360.13564027896,2241.57809766724,706.306335449219,340
430,2256.34934325241,2243.00546749084,706.306335449219,340
431,2285.44883454575,2243.6788251598,706.306335449219,340
432,2236.87305423687,2241.59098462861,706.306335449219,340
433,2285.41330554631,2245.41419835072,708.865844726562,340
434,2273.49261166838,2246.75704231608,708.865844726562,340
435,2259.0408046992,2259.00369780284,708.865844726562,340
436,2301.15084743668,2265.90997733549,708.865844726562,340
437,2276.52383239643,2265.99274434134,708.865844726562,340
438,2245.18245409133,2263.8380463132,708.865844726562,340
439,2241.90173665925,2263.99479852933,708.865844726562,340
440,2302.97778329,2265.72244203546,708.865844726562,340
441,2282.78015336022,2266.66160215965,712.058898925781,340
442,2210.38807774338,2262.97252738395,712.058898925781,340
443,2287.02564977455,2261.50250036303,712.058898925781,340
444,2294.45894238083,2264.14090153038,712.058898925781,340
445,2274.04104380594,2262.45167785984,712.058898925781,340
446,2328.38148122771,2266.93780381149,712.058898925781,340
447,2309.2593518626,2266.98014070495,712.058898925781,340
448,2311.80739530553,2279.08808766211,712.058898925781,340
449,2269.02325592221,2279.6785633227,717.450073242188,340
450,2181.28201794046,2277.43365508273,717.450073242188,340
451,2268.06780509402,2276.27660866394,717.450073242188,340
452,2173.38068290605,2271.37651189446,717.450073242188,340
453,2306.17795939547,2272.82256259282,717.450073242188,340
454,2251.51216824277,2268.47762371137,717.450073242188,340
455,2316.53499609487,2270.88504982507,717.450073242188,340
456,2300.87587642991,2271.50213150044,717.450073242188,340
457,2253.34144679733,2272.16086720286,722.256530761719,340
458,2245.73177040085,2270.57360579704,722.256530761719,340
459,2241.04422599147,2269.27567036996,722.256530761719,340
460,2240.60300465284,2268.53815836811,722.256530761719,340
461,2271.92481719573,2267.36911715847,722.256530761719,340
462,2276.63945265954,2267.37374196899,722.256530761719,340
463,2249.7578764708,2267.55675886417,722.256530761719,340
464,2261.29669885848,2268.33255735214,722.256530761719,340
465,2267.45189889191,2266.91152197622,725.485046386719,340
466,2223.4446956084,2264.53810366615,725.485046386719,340
467,2214.89335174861,2264.71831462636,725.485046386719,340
468,2224.67188707962,2262.22416411856,725.485046386719,340
469,2216.97451485462,2259.12478701751,725.485046386719,340
470,2249.10497291776,2258.12734418198,725.485046386719,340
471,2275.55262421676,2256.01418990154,725.485046386719,340
472,2205.98884350672,2251.88336956731,725.485046386719,340
473,2233.70863262811,2248.75941906021,731.822326660156,340
474,2218.27941748498,2246.72966552272,731.822326660156,340
475,2205.27841057022,2247.68952122791,731.822326660156,340
476,2286.49915517127,2248.426775231,731.822326660156,340
477,2134.49566253254,2246.87137441606,731.822326660156,340
478,2211.06453426433,2243.06683741082,731.822326660156,340
479,2225.43364820903,2242.02369660947,731.822326660156,340
480,2210.38201002059,2237.7775771665,731.822326660156,340
481,2158.69059031236,2232.09016572179,732.082153320312,340
482,2211.75019817376,2230.42651577685,732.082153320312,340
483,2179.7828212387,2227.78855781037,732.082153320312,340
484,2117.30604135707,2222.83903042499,732.082153320312,340
485,2091.36802768439,2216.86963134625,732.082153320312,340
486,2214.48632599135,2214.57209169808,732.082153320312,340
487,2095.23205920693,2207.31579595997,732.082153320312,340
488,2133.74978809346,2202.67547242488,732.082153320312,340
489,2195.83246430571,2200.05690304277,737.671691894531,340
490,2191.25970485657,2197.00921528135,737.671691894531,340
491,2118.77036935847,2192.82224223136,737.671691894531,340
492,2215.48390120452,2192.84586420959,737.671691894531,340
493,2208.03194212018,2192.18026641122,737.671691894531,340
494,2132.16750600954,2188.78798605741,737.671691894531,340
495,2034.10866129917,2180.18813359267,737.671691894531,340
496,2144.67212338741,2174.95291355949,737.671691894531,340
497,2231.08248834247,2175.95665935292,740.426635742188,340
498,2044.90643703005,2168.404571529,740.426635742188,340
499,2158.02079928846,2165.99422680114,740.426635742188,340
500,2153.76826399301,2163.93382093805,740.426635742188,340
501,2203.64933561733,2160.6198281559,740.426635742188,340
502,2154.38929348738,2161.41557339409,740.426635742188,340
503,2188.47507126084,2160.51199487395,740.426635742188,340
504,2134.40284422945,2156.87076271477,740.426635742188,340
505,2184.13822119487,2155.82101116174,740.524658203125,340
506,2171.3404557859,2156.32700578068,740.524658203125,340
507,2202.91083225717,2155.97343114402,740.524658203125,340
508,2176.24263441715,2155.83182367115,740.524658203125,340
509,2123.28976779078,2156.0711727285,740.524658203125,340
510,2101.36233827955,2156.47094515231,740.524658203125,340
511,2179.4012009032,2155.06754014878,740.524658203125,340
512,2110.78750318995,2155.6897579081,740.524658203125,340
513,2098.49848487937,2154.27970577954,742.844665527344,340
514,2061.23685021969,2148.8958812161,742.844665527344,340
515,2072.38533836089,2144.14090655627,742.844665527344,340
516,2071.77681651597,2142.26116444257,742.844665527344,340
517,2119.2550732247,2138.41201132338,742.844665527344,340
518,2185.39652240658,2137.50659453483,742.844665527344,340
519,2114.75418294975,2136.81006161244,742.844665527344,340
520,2123.53103753857,2140.38695666202,742.844665527344,340
521,2109.48647757303,2138.97953082944,746.355285644531,340
522,2024.70549590776,2130.72445113206,746.355285644531,340
523,2096.87954726701,2132.80337554153,746.355285644531,340
524,2118.75788343183,2131.23285890727,746.355285644531,340
525,2050.88826600243,2127.11765898765,746.355285644531,340
526,2023.66916551909,2119.91845218372,746.355285644531,340
527,2106.39771585123,2117.99878907827,746.355285644531,340
528,2163.4580839642,2116.9981095864,746.355285644531,340
529,2071.59443249344,2114.48577311696,751.567138671875,340
530,2109.24752019795,2111.49014507709,751.567138671875,340
531,2108.17792532642,2108.96364385871,751.567138671875,340
532,2090.60339417083,2104.47134633525,751.567138671875,340
533,2080.55091265057,2100.64367746459,751.567138671875,340
534,2108.83231950137,2100.06537953301,751.567138671875,340
535,2135.42931428321,2101.42805857316,751.567138671875,340
536,2055.72717150178,2096.4810973971,751.567138671875,340
537,2066.49832422709,2094.70953023859,754.706237792969,340
538,2104.20589054046,2094.93782646503,754.706237792969,340
539,1725.25921206694,2081.49872093892,754.706237792969,340
540,2030.65508194882,2079.82951068244,754.706237792969,340
541,2110.2207876798,2081.36726952899,754.706237792969,340
542,1906.62616936488,2072.8621133746,754.706237792969,340
543,1983.05543789397,2064.7684699941,754.706237792969,340
544,1914.64049672533,2056.76392254512,754.706237792969,340
545,2016.99946513894,2052.50265964913,754.064636230469,340
546,2085.61286252797,2051.54771504733,754.064636230469,340
547,1601.72564969111,2034.62852119867,754.064636230469,340
548,1868.32966254364,2025.48652580973,754.064636230469,340
549,1663.691531588,2007.28387173598,754.064636230469,340
550,1889.96113731755,2000.84678658858,754.064636230469,340
551,1701.78723854535,1987.97150950963,754.064636230469,340
552,1720.38488963717,1972.53099646107,754.064636230469,340
553,1561.15404232968,1948.43883479569,759.717834472656,340
554,1788.42358052893,1937.11200071711,759.717834472656,340
555,1818.01409646246,1925.46266376769,759.717834472656,340
556,1568.51467740646,1903.87613385089,759.717834472656,340
557,2033.87076158741,1901.60682854756,759.717834472656,340
558,1831.54545411447,1891.64661020611,759.717834472656,340
559,2082.94574238642,1890.61114712151,759.717834472656,340
560,2005.61505165103,1885.41857661623,759.717834472656,340
561,1643.86329714536,1868.94402164197,762.263366699219,340
562,1643.15538861302,1852.01030421741,762.263366699219,340
563,1983.05596624063,1847.16430724541,762.263366699219,340
564,1677.8172088504,1845.26662711675,762.263366699219,340
565,1859.97441275976,1838.43940034919,762.263366699219,340
566,1871.01615997689,1828.87121524107,762.263366699219,340
567,1673.89212247426,1819.56185336545,762.263366699219,340
568,1759.42951494207,1810.61681644737,762.263366699219,340
569,1872.95393358693,1808.94935392184,766.060546875,340
570,1986.89661049731,1807.74523973617,766.060546875,340
571,1820.84661171568,1797.15458970368,766.060546875,340
572,2037.99852385482,1814.60550467023,766.060546875,340
573,2027.42197135365,1820.96919702263,766.060546875,340
574,1915.87229020029,1831.05642736712,766.060546875,340
575,2045.47419187802,1837.27694954954,766.060546875,340
576,2057.85652556576,1851.51972103036,766.060546875,340
577,1856.89577249433,1856.98015634464,766.804077148438,340
578,1775.89922625907,1865.56996370182,766.804077148438,340
579,2077.30016355551,1877.12502702288,766.804077148438,340
580,2031.28517738096,1885.65587025962,766.804077148438,340
581,1792.0055791669,1894.59550633004,766.804077148438,340
582,1992.48710657119,1892.94016012939,766.804077148438,340
583,2037.93899082274,1901.19590159772,766.804077148438,340
584,1953.92405427951,1896.03503407344,766.804077148438,340
585,1917.29772333992,1892.502340941,764.712158203125,340
586,1948.6688145249,1904.69456163618,764.712158203125,340
587,1895.69204771878,1914.79602800041,764.712158203125,340
588,2054.79526509699,1917.66559995467,764.712158203125,340
589,1881.56338961166,1925.81544718512,764.712158203125,340
590,1870.98745669376,1926.25596894248,764.712158203125,340
591,1901.50617536365,1927.47556955795,764.712158203125,340
592,2107.02687908218,1944.80095982226,764.712158203125,340
593,1931.72488785744,1951.69277473888,755.618957519531,340
594,1826.46763684918,1949.83332286937,755.618957519531,340
595,1877.93281373305,1945.4747709988,755.618957519531,340
596,1803.84376609392,1944.79465717393,755.618957519531,340
597,1969.72680095221,1942.06378825782,755.618957519531,340
598,1982.31721493458,1940.25959800106,755.618957519531,340
599,2000.45875367272,1943.64305653996,755.618957519531,340
600,2024.27238203801,1942.79498414636,755.618957519531,340
601,1959.37204488914,1938.85560491929,752.271911621094,340
602,1797.91294748821,1936.49629191905,752.271911621094,340
603,1749.1758847631,1935.42735825921,752.271911621094,340
604,1954.15390351045,1930.5015078574,752.271911621094,340
605,1856.19111048893,1923.49774518172,752.271911621094,340
606,1923.43336218882,1928.7548565026,752.271911621094,340
607,1861.57506373362,1923.5183747891,752.271911621094,340
608,1813.49393540926,1914.54057257256,752.271911621094,340
609,1966.10290767747,1915.02772670848,754.078552246094,340
610,1883.16828942334,1913.66254935181,754.078552246094,340
611,1826.94552426623,1908.79361774147,754.078552246094,340
612,1787.61876738668,1904.47068652818,754.078552246094,340
613,1854.89876709011,1896.47482660791,754.078552246094,340
614,1816.57044311432,1893.87510874802,754.078552246094,340
615,1893.15457136546,1894.76179333488,754.078552246094,340
616,1803.20701518548,1890.82982692776,754.078552246094,340
617,1820.36135720028,1879.36320605248,753.705871582031,340
618,1797.94040263085,1874.01182664342,753.705871582031,340
619,1810.15706868733,1873.35940391694,753.705871582031,340
620,1897.41230043834,1874.13858338515,753.705871582031,340
621,1797.72635978662,1873.89388713286,753.705871582031,340
622,1633.21865617704,1860.43356134186,753.705871582031,340
623,1828.37539924336,1854.27588871421,753.705871582031,340
624,1587.72153150963,1837.76639982768,753.705871582031,340
625,1777.28716663939,1827.88699121174,753.566040039062,340
626,1809.41784768355,1821.88882332352,753.566040039062,340
627,1754.69347168174,1820.16004429126,753.566040039062,340
628,1828.85819782525,1823.34733681374,753.566040039062,340
629,1704.48338821027,1813.36051620173,753.566040039062,340
630,1879.95991696861,1814.31126846092,753.566040039062,340
631,1460.96994663027,1795.81273183858,753.566040039062,340
632,1917.43940300915,1798.0473054096,753.566040039062,340
633,1833.10588489242,1798.83178338893,757.138061523438,340
634,1604.60087056694,1784.37170190451,757.138061523438,340
635,1849.65661830371,1783.03123505972,757.138061523438,340
636,1824.69667390473,1782.94128104526,757.138061523438,340
637,1879.60444381519,1786.6207081024,757.138061523438,340
638,1874.9510990237,1787.42280137975,757.138061523438,340
639,1822.80837066329,1787.6723184817,757.138061523438,340
640,1705.52072446213,1780.16696460557,757.138061523438,340
641,1687.11565682666,1775.52331027122,756.871887207031,340
642,1827.78103636013,1775.82009743761,756.871887207031,340
643,1660.62989136775,1770.32767698709,756.871887207031,340
644,1774.52067373346,1768.90222118893,756.871887207031,340
645,1731.79943261126,1762.27770647585,756.871887207031,340
646,1789.216405036,1761.93730828582,756.871887207031,340
647,1687.33486898775,1764.10195679825,756.871887207031,340
648,1509.78019006119,1751.35814843097,756.871887207031,340
649,1861.08736416155,1762.29278173704,755.294677734375,340
650,1894.02962314587,1766.9624799973,755.294677734375,340
651,1667.02480721183,1761.26675837843,755.294677734375,340
652,1701.6059950464,1759.14325931302,755.294677734375,340
653,1844.28606900904,1759.76037416037,755.294677734375,340
654,1934.03346005643,1768.94237703422,755.294677734375,340
655,1849.87820441471,1767.73910853206,755.294677734375,340
656,1861.75034394233,1783.77032442454,755.294677734375,340
657,1578.2365943919,1770.20221207985,752.520141601562,340
658,1688.20904293043,1764.40633840138,752.520141601562,340
659,1755.98817194565,1770.46183045652,752.520141601562,340
660,1814.57626987729,1769.05861651947,752.520141601562,340
661,1948.11865773098,1773.99549587252,752.520141601562,340
662,1835.11874740349,1772.21606801605,752.520141601562,340
663,1915.41626387863,1773.83467461025,752.520141601562,340
664,1834.29490147878,1774.29413584287,752.520141601562,340
665,1860.52031388914,1780.49411941995,747.861755371094,340
666,1924.94014854812,1790.00709908881,747.861755371094,340
667,1877.04623797056,1791.97770715322,747.861755371094,340
668,1757.75922398669,1795.86288045798,747.861755371094,340
669,1795.10385488033,1796.68620770385,747.861755371094,340
670,1722.09331648157,1796.29796305867,747.861755371094,340
671,1752.65767524639,1794.83561386708,747.861755371094,340
672,1834.52101184315,1800.7230595813,747.861755371094,340
673,1810.87658843271,1812.76691551616,738.678649902344,340
674,1877.77027885508,1813.4342321039,738.678649902344,340
675,1846.55466085691,1811.53523361234,738.678649902344,340
676,1777.23119029641,1815.94348893572,738.678649902344,340
677,1754.4469601919,1818.05712754154,738.678649902344,340
678,1825.54169129059,1817.30735243281,738.678649902344,340
679,1766.36333800822,1810.60054755088,738.678649902344,340
680,1860.20717174606,1811.01370624413,738.678649902344,340
681,1816.31017531347,1809.19609949898,737.934753417969,340
682,1851.0297933682,1820.10782745803,737.934753417969,340
683,1881.35433141005,1827.83363899722,737.934753417969,340
684,1807.55869301504,1829.89645983999,737.934753417969,340
685,1867.00018828967,1831.99341657649,737.934753417969,340
686,1840.53379317961,1827.69002199443,737.934753417969,340
687,1863.29322400628,1828.81700105854,737.934753417969,340
688,1850.63018630042,1826.22555795541,737.934753417969,340
689,1540.54319094605,1814.4754895341,731.255310058594,340
690,1920.08326118872,1816.85800742609,731.255310058594,340
691,1707.79876329967,1808.17235201615,731.255310058594,340
692,1665.8445070252,1799.72428277834,731.255310058594,340
693,1922.81428465701,1806.32648520515,731.255310058594,340
694,1746.02609451625,1804.36337479058,731.255310058594,340
695,1485.02298675825,1794.88056160165,731.255310058594,340
696,1856.22662468929,1799.02331957937,731.255310058594,340
697,1762.59329766531,1796.14621101225,731.702758789062,340
698,1669.43732760612,1790.48864057919,731.702758789062,340
699,1925.78323110213,1792.40915866907,731.702758789062,340
700,1499.63450471856,1778.53235242354,731.702758789062,340
701,1992.52052291439,1787.14392572826,731.702758789062,340
702,1990.74193983555,1796.595724914,731.702758789062,340
703,1927.18202373888,1800.66133821194,731.702758789062,340
704,1998.46096733172,1809.94524338488,731.702758789062,340
705,1861.26593756817,1809.98759401776,728.702453613281,340
706,1944.35743747496,1815.10948450422,728.702453613281,340
707,1932.65470592636,1818.37448100655,728.702453613281,340
708,1947.56628712853,1821.02295923529,728.702453613281,340
709,1729.28552906843,1817.89203267742,728.702453613281,340
710,1881.36402813698,1818.46658627131,728.702453613281,340
711,1914.43198909895,1821.42251410809,728.702453613281,340
712,1889.34184608551,1822.46445899126,728.702453613281,340
713,1880.47028413526,1823.65806290465,723.537048339844,340
714,1875.99814373436,1837.07626101618,723.537048339844,340
715,1931.51885071064,1837.53368459706,723.537048339844,340
716,1920.69173347684,1846.04940340415,723.537048339844,340
717,1972.69677026364,1858.32349393368,723.537048339844,340
718,1987.90160797667,1860.92698686647,723.537048339844,340
719,1906.93800105725,1867.36346312811,723.537048339844,340
720,1929.67707432445,1885.14962663076,723.537048339844,340
721,2009.22723609612,1891.26965108703,719.768920898438,340
722,1927.81113858722,1897.87836472391,719.768920898438,340
723,1898.90608341825,1907.05711495639,719.768920898438,340
724,1946.68400507264,1907.89314591521,719.768920898438,340
725,1952.75668059227,1926.01803295016,719.768920898438,340
726,1919.88331204678,1923.11254451546,719.768920898438,340
727,1948.11066669285,1921.40729358975,719.768920898438,340
728,1886.73462736534,1919.78939773481,719.768920898438,340
729,1960.19599156139,1918.25879870399,717.053771972656,340
730,1943.16075553073,1921.5345914225,717.053771972656,340
731,1929.17270759369,1920.92720222725,717.053771972656,340
732,1974.88262625313,1922.61631904032,717.053771972656,340
733,1989.62894645775,1924.29882541349,717.053771972656,340
734,2025.83867440379,1936.1609512269,717.053771972656,340
735,1966.35208962169,1939.56047368629,717.053771972656,340
736,1856.56120439629,1937.24564229818,717.053771972656,340
737,1866.84070608075,1936.34559669799,714.044311523438,340
738,1958.89287161169,1939.48250019705,714.044311523438,340
739,1964.20465889717,1943.01076080356,714.044311523438,340
740,1856.71218520119,1940.01849418318,714.044311523438,340
741,2001.87346287635,1943.26576335916,714.044311523438,340
742,1896.49992537899,1940.21788956378,714.044311523438,340
743,1982.27422503305,1939.99279424603,714.044311523438,340
744,1980.53232623737,1942.93656725324,714.044311523438,340
745,1954.62215342984,1943.93437041745,712.523742675781,340
746,2042.44879261781,1945.26323267832,712.523742675781,340
747,2005.09632203354,1948.35464001617,712.523742675781,340
748,2031.4689077125,1953.65715298794,712.523742675781,340
749,1985.26481760293,1955.20038548916,712.523742675781,340
750,1931.39671539907,1954.34598688143,712.523742675781,340
751,1970.57341349277,1956.37359093927,712.523742675781,340
752,1948.18281397853,1956.37647683069,712.523742675781,340
753,1932.54778225122,1958.20900302613,712.156433105469,340
754,1932.37217814468,1957.09605048946,712.156433105469,340
755,1941.8299129174,1957.04281678493,712.156433105469,340
756,2044.99986508011,1961.67590308439,712.156433105469,340
757,1953.40129513327,1960.81664983959,712.156433105469,340
758,1999.64136078828,1961.21714641281,712.156433105469,340
759,1957.31783318381,1958.47631276401,712.156433105469,340
760,1941.49288367342,1957.48194452608,712.156433105469,340
761,1986.48337750926,1962.6788314506,711.760070800781,340
762,1852.27572518248,1962.09623221467,711.760070800781,340
763,1975.24574186646,1962.75034702486,711.760070800781,340
764,1979.97813206916,1963.38128595174,711.760070800781,340
765,1952.31258806456,1967.20530206627,711.760070800781,340
766,1914.63815460187,1963.7158897353,711.760070800781,340
767,1922.78868954431,1964.76744030191,711.760070800781,340
768,1989.61764291429,1965.06117701716,711.760070800781,340
769,2026.14096346518,1966.88552250627,712.889465332031,340
770,1982.60672494978,1968.00490536707,712.889465332031,340
771,1977.19371909442,1965.39470242613,712.889465332031,340
772,2034.64538995657,1966.57666514305,712.889465332031,340
773,2023.38492600836,1966.25330587489,712.889465332031,340
774,2011.19450679138,1967.29049344243,712.889465332031,340
775,2019.58743304925,1970.81812214843,712.889465332031,340
776,1909.99952177291,1968.39516647964,712.889465332031,340
777,1950.13741248642,1968.47335041995,714.215515136719,340
778,1983.84941536974,1970.5254157447,714.215515136719,340
779,1971.19110843924,1972.07817295648,714.215515136719,340
780,1968.94799432854,1973.16289621292,714.215515136719,340
781,2051.96948249083,1973.44168090935,714.215515136719,340
782,1800.52785594517,1967.32674334183,714.215515136719,340
783,1996.90530422768,1967.2173010794,714.215515136719,340
784,1951.83629606515,1966.99803959466,714.215515136719,340
785,1995.92631432109,1969.17537682056,715.688659667969,340
786,1952.59158586589,1967.81970515483,715.688659667969,340
787,2039.24599490394,1975.29851594369,715.688659667969,340
788,1980.45598811691,1975.50692579371,715.688659667969,340
789,1947.7282068152,1974.21692878355,715.688659667969,340
790,1988.43084878092,1975.6616592122,715.688659667969,340
791,1991.88274256568,1978.75144273075,715.688659667969,340
792,2011.4776906293,1982.29900277415,715.688659667969,340
793,1968.21523785617,1981.44290657183,716.356323242188,340
794,2015.71563627361,1981.02589348417,716.356323242188,340
795,2009.29317968297,1982.09335167349,716.356323242188,340
796,1961.39935415649,1981.46157707598,716.356323242188,340
797,1992.84876130874,1979.78971193006,716.356323242188,340
798,1940.03505465064,1976.45571707575,716.356323242188,340
799,1969.24406794185,1974.77769952177,716.356323242188,340
800,1979.94389367354,1973.19195794674,716.356323242188,340
801,2029.03850694666,1977.95351735369,718.059020996094,340
802,1938.70860885971,1977.49636520863,718.059020996094,340
803,1936.76403167047,1975.61294986066,718.059020996094,340
804,1975.82155434092,1975.79816769672,718.059020996094,340
805,2057.15988579869,1979.32664335553,718.059020996094,340
806,2005.95266867401,1977.48597080286,718.059020996094,340
807,1948.90937787464,1983.42123168004,718.059020996094,340
808,1995.57419373409,1983.36798726029,718.059020996094,340
809,2028.59717238851,1986.43842231323,721.541564941406,340
810,2087.1396402411,1990.08695535003,721.541564941406,340
811,2004.83007567493,1992.17649494239,721.541564941406,340
812,2065.83017668019,1993.23986221344,721.541564941406,340
813,2017.85909531363,1994.73598650131,721.541564941406,340
814,2041.35758750455,1998.48116172888,721.541564941406,340
815,2016.32810991358,1999.59705217419,721.541564941406,340
816,2052.29819472511,2002.01367026056,721.541564941406,340
817,2055.25029816934,2003.76457456217,723.807983398438,340
818,2036.66641189483,2006.50262152371,723.807983398438,340
819,2059.06415977305,2008.23656246369,723.807983398438,340
820,1979.39949886759,2007.04081523107,723.807983398438,340
821,2042.28195204911,2010.27611914678,723.807983398438,340
822,1956.89418183339,2008.83793596777,723.807983398438,340
823,2047.88920457522,2013.15210196475,723.807983398438,340
824,2032.62338349844,2015.68727458701,723.807983398438,340
825,2061.01703065199,2018.93020006615,726.563781738281,340
826,2023.11748803966,2018.69335930987,726.563781738281,340
827,2019.21885305938,2021.91376907786,726.563781738281,340
828,2037.96662421779,2025.96187277975,726.563781738281,340
829,2076.92517695228,2030.0060176842,726.563781738281,340
830,2042.4124570607,2029.41612053468,726.563781738281,340
831,1963.11229271389,2027.70250549628,726.563781738281,340
832,2047.92044064886,2031.66294800725,726.563781738281,340
833,2036.71040648734,2033.30839651738,727.993835449219,340
834,1950.676330667,2030.19156284852,727.993835449219,340
835,2000.68895903223,2026.73353560016,727.993835449219,340
836,2060.62038930723,2028.96514814546,727.993835449219,340
837,1992.81888887702,2026.04469663333,727.993835449219,340
838,2024.64845837958,2026.31627115597,727.993835449219,340
839,2044.7000849059,2026.44997105202,727.993835449219,340
840,2021.29887716652,2026.64880174214,727.993835449219,340
841,2040.52998101818,2026.17807319386,728.786254882812,340
842,1968.96083181011,2022.72649453949,728.786254882812,340
843,2035.87774309774,2022.69494778761,728.786254882812,340
844,2105.37947786476,2024.54756051128,728.786254882812,340
845,2026.69437221753,2026.43935544527,728.786254882812,340
846,2012.29940137211,2025.24005341819,728.786254882812,340
847,2034.47556322758,2028.34330867396,728.786254882812,340
848,1952.59527644385,2024.53155154871,728.786254882812,340
849,2058.64753431959,2025.57251758155,727.795837402344,340
850,1890.12849559288,2018.73697617919,727.795837402344,340
851,2092.46017353785,2021.51068359912,727.795837402344,340
852,2054.78767399763,2022.93343643665,727.795837402344,340
853,2039.94274866377,2023.01248141448,727.795837402344,340
854,2004.98397843238,2020.13483347369,727.795837402344,340
855,2036.84035737791,2019.91194948638,727.795837402344,340
856,2086.71506964089,2024.85606056346,727.795837402344,340
857,2115.17338383722,2027.54617829099,727.8837890625,340
858,1938.20510146995,2023.6059660903,727.8837890625,340
859,2063.189912051,2028.10650934566,727.8837890625,340
860,2021.51774796474,2028.93966090296,727.8837890625,340
861,2093.17415433355,2030.24181150401,727.8837890625,340
862,2066.05606958192,2033.17129873221,727.8837890625,340
863,2067.13599749535,2034.87080029684,727.8837890625,340
864,2080.50951341849,2036.30317743734,727.8837890625,340
865,2081.9394767732,2038.72880142161,729.881896972656,340
866,1964.46646270944,2035.68626068926,729.881896972656,340
867,2100.99092988589,2040.96746461229,729.881896972656,340
868,1770.78122204083,2030.36360377001,729.881896972656,340
869,1914.32208862534,2022.72130820044,729.881896972656,340
870,1985.93070738944,2021.09076160731,729.881896972656,340
871,2128.0760293934,2025.72182672816,729.881896972656,340
872,2109.00175710986,2028.70287448345,729.881896972656,340
873,2077.74848501644,2033.70900282636,734.450927734375,340
874,2116.5506993051,2036.02512942578,734.450927734375,340
875,2000.36468829786,2040.43457713398,734.450927734375,340
876,2066.63236990393,2039.40146498862,734.450927734375,340
877,2042.71916545303,2038.91872464684,734.450927734375,340
878,2095.76419894156,2041.15158265795,734.450927734375,340
879,2079.47187379451,2044.13109847243,734.450927734375,340
880,2059.9865633137,2045.05694670987,734.450927734375,340
881,2103.58218069592,2045.73163115207,733.188415527344,340
882,2072.80586011445,2044.03693020316,733.188415527344,340
883,2115.6955568309,2051.13654841759,733.188415527344,340
884,2064.86501598405,2051.20355257492,733.188415527344,340
885,2036.53787308261,2051.80435757963,733.188415527344,340
886,2109.09868555993,2052.44133882869,733.188415527344,340
887,2141.00151134576,2055.43915649924,733.188415527344,340
888,2058.31922928928,2055.086485771,733.188415527344,340
889,2092.67228594537,2055.57299667207,732.360168457031,340
890,2064.54766599479,2054.87732424094,732.360168457031,340
891,2054.39598636813,2058.47450518728,732.360168457031,340
892,2055.4747683446,2056.65385872563,732.360168457031,340
893,2135.29868859198,2071.23455738768,732.360168457031,340
894,2040.85123595915,2076.29572328103,732.360168457031,340
895,2092.50962072244,2080.55887981435,732.360168457031,340
896,2044.4815294545,2077.21509981679,732.360168457031,340
897,2091.14627188994,2076.500880408,730.434265136719,340
898,2083.90033605075,2076.74695444937,730.434265136719,340
899,2100.86713826476,2076.11961200776,730.434265136719,340
900,2102.1859918072,2080.19246414813,730.434265136719,340
901,2105.10864258956,2081.73151505556,730.434265136719,340
902,2110.12969838251,2084.42793637273,730.434265136719,340
903,2075.54471100495,2083.61915685527,730.434265136719,340
904,2112.3383824102,2084.9338171999,730.434265136719,340
905,2080.64722223347,2085.76024355669,732.646606445312,340
906,2106.1822334214,2085.86424566571,732.646606445312,340
907,2025.16734227356,2083.95870495207,732.646606445312,340
908,2098.67096209793,2083.27772116275,732.646606445312,340
909,2100.3146797398,2084.69570771298,732.646606445312,340
910,2111.97170796306,2087.7130611082,732.646606445312,340
911,2126.79354247941,2088.42085538498,732.646606445312,340
912,2063.28087372373,2085.3120298801,732.646606445312,340
913,2100.33253837215,2086.99256224341,733.993591308594,340
914,2092.01187010211,2086.96614560968,733.993591308594,340
915,2103.84749285197,2088.53813868397,733.993591308594,340
916,2096.44809585959,2090.22022306363,733.993591308594,340
917,2072.62195575099,2090.90611055988,733.993591308594,340
918,2123.27487431015,2090.42515798861,733.993591308594,340
919,2133.20582447528,2094.11934152926,733.993591308594,340
920,2154.82319483432,2096.61188449373,733.993591308594,340
921,1970.92966495072,2093.66980991358,735.856140136719,340
922,2106.54053614147,2094.28558048364,735.856140136719,340
923,2103.10682091194,2095.05383987809,735.856140136719,340
924,2114.47305652092,2095.59807660834,735.856140136719,340
925,2143.89156193198,2097.26629941333,735.856140136719,340
926,2131.29893374516,2098.31391105955,735.856140136719,340
927,2118.65394441871,2098.654880901,735.856140136719,340
928,2126.59755204604,2100.69699454264,735.856140136719,340
929,1805.35406299491,2088.41762176603,736.984436035156,340
930,2105.78924146342,2089.42330253523,736.984436035156,340
931,2114.33060586294,2089.74923743289,736.984436035156,340
932,2145.46942821239,2094.56132087044,736.984436035156,340
933,2151.85694048624,2096.68876000598,736.984436035156,340
934,2145.57574537362,2098.49920263133,736.984436035156,340
935,2141.35482714402,2099.67452739857,736.984436035156,340
936,2172.68406626769,2101.5101483501,736.984436035156,340
937,2131.49594258691,2104.23875110463,738.78271484375,340
938,2001.74758151292,2100.29535283026,738.78271484375,340
939,2152.88873980567,2102.7304276184,738.78271484375,340
940,2128.09624918004,2103.70037787152,738.78271484375,340
941,2155.36310312319,2106.05697816207,738.78271484375,340
942,2135.56473486763,2108.57468932673,738.78271484375,340
943,2132.38411191231,2108.93905883082,738.78271484375,340
944,2136.11308800234,2109.0553493719,738.78271484375,340
945,1897.28432050748,2098.75379439883,737.438049316406,340
946,2199.4941041828,2107.89637196811,737.438049316406,340
947,2189.34604993738,2111.20859251995,737.438049316406,340
948,2181.98977974468,2114.36391087326,737.438049316406,340
949,2174.67005872875,2116.77179096157,737.438049316406,340
950,1919.00063638973,2107.77615393988,737.438049316406,340
951,2033.54828221152,2103.86612787853,737.438049316406,340
952,1855.20261016282,2093.3280745083,737.438049316406,340
953,2184.56820562571,2095.64690065148,739.574279785156,340
954,2159.78816353349,2109.82426467303,739.574279785156,340
955,2131.18223566252,2110.83998444099,739.574279785156,340
956,2141.47229132348,2111.92565185941,739.574279785156,340
957,2149.20629730516,2112.07512662312,739.574279785156,340
958,2162.93625221301,2112.51829909219,739.574279785156,340
959,2147.0900039882,2112.57886943678,739.574279785156,340
960,2089.25661685776,2110.49494102533,739.574279785156,340
961,2151.94379382165,2109.66533012749,740.163818359375,340
962,2128.75218976398,2109.55558001457,740.163818359375,340
963,2170.61719866254,2116.31036470055,740.163818359375,340
964,2158.61317628899,2116.53934215989,740.163818359375,340
965,2121.93473530547,2116.2928816049,740.163818359375,340
966,2176.41250613807,2117.1348577255,740.163818359375,340
967,2178.65868930499,2118.85861590299,740.163818359375,340
968,2175.87355330049,2120.59819355852,740.163818359375,340
969,2158.65606496467,2121.49991263701,741.695678710938,340
970,2191.3860985209,2133.26398375755,741.695678710938,340
971,2130.030224626,2130.48542857528,741.695678710938,340
972,2189.55624244577,2130.49383627561,741.695678710938,340
973,2202.08443857424,2131.2976226288,741.695678710938,340
974,2152.05776452867,2130.39313086079,741.695678710938,340
975,2174.44061649839,2140.61073006514,741.695678710938,340
976,2158.00105071242,2145.58884080518,741.695678710938,340
977,2132.08034792025,2156.66395031547,741.7578125,340
978,2197.42685965182,2157.17829647652,741.7578125,340
979,2190.2451490393,2158.39657589675,741.7578125,340
980,2177.26447586009,2160.23986550465,741.7578125,340
981,2209.89150887829,2162.97663420684,741.7578125,340
982,2173.67343447321,2163.95531969357,741.7578125,340
983,2168.84751419748,2164.19177017294,741.7578125,340
984,2211.76700066607,2166.77885004006,741.7578125,340
985,2221.39078026028,2172.06421657616,742.715759277344,340
986,2219.40371008347,2174.76261322663,742.715759277344,340
987,2193.69328308283,2177.36025695939,742.715759277344,340
988,2192.65099126255,2178.24160866339,742.715759277344,340
989,2194.82870633229,2179.69022986512,742.715759277344,340
990,2177.44894200725,2181.91079813319,742.715759277344,340
991,2183.80434770517,2182.20647179587,742.715759277344,340
992,2160.96980369506,2181.49891637148,742.715759277344,340
993,2163.25150340627,2180.99403437571,743.09716796875,340
994,2185.00027458685,2182.0478027606,743.09716796875,340
995,2187.73451965347,2181.9017396059,743.09716796875,340
996,2138.86982415607,2182.2553235871,743.09716796875,340
997,2192.7334188409,2182.38241064291,743.09716796875,340
998,2166.90123274879,2180.97508240989,743.09716796875,340
999,2216.7846082899,2183.56415616034,743.09716796875,340
1000,2178.5471106414,2183.72841592606,743.09716796875,340
1001,2124.85682987759,2182.40264709267,742.360412597656,340
1002,2199.3161092003,2185.09207754387,742.360412597656,340
1003,2128.95541996399,2182.35321995635,742.360412597656,340
1004,2156.34583466307,2180.99724738131,742.360412597656,340
1005,2150.40948334907,2179.92304768086,742.360412597656,340
1006,2154.96696230737,2177.72606581803,742.360412597656,340
1007,2163.9884528089,2177.33866655146,742.360412597656,340
1008,2163.26351957504,2177.11530676656,742.360412597656,340
1009,2191.96494804641,2176.32322466177,744.147644042969,340
1010,2150.43168841928,2173.48486098813,744.147644042969,340
1011,2154.78550279901,2170.90013269675,744.147644042969,340
1012,2152.94076735101,2169.27003206748,744.147644042969,340
1013,2155.65165773914,2167.79005872654,744.147644042969,340
1014,2165.88945822013,2166.63248880206,744.147644042969,340
1015,2177.87831259473,2166.64966362556,744.147644042969,340
1016,2148.54527323022,2165.23930064656,744.147644042969,340
1017,2168.40941866336,2165.53688524529,745.693115234375,340
1018,2183.18411409056,2166.33418967266,745.693115234375,340
1019,2187.54788242482,2166.43609398618,745.693115234375,340
1020,2188.78095729717,2166.47795149193,745.693115234375,340
1021,2143.68560075538,2166.6705825559,745.693115234375,340
1022,2165.43066314275,2165.57847232798,745.693115234375,340
1023,2160.09721434998,2165.30631159202,745.693115234375,340
1024,2184.08140234989,2163.99818335442,745.693115234375,340
1025,2157.90335299306,2163.17243304849,745.841979980469,340
1026,2148.61159995479,2164.12262385158,745.841979980469,340
1027,2122.13090127663,2161.03521553463,745.841979980469,340
1028,2156.96251359376,2162.15549927982,745.841979980469,340
1029,2152.40715885785,2161.99795224761,745.841979980469,340
1030,2171.46655292301,2162.84023503057,745.841979980469,340
1031,2162.20069276929,2163.12958424905,745.841979980469,340
1032,2126.11350362416,2161.61458628166,745.841979980469,340
1033,2141.64302021803,2160.74976630738,746.527954101562,340
1034,2159.38491248201,2159.4465648848,746.527954101562,340
1035,2224.66257286164,2162.4158002625,746.527954101562,340
1036,2162.2727053019,2162.71528836261,746.527954101562,340
1037,2184.47941209837,2163.97683415251,746.527954101562,340
1038,2149.26266842467,2163.72127457993,746.527954101562,340
1039,2194.85443684776,2164.87987372503,746.527954101562,340
1040,2166.1580465459,2164.41106308308,746.527954101562,340
1041,2182.39977650981,2165.76524321426,747.423828125,340
1042,2183.82623996733,2166.38191606642,747.423828125,340
1043,2132.67887796324,2164.36170662133,747.423828125,340
1044,2167.91242264033,2163.57628822995,747.423828125,340
1045,2162.20478440449,2162.51324131424,747.423828125,340
1046,2156.72187195032,2163.03469216204,747.423828125,340
1047,2177.88657205722,2163.53292851862,747.423828125,340
1048,2166.46425522349,2163.78761015356,747.423828125,340
1049,2156.33676132997,2162.67782451276,748.576538085938,340
1050,2161.82252771466,2162.83459150163,748.576538085938,340
1051,2155.31774229414,2163.1028371952,748.576538085938,340
1052,2161.03638070522,2164.65905637234,748.576538085938,340
1053,2184.50323496761,2165.7606852273,748.576538085938,340
1054,2158.8013592218,2166.01645324185,748.576538085938,340
1055,2175.07366782032,2166.16073783775,748.576538085938,340
1056,2183.90945289723,2167.02908824286,748.576538085938,340
1057,2140.0855738082,2167.58797105023,749.606750488281,340
1058,2194.77524791265,2169.71326015801,749.606750488281,340
1059,2166.93548974568,2170.01528324856,749.606750488281,340
1060,2142.17782908383,2166.71589349744,749.606750488281,340
1061,2204.22158060347,2168.39384850951,749.606750488281,340
1062,2178.69399944984,2168.16243200357,749.606750488281,340
1063,2187.25207692322,2169.68200834351,749.606750488281,340
1064,2191.99140112024,2169.56748691441,749.606750488281,340
1065,2192.91156954244,2170.63762783427,749.970642089844,340
1066,2201.16947752539,2171.38841587489,749.970642089844,340
1067,2187.47829099474,2171.53449791599,749.970642089844,340
1068,2184.95185054344,2173.6254168192,749.970642089844,340
1069,2190.31696230843,2174.52159840592,749.970642089844,340
1070,2170.48990691131,2174.85300330619,749.970642089844,340
1071,2185.05834741765,2175.98646232489,749.970642089844,340
1072,2157.98176221473,2175.19026993119,749.970642089844,340
1073,2177.62671637572,2175.63676837728,751.259094238281,340
1074,2191.15159783766,2177.02936183758,751.259094238281,340
1075,2190.84615802514,2178.19030705,751.259094238281,340
1076,2184.26356228757,2179.34813984974,751.259094238281,340
1077,2185.56969965717,2180.32947260782,751.259094238281,340
1078,2152.80192081287,2179.06142004163,751.259094238281,340
1079,2193.83859651747,2180.46290953346,751.259094238281,340
1080,2173.41127126138,2180.3964136711,751.259094238281,340
1081,2210.1220126724,2181.44491606211,752.255249023438,340
1082,2238.01834471141,2185.36222689823,752.255249023438,340
1083,2197.225663209,2185.46024351009,752.255249023438,340
1084,2184.31554695309,2186.15544579838,752.255249023438,340
1085,2169.89424952079,2187.26410261586,752.255249023438,340
1086,2193.50406624449,2186.8354020415,752.255249023438,340
1087,2213.40878425281,2188.22399343362,752.255249023438,340
1088,2194.85556174074,2188.52813282632,752.255249023438,340
1089,2176.73569810281,2187.91790470563,752.8056640625,340
1090,2185.46006058544,2187.61984434735,752.8056640625,340
1091,2207.85083308822,2187.88709856986,752.8056640625,340
1092,2169.35821500678,2187.16229553034,752.8056640625,340
1093,2195.25240112391,2187.57431755356,752.8056640625,340
1094,2202.56389326606,2188.06419479187,752.8056640625,340
1095,2192.93648946426,2188.96205809398,752.8056640625,340
1096,2178.33225541302,2188.6930144138,752.8056640625,340
1097,2192.64306326184,2190.07946645568,753.584655761719,340
1098,2161.22909136841,2189.42356145539,753.584655761719,340
1099,2158.71437940029,2188.1260727179,753.584655761719,340
1100,2185.04725432599,2187.89411656993,753.584655761719,340
1101,2160.90781352973,2186.95988661962,753.584655761719,340
1102,2119.07099328245,2184.29993836463,753.584655761719,340
1103,2132.46726096235,2183.48655197061,753.584655761719,340
1104,2176.53890955702,2182.79456449219,753.584655761719,340
1105,2166.38976205279,2182.51370412384,754.124572753906,340
1106,2146.58499501265,2179.97222341745,754.124572753906,340
1107,2192.24248207868,2178.14118891215,754.124572753906,340
1108,2166.73164731982,2176.92142827658,754.124572753906,340
1109,2181.85093960052,2176.82284398247,754.124572753906,340
1110,2163.28742110958,2176.55857084603,754.124572753906,340
1111,2159.9980412673,2175.21832984694,754.124572753906,340
1112,2181.42606017794,2173.93902088394,754.124572753906,340
1113,2151.79902977253,2172.21675960522,754.186706542969,340
1114,2181.46234482935,2172.40582547428,754.186706542969,340
1115,2137.54098913684,2170.48906261633,754.186706542969,340
1116,2148.74544877682,2168.12484724388,754.186706542969,340
1117,2163.0603065698,2167.8729309064,754.186706542969,340
1118,2157.42979031371,2166.36002647399,754.186706542969,340
1119,2121.31623443034,2163.11012012056,754.186706542969,340
1120,2126.27515685864,2160.44366681634,754.186706542969,340
1121,2181.15584501284,2160.55661040033,753.935180664062,340
1122,2140.62554383119,2158.4759096231,753.935180664062,340
1123,2184.78757713322,2159.4182490537,753.935180664062,340
1124,2186.76211412612,2160.54015844273,753.935180664062,340
1125,2132.75303815415,2158.44838979586,753.935180664062,340
1126,2128.92224281978,2157.16896696746,753.935180664062,340
1127,2123.24034005041,2157.33574083818,753.935180664062,340
1128,2149.53852117547,2158.0185912467,753.935180664062,340
1129,2094.35183002453,2154.7311080654,754.529357910156,340
1130,2177.46046985486,2155.17393637748,754.529357910156,340
1131,2136.87284700953,2154.78545045736,754.529357910156,340
1132,2158.24749803507,2153.42565109561,754.529357910156,340
1133,2183.55240061164,2154.09848122729,754.529357910156,340
1134,2161.1014906991,2153.26850327123,754.529357910156,340
1135,2175.26998493957,2153.74780582443,754.529357910156,340
1136,2186.2454914398,2154.79770383133,754.529357910156,340
1137,2205.24106736303,2155.75030411873,753.311645507812,340
1138,2177.37299227683,2156.77326261891,753.311645507812,340
1139,2201.92505759463,2157.59177112952,753.311645507812,340
1140,2144.84274252837,2157.88384126518,753.311645507812,340
1141,2205.19753310281,2160.14192463822,753.311645507812,340
1142,2199.80748073415,2161.61181160479,753.311645507812,340
1143,2204.41284311309,2163.49113371677,753.311645507812,340
1144,2179.09197335115,2165.8021632736,753.311645507812,340
1145,2173.34895363234,2167.68511514455,755.085815429688,340
1146,2210.28143386848,2168.85013869877,755.085815429688,340
1147,2225.25915444591,2172.23548312336,755.085815429688,340
1148,2203.9315837615,2173.00124338849,755.085815429688,340
1149,2223.88133937521,2174.48601239846,755.085815429688,340
1150,2226.91857471225,2178.25263386078,755.085815429688,340
1151,2245.6380246189,2182.92126513274,755.085815429688,340
1152,2210.77740077297,2186.42274756165,755.085815429688,340
1153,2190.85868514051,2188.07555412025,755.543090820312,340
1154,2197.76869126263,2192.21222856977,755.543090820312,340
1155,2195.02930030501,2192.91498178778,755.543090820312,340
1156,2202.94755676616,2195.55797017804,755.543090820312,340
1157,2208.32102001929,2197.56091105741,755.543090820312,340
1158,2195.90560589594,2198.05503926878,755.543090820312,340
1159,2196.70184506197,2199.4790534433,755.543090820312,340
1160,2211.61983303351,2200.93304736706,755.543090820312,340
1161,2198.75926137265,2201.43359816437,756.253112792969,340
1162,2213.91265602357,2201.78046171079,756.253112792969,340
1163,2206.90374173662,2202.96169168919,756.253112792969,340
1164,2178.97480651921,2202.04368164617,756.253112792969,340
1165,2174.90018033107,2203.24597915828,756.253112792969,340
1166,2177.07320070458,2202.12100586235,756.253112792969,340
1167,2131.83687374599,2199.40218158282,756.253112792969,340
1168,2176.89095465826,2198.30130604463,756.253112792969,340
1169,2176.39641494792,2198.1934837085,757.070007324219,340
1170,2145.37797336784,2197.07464449792,757.070007324219,340
1171,2178.78184610234,2195.81466098727,757.070007324219,340
1172,2173.56745722571,2193.74699309846,757.070007324219,340
1173,2180.08917662096,2192.79329681284,757.070007324219,340
1174,2166.29518805845,2190.48985076017,757.070007324219,340
1175,2177.92812063583,2188.53023259712,757.070007324219,340
1176,2166.72203413179,2185.37359297763,757.070007324219,340
1177,2218.89911100115,2185.69846138676,756.995239257812,340
1178,2221.66024622205,2186.93052383002,756.995239257812,340
1179,2198.42033218821,2186.95658946704,756.995239257812,340
1180,2197.39763057268,2187.05132267775,756.995239257812,340
1181,2190.8592791603,2186.56779157352,756.995239257812,340
1182,2211.87327780809,2186.70988188507,756.995239257812,340
1183,2187.91680183163,2186.3903297225,756.995239257812,340
1184,2183.18194738348,2185.84953381536,756.995239257812,340
1185,2205.04051742773,2185.58636119112,757.348083496094,340
1186,2198.71827130532,2185.58472158843,757.348083496094,340
1187,2236.6711001074,2186.49505935178,757.348083496094,340
1188,2222.74628445307,2187.12876106044,757.348083496094,340
1189,2194.03202988482,2187.73104999507,757.348083496094,340
1190,2183.60720812421,2188.07933110679,757.348083496094,340
1191,2190.71351434444,2188.62494365239,757.348083496094,340
1192,2209.59590435508,2191.73530487675,757.348083496094,340
1193,2224.13674428865,2193.62513646197,756.72509765625,340
1194,2216.11744415097,2195.21397763009,756.72509765625,340
1195,2191.21262664068,2197.047363761,756.72509765625,340
1196,2213.80416598134,2198.44825655616,756.72509765625,340
1197,2227.87900470265,2200.62071845524,756.72509765625,340
1198,2225.10045981531,2202.42116978301,756.72509765625,340
1199,2245.05421004611,2205.57153066252,756.72509765625,340
1200,2177.2765759389,2205.54546887464,756.72509765625,340
1201,2247.79641109175,2208.78844395304,756.617065429688,340
1202,2256.86692000578,2210.30715631323,756.617065429688,340
1203,2233.04143030574,2210.76240367657,756.617065429688,340
1204,2232.33847392469,2212.11912934603,756.617065429688,340
1205,2216.39257723938,2212.8789272127,756.617065429688,340
1206,2200.74688380514,2213.27443139849,756.617065429688,340
1207,2204.93393663982,2212.99685775176,756.617065429688,340
1208,2236.63814396572,2214.94571143713,756.617065429688,340
1209,2228.55774168559,2216.76074320921,756.876708984375,340
1210,2225.62475937805,2217.58411288722,756.876708984375,340
1211,2246.10278320589,2219.47949336325,756.876708984375,340
1212,2227.9895866649,2219.13223282555,756.876708984375,340
1213,2201.4639704329,2218.28094026474,756.876708984375,340
1214,2216.32176267343,2219.17252957628,756.876708984375,340
1215,2210.94447657856,2220.26602031446,756.876708984375,340
1216,2227.74958937602,2221.74746331572,756.876708984375,340
1217,2232.39179852871,2222.65929908267,757.657165527344,340
1218,2225.91363564991,2222.73037473712,757.657165527344,340
1219,2201.23260014836,2222.13498097701,757.657165527344,340
1220,2237.51576367297,2223.9871064583,757.657165527344,340
1221,2241.20851611067,2225.08328046348,757.657165527344,340
1222,2233.65583769874,2225.31435378332,757.657165527344,340
1223,2244.61256849646,2226.09483813057,757.657165527344,340
1224,2146.01142635328,2222.13312678285,757.657165527344,340
1225,2198.04058188942,2222.96368702088,758.055419921875,340
1226,2151.72348100426,2219.12076981738,758.055419921875,340
1227,2233.59419457695,2218.18986080022,758.055419921875,340
1228,2196.62685183683,2216.73327766147,758.055419921875,340
1229,2252.53711759574,2217.54122340831,758.055419921875,340
1230,2210.77054344483,2217.31634205653,758.055419921875,340
1231,2257.52969565138,2219.58765453038,758.055419921875,340
1232,2224.46107064594,2220.36873989062,758.055419921875,340
1233,2165.29668576276,2217.5150815625,758.337890625,340
1234,2155.09694986777,2214.57664988979,758.337890625,340
1235,2192.10525212336,2213.2358695996,758.337890625,340
1236,2252.05564950662,2213.47398425163,758.337890625,340
1237,2232.53857274269,2213.65594369474,758.337890625,340
1238,2203.92698690274,2213.75446435354,758.337890625,340
1239,2248.57967692751,2215.0447809237,758.337890625,340
1240,2202.24582029283,2214.69683467227,758.337890625,340
1241,2239.8251531989,2215.17985722519,759.068359375,340
1242,2239.46402323367,2215.46274621338,759.068359375,340
1243,2247.40081715107,2216.32223347343,759.068359375,340
1244,2246.97046114423,2218.15174791327,759.068359375,340
1245,2220.55197246283,2217.47319626486,759.068359375,340
1246,2246.41633037779,2217.68150883555,759.068359375,340
1247,2265.10017702975,2218.93928240879,759.068359375,340
1248,2247.03735848346,2219.03627400827,759.068359375,340
1249,2257.83676816856,2223.50928768088,759.75244140625,340
1250,2226.94017768228,2224.66527151259,759.75244140625,340
1251,2264.97588127644,2229.19536752348,759.75244140625,340
1252,2237.15623363887,2229.33784908595,759.75244140625,340
1253,2236.7775904905,2230.9438786321,759.75244140625,340
1254,2198.68073047927,2228.78962314744,759.75244140625,340
1255,2272.05233427208,2231.24089478053,759.75244140625,340
1256,2233.57123388957,2230.28255631006,759.75244140625,340
1257,2243.33308564462,2231.03743691001,760.516906738281,340
1258,2255.52936074412,2234.64674390926,760.516906738281,340
1259,2267.24925948338,2239.13283629389,760.516906738281,340
1260,2234.1634844013,2240.815165585,760.516906738281,340
1261,2259.78816990269,2241.12446640085,760.516906738281,340
1262,2239.69700383531,2241.41080364455,760.516906738281,340
1263,2249.72107727689,2243.24256725952,760.516906738281,340
1264,2246.93467164458,2243.1767670482,760.516906738281,340
1265,2250.3931602419,2245.10266064616,760.802307128906,340
1266,2239.31372168012,2245.08220338541,760.802307128906,340
1267,2285.50441854638,2246.92381919792,760.802307128906,340
1268,2232.60981280465,2246.33217902406,760.802307128906,340
1269,2262.92790855595,2246.97047692053,760.802307128906,340
1270,2238.48203455105,2247.68767940406,760.802307128906,340
1271,2260.327020925,2248.24410702595,760.802307128906,340
1272,2248.5405306079,2247.58172116907,760.802307128906,340
1273,2259.05100773012,2248.06226713894,761.113037109375,340
1274,2204.9295806596,2245.94597963858,761.113037109375,340
1275,2225.80889065601,2245.90072815753,761.113037109375,340
1276,2216.6788717803,2243.96884777769,761.113037109375,340
1277,2213.12277119894,2243.00750928009,761.113037109375,340
1278,2212.02461045904,2242.01739007883,761.113037109375,340
1279,2253.90119172163,2244.22620852852,761.113037109375,340
1280,2221.08714110685,2242.18760080192,761.113037109375,340
1281,2220.0465664354,2241.64661410375,762.556762695312,340
1282,2233.3061076111,2241.24553498241,762.556762695312,340
1283,2247.28803244809,2240.91588185057,762.556762695312,340
1284,2245.95418806038,2240.06407899365,762.556762695312,340
1285,2233.25728457767,2240.0278310007,762.556762695312,340
1286,2239.46194882808,2239.21478215772,762.556762695312,340
1287,2266.84392502909,2240.30065900547,762.556762695312,340
1288,2250.22060594547,2240.32064015221,762.556762695312,340
1289,2231.43788197244,2239.70076856533,763.118286132812,340
1290,2164.68068347775,2236.27226949476,763.118286132812,340
1291,2261.84878984882,2237.17367222151,763.118286132812,340
1292,2112.5225474452,2230.25439737746,763.118286132812,340
1293,2214.50529694387,2229.53021674303,763.118286132812,340
1294,2196.44357429709,2226.87084337268,763.118286132812,340
1295,2215.98425705043,2225.97093227265,763.118286132812,340
1296,2151.20216924413,2221.60593820542,763.118286132812,340
1297,2263.38812563356,2222.19984200644,763.8037109375,340
1298,2277.70540852985,2222.94601803843,763.8037109375,340
1299,2211.8810073748,2223.22407510704,763.8037109375,340
1300,2249.69924192393,2224.17968915776,763.8037109375,340
1301,2280.03573278877,2226.7139635981,763.8037109375,340
1302,2254.24738167869,2228.35894801729,763.8037109375,340
1303,2267.3538284894,2230.5721167385,763.8037109375,340
1304,2277.74353489222,2231.52581046532,763.8037109375,340
1305,2246.73224599701,2232.55161466093,763.42822265625,340
1306,2226.77417621178,2232.82071905198,763.42822265625,340
1307,2210.02704856321,2231.88955669007,763.42822265625,340
1308,2128.05132435999,2227.12008836655,763.42822265625,340
1309,2243.70974636822,2227.03031069886,763.42822265625,340
1310,2239.78652422728,2227.29148028484,763.42822265625,340
1311,2186.61062401972,2225.17742729251,763.42822265625,340
1312,2184.96006338029,2221.90207282656,763.42822265625,340
1313,2264.46320350723,2222.47177672903,763.443603515625,340
1314,2303.8716105599,2225.36912587253,763.443603515625,340
1315,2293.43193372857,2230.51917588256,763.443603515625,340
1316,2276.60375537904,2231.10937450377,763.443603515625,340
1317,2286.4301101914,2238.06567701362,763.443603515625,340
1318,2303.61612834875,2241.63011026981,763.443603515625,340
1319,2232.92223361873,2243.08925664268,763.443603515625,340
1320,2259.81694248849,2244.8425640602,763.443603515625,340
1321,2255.11779053713,2248.99918891192,763.725036621094,340
1322,2216.76407381331,2247.13422683911,763.725036621094,340
1323,2268.56123650729,2246.76845995821,763.725036621094,340
1324,2244.64291946282,2248.07893644173,763.725036621094,340
1325,2235.48043971834,2247.5101843535,763.725036621094,340
1326,2272.39283898689,2247.20446860143,763.725036621094,340
1327,2162.77554208879,2243.54559501783,763.725036621094,340
1328,2257.20314357687,2243.13956762133,763.725036621094,340
1329,2294.93221760575,2243.82711492987,764.654541015625,340
1330,2278.49422575592,2245.09759412023,764.654541015625,340
1331,2256.38172140813,2246.28189592808,764.654541015625,340
1332,2287.17067740601,2249.3676410818,764.654541015625,340
1333,2268.16528453003,2254.9721994886,764.654541015625,340
1334,2137.57117020275,2250.72665644198,764.654541015625,340
1335,2279.38224386558,2252.31048522751,764.654541015625,340
1336,2128.36638210641,2249.98071555098,764.654541015625,340
1337,2189.66789114645,2250.16902866162,764.584045410156,340
1338,2259.52383018249,2249.97145372863,764.584045410156,340
1339,2273.24743023299,2248.74648651556,764.584045410156,340
1340,2222.12752205188,2245.89431004849,764.584045410156,340
1341,2242.41581953462,2244.52679261471,764.584045410156,340
1342,2282.69024253467,2244.37719790844,764.584045410156,340
1343,2246.76142714521,2242.1030098603,764.584045410156,340
1344,2196.30735953576,2240.63841489698,764.584045410156,340
1345,2275.10484356389,2241.24993094,765.266052246094,340
1346,2236.58151362428,2240.50847986349,765.266052246094,340
1347,2294.3734410759,2243.61285455399,765.266052246094,340
1348,2211.32277599526,2241.32331613351,765.266052246094,340
1349,2249.04592736124,2241.49943644945,765.266052246094,340
1350,2252.14567158897,2242.16604572427,765.266052246094,340
1351,2125.62951639025,2236.2955128204,765.266052246094,340
1352,2269.87056177688,2240.57931360793,765.266052246094,340
1353,2262.79161886867,2240.8028526196,765.551513671875,340
1354,2266.35740203447,2239.65985999675,765.551513671875,340
1355,2289.40976084741,2240.09648140041,765.551513671875,340
1356,2230.40241489015,2239.05730913969,765.551513671875,340
1357,2280.9995230453,2238.81046296526,765.551513671875,340
1358,2284.55674446224,2239.46612136255,765.551513671875,340
1359,2282.25519168613,2245.25348222188,765.551513671875,340
1360,2273.55528675258,2245.02040393736,765.551513671875,340
1361,2285.98964927388,2251.32533462406,764.642517089844,340
1362,2311.96417870063,2256.21718612623,764.642517089844,340
1363,2299.03130299943,2257.79748503891,764.642517089844,340
1364,2288.19198550077,2258.39526724962,764.642517089844,340
1365,2288.15523902329,2261.03637592848,764.642517089844,340
1366,2192.86690910245,2259.05441951119,764.642517089844,340
1367,2275.48015572243,2258.7660160387,764.642517089844,340
1368,2279.21593611711,2260.06419639757,764.642517089844,340
1369,2276.09052678,2263.25552308734,764.096130371094,340
1370,2293.79448255399,2264.00310864695,764.096130371094,340
1371,2296.38868161573,2266.39539536661,764.096130371094,340
1372,2279.14625921027,2265.78630809198,764.096130371094,340
1373,2261.70329816054,2267.80152897859,764.096130371094,340
1374,2298.33275811845,2269.77300220888,764.096130371094,340
1375,2301.45442411023,2271.74535230973,764.096130371094,340
1376,2203.29743862464,2274.85206919911,764.096130371094,340
1377,2294.24986100744,2275.82724116833,763.417419433594,340
1378,2283.61030350472,2276.65998855377,763.417419433594,340
1379,2289.8202005975,2277.59850049629,763.417419433594,340
1380,2173.57067373529,2272.96493701181,763.417419433594,340
1381,2289.87276830787,2275.34375114852,763.417419433594,340
1382,2267.28064493779,2274.79499602422,763.417419433594,340
1383,2330.72503130065,2276.64172749775,763.417419433594,340
1384,2307.26989619025,2277.64231567792,763.417419433594,340
1385,2274.93725072097,2277.69759423665,762.673889160156,340
1386,2288.79133085009,2277.8096614997,762.673889160156,340
1387,2321.67414619835,2278.19806019961,762.673889160156,340
1388,2293.73731033571,2277.98630049306,762.673889160156,340
1389,2279.1295360821,2277.62380251631,762.673889160156,340
1390,2298.70075080265,2278.04562298749,762.673889160156,340
1391,2277.24693254967,2281.42082392538,762.673889160156,340
1392,2275.39351461686,2281.41735828116,762.673889160156,340
1393,2240.93224938168,2279.88601081174,762.210571289062,340
1394,2272.07807668724,2279.72551280803,762.210571289062,340
1395,2269.5368563268,2278.75520775894,762.210571289062,340
1396,2297.3447817658,2278.79345176494,762.210571289062,340
1397,2264.16902268338,2278.19436230387,762.210571289062,340
1398,2239.98453793178,2277.32561189472,762.210571289062,340
1399,2288.07148221619,2276.91516085863,762.210571289062,340
1400,2289.63513136031,2276.44238914863,762.210571289062,340
1401,2319.05860795342,2281.07283592178,762.283752441406,340
1402,2299.33617023721,2281.27628829097,762.283752441406,340
1403,2295.04019221283,2281.73348383929,762.283752441406,340
1404,2247.76753943712,2280.05137739288,762.283752441406,340
1405,2295.84463381247,2284.94233579597,762.283752441406,340
1406,2305.81132821528,2285.57987819226,762.283752441406,340
1407,2246.69400706842,2284.75641267749,762.283752441406,340
1408,2293.75377965736,2283.27756261176,762.283752441406,340
1409,2179.42383514798,2278.16372017007,761.678955078125,340
1410,2275.49050000498,2278.18585014143,761.678955078125,340
1411,2294.82874438291,2278.42734668274,761.678955078125,340
1412,2282.13226186532,2276.84567130942,761.678955078125,340
1413,2291.42909488568,2276.75334269142,761.678955078125,340
1414,2263.66770753485,2276.13486954953,761.678955078125,340
1415,2289.77866270487,2275.77798602562,761.678955078125,340
1416,2145.37656157466,2270.50317118662,761.678955078125,340
1417,2287.71114148148,2270.9958762612,761.757446289062,340
1418,2293.90221947262,2273.11467506484,761.757446289062,340
1419,2328.48827936977,2275.37108317214,761.757446289062,340
1420,2301.67949919848,2276.65678888701,761.757446289062,340
1421,2287.90634576825,2276.2792514471,761.757446289062,340
1422,2287.9206020357,2277.2293146212,761.757446289062,340
1423,2264.7628844871,2278.22044848341,761.757446289062,340
1424,2245.17215755837,2276.5044754971,761.757446289062,340
1425,2264.68828443871,2275.50660162023,761.254577636719,340
1426,2182.73847872163,2270.05379645096,761.254577636719,340
1427,2123.88122678659,2263.03559871294,761.254577636719,340
1428,2275.42044990611,2262.25080902067,761.254577636719,340
1429,2275.03812164128,2263.34163230883,761.254577636719,340
1430,2280.82217479271,2262.74073394804,761.254577636719,340
1431,2266.48676094149,2261.16775125709,761.254577636719,340
1432,2257.38384937496,2261.59534494935,761.254577636719,340
1433,2190.0528959269,2257.44730960014,761.980407714844,340
1434,2228.63322621845,2259.41568524295,761.980407714844,340
1435,2280.26275889741,2259.60657559865,761.980407714844,340
1436,2231.85763263405,2257.0877311287,761.980407714844,340
1437,2201.10861910831,2253.84678541842,761.980407714844,340
1438,2237.49911062038,2251.68958604781,761.980407714844,340
1439,2237.27507013448,2250.63388055179,761.980407714844,340
1440,2252.39398682047,2249.13849351641,761.980407714844,340
1441,2237.19121929972,2252.81107982542,762.87451171875,340
1442,2189.55334825888,2248.88476809651,762.87451171875,340
1443,2193.41769707441,2244.86538720058,762.87451171875,340
1444,2165.74268171565,2238.35556329442,762.87451171875,340
1445,2131.71033759717,2231.55679683037,762.87451171875,340
1446,2214.36460014879,2228.61512700559,762.87451171875,340
1447,2169.7882428718,2223.88983263903,762.87451171875,340
1448,2193.35650216742,2221.03357734625,762.87451171875,340
1449,2072.43201611148,2214.12397168837,764.277038574219,340
1450,2090.00415217213,2207.13660639771,764.277038574219,340
1451,2072.82774093325,2202.74017688617,764.277038574219,340
1452,2064.54692117494,2200.36680466171,764.277038574219,340
1453,2107.99106727995,2193.66962935666,764.277038574219,340
1454,2067.73531319701,2185.37751701889,764.277038574219,340
1455,2121.38170319391,2178.99989815494,764.277038574219,340
1456,2084.73878771466,2171.72997922586,764.277038574219,340
1457,2124.04069524827,2166.3962530608,765.658325195312,340
1458,2088.42437607648,2162.33111226678,765.658325195312,340
1459,2097.77607273526,2157.09682612745,765.658325195312,340
1460,2075.46369600389,2148.90486361171,765.658325195312,340
1461,2117.98550599697,2144.34997854623,765.658325195312,340
1462,2116.45395061761,2140.9637918066,765.658325195312,340
1463,2085.82709844464,2134.89691131957,765.658325195312,340
1464,2088.59007889869,2128.94951167014,765.658325195312,340
1465,2149.38994786348,2124.82935011186,767.572021484375,340
1466,2017.25612606269,2116.03194638238,767.572021484375,340
1467,2153.87732331915,2114.60490538479,767.572021484375,340
1468,2094.49990317836,2110.64819362895,767.572021484375,340
1469,2155.4536923295,2110.2366340535,767.572021484375,340
1470,2053.83128991648,2107.12147214627,767.572021484375,340
1471,2079.55464883013,2101.72907409353,767.572021484375,340
1472,2116.77708746487,2099.60862787725,767.572021484375,340
1473,2164.8870410527,2098.46984943266,767.115905761719,340
1474,2201.08293786301,2103.61588630272,767.115905761719,340
1475,2204.2718231983,2108.18659314377,767.115905761719,340
1476,2141.41013938127,2110.92988908169,767.115905761719,340
1477,2139.92439515454,2113.94498804087,767.115905761719,340
1478,2109.77826790834,2114.01647606601,767.115905761719,340
1479,2139.33127280847,2116.88031445047,767.115905761719,340
1480,2094.64455961283,2115.81082870722,767.115905761719,340
1481,2120.60021922365,2117.24528596758,766.269470214844,340
1482,2234.47676531148,2121.66272877011,766.269470214844,340
1483,2186.78584852457,2125.59718766804,766.269470214844,340
1484,2169.00202663547,2128.44622582404,766.269470214844,340
1485,2193.19838593032,2133.1556134211,766.269470214844,340
1486,2140.7863446937,2134.06764696897,766.269470214844,340
1487,2175.3162983318,2136.42214087754,766.269470214844,340
1488,2215.77523035346,2141.62006615389,766.269470214844,340
1489,2034.09595527245,2139.44030120884,765.622924804688,340
1490,2090.93982775156,2137.10229640436,765.622924804688,340
1491,2232.93748567457,2145.72955078884,765.622924804688,340
1492,2172.02589450518,2146.45549363628,765.622924804688,340
1493,2189.8161822089,2150.2681447975,765.622924804688,340
1494,2194.65998306925,2151.83639642709,765.622924804688,340
1495,2177.02411194835,2156.76410930837,765.622924804688,340
1496,2182.63001607402,2160.88712399812,765.622924804688,340
1497,2110.78148304681,2160.6472998214,765.432434082031,340
1498,2195.72958338599,2161.88100151473,765.432434082031,340
1499,2125.387814355,2158.85319657441,765.432434082031,340
1500,2163.32626967266,2157.21537443339,765.432434082031,340
1501,2171.73001789047,2158.42816957375,765.432434082031,340
1502,2249.06087970961,2162.79362895596,765.432434082031,340
1503,2187.99647919913,2165.92235740759,765.432434082031,340
1504,2125.82128516774,2165.38195790196,765.432434082031,340
1505,2020.54017632795,2162.41778257056,763.435791015625,340
1506,2245.99042105782,2167.43339064393,763.435791015625,340
1507,2132.08803572842,2163.33784146061,763.435791015625,340
1508,2184.7802162472,2163.25761616951,763.435791015625,340
1509,1991.70296101702,2156.16565354477,763.435791015625,340
1510,2109.59060081488,2152.82134214016,763.435791015625,340
1511,2097.77635713622,2151.10094263786,763.435791015625,340
1512,2155.15926022367,2150.29466111353,763.435791015625,340
1513,1929.82865794142,2138.85679821705,761.34716796875,340
1514,2197.69388882553,2145.40071555917,761.34716796875,340
1515,1979.37116507705,2140.93796905219,761.34716796875,340
1516,2193.16038186411,2139.34688489978,761.34716796875,340
1517,2236.77068194444,2141.93667639735,761.34716796875,340
1518,2205.73157994957,2142.57329230697,761.34716796875,340
1519,2236.38516115884,2144.24229943056,761.34716796875,340
1520,2190.45100137151,2144.77937500748,761.34716796875,340
1521,2270.0481764687,2148.27610142327,761.064758300781,340
1522,2175.15729781563,2150.85113401402,761.064758300781,340
1523,2201.83255615791,2151.0952529249,761.064758300781,340
1524,2215.10243574282,2154.68383778041,761.064758300781,340
1525,2079.91884859265,2151.34754093721,761.064758300781,340
1526,2260.99665296176,2154.91820634006,761.064758300781,340
1527,2226.74196287523,2154.02544966669,761.064758300781,340
1528,2195.18268434947,2154.3128978727,761.064758300781,340
1529,2182.94586940653,2156.59788124225,760.708190917969,340
1530,2248.09194743831,2165.69995208667,760.708190917969,340
1531,2195.47590918054,2163.67937161158,760.708190917969,340
1532,2134.75362469458,2163.78599517022,760.708190917969,340
1533,2026.74147160164,2157.4644453844,760.708190917969,340
1534,2197.1770921838,2165.68341063107,760.708190917969,340
1535,2065.67285444362,2163.92670077622,760.708190917969,340
1536,2051.112680323,2162.06015370369,760.708190917969,340
1537,2234.30933822947,2165.22615682393,760.005432128906,340
1538,2251.36871436528,2178.08775908088,760.005432128906,340
1539,2278.25163206405,2181.31006881042,760.005432128906,340
1540,2219.29683979509,2190.90709579914,760.005432128906,340
1541,2200.07851725391,2191.18382121473,760.005432128906,340
1542,2250.12209396981,2191.71787769575,760.005432128906,340
1543,2235.36401356868,2192.90317504051,760.005432128906,340
1544,2255.98880213996,2193.68732067976,760.005432128906,340
1545,2168.86111875023,2192.82372537491,759.878540039062,340
1546,2243.71850982011,2191.77053870896,759.878540039062,340
1547,2194.21831092912,2192.5329792335,759.878540039062,340
1548,2175.21507884255,2191.46828014089,759.878540039062,340
1549,2234.93466517767,2192.26156931828,759.878540039062,340
1550,2218.62847097346,2197.80995421351,759.878540039062,340
1551,2261.74824487018,2197.84001788985,759.878540039062,340
1552,2208.94070343612,2197.12796751229,759.878540039062,340
1553,2179.8874609313,2196.51615857556,758.773315429688,340
1554,2234.35056677465,2198.57234647028,758.773315429688,340
1555,2145.94968633679,2194.48665602622,758.773315429688,340
1556,2178.09581518147,2193.79145226626,758.773315429688,340
1557,2167.20550888529,2195.08952763389,758.773315429688,340
1558,2275.78848581565,2205.05140820245,758.773315429688,340
1559,2241.61108529982,2206.82876792709,758.773315429688,340
1560,2231.18030968402,2213.44906613671,758.773315429688,340
1561,2267.03072171743,2222.08578779248,757.481506347656,340
1562,2285.27190257947,2224.12429036648,757.481506347656,340
1563,2286.48094513618,2225.52877959732,757.481506347656,340
1564,2244.21998851726,2224.16751385545,757.481506347656,340
1565,2187.01545414841,2222.87625842958,757.481506347656,340
1566,2285.36612328956,2226.28776267101,757.481506347656,340
1567,2228.5847700779,2225.42626971533,757.481506347656,340
1568,2275.29121681604,2227.02335784523,757.481506347656,340
1569,2287.4259453116,2228.28084357209,757.73583984375,340
1570,2251.02242689198,2231.56729589776,757.73583984375,340
1571,2283.07478342162,2233.14154684182,757.73583984375,340
1572,2263.20064118616,2235.9008400521,757.73583984375,340
1573,2238.82151304526,2238.44509742021,757.73583984375,340
1574,2286.7789792054,2240.51886998132,757.73583984375,340
1575,2289.51635924102,2243.35438551202,757.73583984375,340
1576,2263.35593941737,2243.41869329391,757.73583984375,340
1577,2305.4138233727,2247.27761809137,757.533874511719,340
1578,2305.3959214169,2252.2979565108,757.533874511719,340
1579,2246.24054341459,2252.7735555764,757.533874511719,340
1580,2305.50536445395,2259.15578270108,757.533874511719,340
1581,2269.05267793614,2262.79405721127,757.533874511719,340
1582,2235.46653146136,2265.52449811431,757.533874511719,340
1583,2322.61426630767,2267.39752933399,757.533874511719,340
1584,2270.69023089219,2268.56069515769,757.533874511719,340
1585,2299.16222762222,2271.27997187522,758.2822265625,340
1586,2301.10224824798,2272.64283293644,758.2822265625,340
1587,2280.93590119506,2272.46939288106,758.2822265625,340
1588,2261.46013558628,2271.46856049907,758.2822265625,340
1589,2266.35407456785,2272.35392394109,758.2822265625,340
1590,2268.63389922506,2275.61866174415,758.2822265625,340
1591,2284.45436972702,2275.58219160165,758.2822265625,340
1592,2266.89638817819,2277.11465632566,758.2822265625,340
1593,2267.17777573054,2276.79011868224,758.086242675781,340
1594,2280.42915031657,2276.51024688244,758.086242675781,340
1595,2221.07492707881,2275.31234688992,758.086242675781,340
1596,2293.65126482363,2275.735406146,758.086242675781,340
1597,2282.99874138458,2276.52733015393,758.086242675781,340
1598,2306.22981892472,2279.22366238911,758.086242675781,340
1599,2287.46642620177,2279.25116026897,758.086242675781,340
1600,2271.18965945359,2278.51809227747,758.086242675781,340
1601,2288.39398139258,2279.51961395648,758.50439453125,340
1602,2268.27424680012,2278.03403089358,758.50439453125,340
1603,2333.10640696152,2279.14245031536,758.50439453125,340
1604,2267.13833871566,2279.9783621274,758.50439453125,340
1605,2187.14355401726,2275.24388970994,758.50439453125,340
1606,2285.74949944555,2275.91176257031,758.50439453125,340
1607,1918.85444326083,2263.24727904229,758.50439453125,340
1608,2149.31069736826,2256.31513628471,758.50439453125,340
1609,2259.16166751679,2255.8539937497,759.568176269531,340
1610,1973.49129168003,2242.82715631201,759.568176269531,340
1611,2270.22354713333,2241.59200826742,759.568176269531,340
1612,2285.01826162313,2241.75530268455,759.568176269531,340
1613,2230.80671448784,2240.52916584061,759.568176269531,340
1614,2266.34246297642,2240.52870137695,759.568176269531,340
1615,2256.14736606301,2240.02924005047,759.568176269531,340
1616,2288.12868941014,2240.1762128378,759.568176269531,340
1617,2116.61344122705,2234.16489495975,762.041687011719,340
1618,2289.07114155244,2235.04062959263,762.041687011719,340
1619,2290.75351748728,2235.45360427945,762.041687011719,340
1620,2252.67690760226,2236.71768350039,762.041687011719,340
1621,2280.19924228028,2236.17960259866,762.041687011719,340
1622,2280.56502936218,2236.08225411776,762.041687011719,340
1623,2255.64168665957,2234.05872882715,762.041687011719,340
1624,2261.13754935443,2233.00557375326,762.041687011719,340
1625,2230.04728296585,2231.35987869375,761.365539550781,340
1626,2289.48201273065,2231.40339994727,761.365539550781,340
1627,2244.99900019908,2230.47239008323,761.365539550781,340
1628,2308.09866287607,2229.47208031981,761.365539550781,340
1629,2294.06116088192,2230.54899320647,761.365539550781,340
1630,2288.02925520085,2234.58442125381,761.365539550781,340
1631,2177.60143376998,2230.25849862679,761.365539550781,340
1632,2274.42808538523,2244.48144431176,761.365539550781,340
1633,2273.43961297104,2249.44660093587,761.234008789062,340
1634,2285.53112814917,2250.50137936117,761.234008789062,340
1635,2253.23742296967,2261.69122461275,761.234008789062,340
1636,2241.78396103648,2260.55364116888,761.234008789062,340
1637,2273.21765912,2260.08161706875,761.234008789062,340
1638,2210.20754752376,2259.25765039019,761.234008789062,340
1639,2288.75639937728,2260.15420784623,761.234008789062,340
1640,2248.29567952308,2259.84014038463,761.234008789062,340
1641,2282.46917309369,2259.61375973197,761.656311035156,340
1642,2277.29791674733,2266.04113875278,761.656311035156,340
1643,2231.83946477851,2263.75187168182,761.656311035156,340
1644,2245.27917548879,2261.93289800189,761.656311035156,340
1645,2255.89072840943,2262.06145083417,761.656311035156,340
1646,2278.88098307353,2262.0087204659,761.656311035156,340
1647,2254.52770717369,2260.96722757836,761.656311035156,340
1648,2284.87528130929,2262.13657136435,761.656311035156,340
1649,2270.79054948123,2262.52269136942,761.873413085938,340
1650,2234.07680920765,2262.6838724191,761.873413085938,340
1651,2206.81500321001,2259.37719203827,761.873413085938,340
1652,2211.42543409492,2258.0342493941,761.873413085938,340
1653,2269.87422171914,2256.50527174783,761.873413085938,340
1654,2290.9793110869,2256.38199775603,761.873413085938,340
1655,2281.11041769221,2256.10524425568,761.873413085938,340
1656,2247.17665529122,2258.88825311653,761.873413085938,340
1657,2149.99092213331,2253.91076658645,762.501892089844,340
1658,2235.98261801915,2252.41248678838,762.501892089844,340
1659,2165.49095217252,2247.61087974931,762.501892089844,340
1660,2188.4108093026,2245.01781520263,762.501892089844,340
1661,2211.05000399783,2243.78845692108,762.501892089844,340
1662,2262.14165529265,2243.34541676799,762.501892089844,340
1663,2244.50154784177,2244.71717678071,762.501892089844,340
1664,2220.33867100797,2241.98046764594,762.501892089844,340
1665,2264.96797833424,2242.64735959838,763.061706542969,340
1666,2194.41111603797,2239.12503731615,763.061706542969,340
1667,2238.87011878906,2237.58792539782,763.061706542969,340
1668,2191.7113971105,2235.9828026911,763.061706542969,340
1669,2223.63059943901,2235.11685964911,763.061706542969,340
1670,2171.89153281091,2231.75689182517,763.061706542969,340
1671,2232.0701062168,2229.8844567509,763.061706542969,340
1672,2203.29563747359,2227.8351739629,763.061706542969,340
1673,2219.7063138114,2225.22841526298,763.0390625,340
1674,2216.15015209601,2223.04279936757,763.0390625,340
1675,2233.19496258094,2223.00752550251,763.0390625,340
1676,2111.53573939606,2219.19635494995,763.0390625,340
1677,2196.18296395699,2218.58665614443,763.0390625,340
1678,2256.66711940798,2218.05837205198,763.0390625,340
1679,2150.35643540244,2212.43345702461,763.0390625,340
1680,2213.70886211137,2209.73739480137,763.0390625,340
1681,2193.68471788637,2207.59771730518,763.434020996094,340
1682,2124.39992124891,2206.5740772698,763.434020996094,340
1683,2204.40580708948,2205.31100483261,763.434020996094,340
1684,2198.60609527312,2206.63561055664,763.434020996094,340
1685,2124.5530614957,2204.08130064436,763.434020996094,340
1686,2161.84339034642,2202.11303609831,763.434020996094,340
1687,2205.75499920465,2199.85756985479,763.434020996094,340
1688,2156.38784882518,2196.33302189412,763.434020996094,340
1689,2188.75138723832,2195.06953054334,764.631408691406,340
1690,2269.90900079292,2195.26717144168,764.631408691406,340
1691,2227.82290232688,2196.60364289324,764.631408691406,340
1692,2266.41346283336,2197.70537665501,764.631408691406,340
1693,2236.07682804913,2199.47999389256,764.631408691406,340
1694,2267.06026852451,2201.21718065598,764.631408691406,340
1695,2267.43193717904,2205.0387968307,764.631408691406,340
1696,2275.66355031165,2206.7825345945,764.631408691406,340
1697,2245.03509096007,2208.45211273396,765.046569824219,340
1698,2120.01907931164,2204.46462335397,765.046569824219,340
1699,2228.10011115312,2204.94262171625,765.046569824219,340
1700,2240.46325000107,2205.23335321306,765.046569824219,340
1701,2244.36885301276,2210.54667775772,765.046569824219,340
1702,2262.70328171563,2213.20749046807,765.046569824219,340
1703,2240.22841515101,2212.54994229779,765.046569824219,340
1704,2257.62354762721,2216.84062678678,765.046569824219,340
1705,2164.29115735581,2214.86391859656,765.550476074219,340
1706,2257.33460553177,2217.40991410237,765.550476074219,340
1707,2279.41375968785,2223.61046763993,765.550476074219,340
1708,2242.34319855796,2225.12796329867,765.550476074219,340
1709,2251.90702081214,2227.26000032023,765.550476074219,340
1710,2169.75166288434,2229.06794437578,765.550476074219,340
1711,2232.77751402973,2231.90530932311,765.550476074219,340
1712,2268.81062971339,2234.42753454346,765.550476074219,340
1713,2220.3457106866,2236.98584901792,763.015686035156,340
1714,2232.76898545984,2238.74655294678,763.015686035156,340
1715,2249.18468518275,2237.91758032237,763.015686035156,340
1716,2234.05182716129,2238.16673731575,763.015686035156,340
1717,2218.52087175234,2236.25103367251,763.015686035156,340
1718,2253.44462683912,2236.94574562411,763.015686035156,340
1719,2279.86203545119,2237.45781630117,763.015686035156,340
1720,2262.93928486336,2237.27811020855,763.015686035156,340
1721,2258.6899740129,2236.5991671566,762.264465332031,340
1722,2250.82439052765,2236.8307391393,762.264465332031,340
1723,2259.97496771439,2242.42897467541,762.264465332031,340
1724,2217.08519968677,2241.98837821676,762.264465332031,340
1725,2222.35653507197,2241.26410961959,762.264465332031,340
1726,2187.67599474146,2238.99639528874,762.264465332031,340
1727,2246.33553619452,2238.34168546789,762.264465332031,340
1728,2240.89931655127,2238.36852152391,762.264465332031,340
1729,2244.04152062359,2237.82524044376,762.000244140625,340
1730,2277.74386842282,2242.36334888644,762.000244140625,340
1731,2228.59365735452,2241.21371095935,762.000244140625,340
1732,2122.46836160193,2234.93589503591,762.000244140625,340
1733,2235.43187199856,2234.65944197354,762.000244140625,340
1734,2274.64880093001,2235.56911317825,762.000244140625,340
1735,2247.06262061216,2238.66155148737,762.000244140625,340
1736,2223.53923715235,2238.29202041227,762.000244140625,340
1737,2269.54518860457,2238.32140276792,761.931762695312,340
1738,2249.15612325403,2239.47381927062,761.931762695312,340
1739,2214.58521107032,2238.74646829503,761.931762695312,340
1740,2254.14145181165,2238.94473896019,761.931762695312,340
1741,2259.43377821854,2239.96001700248,761.931762695312,340
1742,2216.96170713467,2239.89765041777,761.931762695312,340
1743,2223.53567430744,2238.70129231651,761.931762695312,340
1744,2262.01409074262,2237.98737452816,761.931762695312,340
1745,2248.10112885215,2237.39384828772,761.23388671875,340
1746,2258.61404777898,2237.39081123836,761.23388671875,340
1747,2223.88355165088,2236.31317768329,761.23388671875,340
1748,2292.65085078483,2237.62021300611,761.23388671875,340
1749,2259.93862655863,2239.33435008098,761.23388671875,340
1750,2262.06987140037,2240.92288353412,761.23388671875,340
1751,2258.87871773949,2243.77099245404,761.23388671875,340
1752,2226.90252073371,2242.9936718356,761.23388671875,340
1753,2238.47956718459,2242.89688186094,760.855346679688,340
1754,2240.0341985197,2242.73658897678,760.855346679688,340
1755,2258.83415718605,2241.98020052731,760.855346679688,340
1756,2253.87623009906,2242.99150343709,760.855346679688,340
1757,2283.88640576754,2249.44822520372,760.855346679688,340
1758,2251.8473202222,2250.10484313266,760.855346679688,340
1759,2218.32531202139,2247.85190357632,760.855346679688,340
1760,2242.06536960635,2247.65201353608,760.855346679688,340
1761,2238.42519839866,2248.24745198594,759.825378417969,340
1762,2209.30810406178,2245.83796860423,759.825378417969,340
1763,2256.79352463728,2246.14346465955,759.825378417969,340
1764,2270.6187875383,2248.38480771827,759.825378417969,340
1765,2251.69216034168,2248.28683605948,759.825378417969,340
1766,2208.34417249662,2246.2432518306,759.825378417969,340
1767,2268.63620291714,2248.3102316619,759.825378417969,340
1768,2236.84729564784,2248.84269651551,759.825378417969,340
1769,2265.19660439072,2248.96999706144,759.240844726562,340
1770,2292.35526049534,2250.74016232716,759.240844726562,340
1771,2232.87614445758,2249.71064619431,759.240844726562,340
1772,2266.23984967361,2251.40489811522,759.240844726562,340
1773,2247.50594458991,2249.59910186742,759.240844726562,340
1774,2258.77804771904,2249.55267871384,759.240844726562,340
1775,2301.39775836239,2251.12579419232,759.240844726562,340
1776,2229.66434417606,2249.95721924978,759.240844726562,340
1777,2274.3362427508,2251.85456813046,760.407897949219,340
1778,2285.1021782017,2253.71947257115,760.407897949219,340
1779,2265.34705908768,2254.73198699387,760.407897949219,340
1780,2279.48947676302,2255.55819977695,760.407897949219,340
1781,2257.08468759982,2255.68653807698,760.407897949219,340
1782,2286.67276781953,2255.79799255906,760.407897949219,340
1783,2267.28150003526,2256.41535975158,760.407897949219,340
1784,2286.75714475215,2259.15263306081,760.407897949219,340
1785,2297.47047639474,2261.36883733235,760.963256835938,340
1786,2283.08681943579,2263.15530217383,760.963256835938,340
1787,2254.54172674373,2264.96464708111,760.963256835938,340
1788,2251.80841511812,2264.76524270034,760.963256835938,340
1789,2289.29754330354,2265.51239293095,760.963256835938,340
1790,2281.18040759686,2266.69192282116,760.963256835938,340
1791,2163.15098305492,2264.88419524349,760.963256835938,340
1792,2272.89622503239,2265.0545961281,760.963256835938,340
1793,2285.09153215399,2266.98436558835,761.006591796875,340
1794,2275.94229868563,2267.41419336014,761.006591796875,340
1795,2271.83395500411,2266.59334114049,761.006591796875,340
1796,2286.52729770266,2268.7393872703,761.006591796875,340
1797,2249.67559656163,2268.07681714582,761.006591796875,340
1798,2287.82798374148,2269.68969871188,761.006591796875,340
1799,2308.16287586015,2271.66509183753,761.006591796875,340
1800,2263.29459994756,2270.14096550093,761.006591796875,340
1801,2295.94922713954,2272.79236081947,761.225524902344,340
1802,2258.20390925109,2272.14706747948,761.225524902344,340
1803,2315.02936691578,2273.34415502805,761.225524902344,340
1804,2283.27093581928,2274.06111009731,761.225524902344,340
1805,2267.1585667504,2273.56787369681,761.225524902344,340
1806,2295.0644150698,2275.08706279561,761.225524902344,340
1807,2228.61534675942,2272.7647659532,761.225524902344,340
1808,2300.15035235349,2274.07952004593,761.225524902344,340
1809,2270.01659182086,2273.40989792868,760.694885253906,340
1810,2287.12458058768,2272.9960620964,760.694885253906,340
1811,2298.79519996016,2273.62439731737,760.694885253906,340
1812,2287.13477212036,2274.92811913244,760.694885253906,340
1813,2258.61654501476,2275.2004443283,760.694885253906,340
1814,2280.77973441517,2274.85973197277,760.694885253906,340
1815,2311.82565183113,2276.08554174214,760.694885253906,340
1816,2280.12539581114,2280.76451825239,760.694885253906,340
1817,2284.97094598768,2281.2475070906,761.886108398438,340
1818,2297.29258371262,2281.73554915294,761.886108398438,340
1819,2285.26212469741,2282.10834219341,761.886108398438,340
1820,2262.1278594688,2281.720098372,761.886108398438,340
1821,2276.33465068724,2281.31239249138,761.886108398438,340
1822,2286.27476260386,2282.77635913307,761.886108398438,340
1823,2257.08992950735,2281.54683696371,761.886108398438,340
1824,2299.14402521149,2281.18608293776,761.886108398438,340
1825,2274.06654281619,2281.61696065251,761.934692382812,340
1826,2279.29614550286,2280.95083738704,761.934692382812,340
1827,2238.88374168305,2280.17803068432,761.934692382812,340
1828,2268.52906514508,2278.31801861349,761.934692382812,340
1829,2210.18188437468,2275.39445655571,761.934692382812,340
1830,2287.14584917328,2276.19394785262,761.934692382812,340
1831,2296.38909697556,2276.24693512885,761.934692382812,340
1832,2144.27939146204,2272.87349691696,761.934692382812,340
1833,2182.05365106659,2268.14962886548,762.190795898438,340
1834,2217.94032965621,2266.0665783789,762.190795898438,340
1835,2191.72030366154,2262.25040730185,762.190795898438,340
1836,2230.27700636545,2259.50967955806,762.190795898438,340
1837,2211.34191683254,2256.47796534655,762.190795898438,340
1838,2247.57521768628,2256.03631225341,762.190795898438,340
1839,2232.50528521445,2254.10533428538,762.190795898438,340
1840,2213.98550164595,2250.19172827797,762.190795898438,340
1841,2240.92340461466,2248.62364863011,763.614440917969,340
1842,2189.12183748328,2244.78968428994,763.614440917969,340
1843,2241.31568419789,2242.55060830935,763.614440917969,340
1844,2238.20826996449,2240.66845412003,763.614440917969,340
1845,2187.32483480343,2237.67633313342,763.614440917969,340
1846,2238.90691675529,2236.17922377614,763.614440917969,340
1847,2178.33072800215,2231.86146239207,763.614440917969,340
1848,2185.21624042488,2228.98651482877,763.614440917969,340
1849,2196.2734272505,2224.87169091033,763.678527832031,340
1850,2225.29833069239,2222.92096242538,763.678527832031,340
1851,2167.10426825471,2218.43328733546,763.678527832031,340
1852,2202.67827814701,2216.98506879401,763.678527832031,340
1853,2201.78267433866,2214.31521316176,763.678527832031,340
1854,2175.57686145816,2212.9310122451,763.678527832031,340
1855,2194.36654861096,2209.2198402226,763.678527832031,340
1856,2177.56921485758,2204.46704493788,763.678527832031,340
1857,2161.79227341729,2205.16756021609,763.660461425781,340
1858,2207.85117882345,2206.19946132637,763.660461425781,340
1859,2200.49373880159,2205.50159769218,763.660461425781,340
1860,2152.6536232006,2203.93893047375,763.660461425781,340
1861,2169.74400970919,2201.5176106075,763.660461425781,340
1862,2150.72200335753,2199.0928140685,763.660461425781,340
1863,2194.37497784974,2196.96480447503,763.660461425781,340
1864,2205.68060970426,2195.89181745463,763.660461425781,340
1865,2225.97328587819,2196.37132882392,765.257202148438,340
1866,2199.2544025947,2194.70456874312,765.257202148438,340
1867,2220.81165951621,2195.97216162443,765.257202148438,340
1868,2234.61542196436,2195.70415113509,765.257202148438,340
1869,2246.39788631551,2196.03173578913,765.257202148438,340
1870,2219.54037586478,2197.32035743159,765.257202148438,340
1871,2195.68275737788,2195.59139105649,765.257202148438,340
1872,2229.91157515291,2197.65462494252,765.257202148438,340
1873,2209.57259774098,2198.62887923517,766.349182128906,340
1874,2183.37981448678,2198.11313472462,766.349182128906,340
1875,2222.09868363752,2197.98514884242,766.349182128906,340
1876,2258.3501766414,2201.63498517789,766.349182128906,340
1877,2205.1640402352,2201.73441566142,766.349182128906,340
1878,2209.44832029602,2202.04104149971,766.349182128906,340
1879,2169.90485780488,2201.81416135358,766.349182128906,340
1880,2220.83113259076,2202.87274471277,766.349182128906,340
1881,2148.89367608642,2201.72572316193,766.716857910156,340
1882,2118.91718516868,2200.01071963198,766.716857910156,340
1883,2172.59935504794,2198.60064668096,766.716857910156,340
1884,2173.66620593595,2197.52754536634,766.716857910156,340
1885,2139.48921977163,2197.00096922918,766.716857910156,340
1886,2165.77764945793,2196.84231481913,766.716857910156,340
1887,2177.29304348464,2197.90515642421,766.716857910156,340
1888,2161.02136853557,2196.57101205164,766.716857910156,340
1889,2146.81637629627,2194.21644271532,766.707702636719,340
1890,2061.71245645113,2187.64600953824,766.707702636719,340
1891,2123.96109592124,2184.6342772713,766.707702636719,340
1892,2072.12763570348,2178.68691631879,766.707702636719,340
1893,2158.16892985128,2175.62905663427,766.707702636719,340
1894,2091.89983368929,2169.44913452922,766.707702636719,340
1895,2062.45433182828,2163.16569276776,766.707702636719,340
1896,2107.18537445,2159.62579745065,766.707702636719,340
1897,2043.33442716484,2152.16271153112,766.408203125,340
1898,1948.73553426325,2141.72922899202,766.408203125,340
1899,2025.2045885686,2135.40221995529,766.408203125,340
1900,2068.03951812999,2129.23985333499,766.408203125,340
1901,2099.22013777252,2122.87465178023,766.408203125,340
1902,1985.84108970915,2114.10173375919,766.408203125,340
1903,2007.01013545983,2106.00420636574,766.408203125,340
1904,2045.95257875767,2101.04611520385,766.408203125,340
1905,1966.92271481295,2090.88977849274,765.3203125,340
1906,1984.64492050184,2084.31982826936,765.3203125,340
1907,1948.46368739258,2077.50168835831,765.3203125,340
1908,1919.69402144658,2067.38547501426,765.3203125,340
1909,1949.35958471806,2058.41321016554,765.3203125,340
1910,1978.71449472161,2051.98222116354,765.3203125,340
1911,1993.31989596129,2045.08391102368,765.3203125,340
1912,1965.70066563206,2036.62021590957,765.3203125,340
1913,1974.73953648644,2029.16894262761,764.783996582031,340
1914,2048.51203499003,2025.23676897536,764.783996582031,340
1915,1939.53413715556,2020.34963620354,764.783996582031,340
1916,1977.05248638661,2014.47329182215,764.783996582031,340
1917,1963.10738002846,2010.11248159515,764.783996582031,340
1918,1938.66227862028,2001.33221554591,764.783996582031,340
1919,1994.19258050383,1997.42392541849,764.783996582031,340
1920,1978.61512602861,1994.0703571865,764.783996582031,340
1921,2081.5750267488,1993.04594327846,763.011108398438,340
1922,2076.44424468911,1994.37033597943,763.011108398438,340
1923,1979.51279861426,1995.60142655347,763.011108398438,340
1924,2031.94367861211,1995.87099015521,763.011108398438,340
1925,1967.99180424853,1991.86908159995,763.011108398438,340
1926,2081.59125601059,1991.16392632947,763.011108398438,340
1927,2037.2888852996,1993.22183815309,763.011108398438,340
1928,1976.30026153496,1991.9934431961,763.011108398438,340
1929,2126.17575681858,1995.20237031853,761.031677246094,340
1930,2148.1683731417,2002.45219665168,761.031677246094,340
1931,2094.79284956992,2006.85811381441,761.031677246094,340
1932,2110.6379537598,2013.3450844691,761.031677246094,340
1933,2056.90452740292,2018.83350470735,761.031677246094,340
1934,2095.94947168225,2024.69710018592,761.031677246094,340
1935,2174.06570183912,2032.51114847062,761.031677246094,340
1936,2113.6537384396,2037.32450216975,761.031677246094,340
1937,2185.94864495874,2046.13442134282,757.089599609375,340
1938,2206.26359780149,2055.39538379542,757.089599609375,340
1939,2230.29511006083,2062.66670679825,757.089599609375,340
1940,2170.0813410664,2071.88859495468,757.089599609375,340
1941,2199.62332818435,2080.79142862659,757.089599609375,340
1942,2176.67377482845,2089.33408441859,757.089599609375,340
1943,2189.02602274609,2099.34863418363,757.089599609375,340
1944,2164.1155687319,2106.14555371275,757.089599609375,340
1945,2222.28346959168,2115.89228745527,756.128112792969,340
1946,2099.6374218263,2116.61478325837,756.128112792969,340
1947,2204.57472995374,2121.74000266896,756.128112792969,340
1948,2098.06869674674,2126.48223859426,756.128112792969,340
1949,2243.07381093347,2134.92744388711,756.128112792969,340
1950,2168.10907073291,2142.93213454649,756.128112792969,340
1951,2120.62056537818,2144.49330692119,756.128112792969,340
1952,2137.31798568508,2148.49447093661,756.128112792969,340
1953,2222.99479547124,2158.36225229406,757.153747558594,340
1954,2211.15529819984,2161.76143394931,757.153747558594,340
1955,2220.57128945309,2164.65755060176,757.153747558594,340
1956,2217.0568231294,2169.54810954414,757.153747558594,340
1957,2251.44886525144,2175.18054600381,757.153747558594,340
1958,2259.49310988686,2183.28408930317,757.153747558594,340
1959,2217.71417178645,2188.15467730734,757.153747558594,340
1960,2206.75721323074,2189.462337763,757.153747558594,340
1961,2228.54972628506,2194.05817727682,757.494506835938,340
1962,2224.28576131063,2195.59166193089,757.494506835938,340
1963,2253.35895599696,2197.47547625871,757.494506835938,340
1964,2228.06681353576,2197.38634439771,757.494506835938,340
1965,2214.46964447591,2199.16187653409,757.494506835938,340
1966,2228.7094096247,2200.3253197917,757.494506835938,340
1967,2179.32905031994,2200.43153081136,757.494506835938,340
1968,2188.35992897016,2200.40488706033,757.494506835938,340
1969,2227.95527180657,2202.95847518331,756.280090332031,340
1970,2267.70569632849,2204.77536425279,756.280090332031,340
1971,2270.15494704408,2211.5960652615,756.280090332031,340
1972,2248.41608754247,2213.34971956505,756.280090332031,340
1973,2223.84405974808,2218.3807340851,756.280090332031,340
1974,2240.59315995945,2218.28150804614,756.280090332031,340
1975,2201.62214052739,2219.62203083792,756.280090332031,340
1976,2261.41421950613,2225.25377700304,756.280090332031,340
1977,2240.46639415458,2229.37971334182,755.707153320312,340
1978,2216.05831311364,2229.10225404751,755.707153320312,340
1979,2225.20166111812,2229.66410856424,755.707153320312,340
1980,2293.07530346369,2232.56426912467,755.707153320312,340
1981,2264.93585365137,2234.47943034555,755.707153320312,340
1982,2263.73185868789,2234.97075008301,755.707153320312,340
1983,2242.39105125774,2234.28666773784,755.707153320312,340
1984,2208.15610777725,2233.90434517747,755.707153320312,340
1985,2228.53974803788,2234.77564656976,756.020812988281,340
1986,2218.41655136986,2234.37031957315,756.020812988281,340
1987,2207.90449205396,2233.71506880288,756.020812988281,340
1988,2266.77079071334,2234.25154219154,756.020812988281,340
1989,2241.25642556856,2234.77912667285,756.020812988281,340
1990,2242.62175870535,2235.90521124203,756.020812988281,340
1991,2269.93206696337,2237.55411753557,756.020812988281,340
1992,2271.94654387377,2241.25881727773,756.020812988281,340
1993,2244.39879568625,2243.50037194637,757.534118652344,340
1994,2286.1799420739,2245.82935875706,757.534118652344,340
1995,2251.97970821535,2245.20031923254,757.534118652344,340
1996,2257.045126281,2244.67592640202,757.534118652344,340
1997,2295.76107622326,2246.56972594925,757.534118652344,340
1998,2270.27585704284,2248.42699784104,757.534118652344,340
1999,2271.85488069048,2249.67746667028,757.534118652344,340
2000,2286.23593608151,2253.06201849244,757.534118652344,340
2001,2270.16302234038,2253.41197060581,757.940795898438,340
2002,2132.02922517604,2249.07448384667,757.940795898438,340
2003,2259.76413161856,2250.82271658687,757.940795898438,340
2004,2214.89711172479,2250.41053461114,757.940795898438,340
2005,2259.14810386529,2249.0534466272,757.940795898438,340
2006,2273.61031082972,2249.40042491433,757.940795898438,340
2007,2294.36791138551,2250.62586702224,757.940795898438,340
2008,2256.32454384409,2251.18320672569,757.940795898438,340
2009,2270.97136241705,2253.69581691128,758.561584472656,340
2010,2297.9840745916,2256.47358997343,758.561584472656,340
2011,2192.53275162083,2255.43823798347,758.561584472656,340
2012,2273.11606252719,2258.0467008024,758.561584472656,340
2013,2121.36588603036,2252.23050461508,758.561584472656,340
2014,2252.20302769463,2252.66836870013,758.561584472656,340
2015,2297.74680903206,2254.87337071319,758.561584472656,340
2016,2239.81188054295,2253.66856325638,758.561584472656,340
2017,2272.78454648334,2253.70208336076,758.6904296875,340
2018,2104.86248760823,2248.12063103764,758.6904296875,340
2019,2144.87714070496,2242.46851898288,758.6904296875,340
2020,2140.91374263551,2238.02588035969,758.6904296875,340
2021,2125.49841079413,2232.76401174021,758.6904296875,340
2022,2178.84124980836,2228.08721868362,758.6904296875,340
2023,2078.47473378617,2220.41517375335,758.6904296875,340
2024,2158.78959915088,2215.89256249177,758.6904296875,340
2025,2106.34835718408,2208.69705933587,760.26025390625,340
2026,2297.54906972602,2209.79250123129,760.26025390625,340
2027,2041.85474950507,2206.18552220446,760.26025390625,340
2028,2113.28825623645,2200.32648718917,760.26025390625,340
2029,2070.08153762286,2194.53386422509,760.26025390625,340
2030,2223.52915531709,2193.10910628317,760.26025390625,340
2031,2271.92720270194,2193.04178195805,760.26025390625,340
2032,2245.42775554168,2191.0841757243,760.26025390625,340
2033,2216.28336124647,2189.4825284204,761.67431640625,340
2034,2278.97308130527,2189.80259717593,761.67431640625,340
2035,2297.75722821212,2189.79352332075,761.67431640625,340
2036,2211.18055333331,2190.53943538925,761.67431640625,340
2037,2309.96102111532,2192.01323373277,761.67431640625,340
2038,2325.72422126929,2200.18756714233,761.67431640625,340
2039,2091.30297847789,2193.75156517366,761.67431640625,340
2040,2089.67835602128,2185.42882705323,761.67431640625,340
2041,2197.59858043789,2183.74029504903,760.087524414062,340
2042,2135.72889522541,2178.25806899871,760.087524414062,340
2043,2303.52783249602,2186.20468279422,760.087524414062,340
2044,2347.33296552491,2194.30291578702,760.087524414062,340
2045,2205.71015915277,2196.89477244771,760.087524414062,340
2046,2223.71919307441,2200.82360373892,760.087524414062,340
2047,2299.9655052495,2205.66857395657,760.087524414062,340
2048,2302.09611578238,2214.61342923641,760.087524414062,340
2049,2082.78923019999,2211.57341447838,760.371398925781,340
2050,2262.37419997545,2217.81444819003,760.371398925781,340
2051,2106.61150895556,2210.17694575921,760.371398925781,340
2052,2288.10471315444,2220.02694430519,760.371398925781,340
2053,2288.55383272055,2227.03756736455,760.371398925781,340
2054,2251.75634616594,2234.30455970628,760.371398925781,340
2055,2349.9671542696,2239.36207966438,760.371398925781,340
2056,2254.86620831889,2238.67963988905,760.371398925781,340
2057,2311.99464857688,2241.34231561046,761.017333984375,340
2058,2291.84805663775,2244.36490342611,761.017333984375,340
2059,2281.6248308705,2244.47097340872,761.017333984375,340
2060,2297.27102306917,2244.451525203,761.017333984375,340
2061,2307.84323855873,2248.31803261202,761.017333984375,340
2062,2211.29014525787,2244.37119757772,761.017333984375,340
2063,2333.98376630543,2244.70157937917,761.017333984375,340
2064,2336.97969154328,2254.52864790178,761.017333984375,340
2065,2287.34015227645,2262.43511975199,762.195251464844,340
2066,2260.46252810399,2264.94967765863,762.195251464844,340
2067,2329.32167517899,2272.69338885678,762.195251464844,340
2068,2272.04657126305,2271.43413840746,762.195251464844,340
2069,2321.97715582348,2270.4199060194,762.195251464844,340
2070,2318.90597019535,2274.94773846111,762.195251464844,340
2071,2334.98767795198,2279.39847785621,762.195251464844,340
2072,2339.02968224302,2280.96104493595,762.195251464844,340
2073,2337.09648587347,2282.36105973959,762.022277832031,340
2074,2278.25829848831,2290.17982247113,762.022277832031,340
2075,2313.44166328669,2292.22252100357,762.022277832031,340
2076,2315.38899450244,2300.57362042545,762.022277832031,340
2077,2295.06578504739,2300.85206330117,762.022277832031,340
2078,2255.5787474967,2299.53305989221,762.022277832031,340
2079,2275.3012305668,2300.47485526825,762.022277832031,340
2080,2322.84603410028,2299.39001046148,762.022277832031,340
2081,2258.58812574535,2299.53888715853,762.039001464844,340
2082,2107.02273133844,2291.340010469,762.039001464844,340
2083,2370.20574948409,2294.47431818285,762.039001464844,340
2084,2281.28195331502,2294.46060308063,762.039001464844,340
2085,2251.52117490267,2292.63060915397,762.039001464844,340
2086,2294.36176197255,2292.09135009052,762.039001464844,340
2087,2249.60031979573,2293.62375707204,762.039001464844,340
2088,2237.25248512423,2289.75450582479,762.039001464844,340
2089,2272.60598816563,2287.17955768968,761.780578613281,340
2090,2209.47747972802,2284.06505078775,761.780578613281,340
2091,2300.47073148235,2285.66537892288,761.780578613281,340
2092,2262.55270673241,2282.99462018502,761.780578613281,340
2093,2174.0023110753,2279.07284977751,761.780578613281,340
2094,2166.80794465636,2272.86608133082,761.780578613281,340
2095,2246.95991372052,2269.98823907183,761.780578613281,340
2096,2232.00469698077,2265.86891983298,761.780578613281,340
2097,2245.76698728316,2262.13841203459,762.680541992188,340
2098,2285.79545262043,2260.08637070447,762.680541992188,340
2099,2333.03867743934,2262.27758586251,762.680541992188,340
2100,2335.77864342982,2263.17106506823,762.680541992188,340
2101,2311.99779103734,2263.03541692963,762.680541992188,340
2102,2272.9883035437,2262.15231766948,762.680541992188,340
2103,2363.54880820163,2266.47112009768,762.680541992188,340
2104,2280.62171430003,2266.68393944701,762.680541992188,340
2105,2279.15825961896,2264.93642846775,761.013061523438,340
2106,2316.93125097598,2267.27015347698,761.013061523438,340
2107,2282.91146514473,2274.30570282923,761.013061523438,340
2108,2288.49386320837,2271.0372273782,761.013061523438,340
2109,2252.69355566594,2269.89369147224,761.013061523438,340
2110,2281.42261411652,2271.08974904079,761.013061523438,340
2111,2320.40499779719,2272.13147847378,761.013061523438,340
2112,2307.42104601132,2274.4443075224,761.013061523438,340
2113,2287.61211957585,2276.45869290047,760.554382324219,340
2114,2315.78200255749,2278.18573347614,760.554382324219,340
2115,2276.29456982667,2280.85841708009,760.554382324219,340
2116,2308.97490481898,2281.19858401355,760.554382324219,340
2117,2291.17129261948,2282.34332744904,760.554382324219,340
2118,2312.87499918254,2287.89823497333,760.554382324219,340
2119,2268.61755107355,2291.97061923001,760.554382324219,340
2120,2269.84793869446,2292.88614022897,760.554382324219,340
2121,2273.25764198025,2294.53625802895,761.487915039062,340
2122,2312.61207021131,2297.21006134608,761.487915039062,340
2123,2340.54713457699,2299.40012862434,761.487915039062,340
2124,2273.30932618379,2297.01095457412,761.487915039062,340
2125,2258.62558355683,2293.9248321792,761.487915039062,340
2126,2285.7332348695,2292.87424993248,761.487915039062,340
2127,2280.48370696678,2293.17406606941,761.487915039062,340
2128,2288.66196914585,2290.17859250717,761.487915039062,340
2129,2307.96741847374,2291.27242067412,762.397644042969,340
2130,2298.87294334228,2292.06100802306,762.397644042969,340
2131,2305.98431506674,2291.62313058669,762.397644042969,340
2132,2284.81742643014,2291.6993690381,762.397644042969,340
2133,2320.02846504302,2292.96075311149,762.397644042969,340
2134,2280.68300588575,2294.08033112028,762.397644042969,340
2135,2252.2864020424,2292.91488263732,762.397644042969,340
2136,2294.88051783549,2291.89390343885,762.397644042969,340
2137,2301.63409190947,2291.66242527477,762.29150390625,340
2138,2247.12060361926,2290.04276463651,762.29150390625,340
2139,2281.55529671904,2288.67369640297,762.29150390625,340
2140,2293.21810807125,2289.35063793276,762.29150390625,340
2141,2280.88402427496,2288.22700271099,762.29150390625,340
2142,2195.41791895396,2284.39686776437,762.29150390625,340
2143,2265.93565569231,2282.51929402476,762.29150390625,340
2144,2265.11524244117,2282.37920167947,762.29150390625,340
2145,2298.43615521025,2283.5227303401,762.665771484375,340
2146,2325.56456995079,2285.61500745892,762.665771484375,340
2147,2007.16698611455,2273.39720409505,762.665771484375,340
2148,2294.52957523884,2271.55650172153,762.665771484375,340
2149,2181.81995329609,2267.89692680602,762.665771484375,340
2150,2292.86486660162,2269.26649812781,762.665771484375,340
2151,2309.02028180045,2270.19798000505,762.665771484375,340
2152,2312.25126390382,2271.46868228253,762.665771484375,340
2153,2284.32040620625,2271.29501976495,762.1474609375,340
2154,2149.29970637623,2264.94831128105,762.1474609375,340
2155,2294.248471211,2264.76333239579,762.1474609375,340
2156,2283.70794484652,2263.87227758699,762.1474609375,340
2157,2293.11147414117,2264.20403949543,762.1474609375,340
2158,2267.92705659277,2262.11998315742,762.1474609375,340
2159,2131.68552031107,2256.16008373443,762.1474609375,340
2160,2288.28081138243,2257.59986010803,762.1474609375,340
2161,2221.00095501344,2254.64467759515,763.012939453125,340
2162,2285.07680310712,2253.98238604305,763.012939453125,340
2163,2332.14296489974,2257.38328049427,763.012939453125,340
2164,2312.13583157127,2258.60650188836,763.012939453125,340
2165,2313.29487126947,2259.40957241629,763.012939453125,340
2166,2291.00962527773,2259.8145964564,763.012939453125,340
2167,2225.4638342463,2261.0164330681,763.012939453125,340
2168,2237.98922948688,2259.89857601988,763.012939453125,340
2169,2293.94117352078,2261.05161326306,763.295349121094,340
2170,2301.73083724326,2261.18340054438,763.295349121094,340
2171,2311.98351012744,2260.64015815145,763.295349121094,340
2172,2280.83600860522,2271.58691905108,763.295349121094,340
2173,2245.42604193745,2269.62277771902,763.295349121094,340
2174,2311.25422854758,2274.80014872908,763.295349121094,340
2175,2348.94231564362,2277.04324669076,763.295349121094,340
2176,2308.92961220007,2277.03961990675,763.295349121094,340
2177,2332.87670984371,2277.86463774434,763.762451171875,340
2178,2327.20890724282,2279.5801777858,763.762451171875,340
2179,2348.87810327901,2287.56331366191,763.762451171875,340
2180,2304.65828675404,2287.97970628364,763.762451171875,340
2181,2321.59115610256,2289.49503473388,763.762451171875,340
2182,2330.2963882448,2290.98243129802,763.762451171875,340
2183,2297.02336604751,2292.14628367621,763.762451171875,340
2184,2311.90629805166,2299.35511478584,763.762451171875,340
2185,2328.54670608337,2300.96575057387,763.750671386719,340
2186,2281.85930374577,2303.40008452317,763.750671386719,340
2187,2323.38306145404,2304.93233485705,763.750671386719,340
2188,2280.18034781098,2302.85383017349,763.750671386719,340
2189,2265.31181331656,2300.98086944331,763.750671386719,340
2190,2285.73031658726,2299.87828725602,763.750671386719,340
2191,2294.8521717586,2300.03198911525,763.750671386719,340
2192,2287.0237112676,2302.4943841961,763.750671386719,340
2193,2282.52623766163,2304.27586452309,764.475158691406,340
2194,2324.68994176145,2305.50581525272,764.475158691406,340
2195,2326.41155507399,2306.49304396595,764.475158691406,340
2196,2310.4456886756,2306.43153110788,764.475158691406,340
2197,2291.38564949592,2306.85351674351,764.475158691406,340
2198,2313.60582412963,2309.58070803119,764.475158691406,340
2199,2306.73923071998,2309.40010811809,764.475158691406,340
2200,2292.14666316322,2307.12828201887,764.475158691406,340
2201,2304.33339877282,2306.94443348178,764.436584472656,340
2202,2309.57031257166,2306.0121775909,764.436584472656,340
2203,2319.92563655663,2305.72084676345,764.436584472656,340
2204,2332.7505991517,2305.07574659836,764.436584472656,340
2205,2301.43643487981,2304.94687252339,764.436584472656,340
2206,2297.33251596824,2303.97652691802,764.436584472656,340
2207,2267.44275700691,2301.4623816685,764.436584472656,340
2208,2282.48957227926,2300.88102991777,764.436584472656,340
2209,2307.38028372784,2300.69998934482,764.080749511719,340
2210,2336.38047216219,2301.01333998797,764.080749511719,340
2211,2332.05017077502,2303.02097466914,764.080749511719,340
2212,2311.70556618179,2302.55387485825,764.080749511719,340
2213,2312.89135629113,2303.86231519746,764.080749511719,340
2214,2310.15743490388,2305.65614006095,764.080749511719,340
2215,2334.96296586453,2307.62544603204,764.080749511719,340
2216,2266.97660180241,2306.51042323379,764.080749511719,340
2217,2333.56386639651,2308.37202943895,764.599731445312,340
2218,2275.17194050046,2308.0778575525,764.599731445312,340
2219,2267.95418620349,2305.80842733018,764.599731445312,340
2220,2300.25024099536,2304.76197476704,764.599731445312,340
2221,2215.89743394564,2300.98004457784,764.599731445312,340
2222,2292.53913144858,2301.02618385595,764.599731445312,340
2223,2311.42832410722,2300.93908385505,764.599731445312,340
2224,2295.77794741061,2300.50063252268,764.599731445312,340
2225,2294.61672029706,2300.59943480803,764.54296875,340
2226,2284.17270375665,2299.79300700738,764.54296875,340
2227,2297.52864268469,2299.3113402119,764.54296875,340
2228,2321.26880049564,2299.36506676947,764.54296875,340
2229,2284.85393226843,2297.44920009413,764.54296875,340
2230,2292.2875641494,2297.08324526492,764.54296875,340
2231,2322.80831325073,2298.10227715622,764.54296875,340
2232,2248.90991150751,2297.36096333624,764.54296875,340
2233,2292.24222421588,2297.75106941371,764.38623046875,340
2234,2298.00806294064,2297.37618058222,764.38623046875,340
2235,2312.84483199179,2296.4347549754,764.38623046875,340
2236,2288.93221213148,2294.71003662966,764.38623046875,340
2237,2278.24842780211,2293.37175109447,764.38623046875,340
2238,2289.78258467889,2292.44740022998,764.38623046875,340
2239,2312.21317248481,2292.52962973322,764.38623046875,340
2240,2293.79588032268,2290.88294631155,764.38623046875,340
2241,2269.17925033387,2290.97105225281,765.061279296875,340
2242,2290.35576283499,2289.24272811035,765.061279296875,340
2243,2253.99907835442,2288.3958136245,765.061279296875,340
2244,2289.91699002445,2289.27432577734,765.061279296875,340
2245,2289.10775530314,2288.82862634965,765.061279296875,340
2246,2315.22385367221,2292.80168313872,765.061279296875,340
2247,2290.03760617515,2292.70162212778,765.061279296875,340
2248,2296.54714035339,2292.10637477763,765.061279296875,340
2249,2291.21847200361,2291.92399576134,765.335083007812,340
2250,2273.59730598905,2291.08321918902,765.335083007812,340
2251,2291.31331185028,2291.36884351277,765.335083007812,340
2252,2292.68110780086,2291.17494211742,765.335083007812,340
2253,2290.92369693121,2289.96113797484,765.335083007812,340
2254,2284.81591769433,2289.95961739188,765.335083007812,340
2255,2297.87906455836,2290.18327740823,765.335083007812,340
2256,2317.21420006631,2289.95951288086,765.335083007812,340
2257,2287.83849416829,2291.51665618729,764.895568847656,340
2258,2315.76349033739,2292.45750683215,764.895568847656,340
2259,2294.95954447568,2292.33556609355,764.895568847656,340
2260,2240.76499211214,2289.45237249837,764.895568847656,340
2261,2283.54820146461,2289.23701207169,764.895568847656,340
2262,2271.7905620252,2288.97869744061,764.895568847656,340
2263,2267.75791065716,2288.09771047974,764.895568847656,340
2264,2284.06019730628,2286.9715914726,764.895568847656,340
2265,2307.68279434857,2287.52706803364,765.260131835938,340
2266,2304.06003240889,2288.92229931664,765.260131835938,340
2267,2335.86956881125,2290.74285155569,765.260131835938,340
2268,2310.04240442853,2292.98458459866,765.260131835938,340
2269,2301.94557422333,2293.46572796661,765.260131835938,340
2270,2288.45842700906,2293.43975483485,765.260131835938,340
2271,2317.84474627278,2293.54459053887,765.260131835938,340
2272,2321.74356925134,2294.81282906192,765.260131835938,340
2273,2294.38382232349,2294.72629634072,765.825317382812,340
2274,2311.64820092693,2295.54348549765,765.825317382812,340
2275,2302.27233784826,2296.69048677202,765.825317382812,340
2276,2307.22176907269,2297.32682506092,765.825317382812,340
2277,2321.70101546493,2298.48762136748,765.825317382812,340
2278,2349.65323118708,2300.83680273772,765.825317382812,340
2279,2309.59185218482,2301.82784011734,765.825317382812,340
2280,2314.55999737465,2302.49507742999,765.825317382812,340
2281,2306.41372667675,2302.0630584944,765.301452636719,340
2282,2262.29026024015,2301.04112913728,765.301452636719,340
2283,2301.19985001835,2300.45858352452,765.301452636719,340
2284,2285.29389732797,2300.07195763861,765.301452636719,340
2285,2303.09823780034,2302.56528746614,765.301452636719,340
2286,2304.18928239828,2303.39093070348,765.301452636719,340
2287,2311.27594413952,2304.97034598806,765.301452636719,340
2288,2312.38044439775,2306.75524733768,765.301452636719,340
2289,2316.02886240226,2308.03399394152,765.455261230469,340
2290,2300.76071147526,2307.75711062659,765.455261230469,340
2291,2316.42118097556,2308.25155656925,765.455261230469,340
2292,2331.53423127051,2308.07814306762,765.455261230469,340
2293,2299.82831902038,2307.6695796513,765.455261230469,340
2294,2308.74728789152,2307.94164819803,765.455261230469,340
2295,2322.61367105006,2309.30785795967,765.455261230469,340
2296,2308.54998851298,2308.93606764927,765.455261230469,340
2297,2301.02843117528,2308.10746212623,766.292236328125,340
2298,2289.9670125613,2307.93078973574,766.292236328125,340
2299,2303.19947573112,2307.59284072791,766.292236328125,340
2300,2298.022004933,2307.4228274113,766.292236328125,340
2301,2325.4046957078,2308.15014447671,766.292236328125,340
2302,2307.4971996765,2307.58199184517,766.292236328125,340
2303,2304.70062455095,2305.78388757972,766.292236328125,340
2304,2301.39055709711,2305.45583577621,766.292236328125,340
2305,2279.30986096342,2304.04583031977,767.721374511719,340
2306,2324.00930024068,2304.74965326232,767.721374511719,340
2307,2294.77506029324,2306.04904526445,767.721374511719,340
2308,2288.53037923082,2305.54226643295,767.721374511719,340
2309,2291.58626292664,2305.79396105689,767.721374511719,340
2310,2309.05742463339,2306.03232853021,767.721374511719,340
2311,2268.42268009383,2304.60166443804,767.721374511719,340
2312,2304.00498372886,2304.31082602161,767.721374511719,340
2313,2336.58496787509,2305.2790069607,768.497680664062,340
2314,2287.13326362578,2304.12318300964,768.497680664062,340
2315,2306.36950239305,2304.34753464636,768.497680664062,340
2316,2330.29847828214,2304.90262653862,768.497680664062,340
2317,2332.45751182818,2304.93955776093,768.497680664062,340
2318,2265.25168852813,2303.55649254124,768.497680664062,340
2319,2328.24908217334,2304.33656431251,768.497680664062,340
2320,2289.49965668797,2303.01200373802,768.497680664062,340
2321,2298.32089442198,2302.60283997438,768.6337890625,340
2322,2303.22276141897,2302.69061318413,768.6337890625,340
2323,2304.72148730925,2303.28079217405,768.6337890625,340
2324,2319.96592826705,2303.95145027549,768.6337890625,340
2325,2331.83730150674,2305.30406213844,768.6337890625,340
2326,2316.00513726285,2304.92807980064,768.6337890625,340
2327,2328.29531775556,2305.7600045238,768.6337890625,340
2328,2289.45125507303,2305.15002974468,768.6337890625,340
2329,2322.42503955274,2305.99140904291,768.225219726562,340
2330,2319.40316071832,2307.5951410331,768.225219726562,340
2331,2304.62984715185,2306.81996290955,768.225219726562,340
2332,2330.56432155504,2308.25153336002,768.225219726562,340
2333,2288.82577809517,2308.2633493146,768.225219726562,340
2334,2296.02469505869,2308.44088659988,768.225219726562,340
2335,2305.74478466834,2308.30838100128,768.225219726562,340
2336,2305.88659004121,2309.80693739917,768.225219726562,340
2337,2306.82197648835,2309.91961710955,765.929321289062,340
2338,2312.98787746507,2308.97573349315,765.929321289062,340
2339,2285.9232529006,2308.92733306414,765.929321289062,340
2340,2314.44066023714,2309.25017937791,765.929321289062,340
2341,2210.44487032152,2304.45603505948,765.929321289062,340
2342,2319.8423413901,2303.95142824196,765.929321289062,340
2343,2280.80632591482,2304.57361373743,765.929321289062,340
2344,2296.26276015211,2303.29416085658,765.929321289062,340
2345,2328.43634157898,2304.85162825222,764.201110839844,340
2346,2305.9320940977,2305.15607623925,764.201110839844,340
2347,2306.12811825372,2305.27229051264,764.201110839844,340
2348,2323.586603182,2306.02689514755,764.201110839844,340
2349,2323.87848353576,2306.1833973583,764.201110839844,340
2350,2291.27620523233,2304.56095350732,764.201110839844,340
2351,2287.91167347644,2303.43721495586,764.201110839844,340
2352,2307.47328974433,2302.60433383542,764.201110839844,340
2353,2318.92705364113,2303.78336577814,763.34912109375,340
2354,2319.58247451494,2303.66966317663,763.34912109375,340
2355,2318.80983074624,2303.64592997774,763.34912109375,340
2356,2278.05772494349,2302.58304508941,763.34912109375,340
2357,2334.82379159597,2302.75342389105,763.34912109375,340
2358,2335.65631065145,2304.6266451933,763.34912109375,340
2359,2328.45321182947,2305.92378586413,763.34912109375,340
2360,2298.68693329875,2305.64147180935,763.34912109375,340
2361,2311.32670518734,2305.85907641519,764.176818847656,340
2362,2297.77066601157,2305.49702399612,764.176818847656,340
2363,2317.43460743922,2305.67489319509,764.176818847656,340
2364,2288.39837892083,2305.77389823589,764.176818847656,340
2365,2290.78365976964,2304.82761821719,764.176818847656,340
2366,2305.79277132279,2308.64153425724,764.176818847656,340
2367,2342.26075449626,2309.53827078149,764.176818847656,340
2368,2301.02797549533,2310.34713676471,764.176818847656,340
2369,2326.68619335743,2311.56407409292,763.408752441406,340
2370,2310.26727429895,2310.83731140172,763.408752441406,340
2371,2295.38537693717,2310.4154427153,763.408752441406,340
2372,2317.72684123378,2310.8793916345,763.408752441406,340
2373,2302.14334940136,2310.02166148328,763.408752441406,340
2374,2311.8165557636,2309.53918437239,763.408752441406,340
2375,2298.58733555377,2309.83162958525,763.408752441406,340
2376,2295.23196005273,2310.1244410483,763.408752441406,340
2377,2323.64638485036,2310.77136485254,763.450378417969,340
2378,2314.36257321448,2310.58878563548,763.450378417969,340
2379,2346.01059452945,2311.64591043606,763.450378417969,340
2380,2309.12991982624,2311.25871399926,763.450378417969,340
2381,2296.73148600698,2312.0056644418,763.450378417969,340
2382,2174.16510071103,2305.5793168064,763.450378417969,340
2383,2314.27642534984,2304.72412139433,763.450378417969,340
2384,2311.06495552067,2304.02859114198,763.450378417969,340
2385,2323.39915957008,2305.01708019284,763.516906738281,340
2386,2315.26923873682,2305.17478153481,763.516906738281,340
2387,2321.98270220543,2306.14326298257,763.516906738281,340
2388,2294.19201728816,2305.21355937653,763.516906738281,340
2389,2311.96420150921,2306.15619228006,763.516906738281,340
2390,2305.48951930876,2306.74442666163,763.516906738281,340
2391,2309.58329533112,2306.89604762196,763.516906738281,340
2392,2293.44977211529,2304.94360832672,763.516906738281,340
2393,2336.27072881811,2306.35331845963,764.084838867188,340
2394,2333.17809425607,2306.61299449558,764.084838867188,340
2395,2318.2760370483,2306.93334500555,764.084838867188,340
2396,2332.9934592695,2308.43766829885,764.084838867188,340
2397,2320.16386439994,2308.53514922549,764.084838867188,340
2398,2316.49292870692,2309.10913239771,764.084838867188,340
2399,2307.26256781305,2308.92697287969,764.084838867188,340
2400,2335.12257926638,2310.3883826282,764.084838867188,340
2401,2340.77341255843,2312.21004072843,764.273742675781,340
2402,2344.52692063478,2313.0452621598,764.273742675781,340
2403,2353.90679943535,2314.62703120864,764.273742675781,340
2404,2343.17355931233,2314.51354979995,764.273742675781,340
2405,2346.51462050939,2316.00893782728,764.273742675781,340
2406,2335.14518096449,2317.54548562558,764.273742675781,340
2407,2322.28102069458,2323.47012242492,764.273742675781,340
2408,2343.45125750032,2324.63711571094,764.273742675781,340
2409,2329.16601376794,2325.36115804083,765.602783203125,340
2410,2331.63081084821,2325.69042409196,765.602783203125,340
2411,2350.47293049621,2327.09857176233,765.602783203125,340
2412,2335.16505731856,2327.62586596686,765.602783203125,340
2413,2321.27569299926,2328.7092129953,765.602783203125,340
2414,2332.1996314099,2329.51863019133,765.602783203125,340
2415,2330.83426425672,2330.53241998925,765.602783203125,340
2416,2350.68859909831,2332.17663213993,765.602783203125,340
2417,2347.2041503485,2334.32680726926,765.622192382812,340
2418,2351.82552068206,2334.94899894382,765.622192382812,340
2419,2347.14661872268,2335.50773992248,765.622192382812,340
2420,2341.43817277336,2336.43422535149,765.622192382812,340
2421,2355.00775958244,2337.314797364,765.622192382812,340
2422,2331.96436808443,2337.78681751138,765.622192382812,340
2423,2346.28322884343,2338.97842951684,765.622192382812,340
2424,2339.79366772599,2340.27967351336,765.622192382812,340
2425,2358.26374860248,2341.20532028681,766.39453125,340
2426,2340.82260251403,2341.20728788503,766.39453125,340
2427,2319.4510131607,2340.20425158607,766.39453125,340
2428,2347.3473357989,2339.94187304061,766.39453125,340
2429,2324.84127918403,2339.20858183548,766.39453125,340
2430,2342.01369027524,2339.02854462611,766.39453125,340
2431,2349.55093780902,2339.60477489989,766.39453125,340
2432,2346.87168174946,2340.58840134209,766.39453125,340
2433,2332.42204473449,2340.14723283145,766.739807128906,340
2434,2324.20214368156,2339.948678028,766.739807128906,340
2435,2310.80092518197,2339.11548260135,766.739807128906,340
2436,2341.62793845602,2338.76168291974,766.739807128906,340
2437,2317.63095097449,2338.06031866598,766.739807128906,340
2438,2341.06943414787,2338.85206831192,766.739807128906,340
2439,2311.52267006816,2338.02498985825,766.739807128906,340
2440,2302.17209522514,2336.87850309699,766.739807128906,340
2441,2326.7085741974,2335.91930210095,767.341674804688,340
2442,2359.33097362439,2336.40437503199,767.341674804688,340
2443,2312.22779798846,2334.82046612425,767.341674804688,340
2444,2349.24910607753,2334.90456561844,767.341674804688,340
2445,2323.61110379164,2334.19148285917,767.341674804688,340
2446,2326.17872339403,2333.03832141163,767.341674804688,340
2447,2334.03832215791,2333.12127957457,767.341674804688,340
2448,2332.80314940711,2332.58207639712,767.341674804688,340
2449,2334.72523952307,2332.379339269,767.588195800781,340
2450,2337.22173566399,2331.53765875146,767.588195800781,340
2451,2339.98789223056,2331.50427034013,767.588195800781,340
2452,2347.52175032375,2332.62709982665,767.588195800781,340
2453,2330.88306350941,2331.96852893507,767.588195800781,340
2454,2336.34009303684,2332.42848148918,767.588195800781,340
2455,2338.84122587713,2332.30158291326,767.588195800781,340
2456,2329.33047282873,2331.49276431404,767.588195800781,340
2457,2333.31062705504,2330.95032212627,769.486145019531,340
2458,2313.36249258087,2330.18794004012,769.486145019531,340
2459,2347.62138419105,2331.1247096605,769.486145019531,340
2460,2305.96495704253,2330.93127093493,769.486145019531,340
2461,2312.66919142964,2329.77292105387,769.486145019531,340
2462,2277.04290512497,2328.14939921989,769.486145019531,340
2463,2305.06789322661,2326.70933758304,769.486145019531,340
2464,2317.3812319602,2326.94368005872,769.486145019531,340
2465,2320.64589151684,2327.68263191039,769.602600097656,340
2466,2327.35125972578,2327.70833933152,769.602600097656,340
2467,2312.30781840946,2325.82741312293,769.602600097656,340
2468,2336.57660843398,2326.80136554075,769.602600097656,340
2469,2302.91856497155,2324.94814389651,769.602600097656,340
2470,2328.36029467947,2325.13811153202,769.602600097656,340
2471,2329.66576965216,2325.27759338235,769.602600097656,340
2472,2308.8039376717,2324.2682180029,769.602600097656,340
2473,2333.49614862342,2324.29593797155,768.715576171875,340
2474,2249.06984953229,2320.86972237192,768.715576171875,340
2475,2294.19630376538,2319.14870509597,768.715576171875,340
2476,2295.37831365638,2317.36432195301,768.715576171875,340
2477,2309.57416430458,2315.84641851224,768.715576171875,340
2478,2321.76191863869,2315.48157271741,768.715576171875,340
2479,2294.66765261767,2313.81467510064,768.715576171875,340
2480,2319.12776244924,2313.02613656353,768.715576171875,340
2481,2309.86229477085,2312.24740944121,767.563232421875,340
2482,2285.44114491728,2310.3326301557,767.563232421875,340
2483,2285.63213093817,2309.22341569,767.563232421875,340
2484,2285.26734168534,2306.72925398977,767.563232421875,340
2485,2291.38445277535,2306.14603381908,767.563232421875,340
2486,2269.31506977816,2304.41186895302,767.563232421875,340
2487,2300.98101038769,2305.36939316353,767.563232421875,340
2488,2308.10848517287,2305.49101684138,767.563232421875,340
2489,2319.5422307001,2305.57745679098,766.882263183594,340
2490,2318.47893297134,2305.49077844916,766.882263183594,340
2491,2331.16646758336,2305.64338676346,766.882263183594,340
2492,2318.47718423691,2305.89016139656,766.882263183594,340
2493,2301.86878142213,2304.50184831608,766.882263183594,340
2494,2312.8320659597,2304.89838835561,766.882263183594,340
2495,2297.09561445426,2303.6478011466,766.882263183594,340
2496,2315.79468271864,2303.09295766926,766.882263183594,340
2497,2304.84901659527,2302.9347608262,766.529357910156,340
2498,2293.2825821277,2301.32621816637,766.529357910156,340
2499,2337.36789500585,2304.85813998532,766.529357910156,340
2500,2314.83081899833,2305.68352059463,766.529357910156,340
2501,2323.44492653387,2306.80618510973,766.529357910156,340
2502,2342.36665364594,2308.11788468339,766.529357910156,340
2503,2321.520971136,2308.10824678328,766.529357910156,340
2504,2338.68955397507,2309.86912283758,766.529357910156,340
2505,2297.89257984443,2309.01971553338,766.856018066406,340
2506,2318.09091934185,2309.34886051622,766.856018066406,340
2507,2318.21421706918,2310.6597834023,766.856018066406,340
2508,2323.77372164935,2312.18544703075,766.856018066406,340
2509,2311.65006130605,2313.24075581558,766.856018066406,340
2510,2307.74532036569,2313.89519051919,766.856018066406,340
2511,2314.69028869024,2315.71019927567,766.856018066406,340
2512,2309.54841958591,2316.0528956436,766.856018066406,340
2513,2310.31411013923,2316.14112064226,767.476928710938,340
2514,2329.18829433922,2316.52696318782,767.476928710938,340
2515,2270.68549255434,2314.61522557114,767.476928710938,340
2516,2301.09572954372,2313.41239604956,767.476928710938,340
2517,2303.89530651361,2312.82912094062,767.476928710938,340
2518,2313.91131905813,2313.31082244606,767.476928710938,340
2519,2313.91879608262,2313.35429165098,767.476928710938,340
2520,2313.50668877779,2314.01073462392,767.476928710938,340
2521,2312.9999963902,2313.89894717079,767.146362304688,340
2522,2334.96788856958,2315.10370204976,767.146362304688,340
2523,2309.64796607085,2315.75831740748,767.146362304688,340
2524,2311.81185666382,2314.7360758738,767.146362304688,340
2525,2337.54492055876,2315.64463993622,767.146362304688,340
2526,2316.46179783203,2315.36531478815,767.146362304688,340
2527,2323.0384464719,2314.59218650118,767.146362304688,340
2528,2321.12402738296,2314.57630875106,767.146362304688,340
2529,2325.88264205426,2314.06403227423,768.419006347656,340
2530,2345.64876062897,2315.97427950561,768.419006347656,340
2531,2325.17972208394,2316.2578316153,768.419006347656,340
2532,2344.45289556108,2317.30737875497,768.419006347656,340
2533,2327.36307655743,2317.45095295129,768.419006347656,340
2534,2330.51660824902,2318.20561482901,768.419006347656,340
2535,2335.65688679344,2319.32207748612,768.419006347656,340
2536,2329.78261455194,2319.92577052059,768.419006347656,340
2537,2314.01915102643,2320.10459977821,768.187683105469,340
2538,2328.18443623991,2320.81941282224,768.187683105469,340
2539,2320.68063799348,2320.47910656841,768.187683105469,340
2540,2341.02949462431,2323.29286665121,768.187683105469,340
2541,2326.50709991421,2324.30932146603,768.187683105469,340
2542,2321.57533652451,2325.01652266646,768.187683105469,340
2543,2347.7941405873,2326.37183552763,768.187683105469,340
2544,2360.14446902725,2328.22086244542,768.187683105469,340
2545,2326.15048766001,2328.7266144007,768.852294921875,340
2546,2296.53910544076,2328.06817876273,768.852294921875,340
2547,2316.71962549175,2327.33824823961,768.852294921875,340
2548,2347.26684277897,2328.84300330794,768.852294921875,340
2549,2336.38892479293,2329.8260860331,768.852294921875,340
2550,2345.76438170072,2330.15486447878,768.852294921875,340
2551,2333.53860917298,2330.83793693242,768.852294921875,340
2552,2326.6586481094,2330.98274499792,768.852294921875,340
2553,2336.14110439597,2331.58342807844,769.581359863281,340
2554,2333.93288731649,2331.90543788893,769.581359863281,340
2555,2350.91753286332,2332.1161887783,769.581359863281,340
2556,2328.80329680589,2332.26113176718,769.581359863281,340
2557,2331.12309664459,2331.72793981052,769.581359863281,340
2558,2345.58608858265,2332.45686029153,769.581359863281,340
2559,2361.60348097302,2333.70033520049,769.581359863281,340
2560,2303.74431746026,2332.42383242716,769.581359863281,340
2561,2287.77756193247,2330.74363032238,770.02197265625,340
2562,2332.24266626137,2331.47257093178,770.02197265625,340
2563,2340.55244098574,2331.96729112161,770.02197265625,340
2564,2337.81353965197,2332.65260718795,770.02197265625,340
2565,2340.40681187837,2332.62769987812,770.02197265625,340
2566,2352.25958142608,2333.65779913859,770.02197265625,340
2567,2338.75980912205,2334.34517804249,770.02197265625,340
2568,2349.55314081908,2334.41553805176,770.02197265625,340
2569,2329.60080930715,2333.19379166296,769.676818847656,340
2570,2329.86885262041,2333.34252626138,769.676818847656,340
2571,2355.76456345619,2335.71154458199,769.676818847656,340
2572,2309.5220485109,2335.42364150276,769.676818847656,340
2573,2333.75273648295,2334.88307725092,769.676818847656,340
2574,2309.1420175418,2333.79320096087,769.676818847656,340
2575,2342.77403364261,2333.67358703855,769.676818847656,340
2576,2329.46510511517,2333.51064687624,769.676818847656,340
2577,2334.40026310746,2333.82031147616,769.585327148438,340
2578,2350.40748979219,2334.39096689201,769.585327148438,340
2579,2333.78876321365,2334.38520192789,769.585327148438,340
2580,2344.51373428678,2334.12904998483,769.585327148438,340
2581,2352.229636769,2335.06610358336,769.585327148438,340
2582,2375.70886092203,2336.84953415445,769.585327148438,340
2583,2347.32138340221,2336.91894594724,769.585327148438,340
2584,2346.28001541198,2336.30600732479,769.585327148438,340
2585,2338.62829871875,2337.70136657513,769.383666992188,340
2586,2316.06496404748,2338.83286265973,769.383666992188,340
2587,2306.33783524245,2337.79666941898,769.383666992188,340
2588,2310.56089903616,2336.59700774099,769.383666992188,340
2589,2325.22368424319,2336.09341352464,769.383666992188,340
2590,2334.59269197752,2335.86084872861,769.383666992188,340
2591,2284.84782749058,2333.16437857119,769.383666992188,340
2592,2300.38529454132,2331.62939798796,769.383666992188,340
2593,2323.07624449744,2330.57032213509,769.445739746094,340
2594,2322.11803091613,2330.27101099945,769.445739746094,340
2595,2327.6904914554,2330.18387655285,769.445739746094,340
2596,2333.69294320349,2329.30101174274,769.445739746094,340
2597,2329.96624053918,2330.11877942388,769.445739746094,340
2598,2339.70845284505,2330.35700807836,769.445739746094,340
2599,2356.08947181903,2332.23490624945,769.445739746094,340
2600,2323.51751059437,2331.46464532752,769.445739746094,340
2601,2334.58497327127,2331.66944005376,769.338317871094,340
2602,2326.49119997391,2331.35307752842,769.338317871094,340
2603,2325.14762646374,2330.34268299528,769.338317871094,340
2604,2315.36718771093,2329.60581997517,769.338317871094,340
2605,2343.85291035971,2329.57938701809,769.338317871094,340
2606,2329.59131246221,2328.67385404582,769.338317871094,340
2607,2324.57421102932,2326.62846805011,769.338317871094,340
2608,2347.29982873616,2326.62760586347,769.338317871094,340
2609,2330.14356671318,2325.98214791552,769.042602539062,340
2610,2308.5784268283,2324.7801530399,769.042602539062,340
2611,2343.39537978231,2325.87336966929,769.042602539062,340
2612,2345.24760174366,2327.42976032934,769.042602539062,340
2613,2333.09268467055,2328.33103175472,769.042602539062,340
2614,2341.28720171079,2328.97357245342,769.042602539062,340
2615,2330.29498934078,2328.80166434795,769.042602539062,340
2616,2339.47495410614,2330.98674941257,769.042602539062,340
2617,2362.06504921292,2333.45393959944,768.950500488281,340
2618,2334.99363627185,2333.93063527042,768.950500488281,340
2619,2351.22729304725,2335.09500575566,768.950500488281,340
2620,2341.66115426559,2335.65383226807,768.950500488281,340
2621,2327.49300424126,2335.40583470958,768.950500488281,340
2622,2348.35296538638,2336.14130370347,768.950500488281,340
2623,2353.65645030712,2336.69922360195,768.950500488281,340
2624,2349.50846329035,2336.4359832608,768.950500488281,340
2625,2325.81186930237,2336.52775760912,769.881896972656,340
2626,2308.19801602188,2335.47227931915,769.881896972656,340
2627,2340.57090602019,2336.035467561,769.881896972656,340
2628,2332.38860717961,2336.32510678963,769.881896972656,340
2629,2322.92688854335,2336.62749482293,769.881896972656,340
2630,2323.45291233258,2335.81149490184,769.881896972656,340
2631,2342.77894007829,2336.33900000649,769.881896972656,340
2632,2339.68114056068,2336.94327718774,769.881896972656,340
2633,2307.84900269903,2335.36524414626,769.851257324219,340
2634,2333.40210017943,2335.49558548491,769.851257324219,340
2635,2334.11537270683,2336.51706332005,769.851257324219,340
2636,2340.98063383803,2336.42047348228,769.851257324219,340
2637,2330.53604125685,2335.8320110628,769.851257324219,340
2638,2330.18536851504,2335.71571841658,769.851257324219,340
2639,2326.70767562694,2335.13253737323,769.851257324219,340
2640,2327.83917370302,2335.03430474772,769.851257324219,340
2641,2304.23275732266,2333.62461687638,770.252380371094,340
2642,2335.5322734367,2332.56330584533,770.252380371094,340
2643,2338.45822940443,2332.70188957063,770.252380371094,340
2644,2343.66889548062,2332.39955366797,770.252380371094,340
2645,2312.01305286292,2331.21362961186,770.252380371094,340
2646,2329.98426996456,2331.31328024079,770.252380371094,340
2647,2334.0401222589,2330.74076651569,770.252380371094,340
2648,2357.28036542845,2330.88572312055,770.252380371094,340
2649,2377.31543897988,2331.99800214813,769.681640625,340
2650,2351.79430510796,2333.03729958035,769.681640625,340
2651,2355.03456933269,2334.91076171278,769.681640625,340
2652,2354.58019434755,2335.47113324588,769.681640625,340
2653,2327.40499378235,2335.27178870999,769.681640625,340
2654,2355.55651376511,2336.57697371886,769.681640625,340
2655,2361.72998699435,2338.10805670533,769.681640625,340
2656,2351.36933423568,2338.45167247162,769.681640625,340
2657,2325.99758100135,2337.90433008925,769.860107421875,340
2658,2333.35324671255,2338.92449984979,769.860107421875,340
2659,2335.89504895244,2339.02421780071,769.860107421875,340
2660,2349.27111226894,2339.6304473832,769.860107421875,340
2661,2328.97369834578,2339.15016996351,769.860107421875,340
2662,2351.67920781817,2339.99589662596,769.860107421875,340
2663,2330.77534710042,2340.01949576938,769.860107421875,340
2664,2328.35904824682,2340.08555067417,769.860107421875,340
2665,2333.14610978587,2340.29782811748,770.658813476562,340
2666,2334.51540680095,2341.50913409662,770.658813476562,340
2667,2345.41170960952,2341.90431154353,770.658813476562,340
2668,2346.10053136199,2342.21000362183,770.658813476562,340
2669,2348.45100245909,2342.40128790097,770.658813476562,340
2670,2341.41066292657,2343.57719230352,770.658813476562,340
2671,2320.59692281562,2343.20169841756,770.658813476562,340
2672,2348.25607981434,2343.77033671978,770.658813476562,340
2673,2354.89897125259,2343.67508095274,770.905395507812,340
2674,2356.53640162308,2342.84391945847,770.905395507812,340
2675,2319.07512430064,2341.53515222618,770.905395507812,340
2676,2347.94044365051,2341.25138719889,770.905395507812,340
2677,2358.92671337678,2341.42524796006,770.905395507812,340
2678,2339.85430308607,2341.92322033221,770.905395507812,340
2679,2339.60195008786,2341.28503778512,770.905395507812,340
2680,2356.1492950444,2341.06181010712,770.905395507812,340
2681,2334.58011545744,2340.39024135599,771.738159179688,340
2682,2325.52641883202,2340.37139486922,771.738159179688,340
2683,2338.25935408386,2340.56763916407,771.738159179688,340
2684,2337.65446083448,2340.63801563935,771.738159179688,340
2685,2326.83235838837,2339.74046548413,771.738159179688,340
2686,2304.68188778277,2338.76879306161,771.738159179688,340
2687,2324.01457600509,2337.66220778909,771.738159179688,340
2688,2311.08677871575,2336.8746650537,771.738159179688,340
2689,2310.61018535742,2336.16471053812,771.235656738281,340
2690,2334.1765805265,2336.20592936775,771.235656738281,340
2691,2325.82167991554,2335.85818029233,771.235656738281,340
2692,2287.93864233407,2333.55925760131,771.235656738281,340
2693,2351.28425846423,2333.7666066854,771.235656738281,340
2694,2336.64493855026,2333.29436412905,771.235656738281,340
2695,2344.42576963645,2333.41496839745,771.235656738281,340
2696,2329.514847748,2333.77168539474,771.235656738281,340
2697,2359.07896415957,2334.20460076855,771.267395019531,340
2698,2331.1893440555,2333.25621568067,771.267395019531,340
2699,2320.35805595075,2331.80908185377,771.267395019531,340
2700,2329.15596796051,2332.21231560017,771.267395019531,340
2701,2329.47665163155,2331.47376391941,771.267395019531,340
2702,2311.07940830247,2329.55987171644,771.267395019531,340
2703,2336.10536654119,2329.40991425464,771.267395019531,340
2704,2348.00123254167,2329.74588555279,771.267395019531,340
2705,2137.9089641717,2321.01627231789,771.314880371094,340
2706,2173.24699187321,2314.56294737452,771.314880371094,340
2707,2241.63316402461,2311.20721718222,771.314880371094,340
2708,2198.99055730917,2305.63646531123,771.314880371094,340
2709,2356.53936666699,2306.39186154453,771.314880371094,340
2710,2154.13890561563,2299.48412343362,771.314880371094,340
2711,2211.10703296071,2295.74112924074,771.314880371094,340
2712,2160.91653558327,2289.21720762387,771.314880371094,340
2713,2251.91259379905,2286.8502402272,771.336547851562,340
2714,2224.7809645127,2283.41707139341,771.336547851562,340
2715,2167.89152474668,2276.76566916222,771.336547851562,340
2716,2177.69593391315,2270.84063932212,771.336547851562,340
2717,2203.92975261828,2267.48028373349,771.336547851562,340
2718,2169.65371316066,2260.21506192135,771.336547851562,340
2719,2184.58228359693,2254.13255572322,771.336547851562,340
2720,2214.60854475355,2248.9398667279,771.336547851562,340
2721,2238.28810206815,2245.29079690071,770.508728027344,340
2722,2175.56614447629,2237.95028411337,770.508728027344,340
2723,2242.58154664126,2234.4059722168,770.508728027344,340
2724,2210.18217371704,2229.99893692746,770.508728027344,340
2725,2244.44962913243,2226.61068337433,770.508728027344,340
2726,2229.76827653142,2222.62234837033,770.508728027344,340
2727,2183.51754723024,2217.51987392744,770.508728027344,340
2728,2216.4937267631,2212.73540833632,770.508728027344,340
2729,2229.74173873127,2208.0050285839,770.398498535156,340
2730,2207.71893521581,2210.79742742566,770.398498535156,340
2731,2270.19612889628,2214.67539290659,770.398498535156,340
2732,2287.21345490661,2216.49860454187,770.398498535156,340
2733,2270.53393386439,2219.36033960407,770.398498535156,340
2734,2256.2586533646,2215.34911107198,770.398498535156,340
2735,2229.55081333725,2218.36558738084,770.398498535156,340
2736,2241.60018865473,2219.5853136086,770.398498535156,340
2737,2284.9225721176,2224.54555506998,769.131896972656,340
2738,2275.93191035677,2225.50632773229,769.131896972656,340
2739,2231.41598649748,2225.77172861168,769.131896972656,340
2740,2187.73202543842,2226.56534863935,769.131896972656,340
2741,2257.08561342825,2229.74093581995,769.131896972656,340
2742,2304.83230190585,2233.77703779146,769.131896972656,340
2743,2258.3245726025,2237.32387216913,769.131896972656,340
2744,2257.20142951342,2240.22863800579,769.131896972656,340
2745,2157.97017190722,2237.96310309194,768.844177246094,340
2746,2298.41187666021,2240.36805407562,768.844177246094,340
2747,2276.1217649784,2244.3902788957,768.844177246094,340
2748,2252.43577402472,2244.78444799104,768.844177246094,340
2749,2297.76467860861,2248.2877481867,768.844177246094,340
2750,2210.68923202754,2246.93733230251,768.844177246094,340
2751,2268.05610953572,2248.46884562268,768.844177246094,340
2752,2279.7071576932,2252.3164300412,768.844177246094,340
2753,2248.80103932632,2253.60872254373,770.08154296875,340
2754,2251.24088372279,2254.46868834339,770.08154296875,340
2755,2257.68660800861,2256.4673952551,770.08154296875,340
2756,2245.57779111745,2255.48266174395,770.08154296875,340
2757,2317.61139970301,2256.6985795358,770.08154296875,340
2758,2241.77823747578,2255.54835168026,770.08154296875,340
2759,2253.29447119424,2255.42978439344,770.08154296875,340
2760,2231.32659759095,2255.50081576359,770.08154296875,340
2761,2293.35290490003,2257.5709244134,768.780395507812,340
2762,2283.06141082019,2257.49647796151,768.780395507812,340
2763,2292.0347137889,2258.14059009879,768.780395507812,340
2764,2292.36597126637,2260.57858948955,768.780395507812,340
2765,2308.45332936835,2265.40744164675,768.780395507812,340
2766,2300.61774121399,2267.14872675818,768.780395507812,340
2767,2318.32311339886,2267.6883592179,768.780395507812,340
2768,2253.44414796772,2267.4931422325,768.780395507812,340
2769,2263.68389453469,2267.75244083336,768.473266601562,340
2770,2234.21358512021,2270.80217736188,768.473266601562,340
2771,2279.30481579059,2270.03789492709,768.473266601562,340
2772,2229.10375222444,2268.15717441693,768.473266601562,340
2773,2234.15380428397,2267.4258956273,768.473266601562,340
2774,2271.35115838385,2266.36935481831,768.473266601562,340
2775,2194.00570455287,2265.70201371932,768.473266601562,340
2776,2248.0644931665,2264.90234906456,768.473266601562,340
2777,2223.36414870273,2262.64862870494,765.448181152344,340
2778,2215.32265650627,2261.30949339213,765.448181152344,340
2779,2253.19264464515,2261.38756382903,765.448181152344,340
2780,2260.32949876858,2261.49327945943,765.448181152344,340
2781,2254.58679731871,2261.85363970748,765.448181152344,340
2782,2177.58564548622,2256.25260953881,765.448181152344,340
2783,2276.15417389491,2257.62764699557,765.448181152344,340
2784,2218.78661737693,2256.24733284288,765.448181152344,340
2785,2284.37900954088,2258.36942932088,767.419555664062,340
2786,2304.00111870626,2258.79535787313,767.419555664062,340
2787,2268.27799742217,2258.20402133721,767.419555664062,340
2788,2260.3769881424,2256.93771231135,767.419555664062,340
2789,2283.23347375116,2256.57241241074,767.419555664062,340
2790,2263.20663842438,2254.76254477298,767.419555664062,340
2791,2288.54112040114,2254.27947994046,767.419555664062,340
2792,2259.66475453518,2251.93314558592,767.419555664062,340
2793,2287.0363918386,2253.27683534075,767.37255859375,340
2794,2322.89594436594,2255.645317334,767.37255859375,340
2795,2252.98416994644,2256.39614072705,767.37255859375,340
2796,2238.66783544598,2254.77066151327,767.37255859375,340
2797,2278.54846392657,2256.74844998135,767.37255859375,340
2798,2280.87817987693,2258.61742500507,767.37255859375,340
2799,2070.2562894903,2250.57363024933,767.37255859375,340
2800,2198.35988285926,2250.74779738158,767.37255859375,340
2801,2204.22159183184,2248.9940813282,767.045715332031,340
2802,2300.77062042819,2252.09034019722,767.045715332031,340
2803,2324.25516182205,2256.44764040985,767.045715332031,340
2804,2302.00955171391,2258.4003166926,767.045715332031,340
2805,2188.20265837414,2255.51524307682,767.045715332031,340
2806,2310.53939115861,2257.75334683042,767.045715332031,340
2807,2297.40947491069,2262.54630000739,767.045715332031,340
2808,2300.37932943537,2263.51530622901,767.045715332031,340
2809,2228.70643455908,2263.9120989163,766.472778320312,340
2810,2273.44421455059,2263.47470711669,766.472778320312,340
2811,2309.76100327004,2263.70510249924,766.472778320312,340
2812,2231.87773569217,2262.24909203004,766.472778320312,340
2813,2304.66065400763,2264.02043866465,766.472778320312,340
2814,2336.72931800285,2266.16027243471,766.472778320312,340
2815,2336.86932291841,2269.10677981447,766.472778320312,340
2816,2172.37796282371,2264.46025351138,766.472778320312,340
2817,2339.81792601755,2267.66638037067,766.863403320312,340
2818,2306.47404195429,2268.4438863753,766.863403320312,340
2819,2323.13788126282,2268.45356385118,766.863403320312,340
2820,2286.49350897026,2269.79393741213,766.863403320312,340
2821,2267.3074439879,2270.93952175381,766.863403320312,340
2822,2307.56420077825,2272.10015122787,766.863403320312,340
2823,2299.27319467713,2272.83595181988,766.863403320312,340
2824,2296.79541696661,2281.89751691893,766.863403320312,340
2825,2336.10929690751,2287.40749348086,765.697937011719,340
2826,2209.69996118196,2287.62662825487,765.697937011719,340
2827,2305.34821288417,2287.80973195311,765.697937011719,340
2828,2288.75556972767,2286.38974826933,765.697937011719,340
2829,2328.02398916589,2287.43032576741,765.697937011719,340
2830,2385.19779105521,2295.31013107465,765.697937011719,340
2831,2348.01474967536,2296.80914541532,765.697937011719,340
2832,2295.04868041337,2296.71471363543,765.697937011719,340
2833,2341.85303815082,2298.37366198405,766.213195800781,340
2834,2313.49935513385,2301.76537880704,766.213195800781,340
2835,2335.88847594034,2304.26314926263,766.213195800781,340
2836,2314.16726894103,2304.43939988947,766.213195800781,340
2837,2303.94203370088,2307.32197180982,766.213195800781,340
2838,2304.90543713653,2307.33176313497,766.213195800781,340
2839,2319.01626318389,2306.62324094222,766.213195800781,340
2840,2315.08969965659,2305.75205601174,766.213195800781,340
2841,2337.50714080494,2312.35722313099,766.253601074219,340
2842,2168.80453975926,2305.51668768066,766.253601074219,340
2843,2328.16782943736,2306.38443917998,766.253601074219,340
2844,2342.14293604716,2307.14464137136,766.253601074219,340
2845,2288.5518669374,2307.22697569004,766.253601074219,340
2846,2296.53953097962,2308.39625916971,766.253601074219,340
2847,2351.55550043234,2310.15591115588,766.253601074219,340
2848,2311.21867485636,2310.63373036304,766.253601074219,340
2849,2316.17075415819,2311.40874385071,767.334289550781,340
2850,2290.46292007921,2309.58288877758,767.334289550781,340
2851,2271.48220482071,2312.05417852313,767.334289550781,340
2852,2290.14223374051,2311.44593935738,767.334289550781,340
2853,2299.45632651954,2311.87396962905,767.334289550781,340
2854,2307.07654033046,2311.03607167564,767.334289550781,340
2855,2298.94871867166,2307.5861087803,767.334289550781,340
2856,2312.03813710572,2306.14704427751,767.334289550781,340
2857,2318.81303772019,2307.09761856978,766.948791503906,340
2858,2317.11613878396,2306.10814259511,766.948791503906,340
2859,2346.35645495809,2307.42242658808,766.948791503906,340
2860,2290.84225959642,2305.62057793432,766.948791503906,340
2861,2329.33015580229,2306.22709340877,766.948791503906,340
2862,2302.6666972809,2306.17607995197,766.948791503906,340
2863,2316.82694165384,2306.65294013266,766.948791503906,340
2864,2304.06115317051,2306.05473573213,766.948791503906,340
2865,2305.94318220334,2305.688875034,768.113586425781,340
2866,2299.74662499578,2304.17845440163,768.113586425781,340
2867,2349.3634436893,2311.40081055883,768.113586425781,340
2868,2302.45201993367,2310.37217817869,768.113586425781,340
2869,2283.40842541065,2308.02279775323,768.113586425781,340
2870,2295.9413127212,2308.31837558458,768.113586425781,340
2871,2323.55680628497,2309.39906659679,768.113586425781,340
2872,2335.15917264578,2308.74321348533,768.113586425781,340
2873,2335.44420516854,2309.71223469782,767.985778808594,340
2874,2341.49486165879,2310.72519899784,767.985778808594,340
2875,2347.29321195588,2312.99841067291,767.985778808594,340
2876,2341.34659256257,2315.79298618258,767.985778808594,340
2877,2350.20853697953,2318.19563831214,767.985778808594,340
2878,2344.50191968128,2319.99746203861,767.985778808594,340
2879,2356.71325334951,2321.98293055937,767.985778808594,340
2880,2385.92272854637,2325.46189095436,767.985778808594,340
2881,2347.57867731701,2326.88351256281,768.482971191406,340
2882,2349.60824582757,2328.11532088711,768.482971191406,340
2883,2387.43623415815,2330.92812470208,768.482971191406,340
2884,2335.89645030519,2330.50972451596,768.482971191406,340
2885,2381.27735290731,2334.1271282484,768.482971191406,340
2886,2319.01302615765,2333.71444306261,768.482971191406,340
2887,2391.75471996421,2337.27796396994,768.482971191406,340
2888,2401.38680583816,2340.66035853732,768.482971191406,340
2889,2325.2329209175,2341.5072292472,769.389282226562,340
2890,2358.60555418075,2343.61372412629,769.389282226562,340
2891,2412.6138480358,2348.12841304789,769.389282226562,340
2892,2348.02521618851,2348.07488394786,769.389282226562,340
2893,2331.36998433495,2349.23160252391,769.389282226562,340
2894,2318.71610054513,2350.64390952929,769.389282226562,340
2895,2362.47824961987,2353.30538700524,769.389282226562,340
2896,2362.81020664761,2354.87552301974,769.389282226562,340
2897,2358.77634316452,2355.82020984049,770.474609375,340
2898,2392.8751512796,2358.11744768494,770.474609375,340
2899,2376.70516500791,2359.5258598189,770.474609375,340
2900,2377.06275333447,2360.71664147404,770.474609375,340
2901,2373.17759388201,2361.98988152682,770.474609375,340
2902,2345.0338459932,2361.78289388737,770.474609375,340
2903,2345.77777372247,2361.83392804902,770.474609375,340
2904,2341.01216049235,2361.20588433473,770.474609375,340
2905,2363.19463783354,2360.29676070622,772.207336425781,340
2906,2360.31721819254,2360.80630234124,772.207336425781,340
2907,2347.65996860515,2360.72837125234,772.207336425781,340
2908,2319.25249857596,2358.00102182905,772.207336425781,340
2909,2331.42277601388,2357.8220748574,772.207336425781,340
2910,2368.15186154695,2357.29705520299,772.207336425781,340
2911,2352.40811051483,2358.63285857728,772.207336425781,340
2912,2319.17051731649,2355.72949047137,772.207336425781,340
2913,2341.3597133188,2353.32840677059,771.247009277344,340
2914,2326.49389380882,2353.37884568624,771.247009277344,340
2915,2340.33021946517,2352.64783229762,771.247009277344,340
2916,2391.75227270178,2351.81336928426,771.247009277344,340
2917,2375.09612912825,2352.89620580185,771.247009277344,340
2918,2347.30232980891,2353.53349962081,771.247009277344,340
2919,2358.22411435289,2355.11382017312,771.247009277344,340
2920,2351.94290955071,2354.69240657035,771.247009277344,340
2921,2346.93133489736,2354.05725170034,770.3994140625,340
2922,2386.34717232774,2355.16008486687,770.3994140625,340
2923,2331.26747615912,2352.69577786205,770.3994140625,340
2924,2361.99003007977,2352.10717246493,770.3994140625,340
2925,2367.92920308696,2351.74183045503,770.3994140625,340
2926,2334.04785252266,2350.17664080065,770.3994140625,340
2927,2349.81884829856,2350.36804089287,770.3994140625,340
2928,2397.05530963922,2352.41914232954,770.3994140625,340
2929,2353.15596302193,2352.90489443072,769.681762695312,340
2930,2341.91267634757,2352.05361597128,769.681762695312,340
2931,2354.96701434622,2351.83960781743,769.681762695312,340
2932,2354.63015341861,2352.11841520997,769.681762695312,340
2933,2334.45285902285,2352.72642962784,769.681762695312,340
2934,2339.95911782565,2353.06788330031,769.681762695312,340
2935,2381.30431024312,2353.59398124816,769.681762695312,340
2936,2357.6364165957,2353.80311349139,769.681762695312,340
2937,2361.78207993446,2355.50757599611,769.694091796875,340
2938,2368.35894243278,2356.58754516067,769.694091796875,340
2939,2341.11299155652,2357.17230907058,769.694091796875,340
2940,2315.89764050516,2356.19500591218,769.694091796875,340
2941,2329.68596734706,2353.71235369799,769.694091796875,340
2942,2356.62106454459,2352.97335111464,769.694091796875,340
2943,2358.02310465215,2353.40218210837,769.694091796875,340
2944,2323.6586853291,2352.01956494742,769.694091796875,340
2945,2330.27007497274,2351.1526515643,771.504211425781,340
2946,2347.3200973884,2351.16820206395,771.504211425781,340
2947,2340.39350409348,2349.33005533457,771.504211425781,340
2948,2343.29087308132,2349.81099121146,771.504211425781,340
2949,2353.91809771199,2349.48811391675,771.504211425781,340
2950,2313.97768920674,2347.33005336154,771.504211425781,340
2951,2337.99923979014,2347.48810885224,771.504211425781,340
2952,2376.73547357084,2348.56477386313,771.504211425781,340
2953,2361.63443502001,2347.14793887837,772.142517089844,340
2954,2327.87288579904,2346.13661578945,772.142517089844,340
2955,2353.32376177919,2346.59305920671,772.142517089844,340
2956,2342.11015270769,2346.07878474117,772.142517089844,340
2957,2375.33080636348,2346.90681085897,772.142517089844,340
2958,2337.0625258293,2347.01119753123,772.142517089844,340
2959,2317.49658161419,2346.11269608277,772.142517089844,340
2960,2350.66820193252,2344.88725175034,772.142517089844,340
2961,2318.45618928944,2343.32004265809,772.331237792969,340
2962,2372.70495297506,2343.75695757972,772.331237792969,340
2963,2366.1338318351,2343.66795315581,772.331237792969,340
2964,2343.98136959301,2343.78268827727,772.331237792969,340
2965,2362.15425533359,2345.63295287041,772.331237792969,340
2966,2372.52364416771,2347.34645994323,772.331237792969,340
2967,2371.35408596659,2347.93578080011,772.331237792969,340
2968,2340.95982762446,2347.25324971901,772.331237792969,340
2969,2369.30174340741,2349.07897204214,772.784973144531,340
2970,2391.00866035394,2351.50851545739,772.784973144531,340
2971,2370.1239205496,2352.42066838383,772.784973144531,340
2972,2395.52711684852,2354.62601289404,772.784973144531,340
2973,2387.71491383418,2356.40297452415,772.784973144531,340
2974,2405.72497871915,2358.47524976444,772.784973144531,340
2975,2398.56660775052,2361.85880650619,772.784973144531,340
2976,2355.14949859237,2362.54481685828,772.784973144531,340
2977,2199.73377104697,2355.46474875732,773.616271972656,340
2978,2397.60715736862,2356.90365765127,773.616271972656,340
2979,2362.21467460495,2358.2773292035,773.616271972656,340
2980,2390.40444242851,2359.76055642947,773.616271972656,340
2981,2374.31056399656,2361.04857288103,773.616271972656,340
2982,2390.84558037462,2361.66916384148,773.616271972656,340
2983,2399.49755909183,2364.16656517198,773.616271972656,340
2984,2406.36377676661,2367.72125297807,773.616271972656,340
2985,2402.07067214604,2369.77735178661,773.720092773438,340
2986,2377.6831023938,2372.14642831079,773.720092773438,340
2987,2400.77843436935,2373.26936756656,773.720092773438,340
2988,2344.0787688266,2372.38716504622,773.720092773438,340
2989,2381.17521291165,2373.87491877897,773.720092773438,340
2990,2394.29517848056,2375.16055570485,773.720092773438,340
2991,2398.75149267212,2376.20966964502,773.720092773438,340
2992,2390.36937701464,2376.97028128694,773.720092773438,340
2993,2345.44690225069,2377.14976427199,774.095275878906,340
2994,2395.16612825315,2378.18433966582,774.095275878906,340
2995,2368.46821622683,2377.28272190074,774.095275878906,340
2996,2328.22012603189,2375.60657012003,774.095275878906,340
2997,2354.54081944457,2373.96711822387,774.095275878906,340
2998,2382.1235077342,2373.74346197987,774.095275878906,340
2999,2373.09741769983,2372.4383595391,774.095275878906,340
3000,2371.80429208732,2371.36786691257,774.095275878906,340
