episode,reward,avg_reward,q0,steps
1,-543.46359327098,-543.46359327098,1.22956771519966e-05,340
2,-129.110256884863,-336.286925077921,1.22956771519966e-05,340
3,-777.231757398967,-483.268535851603,1.22956771519966e-05,340
4,-406.244909037651,-464.012629148115,1.22956771519966e-05,340
5,-334.861863798284,-438.182476078149,1.22956771519966e-05,340
6,-527.996662185698,-453.151507096074,1.22956771519966e-05,340
7,-939.707837158628,-522.659554247867,1.22956771519966e-05,340
8,-374.478675635842,-504.136944421364,1.22956771519966e-05,340
9,-778.997539608562,-534.677010553275,-21.2519721984863,340
10,-818.87816257923,-563.09712575587,-21.2519721984863,340
11,-399.812141981083,-548.253036321799,-21.2519721984863,340
12,-893.251154132402,-577.002879472682,-21.2519721984863,340
13,-185.403114527709,-546.879820630761,-21.2519721984863,340
14,-356.311304638095,-533.267783774142,-21.2519721984863,340
15,-600.915438767483,-537.777627440365,-21.2519721984863,340
16,-675.249964699591,-546.369648519067,-21.2519721984863,340
17,-126.276300565591,-521.658275110039,-20.4232769012451,340
18,-593.493815015135,-525.6491384381,-20.4232769012451,340
19,-1070.6539658929,-554.333603040984,-20.4232769012451,340
20,-579.986998686509,-555.61627282326,-20.4232769012451,340
21,-716.028441963669,-563.254947544232,-20.4232769012451,340
22,-317.617904736353,-552.089627416601,-20.4232769012451,340
23,-368.697320258455,-544.116048844508,-20.4232769012451,340
24,-318.931729629193,-534.733368877203,-20.4232769012451,340
25,-462.839241467361,-531.857603780809,-6.05667066574097,340
26,-861.323729775087,-544.572009240974,-6.05667066574097,298
27,-172.048832152353,-546.289552251673,-6.05667066574097,340
28,-79.0194640125078,-518.361060516215,-6.05667066574097,340
29,106.176230307297,-497.864214942417,-6.05667066574097,340
30,-297.789024710728,-496.381301378915,-6.05667066574097,340
31,-353.363847868126,-489.395988806212,-6.05667066574097,340
32,-287.65310066551,-463.313799346487,-6.05667066574097,340
33,140.873662294486,-442.699705829274,13.6560087203979,340
34,-146.147804314496,-417.385716417511,13.6560087203979,340
35,-195.524018467221,-392.451550653031,13.6560087203979,340
36,-63.1587914941058,-378.985416633552,13.6560087203979,340
37,-170.096033924193,-350.059211825224,13.6560087203979,340
38,-381.972757084781,-357.921997527507,13.6560087203979,340
39,-110.568473008081,-348.092284262306,13.6560087203979,340
40,-359.185552911301,-338.423088828059,13.6560087203979,340
41,-225.582701272385,-320.43639829097,35.7776641845703,340
42,-117.209962435198,-320.073744765755,35.7776641845703,340
43,-49.1385270152459,-298.299533245759,35.7776641845703,340
44,-163.442739366907,-262.011084184719,35.7776641845703,340
45,-174.023904135606,-245.772560402683,35.7776641845703,323
46,41.2293449126958,-215.482248927629,35.7776641845703,340
47,-161.757433305544,-209.247830070396,35.7776641845703,340
48,-103.965243963966,-198.658547018617,35.7776641845703,340
49,-86.4341025974635,-189.358641937348,64.454231262207,325
50,-68.2377247347309,-173.574581268042,64.454231262207,340
51,11.526507235233,-138.66057178763,64.454231262207,340
52,-358.045260759366,-146.10042893191,64.454231262207,340
53,112.790240234706,-138.428040762022,64.454231262207,340
54,-163.427780306353,-149.212201186568,64.454231262207,306
55,-371.294078909517,-152.152403354519,64.454231262207,340
56,-380.435313004128,-153.235261959959,64.454231262207,302
57,-138.319500109928,-147.261917937736,74.1209106445312,340
58,-209.579145398883,-161.280030245471,74.1209106445312,340
59,-204.450678479603,-163.612145212075,74.1209106445312,290
60,-271.06157062567,-166.633647298413,74.1209106445312,340
61,-275.194490121241,-175.115075243498,74.1209106445312,293
62,-33.8140122496067,-169.663794376515,74.1209106445312,292
63,-149.769890007512,-160.375679693424,74.1209106445312,285
64,-368.532904522809,-170.694256954013,74.1209106445312,331
65,-273.311150637027,-167.259280863042,85.8687210083008,340
66,106.180748714398,-153.988742863571,85.8687210083008,217
67,-31.7406446928736,-150.569970153878,85.8687210083008,291
68,-178.714511621859,-155.753009538142,85.8687210083008,317
69,-311.064216360413,-161.657868617883,85.8687210083008,284
70,65.990432149557,-152.057295166476,85.8687210083008,340
71,-82.5316603918231,-157.007735378657,85.8687210083008,340
72,-107.875982332789,-154.852477339747,85.8687210083008,340
73,100.174793125098,-146.686875856184,101.907249450684,261
74,-6.66547001384525,-143.496130552839,101.907249450684,178
75,-316.983291948971,-153.445953241409,101.907249450684,309
76,2.99473829967791,-153.787223998831,101.907249450684,172
77,-325.065091986091,-152.4680172479,101.907249450684,340
78,-214.591430358808,-165.563284071641,101.907249450684,340
79,29.819166822984,-157.833406186467,101.907249450684,340
80,-240.776778728763,-152.612714179237,101.907249450684,340
81,122.613682196107,-132.490754371228,118.969291687012,284
82,90.9670109907639,-123.3192939272,118.969291687012,268
83,48.8435657675846,-112.982385480541,118.969291687012,192
84,-478.804942864585,-123.956556055941,118.969291687012,340
85,37.280540407475,-111.622871614615,118.969291687012,340
86,-164.924957620385,-107.212090314581,118.969291687012,292
87,-278.747169158475,-117.009416590935,118.969291687012,283
88,-1.36777580419862,-111.073332022803,118.969291687012,188
89,117.230524312404,-91.6427948693942,137.894775390625,277
90,19.860559022146,-79.9159264830273,137.894775390625,260
91,-97.0489290633178,-88.045113594136,137.894775390625,257
92,-156.65881118866,-93.0418402539674,137.894775390625,226
93,57.1027316025332,-83.6091505249917,137.894775390625,198
94,-145.704163865496,-76.9947484251951,137.894775390625,245
95,114.710253891643,-75.0459555555116,137.894775390625,219
96,17.4177369321762,-71.0479796625516,137.894775390625,239
97,178.139016445532,-59.6073797114188,154.277740478516,168
98,166.747632740237,-56.9444661268132,154.277740478516,252
99,98.8362357820115,-52.724397894979,154.277740478516,175
100,39.167957976419,-38.4783478979634,154.277740478516,340
101,-151.92191160341,-44.6750138940869,154.277740478516,306
102,157.051502648017,-25.3903501087226,154.277740478516,189
103,-28.0368595443024,-17.9281672761423,154.277740478516,200
104,331.684359581301,-5.85355956580966,154.277740478516,263
105,222.069620320263,12.6602963961514,175.97265625,236
106,169.523226722473,14.536678177206,175.97265625,209
107,87.6623038353638,14.40448989099,175.97265625,201
108,165.191379959553,19.0584024586688,175.97265625,237
109,-8.28888322877748,37.879044844101,175.97265625,214
110,473.198464946447,55.3157618256599,175.97265625,258
111,22.908762322274,62.8291106233663,175.97265625,199
112,26.8436571826732,75.0527436770122,175.97265625,340
113,208.521406211085,83.4483109576236,202.696197509766,209
114,151.972001183156,84.8379700324536,202.696197509766,298
115,428.19484248657,101.171341371031,202.696197509766,216
116,41.0027690893671,106.693409297138,202.696197509766,294
117,351.683871535981,127.027116606124,202.696197509766,244
118,119.815284534014,129.535618723383,202.696197509766,340
119,-147.804607535537,129.451600976581,202.696197509766,285
120,54.0985208778812,127.027131656031,202.696197509766,265
121,93.475099738102,130.069426168268,220.176651000977,229
122,-17.0618119485413,122.261393032505,220.176651000977,288
123,277.977333887933,126.710581078413,220.176651000977,278
124,270.626682035725,133.582198928561,220.176651000977,307
125,150.1999261987,138.023477657452,220.176651000977,270
126,298.393276251601,156.036085171653,220.176651000977,258
127,253.700188768816,159.902032616485,220.176651000977,265
128,309.349893252424,173.397502728354,220.176651000977,305
129,325.395355662319,173.145942571595,237.014862060547,282
130,475.907933025859,183.299475079818,237.014862060547,235
131,325.320097414576,189.531349907503,237.014862060547,340
132,113.067178456015,190.547544892329,237.014862060547,266
133,-142.080769538155,178.25665891242,237.014862060547,318
134,223.706120462749,187.536459060081,237.014862060547,242
135,-264.255513291433,158.038299930566,237.014862060547,340
136,278.038081372407,168.243472692571,237.014862060547,213
137,202.108625779869,175.254071436459,258.508422851562,224
138,436.455288008977,184.371426708375,258.508422851562,259
139,181.523275478782,185.5534776802,258.508422851562,306
140,320.068332251552,181.228417270799,258.508422851562,230
141,334.575381125595,192.971321752248,258.508422851562,205
142,461.269924495533,197.35476387063,258.508422851562,232
143,420.201240641645,209.370202114936,258.508422851562,323
144,247.539023696663,225.183947364224,258.508422851562,237
145,531.522566545521,244.280909190929,275.554595947266,218
146,647.159732022029,266.428294482286,275.554595947266,261
147,469.873663874114,285.905713515193,275.554595947266,289
148,490.253489571029,294.396759742517,275.554595947266,280
149,81.4920872184087,286.831375949824,275.554595947266,267
150,781.112515747184,312.067879531763,275.554595947266,291
151,773.092800911034,331.055860518141,275.554595947266,312
152,176.431509372422,327.965113342285,275.554595947266,315
153,209.647295668598,323.977009438932,285.270874023438,186
154,410.73790280517,327.390711324646,285.270874023438,244
155,592.595288770347,332.058205554425,285.270874023438,266
156,390.267639478555,334.656107236984,285.270874023438,245
157,350.392484962615,344.149119497248,285.270874023438,253
158,515.44415192815,370.450116355901,285.270874023438,283
159,540.134487923904,383.107251054347,285.270874023438,283
160,729.759423852372,422.867848540099,285.270874023438,280
161,597.402495057745,435.642425087513,306.261871337891,261
162,490.612503848599,447.182580210262,306.261871337891,242
163,439.291500415407,447.296028706519,306.261871337891,277
164,224.995635543981,449.034923109127,306.261871337891,340
165,503.809701475423,456.384577878082,306.261871337891,340
166,483.58439508965,462.344938436644,306.261871337891,340
167,605.1707795727,468.100972639731,306.261871337891,266
168,608.277186616751,475.624010478735,306.261871337891,281
169,473.745791496397,484.672281190724,339.304779052734,340
170,798.705357503909,495.35959282906,339.304779052734,340
171,432.593386076821,486.776938991252,339.304779052734,340
172,631.534354131084,493.24336660153,339.304779052734,340
173,242.719806803173,483.342019290816,339.304779052734,232
174,618.247322616866,504.812228706754,339.304779052734,330
175,547.913485268952,495.484267487625,339.304779052734,262
176,344.177434753734,478.327652841333,339.304779052734,340
177,857.327576290737,505.563495518066,366.870300292969,340
178,316.34178017844,509.831274898459,366.870300292969,336
179,661.780555639664,519.872981011839,366.870300292969,340
180,947.468413591068,534.067906004668,366.870300292969,340
181,998.174408006336,558.384176745779,366.870300292969,340
182,521.476173325738,565.227524280304,366.870300292969,340
183,997.92297915478,584.526677369369,366.870300292969,340
184,421.965618925895,579.799922609449,366.870300292969,340
185,971.131339887291,589.454799250846,396.146392822266,340
186,1055.78812851781,607.790224589249,396.146392822266,340
187,635.423238895004,613.582653991105,396.146392822266,340
188,1220.5265879896,644.832057494072,396.146392822266,340
189,822.730035294363,668.741433484087,396.146392822266,340
190,982.459106615854,687.887409689705,396.146392822266,340
191,870.353142617117,703.358159590803,396.146392822266,340
192,765.392019716809,709.767009196568,396.146392822266,340
193,1098.55546639384,729.378140387651,424.257232666016,340
194,1044.72717117504,752.217395574797,424.257232666016,340
195,1138.9272616288,765.826271739793,424.257232666016,340
196,779.549106960275,779.704500575131,424.257232666016,340
197,558.325815569575,776.776159032671,424.257232666016,340
198,999.29925268513,807.039336867949,424.257232666016,340
199,809.382968467929,814.684762701991,424.257232666016,340
200,890.978013609638,828.407343835619,424.257232666016,340
201,684.154222647911,842.006415351386,454.352691650391,340
202,1151.2653938454,853.763928053572,454.352691650391,340
203,871.202495950555,875.958356684457,454.352691650391,340
204,922.505964093739,886.38737302262,454.352691650391,340
205,783.644280678361,879.834407706112,454.352691650391,340
206,980.593601289745,879.131175437448,454.352691650391,340
207,726.748496929612,887.342068381603,454.352691650391,340
208,635.64426522882,872.850919824565,454.352691650391,340
209,732.247735694367,885.262204495303,475.395172119141,340
210,1066.99550336384,889.096771034365,475.395172119141,340
211,370.007433247156,861.665543223539,475.395172119141,340
212,1174.31233630122,883.221107119788,475.395172119141,340
213,1007.00081531453,874.680076212785,475.395172119141,340
214,707.156224238458,870.057123770549,475.395172119141,340
215,515.76782492508,851.389472502918,475.395172119141,340
216,843.944949452875,850.333144776348,475.395172119141,340
217,699.481362381361,847.69671848293,492.929748535156,340
218,658.18189548101,830.081775646417,492.929748535156,340
219,884.741410724575,823.682345228399,492.929748535156,340
220,1071.23079348962,820.974486502832,492.929748535156,340
221,1258.97819193763,840.151649901926,492.929748535156,340
222,877.985515041154,852.938037880789,492.929748535156,340
223,768.23493786739,843.69546528808,492.929748535156,340
224,720.779504976244,840.151326748412,492.929748535156,340
225,1132.65085535297,849.818240418146,508.338684082031,340
226,1155.798619741,868.684016301869,508.338684082031,340
227,1303.66020913723,874.779808913542,508.338684082031,340
228,1151.30167035863,885.983775889865,508.338684082031,340
229,1066.93328542441,891.760868743092,508.338684082031,340
230,1344.50727369003,914.195388463559,508.338684082031,340
231,1144.24743498956,920.741541811552,508.338684082031,340
232,1234.66335341591,941.058136071004,508.338684082031,340
233,1266.15247659758,966.278464525754,526.193786621094,340
234,835.894275993672,970.424326137726,526.193786621094,340
235,1167.26592990258,974.435143199276,526.193786621094,340
236,1027.04376707952,1000.71659655257,526.193786621094,340
237,830.626436370772,986.969160555353,526.193786621094,340
238,1138.66279898839,992.235639902307,526.193786621094,340
239,1069.25578343657,1006.71962227023,526.193786621094,340
240,1286.48604140217,1037.54835092931,526.193786621094,340
241,959.741726706701,1042.18022201947,536.626586914062,340
242,973.403887271478,1053.13712301507,536.626586914062,340
243,875.079200872648,1061.81301523074,536.626586914062,340
244,1099.39941177156,1070.39933527262,536.626586914062,340
245,1021.48256496953,1068.40940613181,536.626586914062,340
246,1329.07890647373,1071.21343471326,536.626586914062,340
247,666.812185816093,1062.76650154425,536.626586914062,340
248,1218.30283946036,1080.76921760797,536.626586914062,340
249,1134.43413359167,1097.31540275259,539.227722167969,340
250,943.50396914638,1089.74952730433,539.227722167969,340
251,912.892198024609,1080.03327043567,539.227722167969,340
252,1516.0028173081,1088.52697476251,539.227722167969,340
253,1086.63895358218,1085.94046609145,539.227722167969,340
254,1054.1458800163,1085.42896987512,539.227722167969,340
255,1105.67857743687,1075.875822025,539.227722167969,340
256,1104.99841983339,1074.30586141875,539.227722167969,340
257,958.033817155249,1063.24067996832,544.086364746094,340
258,1465.84851317133,1071.22852143127,544.086364746094,340
259,1199.75693249984,1085.78302769152,544.086364746094,340
260,1129.58122485738,1084.27563948971,544.086364746094,340
261,1575.80136604461,1106.22594344832,544.086364746094,340
262,1160.30690438292,1119.4131621688,544.086364746094,340
263,1154.17963607622,1120.03383565232,544.086364746094,340
264,1298.59935019578,1129.20757832268,544.086364746094,340
265,1598.43450444081,1141.68551684423,552.015686035156,340
266,1376.74146618539,1158.36550642338,552.015686035156,340
267,1527.23444614468,1180.51872877831,552.015686035156,340
268,1200.78712058811,1193.54704556692,552.015686035156,340
269,1500.56491962693,1209.59366588114,552.015686035156,340
270,1405.43310088534,1224.95168731777,552.015686035156,340
271,1346.63282279529,1225.65384397063,552.015686035156,340
272,1480.82444274538,1258.2143342478,552.015686035156,340
273,1505.36414094753,1269.69678630729,554.1611328125,340
274,1483.28134116479,1283.65067461022,554.1611328125,340
275,1281.99558749673,1297.19033934423,554.1611328125,340
276,1635.43172373417,1326.09192037261,554.1611328125,340
277,1652.53753380565,1331.55330903251,554.1611328125,340
278,1666.40313193003,1354.74387616643,554.1611328125,340
279,1568.31672112404,1375.31070981074,554.1611328125,340
280,1764.87333606417,1401.67850015583,554.1611328125,340
281,1480.43642842569,1416.69602049952,563.80810546875,340
282,1691.28720936803,1446.02615618803,563.80810546875,340
283,1279.53292721818,1438.57353274991,563.80810546875,340
284,1113.04430061831,1435.10502747465,563.80810546875,340
285,1289.90321218979,1441.51790696794,563.80810546875,340
286,1194.22340243402,1426.25478842352,563.80810546875,340
287,1215.27662821871,1428.45357737695,563.80810546875,340
288,1698.61575323692,1450.23102206338,563.80810546875,340
289,1815.12864321226,1470.89219378404,578.975891113281,340
290,1420.42566438908,1463.77184018197,578.975891113281,340
291,1834.06922976622,1482.0649507252,578.975891113281,340
292,1343.53192945684,1474.71685005769,578.975891113281,340
293,1634.37839179028,1492.06050090577,578.975891113281,340
294,1870.32393626838,1506.85086157143,578.975891113281,340
295,1683.32831659055,1517.96667019964,578.975891113281,340
296,1318.73651703436,1516.8508179692,578.975891113281,340
297,2022.33191124125,1538.51111670904,591.91162109375,340
298,1197.91341590702,1526.21308770742,591.91162109375,340
299,1798.60451233219,1538.82601455411,591.91162109375,340
300,1297.50857227656,1539.44653394531,591.91162109375,340
301,1714.04364391462,1542.59101075253,591.91162109375,340
302,1777.38317923002,1547.5848365695,591.91162109375,340
303,1729.76717991149,1550.11939848876,591.91162109375,340
304,1654.23389507238,1553.55608544669,591.91162109375,340
305,1590.76849996581,1546.59189200276,600.553833007812,340
306,1337.4716897513,1540.87330245578,600.553833007812,340
307,1778.93951462495,1544.37939466606,600.553833007812,340
308,1973.28067352484,1572.12930451832,600.553833007812,340
309,1245.82428739559,1577.44050398942,600.553833007812,340
310,1929.07109184648,1603.00721917568,600.553833007812,340
311,1968.36194978121,1633.97276106957,600.553833007812,340
312,1666.34898152811,1652.01565520195,600.553833007812,340
313,1657.71415621755,1650.37959132117,611.387390136719,340
314,1713.87733943707,1646.32953917017,611.387390136719,340
315,1845.37365391393,1663.32745875116,611.387390136719,340
316,1618.18586540294,1654.69212417663,611.387390136719,340
317,1825.32694941451,1673.96392497493,611.387390136719,340
318,2098.19385730818,1692.51654359565,611.387390136719,340
319,1878.99402333944,1692.86334707849,611.387390136719,340
320,1855.54960552369,1699.75219863582,611.387390136719,340
321,2021.96036516955,1727.88115256123,616.07275390625,340
322,1391.00557708609,1702.62809919502,616.07275390625,340
323,1756.11687038543,1724.95623737416,616.07275390625,340
324,2082.33375535448,1736.30540709505,616.07275390625,340
325,1668.37096097314,1751.13990264291,616.07275390625,340
326,1662.07186916776,1749.06103165304,616.07275390625,340
327,1572.84334616033,1740.87943833025,616.07275390625,340
328,1725.79679097584,1740.72062277282,616.07275390625,340
329,1670.90910718994,1741.38763125753,622.324096679688,340
330,1606.26278231105,1742.00740255134,622.324096679688,340
331,1409.91567394306,1744.90516191901,622.324096679688,340
332,1814.31148083411,1746.32004056737,622.324096679688,340
333,1758.25143369537,1737.71887097419,622.324096679688,340
334,1693.45241987272,1755.62399627328,622.324096679688,340
335,1590.66273853394,1742.08766214078,622.324096679688,340
336,1270.93034540045,1714.19039796555,622.324096679688,340
337,2052.36956282577,1729.63122121745,630.731628417969,340
338,1650.3461059149,1729.33649920535,630.731628417969,340
339,1802.46746973019,1732.88010441707,630.731628417969,340
340,1518.9396666334,1719.82274492585,630.731628417969,340
341,1625.21900408381,1720.10407047309,630.731628417969,340
342,1690.12596735155,1714.69603119057,630.731628417969,340
343,1598.45759531198,1694.70658071072,630.731628417969,340
344,1856.37812294205,1693.80194469482,630.731628417969,340
345,1835.61318590674,1693.00448791015,634.315002441406,340
346,1675.06652771927,1679.12873441214,634.315002441406,340
347,1847.89544481949,1697.40432912147,634.315002441406,340
348,1673.57615254708,1694.10270040794,634.315002441406,340
349,1273.88335921092,1661.76468456219,634.315002441406,340
350,1367.61661990807,1649.73451091959,634.315002441406,340
351,1699.58378389862,1651.23498750883,634.315002441406,340
352,1474.81144369678,1647.31371141028,634.315002441406,340
353,1878.81322117314,1653.43436861818,637.153381347656,340
354,1725.45554489647,1655.61622612644,637.153381347656,340
355,1440.2297617721,1648.97490530488,637.153381347656,340
356,1591.53328804009,1656.23960986876,637.153381347656,340
357,1823.16469501468,1656.59373843598,637.153381347656,340
358,1689.73726399902,1653.85317164813,637.153381347656,340
359,1816.28033967013,1658.76628844003,637.153381347656,340
360,1744.56063106412,1664.92220414123,637.153381347656,340
361,1714.45929203447,1682.66336200659,645.0625,340
362,1550.71526438846,1662.5971900691,645.0625,340
363,1693.70493880542,1664.33154338472,645.0625,340
364,1439.4680031674,1649.81156472221,645.0625,340
365,1510.00845605879,1649.45431629923,645.0625,340
366,1464.6762707408,1643.03260696551,645.0625,340
367,1876.27796280596,1650.47868678368,645.0625,340
368,1664.00699827841,1653.10066290234,645.0625,340
369,1889.10179502833,1654.40960978579,646.781066894531,340
370,1767.94112848024,1651.70272748873,646.781066894531,340
371,1743.4100134515,1654.43646691802,646.781066894531,340
372,1810.12620847225,1652.92569746413,646.781066894531,340
373,1588.73052762599,1649.53187246729,646.781066894531,340
374,1839.57476593412,1672.15952873621,646.781066894531,340
375,1850.68240285622,1691.48216005414,646.781066894531,340
376,1747.30152755081,1693.39086980023,646.781066894531,340
377,1753.61112632387,1704.54285710531,656.314147949219,340
378,2108.02909377732,1713.71149200948,656.314147949219,340
379,2179.67199932601,1731.88015018666,656.314147949219,340
380,1660.14583357861,1740.67679305892,656.314147949219,340
381,1702.61162471482,1745.11992652591,656.314147949219,340
382,1663.71838378603,1738.74207407676,656.314147949219,340
383,2015.07321403575,1751.75551207823,656.314147949219,340
384,1638.50665929065,1744.64456486305,656.314147949219,340
385,1944.82336521455,1752.65507422907,661.527526855469,340
386,2057.63073250364,1766.38193184784,661.527526855469,340
387,1626.29946046573,1769.40529969093,661.527526855469,340
388,2005.69996979326,1781.88510093044,661.527526855469,340
389,2043.90307208008,1806.06250368695,661.527526855469,340
390,2063.57815863177,1828.20529178987,661.527526855469,340
391,2114.012093204,1854.1787246884,661.527526855469,340
392,2144.22322462841,1864.8965351613,661.527526855469,340
393,1638.36718557354,1863.8709426531,666.183837890625,340
394,2113.14225268004,1872.83256095917,666.183837890625,340
395,1992.8490101446,1881.82887622574,666.183837890625,340
396,2134.99473521338,1897.49226509622,666.183837890625,340
397,1666.70875357092,1891.75556690017,666.183837890625,340
398,2058.56675953736,1910.54901617662,666.183837890625,340
399,1980.35931347137,1916.18039807811,666.183837890625,340
400,1929.52861573799,1919.33424659338,666.183837890625,340
401,2164.61727382141,1936.0268764442,674.230590820312,340
402,2227.6550466889,1954.98863325881,674.230590820312,340
403,2133.57401625204,1956.01043015779,674.230590820312,340
404,2097.2803421653,1952.71476387137,674.230590820312,340
405,2311.4858438407,1978.76836428185,674.230590820312,340
406,2244.0683190872,2000.42663205675,674.230590820312,340
407,2256.97417234371,2024.15686359905,674.230590820312,340
408,2115.42472014803,2028.17092384354,674.230590820312,340
409,1882.55802486592,2037.93297846655,681.328674316406,340
410,2037.70810826291,2041.64836818849,681.328674316406,340
411,2132.68784138794,2044.65065254386,681.328674316406,340
412,2301.28000957155,2071.64987450809,681.328674316406,340
413,2208.69656744083,2079.769738414,681.328674316406,340
414,2105.11207721659,2082.21809861946,681.328674316406,340
415,1933.78554217972,2077.02639396137,681.328674316406,340
416,2146.803929205,2078.33806740141,681.328674316406,340
417,2153.52670644907,2078.71020667424,686.009460449219,340
418,2028.61587414803,2094.32015421722,686.009460449219,340
419,2183.41886238716,2097.13121860551,686.009460449219,340
420,2153.15922959625,2103.54362738357,686.009460449219,340
421,2185.86673492663,2105.5785073721,686.009460449219,340
422,2184.63063537836,2126.2953826444,686.009460449219,340
423,2121.48542066746,2128.8121290896,686.009460449219,340
424,2112.65301843602,2134.10387728819,686.009460449219,340
425,2179.5364568019,2144.10419093075,688.689208984375,340
426,2240.64061036592,2147.14512439253,688.689208984375,340
427,2292.89823088414,2149.75485176034,688.689208984375,340
428,2260.54251008229,2154.83359151355,688.689208984375,340
429,2271.09159497121,2161.78604162578,688.689208984375,340
430,2226.33280057725,2158.37991989524,688.689208984375,340
431,1948.31106369176,2146.54962967943,688.689208984375,340
432,1956.35210079832,2134.52474681761,688.689208984375,340
433,2258.32356458371,2140.24070059504,697.854064941406,340
434,2025.9304776071,2145.97559870468,697.854064941406,340
435,2176.17551717883,2151.51429506132,697.854064941406,340
436,2216.95763074222,2154.88508663549,697.854064941406,340
437,2075.32478606046,2145.84687769505,697.854064941406,340
438,2193.79607795451,2145.2508581156,697.854064941406,340
439,2259.40406680692,2151.42253769921,697.854064941406,340
440,2051.02463477419,2156.11210140299,697.854064941406,340
441,2136.16106644514,2155.68638689259,701.130798339844,340
442,2252.89306277905,2159.66104114579,701.130798339844,340
443,2280.48054713884,2169.73562806542,701.130798339844,340
444,2305.79176514551,2174.63054417576,701.130798339844,340
445,2334.63358330341,2181.88951832404,701.130798339844,340
446,2106.64267564794,2178.7205559529,701.130798339844,340
447,2288.31136571364,2182.86778516631,701.130798339844,340
448,2096.15202710944,2181.85444942399,701.130798339844,340
449,1934.01717059073,2174.70901551018,706.442199707031,340
450,2188.05456531724,2175.04973985079,706.442199707031,340
451,2242.52814349481,2175.12524117595,706.442199707031,340
452,2125.19805676504,2168.41723421118,706.442199707031,340
453,2023.67146646842,2158.94239246663,706.442199707031,340
454,2231.8118391527,2157.37120223389,706.442199707031,340
455,2152.1020782104,2154.40197333921,706.442199707031,340
456,2065.57669502659,2159.09259859261,706.442199707031,340
457,2300.04503231831,2172.84031585341,708.342163085938,340
458,2276.78099244496,2173.57861296786,708.342163085938,340
459,2221.82173484877,2181.41426325752,708.342163085938,340
460,2304.38943710263,2186.54282005447,708.342163085938,340
461,2290.11649099212,2189.46917446447,708.342163085938,340
462,2231.21645338641,2195.70484115751,708.342163085938,340
463,2309.51545867,2200.33361638613,708.342163085938,340
464,2057.8576958455,2192.27176154767,708.342163085938,340
465,1996.53640880179,2190.09223250878,709.998474121094,340
466,2018.293980087,2185.37754905445,709.998474121094,340
467,2114.38933900898,2179.83740010365,709.998474121094,340
468,2025.75958463373,2169.64856160344,709.998474121094,340
469,2187.42578730677,2164.91392248989,709.998474121094,340
470,2071.71077560102,2154.3970101818,709.998474121094,340
471,2169.86255051816,2156.92580517661,709.998474121094,340
472,2306.3459964369,2157.64719040554,709.998474121094,340
473,2339.09192195277,2167.36478619927,712.966735839844,340
474,2197.07151657488,2177.88696003864,712.966735839844,340
475,2334.88456562883,2183.7601600511,712.966735839844,340
476,2321.10616876738,2186.903281062,712.966735839844,340
477,2296.33959800116,2193.74894271145,712.966735839844,340
478,2281.72567709719,2204.0711111366,712.966735839844,340
479,2293.62856838611,2206.54378030593,712.966735839844,340
480,2319.76658441077,2213.25036055395,712.966735839844,340
481,2276.77681006793,2221.6983651556,716.114990234375,340
482,2320.16287630275,2222.50307891498,716.114990234375,340
483,2315.15313973514,2224.03796480659,716.114990234375,340
484,2301.91511347766,2227.24169995174,716.114990234375,340
485,2289.56140674455,2226.64857873742,716.114990234375,340
486,2306.93871878179,2227.32146784901,716.114990234375,340
487,2280.43319351135,2229.290137454,716.114990234375,340
488,2189.4004184765,2224.48553584626,716.114990234375,340
489,2292.70414208297,2233.87939369576,720.74658203125,340
490,1968.8633610785,2232.77247178683,720.74658203125,340
491,2295.50714435026,2243.86099835736,720.74658203125,340
492,2182.51470627019,2246.58601304781,720.74658203125,340
493,2110.06518741735,2249.95823715916,720.74658203125,340
494,2203.25165694217,2250.59127194457,720.74658203125,340
495,2008.59153340877,2248.06650225688,720.74658203125,340
496,2246.99290920991,2251.15171660455,720.74658203125,340
497,2283.49289940973,2250.23759272346,726.182312011719,340
498,2314.0611028756,2249.23635996038,726.182312011719,340
499,2249.59155481213,2251.33716148987,726.182312011719,340
500,2118.34797951691,2242.67569804539,726.182312011719,340
501,2295.15340237409,2241.63758738966,726.182312011719,340
502,2282.52177117307,2241.08487431654,726.182312011719,340
503,2225.51202307515,2238.83632815565,726.182312011719,340
504,2293.69873894761,2238.83913497811,726.182312011719,340
505,2182.15996155039,2233.3348700637,726.903686523438,340
506,2185.22742992076,2229.67289485781,726.903686523438,340
507,2277.88419555426,2227.98174762787,726.903686523438,340
508,2279.3922671963,2226.55131272632,726.903686523438,340
509,2301.42668279504,2226.53177549901,726.903686523438,340
510,2246.7206918846,2224.81814690462,726.903686523438,340
511,2311.47389255101,2224.99955385538,726.903686523438,340
512,2214.62535623057,2222.36724036415,726.903686523438,340
513,2315.25628143471,2227.40147488248,731.543334960938,340
514,2320.70570730509,2228.52153749137,731.543334960938,340
515,2345.29001886657,2243.57860380289,731.543334960938,340
516,2277.89146189374,2242.87397650463,731.543334960938,340
517,2253.33124591071,2245.70663809025,731.543334960938,340
518,2333.40952734134,2254.64041168721,731.543334960938,340
519,2326.64089136012,2259.57598106393,731.543334960938,340
520,2334.57811145728,2272.61544418587,731.543334960938,340
521,2316.62515416973,2275.40073398426,733.437194824219,340
522,2297.42338482781,2275.95795340098,733.437194824219,340
523,2248.12888846309,2273.32066482448,733.437194824219,340
524,2317.1427544092,2276.02271280837,733.437194824219,340
525,2232.43579611853,2280.58622547243,733.437194824219,340
526,2085.06518852821,2272.1826969186,733.437194824219,340
527,2168.95518591312,2267.6400335082,733.437194824219,340
528,2297.35481594629,2270.51374522304,733.437194824219,340
529,2284.69203763533,2270.15347717055,736.384887695312,340
530,2344.83679521715,2276.66055051722,736.384887695312,340
531,2242.31456212975,2278.94403580558,736.384887695312,340
532,2333.849019757,2281.18262877369,736.384887695312,340
533,2319.47145213969,2282.78579617143,736.384887695312,340
534,2312.66174055169,2283.23519848169,736.384887695312,340
535,2321.09336946111,2286.21010558475,736.384887695312,340
536,2313.29302855697,2286.28287102499,736.384887695312,340
537,2327.14940355472,2290.78383291796,741.083923339844,340
538,2319.77227995833,2290.9644728589,741.083923339844,340
539,2305.85258108616,2290.37034781015,741.083923339844,340
540,2336.80769914625,2290.03105502133,741.083923339844,340
541,2297.44726252005,2290.81328704639,741.083923339844,340
542,2253.6267956783,2290.82510903709,741.083923339844,340
543,2348.09940559632,2291.41270416729,741.083923339844,340
544,2317.72007733045,2291.0558716061,741.083923339844,340
545,2311.49566799765,2290.13257386772,742.185485839844,340
546,2331.56946973135,2290.73034649018,742.185485839844,340
547,2331.80487995972,2292.10560629546,742.185485839844,340
548,2268.37903234132,2292.91561205059,742.185485839844,340
549,2290.03598910827,2291.83134143855,742.185485839844,340
550,2307.97368900108,2294.85285715385,742.185485839844,340
551,2289.02232344752,2303.01114255062,742.185485839844,340
552,2341.15003419445,2309.89893648188,742.185485839844,340
553,2344.26460744485,2311.77532814182,743.001770019531,340
554,2306.16636130121,2312.63430108845,743.001770019531,340
555,2308.6198294692,2311.18562245854,743.001770019531,340
556,2329.5173228586,2314.67373288769,743.001770019531,340
557,2338.55216090779,2314.86185853372,743.001770019531,340
558,2346.41564158368,2315.93962611148,743.001770019531,340
559,2312.49347448241,2315.93289546871,743.001770019531,340
560,2347.78803279121,2317.00068200191,743.001770019531,340
561,2317.59443711484,2317.17273834423,744.218627929688,340
562,2331.28616390803,2317.33820875836,744.218627929688,340
563,2334.3216745949,2317.92018454383,744.218627929688,340
564,2363.02840949785,2320.20721768029,744.218627929688,340
565,2366.8544368551,2321.40908718865,744.218627929688,340
566,2366.15897936992,2324.15755586264,744.218627929688,340
567,2330.35449212245,2327.22666372041,744.218627929688,340
568,2369.4630487006,2328.08120944458,744.218627929688,340
569,2341.7110502328,2329.04084836067,745.490417480469,340
570,2362.16720844922,2331.06770997874,745.490417480469,340
571,2349.2517296929,2331.7750003772,745.490417480469,340
572,2345.4891290811,2332.32237034205,745.490417480469,340
573,2357.94413553326,2335.90497446973,745.490417480469,340
574,2324.24398872517,2337.27329445441,745.490417480469,340
575,2333.92160380408,2338.31121104653,745.490417480469,340
576,2314.59851050857,2339.33425852897,745.490417480469,340
577,2361.34411182131,2340.14202163404,745.652221679688,340
578,2222.52514442983,2335.27244311344,745.652221679688,340
579,2151.13204372491,2329.07107041039,745.652221679688,340
580,2341.28645008452,2330.377735235,745.652221679688,340
581,2363.37504601402,2331.73204416122,745.652221679688,340
582,2178.55853500331,2325.33229912504,745.652221679688,340
583,2397.97199296084,2327.39455318013,745.652221679688,340
584,2341.95619441355,2328.57306197737,745.652221679688,340
585,2386.41384133549,2330.11809431914,748.979309082031,340
586,2075.03785839984,2320.41583117054,748.979309082031,340
587,2356.00610299553,2321.40462873404,748.979309082031,340
588,2343.9081238877,2321.78808670576,748.979309082031,340
589,2160.98341045952,2313.70628674422,748.979309082031,340
590,2277.41522822276,2310.12871839893,748.979309082031,340
591,2378.70296605696,2310.63047786641,748.979309082031,340
592,2098.71484254934,2301.36489188349,748.979309082031,340
593,2164.5694102664,2293.16914634612,749.834167480469,340
594,2174.33384695061,2286.47405821483,749.834167480469,340
595,2124.11602671422,2276.95201094543,749.834167480469,340
596,2324.82012916773,2275.97474692442,749.834167480469,340
597,2157.53147728064,2268.4564408524,749.834167480469,340
598,2276.9741630674,2265.21764195377,749.834167480469,340
599,2083.62678043408,2255.59295362213,749.834167480469,340
600,2071.21487128615,2245.08468432141,749.834167480469,340
601,2366.19139063039,2247.14839952628,752.706359863281,340
602,2208.38960420448,2241.03021922161,752.706359863281,340
603,2231.84743240055,2241.40311074044,752.706359863281,340
604,2368.10693357381,2250.08210633439,752.706359863281,340
605,2193.96053799796,2244.18906985093,752.706359863281,340
606,2253.24662462314,2239.7839329953,752.706359863281,340
607,2195.23465058524,2240.45097761857,752.706359863281,340
608,2421.44524241102,2241.38990759658,752.706359863281,340
609,2344.95133816225,2241.50971334653,752.651672363281,340
610,2336.97616017712,2239.53220610019,752.651672363281,340
611,2298.24579431185,2248.46052353667,752.651672363281,340
612,2309.73641339732,2246.60973595275,752.651672363281,340
613,2413.23444948286,2249.38278897655,752.651672363281,340
614,2422.64339701021,2259.84918843858,752.651672363281,340
615,2409.99822164545,2265.15250817549,752.651672363281,340
616,2351.08321228322,2264.04771802454,752.651672363281,340
617,2332.47488295519,2273.39811964077,750.316528320312,340
618,2323.26390379925,2279.74589938209,750.316528320312,340
619,2350.23462697292,2286.78193058298,750.316528320312,340
620,2334.28418672836,2295.18865698354,750.316528320312,340
621,2336.82646886777,2295.66891057154,750.316528320312,340
622,2355.34246065194,2303.5813499064,750.316528320312,340
623,2330.56136541572,2305.72483800033,750.316528320312,340
624,2463.30026116576,2320.9117772296,750.316528320312,340
625,2319.91724307921,2330.85987210132,748.944885253906,340
626,2319.40825255917,2328.98854657847,748.944885253906,340
627,2343.10753126057,2334.37726366071,748.944885253906,340
628,2294.9073380847,2336.89965988808,748.944885253906,340
629,2299.48110295149,2334.15462666319,748.944885253906,340
630,2309.47299603394,2338.77512498463,748.944885253906,340
631,2376.58222599332,2343.70854903943,748.944885253906,340
632,2330.51876472199,2349.1199136049,748.944885253906,340
633,2325.61455099037,2345.28668594808,750.944763183594,340
634,2306.61604305714,2343.75327414387,750.944763183594,340
635,2200.41739492968,2338.29092353398,750.944763183594,340
636,2328.91989726085,2339.51788765194,750.944763183594,340
637,2295.13910216219,2338.93399520253,750.944763183594,340
638,2311.99975363194,2334.88460736849,750.944763183594,340
639,2297.87414671102,2329.89383735653,750.944763183594,340
640,2281.92459766627,2324.77089239736,750.944763183594,340
641,2357.40189657368,2325.02363976898,754.354370117188,340
642,2299.56737482382,2323.70733944372,754.354370117188,340
643,2295.8300021455,2322.60998337757,754.354370117188,340
644,2407.01855732866,2324.8813405918,754.354370117188,340
645,2456.02491361566,2329.75096966729,754.354370117188,340
646,2362.55002568826,2330.77991194011,754.354370117188,340
647,2340.13247854136,2330.17151265569,754.354370117188,340
648,2395.16255501211,2332.75556023955,754.354370117188,340
649,2318.76954421139,2326.97433156137,757.830932617188,340
650,2318.80842315462,2326.92997876439,757.830932617188,340
651,2419.82399592431,2330.94660849899,757.830932617188,340
652,2332.24094005425,2330.51194485074,757.830932617188,340
653,2308.01332746007,2331.03618442576,757.830932617188,340
654,2323.09902063838,2331.98090113323,757.830932617188,340
655,2358.88129654678,2333.95723315375,757.830932617188,340
656,2316.63228242814,2331.55923541114,757.830932617188,340
657,2434.43722278192,2335.71597373354,758.72314453125,340
658,2442.35073770503,2340.38542120212,758.72314453125,340
659,2447.39203885401,2346.016461034,758.72314453125,340
660,2276.09396019218,2349.0435236445,758.72314453125,340
661,2343.38261093303,2349.62203219138,758.72314453125,340
662,2346.29079803257,2351.6681000262,758.72314453125,340
663,2279.09807021857,2350.35203268966,758.72314453125,340
664,2427.58710469804,2355.54055100915,758.72314453125,340
665,2265.70775662419,2354.89187736746,761.101196289062,340
666,2437.23423019193,2358.08517071219,761.101196289062,340
667,2422.95946116639,2363.02085416589,761.101196289062,340
668,2430.54963554036,2368.40963950169,761.101196289062,340
669,2329.35331104946,2365.30302965052,761.101196289062,340
670,2428.44164975556,2364.19969909612,761.101196289062,340
671,2342.89353066421,2363.41343929515,761.101196289062,340
672,2431.53241951197,2367.06943693398,761.101196289062,340
673,2434.41906196806,2368.63969721222,762.501525878906,340
674,2392.3676063477,2371.58361969767,762.501525878906,340
675,2434.89747493027,2376.2271817687,762.501525878906,340
676,2436.19840698646,2376.88215821118,762.501525878906,340
677,2450.37672385511,2381.60758956322,762.501525878906,340
678,2460.86620476656,2387.72170465548,762.501525878906,340
679,2473.78276827927,2393.74905456111,762.501525878906,340
680,2291.87742709867,2391.06889978319,762.501525878906,340
681,2151.71778109043,2384.47231972968,763.913024902344,340
682,1933.86015968315,2364.44923720573,763.913024902344,340
683,2276.38840501848,2357.81074389827,763.913024902344,340
684,2278.10617829101,2351.03930947575,763.913024902344,340
685,2076.50360141013,2343.05569512446,763.913024902344,340
686,2199.66079781568,2337.30682259977,763.913024902344,340
687,1939.21411250742,2321.02375517876,763.913024902344,340
688,2268.88858527221,2320.61537578091,763.913024902344,340
689,2231.07024841456,2312.75470152957,767.930603027344,340
690,2448.37970470396,2320.06157945276,767.930603027344,340
691,2359.84263773189,2316.96591575436,767.930603027344,340
692,2398.73515617341,2315.99694355464,767.930603027344,340
693,2313.64929360333,2311.32092987716,767.930603027344,340
694,2406.54630322659,2314.40864956424,767.930603027344,340
695,2323.09315908441,2310.1947099374,767.930603027344,340
696,2110.70882503907,2300.90732171239,767.930603027344,340
697,2307.41863747499,2295.94277043091,770.245178222656,340
698,2444.73712229812,2296.35549284412,770.245178222656,340
699,2452.28382686485,2298.7521416648,770.245178222656,340
700,2294.6430978277,2293.1419665807,770.245178222656,340
701,2232.82230931645,2285.0069226739,770.245178222656,340
702,2329.89463732122,2280.18763921254,770.245178222656,340
703,2317.81554951387,2274.46561300243,770.245178222656,340
704,2424.36811440579,2272.4890268475,770.245178222656,340
705,2449.32132781777,2278.78678287626,773.244506835938,340
706,2389.84632085772,2288.31192446695,773.244506835938,340
707,2434.75454131411,2308.34769973219,773.244506835938,340
708,2081.15482023494,2300.53835634085,773.244506835938,340
709,2417.53134861749,2306.11536315391,773.244506835938,340
710,2262.31220405215,2313.54770725959,773.244506835938,340
711,1977.7991731903,2304.67324227457,773.244506835938,340
712,2250.40054180788,2317.12069944659,773.244506835938,340
713,2410.13347211875,2322.77049492045,776.896240234375,340
714,2295.33684047086,2325.3411586027,776.896240234375,340
715,2397.49957038299,2323.30595322986,776.896240234375,340
716,2385.99567401191,2324.35207468107,776.896240234375,340
717,2432.30010824158,2325.69467276379,776.896240234375,340
718,2426.90192562788,2330.22477804477,776.896240234375,340
719,2332.88871289368,2327.27847443146,776.896240234375,340
720,2385.68283468976,2329.78206145567,776.896240234375,340
721,2206.53028793463,2333.61491997149,776.417297363281,340
722,2415.47251966852,2337.93707525924,776.417297363281,340
723,2359.89658718255,2334.54345385461,776.417297363281,340
724,2438.4646112575,2333.99068523032,776.417297363281,340
725,2417.65891207599,2338.91131780025,776.417297363281,340
726,2232.44492133951,2338.89622228117,776.417297363281,340
727,2435.70792869713,2343.12875393621,776.417297363281,340
728,2206.7026638376,2338.68423850916,776.417297363281,340
729,2411.8094677618,2338.1818926434,775.028503417969,340
730,2102.22285327267,2324.2979536616,775.028503417969,340
731,2416.36795868015,2325.35881917449,775.028503417969,340
732,2218.39930223052,2316.70460961115,775.028503417969,340
733,2434.21117168835,2330.82686366929,775.028503417969,340
734,2224.51196450963,2323.10608830497,775.028503417969,340
735,1948.2443616906,2310.54337461051,775.028503417969,340
736,2237.94208664375,2320.94909114865,775.028503417969,340
737,2411.69193003584,2327.40074667776,775.853759765625,340
738,2169.23278577731,2317.76471922411,775.853759765625,340
739,2360.20025536781,2320.35925581999,775.853759765625,340
740,2217.72412307408,2313.16823792763,775.853759765625,340
741,2098.75891743021,2301.67876766436,775.853759765625,340
742,2337.80372203399,2297.89891221606,775.853759765625,340
743,2417.23866047759,2297.51238161005,775.853759765625,340
744,2392.93928564524,2299.91440452011,775.853759765625,340
745,2404.80475586515,2300.67928136712,771.232666015625,340
746,2328.66336431717,2305.56460442243,771.232666015625,340
747,2373.01565753791,2303.8663299372,771.232666015625,340
748,2400.33532224161,2305.48387933956,771.232666015625,340
749,2417.5198631663,2304.64608941592,771.232666015625,340
750,1990.94735046888,2287.57762695163,771.232666015625,340
751,2396.72065890033,2294.14865645406,771.232666015625,340
752,2367.34479709565,2291.41413119001,771.232666015625,340
753,2323.91842299329,2296.10276155623,769.098937988281,340
754,2413.61926059155,2296.17515326942,769.098937988281,340
755,2305.80763406019,2304.31854450092,769.098937988281,340
756,2388.500493325,2303.20384588672,769.098937988281,340
757,2268.12855044787,2305.19301581541,769.098937988281,340
758,2058.16160226067,2290.1510330383,769.098937988281,340
759,2359.82766016009,2295.56366086432,769.098937988281,340
760,2309.51135358674,2310.01434054017,769.098937988281,340
761,2416.34423721554,2317.15042656304,768.14013671875,340
762,2372.11393431212,2315.56730673409,768.14013671875,340
763,2370.11361123268,2323.60253975231,768.14013671875,340
764,2398.70471650134,2325.14271819765,768.14013671875,340
765,2381.73928043758,2331.70332449219,768.14013671875,340
766,2418.7406878668,2344.50259530965,768.14013671875,340
767,2423.28863088615,2347.92199166374,768.14013671875,340
768,2395.12449296237,2347.03742496313,768.14013671875,340
769,2284.29147203303,2342.69151241864,768.15478515625,340
770,2393.20082535141,2342.22735519809,768.15478515625,340
771,2397.91381145445,2344.99737308358,768.15478515625,340
772,2393.4304149193,2345.81396337884,768.15478515625,340
773,2366.14967903885,2344.44653765073,768.15478515625,340
774,2293.88718401349,2339.50123048462,768.15478515625,340
775,2230.17557594589,2349.0703595037,768.15478515625,340
776,2256.34927571034,2343.4555041761,768.15478515625,340
777,2158.43674254594,2335.09918199411,770.531982421875,340
778,2294.85777865036,2333.93675622039,770.531982421875,340
779,2151.06588690735,2323.43462127302,770.531982421875,340
780,2252.74693616447,2321.31219335719,770.531982421875,340
781,2035.18133785146,2307.17942713825,770.531982421875,340
782,2176.04115243454,2303.49593121772,770.531982421875,340
783,2219.04271590564,2309.93117576352,770.531982421875,340
784,2396.2420948234,2311.38775315005,770.531982421875,340
785,2166.30573905499,2305.65952856878,772.1728515625,340
786,2216.09354455062,2297.64950086218,772.1728515625,340
787,2360.79921906655,2297.19691225236,772.1728515625,340
788,1951.51334812685,2280.45290172813,772.1728515625,340
789,2142.11008907916,2270.18911663124,772.1728515625,340
790,2398.59980470413,2270.8635376019,772.1728515625,340
791,1990.61157596255,2253.73837312573,772.1728515625,340
792,2058.23136900491,2239.13608265048,772.1728515625,340
793,2349.75384661432,2237.32125679656,775.502197265625,340
794,2371.58114858522,2240.81284385865,775.502197265625,340
795,2365.32790604003,2239.69792708619,775.502197265625,340
796,2314.59412935153,2236.36513980208,775.502197265625,340
797,2330.97600589386,2233.86696344106,775.502197265625,340
798,2306.48074232829,2231.48020597264,775.502197265625,340
799,2226.7063664128,2228.79297326861,775.502197265625,340
800,2243.98717529286,2229.34543724249,775.502197265625,340
801,2074.78209516584,2222.08275002071,776.918518066406,340
802,2347.29731615389,2229.63717296502,776.918518066406,340
803,2207.93456445561,2226.16024439723,776.918518066406,340
804,2350.80191113984,2234.14968536653,776.918518066406,340
805,2353.84741337133,2238.19370445481,776.918518066406,340
806,2245.36790960852,2246.60116732509,776.918518066406,340
807,2120.57516826416,2244.38252795828,776.918518066406,340
808,2340.89682052224,2249.25669214294,776.918518066406,340
809,2303.24042120998,2245.5366251984,775.954406738281,340
810,2111.72631489215,2243.35344823189,775.954406738281,340
811,2236.3652780982,2244.16431757379,775.954406738281,340
812,2214.70792685514,2238.32066588534,775.954406738281,340
813,2178.04205111829,2247.38181400499,775.954406738281,340
814,2046.34153708496,2243.55107192523,775.954406738281,340
815,2158.34022397655,2233.94068869612,775.954406738281,340
816,2195.17277343691,2242.1231365951,775.954406738281,340
817,1917.67001277053,2236.50068234572,775.3837890625,340
818,2230.25247801327,2231.72062760168,775.3837890625,340
819,2352.48397324059,2230.95674058789,775.3837890625,340
820,2342.04477079852,2230.02541517823,775.3837890625,340
821,2336.72400503937,2230.91061020575,775.3837890625,340
822,2156.0416523256,2223.91323606302,775.3837890625,340
823,2304.28868429302,2223.82555374161,775.3837890625,340
824,2219.7793674715,2223.54847378396,775.3837890625,340
825,2347.41333206057,2227.68552005466,775.961364746094,340
826,2243.86932730267,2234.44900934014,775.961364746094,340
827,2242.75649368567,2230.26737644141,775.961364746094,340
828,2352.71141609781,2236.0584505071,775.961364746094,340
829,2313.90666737867,2234.58264075665,775.961364746094,340
830,2026.68677486377,2221.49621521635,775.961364746094,340
831,2335.10562632827,2225.08572388514,775.961364746094,340
832,2136.25094037463,2225.71275476956,775.961364746094,340
833,2102.62814959056,2216.18200793229,779.073364257812,340
834,2091.53932852692,2207.71396422497,779.073364257812,340
835,2206.14275410086,2211.49062179332,779.073364257812,340
836,2156.07807406473,2208.27913363198,779.073364257812,340
837,1775.78387048982,2190.72217137736,779.073364257812,340
838,2016.24473650924,2184.250278793,779.073364257812,340
839,2240.79671232124,2192.02848580245,779.073364257812,340
840,2126.38923956103,2190.75044642583,779.073364257812,340
841,2117.54500235848,2187.64533558269,776.433288574219,340
842,2336.44506504726,2204.39633767376,776.433288574219,340
843,2368.47514919589,2209.92524452107,776.433288574219,340
844,2224.86466615321,2204.82047223757,776.433288574219,340
845,2105.33549519124,2195.35210121328,776.433288574219,340
846,1955.15679560694,2180.08941283599,776.433288574219,340
847,2130.46833512577,2179.06648014799,776.433288574219,340
848,2321.2999525863,2179.74693087972,776.433288574219,340
849,2341.23981286423,2184.60534869543,774.703491210938,340
850,2336.61360032192,2184.17335942589,774.703491210938,340
851,2335.21431666773,2187.82715900049,774.703491210938,340
852,2307.21938709511,2190.40567473687,774.703491210938,340
853,2346.07088893588,2190.14005365039,774.703491210938,340
854,2307.28154232025,2189.87504864805,774.703491210938,340
855,2252.89761243891,2198.92348215106,774.703491210938,340
856,2100.3926038757,2189.53496125295,774.703491210938,340
857,2009.66951163211,2184.47170410325,773.506530761719,340
858,1861.4745291594,2174.82555928601,773.506530761719,340
859,2212.09820510573,2179.64791434916,773.506530761719,340
860,2037.91435409737,2172.91877834902,773.506530761719,340
861,2177.94184777037,2173.79332929725,773.506530761719,340
862,1779.08514788918,2173.92538039322,773.506530761719,340
863,2268.09314433445,2183.99931670623,773.506530761719,340
864,1868.54281910497,2169.10916097758,773.506530761719,340
865,2276.97021122829,2175.13239984427,768.668395996094,340
866,1873.1191630222,2165.35536627082,768.668395996094,340
867,2232.34793848876,2161.19148120848,768.668395996094,340
868,2123.70329657059,2151.40060710346,768.668395996094,340
869,2278.50616870386,2153.54626720549,768.668395996094,340
870,1876.67838540017,2144.39998281385,768.668395996094,340
871,2038.72412761455,2147.74267609415,768.668395996094,340
872,1983.70495262228,2141.87214079401,768.668395996094,340
873,2013.9930089438,2129.57986304831,768.666931152344,340
874,2057.85187134501,2118.24434538754,768.666931152344,340
875,1885.54055669686,2100.20142364254,768.666931152344,340
876,1647.71736403846,2072.70154553737,768.666931152344,340
877,1655.27450725849,2046.62375034391,768.666931152344,340
878,1428.56170715665,2009.92338307274,768.666931152344,340
879,1397.05430117146,1973.51429342678,768.666931152344,340
880,2016.48538243887,1964.05780422678,768.666931152344,340
881,1875.43458601562,1955.05948351238,766.890197753906,340
882,2006.2699444466,1954.92350082496,766.890197753906,340
883,2138.93231166837,1966.02181212532,766.890197753906,340
884,1991.55639977493,1957.20013991209,766.890197753906,340
885,2130.97150145278,1960.9224258063,766.890197753906,340
886,2039.57902412637,1955.38791286054,766.890197753906,340
887,2097.28972958953,1968.11609612856,766.890197753906,340
888,2050.99236240501,1959.43206485138,766.890197753906,340
889,2045.73023589628,1966.51956152303,765.178039550781,340
890,1850.64605257231,1949.46659517679,765.178039550781,340
891,1767.12446013303,1945.22680706123,765.178039550781,340
892,1486.14784202451,1915.37880320266,765.178039550781,340
893,1933.43504063988,1907.76807296543,765.178039550781,340
894,1882.69407431562,1891.9355891899,765.178039550781,340
895,1698.09025373768,1884.7920639234,765.178039550781,340
896,2033.31466722033,1884.57568550763,765.178039550781,340
897,1976.48624754193,1884.28693730442,760.477966308594,340
898,1694.35096890961,1871.50125570305,760.477966308594,340
899,1264.49846091519,1839.76711928585,760.477966308594,340
900,1140.4725295641,1809.96439820054,760.477966308594,340
901,1353.38701617697,1798.19118428608,760.477966308594,340
902,1800.99599926728,1804.02004396644,760.477966308594,340
903,2050.0074112203,1828.87787212898,760.477966308594,340
904,1605.98075521072,1837.23493029055,760.477966308594,340
905,2079.82189756489,1839.76839089559,760.889953613281,340
906,2051.00142835128,1846.79106458902,760.889953613281,340
907,2179.83540649778,1853.73368307107,760.889953613281,340
908,2131.98406436949,1853.45575317911,760.889953613281,340
909,1942.84621669861,1851.50734585606,760.889953613281,340
910,2049.64930050817,1848.25445781828,760.889953613281,340
911,2252.05230397108,1856.75338901206,760.889953613281,340
912,2175.2347922935,1859.87119152022,760.889953613281,340
913,2250.7362971716,1867.86094891089,758.033325195312,340
914,1468.65441822431,1844.77791620401,758.033325195312,340
915,1721.16304356427,1839.59859584369,758.033325195312,340
916,2100.22236270798,1852.92251194668,758.033325195312,340
917,1839.3379229838,1867.05011518506,758.033325195312,340
918,2039.86371329692,1871.30726209134,758.033325195312,340
919,1906.59782374036,1872.26341206833,758.033325195312,340
920,1620.63250589038,1869.16510215443,758.033325195312,340
921,1589.88968042351,1851.42810268256,752.546325683594,340
922,2167.26796106628,1859.05937122353,752.546325683594,340
923,2228.22560157628,1880.4143565302,752.546325683594,340
924,1338.24635089904,1883.36427212956,752.546325683594,340
925,1560.05184365333,1900.14744469313,752.546325683594,340
926,2068.60096247637,1928.7560025451,752.546325683594,340
927,1788.78113748507,1928.26740807381,752.546325683594,340
928,1997.84118344727,1926.18075896289,752.546325683594,340
929,2115.23113086069,1946.55077398889,744.388366699219,340
930,1974.49275751305,1942.33760838682,744.388366699219,340
931,1645.15505290271,1926.10375336887,744.388366699219,340
932,1950.35288268814,1916.92445241649,744.388366699219,340
933,1945.37476914332,1909.46008060744,744.388366699219,340
934,2057.02626719069,1914.02728262713,744.388366699219,340
935,1894.46511644162,1907.81991526446,744.388366699219,340
936,1766.2045903041,1888.38600671778,744.388366699219,340
937,1824.94202459937,1874.37429601002,740.98583984375,340
938,1937.24669099366,1861.8347117629,740.98583984375,340
939,1992.15453353478,1882.77471637532,740.98583984375,340
940,1504.37408451501,1874.10315801335,740.98583984375,340
941,1948.69849058853,1868.04220312857,740.98583984375,340
942,1797.43781289142,1866.36619872488,740.98583984375,340
943,1748.20831107361,1854.69998263594,740.98583984375,340
944,1966.53054764159,1857.09729159199,740.98583984375,340
945,1602.74643472386,1856.38184874533,732.2900390625,340
946,2037.04083625359,1874.26789497854,732.2900390625,340
947,1906.89923146635,1863.85314579454,732.2900390625,340
948,1551.04398166361,1836.76588099803,732.2900390625,340
949,1601.78137934545,1847.30728213589,732.2900390625,340
950,1864.51019617689,1859.48561623683,732.2900390625,340
951,1540.33638737444,1838.35503323275,732.2900390625,340
952,1858.64343226309,1841.14952502387,732.2900390625,340
953,1722.78806562934,1830.14740031116,730.469177246094,340
954,1998.12017846261,1825.46296221523,730.469177246094,340
955,1940.81329160036,1824.11578357873,730.469177246094,340
956,1814.37326913194,1830.8845122279,730.469177246094,340
957,2030.54497083412,1834.09219575373,730.469177246094,340
958,1943.65571718969,1834.02343367559,730.469177246094,340
959,1937.22599522487,1829.23142279696,730.469177246094,340
960,1819.05514493163,1826.21502393656,730.469177246094,340
961,1585.59135546004,1818.99049454279,727.447204589844,340
962,1569.5598956041,1808.77520938298,727.447204589844,340
963,1551.2818276892,1793.33661485081,727.447204589844,340
964,1875.40800240531,1788.66675360563,727.447204589844,340
965,1896.44761507002,1804.34969482783,727.447204589844,340
966,1575.06468684054,1789.40434267791,727.447204589844,340
967,1521.71576140229,1778.37546061834,727.447204589844,340
968,1664.77586235146,1775.03816266946,727.447204589844,340
969,1880.79257149582,1771.60864362362,722.964660644531,340
970,1813.36057206358,1780.03320911721,722.964660644531,340
971,2013.72117240412,1779.10042256323,722.964660644531,340
972,1984.75180038009,1782.21452531978,722.964660644531,340
973,2064.77329539147,1802.7636978689,722.964660644531,340
974,1987.54259642547,1818.1941465521,722.964660644531,340
975,2115.63596186975,1828.23917717981,722.964660644531,340
976,2070.92730584704,1849.46281391872,722.964660644531,340
977,1621.36757860493,1839.97177977239,711.880737304688,340
978,1583.33662438556,1834.39372212264,711.880737304688,340
979,1826.94837345664,1827.5468499224,711.880737304688,340
980,1605.15359213582,1814.12046194382,711.880737304688,340
981,1604.35957765303,1805.71991428466,711.880737304688,340
982,2167.31973176751,1811.190904722,711.880737304688,340
983,2205.34737548436,1821.65857105378,711.880737304688,340
984,2218.38040251383,1832.90474734534,711.880737304688,340
985,2244.54032429528,1849.92415451989,699.587585449219,340
986,2213.07056523762,1875.02332291099,699.587585449219,340
987,2216.82874594335,1900.91407692456,699.587585449219,340
988,2144.6083708564,1924.64713865125,699.587585449219,340
989,2120.48324698887,1934.45014843459,699.587585449219,340
990,1919.29189296259,1935.3639195503,699.587585449219,340
991,2062.78841408712,1954.87286864016,699.587585449219,340
992,2305.98461022243,1986.24362259297,699.587585449219,340
993,2265.57504501574,2010.27558989954,693.123962402344,340
994,2230.52367154369,2024.26483390145,693.123962402344,340
995,2221.25035216978,2040.5804251057,693.123962402344,340
996,2115.17561590373,2044.63860284568,693.123962402344,340
997,2083.09786873535,2048.57244557989,693.123962402344,340
998,2262.0463925138,2056.46336946479,693.123962402344,340
999,1913.87076402054,2053.51649616859,693.123962402344,340
1000,2223.97959613939,2057.85024153938,693.123962402344,340
1001,2220.37809797339,2063.82827322443,689.475402832031,340
1002,2296.82651271383,2090.84663058879,689.475402832031,340
1003,2294.02305503619,2119.27408781481,689.475402832031,340
1004,2171.44720401204,2133.05404103703,689.475402832031,340
1005,2223.41394317827,2157.78445507873,689.475402832031,340
1006,2327.52114781209,2186.71091788509,689.475402832031,340
1007,2240.144226336,2189.62389766783,689.475402832031,340
1008,2275.19495008119,2192.4178006517,689.475402832031,340
1009,2317.07054499003,2196.36540635075,688.41796875,340
1010,2176.50619643895,2193.6440412365,688.41796875,340
1011,2310.67944592611,2197.54839646404,688.41796875,340
1012,2247.57392278189,2198.77820353758,688.41796875,340
1013,2302.32428362261,2205.08684004822,688.41796875,340
1014,2254.65741409365,2210.45380673242,688.41796875,340
1015,2282.5525940365,2224.98423477537,688.41796875,340
1016,2305.06082295659,2234.67513113015,688.41796875,340
1017,2291.17411248986,2234.08271122085,693.234619140625,340
1018,2311.64806097095,2235.92563185906,693.234619140625,340
1019,2238.22083868333,2236.23351854464,693.234619140625,340
1020,2292.30552421971,2239.07572542664,693.234619140625,340
1021,2299.50531917316,2246.44891355742,693.234619140625,340
1022,2301.06245867975,2255.16749715519,693.234619140625,340
1023,2288.3324596105,2256.21893983906,693.234619140625,340
1024,2264.54922247155,2270.2460781771,693.234619140625,340
1025,1976.53420308146,2260.34826245478,697.668212890625,340
1026,2275.58275398247,2262.55644869515,697.668212890625,340
1027,2278.37537170987,2261.81840305499,697.668212890625,340
1028,2268.42533949515,2260.79449443335,697.668212890625,340
1029,2292.88964430004,2265.65219204487,697.668212890625,340
1030,2273.38160424307,2267.65089848746,697.668212890625,340
1031,2278.00471444122,2265.67024115262,697.668212890625,340
1032,2289.09653723043,2267.6283335884,697.668212890625,340
1033,2048.52713093712,2258.56162082264,705.263793945312,340
1034,2308.72922340776,2258.22796795935,705.263793945312,340
1035,2180.58681840837,2258.39119283812,705.263793945312,340
1036,2277.67474482371,2257.07100479403,705.263793945312,340
1037,2259.20563596943,2257.53627332153,705.263793945312,340
1038,2308.77950719354,2257.79448226437,705.263793945312,340
1039,2225.29239314731,2256.61988142651,705.263793945312,340
1040,2331.32210006524,2258.57066166766,705.263793945312,340
1041,2337.5883938369,2259.87176450288,714.074645996094,340
1042,2248.96003655646,2258.18320146554,714.074645996094,340
1043,2218.78209473765,2254.46856281621,714.074645996094,340
1044,2291.6711172183,2256.60657395761,714.074645996094,340
1045,2303.60385097695,2257.0585070279,714.074645996094,340
1046,2356.47533709721,2259.33730774486,714.074645996094,340
1047,2308.09066705807,2259.61843607999,714.074645996094,340
1048,2306.37097328533,2260.33997662698,714.074645996094,340
1049,2250.48972714846,2259.77759681406,720.846069335938,340
1050,2289.38572603541,2272.29165773222,720.846069335938,340
1051,2175.97764246532,2268.30745327153,720.846069335938,340
1052,2248.56772722627,2267.11514749219,720.846069335938,340
1053,2325.67349209395,2269.40507359614,720.846069335938,340
1054,2303.78506904574,2269.84089058597,720.846069335938,340
1055,2300.43477365145,2270.9230173623,720.846069335938,340
1056,2186.89344922302,2267.27856675358,720.846069335938,340
1057,2320.68011255209,2268.54190976644,727.100341796875,340
1058,2233.80781512326,2275.95313713389,727.100341796875,340
1059,2284.37772136245,2274.97907705208,727.100341796875,340
1060,2320.82615245824,2280.58865041407,727.100341796875,340
1061,2286.90043707421,2280.95767810409,727.100341796875,340
1062,2270.00667967268,2281.38971985222,727.100341796875,340
1063,2334.70215635711,2282.42662581876,727.100341796875,340
1064,2299.40997985069,2285.3913292869,727.100341796875,340
1065,2141.82173539262,2277.81131469999,732.174255371094,340
1066,2316.79884676828,2276.97973281725,732.174255371094,340
1067,2305.1162921571,2279.22598304127,732.174255371094,340
1068,2306.68688659958,2282.74217471575,732.174255371094,340
1069,2268.06267164539,2281.79783689283,732.174255371094,340
1070,2247.74756326582,2279.56358538439,732.174255371094,340
1071,2253.51938520976,2275.44534730889,732.174255371094,340
1072,2275.78302291872,2274.15304154332,732.174255371094,340
1073,2302.12077789919,2273.98303372787,731.789733886719,340
1074,2333.83492874955,2277.31684179192,731.789733886719,340
1075,2204.2031702009,2273.90953955854,731.789733886719,340
1076,2312.99869516984,2279.39038166672,731.789733886719,340
1077,2283.27037244124,2280.77848747531,731.789733886719,340
1078,2270.01909747718,2278.55231169064,731.789733886719,340
1079,2319.75227761218,2279.1910000333,731.789733886719,340
1080,2301.23297919812,2279.22292825517,731.789733886719,340
1081,2293.66964641738,2283.49397614294,735.161743164062,340
1082,2260.07584253086,2281.06980534209,735.161743164062,340
1083,2274.38816781819,2282.69301944989,735.161743164062,340
1084,2232.77967286618,2280.62909751004,735.161743164062,340
1085,2283.77558017862,2279.14707461886,735.161743164062,340
1086,2190.38406967431,2275.28641992286,735.161743164062,340
1087,2340.07809023188,2278.08927634523,735.161743164062,340
1088,2335.86388200606,2278.13574537119,735.161743164062,340
1089,2257.29273725842,2276.45105566749,739.25439453125,340
1090,2315.81832492377,2283.41091924874,739.25439453125,340
1091,2323.03688523011,2283.66044078721,739.25439453125,340
1092,2311.15503742267,2283.90199059784,739.25439453125,340
1093,2240.48688387142,2281.25399048871,739.25439453125,340
1094,2294.14896518423,2282.29744223026,739.25439453125,340
1095,2261.27182468469,2282.83841268702,739.25439453125,340
1096,2261.38435700296,2283.15301155875,739.25439453125,340
1097,2317.76546627919,2284.83230929317,741.567260742188,340
1098,2334.6349971373,2286.13287806269,741.567260742188,340
1099,2326.17533262749,2285.82649421781,741.567260742188,340
1100,2335.46371497969,2291.07691600896,741.567260742188,340
1101,2308.63050001926,2290.90218820294,741.567260742188,340
1102,2084.10140369027,2282.9354294529,741.567260742188,340
1103,1982.95602458563,2271.45290653723,741.567260742188,340
1104,2308.66100306446,2271.00925555533,741.567260742188,340
1105,2270.6232258076,2269.78486541971,740.709106445312,340
1106,2354.95986826813,2272.23647429373,740.709106445312,340
1107,2341.03617755606,2275.47488769474,740.709106445312,340
1108,2354.38124220059,2278.67461067004,740.709106445312,340
1109,2337.27653438154,2282.85448513065,740.709106445312,340
1110,2332.30993680364,2284.79585939565,740.709106445312,340
1111,2287.66745774465,2288.68719491847,740.709106445312,340
1112,2321.38184622138,2287.93934515805,740.709106445312,340
1113,2346.90736470622,2288.38108446605,744.33349609375,340
1114,2327.88876494967,2291.2049255737,744.33349609375,340
1115,2359.69405501799,2292.95995477747,744.33349609375,340
1116,2346.00171155723,2293.87854783056,744.33349609375,340
1117,2348.13914052458,2295.35791195463,744.33349609375,340
1118,2332.61261321042,2299.04294112819,744.33349609375,340
1119,2333.46397924449,2300.6155416906,744.33349609375,340
1120,2311.84382880073,2302.63842185525,744.33349609375,340
1121,2200.93222062557,2300.22033640015,747.934814453125,340
1122,2301.09864795765,2299.55366366729,747.934814453125,340
1123,2322.53537923221,2299.06967895109,747.934814453125,340
1124,2304.28460435007,2298.19404981999,747.934814453125,340
1125,2337.51371315693,2298.27604974708,747.934814453125,340
1126,2258.41775795007,2296.26754006431,747.934814453125,340
1127,2271.72776646201,2303.77259457518,747.934814453125,340
1128,2290.08949112968,2316.05793323694,747.934814453125,340
1129,2349.80499538653,2317.70369292982,747.978393554688,340
1130,2321.22648783711,2319.727823411,747.978393554688,340
1131,2350.17839453048,2319.5365644615,747.978393554688,340
1132,2323.10828612648,2318.81944880432,747.978393554688,340
1133,2336.40810447104,2318.10052329513,747.978393554688,340
1134,2321.58204197798,2317.47274359899,747.978393554688,340
1135,2255.03415662649,2314.38171239191,747.978393554688,340
1136,2280.33408329425,2314.08837741389,747.978393554688,340
1137,2336.55911859434,2314.69546830881,749.955810546875,340
1138,2333.22256966018,2314.14807650697,749.955810546875,340
1139,2283.70289314476,2312.38064163477,749.955810546875,340
1140,2337.7870906661,2311.5043630607,749.955810546875,340
1141,2335.8122579412,2311.09678491605,749.955810546875,340
1142,2259.27882334531,2307.54237222888,749.955810546875,340
1143,2292.51662425995,2305.93853267086,749.955810546875,340
1144,2322.20088418384,2305.48800886844,749.955810546875,340
1145,2316.06994623275,2305.65705356572,750.903747558594,340
1146,2343.5602770407,2311.36217582232,750.903747558594,340
1147,2350.79720931225,2313.35011827651,750.903747558594,340
1148,2329.86501977836,2313.64330389836,750.903747558594,340
1149,2360.27124441301,2315.88276950087,750.903747558594,340
1150,2349.51376199415,2316.36277145436,750.903747558594,340
1151,2337.94671082544,2319.54392956938,750.903747558594,340
1152,2343.58940320209,2322.41839503898,750.903747558594,340
1153,2334.29122258818,2324.18646429732,750.981567382812,340
1154,2360.80775746831,2324.62657478059,750.981567382812,340
1155,2338.4210803545,2325.31435848129,750.981567382812,340
1156,2134.10920717332,2316.671590987,750.981567382812,340
1157,2310.11492142784,2316.15185639906,750.981567382812,340
1158,2356.93153109813,2316.97279346414,750.981567382812,340
1159,2341.38248256489,2317.76481108761,750.981567382812,340
1160,2362.58636707652,2322.06689950562,750.981567382812,340
1161,2357.11351003771,2325.13807657535,750.542724609375,340
1162,2173.57926269861,2318.61888233953,750.542724609375,340
1163,2361.1723564312,2319.73687381037,750.542724609375,340
1164,2329.76499785329,2321.57935799871,750.542724609375,340
1165,2303.78820954732,2320.21940275396,750.542724609375,340
1166,2292.86571825321,2318.50154116644,750.542724609375,340
1167,2322.95329896851,2321.04852019136,750.542724609375,340
1168,2289.47684026528,2320.92692883158,750.542724609375,340
1169,2077.74237095434,2311.1485883024,752.167175292969,340
1170,2330.62678641956,2311.73086190987,752.167175292969,340
1171,2154.00195587541,2304.14852906326,752.167175292969,340
1172,2131.29131344571,2295.3682932286,752.167175292969,340
1173,2290.04257941278,2293.77539561397,752.167175292969,340
1174,2317.1134191533,2292.04908260358,752.167175292969,340
1175,2358.04446627559,2292.39031077484,752.167175292969,340
1176,2338.28431233914,2292.40381483539,752.167175292969,340
1177,2314.40165994887,2291.23630510526,750.615356445312,340
1178,2322.88414510322,2290.78002200586,750.615356445312,340
1179,2303.95340992632,2288.50584810418,750.615356445312,340
1180,2289.62667120558,2286.55407173823,750.615356445312,340
1181,2356.08680206915,2295.43317553406,750.615356445312,340
1182,2332.90546414419,2296.34479724271,750.615356445312,340
1183,2205.32421914021,2290.2805047644,750.615356445312,340
1184,2319.85755327722,2289.41950759289,750.615356445312,340
1185,2318.50690159288,2287.65632897354,750.575378417969,340
1186,2260.82668493451,2283.80485596942,750.575378417969,340
1187,2367.33563566962,2291.55511088826,750.575378417969,340
1188,2352.88481535895,2291.22360924537,750.575378417969,340
1189,2365.05470854585,2292.63519767307,750.575378417969,340
1190,2365.97926007705,2295.12283969426,750.575378417969,340
1191,2334.32892741323,2296.78136806066,750.575378417969,340
1192,2338.74520113144,2297.41304414718,750.575378417969,340
1193,2299.72728423867,2297.82306190611,752.698669433594,340
1194,2282.36326639955,2306.00789772392,752.698669433594,340
1195,2296.82657984722,2304.65588946103,752.698669433594,340
1196,2335.91322191458,2311.93234010259,752.698669433594,340
1197,2339.95505517444,2320.27888977174,752.698669433594,340
1198,2365.32528806772,2323.29019811794,752.698669433594,340
1199,2358.92961323318,2324.96284588114,752.698669433594,340
1200,2318.61089496825,2323.38550302884,752.698669433594,340
1201,2362.03325114934,2324.33546058125,754.023620605469,340
1202,2346.90017358422,2325.63540112666,754.023620605469,340
1203,2067.09472046389,2315.40382414109,754.023620605469,340
1204,2359.80172127243,2317.63775659494,754.023620605469,340
1205,2327.1739049173,2319.1396459434,754.023620605469,340
1206,2336.61417819841,2318.36074098857,754.023620605469,340
1207,2318.02569284082,2317.76555013644,754.023620605469,340
1208,2335.57575805885,2322.97561169319,754.023620605469,340
1209,2336.62562279432,2323.64633447387,758.260986328125,340
1210,2356.54759467179,2325.16796219703,758.260986328125,340
1211,2113.50755396971,2319.27519695843,758.260986328125,340
1212,2166.28543518842,2311.23318893919,758.260986328125,340
1213,2347.62240526078,2311.02269253526,758.260986328125,340
1214,2352.9311896005,2310.53775177745,758.260986328125,340
1215,2338.80198552531,2309.45066079538,758.260986328125,340
1216,2356.15423354681,2310.32367304072,758.260986328125,340
1217,2335.5413147265,2310.19551758452,758.902526855469,340
1218,2303.89907354387,2310.36238915673,758.902526855469,340
1219,2332.14644511661,2312.35371630541,758.902526855469,340
1220,2064.29220535499,2303.05234132572,758.902526855469,340
1221,2135.44896733209,2295.03377114242,758.902526855469,340
1222,2324.99788371585,2294.43548428408,758.902526855469,340
1223,2341.87130805707,2293.49732508365,758.902526855469,340
1224,2332.5933808678,2292.44387578904,758.902526855469,340
1225,2287.9907522988,2291.21907008226,759.338256835938,340
1226,2320.8392358238,2289.57130946924,759.338256835938,340
1227,2156.43956510803,2281.95288513019,759.338256835938,340
1228,2340.4872517649,2292.88858638223,759.338256835938,340
1229,2268.71916656626,2289.24528419398,759.338256835938,340
1230,2098.96874571129,2280.11707782574,759.338256835938,340
1231,2242.45035772809,2276.35052500693,759.338256835938,340
1232,2353.27538986315,2277.76051288782,759.338256835938,340
1233,2338.92280777591,2277.89439487651,761.045104980469,340
1234,2338.04841198981,2277.95130644433,761.045104980469,340
1235,2335.36358175956,2277.10394592784,761.045104980469,340
1236,2285.33314837166,2283.97696970391,761.045104980469,340
1237,2336.40863750011,2290.78189779638,761.045104980469,340
1238,2337.40467414697,2290.37318855183,761.045104980469,340
1239,2214.96930236987,2284.8547130626,761.045104980469,340
1240,2243.20797117504,2281.03095248859,761.045104980469,340
1241,2331.91819304277,2280.06151086843,762.158874511719,340
1242,2339.57226320996,2280.22274880777,762.158874511719,340
1243,2345.07940013819,2281.86996187154,762.158874511719,340
1244,2337.51621666233,2282.08475273337,762.158874511719,340
1245,2324.92037353944,2292.50987946075,762.158874511719,340
1246,2353.80309297907,2301.24404448663,762.158874511719,340
1247,2371.91383949007,2303.1206827176,762.158874511719,340
1248,2341.51393664295,2303.10638786103,762.158874511719,340
1249,2319.3999885485,2302.57865216826,761.521850585938,340
1250,2316.9486020474,2303.73696615821,761.521850585938,340
1251,2349.28569400726,2304.87482448554,761.521850585938,340
1252,2329.69203702152,2311.80492336208,761.521850585938,340
1253,2345.1168717879,2311.990108163,761.521850585938,340
1254,2265.15418045256,2311.84750871846,761.521850585938,340
1255,2199.0980556811,2315.85268111725,761.521850585938,340
1256,2293.04341487991,2317.87640340332,761.521850585938,340
1257,2307.94191163564,2316.06306427422,760.275451660156,340
1258,2250.44117929808,2312.52379913511,760.275451660156,340
1259,2348.75306252711,2312.9519851566,760.275451660156,340
1260,2327.75345235554,2312.64757998044,760.275451660156,340
1261,2096.50272372549,2305.09436299459,760.275451660156,340
1262,2319.74402623088,2304.42777854382,760.275451660156,340
1263,2357.66194511728,2305.23806938264,760.275451660156,340
1264,2347.63893396098,2310.54485464628,760.275451660156,340
1265,2224.10611178849,2309.78078027082,759.787353515625,340
1266,2361.3193577002,2310.95682685711,759.787353515625,340
1267,2349.58004014524,2311.35713793453,759.787353515625,340
1268,2323.52900964282,2310.49512231471,759.787353515625,340
1269,2234.99888857662,2306.39442919128,759.787353515625,340
1270,2334.00932815419,2306.75798737587,759.787353515625,340
1271,2341.22939796084,2306.25503957514,759.787353515625,340
1272,2334.38424297558,2304.75385571456,759.787353515625,340
1273,2304.94225631243,2303.29098850134,758.995422363281,340
1274,2300.27227396232,2302.5258799179,758.995422363281,340
1275,2147.58063069451,2295.75116106378,758.995422363281,340
1276,2101.71704612675,2285.84841514856,758.995422363281,340
1277,2344.12309823283,2286.42565759701,758.995422363281,340
1278,2363.51408756449,2287.16154622808,758.995422363281,340
1279,2319.92640671617,2289.35243527862,758.995422363281,340
1280,2350.43100010317,2295.4057530555,758.995422363281,340
1281,2337.65697555818,2297.19029548263,758.168579101562,340
1282,2345.05274251062,2298.67472871763,758.168579101562,340
1283,2363.40326887558,2303.19321230073,758.168579101562,340
1284,2334.95273119795,2302.64119904757,758.168579101562,340
1285,2352.87099314726,2303.64590067924,758.168579101562,340
1286,2284.63274338078,2311.17110146545,758.168579101562,340
1287,2170.53944712398,2305.20291830117,758.168579101562,340
1288,2304.9922427217,2303.09613020535,758.168579101562,340
1289,2387.40423503187,2304.68674224818,757.589111328125,340
1290,2349.98995393537,2309.72209593406,757.589111328125,340
1291,2264.91549074294,2305.86594125577,757.589111328125,340
1292,2286.42657727989,2303.33980274115,757.589111328125,340
1293,2367.66734324884,2305.10533608539,757.589111328125,340
1294,2228.68162777063,2304.85264565316,757.589111328125,340
1295,2365.1772831102,2306.0993638514,757.589111328125,340
1296,2370.4943167247,2307.26996060195,757.589111328125,340
1297,2345.12983427725,2307.69978425402,756.228088378906,340
1298,2305.86826397131,2307.73682456037,756.228088378906,340
1299,2339.83444805524,2309.31931152409,756.228088378906,340
1300,2353.54731791237,2317.5579790128,756.228088378906,340
1301,2215.24443637529,2322.09907462274,756.228088378906,340
1302,2351.31537123432,2322.3867655428,756.228088378906,340
1303,2295.82943676717,2319.67937951091,756.228088378906,340
1304,2360.59526823305,2321.30613397159,756.228088378906,340
1305,2259.97199706036,2317.68777384987,756.873291015625,340
1306,2354.57415950055,2318.36446120757,756.873291015625,340
1307,2262.85468009685,2315.07653871102,756.873291015625,340
1308,2304.52260503935,2312.72131215757,756.873291015625,340
1309,2358.26948182465,2313.65398218264,756.873291015625,340
1310,2266.97897114517,2310.21830130255,756.873291015625,340
1311,2362.54631728518,2313.33484425873,756.873291015625,340
1312,2295.33150536401,2318.32652658833,756.873291015625,340
1313,2376.16660572608,2321.17350110851,756.925048828125,340
1314,2081.0225595132,2308.91823408776,756.925048828125,340
1315,2349.07214239791,2308.88152162626,756.925048828125,340
1316,2336.86582704109,2311.75953507819,756.925048828125,340
1317,2326.54894650537,2313.36442984721,756.925048828125,340
1318,2339.66098801545,2312.24417563787,756.925048828125,340
1319,2361.51290279317,2317.55742663877,756.925048828125,340
1320,2361.75169902256,2317.42040327527,756.925048828125,340
1321,2365.6308105956,2317.2258630301,759.899108886719,340
1322,2319.05771366398,2316.18297820557,759.899108886719,340
1323,2252.32174786323,2314.04111756125,759.899108886719,340
1324,2091.65321357458,2304.11386818202,759.899108886719,340
1325,2379.10105460539,2305.13601764974,759.899108886719,340
1326,2386.60360063032,2311.99038421994,759.899108886719,340
1327,2347.84328773026,2311.85150087978,759.899108886719,340
1328,2381.6840320339,2315.28568469045,759.899108886719,340
1329,2324.16789867251,2313.82858990803,759.649108886719,340
1330,2362.35676629453,2317.9239806774,759.649108886719,340
1331,2364.01408353048,2318.30157763859,759.649108886719,340
1332,2367.54557571507,2322.48921346332,759.649108886719,340
1333,2360.99754018653,2324.74821086921,759.649108886719,340
1334,2351.44721392237,2324.47532015312,759.649108886719,340
1335,2367.24469649902,2328.48594916727,759.649108886719,340
1336,2354.90456105095,2328.1802789179,759.649108886719,340
1337,2359.97979431964,2330.76621047613,758.393676757812,340
1338,2358.94745250547,2330.0774443473,758.393676757812,340
1339,2363.55304756091,2341.37866386921,758.393676757812,340
1340,2369.09388667584,2342.17953364033,758.393676757812,340
1341,2338.05215098429,2342.22698659806,758.393676757812,340
1342,2349.31466286638,2343.1376152525,758.393676757812,340
1343,2343.8843270178,2343.30654881259,758.393676757812,340
1344,2361.68946344163,2343.31361123853,758.393676757812,340
1345,2360.28040793185,2343.2547595949,758.959533691406,340
1346,2364.5195315333,2343.21030843241,758.959533691406,340
1347,2384.31698691176,2345.82067936232,758.959533691406,340
1348,2338.38824687734,2349.26333932289,758.959533691406,340
1349,2360.12093413735,2360.0020481454,758.959533691406,340
1350,2325.23735577468,2357.84750019217,758.959533691406,340
1351,2342.34802655305,2356.07727722908,758.959533691406,340
1352,2362.97142155978,2356.68240258226,758.959533691406,340
1353,2286.69706653995,2352.8829239625,759.146301269531,340
1354,2363.56855571172,2354.45895024407,759.146301269531,340
1355,2347.91319333871,2353.88120732584,759.146301269531,340
1356,2356.05623664299,2353.56289345034,759.146301269531,340
1357,2292.69605833972,2350.56891275532,759.146301269531,340
1358,2378.10750706863,2351.25331143061,759.146301269531,340
1359,2377.02667775307,2352.27648998383,759.146301269531,340
1360,2349.84209394655,2351.58038588174,759.146301269531,340
1361,2363.32705637969,2351.91728569488,758.585510253906,340
1362,2391.70041179867,2353.18611039405,758.585510253906,340
1363,2362.1018050918,2353.3122844975,758.585510253906,340
1364,2304.70074112685,2350.95819224014,758.585510253906,340
1365,2360.82067575869,2350.62726380345,758.585510253906,340
1366,2305.645429185,2349.33099493148,758.585510253906,340
1367,2345.06511333886,2349.16101295038,758.585510253906,340
1368,2365.50586209757,2350.02587435357,758.585510253906,340
1369,2383.53439661852,2350.89967168064,759.577026367188,340
1370,2406.20346007379,2352.73659376632,759.577026367188,340
1371,2376.78121853823,2353.22706124652,759.577026367188,340
1372,2361.20004736479,2352.30238366464,759.577026367188,340
1373,2355.35592613509,2352.98109083495,759.577026367188,340
1374,2382.01433298961,2353.85682678904,759.577026367188,340
1375,2360.07897668213,2355.25049162534,759.577026367188,340
1376,2357.10023795102,2355.84058008126,759.577026367188,340
1377,2380.98540433929,2356.56113939244,760.12353515625,340
1378,2375.50291430172,2360.11337330291,760.12353515625,340
1379,2382.85544761266,2360.88484897895,760.12353515625,340
1380,2379.75872620766,2362.15867029371,760.12353515625,340
1381,2364.46917666872,2362.49518789473,760.12353515625,340
1382,2369.03865953619,2365.54889194259,760.12353515625,340
1383,2419.02530086181,2367.18560369432,760.12353515625,340
1384,2390.8718590158,2367.73941094483,760.12353515625,340
1385,2385.78936939567,2369.17730196279,760.093994140625,340
1386,2351.2350317398,2368.6936209772,760.093994140625,340
1387,2358.42132242392,2367.36245740221,760.093994140625,340
1388,2294.77865936308,2364.66953157306,760.093994140625,340
1389,2361.11077126648,2366.92593277864,760.093994140625,340
1390,2398.28980314563,2368.42469787412,760.093994140625,340
1391,2347.41560933434,2370.0955050801,760.093994140625,340
1392,2345.24191128948,2370.10257699812,760.093994140625,340
1393,2368.16177221038,2370.20881340263,760.367614746094,340
1394,2378.58616435511,2370.0108841121,760.367614746094,340
1395,2369.27979272225,2368.53393741804,760.367614746094,340
1396,2396.02803108331,2369.30380991984,760.367614746094,340
1397,2355.73542543857,2369.08522504279,760.367614746094,340
1398,2380.74854978964,2370.10092998897,760.367614746094,340
1399,2376.57258962714,2369.88326025447,760.367614746094,340
1400,2306.70543948392,2367.74831876654,760.367614746094,340
1401,2346.20469893937,2367.31249720608,760.49560546875,340
1402,2376.62921287457,2367.13824954749,760.49560546875,340
1403,2382.20720488595,2367.40642117086,760.49560546875,340
1404,2381.08688710979,2367.33567875074,760.49560546875,340
1405,2344.10164793601,2365.90939561988,760.49560546875,340
1406,2396.00909730564,2367.17099244535,760.49560546875,340
1407,2389.46631950353,2367.98809884405,760.49560546875,340
1408,2367.71861480915,2365.93583140194,760.49560546875,340
1409,2382.67435336745,2365.60793117601,760.699829101562,340
1410,2380.04999763351,2365.37835630552,760.699829101562,340
1411,2361.22410978404,2365.77791942729,760.699829101562,340
1412,2386.56026375657,2366.9034770806,760.699829101562,340
1413,2383.3285608569,2370.44547314035,760.699829101562,340
1414,2361.22153018209,2370.44990349697,760.699829101562,340
1415,2318.02827620004,2367.23944241915,760.699829101562,340
1416,2364.51063868503,2367.92324359318,760.699829101562,340
1417,2386.02674296144,2369.55463686006,761.674133300781,340
1418,2394.38050689714,2370.60338624753,761.674133300781,340
1419,2371.04973031077,2370.30192888575,761.674133300781,340
1420,2371.82719942949,2370.40382515404,761.674133300781,340
1421,2357.23117436414,2368.85195088528,761.674133300781,340
1422,2384.8571758803,2370.01682090295,761.674133300781,340
1423,2364.41550554329,2369.36349913309,761.674133300781,340
1424,2385.92847682483,2369.737734621,761.674133300781,340
1425,2376.08428419769,2372.51288840955,762.071899414062,340
1426,2378.48482022535,2373.80409326099,762.071899414062,340
1427,2355.31985394584,2372.95171890384,762.071899414062,340
1428,2383.66646260319,2373.01008921253,762.071899414062,340
1429,2356.9775097654,2372.04571411875,762.071899414062,340
1430,2368.62873420198,2373.02679756939,762.071899414062,340
1431,2349.00323320221,2371.14656300525,762.071899414062,340
1432,2396.27217347613,2371.41879716416,762.071899414062,340
1433,2401.43935799327,2372.76762689152,762.986267089844,340
1434,2390.88079855477,2373.09588469902,762.986267089844,340
1435,2379.64807584406,2373.07980782744,762.986267089844,340
1436,2378.32559584999,2373.76386727008,762.986267089844,340
1437,2392.68431622952,2374.00882936899,762.986267089844,340
1438,2381.36066256216,2373.9301134372,762.986267089844,340
1439,2355.06211181174,2373.68373670239,762.986267089844,340
1440,2389.9220143943,2376.55948623016,762.986267089844,340
1441,2382.19490041394,2377.26685669932,763.093811035156,340
1442,2372.26604725078,2376.71642887089,763.093811035156,340
1443,2393.33713104294,2376.67469383672,763.093811035156,340
1444,2306.55870869887,2374.09505297225,763.093811035156,340
1445,2379.08159799054,2374.38522891469,763.093811035156,340
1446,2368.33549346964,2374.82940167891,763.093811035156,340
1447,2369.69104551578,2374.22275646433,763.093811035156,340
1448,2338.82911778605,2373.19930095404,763.093811035156,340
1449,2393.20507687602,2373.49036495609,764.427368164062,340
1450,2335.65007858133,2371.87299673143,764.427368164062,340
1451,2370.78038090955,2371.5648191588,764.427368164062,340
1452,2305.34777518094,2369.5659360082,764.427368164062,340
1453,2401.60191800206,2370.28335422416,764.427368164062,340
1454,2405.92349191065,2372.24119350997,764.427368164062,340
1455,2383.49846559121,2372.83598276554,764.427368164062,340
1456,2364.17513325862,2373.44285876779,764.427368164062,340
1457,2224.68337650182,2366.57930688882,766.403869628906,340
1458,2306.22317031123,2362.77065938154,766.403869628906,340
1459,2362.96627105674,2361.65407828162,766.403869628906,340
1460,2362.11767448964,2360.95286222744,766.403869628906,340
1461,2318.15868404659,2358.54618575531,766.403869628906,340
1462,2376.87719715737,2357.91390099242,766.403869628906,340
1463,2323.55573523066,2355.60170389916,766.403869628906,340
1464,2384.71754702178,2356.78792130756,766.403869628906,340
1465,2335.95599958277,2354.6292807151,766.294372558594,340
1466,2365.40325992394,2353.9576150955,766.294372558594,340
1467,2383.80250477318,2354.4190733964,766.294372558594,340
1468,2370.29240416707,2353.49728432136,766.294372558594,340
1469,2357.71461416836,2355.54352054014,766.294372558594,340
1470,2309.29728740387,2352.75214811668,766.294372558594,340
1471,2356.43111284392,2352.27597289165,766.294372558594,340
1472,2377.119310432,2352.5731034883,766.294372558594,340
1473,2356.35047830814,2353.27395790918,768.169006347656,340
1474,2312.93688206232,2350.06323011663,768.169006347656,340
1475,2349.73915097283,2350.62679301229,768.169006347656,340
1476,2321.93918862727,2348.673145321,768.169006347656,340
1477,2271.87865433054,2347.33438048698,768.169006347656,340
1478,2266.30810894315,2341.92262812463,768.169006347656,340
1479,2266.10397438048,2336.32984742342,768.169006347656,340
1480,2377.12838363662,2336.07504414524,768.169006347656,340
1481,2363.74736678571,2336.05793348632,767.052612304688,340
1482,2361.83119805068,2341.54384634828,767.052612304688,340
1483,2351.50279733413,2343.35503142919,767.052612304688,340
1484,2336.30024349272,2342.28839032663,767.052612304688,340
1485,2349.39229693706,2341.77937522453,767.052612304688,340
1486,2382.98423483933,2344.37239725624,767.052612304688,340
1487,2181.09551009973,2336.54112977393,767.052612304688,340
1488,2131.26721805253,2328.84958908681,767.052612304688,340
1489,2369.73986281939,2328.25048171871,767.484252929688,340
1490,1995.20004451908,2314.62024351616,767.484252929688,340
1491,2244.48869170967,2309.78366078759,767.484252929688,340
1492,1996.77131181409,2294.30241306923,767.484252929688,340
1493,1876.63769856959,2274.55622484533,767.484252929688,340
1494,2013.03567043512,2260.769067096,767.484252929688,340
1495,2120.30975109871,2253.20956564379,767.484252929688,340
1496,2020.34479366698,2239.76611287672,767.484252929688,340
1497,2078.1681585719,2227.80806680231,768.943115234375,340
1498,2322.42493871194,2226.45104521846,768.943115234375,340
1499,2352.78383842472,2228.04492347296,768.943115234375,340
1500,2121.46907564235,2218.91412045974,768.943115234375,340
1501,2338.43490386564,2219.57394906928,768.943115234375,340
1502,2230.5304083926,2217.92001923176,768.943115234375,340
1503,2342.05547157918,2220.9499137372,768.943115234375,340
1504,2197.83964050709,2218.21934038226,768.943115234375,340
1505,2337.42589963552,2216.63124102222,767.382446289062,340
1506,2323.43592754528,2215.0187834526,767.382446289062,340
1507,2349.74031518429,2214.53514813795,767.382446289062,340
1508,2319.58120689682,2213.25828452045,767.382446289062,340
1509,2332.14467434964,2213.09206175473,767.382446289062,340
1510,2330.05199599407,2212.31844971701,767.382446289062,340
1511,2352.89795907609,2211.11499868648,767.382446289062,340
1512,2170.26134220261,2210.6816319706,767.382446289062,340
1513,2299.76161448865,2217.42140782804,766.3525390625,340
1514,2345.16664459869,2216.43847909921,766.3525390625,340
1515,2348.75503448027,2230.58067869766,766.3525390625,340
1516,2333.75489357756,2234.15132677238,766.3525390625,340
1517,2004.34480342985,2234.45426643701,766.3525390625,340
1518,2362.59483811769,2253.89255201893,766.3525390625,340
1519,2297.658577353,2265.27746829565,766.3525390625,340
1520,2160.9047836869,2266.90126959917,766.3525390625,340
1521,2323.09193083933,2279.01115508607,766.805114746094,340
1522,2350.40756188144,2289.90073121845,766.805114746094,340
1523,2218.93202464127,2285.76101465562,766.805114746094,340
1524,2346.92385394917,2285.5266152766,766.805114746094,340
1525,2288.74467313108,2292.21763917615,766.805114746094,340
1526,2327.84276237179,2291.7939535164,766.805114746094,340
1527,2352.9482245191,2296.69066616146,766.805114746094,340
1528,2327.38751996608,2296.10394809693,766.805114746094,340
1529,2352.36942836499,2302.28513961125,764.894836425781,340
1530,2314.63576172988,2301.37353409502,764.894836425781,340
1531,2367.20282561004,2303.12421001761,764.894836425781,340
1532,2357.79322886578,2303.44632656487,764.894836425781,340
1533,2368.1520858281,2305.38916172212,764.894836425781,340
1534,2333.20878279787,2305.43172606005,764.894836425781,340
1535,2327.08392519639,2305.31300322814,764.894836425781,340
1536,2301.84349584549,2303.27082469892,764.894836425781,340
1537,2338.29018699751,2309.99197849072,761.878784179688,340
1538,2371.31622632346,2312.85416296411,761.878784179688,340
1539,2363.18948901602,2313.5750767408,761.878784179688,340
1540,2331.31815299402,2312.87760148135,761.878784179688,340
1541,2334.82575945366,2312.9204361164,761.878784179688,340
1542,2336.08330949817,2326.18997635913,761.878784179688,340
1543,2346.72069779553,2325.55501074624,761.878784179688,340
1544,2334.63715154124,2327.03415371377,761.878784179688,340
1545,2344.74713397303,2334.38784772522,757.718017578125,340
1546,2338.13019852865,2334.98937843279,757.718017578125,340
1547,2356.34784243018,2335.22698965474,757.718017578125,340
1548,2370.45829308386,2341.28804039244,757.718017578125,340
1549,2331.75050210738,2340.68110631877,757.718017578125,340
1550,2338.20784224406,2342.65963308329,757.718017578125,340
1551,2232.73806103543,2338.85544502984,757.718017578125,340
1552,2350.98082741819,2338.7767491458,757.718017578125,340
1553,2382.36347789391,2340.97578746291,754.578247070312,340
1554,2356.32041205371,2341.13382681046,754.578247070312,340
1555,2349.42402164373,2342.52535720702,754.578247070312,340
1556,2338.08550435002,2341.36066435661,754.578247070312,340
1557,2384.87927949691,2342.44410638186,754.578247070312,340
1558,2346.14964215606,2341.56400863498,754.578247070312,340
1559,2327.18838440931,2341.32319269944,754.578247070312,340
1560,2372.82089819824,2343.15267161951,754.578247070312,340
1561,2356.30564916872,2345.33115775244,756.164245605469,340
1562,2323.21491147481,2344.72814673153,756.164245605469,340
1563,2303.2942719724,2342.00726855749,756.164245605469,340
1564,2294.36043668629,2339.2541064643,756.164245605469,340
1565,2347.5050246485,2339.90158133048,756.164245605469,340
1566,2342.1645718286,2340.19513382548,756.164245605469,340
1567,2256.81152651672,2337.02426250622,756.164245605469,340
1568,2315.89628240576,2335.79128589063,756.164245605469,340
1569,2336.96949500624,2335.88457962923,759.484802246094,340
1570,2352.11461116145,2336.17927871677,759.484802246094,340
1571,2356.54737706917,2336.91596585839,759.484802246094,340
1572,2364.10404009218,2337.22621376487,759.484802246094,340
1573,2366.37989389081,2337.06307779714,759.484802246094,340
1574,2372.46865368292,2338.69180386017,759.484802246094,340
1575,2359.09322756033,2339.52721927282,759.484802246094,340
1576,2368.58122637851,2344.96094588654,759.484802246094,340
1577,2344.51884639933,2344.70246664579,760.809692382812,340
1578,2347.13036753704,2343.29314223151,760.809692382812,340
1579,2361.47636478673,2343.49938034083,760.809692382812,340
1580,2336.18875381536,2342.9699696277,760.809692382812,340
1581,2316.84455318836,2342.12033158123,760.809692382812,340
1582,2348.67111958291,2340.67200518467,760.809692382812,340
1583,2366.32082847904,2341.47885263759,760.809692382812,340
1584,2345.09369140598,2342.19506491746,760.809692382812,340
1585,2350.28844234176,2341.2937666832,761.967590332031,340
1586,2364.41596793135,2341.6181794337,761.967590332031,340
1587,2343.91352678718,2342.4461240462,761.967590332031,340
1588,2321.50777532755,2343.1746641804,761.967590332031,340
1589,2347.63563353095,2345.30567205419,761.967590332031,340
1590,2373.83891164798,2346.35902753417,761.967590332031,340
1591,2381.46133021461,2347.93089786961,761.967590332031,340
1592,2085.56275388782,2341.08094696445,761.967590332031,340
1593,2362.64870287096,2342.95104378306,763.975524902344,340
1594,2323.81949222891,2342.42504367197,763.975524902344,340
1595,2362.54656936481,2342.8423220001,763.975524902344,340
1596,2360.70387261506,2343.00858182194,763.975524902344,340
1597,2369.90049636075,2343.24044007268,763.975524902344,340
1598,2331.77556372292,2341.85626686596,763.975524902344,340
1599,2380.95411438719,2342.19568529414,763.975524902344,340
1600,2385.3031373774,2343.24408168682,763.975524902344,340
1601,2350.85136515689,2342.53488723795,764.321716308594,340
1602,2344.4825446853,2342.53343516939,764.321716308594,340
1603,2332.42783301358,2341.94533378845,764.321716308594,340
1604,2370.93873886019,2342.32382875139,764.321716308594,340
1605,2312.39101227266,2341.37191908968,764.321716308594,340
1606,2259.0371176549,2339.05962166835,764.321716308594,340
1607,2367.31311689146,2339.80530156069,764.321716308594,340
1608,2144.73220559465,2330.94175664531,764.321716308594,340
1609,2247.4793070106,2327.0371812695,767.069885253906,340
1610,2094.53307081943,2316.8069664086,767.069885253906,340
1611,2059.36346241214,2304.60486618784,767.069885253906,340
1612,2262.14960769835,2301.33430942428,767.069885253906,340
1613,2340.3575432956,2302.08830014301,767.069885253906,340
1614,2197.39401060077,2296.0786352258,767.069885253906,340
1615,2230.94616667605,2290.36292542692,767.069885253906,340
1616,2359.52752902165,2289.4855733792,767.069885253906,340
1617,2230.07144484592,2295.26592101753,767.101806640625,340
1618,2335.43902465003,2294.17753388869,767.101806640625,340
1619,2317.08877944096,2293.90830537717,767.101806640625,340
1620,2379.89256578148,2294.60214523384,767.101806640625,340
1621,2343.43700928619,2293.91147070068,767.101806640625,340
1622,2349.68514199692,2293.10285652613,767.101806640625,340
1623,2359.88989253069,2294.22742967844,767.101806640625,340
1624,2381.61703375577,2294.25394645318,767.101806640625,340
1625,2374.93913389568,2293.83938631391,764.893127441406,340
1626,2161.02005687184,2286.24613398251,764.893127441406,340
1627,2393.32862427718,2288.19997716619,764.893127441406,340
1628,2341.22308349891,2288.5517871856,764.893127441406,340
1629,2375.95088122429,2288.75227288017,764.893127441406,340
1630,2346.32326051808,2290.10956280998,764.893127441406,340
1631,2351.87547942745,2293.82309728088,764.893127441406,340
1632,2378.48710092398,2294.27005664218,764.893127441406,340
1633,2343.50105106936,2302.22081046117,763.854553222656,340
1634,2372.03171312359,2307.20290670569,763.854553222656,340
1635,2222.81335617337,2312.33411811985,763.854553222656,340
1636,2246.90169617073,2319.83564747019,763.854553222656,340
1637,2347.07925501468,2323.23283336285,763.854553222656,340
1638,2168.22727616235,2316.34762267752,763.854553222656,340
1639,2150.70476888593,2314.48005300892,763.854553222656,340
1640,2241.65774882413,2314.90851629485,763.854553222656,340
1641,2103.85345820401,2304.68155346214,761.820068359375,340
1642,2300.1726356347,2307.48560109369,761.820068359375,340
1643,2130.66845254163,2299.29477820936,761.820068359375,340
1644,2298.22918360849,2298.54039437606,761.820068359375,340
1645,2343.12943032366,2297.06986895774,761.820068359375,340
1646,2199.11311150248,2291.2969130464,761.820068359375,340
1647,2362.25345879514,2291.79964571833,761.820068359375,340
1648,2372.22339797304,2292.29298593602,761.820068359375,340
1649,2135.75746594072,2282.45860322342,760.878051757812,340
1650,2281.78954612996,2278.73261971279,760.878051757812,340
1651,2291.21646338583,2283.94047597335,760.878051757812,340
1652,2293.14668405593,2279.9331983645,760.878051757812,340
1653,2202.13089890573,2274.36951098077,760.878051757812,340
1654,1994.10577300344,2259.09570665194,760.878051757812,340
1655,2311.44274334984,2257.70048596521,760.878051757812,340
1656,2154.44373748853,2249.80321628765,760.878051757812,340
1657,2273.3199078215,2245.59652856355,758.51953125,340
1658,2210.18175478337,2240.26375671211,758.51953125,340
1659,2306.72709882947,2237.65157214035,758.51953125,340
1660,2094.9488798635,2232.53699308795,758.51953125,340
1661,2379.0834371458,2237.82426272695,758.51953125,340
1662,2175.8550915041,2230.97529618653,758.51953125,340
1663,2113.49669038185,2228.78607275531,758.51953125,340
1664,2345.78904242258,2236.58944369678,758.51953125,340
1665,2309.71457160221,2239.3117166079,755.665222167969,340
1666,2138.06486965653,2240.680173066,755.665222167969,340
1667,2090.79511082367,2232.30507207356,755.665222167969,340
1668,2228.23491982368,2236.20773076484,755.665222167969,340
1669,2340.15191644306,2237.88464007822,755.665222167969,340
1670,2297.67191650249,2236.06633952538,755.665222167969,340
1671,2177.96395147154,2235.22037312414,755.665222167969,340
1672,2182.61466060829,2228.03482119667,755.665222167969,340
1673,2257.54558661373,2223.44770874229,752.566955566406,340
1674,2256.08744750125,2228.26090800471,752.566955566406,340
1675,2311.94521244373,2229.46713465727,752.566955566406,340
1676,2168.0523612779,2224.54057057295,752.566955566406,340
1677,2316.98218757096,2225.49399071355,752.566955566406,340
1678,2171.32335457939,2224.2616889405,752.566955566406,340
1679,2259.21546413958,2234.86607658594,752.566955566406,340
1680,2313.49373347777,2234.94811619106,752.566955566406,340
1681,2378.52356973961,2243.9113094811,752.555969238281,340
1682,2302.02723446546,2245.05960254686,752.555969238281,340
1683,2332.42910130255,2249.94949640763,752.555969238281,340
1684,2259.61909997006,2248.06517645325,752.555969238281,340
1685,2253.0706399451,2254.39004685652,752.555969238281,340
1686,2353.77832189226,2253.37784224637,752.555969238281,340
1687,2321.3877224215,2259.19914748307,752.555969238281,340
1688,2340.62593382161,2268.28431722066,752.555969238281,340
1689,2330.7881113626,2267.68427997826,754.163635253906,340
1690,2063.19552589484,2257.82351814997,754.163635253906,340
1691,2341.86292355881,2265.97544030606,754.163635253906,340
1692,2336.86500214225,2275.8182359588,754.163635253906,340
1693,2337.86013726635,2280.20324465651,754.163635253906,340
1694,2322.18719764808,2279.48465590471,754.163635253906,340
1695,2328.83561561117,2280.73120386906,754.163635253906,340
1696,2284.64113632511,2284.9982912632,754.163635253906,340
1697,2271.87951783755,2288.56888555237,755.366149902344,340
1698,2196.67969777336,2286.13424999875,755.366149902344,340
1699,2306.59786323197,2288.15466662798,755.366149902344,340
1700,2308.72467571992,2288.02584515903,755.366149902344,340
1701,2159.44850533021,2287.68169092112,755.366149902344,340
1702,2349.41893347158,2288.97916075715,755.366149902344,340
1703,2324.02153916952,2295.08708814075,755.366149902344,340
1704,2141.15864229253,2290.36481526687,755.366149902344,340
1705,2343.92157002155,2291.58192872862,756.268798828125,340
1706,2330.36044863049,2289.65540388426,756.268798828125,340
1707,2329.79520301737,2290.76612262633,756.268798828125,340
1708,2316.45260449273,2290.12706275394,756.268798828125,340
1709,2064.39750301641,2282.3181988758,756.268798828125,340
1710,2241.10532156575,2281.83958614062,756.268798828125,340
1711,2288.01831742237,2279.20918596183,756.268798828125,340
1712,2333.53765288539,2279.69518318038,756.268798828125,340
1713,2147.52607266765,2271.97118873422,754.094909667969,340
1714,2251.59515270093,2268.80347038776,754.094909667969,340
1715,2274.36360062936,2277.25019337714,754.094909667969,340
1716,2098.65407344235,2267.52183937248,754.094909667969,340
1717,2331.37060033556,2267.30206330021,754.094909667969,340
1718,2250.23361896082,2263.79700256799,754.094909667969,340
1719,2218.55907992053,2259.65187785889,754.094909667969,340
1720,2299.05050904676,2258.46047359631,754.094909667969,340
1721,2337.88158859389,2260.59009168706,751.879211425781,340
1722,2322.11844924029,2262.59964894317,751.879211425781,340
1723,2210.2228929412,2263.14137674989,751.879211425781,340
1724,2095.31653513912,2254.69012362617,751.879211425781,340
1725,2313.1396703779,2254.86672341249,751.879211425781,340
1726,2221.59517650479,2257.35259025947,751.879211425781,340
1727,2253.9764406983,2253.53489054854,751.879211425781,340
1728,2301.00566687071,2252.61425565659,751.879211425781,340
1729,2202.51159764458,2255.06837387067,745.944458007812,340
1730,2306.35676511104,2253.56578167425,745.944458007812,340
1731,2269.0613595987,2251.11381811298,745.944458007812,340
1732,2312.76684602498,2250.43268383328,745.944458007812,340
1733,2334.70348078639,2251.16271888503,745.944458007812,340
1734,2340.7270774637,2262.21590186292,745.944458007812,340
1735,1971.85391755835,2251.44584570263,745.944458007812,340
1736,2317.38773653138,2252.62062246699,745.944458007812,340
1737,2181.50993407345,2246.53951371451,745.190795898438,340
1738,2324.21808110816,2253.60719405213,745.190795898438,340
1739,2323.4695443976,2256.48216972,745.190795898438,340
1740,2337.6580098733,2259.01394608975,745.190795898438,340
1741,2315.78593040035,2267.69922036807,745.190795898438,340
1742,2135.42545432296,2259.86141452757,745.190795898438,340
1743,2357.96861667331,2264.17081443607,745.190795898438,340
1744,2322.56561685186,2268.33107591332,745.190795898438,340
1745,2359.60550324826,2270.75327568138,744.866455078125,340
1746,2308.14048896314,2269.56363169615,744.866455078125,340
1747,2322.79392755917,2269.59065082891,744.866455078125,340
1748,2326.65260047661,2274.24783913032,744.866455078125,340
1749,2105.77086346264,2274.66601226326,744.866455078125,340
1750,2286.66920854961,2273.60719379013,744.866455078125,340
1751,2348.12276128565,2278.66829718137,744.866455078125,340
1752,2356.89349526332,2282.78497936397,744.866455078125,340
1753,2309.0485532495,2283.10669481912,742.895935058594,340
1754,2089.65907366089,2278.59259385977,742.895935058594,340
1755,2300.44062203896,2278.35594813689,742.895935058594,340
1756,2333.43832396319,2280.93102671147,742.895935058594,340
1757,2341.81811047487,2282.09307728946,742.895935058594,340
1758,2363.39340443355,2283.24067423535,742.895935058594,340
1759,2295.09143974373,2281.41524872655,742.895935058594,340
1760,2299.37295421667,2294.51601019288,742.895935058594,340
1761,2316.56817373299,2294.48322768095,742.531372070312,340
1762,2321.60588053536,2300.08706553942,742.531372070312,340
1763,2257.16525458997,2297.4049524787,742.531372070312,340
1764,2327.66053492376,2297.57259209974,742.531372070312,340
1765,2096.04965066,2287.90825773121,742.531372070312,340
1766,2331.37426391095,2288.53179107164,742.531372070312,340
1767,2282.2920906763,2294.40645652577,742.531372070312,340
1768,2341.53316196784,2293.74903833755,742.531372070312,340
1769,2287.82551836036,2292.35943439789,740.383422851562,340
1770,2091.58379686177,2281.63856614243,740.383422851562,340
1771,2178.66086461827,2276.45938116864,740.383422851562,340
1772,2345.02903862113,2277.34878561111,740.383422851562,340
1773,2222.03603857077,2273.16412313488,740.383422851562,340
1774,2330.52096673083,2282.15412726561,740.383422851562,340
1775,2164.23386602611,2277.25671356467,740.383422851562,340
1776,2336.58061063627,2276.79502753869,740.383422851562,340
1777,2122.01601081388,2267.39992816072,742.162353515625,340
1778,1911.82537373659,2251.5110009802,742.162353515625,340
1779,2293.65459818617,2259.67082196121,742.162353515625,340
1780,2309.05285734247,2260.01531137335,742.162353515625,340
1781,2076.17392052813,2249.72473523595,742.162353515625,340
1782,2304.01049715708,2248.21243070324,742.162353515625,340
1783,2253.87048561998,2243.8315139507,742.162353515625,340
1784,2086.07628842893,2235.4709078981,742.162353515625,340
1785,2278.52115436656,2234.6368359041,741.03759765625,340
1786,2240.5618163305,2231.596581608,741.03759765625,340
1787,2365.69574247975,2233.36017608578,741.03759765625,340
1788,2171.3519671646,2229.92764458876,741.03759765625,340
1789,2342.6583405464,2230.52755681367,741.03759765625,340
1790,2194.34545785501,2234.45938910147,741.03759765625,340
1791,2352.73882315262,2235.31397147113,741.03759765625,340
1792,2281.89754164881,2235.29818951003,741.03759765625,340
1793,2332.84557554807,2234.95068605324,742.012451171875,340
1794,2334.25938306153,2236.80804064129,742.012451171875,340
1795,2359.947811002,2247.5426012069,742.012451171875,340
1796,2208.88259729924,2248.75147051414,742.012451171875,340
1797,2357.15233476387,2249.23640235985,742.012451171875,340
1798,2320.01029835854,2253.15537275136,742.012451171875,340
1799,2310.23539403708,2252.34394984361,742.012451171875,340
1800,2310.51337713481,2258.19513028796,742.012451171875,340
1801,2318.22562048676,2257.46093068198,741.241027832031,340
1802,2336.17381192972,2266.02724272661,741.241027832031,340
1803,2350.99966792381,2283.5942144941,741.241027832031,340
1804,2345.54571381995,2285.66985911945,741.241027832031,340
1805,2294.94597179791,2285.10558369767,741.241027832031,340
1806,2323.28892876199,2294.99018402702,741.241027832031,340
1807,2348.34413761063,2296.76352964516,741.241027832031,340
1808,2139.85954438454,2292.20309199575,741.241027832031,340
1809,2320.52883910971,2301.58119402298,742.860961914062,340
1810,2346.44570368241,2304.29817599561,742.860961914062,340
1811,2329.75404067541,2307.86586496941,742.860961914062,340
1812,2352.51374406921,2307.33858503299,742.860961914062,340
1813,2145.46417861727,2306.30307349109,742.860961914062,340
1814,2333.57717856246,2305.93982701173,742.860961914062,340
1815,2341.84828243166,2311.8399399948,742.860961914062,340
1816,2361.93459635833,2312.20777092303,742.860961914062,340
1817,2339.72904060141,2314.52103088113,744.070495605469,340
1818,2348.20948004559,2315.13558706103,744.070495605469,340
1819,2235.13310878783,2311.17053609009,744.070495605469,340
1820,2322.82244653256,2309.68552151131,744.070495605469,340
1821,2319.74644312257,2314.12007534424,744.070495605469,340
1822,2339.91474347927,2313.43057169286,744.070495605469,340
1823,2374.32380950556,2315.60311213874,744.070495605469,340
1824,2347.4542019462,2317.0918644551,744.070495605469,340
1825,1967.64354218665,2303.37707105718,745.458984375,340
1826,2354.97764184688,2304.84715191158,745.458984375,340
1827,2367.01917743974,2306.08096653198,745.458984375,340
1828,2331.90865023962,2305.31732582462,745.458984375,340
1829,2338.07316387722,2305.01842382691,745.458984375,340
1830,2358.20048408914,2307.54860431856,745.458984375,340
1831,2362.5403423751,2309.11866086308,745.458984375,340
1832,2346.8599958555,2309.05929519287,745.458984375,340
1833,2333.95525439775,2316.8231235934,746.628112792969,340
1834,2372.24526916614,2318.89178079566,746.628112792969,340
1835,2338.16614086613,2318.56059828301,746.628112792969,340
1836,2376.31783521364,2320.42315006454,746.628112792969,340
1837,2364.04754912009,2320.88450226657,746.628112792969,340
1838,2386.53036547987,2330.52714974108,746.628112792969,340
1839,2364.57154466849,2331.76692438532,746.628112792969,340
1840,2379.0324298427,2333.25429028176,746.628112792969,340
1841,2379.17198788911,2333.94378594299,748.969360351562,340
1842,2321.78568477546,2333.22605170995,748.969360351562,340
1843,2345.06895197741,2333.10043058723,748.969360351562,340
1844,2127.82506235353,2328.80810872985,748.969360351562,340
1845,2381.49615370745,2331.15505701685,748.969360351562,340
1846,2187.76499955263,2325.87579927405,748.969360351562,340
1847,2383.6774995961,2327.62630951872,748.969360351562,340
1848,2324.11122406705,2325.61780610118,748.969360351562,340
1849,2023.76769454824,2312.67034580527,750.694091796875,340
1850,2295.49077913548,2325.78423528322,750.694091796875,340
1851,2395.06373163546,2327.38767887476,750.694091796875,340
1852,2375.59843045212,2327.73084899526,750.694091796875,340
1853,2385.76222642894,2329.88499204283,750.694091796875,340
1854,2378.95990675946,2331.52046175812,750.694091796875,340
1855,2373.84183022024,2332.14611560336,750.694091796875,340
1856,2380.42907677537,2332.86166497937,750.694091796875,340
1857,2201.0003449087,2327.0272789415,751.848876953125,340
1858,2213.73742548897,2322.21856578515,751.848876953125,340
1859,2363.77694027048,2321.87983262932,751.848876953125,340
1860,2300.6349728671,2320.37858590936,751.848876953125,340
1861,2374.01614346193,2320.2865182393,751.848876953125,340
1862,2383.84033122083,2321.07822952332,751.848876953125,340
1863,2358.34368654805,2319.95076236605,751.848876953125,340
1864,2354.89361800514,2319.56364529952,751.848876953125,340
1865,2375.23523475315,2319.41175749594,754.573669433594,340
1866,2381.0407351273,2319.48650738546,754.573669433594,340
1867,2347.88561948056,2320.53050477367,754.573669433594,340
1868,2356.65076735508,2320.99377738877,754.573669433594,340
1869,2368.55422738377,2330.62294398998,754.573669433594,340
1870,2365.67161143797,2329.9899622992,754.573669433594,340
1871,2380.75781427028,2337.70967488791,754.573669433594,340
1872,2349.9209401295,2336.35941250925,754.573669433594,340
1873,2279.79045062877,2334.58658157172,755.861999511719,340
1874,2374.43200836037,2348.6131541242,755.861999511719,340
1875,2339.68809160417,2350.38104662295,755.861999511719,340
1876,2303.04280678924,2346.7002096291,755.861999511719,340
1877,2277.33958758836,2342.76985591455,755.861999511719,340
1878,2156.55801170219,2333.60168732548,755.861999511719,340
1879,2354.6423192992,2332.62898382707,755.861999511719,340
1880,2368.72964002038,2332.42449621907,755.861999511719,340
1881,2384.00248803186,2332.56743266933,756.687255859375,340
1882,2337.17622770555,2338.01446798121,756.687255859375,340
1883,2323.30134303766,2342.39702468316,756.687255859375,340
1884,2279.44850659976,2339.02388733633,756.687255859375,340
1885,2252.04614953961,2337.08033440323,756.687255859375,340
1886,2228.43991688494,2331.25728534015,756.687255859375,340
1887,2364.71815096217,2330.4923981298,756.687255859375,340
1888,2313.08213665686,2328.68193613415,756.687255859375,340
1889,2386.10235160375,2329.9302854781,756.613159179688,340
1890,2357.45025390437,2329.21888624415,756.613159179688,340
1891,2374.41837486525,2328.95399183366,756.613159179688,340
1892,2388.00402417343,2330.55872802138,756.613159179688,340
1893,2375.54979417217,2331.31468909406,756.613159179688,340
1894,2385.30929558488,2331.98489182211,756.613159179688,340
1895,2289.67367676788,2328.9449744353,756.613159179688,340
1896,2397.36871242561,2329.60941036152,756.613159179688,340
1897,2332.19710432987,2328.90045692953,756.286437988281,340
1898,2360.94353660594,2332.14658036862,756.286437988281,340
1899,2369.01056368239,2331.9297225815,756.286437988281,340
1900,2366.19709251667,2332.990082618,756.286437988281,340
1901,2380.11302191361,2336.07289122297,756.286437988281,340
1902,2378.53843148537,2340.12084497885,756.286437988281,340
1903,2379.22665213663,2349.02759059623,756.286437988281,340
1904,2374.46233411872,2349.82039118901,756.286437988281,340
1905,2369.93205687534,2349.86848786321,757.030151367188,340
1906,2365.68805040174,2349.13591035801,757.030151367188,340
1907,2345.52319204023,2349.46978893139,757.030151367188,340
1908,2391.67594496401,2352.20477300845,757.030151367188,340
1909,2373.00583608103,2355.9470661877,757.030151367188,340
1910,2397.98995199055,2361.78481828574,757.030151367188,340
1911,2379.80451842689,2367.83940234741,757.030151367188,340
1912,2362.90722683161,2367.76696538219,757.030151367188,340
1913,2373.59103610635,2370.18732136017,757.912353515625,340
1914,2368.84982152032,2369.49722015683,757.912353515625,340
1915,2394.14724906312,2370.96509996318,757.912353515625,340
1916,2398.21941810708,2371.91714169286,757.912353515625,340
1917,2341.6861657254,2370.06442735494,757.912353515625,340
1918,2365.59481766348,2369.66622829459,757.912353515625,340
1919,2373.00754083994,2369.17415810479,757.912353515625,340
1920,2370.92274214976,2372.42412072007,757.912353515625,340
1921,2345.19287039029,2370.33708703865,759.644165039062,340
1922,2197.73598202977,2364.95864214665,759.644165039062,340
1923,2096.63182150026,2354.38617354242,759.644165039062,340
1924,2269.64585464794,2350.41158518104,759.644165039062,340
1925,2402.56265192842,2351.86620755751,759.644165039062,340
1926,2397.81131169171,2352.57413914864,759.644165039062,340
1927,2377.94691506864,2352.55047849197,759.644165039062,340
1928,2392.44231525337,2353.07910501664,759.644165039062,340
1929,2277.73659186099,2349.21007532633,762.560852050781,340
1930,2391.92837521843,2350.08992806005,762.560852050781,340
1931,2390.12445659572,2351.06738430781,762.560852050781,340
1932,2390.95830555681,2352.88478884848,762.560852050781,340
1933,2372.35032089095,2352.11176388555,762.560852050781,340
1934,2394.14542994478,2352.9573476401,762.560852050781,340
1935,2088.51093387279,2340.57818691539,762.560852050781,340
1936,2398.06175874694,2341.3084765282,762.560852050781,340
1937,2385.39942123953,2342.20816430451,762.5498046875,340
1938,2398.87619022281,2343.21957046917,762.5498046875,340
1939,2393.70878282375,2344.21392892131,762.5498046875,340
1940,2385.76509156241,2343.87864262128,762.5498046875,340
1941,2397.15256488778,2343.83596849251,762.5498046875,340
1942,2286.59797393907,2341.63244082105,762.5498046875,340
1943,2392.76022813426,2342.71905723989,762.5498046875,340
1944,2377.48598362771,2342.8981949514,762.5498046875,340
1945,2401.26115582908,2344.11173149857,762.561584472656,340
1946,2389.24861906265,2345.87396144546,762.561584472656,340
1947,2003.48335435355,2338.10385633841,762.561584472656,340
1948,2402.99175887388,2350.35825383336,762.561584472656,340
1949,2319.59642392865,2352.35627660459,762.561584472656,340
1950,2390.92681099809,2351.89084296737,762.561584472656,340
1951,2378.46289408295,2351.11690626302,762.561584472656,340
1952,2292.22721097915,2347.68811809944,762.561584472656,340
1953,2364.91199534966,2346.5869053033,762.436828613281,340
1954,2379.70569599033,2350.66566946847,762.436828613281,340
1955,2419.26694439766,2351.75921223564,762.436828613281,340
1956,2252.79562019108,2346.26605877945,762.436828613281,340
1957,2295.69264715955,2342.45543244356,762.436828613281,340
1958,2269.50100105977,2338.34145965031,762.436828613281,340
1959,2368.06807652988,2337.29836551372,762.436828613281,340
1960,2323.21201646236,2346.6864088173,762.436828613281,340
1961,2406.20175544125,2347.01200868507,763.063171386719,340
1962,2237.58508523925,2341.09943524506,763.063171386719,340
1963,2373.3566657267,2340.07865426522,763.063171386719,340
1964,2377.99554567247,2339.45012477917,763.063171386719,340
1965,2369.08029073265,2338.78273274598,763.063171386719,340
1966,2383.20189864416,2338.22470609623,763.063171386719,340
1967,2374.01840983994,2341.72152353227,763.063171386719,340
1968,2304.00377248457,2338.17126530628,763.063171386719,340
1969,2351.87882164967,2337.14697882716,763.180908203125,340
1970,2374.92741717673,2336.09362928106,763.180908203125,340
1971,2392.34596060943,2336.21752294293,763.180908203125,340
1972,2353.98267706838,2350.23749585153,763.180908203125,340
1973,2387.10611194658,2349.60206997444,763.180908203125,340
1974,2360.66401173443,2351.24477348667,763.180908203125,340
1975,2382.04144791666,2350.88935896341,763.180908203125,340
1976,2379.51416941756,2350.93140997679,763.180908203125,340
1977,2316.14611117683,2351.8881659847,765.123291015625,340
1978,2396.96453845037,2353.17026770873,765.123291015625,340
1979,2381.35345939932,2353.23617824509,765.123291015625,340
1980,2391.2962152575,2352.11734907948,765.123291015625,340
1981,2367.61022063041,2356.70993309706,765.123291015625,340
1982,2381.42697711847,2360.13930629541,765.123291015625,340
1983,2269.50937820338,2360.13964138116,765.123291015625,340
1984,2374.52318587705,2360.39784575504,765.123291015625,340
1985,2384.80642549395,2362.86162211631,765.767028808594,340
1986,2332.02573738439,2359.89458139403,765.767028808594,340
1987,2373.34377961727,2365.32492916916,765.767028808594,340
1988,2381.15875197913,2365.63701261925,765.767028808594,340
1989,2180.36883885374,2357.7319443465,765.767028808594,340
1990,2401.83865725277,2359.04227900731,765.767028808594,340
1991,2230.13813963121,2352.91972864679,765.767028808594,340
1992,2367.30403923117,2352.65115382244,765.767028808594,340
1993,2401.2957507275,2356.54283295216,766.722778320312,340
1994,2374.10386888529,2357.43183484158,766.722778320312,340
1995,2386.2404996059,2357.88435813875,766.722778320312,340
1996,2390.56751464176,2357.81322030004,766.722778320312,340
1997,2343.3616533854,2357.38837935272,766.722778320312,340
1998,2377.54721555816,2357.00602349719,766.722778320312,340
1999,2381.53488933938,2357.84085860138,766.722778320312,340
2000,2374.86181414085,2357.55367325035,766.722778320312,340
2001,2381.80999658813,2357.64550633717,767.711303710938,340
2002,2257.39126648536,2355.29531254952,767.711303710938,340
2003,2364.64074971515,2354.00236100011,767.711303710938,340
2004,2371.28077367479,2353.59945357113,767.711303710938,340
2005,2368.57984159813,2352.69079862475,767.711303710938,340
2006,2100.52226700013,2342.00728047954,767.711303710938,340
2007,2373.94345347884,2341.70793953395,767.711303710938,340
2008,2234.67830119304,2340.31469645354,767.711303710938,340
2009,2146.88632661774,2331.20922208317,767.115966796875,340
2010,2150.35319613077,2321.83109290864,767.115966796875,340
2011,2226.4700526261,2317.60886551831,767.115966796875,340
2012,2229.74759297431,2311.86501805259,767.115966796875,340
2013,2374.59910582091,2311.60263220626,767.115966796875,340
2014,2299.17838715289,2316.35501413823,767.115966796875,340
2015,2154.74660388358,2306.47133200346,767.115966796875,340
2016,2036.49384230458,2298.7255601104,767.115966796875,340
2017,2351.98827687244,2298.11292961605,768.564453125,340
2018,2183.41194287536,2289.39757730196,768.564453125,340
2019,2343.16521298898,2288.16003106611,768.564453125,340
2020,2349.38441379805,2286.68578763379,768.564453125,340
2021,2374.26456287638,2286.03366956318,768.564453125,340
2022,2356.18225279626,2286.54649353961,768.564453125,340
2023,2379.16973729721,2286.61139440917,768.564453125,340
2024,2218.34363759901,2280.08374433956,768.564453125,340
2025,2354.17074988386,2279.25610176928,767.972595214844,340
2026,2357.84820698707,2278.29763018524,767.972595214844,340
2027,2310.26439115563,2280.41255517205,767.972595214844,340
2028,2347.08959022529,2279.71050879245,767.972595214844,340
2029,2240.43856540687,2274.47682046174,767.972595214844,340
2030,2354.10804358859,2273.89794854136,767.972595214844,340
2031,2275.11377511285,2280.88160886586,767.972595214844,340
2032,2248.50112010436,2275.86391553089,767.972595214844,340
2033,2343.44308712139,2280.21450696802,768.792419433594,340
2034,2338.43119814889,2287.87630182927,768.792419433594,340
2035,2341.00058017632,2295.50219719109,768.792419433594,340
2036,2322.60661274034,2299.34765959566,768.792419433594,340
2037,2337.42060310659,2303.65458000095,768.792419433594,340
2038,2377.36783705235,2303.76532925021,768.792419433594,340
2039,2086.53599651631,2295.25963362474,768.792419433594,340
2040,2363.77035907827,2303.62058383253,768.792419433594,340
2041,2362.62941403724,2316.66600670184,768.107971191406,340
2042,2325.72736088676,2315.61557006241,768.107971191406,340
2043,2301.93483050553,2320.35648556762,768.107971191406,340
2044,2219.78560980589,2315.42130144029,768.107971191406,340
2045,2342.29692867151,2315.13780203523,768.107971191406,340
2046,2350.15128851041,2314.17327106059,768.107971191406,340
2047,2369.37602065906,2314.7010217751,768.107971191406,340
2048,2131.96643866219,2304.8128898297,768.107971191406,340
2049,2361.97261642969,2310.55804898293,768.252990722656,340
2050,2368.55957397449,2311.13360194656,768.252990722656,340
2051,2351.10011665541,2310.86367833329,768.252990722656,340
2052,2363.48107126607,2312.99234553771,768.252990722656,340
2053,2373.94999654056,2314.06676179032,768.252990722656,340
2054,2369.57038877914,2319.23203472521,768.252990722656,340
2055,2351.92974588851,2319.1449028172,768.252990722656,340
2056,2350.85434997309,2322.17452581161,768.252990722656,340
2057,2369.54739404724,2327.01637676933,768.508361816406,340
2058,2351.98966060015,2327.35823970848,768.508361816406,340
2059,2366.93509012165,2328.49839538739,768.508361816406,340
2060,2362.90596334312,2329.37461071406,768.508361816406,340
2061,2354.64590649015,2330.65618246405,768.508361816406,340
2062,2366.81330790834,2331.83189065613,768.508361816406,340
2063,2364.87520648857,2331.33218543357,768.508361816406,340
2064,2352.54679891958,2341.97261752971,768.508361816406,340
2065,2352.53170974543,2341.52307155639,766.630676269531,340
2066,2365.6334817169,2341.64323426358,766.630676269531,340
2067,2297.8445275879,2340.52792093162,766.630676269531,340
2068,2330.07230326482,2341.65341984199,766.630676269531,340
2069,2345.12231922851,2346.6668882189,766.630676269531,340
2070,2364.91376284647,2347.5715615859,766.630676269531,340
2071,2375.67421341872,2348.59247858223,766.630676269531,340
2072,2385.40600532075,2349.2336779687,766.630676269531,340
2073,2346.60297258517,2357.81913932562,765.234252929688,340
2074,2316.28724001317,2355.99172426896,765.234252929688,340
2075,2349.0932667896,2355.21307198156,765.234252929688,340
2076,2333.71942798157,2354.51784443461,765.234252929688,340
2077,2369.17377145252,2354.74555244206,765.234252929688,340
2078,2369.77719020968,2354.57864018883,765.234252929688,340
2079,2323.52248560828,2352.736724062,765.234252929688,340
2080,2363.55133229809,2353.20158751838,765.234252929688,340
2081,2363.12863700466,2353.69255899964,766.168640136719,340
2082,2344.82221754303,2352.70355193947,766.168640136719,340
2083,2350.5667389885,2352.64663507501,766.168640136719,340
2084,2348.30094254731,2351.90126917203,766.168640136719,340
2085,2370.95961494289,2352.22341523602,766.168640136719,340
2086,2355.12239415801,2352.24247474274,766.168640136719,340
2087,2374.22493118414,2352.53893967377,766.168640136719,340
2088,2373.35049014071,2352.87795101985,766.168640136719,340
2089,2269.75938241216,2349.56645435956,765.035034179688,340
2090,2374.08519650382,2350.42859382989,765.035034179688,340
2091,2352.38041747701,2349.8984712603,765.035034179688,340
2092,2268.77774028623,2348.73579976823,765.035034179688,340
2093,2356.74554301366,2349.80272935818,765.035034179688,340
2094,2354.78798076792,2350.18935581976,765.035034179688,340
2095,2371.52064806255,2350.4536312284,765.035034179688,340
2096,2381.80609620756,2350.69890653996,765.035034179688,340
2097,2356.87179618225,2349.55753817442,764.562744140625,340
2098,2362.21968272408,2350.18220657997,764.562744140625,340
2099,2375.94352702094,2352.56845806029,764.562744140625,340
2100,2350.26754242605,2352.61542908574,764.562744140625,340
2101,2358.39124029338,2353.60230157822,764.562744140625,340
2102,2358.52982090635,2353.17654355637,764.562744140625,340
2103,2353.89876196428,2352.54140642655,764.562744140625,340
2104,2360.13044909391,2354.00572496598,764.562744140625,340
2105,2362.09916171218,2353.94763814254,762.006652832031,340
2106,2372.40516033779,2354.31869907587,762.006652832031,340
2107,2384.67461714134,2355.9127950598,762.006652832031,340
2108,2362.03201531082,2356.37140611269,762.006652832031,340
2109,2371.83749906607,2357.31286837344,762.006652832031,340
2110,2272.0277090661,2353.35559213837,762.006652832031,340
2111,2362.34646094461,2353.64455480984,762.006652832031,340
2112,2377.64283817982,2353.78127108966,762.006652832031,340
2113,2381.49469368999,2354.10703923163,761.80517578125,340
2114,2406.08089978247,2359.55989992645,761.80517578125,340
2115,2362.750520329,2359.10651287945,761.80517578125,340
2116,2379.66036412152,2360.19771074523,761.80517578125,340
2117,2379.55084933792,2364.6286351073,761.80517578125,340
2118,2357.62093647129,2364.66365084561,761.80517578125,340
2119,2371.5036127424,2365.33227612459,761.80517578125,340
2120,2363.75358821747,2365.02159373078,761.80517578125,340
2121,2280.74375120181,2360.97909993055,762.378295898438,340
2122,2373.99404757271,2361.66398998617,762.378295898438,340
2123,2377.93080331801,2362.29243480993,762.378295898438,340
2124,2392.58208457115,2362.95797711194,762.378295898438,340
2125,2372.75831637853,2363.85760807004,762.378295898438,340
2126,2256.53880860618,2359.78351080255,762.378295898438,340
2127,2364.42813826937,2360.01944349707,762.378295898438,340
2128,2366.04889913936,2360.50544898407,762.378295898438,340
2129,2371.28212995095,2360.95151621835,763.453796386719,340
2130,2394.82249723896,2362.26044963943,763.453796386719,340
2131,2365.99967288231,2362.00423014121,763.453796386719,340
2132,2386.96762812249,2362.09595058045,763.453796386719,340
2133,2364.21480153861,2362.18326202956,763.453796386719,340
2134,2373.84543942182,2362.26357964379,763.453796386719,340
2135,2399.76948294052,2367.37325059877,763.453796386719,340
2136,2382.53594526753,2368.18082997169,763.453796386719,340
2137,2384.66804620178,2368.46183829257,764.048156738281,340
2138,2360.2628461437,2367.61256439071,764.048156738281,340
2139,2380.43748031141,2366.58682761187,764.048156738281,340
2140,2363.48909770016,2366.61637070672,764.048156738281,340
2141,2395.11095199498,2367.23439422166,764.048156738281,340
2142,2369.7212873397,2366.84121174173,764.048156738281,340
2143,2390.65684312307,2368.1626480078,764.048156738281,340
2144,2381.93266088025,2368.57980993331,764.048156738281,340
2145,2375.02752668664,2369.03076747208,764.146240234375,340
2146,2192.25408613608,2365.49118086945,764.146240234375,340
2147,2383.47830562014,2365.87055119135,764.146240234375,340
2148,2369.17994870052,2365.52051700665,764.146240234375,340
2149,2364.59435438599,2364.40100779924,764.146240234375,340
2150,2392.40098107314,2365.18671438703,764.146240234375,340
2151,2363.42626902656,2369.46221280384,764.146240234375,340
2152,2394.44325657753,2370.66281753617,764.146240234375,340
2153,2386.95012495713,2371.49886656888,764.501037597656,340
2154,2367.3587944205,2371.34193314766,764.501037597656,340
2155,2373.76188741472,2370.49950875469,764.501037597656,340
2156,2391.34205295171,2371.51320395747,764.501037597656,340
2157,2364.51182353062,2370.61497177379,764.501037597656,340
2158,2333.34204304853,2369.38006143419,764.501037597656,340
2159,2380.29719479005,2369.63813164892,764.501037597656,340
2160,2287.87664259134,2365.16241803495,764.501037597656,340
2161,2332.58014062188,2363.16418584912,765.629089355469,340
2162,2402.44374250203,2363.87521370113,765.629089355469,340
2163,2372.41447864649,2364.36127900125,765.629089355469,340
2164,2406.29664931872,2365.39564576154,765.629089355469,340
2165,2387.71003646697,2366.36448331221,765.629089355469,340
2166,2398.17569095244,2366.48707287051,765.629089355469,340
2167,2403.45335967103,2367.83635576376,765.629089355469,340
2168,2394.66943581195,2367.99685947132,765.629089355469,340
2169,2408.68798032632,2369.06707224916,767.426452636719,340
2170,2399.24115710383,2370.03561746585,767.426452636719,340
2171,2377.91425656935,2377.46202428318,767.426452636719,340
2172,2389.23463168934,2377.69227732595,767.426452636719,340
2173,2390.02454186003,2378.52606105233,767.426452636719,340
2174,2409.00271689708,2380.30239555277,767.426452636719,340
2175,2411.56358213681,2381.06889959532,767.426452636719,340
2176,2375.90868621942,2381.56819628303,767.426452636719,340
2177,2395.34889508241,2381.60442182323,767.019348144531,340
2178,2398.14099869135,2382.0520567726,767.019348144531,340
2179,2399.68478531794,2383.34509640849,767.019348144531,340
2180,2398.56984126109,2384.33741456235,767.019348144531,340
2181,2385.12591390007,2384.08876900028,767.019348144531,340
2182,2404.64152214476,2385.69395694485,767.019348144531,340
2183,2399.37320797906,2388.33520354207,767.019348144531,340
2184,2372.14020599559,2388.00892399029,767.019348144531,340
2185,2391.59891006874,2392.15781468939,765.870239257812,340
2186,2408.24097799521,2395.18424818432,765.870239257812,340
2187,2394.43481016526,2394.86389089085,765.870239257812,340
2188,2382.89535076753,2395.28312577569,765.870239257812,340
2189,2397.23229143251,2394.92055146024,765.870239257812,340
2190,2394.26815288369,2395.18287611691,765.870239257812,340
2191,2420.80105467673,2396.08789066588,765.870239257812,340
2192,2379.25680134349,2395.12002833278,765.870239257812,340
2193,2408.96754326546,2395.69195263092,766.424255371094,340
2194,2380.7567384659,2394.57470295651,766.424255371094,340
2195,2390.68018478777,2394.23226406386,766.424255371094,340
2196,2382.0100646887,2394.39609638864,766.424255371094,340
2197,2379.86996631414,2394.02150977363,766.424255371094,340
2198,2390.92920500529,2394.05769629944,766.424255371094,340
2199,2396.99326896355,2393.5773183821,766.424255371094,340
2200,2398.08132226486,2393.03802798722,766.424255371094,340
2201,2399.40391477777,2393.97783712955,767.314697265625,340
2202,2402.87043912582,2394.27869889129,767.314697265625,340
2203,2400.62189516323,2394.37793475017,767.314697265625,340
2204,2411.55851809993,2394.85288406145,767.314697265625,340
2205,2397.66641256896,2394.81674691376,767.314697265625,340
2206,2385.60261629609,2394.8358150096,767.314697265625,340
2207,2384.49274969714,2394.0298641117,767.314697265625,340
2208,2388.95344642834,2393.61307364967,767.314697265625,340
2209,2384.95835028037,2394.12579942106,767.095397949219,340
2210,2393.47675150296,2394.20091307843,767.095397949219,340
2211,2417.57996550669,2394.57447257889,767.095397949219,340
2212,2393.93580282723,2394.55451228537,767.095397949219,340
2213,2379.47092717427,2394.41753534164,767.095397949219,340
2214,2402.71229623958,2394.63673553392,767.095397949219,340
2215,2399.19549131282,2394.83382907108,767.095397949219,340
2216,2382.60580111699,2393.30601892869,767.095397949219,340
2217,2400.51686861138,2394.15642161941,768.972045898438,340
2218,2300.10910168713,2389.80208395628,768.972045898438,340
2219,2426.39307375109,2391.62753736768,768.972045898438,340
2220,2382.6576921256,2391.3066376612,768.972045898438,340
2221,2366.66915835825,2390.69300140798,768.972045898438,340
2222,2390.57955425236,2391.12138492551,768.972045898438,340
2223,2393.7690423704,2391.23497842011,768.972045898438,340
2224,2315.16479781728,2387.96183957426,768.972045898438,340
2225,2409.12254127045,2388.40348833448,767.997375488281,340
2226,2412.17113159307,2388.9141770071,767.997375488281,340
2227,2245.02778145359,2382.60047070021,767.997375488281,340
2228,2304.21605904621,2378.74423725553,767.997375488281,340
2229,2375.71872846379,2377.31064567008,767.997375488281,340
2230,2432.99755087448,2378.7238912023,767.997375488281,340
2231,2411.00399003821,2379.73994615199,767.997375488281,340
2232,2404.80329423878,2380.55236793365,767.997375488281,340
2233,2397.86241212077,2380.90872656135,767.537841796875,340
2234,2392.89380841825,2381.22614488687,767.537841796875,340
2235,2388.1701468274,2381.01388069984,767.537841796875,340
2236,2404.32572625082,2380.48371112961,767.537841796875,340
2237,2400.99764888976,2380.76618497211,767.537841796875,340
2238,2413.54525605335,2382.12915812727,767.537841796875,340
2239,2400.10425052419,2382.02483629866,767.537841796875,340
2240,2368.4736315973,2380.79596191004,767.537841796875,340
2241,2266.24193375999,2376.14140721576,767.744323730469,340
2242,2189.5700146311,2367.70353305654,767.744323730469,340
2243,2371.30719489251,2370.55145678476,767.744323730469,340
2244,2397.49556207905,2369.39555631788,767.744323730469,340
2245,2333.59423952753,2367.43301821396,767.744323730469,340
2246,2415.98610526699,2369.40569609031,767.744323730469,340
2247,2231.58750267868,2363.04601402736,767.744323730469,340
2248,2197.84733536702,2355.20914574722,767.744323730469,340
2249,2387.05398389423,2358.0847131903,768.946044921875,340
2250,2390.80600837262,2357.35205187439,768.946044921875,340
2251,2360.86919115878,2355.29997425702,768.946044921875,340
2252,2402.93211879854,2361.61614775081,768.946044921875,340
2253,2400.34876645935,2365.46145604734,768.946044921875,340
2254,2394.18879918799,2366.20025887631,768.946044921875,340
2255,2385.1738669677,2364.28731152004,768.946044921875,340
2256,2405.85897808293,2364.08151104183,768.946044921875,340
2257,2386.91240838056,2363.3658756075,770.370056152344,340
2258,2342.54892089443,2361.15333595844,770.370056152344,340
2259,2397.12813191352,2361.32270889825,770.370056152344,340
2260,2399.2263076955,2361.76495533298,770.370056152344,340
2261,2353.70763251863,2359.74023158369,770.370056152344,340
2262,2401.48728573564,2359.75981705752,770.370056152344,340
2263,2402.07881902682,2359.30115957646,770.370056152344,340
2264,2404.62978743822,2359.48218105302,770.370056152344,340
2265,2313.68920187135,2357.29080386399,770.779418945312,340
2266,2342.08745986209,2360.32462490807,770.779418945312,340
2267,2410.95394296929,2369.1799820416,770.779418945312,340
2268,2397.31266046656,2370.22020066456,770.779418945312,340
2269,2316.42273446351,2366.97728755994,770.779418945312,340
2270,2415.26588621704,2370.24415342752,770.779418945312,340
2271,2418.1614341704,2370.33116658366,770.779418945312,340
2272,2411.27232561976,2377.5185595013,770.779418945312,340
2273,2200.76565130199,2377.6352921387,769.114074707031,340
2274,2196.79628993943,2370.02498438051,769.114074707031,340
2275,2394.26872499383,2370.16349304535,769.114074707031,340
2276,2335.48211229581,2369.14800989084,769.114074707031,340
2277,2383.62860656065,2368.37586940132,769.114074707031,340
2278,2397.19226834717,2368.24960947683,769.114074707031,340
2279,2240.8657392308,2362.11668707855,769.114074707031,340
2280,2238.20784584201,2356.23804623352,769.114074707031,340
2281,2384.5010828214,2355.38373042306,767.017944335938,340
2282,2373.86262782893,2354.86173920099,767.017944335938,340
2283,2378.588772489,2356.30333326477,767.017944335938,340
2284,2389.16350266432,2355.98474809481,767.017944335938,340
2285,2250.01205447848,2350.01617796612,767.017944335938,340
2286,2382.40035324384,2351.16388679513,767.017944335938,340
2287,2386.0376160719,2350.54590000858,767.017944335938,340
2288,2400.00882805018,2350.46310036952,767.017944335938,340
2289,2395.35811379841,2350.09223342393,767.652282714844,340
2290,2377.44824900016,2352.64259530908,767.652282714844,340
2291,2261.083475594,2349.40243593835,767.652282714844,340
2292,2375.66020207715,2347.99068630267,767.652282714844,340
2293,2389.21388166327,2347.66673515054,767.652282714844,340
2294,2132.7409764779,2340.31946483111,767.652282714844,340
2295,2365.09066216187,2338.31245586891,767.652282714844,340
2296,2381.7954397393,2336.85781609166,767.652282714844,340
2297,2387.43133198483,2335.90417634627,770.555603027344,340
2298,2383.6906886915,2343.22117784185,770.555603027344,340
2299,2394.17602862953,2351.11636738945,770.555603027344,340
2300,2398.47551468016,2351.2846389769,770.555603027344,340
2301,2407.15701854989,2354.15163522707,770.555603027344,340
2302,2413.4015851804,2355.34255437186,770.555603027344,340
2303,2404.58354983592,2355.63820563141,770.555603027344,340
2304,2364.96573469445,2360.60220544995,770.555603027344,340
2305,2399.98670385233,2367.07335977036,769.152893066406,340
2306,2291.87345150297,2363.36825451763,769.152893066406,340
2307,2410.17909839786,2364.82091334038,769.152893066406,340
2308,2378.25742238395,2364.80765933618,769.152893066406,340
2309,2417.37560291721,2365.9361433463,769.152893066406,340
2310,2386.31853996638,2371.38840276581,769.152893066406,340
2311,2426.33822964844,2373.145917822,769.152893066406,340
2312,2402.13366811243,2373.78975990362,769.152893066406,340
2313,2235.16620353578,2367.19605492304,768.574890136719,340
2314,2355.67762311627,2365.60883529576,768.574890136719,340
2315,2231.0293517466,2359.75207940562,768.574890136719,340
2316,2281.5630469332,2360.57126225918,768.574890136719,340
2317,2185.82456530741,2352.97783678839,768.574890136719,340
2318,2396.061992046,2353.2517612037,768.574890136719,340
2319,2263.93336525264,2358.49945675469,768.574890136719,340
2320,2377.41807550913,2358.99255328858,768.574890136719,340
2321,2386.38461792749,2359.17612041611,770.072937011719,340
2322,2359.11125320404,2358.04331726488,770.072937011719,340
2323,2396.23399797072,2358.54504963605,770.072937011719,340
2324,2409.92035980385,2359.17482288302,770.072937011719,340
2325,2285.51818290026,2354.65652961182,770.072937011719,340
2326,2380.79028723943,2353.60186035941,770.072937011719,340
2327,2389.8813941494,2352.66105271817,770.072937011719,340
2328,2392.51763364774,2352.17841607064,770.072937011719,340
2329,2407.35477205533,2353.87397756507,770.598510742188,340
2330,2341.11020693011,2351.51891768818,770.598510742188,340
2331,2347.8972974868,2353.75987152754,770.598510742188,340
2332,2419.35932361556,2354.12708053625,770.598510742188,340
2333,2396.70737550867,2354.86507866124,770.598510742188,340
2334,2396.01657962733,2354.01071772964,770.598510742188,340
2335,2424.29197188487,2355.52965500638,770.598510742188,340
2336,2385.1753084664,2353.8831381591,770.598510742188,340
2337,2416.77371466047,2354.46874002102,771.114929199219,340
2338,2355.9957220241,2359.30192076055,771.114929199219,340
2339,2413.19481962515,2361.60260862091,771.114929199219,340
2340,2414.92466240145,2368.9584210471,771.114929199219,340
2341,2390.60907066451,2373.32026199635,771.114929199219,340
2342,2403.42079161282,2382.02411104857,771.114929199219,340
2343,2412.75845656316,2382.69196962926,771.114929199219,340
2344,2423.02405936936,2389.05559739393,771.114929199219,340
2345,2356.27571280806,2388.20990288588,771.563598632812,340
2346,2397.55272579764,2388.65662720069,771.563598632812,340
2347,2396.00011506584,2390.13218167516,771.563598632812,340
2348,2406.57572014622,2390.54585056218,771.563598632812,340
2349,2414.6160457698,2390.73367800082,771.563598632812,340
2350,2405.51903938583,2395.53371226024,771.563598632812,340
2351,2403.34232982758,2396.43579396377,771.563598632812,340
2352,2392.46226495472,2396.53902879598,771.563598632812,340
2353,2404.36918888715,2397.01309100556,770.66650390625,340
2354,2419.25699513514,2397.48917992875,770.66650390625,340
2355,2380.75570252351,2399.07499975249,770.66650390625,340
2356,2391.84992354523,2400.83310479482,770.66650390625,340
2357,2390.80823403838,2399.69106121174,770.66650390625,340
2358,2401.47192663813,2399.88164325691,770.66650390625,340
2359,2396.88174480754,2399.91624986412,770.66650390625,340
2360,2407.45275397033,2399.24268114754,770.66650390625,340
2361,2404.28241226205,2400.00696529937,771.441650390625,340
2362,2389.81924501973,2398.92878651374,771.441650390625,340
2363,2411.84878354547,2401.16290897459,771.441650390625,340
2364,2404.47918027506,2400.81428340059,771.441650390625,340
2365,2410.67223402539,2400.64418626555,771.441650390625,340
2366,2403.28666274306,2401.15128994869,771.441650390625,340
2367,2388.19805584043,2400.54238051779,771.441650390625,340
2368,2402.82486502811,2400.14503685639,771.441650390625,340
2369,2411.37561992691,2399.67909927869,772.644714355469,340
2370,2390.8455617467,2401.06189323624,772.644714355469,340
2371,2398.18464588605,2401.08717003977,772.644714355469,340
2372,2388.51530889222,2400.78777779283,772.644714355469,340
2373,2408.4532609016,2400.86287942304,772.644714355469,340
2374,2356.52284681132,2398.5391514647,772.644714355469,340
2375,2293.9799241947,2394.07758685706,772.644714355469,340
2376,2396.94247054843,2393.82159248589,772.644714355469,340
2377,2308.61318196165,2390.46762916617,771.58349609375,340
2378,2388.27348170046,2389.8238008787,771.58349609375,340
2379,2418.63827093438,2389.79905191067,771.58349609375,340
2380,2393.74381635209,2390.31857646382,771.58349609375,340
2381,2414.22707680722,2391.2136625943,771.58349609375,340
2382,2401.70706125405,2391.64961568292,771.58349609375,340
2383,2412.35665752511,2392.0850049184,771.58349609375,340
2384,2387.35111254137,2391.70377962776,771.58349609375,340
2385,2429.76911518368,2392.59643407629,771.377014160156,340
2386,2416.00572802298,2393.06536670673,771.377014160156,340
2387,2414.88573857825,2394.06802644907,771.377014160156,340
2388,2397.64502578425,2393.49987613862,771.377014160156,340
2389,2386.62214094635,2392.78559456547,771.377014160156,340
2390,2432.42292858258,2393.65562234776,771.377014160156,340
2391,2299.74837240879,2389.51409073439,771.377014160156,340
2392,2406.45169358765,2390.24423624428,771.377014160156,340
2393,2410.51381766372,2390.5517943497,770.918762207031,340
2394,2385.67928148188,2389.5239408119,770.918762207031,340
2395,2309.09993205713,2386.25411562432,770.918762207031,340
2396,2385.48803067958,2385.74625101606,770.918762207031,340
2397,2407.56875902385,2386.50838902132,770.918762207031,340
2398,2432.55586400344,2387.4724931454,770.918762207031,340
2399,2388.26156036615,2388.74204168759,770.918762207031,340
2400,2410.89808082318,2393.41876795273,770.918762207031,340
2401,2387.03924014839,2393.02263873673,770.013427734375,340
2402,2257.89510949632,2390.99391583811,770.013427734375,340
2403,2415.13334702727,2392.06831045119,770.013427734375,340
2404,2195.65695517617,2383.14905782086,770.013427734375,340
2405,2417.40648003273,2384.09556436808,770.013427734375,340
2406,2382.90944878399,2382.84285924716,770.013427734375,340
2407,2178.51374666314,2373.91512666352,770.013427734375,340
2408,2169.88507083316,2364.21626319584,770.013427734375,340
2409,2375.35165438503,2363.73628486959,768.351135253906,340
2410,2234.31386453902,2355.9180748438,768.351135253906,340
2411,2268.42852496554,2350.0149867215,768.351135253906,340
2412,2121.22776879436,2338.26866793015,768.351135253906,340
2413,2156.68014047018,2328.63007251758,768.351135253906,340
2414,2378.64607114744,2328.31102972563,768.351135253906,340
2415,2160.19733623363,2317.42200603167,768.351135253906,340
2416,2273.2458147977,2316.36190372723,768.351135253906,340
2417,2278.70171892316,2311.25190474065,770.555541992188,340
2418,2271.74425001737,2305.70112203479,770.555541992188,340
2419,2376.30805933595,2305.32627314895,770.555541992188,340
2420,2355.07131132272,2307.16512831958,770.555541992188,340
2421,2331.86062148416,2305.02003195176,770.555541992188,340
2422,2333.02436432905,2302.03825616397,770.555541992188,340
2423,2389.51912191707,2300.31678648052,770.555541992188,340
2424,2363.64462722581,2299.3321091549,770.555541992188,340
2425,2401.03970834164,2298.93777425564,772.137939453125,340
2426,2381.34537283527,2298.71001956312,772.137939453125,340
2427,2043.99165230243,2290.15388127536,772.137939453125,340
2428,2376.73360597367,2288.61789163322,772.137939453125,340
2429,2165.31140959471,2287.40406980996,772.137939453125,340
2430,2397.16982622647,2286.59460365771,772.137939453125,340
2431,2393.59282440804,2287.02193868267,772.137939453125,340
2432,2359.6843070839,2294.2687610995,772.137939453125,340
2433,2391.16311937548,2303.11988304119,771.876586914062,340
2434,2404.31952708693,2304.27859794927,771.876586914062,340
2435,2408.15907247954,2311.23240626689,771.876586914062,340
2436,2387.82967163855,2316.00845213381,771.876586914062,340
2437,2391.71943913295,2326.82811894735,771.876586914062,340
2438,2336.57090971496,2334.02374971714,771.876586914062,340
2439,2377.2338595136,2333.96726125179,771.876586914062,340
2440,2395.7001212872,2343.38737265393,771.876586914062,340
2441,2222.02587532496,2341.33857507502,773.110656738281,340
2442,2398.32227813578,2346.12339744353,773.110656738281,340
2443,2383.85374940427,2350.607777419,773.110656738281,340
2444,2373.91902126256,2350.51221589607,773.110656738281,340
2445,2400.66753653671,2352.33606490463,773.110656738281,340
2446,2399.530393393,2355.04285578098,773.110656738281,340
2447,2379.31333548975,2356.89441462741,773.110656738281,340
2448,2253.9489048689,2351.47160594548,773.110656738281,340
2449,2395.91567693609,2352.76244793389,774.580444335938,340
2450,2410.50744041028,2353.14115721664,774.580444335938,340
2451,2402.07880018364,2353.97049431058,774.580444335938,340
2452,2399.43655728003,2368.18829050968,774.580444335938,340
2453,2418.04444915012,2369.84072423674,774.580444335938,340
2454,2388.17228226908,2378.75515914371,774.580444335938,340
2455,2378.71688707311,2378.01704157758,774.580444335938,340
2456,2402.4556408365,2378.37155423472,774.580444335938,340
2457,2387.51433751957,2379.48475545214,773.188110351562,340
2458,2396.84620071744,2379.71207870582,773.188110351562,340
2459,1976.63419772013,2362.60466553115,773.188110351562,340
2460,2365.15569298888,2360.88453035152,773.188110351562,340
2461,2340.27491089109,2358.98233992162,773.188110351562,340
2462,2311.78068849895,2355.78478989626,773.188110351562,340
2463,2390.45392764563,2357.94011061349,773.188110351562,340
2464,2381.09634886103,2358.09461018739,773.188110351562,340
2465,2374.23522537,2357.2360143507,773.823852539062,340
2466,2407.76744964366,2364.66567732345,773.823852539062,340
2467,2405.55131858839,2364.95483894155,773.823852539062,340
2468,2398.24935014472,2365.53066297117,773.823852539062,340
2469,2387.12949144302,2366.05908177839,773.823852539062,340
2470,2403.28691904013,2366.16385707853,773.823852539062,340
2471,2389.52035644105,2365.76345560045,773.823852539062,340
2472,2269.56493676338,2361.37351965139,773.823852539062,340
2473,2393.83846468907,2366.9691020442,771.443725585938,340
2474,2439.81384798966,2368.72502888634,771.443725585938,340
2475,2418.80023844003,2369.05674080753,771.443725585938,340
2476,2402.54752129124,2369.07548965184,771.443725585938,340
2477,2414.049802351,2369.66001945468,771.443725585938,340
2478,2405.21138980641,2369.14669708093,771.443725585938,340
2479,2399.45840919238,2369.59814215786,771.443725585938,340
2480,2414.19929152472,2371.01743833592,771.443725585938,340
2481,2412.89494342181,2371.43501043934,770.035766601562,340
2482,2410.0454501609,2372.33625494499,770.035766601562,340
2483,2384.28875735522,2371.8339572105,770.035766601562,340
2484,2411.94657409248,2389.24645226539,770.035766601562,340
2485,2397.74612672234,2390.55006961473,770.035766601562,340
2486,2418.76212245436,2393.68955807726,770.035766601562,340
2487,2421.19035910444,2398.06594490148,770.035766601562,340
2488,2420.60442836606,2399.2719649303,770.035766601562,340
2489,2401.00434924599,2400.0682849457,768.99365234375,340
2490,2403.80069090347,2401.25090356704,768.99365234375,340
2491,2419.51911467271,2401.7209701682,768.99365234375,340
2492,2320.9766339774,2398.33798278376,768.99365234375,340
2493,2390.16098407906,2398.01444814113,768.99365234375,340
2494,2418.26563379528,2399.25989383522,768.99365234375,340
2495,2390.26058243322,2398.73884037095,768.99365234375,340
2496,2378.69922700772,2398.30599519361,768.99365234375,340
2497,2402.49430581682,2403.62316995575,769.14697265625,340
2498,2234.96142899069,2397.26808852782,769.14697265625,340
2499,2391.45173088726,2395.33360384372,769.14697265625,340
2500,2415.1058561688,2395.18582855287,769.14697265625,340
2501,2418.75821829009,2395.83425643283,769.14697265625,340
2502,2390.41635191178,2394.88891841526,769.14697265625,340
2503,2388.77982548883,2394.23165584255,769.14697265625,340
2504,2395.22941796263,2394.06249619336,769.14697265625,340
2505,2427.94232401695,2394.61221749305,767.365234375,340
2506,2418.92784401002,2394.85353351658,767.365234375,340
2507,2384.32262186508,2393.82462038475,767.365234375,340
2508,2391.85372587604,2394.12721912558,767.365234375,340
2509,2406.54662107612,2393.91122100493,767.365234375,340
2510,2421.84405459139,2394.87513811969,767.365234375,340
2511,2382.03050855775,2393.40587356382,767.365234375,340
2512,2272.66694319957,2387.46493692763,767.365234375,340
2513,2432.70141089644,2387.94881622884,769.891662597656,340
2514,2432.93426050731,2389.2260126793,769.891662597656,340
2515,2271.86003308379,2383.94838636651,769.891662597656,340
2516,2417.88016600589,2383.88282841984,769.891662597656,340
2517,2426.93814266633,2388.12128876739,769.891662597656,340
2518,2432.28591640861,2389.80628606058,769.891662597656,340
2519,2415.84238367864,2389.70935605591,769.891662597656,340
2520,2366.73685591041,2388.768406995,769.891662597656,340
2521,2437.66431493121,2391.12701051194,768.575012207031,340
2522,2429.11359407371,2392.19178204221,768.575012207031,340
2523,2434.93827958319,2400.19085606591,768.575012207031,340
2524,2403.50445929728,2400.67296520231,768.575012207031,340
2525,2430.29458713012,2401.28051444077,768.575012207031,340
2526,2421.88762718492,2401.40569079656,768.575012207031,340
2527,2362.15227654746,2400.27512778199,768.575012207031,340
2528,2377.36210285339,2399.81841887657,768.575012207031,340
2529,2419.67159833921,2400.79610609163,769.6826171875,340
2530,2433.42928203347,2401.01558441229,769.6826171875,340
2531,2427.71171529074,2401.36693926352,769.6826171875,340
2532,2383.46083647457,2401.3324678479,769.6826171875,340
2533,2377.58644780789,2400.76177672518,769.6826171875,340
2534,2421.42922915461,2401.35708104832,769.6826171875,340
2535,2426.8111571086,2401.555765149,769.6826171875,340
2536,2447.12975377729,2404.15973495779,769.6826171875,340
2537,2207.33612256292,2401.54650213232,771.143371582031,340
2538,2296.74438385624,2396.10822105071,771.143371582031,340
2539,2407.32911077384,2395.08401506137,771.143371582031,340
2540,2433.10549511881,2401.53383354277,771.143371582031,340
2541,2432.9068513164,2402.13490095519,771.143371582031,340
2542,2328.28699570694,2398.18885507682,771.143371582031,340
2543,2423.07152402689,2397.82027938155,771.143371582031,340
2544,2428.97876294886,2398.34573455236,771.143371582031,340
2545,2425.87222484376,2400.71114930969,770.531311035156,340
2546,2399.66233215871,2399.19106999879,770.531311035156,340
2547,2412.74527630121,2398.53633728789,770.531311035156,340
2548,2412.91094599878,2397.65524394452,770.531311035156,340
2549,2105.58947171476,2385.73864444122,770.531311035156,340
2550,2426.21507808421,2385.57546407938,770.531311035156,340
2551,2330.50760270155,2381.92026310004,770.531311035156,340
2552,2401.06908116772,2383.47693528486,770.531311035156,340
2553,2409.45128303285,2384.76050249203,770.636657714844,340
2554,2429.13768870177,2385.13914610654,770.636657714844,340
2555,2412.41524046117,2384.29858444364,770.636657714844,340
2556,2375.81582466559,2382.22274881864,770.636657714844,340
2557,2222.67071068576,2375.79114378709,770.636657714844,340
2558,2402.25192695394,2376.77776295293,770.636657714844,340
2559,2422.68014574572,2376.82779961657,770.636657714844,340
2560,2436.2574749737,2377.20565233117,770.636657714844,340
2561,2431.09868111134,2376.56440942454,772.347595214844,340
2562,2404.48280072072,2384.45027655085,772.347595214844,340
2563,2315.46589481015,2385.19913698901,772.347595214844,340
2564,2404.60178181959,2385.09004383084,772.347595214844,340
2565,2399.11185440509,2383.73029820229,772.347595214844,340
2566,2420.24655647645,2383.22388640869,772.347595214844,340
2567,2362.68779517534,2384.59991838743,772.347595214844,340
2568,2406.01981420152,2383.91784999441,772.347595214844,340
2569,2391.4237740439,2382.41565043821,772.288024902344,340
2570,2408.8561835099,2381.73500878486,772.288024902344,340
2571,2414.62442685094,2382.33349257255,772.288024902344,340
2572,2405.68417695074,2382.05104859853,772.288024902344,340
2573,2404.222907236,2381.70352704802,772.288024902344,340
2574,2405.98586649298,2393.71938283915,772.288024902344,340
2575,2230.86934625508,2385.90555356598,772.288024902344,340
2576,2315.7235213805,2385.31419031314,772.288024902344,340
2577,1948.612296318,2367.21591891915,774.099304199219,340
2578,2388.00405412575,2366.35802976287,774.099304199219,340
2579,2399.03332156487,2365.15385507739,774.099304199219,340
2580,2379.28558319946,2363.82866878692,774.099304199219,340
2581,2115.09345502848,2353.39977400144,774.099304199219,340
2582,2373.65352409697,2359.43908653789,774.099304199219,340
2583,2383.91523799681,2358.7056189796,774.099304199219,340
2584,2404.17335720833,2357.9653474381,774.099304199219,340
2585,2066.84209028628,2343.18873205061,771.7646484375,340
2586,2397.88595105264,2341.86022284826,771.7646484375,340
2587,2408.59415676339,2342.02467708997,771.7646484375,340
2588,2245.08273167902,2339.20935056472,771.7646484375,340
2589,2383.66285189336,2338.37179336767,771.7646484375,340
2590,2395.2735878947,2338.21826270726,771.7646484375,340
2591,2392.59663296069,2337.11226576663,771.7646484375,340
2592,2386.46529576881,2338.06336579036,771.7646484375,340
2593,2212.76090669616,2330.33300949015,773.441101074219,340
2594,2066.63313038726,2317.34138374388,773.441101074219,340
2595,2241.13705562952,2310.63261862867,773.441101074219,340
2596,2237.699275748,2303.55561258455,773.441101074219,340
2597,2238.60024799263,2296.87225542623,773.441101074219,340
2598,2391.40105591497,2296.35938137339,773.441101074219,340
2599,2405.01880962457,2296.32069909865,773.441101074219,340
2600,2377.82359352493,2302.19886898944,773.441101074219,340
2601,2348.7500450184,2303.51992993496,774.155639648438,340
2602,2312.01759853109,2318.05614202348,774.155639648438,340
2603,2159.45845355163,2308.91431800052,774.155639648438,340
2604,2334.16457309938,2306.3195680619,774.155639648438,340
2605,2257.89111202706,2301.463789215,774.155639648438,340
2606,2386.91340606247,2312.33658725636,774.155639648438,340
2607,2205.97184357209,2305.62932003537,774.155639648438,340
2608,2123.67041914775,2295.2195272814,774.155639648438,340
2609,2382.12199533238,2294.33747280637,773.712585449219,340
2610,2158.50714459036,2298.00407497853,773.712585449219,340
2611,2255.28045381322,2292.29985508895,773.712585449219,340
2612,2381.78474592326,2291.22747865535,773.712585449219,340
2613,2377.98483451718,2296.54356276887,773.712585449219,340
2614,2404.80771737412,2297.3893573881,773.712585449219,340
2615,2347.95177106545,2295.49648471493,773.712585449219,340
2616,2374.91261004497,2294.7891237983,773.712585449219,340
2617,2410.93452180969,2295.76789283994,775.256042480469,340
2618,2404.91871812775,2303.4542052972,775.256042480469,340
2619,2363.4980429857,2315.32880180114,775.256042480469,340
2620,2273.4508314586,2316.62135283431,775.256042480469,340
2621,2374.43514176569,2322.09078747501,775.256042480469,340
2622,2377.42060509805,2327.64360175923,775.256042480469,340
2623,2373.02486765856,2326.90855422897,775.256042480469,340
2624,2356.0850094391,2324.95120222155,775.256042480469,340
2625,2197.66505588566,2317.74486071598,776.735473632812,340
2626,2380.15988374563,2319.00125426507,776.735473632812,340
2627,2398.70388511023,2322.46870572824,776.735473632812,340
2628,2398.99804398932,2332.05028934575,776.735473632812,340
2629,2368.13655393525,2333.40916857918,776.735473632812,340
2630,2341.04791775063,2336.73544080812,776.735473632812,340
2631,2390.83424640796,2336.89227442194,776.735473632812,340
2632,2363.72264674333,2343.20230654879,776.735473632812,340
2633,2349.52974347973,2352.23667952207,777.289367675781,340
2634,2393.02126111244,2352.67265015327,777.289367675781,340
2635,2397.2041688361,2362.2205311231,777.289367675781,340
2636,2194.94777791186,2359.80722408705,777.289367675781,340
2637,2384.43834116863,2359.91336789686,777.289367675781,340
2638,2267.87419157645,2355.50894217924,777.289367675781,340
2639,2365.58776318582,2353.9401440117,777.289367675781,340
2640,2292.31951907122,2351.71485393193,777.289367675781,340
2641,2389.52213881557,2352.29923508276,776.057678222656,340
2642,2232.35340340712,2345.15599034666,776.057678222656,340
2643,2328.24927086165,2342.08921245601,776.057678222656,340
2644,2368.71512493951,2342.29789573416,776.057678222656,340
2645,2345.83460666856,2345.19324674256,776.057678222656,340
2646,2229.72508304609,2339.40484439378,776.057678222656,340
2647,2390.30290803767,2339.92013651136,776.057678222656,340
2648,2352.29416983946,2339.0909085986,776.057678222656,340
2649,2319.74686586422,2337.6373828556,772.71533203125,340
2650,2291.72662205969,2341.39984550256,772.71533203125,340
2651,2327.46019983202,2339.29185814602,772.71533203125,340
2652,2047.09999422842,2325.22770251075,772.71533203125,340
2653,2179.73964153216,2316.45736641246,772.71533203125,340
2654,2301.9274423931,2313.80900195078,772.71533203125,340
2655,2244.79463842174,2309.95887077762,772.71533203125,340
2656,2126.5480895723,2299.3874245042,772.71533203125,340
2657,2179.79479431751,2292.03031040716,770.985961914062,340
2658,2148.68888980852,2283.99667626031,770.985961914062,340
2659,2338.72966882396,2281.82501256877,770.985961914062,340
2660,2088.62330261331,2269.48177791986,770.985961914062,340
2661,2370.90866187296,2276.52021327831,770.985961914062,340
2662,2370.50961964051,2275.96306441718,770.985961914062,340
2663,2307.31319710228,2277.54062463822,770.985961914062,340
2664,2313.33797577731,2275.45063314188,770.985961914062,340
2665,2363.03230342144,2278.27914451588,770.250244140625,340
2666,2350.11346607544,2276.70279760628,770.250244140625,340
2667,2187.62549668573,2274.91368133742,770.250244140625,340
2668,2354.97636398817,2275.98276506248,770.250244140625,340
2669,2160.63115370205,2267.65940621298,770.250244140625,340
2670,2395.67812719693,2269.65314703412,770.250244140625,340
2671,2381.67715331783,2275.73122984499,770.250244140625,340
2672,2337.34623345728,2273.61296286177,770.250244140625,340
2673,2329.52339539802,2272.70213188412,770.91650390625,340
2674,2359.80179687847,2274.30432912469,770.91650390625,340
2675,2318.54975985656,2275.37725463656,770.91650390625,340
2676,2300.14069797169,2274.28447456215,770.91650390625,340
2677,2381.80095783109,2287.67251310625,770.91650390625,340
2678,2294.44029440251,2292.26053922107,770.91650390625,340
2679,2356.36742631389,2294.4381385779,770.91650390625,340
2680,2375.63597825803,2299.67179217135,770.91650390625,340
2681,2079.10287722072,2297.77398367729,769.967895507812,340
2682,2361.5575818464,2305.04449517844,769.967895507812,340
2683,2349.27567980356,2313.06796677825,769.967895507812,340
2684,2363.79952845111,2314.07076116333,769.967895507812,340
2685,2384.0231505017,2325.88675507887,769.967895507812,340
2686,2365.68572433858,2325.67783757749,769.967895507812,340
2687,2317.24501085601,2323.54725322611,769.967895507812,340
2688,2246.45639900912,2321.11298130239,769.967895507812,340
2689,2186.09802393831,2316.02338322882,768.530151367188,340
2690,2360.87474168412,2315.93708075933,768.530151367188,340
2691,2379.19744126977,2317.10043976711,768.530151367188,340
2692,2354.81689173355,2323.78809556902,768.530151367188,340
2693,2354.2084414561,2323.75737866774,768.530151367188,340
2694,2171.3878576173,2324.18764682435,768.530151367188,340
2695,2349.59231952192,2322.34421451735,768.530151367188,340
2696,2368.71912623712,2321.82589343412,768.530151367188,340
2697,2376.46750373805,2323.39074424535,767.15576171875,340
2698,2392.23351857846,2325.89914917257,767.15576171875,340
2699,2355.11842774545,2325.71181440725,767.15576171875,340
2700,2342.10382173758,2326.65397688249,767.15576171875,340
2701,2229.73688822819,2323.83782449275,767.15576171875,340
2702,2141.3622683028,2314.22027691161,767.15576171875,340
2703,2378.08479891399,2317.56605709207,767.15576171875,340
2704,2317.4000968786,2316.00736391466,767.15576171875,340
2705,2378.56864039467,2316.12467040013,767.666259765625,340
2706,2363.02630591142,2327.48160754776,767.666259765625,340
2707,2388.36207873468,2328.55378742329,767.666259765625,340
2708,2342.19611377741,2328.27060478224,767.666259765625,340
2709,2373.89926926882,2328.67459441495,767.666259765625,340
2710,2393.46620312973,2329.05231652007,767.666259765625,340
2711,2380.61316148845,2329.64941400607,767.666259765625,340
2712,2338.62969185344,2330.50480124596,767.666259765625,340
2713,2339.33252604431,2334.21984632737,766.905395507812,340
2714,2400.51353535693,2342.79646678411,766.905395507812,340
2715,2400.91147923444,2344.39793628613,766.905395507812,340
2716,2394.73065926575,2345.01926500597,766.905395507812,340
2717,2398.36406499133,2346.76115193628,766.905395507812,340
2718,2230.91305709377,2341.82933656179,766.905395507812,340
2719,2341.84490663032,2348.64761852231,766.905395507812,340
2720,2337.35068548526,2348.15795316084,766.905395507812,340
2721,2397.54251636283,2349.31088876587,767.43310546875,340
2722,2191.35244417725,2341.90628638344,767.43310546875,340
2723,2384.39413828275,2341.59271117161,767.43310546875,340
2724,2376.01597526098,2342.42861307223,767.43310546875,340
2725,2296.77447999137,2340.61543940238,767.43310546875,340
2726,2369.3401606227,2346.19957029816,767.43310546875,340
2727,2407.34152767085,2356.83874067288,767.43310546875,340
2728,2390.53548156242,2357.33676797882,767.43310546875,340
2729,2355.73159805126,2358.87002802573,766.973510742188,340
2730,2367.49188822035,2358.42695793875,766.973510742188,340
2731,2362.19825303571,2358.39383582372,766.973510742188,340
2732,2387.22843066401,2358.3484899009,766.973510742188,340
2733,2372.32694154296,2359.55372301152,766.973510742188,340
2734,2393.07272979215,2360.32066143245,766.973510742188,340
2735,2363.05346235006,2359.10415180127,766.973510742188,340
2736,2409.28369885255,2360.25097329583,766.973510742188,340
2737,2348.11999045521,2360.6305852399,768.619873046875,340
2738,2382.17096538275,2362.34412281344,768.619873046875,340
2739,2221.25816403926,2355.17390796073,768.619873046875,340
2740,2370.50573427046,2353.95767816217,768.619873046875,340
2741,2386.79157299231,2353.64011471124,768.619873046875,340
2742,2358.39621113427,2352.04140055695,768.619873046875,340
2743,2395.88899825832,2358.64043820354,768.619873046875,340
2744,2344.971173712,2358.7654888868,768.619873046875,340
2745,2357.02491876784,2359.55245821811,768.321350097656,340
2746,2394.66142620558,2359.43721461182,768.321350097656,340
2747,2249.23700719484,2361.75259713252,768.321350097656,340
2748,2280.85958031158,2357.61121481367,768.321350097656,340
2749,2194.48283419889,2350.34988917119,768.321350097656,340
2750,2359.39975989525,2352.85490036734,768.321350097656,340
2751,1975.20135175789,2337.08934801275,768.321350097656,340
2752,2128.37868841637,2325.93083444257,768.321350097656,340
2753,2398.38794338775,2326.24493291558,768.680603027344,340
2754,2408.97240870861,2328.37456534188,768.680603027344,340
2755,2368.69107825173,2328.42253294313,768.680603027344,340
2756,2157.86497743633,2320.24920191916,768.680603027344,340
2757,2357.72597880111,2319.06910384464,768.680603027344,340
2758,2326.70859428353,2317.24436995427,768.680603027344,340
2759,2236.18220879142,2310.96874911424,768.680603027344,340
2760,2384.76250376553,2311.83711077085,768.680603027344,340
2761,2349.41801395121,2309.4424833748,768.188171386719,340
2762,2342.9399035125,2309.23527989709,768.188171386719,340
2763,2406.74062464117,2310.21806626743,768.188171386719,340
2764,2397.485206156,2317.2671479521,768.188171386719,340
2765,2355.9968803213,2316.68679379413,768.188171386719,340
2766,2376.70708124328,2316.28341412417,768.188171386719,340
2767,2324.12794065674,2314.91268330507,768.188171386719,340
2768,2376.85846660803,2314.15146203906,768.188171386719,340
2769,2277.45467787665,2311.45080220565,764.739624023438,340
2770,2313.24644101567,2309.69966309556,764.739624023438,340
2771,2303.92311247403,2306.0701305463,764.739624023438,340
2772,2363.95264580874,2310.65875609085,764.739624023438,340
2773,2354.28946301235,2313.59595139888,764.739624023438,340
2774,2376.75526920958,2320.88684879931,764.739624023438,340
2775,2289.42551949375,2318.08787918325,764.739624023438,340
2776,2343.33259913788,2332.81312907845,764.739624023438,340
2777,2396.76505701537,2343.54858382241,766.35302734375,340
2778,2404.70025969599,2343.80107647474,766.35302734375,340
2779,2362.08387745468,2341.92553522458,766.35302734375,340
2780,2366.45896443591,2341.83625067195,766.35302734375,340
2781,2258.63657692661,2345.86711465156,766.35302734375,340
2782,2280.05551074718,2342.7602959294,766.35302734375,340
2783,2338.00163697734,2343.21201763716,766.35302734375,340
2784,2376.73358282572,2348.83407259853,766.35302734375,340
2785,2372.89380533609,2348.35932466135,765.569030761719,340
2786,2357.79870491425,2348.69455229987,765.569030761719,340
2787,2370.45683944913,2349.79522973734,765.569030761719,340
2788,2376.7350060834,2348.59500499503,765.569030761719,340
2789,2261.05876283684,2343.13794726226,765.569030761719,340
2790,2264.66575850142,2339.48470238947,765.569030761719,340
2791,2333.48057065784,2337.75564196605,765.569030761719,340
2792,2209.40689202237,2333.16680002067,765.569030761719,340
2793,2316.42175155103,2330.74933141839,762.764831542969,340
2794,2416.13821184472,2336.29667277712,762.764831542969,340
2795,2281.24021554406,2335.01642375825,762.764831542969,340
2796,2363.10036716147,2337.38351394575,762.764831542969,340
2797,2380.60470899146,2338.04959647306,762.764831542969,340
2798,2373.14670250589,2338.8038860528,762.764831542969,340
2799,2379.85942746679,2338.92805238309,762.764831542969,340
2800,2272.05967600966,2338.23341864372,762.764831542969,340
2801,2311.56810283811,2336.96283879173,761.112426757812,340
2802,2357.14163227291,2335.37790180204,761.112426757812,340
2803,2343.72434915805,2332.93886538052,761.112426757812,340
2804,2357.87458723762,2332.77049377183,761.112426757812,340
2805,2378.36473232583,2333.24672448743,761.112426757812,340
2806,2384.32575803258,2338.27429173167,761.112426757812,340
2807,2411.01814746397,2343.51279720034,761.112426757812,340
2808,2361.31514237653,2344.44533741631,761.112426757812,340
2809,2378.25535173009,2344.50620817248,759.727416992188,340
2810,2395.28355097632,2345.40179799809,759.727416992188,340
2811,2400.79127550929,2347.12150082189,759.727416992188,340
2812,2375.44122089844,2347.32087607987,759.727416992188,340
2813,2420.81132854158,2349.08392897819,759.727416992188,340
2814,2421.94909025792,2355.51954207504,759.727416992188,340
2815,2385.82246248369,2360.36581023433,759.727416992188,340
2816,2355.04143826282,2361.22824493853,759.727416992188,340
2817,2408.11829804024,2369.17670117924,760.077697753906,340
2818,2359.30229392224,2370.89192287409,760.077697753906,340
2819,2396.17449680085,2370.09337427234,760.077697753906,340
2820,2404.63688167893,2375.02924091773,760.077697753906,340
2821,2376.53311240865,2375.56655072762,760.077697753906,340
2822,2384.33548551874,2375.71578178871,760.077697753906,340
2823,2399.50053137474,2376.76993494346,760.077697753906,340
2824,2350.24633729325,2375.58541133652,760.077697753906,340
2825,2397.22120545839,2380.59187251447,761.063720703125,340
2826,2386.35402949896,2383.58330958091,761.063720703125,340
2827,2401.07034025628,2385.34045790024,761.063720703125,340
2828,2414.90380345213,2388.187636072,761.063720703125,340
2829,2402.26644889078,2389.96331053813,761.063720703125,340
2830,2410.1930834512,2391.23644458314,761.063720703125,340
2831,2395.77688805724,2391.69448978413,761.063720703125,340
2832,2337.37892039149,2388.74892070123,761.063720703125,340
2833,2422.93369026675,2391.21366261684,761.28076171875,340
2834,2376.62291144526,2391.14836500545,761.28076171875,340
2835,2411.23986454659,2391.78661754826,761.28076171875,340
2836,2378.7518840934,2390.90504189162,761.28076171875,340
2837,2407.05555812172,2392.16961538055,761.28076171875,340
2838,2401.90775544549,2391.41347245671,761.28076171875,340
2839,2413.35795428222,2391.06982701768,761.28076171875,340
2840,2412.36584825196,2392.13156244841,761.28076171875,340
2841,2391.31506567194,2393.58250754478,762.571594238281,340
2842,2409.72515952045,2393.64678200399,762.571594238281,340
2843,2320.09839925207,2392.07862621718,762.571594238281,340
2844,2410.41589755213,2392.64828224723,762.571594238281,340
2845,2383.25068449164,2391.79283435974,762.571594238281,340
2846,2407.69992570204,2393.03950689147,762.571594238281,340
2847,2410.62917402565,2394.09125443175,762.571594238281,340
2848,2386.76109731651,2393.58167706942,762.571594238281,340
2849,2405.58825935593,2395.79535395193,765.047241210938,340
2850,2367.35717244464,2394.60079263138,765.047241210938,340
2851,2402.14432077596,2395.23240428246,765.047241210938,340
2852,2421.56355628261,2396.05213292351,765.047241210938,340
2853,2416.91842434927,2396.1327177594,765.047241210938,340
2854,2365.82191024944,2394.67493621374,765.047241210938,340
2855,2378.91128943266,2393.423664453,765.047241210938,340
2856,2390.44747010812,2393.21048773504,765.047241210938,340
2857,2370.10087824648,2394.51936604924,765.881225585938,340
2858,2307.0776625773,2389.88512494166,765.881225585938,340
2859,2417.85218928089,2391.53429605508,765.881225585938,340
2860,2428.36852779984,2392.21944258521,765.881225585938,340
2861,2414.17296057863,2393.63628564462,765.881225585938,340
2862,2386.36768260281,2392.80877062387,765.881225585938,340
2863,2410.3267241993,2393.14552937402,765.881225585938,340
2864,2413.78233105397,2393.16250444489,765.881225585938,340
2865,2318.53682016652,2389.40934332147,766.960754394531,340
2866,2356.69526998466,2388.02455149398,766.960754394531,340
2867,2191.7222057476,2379.30443334307,766.960754394531,340
2868,2394.5992327563,2382.28446668324,766.960754394531,340
2869,2367.22704555394,2380.55691260331,766.960754394531,340
2870,2404.39699740402,2381.4027651198,766.960754394531,340
2871,2361.55071812441,2379.5567968167,766.960754394531,340
2872,2412.2272102708,2379.6207182665,766.960754394531,340
2873,2143.6413860404,2369.89592981546,768.007202148438,340
2874,2298.69608222855,2365.62024273036,768.007202148438,340
2875,2409.99626047506,2367.32580625158,768.007202148438,340
2876,2362.96786489045,2365.75874801616,768.007202148438,340
2877,2302.93868103579,2361.01375300629,768.007202148438,340
2878,2196.85043146656,2352.21103329098,768.007202148438,340
2879,2228.49208881441,2346.71784043358,768.007202148438,340
2880,2233.96166168457,2340.91985532365,768.007202148438,340
2881,2272.42431728671,2336.1989292108,769.834899902344,340
2882,2317.46146411105,2334.09335264538,769.834899902344,340
2883,2361.31646443113,2336.26290471953,769.834899902344,340
2884,1882.37618498702,2314.84386454778,769.834899902344,340
2885,2134.46936150353,2303.08789789593,769.834899902344,340
2886,2334.98626486254,2299.92043006728,769.834899902344,340
2887,2267.76463951613,2295.17630834382,769.834899902344,340
2888,2398.42647413976,2294.70029834144,769.834899902344,340
2889,2332.18143438832,2291.43626247481,768.827697753906,340
2890,2348.01977729404,2292.61558075991,768.827697753906,340
2891,1994.95464445651,2278.14595573878,768.827697753906,340
2892,2090.83252676056,2274.1103685793,768.827697753906,340
2893,2246.12949010719,2268.17157887334,768.827697753906,340
2894,2395.49539410375,2269.30231281533,768.827697753906,340
2895,2272.0039620028,2264.00659139928,768.827697753906,340
2896,2287.3530027471,2261.03868278419,768.827697753906,340
2897,2361.53546902788,2259.01101313447,769.061645507812,340
2898,2284.92086861216,2264.66219243734,769.061645507812,340
2899,2375.53111070167,2267.73559357627,769.061645507812,340
2900,1867.83580992777,2246.04917555438,769.061645507812,340
2901,2269.93005504326,2242.32766316049,769.061645507812,340
2902,2382.00020977095,2245.4901243099,769.061645507812,340
2903,2393.02562777569,2253.33713216226,769.061645507812,340
2904,2385.67884889182,2259.62460256536,769.061645507812,340
2905,2237.78489170342,2259.77753176611,766.671875,340
2906,2417.2901122089,2265.572163563,766.671875,340
2907,2382.5138445383,2268.17425878009,766.671875,340
2908,2332.66472269426,2267.02818911061,766.671875,340
2909,2389.19601293887,2287.30098222869,766.671875,340
2910,2368.18434462915,2296.64958155371,766.671875,340
2911,2175.10650283997,2290.25439107281,766.671875,340
2912,2175.69780214082,2286.5717175778,766.671875,340
2913,2392.14677681811,2286.32052968493,769.815124511719,340
2914,2385.98444739134,2288.47265020505,769.815124511719,340
2915,2374.50649314831,2289.53211883922,769.815124511719,340
2916,2360.0298271116,2304.13512614543,769.815124511719,340
2917,2338.97995526667,2314.06102328567,769.815124511719,340
2918,2340.26112730696,2317.82628877366,769.815124511719,340
2919,2357.90113321293,2316.32251833803,769.815124511719,340
2920,2348.30108302017,2319.37440317872,769.815124511719,340
2921,2386.30674014041,2323.33255267445,769.816772460938,340
2922,2363.91954329236,2323.42791564503,769.816772460938,340
2923,2329.02903687838,2325.19224237568,769.816772460938,340
2924,2386.37941841882,2325.62617468437,769.816772460938,340
2925,2386.68887308103,2346.3802972105,769.816772460938,340
2926,2084.04100175075,2338.9447350788,769.816772460938,340
2927,2372.62607347967,2338.56976962715,769.816772460938,340
2928,2367.01654721741,2337.52940640482,769.816772460938,340
2929,2306.85083808336,2334.37628597248,769.819458007812,340
2930,2375.80042034962,2339.89690711833,769.819458007812,340
2931,2053.92138890021,2325.36215818598,769.819458007812,340
2932,2388.44189486435,2325.59928019902,769.819458007812,340
2933,2393.35899083704,2328.02705092473,769.819458007812,340
2934,2377.57138435753,2327.56206578148,769.819458007812,340
2935,2251.91274844529,2322.91120193413,769.819458007812,340
2936,2243.51680800256,2325.64761414063,769.819458007812,340
2937,2277.5881952571,2329.72322986528,770.305297851562,340
2938,2242.55194348887,2323.73943653211,770.305297851562,340
2939,2388.71291286914,2323.84857515122,770.305297851562,340
2940,2005.61667608414,2309.09298246866,770.305297851562,340
2941,2382.74755948335,2310.00169176353,770.305297851562,340
2942,2338.16550347695,2309.96911369194,770.305297851562,340
2943,2268.5757778891,2307.10169971522,770.305297851562,340
2944,2394.97195614172,2308.58453263237,770.305297851562,340
2945,2383.17555527627,2309.97951152262,768.831665039062,340
2946,2364.83239277726,2309.12053762809,768.831665039062,340
2947,2368.16921030675,2309.29052430867,768.831665039062,340
2948,2151.97674192296,2302.20843251045,768.831665039062,340
2949,2407.69586619489,2303.06109042149,768.831665039062,340
2950,2386.63704951535,2303.05901747887,768.831665039062,340
2951,2332.45052509246,2312.99539841254,768.831665039062,340
2952,2353.41329061902,2312.22688709811,768.831665039062,340
2953,2363.88155154535,2312.10148727123,766.498596191406,340
2954,2335.54166413377,2313.24912031324,766.498596191406,340
2955,2387.70185445015,2313.72517767726,766.498596191406,340
2956,2174.85356879441,2318.56246487303,766.498596191406,340
2957,2315.46038490444,2315.64320447464,766.498596191406,340
2958,2195.22788292128,2307.71796015801,766.498596191406,340
2959,2265.69882624267,2303.24305783341,766.498596191406,340
2960,2387.74116930726,2308.67619466789,766.498596191406,340
2961,2321.71560463017,2311.80414653299,766.639465332031,340
2962,2198.28791774966,2308.6321354327,766.639465332031,340
2963,2391.33757664388,2314.5835607589,766.639465332031,340
2964,2006.64241684665,2299.300740918,766.639465332031,340
2965,2390.44713886879,2314.69395942938,766.639465332031,340
2966,2310.93563590116,2311.8214824861,766.639465332031,340
2967,1895.25901106831,2294.10522278975,766.639465332031,340
2968,2306.79494066113,2295.63398930063,766.639465332031,340
2969,2125.23503013101,2284.8445122602,765.308715820312,340
2970,1964.7853697484,2268.10890483909,765.308715820312,340
2971,2369.28705138779,2268.28709118351,765.308715820312,340
2972,2241.83705609029,2263.23380501485,765.308715820312,340
2973,2349.0486193257,2271.11668011096,765.308715820312,340
2974,2294.1508202585,2266.5748782735,765.308715820312,340
2975,1949.38730331696,2249.08488842557,765.308715820312,340
2976,2366.42138353978,2250.44372276346,765.308715820312,340
2977,1888.5271975107,2231.84827903913,766.108154296875,340
2978,2337.10538355517,2230.77723231952,766.108154296875,340
2979,2345.83053822714,2231.18878728326,766.108154296875,340
2980,2258.87982894848,2226.03590626319,766.108154296875,340
2981,2364.64715527254,2233.62764972231,766.108154296875,340
2982,2359.72226405375,2235.39812488829,766.108154296875,340
2983,2273.8193097239,2238.54178196039,766.108154296875,340
2984,2170.18842093923,2234.72136574825,766.108154296875,340
2985,2364.49415521022,2233.79148518437,766.996520996094,340
2986,2356.67248483,2235.18976039237,766.996520996094,340
2987,2366.28472750322,2241.90963278251,766.996520996094,340
2988,2380.32072778021,2241.46895882796,766.996520996094,340
2989,2365.73432417811,2255.83263512122,766.996520996094,340
2990,1998.12770721345,2240.13985785501,766.996520996094,340
2991,2363.64798307201,2242.24835174184,766.996520996094,340
2992,2357.20269739272,2260.72609919482,766.996520996094,340
2993,1993.57089161776,2248.19713723308,764.818786621094,340
2994,2375.65177000905,2258.2138068282,764.818786621094,340
2995,2351.91100753858,2273.69883233981,764.818786621094,340
2996,2271.41003332439,2269.78375161727,764.818786621094,340
2997,2359.22212454216,2274.47915435535,764.818786621094,340
2998,2375.64431709724,2275.54298226621,764.818786621094,340
2999,2341.02622564434,2277.41799848164,764.818786621094,340
3000,2387.27173872897,2294.93337589812,764.818786621094,340
