episode,reward,avg_reward,q0,steps
1,-479.356507970184,-479.356507970184,4.83403255202575e-06,340
2,-111.823979956837,-295.590243963511,4.83403255202575e-06,340
3,-743.62277049882,-444.93441947528,4.83403255202575e-06,340
4,-324.591961836091,-414.848805065483,4.83403255202575e-06,340
5,-250.376894385208,-381.954422929428,4.83403255202575e-06,340
6,-487.075501124501,-399.474602628607,4.83403255202575e-06,340
7,-890.797492150049,-469.663586845956,4.83403255202575e-06,340
8,-313.041304971091,-450.085801611597,4.83403255202575e-06,340
9,-745.360750498679,-482.894129265718,-15.6822757720947,340
10,-758.879067048132,-510.492623043959,-15.6822757720947,340
11,-357.377968698284,-496.573109012534,-15.6822757720947,340
12,-869.000804719559,-527.608750321453,-15.6822757720947,340
13,-143.288447844167,-498.045650130892,-15.6822757720947,340
14,-274.131348459496,-482.051771440078,-15.6822757720947,340
15,-601.874760857569,-490.039970734578,-15.6822757720947,340
16,-584.627493131148,-495.951690884363,-15.6822757720947,340
17,-61.2584018795802,-470.381497413494,-13.7631254196167,340
18,-427.709143056618,-468.010811060334,-13.7631254196167,340
19,-926.1490539835,-492.123350161553,-13.7631254196167,340
20,-421.78241845149,-488.60630357605,-13.7631254196167,295
21,-533.140487161045,-490.726978984859,-13.7631254196167,340
22,-454.157859967736,-489.064746302263,-13.7631254196167,340
23,-473.677572817583,-488.395738759451,-13.7631254196167,331
24,-287.110816023757,-480.008866978797,-13.7631254196167,340
25,-227.394651408776,-469.904298355996,-6.15609407424927,340
26,-368.300886787113,-465.462073508673,-6.15609407424927,271
27,-4.74139357939714,-461.178770053575,-6.15609407424927,340
28,1.61716561228219,-431.369172609131,-6.15609407424927,340
29,-12.2459169988516,-418.875330815642,-6.15609407424927,340
30,-167.844851521924,-415.57404910111,-6.15609407424927,340
31,-294.735291563015,-407.880440718651,-6.15609407424927,340
32,-302.040376005938,-384.330156072887,-6.15609407424927,340
33,-56.8406208860178,-374.082128709484,10.0163259506226,340
34,-88.5443974650817,-347.80947458814,10.0163259506226,340
35,-49.7356747831006,-319.443738897539,10.0163259506226,340
36,-1.1574883945256,-305.194919685388,10.0163259506226,340
37,-16.6008940642331,-271.098923259175,10.0163259506226,340
38,-396.980213118053,-281.246593870131,10.0163259506226,340
39,-264.829519248444,-280.874520701689,10.0163259506226,340
40,-338.963395918562,-270.358066104128,10.0163259506226,340
41,-274.289767973977,-257.944557097841,36.317684173584,340
42,-285.821456104196,-266.927079266826,36.317684173584,340
43,-180.634871762113,-257.044108415046,36.317684173584,340
44,-364.691321603179,-234.585799119833,36.317684173584,340
45,-149.94507106324,-223.712305224303,36.317684173584,340
46,-134.774646258868,-207.777671588216,36.317684173584,340
47,-100.032179828967,-193.612644382665,36.317684173584,340
48,-75.0308428227051,-177.66677518287,36.317684173584,340
49,-35.7552740367182,-167.612553503389,75.517333984375,340
50,-316.17941446018,-171.163944025445,75.517333984375,318
51,-250.480877554186,-166.451143656127,75.517333984375,340
52,-337.889087875525,-179.777051427973,75.517333984375,340
53,-177.043935340658,-186.92349546609,75.517333984375,340
54,-123.824530888437,-191.386640021674,75.517333984375,340
55,-215.330947391778,-193.286083856468,75.517333984375,340
56,-416.583771872774,-198.160023068858,75.517333984375,340
57,-160.906059139926,-192.514650394218,94.4393081665039,340
58,-161.01255178078,-196.681527630008,94.4393081665039,325
59,-156.60465155469,-199.403937793593,94.4393081665039,276
60,41.9580109827433,-195.736190362959,94.4393081665039,340
61,-389.222463586304,-211.25878937063,94.4393081665039,340
62,-146.577036519916,-216.457835068857,94.4393081665039,329
63,-466.367147308433,-219.233312436472,94.4393081665039,317
64,11.7702738012606,-208.169320714484,94.4393081665039,307
65,-166.526357980446,-201.27183919696,113.576187133789,303
66,-136.088249586201,-195.743778461449,113.576187133789,255
67,-270.007842204385,-195.111233905456,113.576187133789,309
68,-153.683600264968,-194.03318304557,113.576187133789,267
69,-476.207709098088,-198.493838545367,113.576187133789,337
70,-175.517107661889,-199.516720009313,113.576187133789,302
71,-105.240212892266,-198.335342674649,113.576187133789,315
72,-116.726845725255,-199.0031293105,113.576187133789,288
73,-69.3358771938831,-198.775330685347,138.113204956055,301
74,-146.133088361431,-203.190443258336,138.113204956055,240
75,-219.582869302667,-199.326581452035,138.113204956055,319
76,-473.376671104819,-208.242413194061,138.113204956055,289
77,-317.790061888856,-207.438452154594,138.113204956055,332
78,-176.614600703036,-207.421278769089,138.113204956055,290
79,-208.825332086141,-210.821310816997,138.113204956055,318
80,131.75510867696,-196.937868574248,138.113204956055,340
81,-132.815218703208,-185.587126447465,139.428405761719,340
82,-3.92662573631004,-179.30794911132,139.428405761719,340
83,-470.949916576097,-191.705443703133,139.428405761719,327
84,-515.877363290514,-206.076352172566,139.428405761719,340
85,0.777551137261433,-207.723570566385,139.428405761719,340
86,-240.047761642942,-201.756582488651,139.428405761719,340
87,-247.051342747887,-205.77555473777,139.428405761719,296
88,-22.2624456693175,-188.011366672205,139.428405761719,282
89,-27.0569202825283,-189.564454435557,131.508361816406,340
90,-43.7219029266963,-184.652276233407,131.508361816406,282
91,-499.452497011751,-199.186846130429,131.508361816406,340
92,-256.137578125792,-198.632035567285,131.508361816406,340
93,-181.6356781352,-199.750118682094,131.508361816406,327
94,-283.718555520228,-192.05055253898,131.508361816406,279
95,32.5216981058911,-183.729000308269,131.508361816406,241
96,-181.01979341765,-186.760183529284,131.508361816406,296
97,83.5495016990105,-178.749129632313,144.162338256836,282
98,-73.9384806585346,-178.933233770899,144.162338256836,259
99,-161.764450057546,-179.558488238744,144.162338256836,271
100,-146.077808412817,-176.61828580315,144.162338256836,306
101,-34.6728147526606,-159.070131549064,144.162338256836,276
102,365.928806995573,-131.721376793686,144.162338256836,340
103,-181.959111699923,-131.935157233562,144.162338256836,275
104,-170.373842610553,-130.397097654538,144.162338256836,291
105,65.2001219553758,-133.059297123402,161.992034912109,340
106,-41.8268079216531,-129.41976069214,161.992034912109,340
107,-122.741109790697,-134.172340054315,161.992034912109,340
108,316.279126617623,-102.683178326566,161.992034912109,340
109,464.601334112855,-63.4640304304315,161.992034912109,340
110,207.649266546142,-55.1891618140763,161.992034912109,340
111,368.098778057687,-30.8633002260511,161.992034912109,340
112,189.703743377118,-13.3930967810509,161.992034912109,340
113,162.924083387414,-5.98563561878164,198.061614990234,340
114,51.1564652122925,-2.8571001989888,198.061614990234,340
115,234.617556449647,8.27647817606495,198.061614990234,340
116,340.468927937261,41.8733351740254,198.061614990234,340
117,-72.4168887618658,49.2221627485825,198.061614990234,340
118,-81.5563624839391,53.225335374633,198.061614990234,340
119,347.219578243496,78.4628607251819,198.061614990234,340
120,-45.6528480790851,75.3358788777828,198.061614990234,266
121,146.928293796046,88.4538023663307,232.21630859375,340
122,14.1609980330899,85.6782622196939,232.21630859375,340
123,-60.4495273659721,86.2178203513964,232.21630859375,340
124,418.427026543953,109.425479415456,232.21630859375,340
125,109.437560339799,119.646094165561,232.21630859375,222
126,263.009792000143,131.553398435673,232.21630859375,340
127,291.320061747473,128.569048625749,232.21630859375,340
128,111.565664485561,140.310039673168,232.21630859375,340
129,-237.80859714318,137.612649491863,267.783325195312,340
130,160.892417266069,141.440341304291,267.783325195312,340
131,211.192790712641,151.561125249663,267.783325195312,254
132,240.062241545923,166.073259303128,267.783325195312,340
133,-66.200944553255,150.774056456292,267.783325195312,340
134,-68.2242120027158,129.46103461167,267.783325195312,340
135,195.391262415296,128.970714446436,267.783325195312,229
136,506.826927224843,134.519840413122,267.783325195312,340
137,151.39313985757,132.98741627234,303.940826416016,248
138,62.7363095907648,128.979905320474,303.940826416016,340
139,258.523540035659,137.274588313409,303.940826416016,262
140,63.1309004581973,130.415122073751,303.940826416016,250
141,103.230940006649,120.925602556526,303.940826416016,340
142,214.118722132602,132.387026992305,303.940826416016,241
143,488.952275246967,155.207372501541,303.940826416016,281
144,327.467129698515,154.417274559742,303.940826416016,290
145,559.233709181798,178.612736850177,332.586944580078,288
146,97.879810546587,176.650797520199,332.586944580078,340
147,351.339644783874,190.13794339023,332.586944580078,287
148,100.433198427315,196.573252421962,332.586944580078,310
149,253.916113625378,189.992815905219,332.586944580078,279
150,-93.9679422998616,181.856595799632,332.586944580078,260
151,213.209988630751,179.864603664857,332.586944580078,340
152,256.26882282002,178.462554107759,332.586944580078,318
153,251.957474927059,184.078226525419,347.420288085938,243
154,110.906317857517,198.026823125446,347.420288085938,231
155,-83.0020255379395,188.271045413286,347.420288085938,340
156,141.862989420057,185.497853361583,347.420288085938,275
157,169.458241123163,182.673693344672,347.420288085938,322
158,156.605139211527,191.585936695264,347.420288085938,247
159,127.480040173372,199.414106782307,347.420288085938,340
160,429.236780404031,208.767927501857,347.420288085938,340
161,759.530161203984,218.876056861022,357.449157714844,325
162,290.773852009373,224.451285347094,357.449157714844,275
163,318.264529066887,234.672414126139,357.449157714844,242
164,268.149839387684,235.05746610022,357.449157714844,255
165,335.188489703812,245.939769670045,357.449157714844,334
166,405.746150394687,258.040378085566,357.449157714844,294
167,480.541092952295,268.697272918354,357.449157714844,340
168,81.6515660258601,252.40524454951,357.449157714844,297
169,159.42587215349,245.683594247709,367.548187255859,340
170,693.165027423733,251.040846977386,367.548187255859,340
171,290.019952793031,258.726452667244,367.548187255859,340
172,371.771265911537,259.54371751235,367.548187255859,331
173,274.99386806397,266.526144297817,367.548187255859,340
174,714.037500040683,284.930999754429,367.548187255859,340
175,312.365736213167,301.18434689495,367.548187255859,340
176,379.399450402009,307.8319253658,367.548187255859,285
177,455.43706930931,315.798655225372,380.224670410156,340
178,806.802054280231,337.992438399499,380.224670410156,340
179,775.964905116664,364.594781889865,380.224670410156,340
180,697.359994555481,395.809262693602,380.224670410156,340
181,373.702328427171,405.082836253886,380.224670410156,340
182,446.669206680015,416.17127487616,380.224670410156,340
183,539.208864792543,431.475423899401,380.224670410156,340
184,726.024026877257,455.417183367556,380.224670410156,340
185,459.745440475073,456.637529770398,395.349731445312,340
186,877.180969988103,461.343562121763,395.349731445312,340
187,634.81163858862,475.105073584933,395.349731445312,340
188,287.089266970712,473.858063101086,395.349731445312,340
189,733.472286337556,492.47096097908,395.349731445312,307
190,911.202928787152,515.511538542414,395.349731445312,340
191,684.983824753994,526.681045516786,395.349731445312,340
192,721.792566727065,536.331104467777,395.349731445312,340
193,492.204758737458,552.753232176241,409.789031982422,340
194,1001.87022630327,586.451006342232,409.789031982422,340
195,863.90307539358,593.280528261026,409.789031982422,340
196,613.957372922398,606.238025066201,409.789031982422,340
197,1100.49798680169,635.387093901807,409.789031982422,340
198,786.252745444167,655.837448997015,409.789031982422,340
199,482.825908012874,646.588985315903,409.789031982422,340
200,863.869464529533,668.649134448557,409.789031982422,340
201,897.925306054157,689.390168674643,425.558441162109,340
202,724.986217363899,700.172134596827,425.558441162109,340
203,574.2181338923,690.86877778131,425.558441162109,340
204,906.900817868188,696.10621429137,425.558441162109,340
205,1125.81960813036,713.244598834366,425.558441162109,340
206,579.638869993884,721.482060497034,425.558441162109,340
207,811.066220548304,736.057941051766,425.558441162109,340
208,496.292748795886,734.341296411899,425.558441162109,340
209,785.859593900327,736.734719092822,442.533050537109,340
210,909.878580990435,754.740044713437,442.533050537109,340
211,898.295442357632,755.584623608218,442.533050537109,340
212,1032.21666533135,771.480824677927,442.533050537109,340
213,900.968675792745,796.036001030808,442.533050537109,340
214,728.216626337976,795.825774630825,442.533050537109,340
215,981.014903907253,798.618253635629,442.533050537109,340
216,772.38586225938,802.114335135845,442.533050537109,340
217,1423.08743392791,830.166129823878,457.975494384766,340
218,1097.87383239587,854.392892770215,457.975494384766,340
219,1152.92711130268,860.435168170191,457.975494384766,340
220,1680.9441014696,893.116809213232,457.975494384766,340
221,993.854435068788,908.312691699087,457.975494384766,340
222,993.486890777401,904.032247858116,457.975494384766,340
223,1173.67690766,919.529214346749,457.975494384766,340
224,1425.67548957399,957.243197609194,457.975494384766,340
225,1585.18531016835,986.095831434747,468.657806396484,340
226,1158.83761347363,996.532323731526,468.657806396484,340
227,922.9935688818,1004.45261779224,468.657806396484,340
228,1724.28828982245,1050.45542402945,468.657806396484,340
229,1610.77105167377,1078.61023338167,468.657806396484,340
230,1348.27311405444,1087.50837361863,468.657806396484,340
231,1069.02283648938,1107.08373227845,468.657806396484,340
232,1419.32548098838,1131.41410269606,468.657806396484,340
233,1718.00567556427,1180.28261976679,475.071685791016,340
234,1529.07070135971,1210.01106406517,475.071685791016,340
235,1663.26860520821,1240.14666503388,475.071685791016,340
236,1417.03959889431,1260.89643129535,475.071685791016,340
237,1579.90093686299,1282.80380215661,475.071685791016,340
238,1176.34262429029,1293.81876009651,475.071685791016,340
239,1354.16075193187,1318.85652512027,475.071685791016,340
240,1172.81762981496,1326.52863415658,475.071685791016,340
241,1453.68784437307,1353.78071344112,484.1611328125,340
242,1383.62701718544,1352.20229677143,484.1611328125,340
243,1451.72749575877,1366.35644330594,484.1611328125,340
244,887.884646194626,1355.75474470162,484.1611328125,340
245,1569.45606735728,1351.29522333713,484.1611328125,340
246,1770.6775991558,1382.36814990061,484.1611328125,340
247,1437.11122406773,1400.11312323222,484.1611328125,340
248,1453.18499387107,1411.29344668066,484.1611328125,340
249,1588.2880550398,1417.7979492993,497.804962158203,340
250,1444.79211071653,1412.18222132122,497.804962158203,340
251,1398.14578352561,1421.7545481233,497.804962158203,340
252,1484.23131448935,1444.2040579476,497.804962158203,340
253,1205.31016861005,1423.44493309911,497.804962158203,340
254,1297.696244733,1410.92194082148,497.804962158203,340
255,1489.91290678348,1416.58753253064,497.804962158203,340
256,1517.62948747706,1434.53179857015,497.804962158203,340
257,1405.81890534008,1433.99153554421,509.937225341797,340
258,1448.60291783151,1423.2154252349,509.937225341797,340
259,1482.44729691849,1421.35048905726,509.937225341797,340
260,1189.08118900347,1402.38299240907,509.937225341797,340
261,1289.32876125227,1397.27455890338,509.937225341797,340
262,1236.03246859102,1383.51982017251,509.937225341797,340
263,1433.23048715383,1393.79533468705,509.937225341797,340
264,1434.44090793772,1397.00654092728,509.937225341797,340
265,1399.99780699812,1406.09374801461,520.704162597656,340
266,1286.97916613606,1399.42540088513,520.704162597656,340
267,1331.59999337891,1397.34431993287,520.704162597656,340
268,1575.45964477069,1402.29360589334,520.704162597656,340
269,1675.16305411015,1433.78474220996,520.704162597656,340
270,1224.95112490938,1420.00454451205,520.704162597656,340
271,1322.84120083437,1402.09108857919,520.704162597656,340
272,1199.25958921181,1392.57702318495,520.704162597656,340
273,1389.5254854756,1390.03064284913,537.6953125,340
274,1450.03848317884,1384.5006599747,537.6953125,340
275,1434.10122680694,1384.07302461831,537.6953125,340
276,1688.46758163752,1395.68589654279,537.6953125,340
277,1344.27456837558,1390.08762669824,537.6953125,340
278,1422.21287420918,1398.7637349222,537.6953125,340
279,1295.67874272061,1398.68303484171,537.6953125,340
280,1319.00959177769,1391.84690224148,537.6953125,340
281,1439.65442413648,1388.72789970785,548.779357910156,340
282,1477.22560873693,1391.58416784373,548.779357910156,340
283,1385.39620134225,1389.05589918416,548.779357910156,340
284,1541.50258680229,1391.41811077951,548.779357910156,340
285,1557.28366055768,1406.14620964168,548.779357910156,340
286,1236.51892674788,1404.0338162615,548.779357910156,340
287,1189.74384621147,1402.18227136632,548.779357910156,340
288,1567.22682136206,1407.54212473465,548.779357910156,340
289,1530.59548801188,1411.38830793761,556.180725097656,340
290,1617.184903338,1420.07579179121,556.180725097656,340
291,1684.66639922837,1435.9832811149,556.180725097656,340
292,1422.85907102454,1439.63364422073,556.180725097656,340
293,984.373439426254,1415.99019600695,556.180725097656,340
294,1414.33456802902,1405.5570565637,556.180725097656,340
295,1438.23913608897,1414.08857701089,556.180725097656,340
296,1447.48862355528,1419.07447391973,556.180725097656,340
297,1481.3118442126,1430.35656411976,566.3388671875,340
298,1621.8964049568,1439.651400899,566.3388671875,340
299,1587.90204661572,1445.16594343648,566.3388671875,340
300,1653.5442767436,1453.94366543395,566.3388671875,340
301,1674.31292648298,1453.37747922776,566.3388671875,340
302,1532.35952228941,1460.90087738432,566.3388671875,340
303,1549.8081956747,1466.00469024294,566.3388671875,340
304,1561.34436191276,1476.63131501062,566.3388671875,340
305,1560.13428491527,1486.27630273613,574.455261230469,340
306,1578.73821934876,1491.83965454462,574.455261230469,340
307,1612.79551104686,1497.26245063702,574.455261230469,340
308,1686.7449423769,1509.3164002784,574.455261230469,340
309,1364.97633827343,1502.25535033725,574.455261230469,340
310,1679.3536710609,1507.13815075738,574.455261230469,340
311,1618.01670969325,1522.39806207519,574.455261230469,340
312,1616.76818608232,1539.47903567003,574.455261230469,340
313,1547.35963544766,1538.68434823345,583.11767578125,340
314,1569.21621967021,1540.22917749978,583.11767578125,340
315,1621.27515706719,1540.39278764895,583.11767578125,340
316,1771.50434479336,1543.86630547155,583.11767578125,340
317,1688.47164176657,1554.49080830123,583.11767578125,340
318,1462.18898217751,1573.60343001128,583.11767578125,340
319,1740.26819395098,1586.64077504816,583.11767578125,340
320,1674.58285103891,1596.09452364616,583.11767578125,340
321,1469.95309988891,1596.9931026995,592.982788085938,340
322,1829.39292689104,1610.91634600664,592.982788085938,340
323,1600.20051992933,1610.04851060554,592.982788085938,340
324,1691.04804000491,1614.17435034111,592.982788085938,340
325,1601.00216949595,1612.0726660512,592.982788085938,340
326,1598.2508147004,1609.0301815799,592.982788085938,340
327,1497.95318919332,1607.65392825606,592.982788085938,340
328,1469.80739915698,1604.45389639535,592.982788085938,340
329,1775.89828938907,1613.0360534944,596.697998046875,340
330,1609.67018678189,1615.01748956906,596.697998046875,340
331,1570.89958825037,1614.70394432513,596.697998046875,340
332,1487.09778663866,1609.6760353488,596.697998046875,340
333,1432.03408125279,1599.48760090384,596.697998046875,340
334,1486.03083308776,1604.32978069641,596.697998046875,340
335,1571.0248205605,1599.99662667639,596.697998046875,340
336,1613.86744315251,1599.83065601476,596.697998046875,340
337,1907.91409094952,1611.47649220945,603.121948242188,340
338,1562.90624600485,1612.09835663174,603.121948242188,340
339,1718.7953137536,1618.08152039508,603.121948242188,340
340,1719.28759016695,1622.00201771907,603.121948242188,340
341,1660.9320658822,1617.57912656262,603.121948242188,340
342,1553.12874511128,1612.16541069641,603.121948242188,340
343,1835.99038068954,1627.11746663689,603.121948242188,340
344,1729.06208573158,1626.66922230811,603.121948242188,340
345,2075.95825536683,1642.72423848123,611.170227050781,340
346,1660.45911903896,1650.34447924723,611.170227050781,340
347,1756.78372323478,1647.44011110098,611.170227050781,340
348,1607.74188057435,1647.74176552678,611.170227050781,340
349,1599.80711323918,1644.09212845615,611.170227050781,340
350,1722.14268511227,1648.93774908081,611.170227050781,340
351,1697.2863646825,1652.89917108009,611.170227050781,340
352,1820.98013538982,1665.82024892795,611.170227050781,340
353,2083.05494047648,1690.35015058073,618.942443847656,340
354,1797.75176191821,1691.2242894819,618.942443847656,340
355,2052.53499751232,1708.93888191111,618.942443847656,340
356,1811.68950908297,1718.57047874442,618.942443847656,340
357,1640.49566196997,1724.70639375767,618.942443847656,340
358,1595.20753410938,1731.23333187193,618.942443847656,340
359,1794.30475364053,1743.56428869404,618.942443847656,340
360,1631.9820291614,1746.00257703808,618.942443847656,340
361,1908.23246648934,1757.77717797155,624.375610351562,340
362,1913.89790826451,1758.01653066415,624.375610351562,340
363,1863.06617431807,1770.02292779668,624.375610351562,340
364,2084.90221939607,1784.66720402238,624.375610351562,340
365,1853.85168869103,1790.04976796334,624.375610351562,340
366,1935.20495133895,1801.02068338161,624.375610351562,340
367,1864.68449115335,1813.4829132233,624.375610351562,340
368,2002.17038016605,1820.13011320236,624.375610351562,340
369,1924.91725618894,1827.96432002065,633.740234375,340
370,1955.20715281554,1823.1342759186,633.740234375,340
371,1893.10259355085,1832.44001489908,633.740234375,340
372,2000.05739432599,1842.17096174272,633.740234375,340
373,1912.86643058597,1854.37594374319,633.740234375,340
374,1948.84173013228,1868.33732841891,633.740234375,340
375,1971.77056713833,1878.32244369996,633.740234375,340
376,1470.36980515737,1869.24578131895,633.740234375,340
377,1975.60798363966,1875.43089524894,641.687194824219,340
378,1870.65190695925,1866.93477390825,641.687194824219,340
379,1970.61517935125,1873.84931060558,641.687194824219,340
380,2049.14573150034,1873.7137399651,641.687194824219,340
381,1730.78292190038,1870.47747647779,641.687194824219,340
382,1845.52504786088,1878.67865191343,641.687194824219,340
383,2048.52837464386,1896.81148553481,641.687194824219,340
384,1761.32662488589,1895.49236038462,641.687194824219,340
385,1703.7498480033,1898.3630731383,648.854064941406,340
386,1896.38923414199,1897.88934384441,648.854064941406,340
387,2047.65978649971,1903.23981897381,648.854064941406,340
388,2013.99781167763,1909.2770844682,648.854064941406,340
389,2092.40724910564,1909.57728565658,648.854064941406,340
390,1934.37942845774,1912.79839524725,648.854064941406,340
391,2120.96320162568,1920.22872525872,648.854064941406,340
392,2072.301193299,1928.53339334454,648.854064941406,340
393,1989.04343891125,1928.00831569435,660.7216796875,340
394,1906.54594119448,1927.27346309457,660.7216796875,340
395,1812.48435960219,1921.56455136604,660.7216796875,340
396,2014.98465847991,1926.4398339632,660.7216796875,340
397,1877.96611470812,1921.55618277849,660.7216796875,340
398,2004.03873603445,1925.20307499642,660.7216796875,340
399,1927.36360985709,1924.34395018542,660.7216796875,340
400,1883.49447945869,1920.81290667823,660.7216796875,340
401,1957.57011938763,1940.30091924744,669.1953125,340
402,1927.45329719257,1938.37473178956,669.1953125,340
403,1991.36011751925,1943.20306021196,669.1953125,340
404,2122.76850230397,1949.28919313007,669.1953125,340
405,1994.75199920465,1947.11344383824,669.1953125,340
406,1910.02003645262,1954.28292842033,669.1953125,340
407,2162.53558819824,1966.96335003382,669.1953125,340
408,2110.22973960019,1969.43140463208,669.1953125,340
409,1980.29261219114,1978.19004412429,670.380493164062,340
410,2028.09327961849,1991.16378138889,670.380493164062,340
411,1992.55117473308,1995.01025901254,670.380493164062,340
412,2176.19113268274,2000.15151285986,670.380493164062,340
413,2164.09030264661,2006.15521249862,670.380493164062,340
414,2095.66413642397,2006.28548799135,670.380493164062,340
415,2136.23138877253,2014.35956640394,670.380493164062,340
416,2025.76091048731,2010.55147475841,670.380493164062,340
417,2174.68593395963,2014.64686438483,676.021484375,340
418,1917.84407301497,2011.79888974898,676.021484375,340
419,1990.91260765545,2015.17355640742,676.021484375,340
420,2127.20527790029,2027.76239313935,676.021484375,340
421,2045.10437155094,2028.96718166219,676.021484375,340
422,2139.49431124628,2039.42830952371,676.021484375,340
423,2015.4114323291,2039.8832173755,676.021484375,340
424,2059.89660563053,2045.18453720644,676.021484375,340
425,1995.59066206794,2049.66838451081,675.87158203125,340
426,2064.06436599355,2053.92815437504,675.87158203125,340
427,1922.39415339806,2053.72578862326,675.87158203125,340
428,2164.14014417104,2060.63698968933,675.87158203125,340
429,2175.99539810861,2062.76606552152,675.87158203125,340
430,2152.94323416211,2069.09371491982,675.87158203125,340
431,1928.49121089476,2069.8325618975,675.87158203125,340
432,1921.34807642205,2060.18506142646,675.87158203125,340
433,2033.22749417103,2057.10497160929,680.570556640625,340
434,2169.43591193837,2064.67070359918,680.570556640625,340
435,2173.34488369118,2070.48076776209,680.570556640625,340
436,2211.06568291541,2079.22134808938,680.570556640625,340
437,2171.67354342034,2079.04064451888,680.570556640625,340
438,1933.41380599183,2069.81358465269,680.570556640625,340
439,1971.51906494469,2064.84778179352,680.570556640625,340
440,2093.21212838361,2063.12701137796,680.570556640625,340
441,2180.20919872231,2069.30494290736,686.510559082031,340
442,2238.95492187593,2071.87570242402,686.510559082031,340
443,2105.83729390548,2079.39543125964,686.510559082031,340
444,2002.46934452731,2079.85770073451,686.510559082031,340
445,1990.89064936319,2074.40511559303,686.510559082031,340
446,2038.32486564985,2074.13393535698,686.510559082031,340
447,2173.93565538487,2075.51158912253,686.510559082031,340
448,2098.77204583131,2078.84601366261,686.510559082031,340
449,2062.50070470637,2078.95017762565,688.036254882812,340
450,2166.64449222186,2085.7923308318,688.036254882812,340
451,2062.13174202288,2085.71502587298,688.036254882812,340
452,2271.27559615248,2099.67028358315,688.036254882812,340
453,2194.71546230517,2100.89329630852,688.036254882812,340
454,2150.67505106656,2099.88048242684,688.036254882812,340
455,2262.13044413924,2104.24797082592,688.036254882812,340
456,2135.29830005559,2112.52025439236,688.036254882812,340
457,2110.36761731594,2120.08103602811,689.851013183594,340
458,1951.91487906497,2116.82853142387,689.851013183594,340
459,2205.389073795,2118.26665789813,689.851013183594,340
460,1875.62131435459,2106.35771512467,689.851013183594,340
461,2241.33960619328,2107.56867205578,689.851013183594,340
462,2236.58366412785,2110.16507688409,689.851013183594,340
463,2095.61758947732,2116.6532282235,689.851013183594,340
464,2027.94120905875,2118.91011398807,689.851013183594,340
465,2248.03038313928,2125.10284417829,690.617919921875,340
466,2222.0548011277,2126.77666827451,690.617919921875,340
467,2144.73297983571,2123.0077905929,690.617919921875,340
468,2148.14306777446,2124.70002154766,690.617919921875,340
469,2072.05532758438,2127.48346086994,690.617919921875,340
470,2144.21771122515,2133.61654334442,690.617919921875,340
471,2315.30877813549,2144.69589984385,690.617919921875,340
472,2164.20093622641,2144.30651107751,690.617919921875,340
473,2207.72186521004,2148.66450385266,691.939758300781,340
474,2137.68728220696,2151.67196695268,691.939758300781,340
475,2086.62502384685,2148.47118821768,691.939758300781,340
476,2213.42307790367,2154.52284165291,691.939758300781,340
477,2164.67678438622,2150.25888918226,691.939758300781,340
478,2278.75622137533,2153.62051954507,691.939758300781,340
479,2159.17877703464,2153.96066858379,691.939758300781,340
480,2002.25840635582,2143.56578707246,691.939758300781,340
481,2275.28950140776,2149.16543512654,699.423950195312,340
482,2268.54372298729,2155.4924793534,699.423950195312,340
483,2205.68157081388,2165.64314702335,699.423950195312,340
484,2007.75838936713,2157.73791964624,699.423950195312,340
485,2287.51372751252,2174.21361617256,699.423950195312,340
486,2241.30557425271,2174.21225489493,699.423950195312,340
487,2180.71724139807,2171.97759798574,699.423950195312,340
488,2248.40108814107,2178.08893793229,699.423950195312,340
489,2269.4764785487,2187.75034871189,702.910766601562,340
490,2171.65985077056,2184.69552741714,702.910766601562,340
491,2251.36219726165,2185.8678232625,702.910766601562,340
492,2229.68105376163,2189.26574621954,702.910766601562,340
493,2047.26111501436,2185.23046810913,702.910766601562,340
494,2164.60401093252,2188.93241544306,702.910766601562,340
495,2271.82368930625,2194.0366545663,702.910766601562,340
496,2321.51715553418,2194.28498966225,702.910766601562,340
497,2226.21037115926,2196.76536705956,706.792297363281,340
498,2238.06054771272,2197.97891435967,706.792297363281,340
499,2269.92902267545,2203.26858397841,706.792297363281,340
500,2256.97312269602,2210.08250793238,706.792297363281,340
501,2140.78981532989,2207.17717742943,706.792297363281,340
502,2296.66697914045,2212.45678521959,706.792297363281,340
503,2229.91235452801,2210.5030305457,706.792297363281,340
504,2109.90711640613,2208.53216412056,706.792297363281,340
505,2241.49794600749,2218.10174570663,710.496948242188,340
506,2275.32662718831,2218.10323073785,710.496948242188,340
507,2250.16421154973,2217.36805028035,710.496948242188,340
508,2277.61291803279,2220.2453041691,710.496948242188,340
509,2278.00727383676,2231.05525954789,710.496948242188,340
510,2326.3348541015,2232.60810461145,710.496948242188,340
511,2289.51266476867,2234.53638823209,710.496948242188,340
512,2244.53353581988,2237.08904000896,710.496948242188,340
513,2348.95285381861,2241.11111063606,712.527648925781,340
514,2320.63363376865,2243.15739684486,712.527648925781,340
515,2293.19068967929,2248.01863040121,712.527648925781,340
516,2261.00190662412,2248.40421877571,712.527648925781,340
517,2196.92131326517,2247.09382915585,712.527648925781,340
518,2127.21630145963,2250.29203661366,712.527648925781,340
519,2159.39270959016,2250.08358455996,712.527648925781,340
520,2261.24897020584,2249.66059579595,712.527648925781,340
521,1901.22415500358,2232.84887577472,717.121765136719,340
522,1944.16975462437,2221.56725111333,717.121765136719,340
523,2035.05481837209,2213.4470219397,717.121765136719,340
524,1909.78961095303,2199.04144547081,717.121765136719,340
525,2029.07707901318,2189.92560372349,717.121765136719,340
526,2177.93722222079,2191.41149999913,717.121765136719,340
527,2153.85726177113,2185.69911130436,717.121765136719,340
528,2036.21729741439,2177.95130901981,717.121765136719,340
529,2251.37839936241,2183.61016033806,720.506408691406,340
530,2195.93036241533,2181.78745699438,720.506408691406,340
531,2166.46346675697,2177.43293057712,720.506408691406,340
532,1958.48377727201,2165.76571320601,720.506408691406,340
533,2238.13532271414,2164.18660939327,720.506408691406,340
534,2033.0775057204,2154.38941866861,720.506408691406,340
535,2274.08163208569,2152.29928978798,720.506408691406,340
536,2193.8215283786,2148.47164433238,720.506408691406,340
537,2190.51274611836,2146.31081274432,731.00390625,340
538,2069.29361541426,2135.12444320814,731.00390625,340
539,1802.20036699439,2114.38711253717,731.00390625,340
540,1928.51000604717,2099.79988519189,731.00390625,340
541,2206.85403942626,2097.63397050398,731.00390625,340
542,2141.2549250532,2095.4073149755,731.00390625,340
543,1973.57776033521,2089.26177333052,731.00390625,340
544,1987.14099340491,2082.37170468311,731.00390625,340
545,2054.48177338288,2074.10101681019,730.77734375,340
546,2162.89835945093,2084.56798498809,730.77734375,340
547,1945.7730907837,2084.63211843446,730.77734375,340
548,1941.04693122656,2080.87180294864,730.77734375,340
549,1924.03989308878,2081.44181423407,730.77734375,340
550,1732.43064449084,2069.57595685317,730.77734375,340
551,1926.75774380414,2059.52877771651,730.77734375,340
552,1799.73995597833,2045.3640854848,730.77734375,340
553,1794.25316656155,2035.68552025068,736.305541992188,340
554,1783.55397725414,2016.97254336635,736.305541992188,340
555,2095.0357198981,2012.93675766566,736.305541992188,340
556,1941.2041756648,2003.92638602198,736.305541992188,340
557,1865.46885360283,2000.20578907521,736.305541992188,340
558,1908.89777348715,1987.03628710613,736.305541992188,340
559,2205.79693820294,1993.94506440543,736.305541992188,340
560,1857.96021839158,1977.30020785767,736.305541992188,340
561,2048.007800875,1971.46765875752,739.222229003906,340
562,2221.62038173209,1972.71196418207,739.222229003906,340
563,2186.73223227461,1977.40950885648,739.222229003906,340
564,2053.20968577178,1987.44988160758,739.222229003906,340
565,2142.89151131009,1996.0251418181,739.222229003906,340
566,2241.01316527054,1997.39150685187,739.222229003906,340
567,2233.03842630377,2001.06284690189,739.222229003906,340
568,2173.22989015691,2009.04893209476,739.222229003906,340
569,2227.30184600509,2018.65536619877,742.389587402344,340
570,2052.97600951326,2018.59513564398,742.389587402344,340
571,2052.44716122966,2014.17708771513,742.389587402344,340
572,2130.57238556761,2021.56905950649,742.389587402344,340
573,1998.36381013996,2023.86173466302,742.389587402344,340
574,2202.20306138318,2034.9882613948,742.389587402344,340
575,2113.62113461908,2050.23588099993,742.389587402344,340
576,2099.91838001226,2057.16230644825,742.389587402344,340
577,1451.50798498787,2043.23302760863,735.449157714844,340
578,1977.38460371182,2050.55828509464,735.449157714844,340
579,2058.56275975692,2061.55863639475,735.449157714844,340
580,1687.96945868058,2045.27598594605,735.449157714844,340
581,1961.975123131,2046.1068238447,735.449157714844,340
582,1949.73965325619,2049.47765583084,735.449157714844,340
583,1882.05910530999,2048.40410910375,735.449157714844,340
584,2084.14876299922,2043.5381820956,735.449157714844,340
585,2037.84684462003,2050.73364714474,733.445861816406,340
586,2218.50364787812,2057.55348102486,733.445861816406,340
587,2090.4060154445,2052.30490637336,733.445861816406,340
588,2099.41618682728,2048.81226455547,733.445861816406,340
589,2056.6207996534,2048.94870911073,733.445861816406,340
590,2092.45927555781,2046.93141968064,733.445861816406,340
591,1967.09098728321,2035.97453256115,733.445861816406,340
592,2220.98234834162,2035.49228944266,733.445861816406,340
593,2122.44548727962,2033.46091332757,734.293701171875,340
594,2087.45047833807,2027.86685862089,734.293701171875,340
595,1761.26165483718,2016.19828443385,734.293701171875,340
596,2060.05563391145,2016.50262334112,734.293701171875,340
597,2153.78465929322,2017.43111429014,734.293701171875,340
598,2057.93417182029,2019.81392875736,734.293701171875,340
599,2009.4917044713,2012.10547448088,734.293701171875,340
600,2127.81827206641,2012.67335997877,734.293701171875,340
601,2006.93047323145,2008.95384370754,736.272644042969,340
602,1601.86447898689,2014.9681034675,736.272644042969,340
603,1908.83621498424,2012.2261679184,736.272644042969,340
604,1819.03575912636,2002.64508789318,736.272644042969,340
605,1879.85141236244,2010.32036604045,736.272644042969,340
606,1994.74523570911,2011.63117054358,736.272644042969,340
607,1835.37125680204,2007.05643468541,736.272644042969,340
608,2038.91386492527,2013.33062507002,736.272644042969,340
609,1798.46459565381,2001.90325837621,736.47119140625,340
610,1937.20485320579,1997.87757871964,736.47119140625,340
611,1973.48220606952,1988.07672104729,736.47119140625,340
612,1717.90545366548,1973.17669857613,736.47119140625,340
613,1893.3863124412,1964.93550360069,736.47119140625,340
614,1978.49541435615,1961.8104881888,736.47119140625,340
615,1823.19363450369,1951.03986254663,736.47119140625,340
616,2009.54350869925,1952.73796340327,736.47119140625,340
617,2124.82969333085,1948.89185720284,733.108764648438,340
618,1673.15590583259,1930.92027394496,733.108764648438,340
619,1874.64434476505,1922.40802860204,733.108764648438,340
620,1776.41409977475,1923.01412639954,733.108764648438,340
621,1692.59726108557,1908.31579148651,733.108764648438,340
622,1811.12570985596,1894.60943350902,733.108764648438,340
623,1848.43987174667,1886.22966150607,733.108764648438,340
624,1966.02589497055,1884.49102912604,733.108764648438,340
625,1745.97739408719,1869.21739400687,725.667846679688,340
626,1714.71734803087,1857.52886899885,725.667846679688,340
627,1620.70894631225,1858.28264769187,725.667846679688,340
628,1621.52957865367,1846.79038223864,725.667846679688,340
629,1651.57058012213,1840.09177507847,725.667846679688,340
630,1801.30295533043,1836.94983679719,725.667846679688,340
631,1671.09123933823,1824.00367694236,725.667846679688,340
632,1503.99193336759,1810.74850400498,725.667846679688,340
633,1917.97344770954,1805.91088731635,728.881652832031,340
634,1597.33575672577,1797.86573375923,728.881652832031,340
635,1769.98222151017,1791.1768284914,728.881652832031,340
636,1464.75421876791,1770.82770899934,728.881652832031,340
637,1354.08269242598,1756.27479854976,728.881652832031,340
638,1794.44166564387,1752.31701267787,728.881652832031,340
639,1661.54637438443,1739.639051079,728.881652832031,340
640,1891.31703472046,1742.36398708767,728.881652832031,340
641,1704.75009423792,1730.17225050922,731.791748046875,340
642,1670.55916883521,1712.00142952939,731.791748046875,340
643,1859.03291311214,1719.43650982057,731.791748046875,340
644,1808.50655275433,1716.79099814014,731.791748046875,340
645,1928.75175286322,1722.88450426368,731.791748046875,340
646,1683.05732106983,1722.50290666305,731.791748046875,340
647,1778.71306673116,1721.20640093806,731.791748046875,340
648,1492.37774705192,1706.96391595027,731.791748046875,340
649,1182.68960349803,1675.63046429137,734.427795410156,340
650,1647.9561141983,1671.70961309582,734.427795410156,340
651,981.911018341097,1642.39735990822,734.427795410156,340
652,1263.71087179313,1628.11743692746,734.427795410156,340
653,1649.35850532366,1629.23059399426,734.427795410156,340
654,1684.28456198617,1630.53915326882,734.427795410156,340
655,1472.86876612605,1617.40178570065,734.427795410156,340
656,1688.91089908047,1618.11457209034,734.427795410156,340
657,1591.54365231432,1621.61664084821,727.677185058594,340
658,1848.9374518765,1618.85520101488,727.677185058594,340
659,1652.00974932694,1621.04216071893,727.677185058594,340
660,1575.68928352587,1613.27044319956,727.677185058594,340
661,1641.01776100889,1620.3209848892,727.677185058594,340
662,2044.49367667405,1647.93742425912,727.677185058594,340
663,1821.88473857259,1649.03514717627,727.677185058594,340
664,1911.53822694465,1659.03482127868,727.677185058594,340
665,1650.58767144624,1649.40564674771,721.230163574219,340
666,2082.41920954922,1664.51241136016,721.230163574219,340
667,2086.39923733882,1681.14601410031,721.230163574219,340
668,2006.03659178057,1687.02616124704,721.230163574219,340
669,1953.38445068303,1692.82127716419,721.230163574219,340
670,1960.68456322015,1694.09858957847,721.230163574219,340
671,2107.24960291269,1711.06628085218,721.230163574219,340
672,1970.09222126376,1718.72144703349,721.230163574219,340
673,1825.020196645,1732.02714501721,708.822021484375,340
674,1936.09816757134,1762.16348758014,708.822021484375,340
675,1853.43327733798,1770.38257410573,708.822021484375,340
676,1648.49956562888,1797.04611599724,708.822021484375,340
677,1661.65996486012,1812.96407971992,708.822021484375,340
678,1859.4542501009,1821.36790951101,708.822021484375,340
679,1741.69364248469,1823.66427273095,708.822021484375,340
680,1577.99036976951,1827.86913687669,708.822021484375,340
681,1679.42796138412,1827.48981936883,705.609985351562,340
682,1855.94047675948,1838.06569234664,705.609985351562,340
683,1697.52357176215,1832.00913714207,705.609985351562,340
684,1691.23201522305,1833.57802777791,705.609985351562,340
685,1788.89494043029,1842.10625405409,705.609985351562,340
686,1887.92909834799,1851.98270754765,705.609985351562,340
687,1766.79573927916,1840.87479005186,705.609985351562,340
688,1664.29954948555,1834.57138248837,705.609985351562,340
689,1680.07544286922,1825.31287112536,701.147766113281,340
690,1749.5643941133,1829.27194003204,701.147766113281,340
691,1719.43788624517,1814.75268709988,701.147766113281,340
692,1725.89388731867,1800.33247309907,701.147766113281,340
693,1624.07376349797,1785.05395996777,701.147766113281,340
694,1802.25505652581,1779.00878420148,701.147766113281,340
695,1898.24773827796,1776.51131120379,701.147766113281,340
696,1805.81396011663,1764.45388549195,701.147766113281,340
697,1741.21579361998,1755.2988283862,696.698059082031,340
698,1736.96247269809,1751.77651942832,696.698059082031,340
699,1193.16387560336,1722.0591477496,696.698059082031,340
700,1634.98392024335,1713.32117346582,696.698059082031,340
701,1696.80687848581,1715.25346598009,696.698059082031,340
702,1608.08798559796,1713.11058680961,696.698059082031,340
703,1778.54682235354,1709.87428969971,696.698059082031,340
704,1722.20566525969,1709.09477061071,696.698059082031,340
705,1692.94262248603,1713.69286071937,702.879516601562,340
706,1773.2669979921,1717.44642218369,702.879516601562,340
707,1800.70567993109,1715.23703031056,702.879516601562,340
708,1806.14911821671,1719.58205216874,702.879516601562,340
709,1896.70787441277,1727.80108653633,702.879516601562,340
710,1825.79215312052,1729.27697504394,702.879516601562,340
711,1714.88283590624,1722.35512454627,702.879516601562,340
712,1675.24099025571,1718.69293458533,702.879516601562,340
713,1839.94366128411,1725.71869905727,705.278991699219,340
714,2100.69287473949,1742.54339633208,705.278991699219,340
715,1945.82428545827,1750.39379198588,705.278991699219,340
716,1700.29281833706,1749.62798926956,705.278991699219,340
717,1745.46176937683,1750.41070455188,705.278991699219,340
718,1657.85670572564,1751.76202224099,705.278991699219,340
719,1851.38328204556,1753.72715126178,705.278991699219,340
720,1960.67348448027,1756.22418110987,705.278991699219,340
721,1574.70339109388,1746.97975834896,702.044006347656,340
722,1581.06939305662,1740.57390232643,702.044006347656,340
723,1784.36023607126,1742.46981286135,702.044006347656,340
724,1903.68746624157,1770.89075648688,702.044006347656,340
725,1705.88510188039,1773.72680375236,702.044006347656,340
726,1853.36185530562,1779.98900282516,702.044006347656,340
727,1751.39114268936,1785.72112910881,702.044006347656,340
728,1951.01343823774,1792.61979374418,702.044006347656,340
729,1915.39531523308,1800.34737974312,698.548156738281,340
730,1694.27957916835,1800.40085801041,698.548156738281,340
731,1767.45587784488,1800.16841320452,698.548156738281,340
732,1934.34027818526,1805.51379713469,698.548156738281,340
733,1787.01238463168,1804.74832779129,698.548156738281,340
734,1766.04083233853,1799.52164610832,698.548156738281,340
735,1596.13830099438,1790.33549202327,698.548156738281,340
736,1916.15762354016,1798.38648352863,698.548156738281,340
737,1456.37773826636,1789.63195344905,697.178527832031,340
738,1871.97787245785,1790.913321896,697.178527832031,340
739,1560.97005642205,1769.32440916331,697.178527832031,340
740,1458.72191990064,1749.840314541,697.178527832031,340
741,1787.56457508417,1753.33118481089,697.178527832031,340
742,2179.47648592225,1770.6917734727,697.178527832031,340
743,1822.15299517723,1777.26362505077,697.178527832031,340
744,1952.06798421339,1781.29101313748,697.178527832031,340
745,1980.54421952262,1782.08584253917,695.521667480469,340
746,1974.76045942873,1798.08812527257,695.521667480469,340
747,2006.18866184372,1815.09289602405,695.521667480469,340
748,1650.96912984025,1809.75725177481,695.521667480469,340
749,1962.37169972256,1812.10462111405,695.521667480469,340
750,1813.01083682417,1816.3896505118,695.521667480469,340
751,1711.56553798872,1810.71779781913,695.521667480469,340
752,1955.50323031075,1818.88228132398,695.521667480469,340
753,1813.52571660762,1813.38277245878,698.537536621094,340
754,2051.85783299654,1818.84127316931,698.537536621094,340
755,2126.65622347724,1836.13633894167,698.537536621094,340
756,2055.94562881836,1847.67592898061,698.537536621094,340
757,2174.85681001072,1857.29659025363,698.537536621094,340
758,1982.92777497855,1865.1332058675,698.537536621094,340
759,2162.75394037968,1881.00173018915,698.537536621094,340
760,2037.94983690945,1898.67419162575,698.537536621094,340
761,1929.95973472633,1899.2262760732,690.967102050781,340
762,2005.20891045828,1921.17952296087,690.967102050781,340
763,1742.66270473409,1916.00691625192,690.967102050781,340
764,2038.59436873349,1935.11188874438,690.967102050781,340
765,2032.89217071036,1958.07869877677,690.967102050781,340
766,1945.00169518983,1964.376183581,690.967102050781,340
767,1838.23443763874,1950.72650164966,690.967102050781,340
768,1940.42752962285,1955.45748302748,690.967102050781,340
769,2109.51024144939,1961.75517331692,686.061462402344,340
770,1882.87955557973,1957.84858675921,686.061462402344,340
771,2161.54802233455,1965.32008927544,686.061462402344,340
772,1869.57886257308,1959.85569730461,686.061462402344,340
773,2204.9481761489,1982.01485915696,686.061462402344,340
774,1934.80879451774,1980.91234294877,686.061462402344,340
775,1979.65119712158,1987.57795736066,686.061462402344,340
776,2136.7000206752,2004.58333666812,686.061462402344,340
777,1880.02566145023,2001.5642339137,683.443664550781,340
778,2004.32438895126,2009.19618080745,683.443664550781,340
779,1806.69177545561,1999.38953850581,683.443664550781,340
780,1975.08745670781,1993.32678783503,683.443664550781,340
781,2116.62625667197,1995.75401294918,683.443664550781,340
782,1911.42451447267,1985.21672112766,683.443664550781,340
783,2171.92540270902,1992.77662623687,683.443664550781,340
784,1779.12856969285,1977.4316114094,683.443664550781,340
785,1916.79317673964,1972.58534500261,685.972351074219,340
786,1975.40023864836,1974.40296515949,685.972351074219,340
787,1965.7400351517,1972.82421014723,685.972351074219,340
788,1922.07228366622,1980.00059330451,685.972351074219,340
789,2126.42834565585,1983.51395238141,685.972351074219,340
790,1525.92844683853,1963.23540342653,685.972351074219,340
791,1870.59804390316,1960.25925737507,685.972351074219,340
792,1792.79152617348,1958.44154091646,685.972351074219,340
793,2129.86229121721,1966.01893138023,693.03125,340
794,1854.38655430081,1955.81398389429,693.03125,340
795,2201.01379421569,1968.53935343972,693.03125,340
796,1925.3757215112,1959.09246140679,693.03125,340
797,1899.88841953632,1960.30484368532,693.03125,340
798,1861.14550850004,1946.55273697936,693.03125,340
799,1970.20988879153,1947.96878075032,693.03125,340
800,2098.29631541449,1952.71458548203,693.03125,340
801,1941.36399089873,1944.90114429097,694.9677734375,340
802,2110.71588950069,1954.12875341299,694.9677734375,340
803,1879.24408699867,1949.12554133489,694.9677734375,340
804,2145.67457503392,1962.68485331802,694.9677734375,340
805,1974.83153778002,1962.67461656091,694.9677734375,340
806,1883.55355779981,1953.35170860602,694.9677734375,340
807,1970.39375311213,1955.7104781516,694.9677734375,340
808,1952.46623243854,1946.93211134078,694.9677734375,340
809,2221.27545052663,1964.61798657413,692.820678710938,340
810,1992.02244146941,1967.62715716332,692.820678710938,340
811,2136.25593871939,1974.06138516617,692.820678710938,340
812,1967.24516004069,1974.12159016173,692.820678710938,340
813,1993.68630132769,1976.98615086818,692.820678710938,340
814,2061.70952174549,1974.39739791177,692.820678710938,340
815,1932.85815244764,1990.67458613614,692.820678710938,340
816,2077.58326401295,1998.95399494053,692.820678710938,340
817,2126.88981318578,2012.31792642102,692.894409179688,340
818,2192.44751088922,2014.8213352079,692.894409179688,340
819,1777.71553580677,2011.75449446814,692.894409179688,340
820,2219.85146499528,2012.50800129932,692.894409179688,340
821,1958.50045286133,2013.83299055333,692.894409179688,340
822,1826.33543043357,2010.89087098922,692.894409179688,340
823,1929.16357052247,2013.61159347011,692.894409179688,340
824,2018.222526522,2015.53209897933,692.894409179688,340
825,2103.20224967676,2015.72833634982,692.326843261719,340
826,1958.63810881897,2016.41930106663,692.326843261719,340
827,1925.28581388468,2009.00209804199,692.326843261719,340
828,1891.84244596048,2009.50603240046,692.326843261719,340
829,2071.72586685664,2006.54808407337,692.326843261719,340
830,1853.79534708582,2001.70663644561,692.326843261719,340
831,2215.27317810054,2014.97542125763,692.326843261719,340
832,2231.90310515334,2025.43579533928,692.326843261719,340
833,2142.02214317973,2033.01803176893,692.886535644531,340
834,2121.873271509,2029.04194460823,692.886535644531,340
835,1923.09859612261,2026.28499079435,692.886535644531,340
836,2054.87525338819,2023.02976338111,692.886535644531,340
837,2237.36186493206,2033.83443157676,692.886535644531,340
838,2077.28274911551,2037.17828948827,692.886535644531,340
839,2227.85233882875,2043.8240021716,692.886535644531,340
840,2010.53430339828,2046.93104820963,692.886535644531,340
841,2238.28198790156,2053.35899716517,689.617614746094,340
842,2220.63063708126,2057.10863012099,689.617614746094,340
843,2090.96583062459,2053.04936291041,689.617614746094,340
844,2152.96563499206,2068.05936687782,689.617614746094,340
845,2146.90377125393,2065.14145912816,689.617614746094,340
846,2240.85154282909,2076.43550272687,689.617614746094,340
847,2212.06509106207,2091.86468915201,689.617614746094,340
848,1788.48261227851,2086.23745082226,689.617614746094,340
849,2195.99897898666,2093.34850892084,686.020568847656,340
850,2191.37967503586,2096.87560593521,686.020568847656,340
851,2217.02161505336,2107.21094618458,686.020568847656,340
852,2018.84995340378,2110.95351176535,686.020568847656,340
853,2150.97487887517,2121.31880908194,686.020568847656,340
854,2188.84350732589,2126.00351470071,686.020568847656,340
855,2208.4825231027,2140.19100174138,686.020568847656,340
856,2063.20982342732,2134.10846755445,686.020568847656,340
857,2248.89808491413,2134.78826674488,683.624572753906,340
858,2166.81078678397,2135.77981248905,683.624572753906,340
859,2213.70383533176,2139.45303504196,683.624572753906,340
860,2216.90968397286,2151.20547855597,683.624572753906,340
861,2192.56181995517,2156.71294121865,683.624572753906,340
862,2102.2177764352,2151.30717767878,683.624572753906,340
863,2144.79791049987,2154.00778413415,683.624572753906,340
864,2230.92973697282,2154.13088005992,683.624572753906,340
865,2232.05916663601,2162.99187458943,678.096984863281,340
866,1980.11682880932,2152.66526822574,678.096984863281,340
867,2042.6160092068,2145.54468311076,678.096984863281,340
868,2234.83956562373,2151.29963251072,678.096984863281,340
869,2250.06192998743,2155.18348431054,678.096984863281,340
870,2252.87864837071,2159.42247939521,678.096984863281,340
871,2242.63039290299,2159.49363339816,678.096984863281,340
872,2150.66930722436,2157.03780204466,678.096984863281,340
873,2134.26809391347,2170.86922131005,675.927124023438,340
874,2260.99701848535,2173.46914289,675.927124023438,340
875,2282.26470635402,2177.10454414273,675.927124023438,340
876,2117.08056141768,2173.1069019973,675.927124023438,340
877,2243.87533454588,2182.10791724298,675.927124023438,340
878,2038.80757691555,2177.6212251646,675.927124023438,340
879,2253.377412508,2180.20258137188,675.927124023438,340
880,2218.6325974751,2180.60858434678,675.927124023438,340
881,2250.66517302148,2188.10679833055,675.587341308594,340
882,2227.65840410476,2187.25721109817,675.587341308594,340
883,2036.31623018171,2182.03742883408,675.587341308594,340
884,2232.97996197119,2182.80847389966,675.587341308594,340
885,2239.65735710634,2183.718380825,675.587341308594,340
886,2156.11837367291,2182.26064297371,675.587341308594,340
887,2268.25911094748,2188.9022963542,675.587341308594,340
888,2223.44132910205,2192.04803309829,675.587341308594,340
889,2256.14828487052,2193.05677501419,676.169677734375,340
890,2279.6385690714,2194.95995111161,676.169677734375,340
891,2279.88466064887,2206.95066438519,676.169677734375,340
892,2230.22011318573,2214.45482854435,676.169677734375,340
893,2256.45633636494,2215.319499374,676.169677734375,340
894,2266.27288778868,2215.96793768605,676.169677734375,340
895,2234.84323899334,2215.24652131095,676.169677734375,340
896,2296.09675091718,2217.38517563152,676.169677734375,340
897,2276.75327430132,2222.4285343146,679.217102050781,340
898,2226.8571667529,2226.13209722817,679.217102050781,340
899,2210.91319768886,2224.12874439632,679.217102050781,340
900,2281.05702425743,2224.08043711245,679.217102050781,340
901,2305.14667178196,2231.60308152702,679.217102050781,340
902,1713.8493995373,2210.40204412668,679.217102050781,340
903,2300.5398341172,2220.87133441475,679.217102050781,340
904,1977.79932479722,2209.84821090632,679.217102050781,340
905,2267.52169328145,2211.80377473857,679.246887207031,340
906,2300.69559265897,2213.80499152407,679.246887207031,340
907,2261.424413078,2215.155631883,679.246887207031,340
908,2189.53009891688,2221.2841866324,679.246887207031,340
909,2107.6876426628,2216.27249386007,679.246887207031,340
910,2306.23099940383,2218.93543955197,679.246887207031,340
911,2207.49014934801,2220.99031057897,679.246887207031,340
912,2051.77383453619,2212.33089952252,679.246887207031,340
913,2258.39949121819,2213.72922600717,685.787292480469,340
914,2255.80225594996,2213.71538485035,685.787292480469,340
915,1979.34742067759,2201.70373891459,685.787292480469,340
916,2270.52504583589,2201.32935432207,685.787292480469,340
917,2245.58461091252,2201.94393423115,685.787292480469,340
918,2222.26044715871,2200.5760986629,685.787292480469,340
919,2258.85767427699,2200.27949012243,685.787292480469,340
920,2288.82410249063,2202.43872466232,685.787292480469,340
921,2209.46108727538,2198.97329811665,687.600708007812,340
922,2257.18978058675,2198.19075836807,687.600708007812,340
923,2092.24657622801,2192.80633474707,687.600708007812,340
924,2293.55726899682,2196.11209759939,687.600708007812,340
925,2286.65669201368,2196.33608430964,687.600708007812,340
926,2237.11700973945,2193.61489782794,687.600708007812,340
927,2251.9670064348,2215.13960210384,687.600708007812,340
928,2251.21554321927,2213.16663046792,687.600708007812,340
929,2129.68561948759,2219.24208225553,691.85791015625,340
930,2207.81909247393,2216.85397822323,691.85791015625,340
931,2190.38074440713,2212.44138429316,691.85791015625,340
932,2275.3825662594,2212.99971042042,691.85791015625,340
933,2305.39816870955,2217.63443321212,691.85791015625,340
934,2257.55338584995,2223.62906293961,691.85791015625,340
935,2284.56988588933,2222.76261839903,691.85791015625,340
936,2293.84834745269,2226.21694632322,691.85791015625,340
937,1897.15698935273,2220.03227251588,696.469482421875,340
938,1984.11528209202,2209.06090415083,696.469482421875,340
939,2238.66231007818,2208.37530631596,696.469482421875,340
940,2293.91767313432,2220.95811641423,696.469482421875,340
941,2299.46098842232,2222.11555411769,696.469482421875,340
942,2252.6111720133,2222.39661656172,696.469482421875,340
943,2286.10745698596,2224.95049695481,696.469482421875,340
944,2261.60295861039,2225.06030832814,696.469482421875,340
945,2144.58863140452,2219.2908894847,699.898132324219,340
946,2129.04760595235,2216.07435023178,699.898132324219,340
947,2249.29879423526,2215.75871077772,699.898132324219,340
948,2273.48495347387,2223.00824586755,699.898132324219,340
949,2236.39390003122,2220.72171110893,699.898132324219,340
950,2269.06070893212,2220.01787178567,699.898132324219,340
951,2202.09008301652,2218.61679471675,699.898132324219,340
952,2301.35558982865,2220.5923380525,699.898132324219,340
953,2155.73441855891,2216.77309306609,699.383178710938,340
954,2233.31403771883,2220.91822979534,699.383178710938,340
955,2252.84877014003,2222.71941690198,699.383178710938,340
956,2260.70593271915,2225.53242443446,699.383178710938,340
957,2212.60755306859,2223.02142390683,699.383178710938,340
958,2162.77208555541,2217.31638058067,699.383178710938,340
959,2263.53137199592,2217.5555000265,699.383178710938,340
960,2136.89961521218,2211.64868919942,699.383178710938,340
961,2259.69161782368,2210.28242001426,702.2177734375,340
962,2292.39906790756,2226.09210315645,702.2177734375,340
963,2242.26011761574,2236.4178965774,702.2177734375,340
964,2259.44561230618,2237.24922866652,702.2177734375,340
965,1941.01784044332,2223.13323535888,702.2177734375,340
966,2289.65983625779,2222.7411892723,702.2177734375,340
967,2284.66378126816,2224.02329364249,702.2177734375,340
968,2260.81111710536,2223.01144004727,702.2177734375,340
969,2285.04836306171,2223.94925622532,700.990539550781,340
970,2316.02031953822,2230.80652375067,700.990539550781,340
971,2303.78589607055,2237.7960553554,700.990539550781,340
972,2259.80374028555,2238.21625319741,700.990539550781,340
973,2284.03749273373,2238.6383547678,700.990539550781,340
974,2220.06213812436,2237.98508429153,700.990539550781,340
975,2270.6152565803,2238.04726619746,700.990539550781,340
976,2301.13678472564,2242.00913426582,700.990539550781,340
977,2284.37202066401,2241.32979149923,700.935913085938,340
978,2278.67651591402,2246.24747539344,700.935913085938,340
979,2268.29415004737,2247.64667988658,700.935913085938,340
980,2287.9775489792,2249.05183104015,700.935913085938,340
981,2263.06127981724,2249.14604492407,700.935913085938,340
982,2299.66563750049,2252.62836830135,700.935913085938,340
983,2253.19629083159,2256.24533651239,700.935913085938,340
984,2158.29183108394,2252.03575487591,700.935913085938,340
985,2318.75686270911,2259.31004477579,700.916625976562,340
986,2271.99838493257,2259.80231546015,700.916625976562,340
987,2266.91551118066,2258.78297319107,700.916625976562,340
988,2283.91841647136,2260.4493051453,700.916625976562,340
989,2293.31305151578,2261.80400271368,700.916625976562,340
990,2303.49248282115,2276.30298840879,700.916625976562,340
991,2222.29352573964,2273.60833598807,700.916625976562,340
992,2253.0961069714,2272.3456290162,700.916625976562,340
993,2287.75721586561,2273.42347296661,703.640075683594,340
994,2252.1968835998,2272.10941378813,703.640075683594,340
995,2273.59108990587,2270.41224460284,703.640075683594,340
996,2285.57471079706,2269.6837971919,703.640075683594,340
997,2342.83084387246,2273.00488133537,703.640075683594,340
998,2290.26512164053,2273.25398649165,703.640075683594,340
999,2281.25530363398,2275.70171311203,703.640075683594,340
1000,2261.33123407199,2275.3303522117,703.640075683594,340
1001,2215.99820989879,2271.92480921862,705.453552246094,340
1002,2303.93907026075,2272.70749120249,705.453552246094,340
1003,2278.83858178548,2272.71397383735,705.453552246094,340
1004,2240.79734911336,2271.61410179999,705.453552246094,340
1005,2301.01987240349,2272.13579473696,705.453552246094,340
1006,2297.71866042802,2273.52208996139,705.453552246094,340
1007,2337.67462421985,2275.04244943017,705.453552246094,340
1008,2247.6488198639,2274.82055059146,705.453552246094,340
1009,2301.13435930129,2280.53425172016,708.579162597656,340
1010,2320.42970369312,2280.60116535952,708.579162597656,340
1011,2336.32597014314,2283.17426876794,708.579162597656,340
1012,2298.3243910753,2284.43062396372,708.579162597656,340
1013,2268.36466859939,2283.80847404885,708.579162597656,340
1014,2153.82744328103,2278.22904971946,708.579162597656,340
1015,2301.16886598636,2278.13610504606,708.579162597656,340
1016,2291.75699097731,2280.91464365557,708.579162597656,340
1017,2325.78067549514,2283.82202639652,709.106140136719,340
1018,2263.8795652516,2282.86692037196,709.106140136719,340
1019,2326.59347862711,2285.84278417305,709.106140136719,340
1020,2330.89966505869,2288.13512717917,709.106140136719,340
1021,2259.31989539712,2287.08493456317,709.106140136719,340
1022,2232.67482954304,2282.67869398999,709.106140136719,340
1023,2324.4726645771,2284.04699570745,709.106140136719,340
1024,2282.62550837207,2284.10180389698,709.106140136719,340
1025,2267.27183662749,2284.3394279992,711.294921875,340
1026,2195.06537998948,2283.50211480282,711.294921875,340
1027,2300.63903955015,2283.3701135744,711.294921875,340
1028,2248.48351376527,2282.15591085359,711.294921875,340
1029,2272.80783869864,2283.436330437,711.294921875,340
1030,2298.57112701908,2283.33838062163,711.294921875,340
1031,2232.13994515078,2280.71523201054,711.294921875,340
1032,2277.54912736216,2278.31021213623,711.294921875,340
1033,2303.24321097441,2280.53398778065,711.602172851562,340
1034,2247.01134942061,2278.36906738542,711.602172851562,340
1035,2288.44601302306,2277.08971975862,711.602172851562,340
1036,2298.71912045545,2275.58544577111,711.602172851562,340
1037,2307.22927624927,2275.94164117807,711.602172851562,340
1038,2175.40830107702,2272.22338647718,711.602172851562,340
1039,2285.35674905523,2277.48455870814,711.602172851562,340
1040,2265.75266037188,2276.06791048356,711.602172851562,340
1041,2308.10130322457,2276.72168297346,712.128723144531,340
1042,2324.18543914254,2276.65787351935,712.128723144531,340
1043,2314.85652967124,2278.69695209614,712.128723144531,340
1044,2307.68721540446,2277.94070156723,712.128723144531,340
1045,2303.36875897018,2276.83946532369,712.128723144531,340
1046,2321.8240025348,2279.3396296092,712.128723144531,340
1047,2343.29405522984,2283.76439863667,712.128723144531,340
1048,2252.83129156225,2280.89874371608,712.128723144531,340
1049,2307.11058993635,2281.87814697865,717.040344238281,340
1050,2293.64420239567,2282.93304160937,717.040344238281,340
1051,2192.0801571836,2282.81363269714,717.040344238281,340
1052,2325.37854253572,2283.80321281656,717.040344238281,340
1053,2319.88195520961,2286.65915047434,717.040344238281,340
1054,2301.19250541997,2287.79453714319,717.040344238281,340
1055,2286.59064467952,2287.31531784961,717.040344238281,340
1056,2305.74538330956,2290.25953537596,717.040344238281,340
1057,2335.3019626746,2292.56964878846,717.040405273438,340
1058,2303.92417762936,2292.59688745465,717.040405273438,340
1059,2282.54900588169,2294.0183937131,717.040405273438,340
1060,2333.69593313182,2295.82839051745,717.040405273438,340
1061,2324.00171496978,2296.83969429802,717.040405273438,340
1062,2280.23031900952,2295.75973600843,717.040405273438,340
1063,2329.46679501076,2301.92207576578,717.040405273438,340
1064,2241.288849894,2300.15935979933,717.040405273438,340
1065,2324.08462619981,2302.49263843245,719.792846679688,340
1066,2289.47874720348,2301.74773619161,719.792846679688,340
1067,2336.95886656733,2302.2586732886,719.792846679688,340
1068,2342.84580360208,2303.37824424583,719.792846679688,340
1069,2341.18374433516,2304.71810540306,719.792846679688,340
1070,2291.15807597787,2304.22967808337,719.792846679688,340
1071,2305.11310293297,2303.56124209929,719.792846679688,340
1072,2338.10895529178,2303.35383810177,719.792846679688,340
1073,2350.48185800931,2307.25986075965,721.031433105469,340
1074,2319.98082425284,2307.77467013231,721.031433105469,340
1075,2322.12123240904,2308.91375133285,721.031433105469,340
1076,2309.66122246823,2313.61699394423,721.031433105469,340
1077,2325.57528823961,2313.62486377239,721.031433105469,340
1078,2246.5964205621,2310.69344238649,721.031433105469,340
1079,2329.41150432383,2311.82220234264,721.031433105469,340
1080,2274.17148818419,2311.32543608283,721.031433105469,340
1081,2291.97281306898,2310.77453327321,722.583679199219,340
1082,2351.08959686319,2311.40603864075,722.583679199219,340
1083,2352.69217695,2313.35675861357,722.583679199219,340
1084,2318.65957391676,2314.80118133498,722.583679199219,340
1085,2331.0077715658,2314.69365487234,722.583679199219,340
1086,2326.35255129766,2314.78768832545,722.583679199219,340
1087,2309.31985077859,2315.95126959621,722.583679199219,340
1088,2327.8577796596,2315.88690898217,722.583679199219,340
1089,2233.74544968348,2315.58517297375,723.152099609375,340
1090,2316.86774829489,2315.29649785755,723.152099609375,340
1091,2368.45574509021,2318.45557777302,723.152099609375,340
1092,2334.03458785304,2318.33860662445,723.152099609375,340
1093,2345.62363871345,2318.4497200289,723.152099609375,340
1094,2149.8944892402,2310.7981498251,723.152099609375,340
1095,2286.84517535037,2310.6256338,723.152099609375,340
1096,2358.06784535833,2312.74382349702,723.152099609375,340
1097,2329.51532737842,2312.40007838048,723.913940429688,340
1098,2342.43726329369,2312.07829459186,723.913940429688,340
1099,2348.68838586852,2313.22659705649,723.913940429688,340
1100,2341.03350040443,2313.9830877763,723.913940429688,340
1101,2292.74277662954,2313.30634994275,723.913940429688,340
1102,2260.57265409211,2310.70624457685,723.913940429688,340
1103,2359.21595218902,2315.21102584193,723.913940429688,340
1104,2376.14868312283,2317.08051299389,723.913940429688,340
1105,2333.84642832528,2319.46751059953,724.130432128906,340
1106,2307.78612804197,2320.10004319845,724.130432128906,340
1107,2328.04459727896,2319.17824321509,724.130432128906,340
1108,2125.81693880249,2310.10323368919,724.130432128906,340
1109,2371.12555300233,2312.20187285261,724.130432128906,340
1110,2119.7177120666,2303.75027047264,724.130432128906,340
1111,2337.75958662457,2304.20655188572,724.130432128906,340
1112,2324.54618061125,2304.81560507902,724.130432128906,340
1113,2360.65967374482,2306.12768084243,725.927978515625,340
1114,2328.41177266754,2309.91433376179,725.927978515625,340
1115,2346.69687372221,2311.10749877889,725.927978515625,340
1116,2347.07380071027,2310.25222100369,725.927978515625,340
1117,2336.66517221571,2310.3574443782,725.927978515625,340
1118,2329.91784551004,2309.72921265006,725.927978515625,340
1119,2321.98557055014,2316.61285590246,725.927978515625,340
1120,2342.90545007111,2318.85526689129,725.927978515625,340
1121,2368.20295221502,2319.26067116555,726.04296875,340
1122,2360.73485442793,2320.50945224754,726.04296875,340
1123,2382.91593990786,2322.1285993121,726.04296875,340
1124,2369.47401145468,2322.96002433555,726.04296875,340
1125,2365.13920376955,2323.92425247015,726.04296875,340
1126,2343.76971637379,2325.96533005992,726.04296875,340
1127,2372.82739257413,2330.4555195992,726.04296875,340
1128,2346.3761152803,2329.94192612285,726.04296875,340
1129,2379.4627545186,2330.07448897869,727.111938476562,340
1130,2370.89206900732,2331.55631460597,727.111938476562,340
1131,2336.66930849347,2332.71164182403,727.111938476562,340
1132,2382.98606627526,2334.90930058388,727.111938476562,340
1133,2352.84607309371,2343.99046595553,727.111938476562,340
1134,2218.82232298314,2337.89833675476,727.111938476562,340
1135,2373.56635488925,2348.05228246767,727.111938476562,340
1136,2348.09122218744,2348.46554789018,727.111938476562,340
1137,2357.70153544009,2349.79176208333,727.855102539062,340
1138,2395.04084218153,2351.1670088208,727.855102539062,340
1139,2263.94310860719,2348.58826225839,727.855102539062,340
1140,2360.46219319245,2349.1388750372,727.855102539062,340
1141,2367.82700143433,2349.96900306616,727.855102539062,340
1142,2338.1191296726,2350.02716136444,727.855102539062,340
1143,2320.29572283815,2349.64227645756,727.855102539062,340
1144,2326.47514238189,2349.82185933083,727.855102539062,340
1145,2366.66917307976,2350.77240825118,729.902160644531,340
1146,2287.16618221299,2347.5309374511,729.902160644531,340
1147,2357.41703226797,2347.3982245647,729.902160644531,340
1148,2338.6957270474,2345.62941605028,729.902160644531,340
1149,2354.32923671531,2345.0236250607,729.902160644531,340
1150,2346.61142263118,2344.28251381517,729.902160644531,340
1151,2360.27346619124,2344.94266380787,729.902160644531,340
1152,2369.49677937784,2344.80943928002,729.902160644531,340
1153,2323.2048036674,2343.8825868155,728.954711914062,340
1154,2388.9414702707,2344.26173544558,728.954711914062,340
1155,2386.35291623349,2344.88016933463,728.954711914062,340
1156,2353.12938547826,2345.53857241402,728.954711914062,340
1157,2378.2417286773,2345.3487989101,728.954711914062,340
1158,2349.61637851287,2345.21961112687,728.954711914062,340
1159,2372.18119540838,2351.35396602388,728.954711914062,340
1160,2231.78177983107,2345.68258302155,728.954711914062,340
1161,2377.54685493627,2346.86080833151,730.327758789062,340
1162,2165.44609814426,2339.17059083967,730.327758789062,340
1163,2385.63663977463,2338.7944227434,730.327758789062,340
1164,2367.24653373241,2342.92655974841,730.327758789062,340
1165,2353.82304237823,2342.66099371584,730.327758789062,340
1166,2370.34456549218,2342.76169627815,730.327758789062,340
1167,2381.18790134302,2344.48444714497,730.327758789062,340
1168,2355.68935043932,2345.90019224901,730.327758789062,340
1169,2358.74824928973,2347.19111652533,732.181579589844,340
1170,2333.75052468415,2345.8743705895,732.181579589844,340
1171,2393.50558635584,2350.12794675522,732.181579589844,340
1172,2353.44790458898,2349.96918164806,732.181579589844,340
1173,2383.23738467324,2351.75084795309,732.181579589844,340
1174,2388.1061092405,2353.1019228541,732.181579589844,340
1175,2358.19998876567,2353.56546549948,732.181579589844,340
1176,2331.88805941883,2352.43004922858,732.181579589844,340
1177,2381.05608291186,2352.89242136994,733.708618164062,340
1178,2402.51034622665,2356.06464307231,733.708618164062,340
1179,2335.69474641209,2353.93477411797,733.708618164062,340
1180,2358.17951851712,2352.80783820931,733.708618164062,340
1181,2383.15396716301,2354.0088214767,733.708618164062,340
1182,2395.00915378136,2354.67951848087,733.708618164062,340
1183,2350.16275483395,2354.70137353371,733.708618164062,340
1184,2362.91072985201,2354.33055491146,733.708618164062,340
1185,2361.8684423775,2359.53402141331,734.8720703125,340
1186,2387.36416441396,2359.92671379242,734.8720703125,340
1187,2390.35605099811,2368.92311190657,734.8720703125,340
1188,2380.59983110474,2368.72163955978,734.8720703125,340
1189,2396.63778591386,2369.89728964704,734.8720703125,340
1190,2366.92089267581,2370.42120365894,734.8720703125,340
1191,2403.38467153884,2371.74280790081,734.8720703125,340
1192,2352.87508505967,2370.61029524947,734.8720703125,340
1193,2366.62174209292,2371.04759091562,736.881958007812,340
1194,2392.70701250182,2372.4059414441,736.881958007812,340
1195,2388.02312963717,2374.57684564222,736.881958007812,340
1196,2394.53005655068,2374.61782445001,736.881958007812,340
1197,2393.529385365,2376.22108368106,736.881958007812,340
1198,2356.87107761258,2375.16643139863,736.881958007812,340
1199,2361.36183036053,2374.09666024343,736.881958007812,340
1200,2391.59698276648,2375.43254000346,736.881958007812,340
1201,2396.12719341552,2378.00210536333,738.4501953125,340
1202,2409.40244171771,2379.13595971556,738.4501953125,340
1203,2389.805655403,2378.62777208262,738.4501953125,340
1204,2391.86774739011,2380.87469212174,738.4501953125,340
1205,2390.53700935062,2382.16899175508,738.4501953125,340
1206,2389.43338116551,2382.42016831518,738.4501953125,340
1207,2272.28897109317,2377.51136100765,738.4501953125,340
1208,2298.72465920891,2375.45383718265,738.4501953125,340
1209,2375.08437415679,2375.94078295484,739.680725097656,340
1210,2380.38068477919,2376.68127265091,739.680725097656,340
1211,2383.43569413182,2376.52413383962,739.680725097656,340
1212,2395.62099085976,2376.73473143409,739.680725097656,340
1213,2390.51669173886,2377.13140585945,739.680725097656,340
1214,2389.80909221433,2376.85825811147,739.680725097656,340
1215,2391.42244903417,2377.83832036581,739.680725097656,340
1216,2394.49331824116,2377.4826662339,739.680725097656,340
1217,2394.92791009992,2379.16477923551,740.529724121094,340
1218,2404.93806575745,2380.69743218209,740.529724121094,340
1219,2374.90735548013,2379.98544590122,740.529724121094,340
1220,2397.91838323286,2380.38125604505,740.529724121094,340
1221,2374.14162340678,2379.56571871929,740.529724121094,340
1222,2403.11336435986,2379.94907787909,740.529724121094,340
1223,2394.76301037187,2381.46475518946,740.529724121094,340
1224,2392.40395953871,2382.70644035659,740.529724121094,340
1225,2387.54057070934,2382.5441838743,741.673400878906,340
1226,2401.52766121335,2382.76020258621,741.673400878906,340
1227,2393.4771792249,2382.1231920865,741.673400878906,340
1228,2324.88013488909,2379.52617126595,741.673400878906,340
1229,2399.52314836447,2379.83238730492,741.673400878906,340
1230,2243.41123036264,2373.9473561454,741.673400878906,340
1231,2408.02911467524,2374.69118548579,741.673400878906,340
1232,2402.99866693406,2379.91957331943,741.673400878906,340
1233,2394.63959704621,2383.75617083292,742.207763671875,340
1234,2414.33912962418,2385.32636105161,742.207763671875,340
1235,2370.19547242326,2384.91895255738,742.207763671875,340
1236,2354.91046054191,2383.77794321378,742.207763671875,340
1237,2336.44323211503,2381.41083286399,742.207763671875,340
1238,2389.93939386454,2381.38774094902,742.207763671875,340
1239,2392.22599116586,2381.48441690708,742.207763671875,340
1240,2390.39517127999,2381.44332579691,742.207763671875,340
1241,2388.1390323449,2381.18915436106,742.974548339844,340
1242,2399.35749784609,2381.36633787091,742.974548339844,340
1243,2404.48996072942,2381.34841366979,742.974548339844,340
1244,2395.97409131729,2382.19108310327,742.974548339844,340
1245,2403.22755640987,2382.40345003036,742.974548339844,340
1246,2397.40406565219,2383.33394772017,742.974548339844,340
1247,2393.13240077686,2382.93470917685,742.974548339844,340
1248,2377.86413556325,2382.25875418451,742.974548339844,340
1249,2404.73736376177,2382.75209035343,742.316162109375,340
1250,2410.4248111483,2383.66745997099,742.316162109375,340
1251,2398.12236902151,2383.53124828331,742.316162109375,340
1252,2395.79114617331,2383.62380696125,742.316162109375,340
1253,2283.04772225663,2381.95051045595,742.316162109375,340
1254,2432.20933493302,2383.25795791869,742.316162109375,340
1255,2411.30984496176,2389.97390250266,742.316162109375,340
1256,2401.8937847872,2389.72848930714,742.316162109375,340
1257,2395.95956313615,2389.44692515522,742.751403808594,340
1258,2420.42531861951,2390.47835401815,742.751403808594,340
1259,2409.05766818182,2390.26709556046,742.751403808594,340
1260,2397.17125066636,2391.34612669018,742.751403808594,340
1261,2413.41312569901,2393.68623329647,742.751403808594,340
1262,2365.61916729352,2394.85327070361,742.751403808594,340
1263,2409.02231136436,2395.6165874036,742.751403808594,340
1264,2399.8638855467,2395.92210317883,742.751403808594,340
1265,2424.17952054214,2397.27347714932,743.280517578125,340
1266,2404.27510051786,2397.91891987624,743.280517578125,340
1267,2417.28671168429,2398.63608842976,743.280517578125,340
1268,2416.93772280277,2399.1339989127,743.280517578125,340
1269,2428.23260405059,2400.42433942203,743.280517578125,340
1270,2407.67804577087,2400.60235899647,743.280517578125,340
1271,2393.46788185243,2400.44491164448,743.280517578125,340
1272,2422.57246473321,2401.62251420273,743.280517578125,340
1273,2426.86921657569,2403.58271744323,744.178344726562,340
1274,2414.60628212241,2403.97747417766,744.178344726562,340
1275,2417.82910049414,2404.27364575149,744.178344726562,340
1276,2424.31965659145,2405.32153725429,744.178344726562,340
1277,2428.30003790073,2406.62189292339,744.178344726562,340
1278,2377.20391128152,2410.38814048438,744.178344726562,340
1279,2415.81601992038,2409.73240788388,744.178344726562,340
1280,2417.93862354847,2409.99755902734,744.178344726562,340
1281,2343.80253289943,2407.67390895183,745.134094238281,340
1282,2411.34049150017,2408.28914608639,745.134094238281,340
1283,2423.69736784777,2408.42002805553,745.134094238281,340
1284,2295.52642239153,2403.87877822391,745.134094238281,340
1285,2391.65845398652,2403.65826635672,745.134094238281,340
1286,2425.96154298745,2404.16020304826,745.134094238281,340
1287,2432.09351293489,2406.81917687391,745.134094238281,340
1288,2190.25998509977,2398.06868382333,745.134094238281,340
1289,2395.66478704295,2397.90071988318,746.9482421875,340
1290,2444.3719581767,2398.70841738856,746.9482421875,340
1291,2337.36653533749,2396.03207478135,746.9482421875,340
1292,2384.55800130837,2394.72292636631,746.9482421875,340
1293,2389.76012009582,2393.63582225803,746.9482421875,340
1294,2408.41501153752,2392.84311855751,746.9482421875,340
1295,2361.35153321314,2390.9900580552,746.9482421875,340
1296,2382.7340990145,2390.56070674168,746.9482421875,340
1297,2419.99866350285,2390.45775469247,746.922607421875,340
1298,2407.24060837027,2389.67261036425,746.922607421875,340
1299,2430.3311114814,2390.30160353861,746.922607421875,340
1300,2418.83159236663,2390.34170321351,746.922607421875,340
1301,2303.25710831184,2385.49920128233,746.922607421875,340
1302,2420.80676473086,2385.19947035553,746.922607421875,340
1303,2409.47956795041,2386.49049662229,746.922607421875,340
1304,2415.35217772931,2386.47194293464,746.922607421875,340
1305,2408.72606015052,2386.10344039873,748.498229980469,340
1306,2395.11832919357,2388.15607225049,748.498229980469,340
1307,2338.07620838182,2385.22550092576,748.498229980469,340
1308,2427.25208723773,2385.36768970136,748.498229980469,340
1309,2208.0236054916,2381.86757702536,748.498229980469,340
1310,2429.11951222375,2383.36601935485,748.498229980469,340
1311,2306.10032458227,2378.57157061864,748.498229980469,340
1312,2428.85001683226,2378.44183077453,748.498229980469,340
1313,2308.67617980663,2383.17847856281,750.728271484375,340
1314,2311.0303364701,2379.7931005399,750.728271484375,340
1315,2358.97968553833,2376.37740963436,750.728271484375,340
1316,2153.75587205003,2369.03298310286,750.728271484375,340
1317,2413.37667256761,2370.18572995323,750.728271484375,340
1318,2251.99031323455,2364.67493767878,750.728271484375,340
1319,2422.86054347568,2365.25275895631,750.728271484375,340
1320,2338.81673407741,2364.35136699088,750.728271484375,340
1321,2401.8970284184,2365.11788416703,750.307434082031,340
1322,2424.05455423338,2365.28011979625,750.307434082031,340
1323,2387.72651063117,2364.49955588669,750.307434082031,340
1324,2419.00011653045,2364.04631608865,750.307434082031,340
1325,2350.7716455242,2361.32391821496,750.307434082031,340
1326,2401.19591441987,2365.24147045928,750.307434082031,340
1327,2260.00293607786,2358.80931731316,750.307434082031,340
1328,2355.53915717241,2356.65170088204,750.307434082031,340
1329,2411.75891583495,2356.50797040626,750.498596191406,340
1330,2433.42420348625,2357.49589613969,750.498596191406,340
1331,2409.02762595882,2358.0522680103,750.498596191406,340
1332,2403.75797027279,2360.67953848594,750.498596191406,340
1333,2424.49485607682,2360.5692492395,750.498596191406,340
1334,2402.71954488724,2368.35708681533,750.498596191406,340
1335,2379.132605362,2366.35761054086,750.498596191406,340
1336,2388.70728072284,2369.66188878648,750.498596191406,340
1337,2393.38447930229,2368.24326728528,750.831787109375,340
1338,2424.34961860731,2372.87020483731,750.831787109375,340
1339,2419.93620189634,2377.22643945436,750.831787109375,340
1340,2420.31170430928,2379.6797202052,750.831787109375,340
1341,2392.60650817742,2389.23374565029,750.831787109375,340
1342,2424.30191449819,2389.67075532752,750.831787109375,340
1343,2367.34224178184,2394.28483246941,750.831787109375,340
1344,2412.79648232533,2393.88227002339,750.831787109375,340
1345,2417.12952251973,2397.01478156109,752.188842773438,340
1346,2414.86169583854,2397.53336825789,752.188842773438,340
1347,2318.81635086347,2393.3238401231,752.188842773438,340
1348,2368.96889729714,2392.57353558974,752.188842773438,340
1349,2406.99814395435,2392.09345668669,752.188842773438,340
1350,2330.85087879349,2391.29662601746,752.188842773438,340
1351,2398.25304508167,2391.17891124394,752.188842773438,340
1352,2390.32860006248,2396.39193780332,752.188842773438,340
1353,2410.76289450638,2398.60088729668,752.868225097656,340
1354,2334.060358561,2395.49294500572,752.868225097656,340
1355,2408.70155628717,2394.50403911776,752.868225097656,340
1356,2405.64014304617,2394.36853980125,752.868225097656,340
1357,2389.14556258241,2393.78404349364,752.868225097656,340
1358,2143.03974008893,2382.52583885412,752.868225097656,340
1359,2397.28466714775,2382.30844374454,752.868225097656,340
1360,2414.02934715043,2383.70431341608,752.868225097656,340
1361,2418.56795342191,2384.89874032404,752.62939453125,340
1362,2362.33587896279,2383.65679631046,752.62939453125,340
1363,2395.86955402246,2382.51759372707,752.62939453125,340
1364,2362.70291802622,2380.22826237226,752.62939453125,340
1365,2359.03086249671,2377.77702869976,752.62939453125,340
1366,2335.4113357693,2375.48922180343,752.62939453125,340
1367,2304.91310636844,2370.71366947824,752.62939453125,340
1368,2340.37044112609,2369.63479745201,752.62939453125,340
1369,2388.9946934941,2368.68272589877,752.05810546875,340
1370,2371.16946846674,2366.84432373665,752.05810546875,340
1371,2364.82773084591,2364.84296513694,752.05810546875,340
1372,2364.80939929221,2366.68268707409,752.05810546875,340
1373,2323.110956616,2364.84836944684,752.05810546875,340
1374,2387.20385180753,2364.05659776097,752.05810546875,340
1375,2388.85216904301,2366.37664937095,752.05810546875,340
1376,2359.4496574934,2364.82451386742,752.05810546875,340
1377,2260.76707696671,2359.64205294359,745.682678222656,340
1378,2402.96191599554,2359.33001380316,745.682678222656,340
1379,2405.129531344,2362.17278071448,745.682678222656,340
1380,2150.99592381933,2351.86455541576,745.682678222656,340
1381,2405.42040840729,2351.85576603021,745.682678222656,340
1382,2414.94341880698,2352.88768027919,745.682678222656,340
1383,2416.10782842261,2363.81040381254,745.682678222656,340
1384,2422.4528850147,2364.81713252722,745.682678222656,340
1385,2401.01923486058,2364.29672803562,745.029602050781,340
1386,2381.86446279032,2362.82858841036,745.029602050781,340
1387,2398.63774778513,2364.28066316325,745.029602050781,340
1388,2415.38992318804,2365.06147792988,745.029602050781,340
1389,2385.00150572078,2365.95342143766,745.029602050781,340
1390,2393.69340882307,2367.33992329071,745.029602050781,340
1391,2422.96211782353,2370.84195457288,745.029602050781,340
1392,2375.32052841868,2373.65825145489,745.029602050781,340
1393,2398.26342010964,2375.97397061423,742.285217285156,340
1394,2410.93235749781,2376.85147717438,742.285217285156,340
1395,2427.00132437558,2379.08475141074,742.285217285156,340
1396,2415.35116500793,2381.10568877722,742.285217285156,340
1397,2383.90513997904,2381.86951840469,742.285217285156,340
1398,2403.58034933103,2385.08829411329,742.285217285156,340
1399,2415.70896701932,2386.22849872176,742.285217285156,340
1400,2400.72608029823,2386.70345517197,742.285217285156,340
1401,2396.20559195312,2388.17369255036,743.646850585938,340
1402,2409.45464420027,2394.1211952397,743.646850585938,340
1403,2329.1275412508,2391.16782024991,743.646850585938,340
1404,2389.9962957434,2390.56249082589,743.646850585938,340
1405,2394.06210809407,2400.28513819688,743.646850585938,340
1406,2278.27395729103,2395.19928015223,743.646850585938,340
1407,2392.99337661881,2394.3212784647,743.646850585938,340
1408,2379.99241451003,2392.8766619082,743.646850585938,340
1409,2413.05795412069,2392.50086467244,747.061340332031,340
1410,2377.53233804077,2391.56138879964,747.061340332031,340
1411,2392.90800141895,2392.00313034479,747.061340332031,340
1412,2308.83061830591,2388.41084516562,747.061340332031,340
1413,2329.64893180832,2384.98120551043,747.061340332031,340
1414,2415.20699537698,2386.18942509668,747.061340332031,340
1415,2407.89623316101,2386.7575380702,747.061340332031,340
1416,2407.13623567757,2386.12450278436,747.061340332031,340
1417,2395.15324421963,2386.9178114164,748.661499023438,340
1418,2399.84379342268,2386.98102634892,748.661499023438,340
1419,2422.25402399128,2387.43389300866,748.661499023438,340
1420,2409.10386474767,2386.71799462354,748.661499023438,340
1421,2428.91485360558,2387.26054216745,748.661499023438,340
1422,2416.08019261759,2388.54754427299,748.661499023438,340
1423,2406.58327711325,2388.66766138428,748.661499023438,340
1424,2396.64711684947,2387.90518737749,748.661499023438,340
1425,2411.80210282134,2388.34822827841,750.712890625,340
1426,2401.06410542838,2388.54256881742,750.712890625,340
1427,2405.337602052,2388.37788713149,750.712890625,340
1428,2416.39374438713,2391.86853525694,750.712890625,340
1429,2397.14250437698,2392.15438360229,750.712890625,340
1430,2417.68727834862,2393.09939041247,750.712890625,340
1431,2278.91087992935,2393.124867318,750.712890625,340
1432,2422.64815185847,2394.31105832759,750.712890625,340
1433,2403.31097126428,2395.24380059776,751.363708496094,340
1434,2419.16820927353,2395.48821080387,751.363708496094,340
1435,2380.62247957902,2395.6118164654,751.363708496094,340
1436,2404.62024723251,2396.08030629794,751.363708496094,340
1437,2396.25264375426,2399.57718731588,751.363708496094,340
1438,2402.25310893842,2402.48135440108,751.363708496094,340
1439,2396.08894870663,2401.71663253427,751.363708496094,340
1440,2406.19885615369,2401.64873745397,751.363708496094,340
1441,2348.53751810504,2399.30478875107,752.903686523438,340
1442,2427.52538667809,2400.59967444941,752.903686523438,340
1443,2418.78381483556,2401.35727530593,752.903686523438,340
1444,2388.85397382787,2400.02127329939,752.903686523438,340
1445,2411.54900990488,2400.11907910568,752.903686523438,340
1446,2428.9275026459,2400.11958506729,752.903686523438,340
1447,2415.45247602689,2400.09447640366,752.903686523438,340
1448,2417.83316956855,2400.54447210187,752.903686523438,340
1449,2374.07104366268,2399.6414291744,753.351806640625,340
1450,2414.17388043781,2399.73630027906,753.351806640625,340
1451,2417.25662670707,2400.38400113021,753.351806640625,340
1452,2402.44033923839,2400.26811061767,753.351806640625,340
1453,2418.38110411983,2400.34760500697,753.351806640625,340
1454,2426.17806760471,2401.50902753608,753.351806640625,340
1455,2418.68194653918,2401.54881426371,753.351806640625,340
1456,2423.11494339815,2407.31697680246,753.351806640625,340
1457,2398.33818630576,2406.34457818035,754.8203125,340
1458,2363.41282969024,2404.74865251739,754.8203125,340
1459,2370.00657709081,2402.78218723008,754.8203125,340
1460,2437.28064394653,2405.04851380478,754.8203125,340
1461,2419.95389433712,2405.66185968896,754.8203125,340
1462,2377.74427738875,2404.92152503434,754.8203125,340
1463,2205.31450546354,2397.04398089535,754.8203125,340
1464,2382.69479993602,2396.50821494452,754.8203125,340
1465,2428.44766361218,2397.39816724286,754.529724121094,340
1466,2424.89875176566,2400.45261658929,754.529724121094,340
1467,2409.42278706366,2399.72851260471,754.529724121094,340
1468,2428.61062249985,2400.12158491128,754.529724121094,340
1469,2419.52618804616,2401.34847348001,754.529724121094,340
1470,2401.81104395217,2400.95895484191,754.529724121094,340
1471,2405.84741585472,2400.03575137026,754.529724121094,340
1472,2420.07232377166,2400.22054528005,754.529724121094,340
1473,2425.98763536354,2400.54672391185,752.566101074219,340
1474,2415.42907235159,2402.2010450594,752.566101074219,340
1475,2436.31636673315,2403.08674451122,752.566101074219,340
1476,2444.80076970445,2404.18851023111,752.566101074219,340
1477,2305.51228853913,2400.31138820314,752.566101074219,340
1478,2442.29699165773,2401.26802370466,752.566101074219,340
1479,2370.15502309601,2399.02710192431,752.566101074219,340
1480,2432.18090144404,2399.5670601205,752.566101074219,340
1481,2432.35503420609,2399.93666375282,750.706481933594,340
1482,2417.68972282994,2400.71072521379,750.706481933594,340
1483,2405.40814313684,2402.39053775165,750.706481933594,340
1484,2316.86404388986,2400.26483642361,750.706481933594,340
1485,2426.69027707718,2399.84122174884,750.706481933594,340
1486,2405.69575324571,2399.27089610518,750.706481933594,340
1487,2433.76129252863,2401.51157671078,750.706481933594,340
1488,2420.76330240608,2410.12952858848,750.706481933594,340
1489,2434.65593882333,2412.20797414397,749.972839355469,340
1490,2397.4642062163,2410.96863584814,749.972839355469,340
1491,2397.66148659939,2409.87914524149,749.972839355469,340
1492,2412.4367075498,2409.99970206093,749.972839355469,340
1493,2447.18472799243,2410.74266628064,749.972839355469,340
1494,2426.79414755992,2411.03338466119,749.972839355469,340
1495,2426.96073727055,2412.03937239392,749.972839355469,340
1496,2450.55878652467,2413.82782722072,749.972839355469,340
1497,2390.65355503314,2412.65107647118,750.666931152344,340
1498,2409.8347929868,2412.00496277611,750.666931152344,340
1499,2448.45563176508,2413.32602515265,750.666931152344,340
1500,2429.71147855547,2413.06182962554,750.666931152344,340
1501,2411.70086708427,2411.73783352074,750.666931152344,340
1502,2423.59447181256,2416.46112085167,750.666931152344,340
1503,2428.0515697896,2415.89130397695,750.666931152344,340
1504,2434.4726365114,2418.46400851356,750.666931152344,340
1505,2383.48674681185,2416.51624232828,751.466918945312,340
1506,2366.60018462888,2413.88604834519,751.466918945312,340
1507,2415.7530930869,2413.80858315547,751.466918945312,340
1508,2395.84170580587,2413.42592566223,751.466918945312,340
1509,2440.53640478597,2418.37282009807,751.466918945312,340
1510,2414.75252929906,2417.89531018695,751.466918945312,340
1511,2306.02953452501,2413.90866143812,751.466918945312,340
1512,2310.32014946185,2408.97101571545,751.466918945312,340
1513,2389.05698440883,2407.70276299556,751.49169921875,340
1514,2415.79842148133,2406.94846230188,751.49169921875,340
1515,2256.37779931481,2401.30500602582,751.49169921875,340
1516,2424.20806695691,2402.36686924012,751.49169921875,340
1517,2403.10463752494,2401.99358643912,751.49169921875,340
1518,2372.95522524492,2399.02440632922,751.49169921875,340
1519,2327.476762919,2395.05171094359,751.49169921875,340
1520,2345.30855193891,2391.78562353032,751.49169921875,340
1521,2421.70840479565,2390.63160826116,752.6845703125,340
1522,2425.21768773958,2392.01417356942,752.6845703125,340
1523,2420.33137510727,2392.43403685424,752.6845703125,340
1524,2367.64397631357,2389.20157063618,752.6845703125,340
1525,2391.62345703788,2387.67804977547,752.6845703125,340
1526,2365.49900448143,2385.82997527136,752.6845703125,340
1527,2393.22468719737,2384.61518388675,752.6845703125,340
1528,2433.78485144777,2384.84451515308,752.6845703125,340
1529,2419.69809960141,2384.25353367668,752.453552246094,340
1530,2403.46400691492,2385.0526240808,752.453552246094,340
1531,2348.4168783056,2384.32529182787,752.453552246094,340
1532,2437.1153847459,2385.17978349423,752.453552246094,340
1533,2434.23129494107,2386.71536705964,752.453552246094,340
1534,2374.45132644118,2384.07196392585,752.453552246094,340
1535,2382.04861743109,2382.76380745113,752.453552246094,340
1536,2431.34654689721,2387.77648794602,752.453552246094,340
1537,2280.26801777777,2386.57440267865,752.335876464844,340
1538,2403.80983750116,2387.16451680235,752.335876464844,340
1539,2418.34690567333,2387.26645617003,752.335876464844,340
1540,2385.59821915074,2392.43527296346,752.335876464844,340
1541,2332.96614892601,2388.78559624223,752.335876464844,340
1542,2428.30373398021,2389.79356010044,752.335876464844,340
1543,2426.84560293177,2391.94917520791,752.335876464844,340
1544,2433.91950656266,2396.20688495366,752.335876464844,340
1545,2431.6987938522,2399.66249463019,751.490905761719,340
1546,2447.90347849164,2400.71029757803,751.490905761719,340
1547,2332.82883165195,2397.01474333452,751.490905761719,340
1548,2414.40100079094,2396.77752836187,751.490905761719,340
1549,2424.11404166095,2399.03633097577,751.490905761719,340
1550,2349.3276473922,2397.34449858994,751.490905761719,340
1551,2415.30123853603,2399.33658795212,751.490905761719,340
1552,2409.66672251313,2399.99426936475,751.490905761719,340
1553,2395.47318946642,2398.4618028855,751.901611328125,340
1554,2405.87881580326,2397.90903153357,751.901611328125,340
1555,2425.37718067696,2398.78555848406,751.901611328125,340
1556,2408.31064394078,2401.18130910946,751.901611328125,340
1557,2394.87524410978,2399.49170348402,751.901611328125,340
1558,2403.79542978269,2398.27426887768,751.901611328125,340
1559,2411.4866640449,2399.75568238183,751.901611328125,340
1560,2416.4934218928,2401.1334745603,751.901611328125,340
1561,2377.36495914708,2398.97421105029,751.398071289062,340
1562,2427.21153290736,2404.85195165548,751.398071289062,340
1563,2401.71549712835,2404.76817804057,751.398071289062,340
1564,2338.11823211742,2401.55903109833,751.398071289062,340
1565,2303.34210682178,2398.26878660517,751.398071289062,340
1566,2429.60779621304,2402.13445249665,751.398071289062,340
1567,2197.24335347445,2392.89203727642,751.398071289062,340
1568,2430.95490089983,2393.05640919514,751.398071289062,340
1569,2318.36365868831,2388.43417528017,751.350830078125,340
1570,2402.46795607645,2387.26494176914,751.350830078125,340
1571,2437.96213857114,2386.86728817232,751.350830078125,340
1572,2383.19581003162,2388.88196730751,751.350830078125,340
1573,2416.25992896857,2388.95632443461,751.350830078125,340
1574,2408.89558902906,2388.34758632934,751.350830078125,340
1575,2410.14094210575,2390.78011811788,751.350830078125,340
1576,2408.48948204016,2390.50764785804,751.350830078125,340
1577,2423.76857965824,2391.07172214385,752.052001953125,340
1578,2381.16032807727,2390.49920768828,752.052001953125,340
1579,2395.92598151903,2390.10109431691,752.052001953125,340
1580,2391.23421583273,2388.73537572314,752.052001953125,340
1581,2405.71245634285,2388.63144821923,752.052001953125,340
1582,2437.11093518985,2390.32087586243,752.052001953125,340
1583,2420.63572811455,2390.9944877957,752.052001953125,340
1584,2381.72372376292,2389.80397018442,752.052001953125,340
1585,2429.3726565209,2390.31913956955,751.085693359375,340
1586,2407.37344453048,2391.51947898488,751.085693359375,340
1587,2418.76025187939,2391.18142774377,751.085693359375,340
1588,2411.62820137324,2391.57793591356,751.085693359375,340
1589,2438.03324238952,2395.57453632445,751.085693359375,340
1590,2372.23496481601,2398.33025064422,751.085693359375,340
1591,2432.70228069369,2398.45403002344,751.085693359375,340
1592,2432.57972743049,2407.86748498168,751.085693359375,340
1593,2416.50085491702,2407.28932314237,750.729064941406,340
1594,2408.10873436991,2410.87912616964,750.729064941406,340
1595,2418.70060334127,2411.52843206023,750.729064941406,340
1596,2406.29921189628,2410.26191499323,750.729064941406,340
1597,2431.21167452219,2412.18254957286,750.729064941406,340
1598,2336.30571090647,2408.98438085037,750.729064941406,340
1599,2413.61191276135,2409.17303379966,750.729064941406,340
1600,2404.13406125605,2408.93275856567,750.729064941406,340
1601,2436.96157508113,2410.07164228731,749.08740234375,340
1602,2415.38902919919,2409.73646026895,749.08740234375,340
1603,2293.61793696772,2406.23476462457,749.08740234375,340
1604,2434.24633784167,2407.76757887747,749.08740234375,340
1605,2403.82452840935,2408.27119138054,749.08740234375,340
1606,2422.54818768279,2408.94462063414,749.08740234375,340
1607,2403.37222226783,2407.59507211726,749.08740234375,340
1608,2422.13281243829,2407.65495549021,749.08740234375,340
1609,2411.85852771086,2408.86034764812,748.271728515625,340
1610,2410.41743110591,2408.10213863152,748.271728515625,340
1611,2413.61052601793,2408.35162189102,748.271728515625,340
1612,2423.63553898001,2408.54663337505,748.271728515625,340
1613,2334.00212577319,2405.44159035104,748.271728515625,340
1614,2407.82413204645,2404.23322593732,748.271728515625,340
1615,2365.55504857125,2403.96602928753,748.271728515625,340
1616,2425.0874485551,2403.66143600199,748.271728515625,340
1617,2415.09646291785,2402.96210542148,750.122375488281,340
1618,2392.09165817563,2401.98573755183,750.122375488281,340
1619,2413.82641205917,2402.2144446594,750.122375488281,340
1620,2357.47429336289,2399.76539226026,750.122375488281,340
1621,2418.01284255969,2400.2339374868,750.122375488281,340
1622,2429.53986124908,2400.16706495587,750.122375488281,340
1623,2407.44511471616,2403.01264110826,750.122375488281,340
1624,2355.99146061623,2400.70782302246,750.122375488281,340
1625,2430.56907768485,2401.76522367961,750.123107910156,340
1626,2418.8797808412,2401.04195191001,750.123107910156,340
1627,2412.18663785593,2400.91385625628,750.123107910156,340
1628,2326.41462467153,2402.22572376443,750.123107910156,340
1629,2422.85537379153,2401.77008520243,750.123107910156,340
1630,2439.2402360783,2403.18671350919,750.123107910156,340
1631,2412.10515721628,2402.76899229053,750.123107910156,340
1632,2417.94221614604,2403.35179204565,750.123107910156,340
1633,2406.56552923425,2402.72910071749,751.842651367188,340
1634,2429.67784825849,2403.4418735394,751.842651367188,340
1635,2425.14858610338,2404.0311197393,751.842651367188,340
1636,2425.7977107742,2404.51860712955,751.842651367188,340
1637,2427.36171973613,2404.66765435979,751.842651367188,340
1638,2437.09570314892,2408.79139745482,751.842651367188,340
1639,2446.14580538997,2410.32426438856,751.842651367188,340
1640,2366.38096713917,2410.35730113128,751.842651367188,340
1641,2433.16492718448,2410.68040027645,751.713195800781,340
1642,2423.1930810172,2411.00426500043,751.713195800781,340
1643,2417.04908042502,2412.0025618904,751.713195800781,340
1644,2410.99575621593,2411.88933565667,751.713195800781,340
1645,2437.88021012836,2415.10557232729,751.713195800781,340
1646,2413.16559326576,2414.91168235554,751.713195800781,340
1647,2435.65657525269,2415.15635091568,751.713195800781,340
1648,2422.04518963803,2415.74035391255,751.713195800781,340
1649,2433.66472525906,2418.84728449827,751.5,340
1650,2416.37132845916,2418.27937452924,751.5,340
1651,2418.0737142332,2418.24713186492,751.5,340
1652,2420.1431436016,2418.56539209475,751.5,340
1653,2437.84178418095,2423.02247847512,751.5,340
1654,2421.43037838434,2422.96547865884,751.5,340
1655,2441.84569725486,2423.0696971059,751.5,340
1656,2432.40477544432,2423.88168183502,751.5,340
1657,2419.49327770505,2423.94372429738,752.17578125,340
1658,2419.18789552793,2424.44861894913,752.17578125,340
1659,2418.94218635961,2424.01919247317,752.17578125,340
1660,2416.04005335607,2423.65485116328,752.17578125,340
1661,2425.14092910646,2423.62857989657,752.17578125,340
1662,2380.30752230673,2421.7464119994,752.17578125,340
1663,2427.20790980491,2421.35090026564,752.17578125,340
1664,2390.57303238223,2419.12798934533,752.17578125,340
1665,2417.59668999203,2421.17661825944,752.975769042969,340
1666,2434.15911078273,2421.21638560337,752.975769042969,340
1667,2418.2596448419,2421.01904815636,752.975769042969,340
1668,2425.58571619868,2421.3605135873,752.975769042969,340
1669,2426.18937972744,2421.96825852776,752.975769042969,340
1670,2436.72585566312,2421.92208434915,752.975769042969,340
1671,2410.45591644282,2421.81369727624,752.975769042969,340
1672,2435.22095118011,2421.79627231333,752.975769042969,340
1673,2414.91778250516,2421.51117602802,753.338195800781,340
1674,2401.50490190489,2420.22478309385,753.338195800781,340
1675,2442.23204359417,2421.25921169925,753.338195800781,340
1676,2436.81931177334,2422.00903560086,753.338195800781,340
1677,2436.20495071331,2422.65150788533,753.338195800781,340
1678,2416.97593064574,2421.81687374392,753.338195800781,340
1679,2432.93818880918,2422.27718616091,753.338195800781,340
1680,2440.72591264812,2422.23239477664,753.338195800781,340
1681,2418.6504478596,2421.68222167325,754.5,340
1682,2442.56801304037,2422.60521108667,754.5,340
1683,2441.05313741028,2423.47982076196,754.5,340
1684,2419.10336827686,2423.48626803865,754.5,340
1685,2448.10234704854,2424.76875978635,754.5,340
1686,2422.42567211821,2424.66014950682,754.5,340
1687,2444.31346072825,2427.22038704368,754.5,340
1688,2441.25547333313,2427.78228958481,754.5,340
1689,2430.78556034174,2429.39079070319,754.578308105469,340
1690,2434.43307088409,2430.06424593887,754.578308105469,340
1691,2440.68955082349,2430.3254635405,754.578308105469,340
1692,2436.7897210737,2431.06666658977,754.578308105469,340
1693,2436.38147429401,2431.49849691359,754.578308105469,340
1694,2443.24537708919,2432.18073680806,754.578308105469,340
1695,2450.98414188201,2432.75106825681,754.578308105469,340
1696,2436.63552969552,2433.79825278692,754.578308105469,340
1697,2429.25970521946,2433.55980294849,755.34765625,340
1698,2424.83593734902,2433.95652914225,755.34765625,340
1699,2417.28613364223,2434.58777841174,755.34765625,340
1700,2432.84367168353,2434.21224353532,755.34765625,340
1701,2428.27509746342,2433.87047496292,755.34765625,340
1702,2421.06240656441,2433.26477319696,755.34765625,340
1703,2443.55727664796,2434.32802703705,755.34765625,340
1704,2428.78315041975,2434.16182550148,755.34765625,340
1705,2450.53512368828,2434.55419394308,755.325439453125,340
1706,2431.90196704698,2435.08425471058,755.325439453125,340
1707,2443.20611880369,2435.10977894111,755.325439453125,340
1708,2442.28483251854,2435.15904674544,755.325439453125,340
1709,2429.98458330359,2435.59429534651,755.325439453125,340
1710,2434.3378650952,2435.04371606838,755.325439453125,340
1711,2454.08010796067,2436.30989350207,755.325439453125,340
1712,2440.53262334698,2436.15866000682,755.325439453125,340
1713,2418.82474289219,2435.26143078919,755.84375,340
1714,2440.55311450384,2435.65213295567,755.84375,340
1715,2435.6569931662,2435.70108984695,755.84375,340
1716,2446.88542898744,2435.94892497351,755.84375,340
1717,2446.24508008867,2436.32713933411,755.84375,340
1718,2425.05964058978,2435.87426598594,755.84375,340
1719,2423.43052873992,2435.08167205197,755.84375,340
1720,2455.5546039901,2435.26449053629,755.84375,340
1721,2439.78911204223,2435.39063383016,754.167114257812,340
1722,2417.11178976883,2434.90471721214,754.167114257812,340
1723,2456.37139423782,2436.16613548769,754.167114257812,340
1724,2449.59282990987,2437.4584033384,754.167114257812,340
1725,2441.62134002265,2437.80951007196,754.167114257812,340
1726,2460.68775086674,2439.10601620809,754.167114257812,340
1727,2459.80713284517,2440.65580525932,754.167114257812,340
1728,2447.29322318258,2440.80524312071,754.167114257812,340
1729,2355.35999679099,2437.86831697556,754.467895507812,340
1730,2446.13052942794,2437.69213320514,754.467895507812,340
1731,2426.16738582848,2437.4627499564,754.467895507812,340
1732,2444.00104605249,2437.49454704636,754.467895507812,340
1733,2326.6767218607,2432.87022262004,754.467895507812,340
1734,2409.63596147037,2432.05627774671,754.467895507812,340
1735,2450.66043714041,2432.70918062852,754.467895507812,340
1736,2456.61474979149,2432.81056630176,754.467895507812,340
1737,2446.95158047615,2433.06732458692,754.445068359375,340
1738,2440.19698702758,2433.92221435234,754.445068359375,340
1739,2442.76791472797,2434.0108063613,754.445068359375,340
1740,2463.46880360764,2435.12327877896,754.445068359375,340
1741,2453.1796363045,2435.37504707164,754.445068359375,340
1742,2441.76937316514,2435.1960187947,754.445068359375,340
1743,2426.88273914982,2435.2689427371,754.445068359375,340
1744,2450.02185116087,2436.33259563394,754.445068359375,340
1745,2433.4430600661,2435.44813387698,754.554870605469,340
1746,2431.08950707452,2435.10014967827,754.554870605469,340
1747,2436.8240637671,2435.8886406382,754.554870605469,340
1748,2452.46952345649,2435.73256580695,754.554870605469,340
1749,2448.65347034555,2435.69499142438,754.554870605469,340
1750,2432.05392885215,2435.31229497756,754.554870605469,340
1751,2442.58844756474,2434.58832284548,754.554870605469,340
1752,2441.02553167299,2433.83705879859,754.554870605469,340
1753,2470.53545641154,2434.76674812775,755.522033691406,340
1754,2352.60046069375,2434.65636668386,755.522033691406,340
1755,2444.61967728462,2434.59593259813,755.522033691406,340
1756,2450.67755308381,2435.57633928834,755.522033691406,340
1757,2452.35305946691,2435.91041982492,755.522033691406,340
1758,2403.65383934012,2438.98950452409,755.522033691406,340
1759,2433.67389695052,2439.9510219433,755.522033691406,340
1760,2441.5425757294,2439.58630748686,755.522033691406,340
1761,2436.25546052574,2438.77193591623,756.597351074219,340
1762,2278.83750577424,2432.04737292815,756.597351074219,340
1763,2432.84801074653,2431.75341387691,756.597351074219,340
1764,2429.43504103971,2431.22009892938,756.597351074219,340
1765,2296.76749256922,2424.55204648784,756.597351074219,340
1766,2454.33513188511,2424.59826631107,756.597351074219,340
1767,2441.80285251861,2424.59960548521,756.597351074219,340
1768,2360.04234060841,2421.92598954355,756.597351074219,340
1769,2430.71386888796,2421.15367025263,756.193542480469,340
1770,2414.59255939814,2420.39965022592,756.193542480469,340
1771,2434.72288793316,2420.54498546026,756.193542480469,340
1772,2449.72439988478,2421.06099890497,756.193542480469,340
1773,2449.34354231377,2420.93595965926,756.193542480469,340
1774,2408.91510078841,2419.34642487697,756.193542480469,340
1775,2432.10961833367,2419.34865245623,756.193542480469,340
1776,2374.90659680012,2416.64137842565,756.193542480469,340
1777,2460.15036569097,2417.40637178637,757.384399414062,340
1778,2434.17751549839,2415.95205414984,757.384399414062,340
1779,2436.2582192393,2419.29836449166,757.384399414062,340
1780,2452.83657249834,2419.62704030021,757.384399414062,340
1781,2451.32830634866,2419.65307043081,757.384399414062,340
1782,2436.5496915425,2419.02093571383,757.384399414062,340
1783,2457.06934144272,2421.15755579794,757.384399414062,340
1784,2448.45424240147,2421.74876961597,757.384399414062,340
1785,2446.53934520214,2421.94864039488,758.459533691406,340
1786,2442.08763729893,2422.18192746581,758.459533691406,340
1787,2458.73044211069,2429.37764491927,758.459533691406,340
1788,2452.27479859824,2430.15471643334,758.459533691406,340
1789,2425.02056521528,2429.97813740036,758.459533691406,340
1790,2443.39044699002,2435.84305557719,758.459533691406,340
1791,2439.59613275546,2435.25349561201,758.459533691406,340
1792,2446.95846307363,2435.45972003421,758.459533691406,340
1793,2395.19027121009,2436.86563725827,759.578918457031,340
1794,2372.94453463693,2434.55486388823,759.578918457031,340
1795,2393.74594741913,2433.72099940907,759.578918457031,340
1796,2415.29339601933,2432.94381973252,759.578918457031,340
1797,2409.98908651407,2431.35440719769,759.578918457031,340
1798,2432.33104011527,2430.67390710975,759.578918457031,340
1799,2415.70500690102,2430.94550335425,759.578918457031,340
1800,2407.59616808983,2429.9649653445,759.578918457031,340
1801,2441.39920572042,2432.62466970131,760.380187988281,340
1802,2415.74662087279,2430.84851990859,760.380187988281,340
1803,2450.22811625197,2431.49054393873,760.380187988281,340
1804,2443.95142622703,2431.79827221824,760.380187988281,340
1805,2457.89875782872,2432.00075963145,760.380187988281,340
1806,2441.86685823683,2431.62230170698,760.380187988281,340
1807,2432.55925562223,2431.46268427017,760.380187988281,340
1808,2445.38241682969,2430.99520728565,760.380187988281,340
1809,2459.35234218292,2431.43113127691,760.892333984375,340
1810,2456.73740759502,2431.83905377262,760.892333984375,340
1811,2459.01406689412,2432.51611095643,760.892333984375,340
1812,2447.28728331682,2432.05838460467,760.892333984375,340
1813,2401.51643250738,2430.02804996104,760.892333984375,340
1814,2415.07693624703,2429.63030480231,760.892333984375,340
1815,2435.98254662682,2429.33398878778,760.892333984375,340
1816,2429.42629169882,2428.92719514552,760.892333984375,340
1817,2402.36312819369,2427.14338175032,761.170654296875,340
1818,2444.80892530468,2429.1281279141,761.170654296875,340
1819,2438.69644555538,2431.75820435084,761.170654296875,340
1820,2436.84827295954,2433.48229737246,761.170654296875,340
1821,2441.64002589082,2434.53616256732,761.170654296875,340
1822,2428.84419270049,2435.29036681477,761.170654296875,340
1823,2463.19406149009,2436.52488766977,761.170654296875,340
1824,2445.95093948536,2437.73472497314,761.170654296875,340
1825,2440.23329605329,2439.04021009168,761.415283203125,340
1826,2454.46906733624,2439.56300455631,761.415283203125,340
1827,2413.619664987,2439.47792632088,761.415283203125,340
1828,2441.11887888943,2439.11355682638,761.415283203125,340
1829,2446.87875326816,2439.23064990802,761.415283203125,340
1830,2419.51278827747,2437.69521112597,761.415283203125,340
1831,2415.85649690034,2436.65479667251,761.415283203125,340
1832,2447.91046277087,2437.26884495846,761.415283203125,340
1833,2432.6611729064,2436.75999520153,762.210571289062,340
1834,2305.20272717437,2430.59401060119,762.210571289062,340
1835,2425.97061405472,2429.36333885957,762.210571289062,340
1836,2425.8382479372,2428.0363061013,762.210571289062,340
1837,2379.70507826694,2425.3330178993,762.210571289062,340
1838,2439.87868516489,2426.8675080056,762.210571289062,340
1839,2429.62119424301,2427.44927832544,762.210571289062,340
1840,2433.22368558621,2427.33892388382,762.210571289062,340
1841,2415.49613010662,2426.78171742013,762.494079589844,340
1842,2384.11517956893,2426.05179947514,762.494079589844,340
1843,2433.85540287802,2425.61365857807,762.494079589844,340
1844,2427.80498460467,2425.17800014004,762.494079589844,340
1845,2421.77359637316,2424.57501307659,762.494079589844,340
1846,2444.16315827593,2424.67593837199,762.494079589844,340
1847,2436.90506300031,2424.99837318398,762.494079589844,340
1848,2430.99107190354,2423.71025360052,762.494079589844,340
1849,2423.84740976244,2422.82611241161,762.633728027344,340
1850,2433.41354847021,2422.55332250828,762.633728027344,340
1851,2437.5946289505,2421.87834497285,762.633728027344,340
1852,2432.18020080951,2422.62076640575,762.633728027344,340
1853,2428.3806232886,2422.11123618172,762.633728027344,340
1854,2413.86897037705,2420.79084486608,762.633728027344,340
1855,2440.15388618681,2421.61648878245,762.633728027344,340
1856,2426.79532488772,2422.05404190194,762.633728027344,340
1857,2437.74401070641,2421.64738381937,763.647644042969,340
1858,2425.13867678887,2421.34648397467,763.647644042969,340
1859,2432.27188181326,2426.42925016022,763.647644042969,340
1860,2411.22967437199,2425.83961257291,763.647644042969,340
1861,2425.64093811045,2425.83172017984,763.647644042969,340
1862,2441.56426715176,2428.30608773523,763.647644042969,340
1863,2426.12083371397,2427.7557736772,763.647644042969,340
1864,2423.72068241881,2427.51975320423,763.647644042969,340
1865,2442.18918441296,2427.8783731573,763.260131835938,340
1866,2441.75703363213,2428.92880929832,763.260131835938,340
1867,2433.41356089972,2430.90074455155,763.260131835938,340
1868,2435.06202596334,2430.94900947496,763.260131835938,340
1869,2439.4355774619,2431.41423318925,763.260131835938,340
1870,2426.16256408229,2431.58979189762,763.260131835938,340
1871,2448.84788755524,2431.77718106879,763.260131835938,340
1872,2445.13590783113,2432.10641486202,763.260131835938,340
1873,2437.24965795997,2432.35675830428,761.951232910156,340
1874,2427.54384421,2432.50461568218,761.951232910156,340
1875,2432.85066992673,2432.48210054044,761.951232910156,340
1876,2435.60859095687,2432.4026590207,761.951232910156,340
1877,2436.84751181576,2432.58935146095,761.951232910156,340
1878,2436.19923098955,2432.90209576899,761.951232910156,340
1879,2429.75696537471,2433.53761556889,761.951232910156,340
1880,2446.42473810123,2433.78844964547,761.951232910156,340
1881,2393.78630815791,2432.46808897628,760.346740722656,340
1882,2431.47410004459,2432.2172925498,760.346740722656,340
1883,2445.04557600549,2433.01356851847,760.346740722656,340
1884,2439.38594818494,2433.29813117334,760.346740722656,340
1885,2421.50067829676,2433.70897133033,760.346740722656,340
1886,2438.26714069847,2434.21401943385,760.346740722656,340
1887,2418.48723349802,2433.2909380877,760.346740722656,340
1888,2424.53962487339,2433.22768973408,760.346740722656,340
1889,2422.97298801323,2433.19778195785,759.660766601562,340
1890,2438.96629962096,2433.06886656617,759.660766601562,340
1891,2420.37110813467,2432.21342954627,759.660766601562,340
1892,2430.35016220961,2432.09089359867,759.660766601562,340
1893,2415.86541008428,2431.32302896351,759.660766601562,340
1894,2431.77596870181,2431.0166446131,759.660766601562,340
1895,2434.62708055142,2431.35522527187,759.660766601562,340
1896,2421.01785216626,2430.24202385631,759.660766601562,340
1897,2434.59642013454,2429.82044434845,758.498779296875,340
1898,2418.89594873065,2429.08629597927,758.498779296875,340
1899,2415.77380117271,2428.61549425778,758.498779296875,340
1900,2430.19405906836,2428.50922982345,758.498779296875,340
1901,2446.20595875583,2428.93312453541,758.498779296875,340
1902,2409.71119992823,2427.8476720599,758.498779296875,340
1903,2420.04760039577,2427.20160683615,758.498779296875,340
1904,2430.61468099698,2427.23591546104,758.498779296875,340
1905,2422.48144144493,2426.27818359479,757.28369140625,340
1906,2413.98647504472,2427.08619027026,757.28369140625,340
1907,2417.25829625347,2426.51755811862,757.28369140625,340
1908,2465.942352709,2427.35342918676,757.28369140625,340
1909,2447.47899796398,2427.67715117792,757.28369140625,340
1910,2422.21533364606,2427.70573739189,757.28369140625,340
1911,2429.61545356144,2427.35966990641,757.28369140625,340
1912,2380.00111518669,2425.82022517396,757.28369140625,340
1913,2441.99539823186,2426.5184561083,755.878723144531,340
1914,2420.30889842258,2426.41189252467,755.878723144531,340
1915,2270.94317798869,2419.69096765938,755.878723144531,340
1916,2422.98573414122,2419.79555269964,755.878723144531,340
1917,2432.19253813492,2419.86924773666,755.878723144531,340
1918,2442.32690927872,2420.92770770443,755.878723144531,340
1919,2447.62219577049,2421.56155678718,755.878723144531,340
1920,2451.97875734886,2422.25562385908,755.878723144531,340
1921,2430.69544477488,2422.64272756342,755.334533691406,340
1922,2443.35046924993,2422.99288952804,755.334533691406,340
1923,2418.46736114179,2422.97574602448,755.334533691406,340
1924,2425.4284678691,2423.36193269234,755.334533691406,340
1925,2439.97380789743,2423.7531226455,755.334533691406,340
1926,2399.84491849254,2421.89868103497,755.334533691406,340
1927,2398.35638793483,2421.44448855523,755.334533691406,340
1928,2446.81804886174,2422.51530649387,755.334533691406,340
1929,2359.03412767533,2419.65208436101,755.415588378906,340
1930,2409.41238726234,2419.1293221937,755.415588378906,340
1931,2430.03060975861,2419.77108758226,755.415588378906,340
1932,2425.02707912247,2420.08183889702,755.415588378906,340
1933,2371.26074257146,2416.29457449152,755.415588378906,340
1934,2422.22032508234,2415.28422757625,755.415588378906,340
1935,2398.55701899909,2414.33789499037,755.415588378906,340
1936,2377.9410082592,2412.27091717828,755.415588378906,340
1937,2428.51058226576,2414.21129586145,754.280578613281,340
1938,2447.42377225172,2414.42843082224,754.280578613281,340
1939,2427.81844460555,2414.72881266956,754.280578613281,340
1940,2429.43921333722,2421.0686540835,754.280578613281,340
1941,2405.36178661487,2420.36369618245,754.280578613281,340
1942,2450.79616681673,2421.10784132972,754.280578613281,340
1943,2446.77733917241,2421.28585852547,754.280578613281,340
1944,2447.163385269,2421.26750610541,754.280578613281,340
1945,2453.1923384802,2421.31604935066,754.022644042969,340
1946,2443.47110725548,2421.82707584989,754.022644042969,340
1947,2423.68516295753,2421.04046359819,754.022644042969,340
1948,2453.64509066224,2422.44757277901,754.022644042969,340
1949,2439.90411387632,2423.0265986193,754.022644042969,340
1950,2450.27394934655,2423.43860427726,754.022644042969,340
1951,2437.54722323115,2424.94669646681,754.022644042969,340
1952,2453.86429012869,2427.16701255456,754.022644042969,340
1953,2441.97040817802,2426.97310692721,754.741577148438,340
1954,2417.97455790519,2429.33072413641,754.741577148438,340
1955,2449.97894574263,2430.95338647562,754.741577148438,340
1956,2421.55194884009,2430.61424003888,754.741577148438,340
1957,2422.73465128951,2430.52254292556,754.741577148438,340
1958,2449.26602933453,2433.64275439608,754.741577148438,340
1959,2440.14053775147,2434.35956290285,754.741577148438,340
1960,2442.01953665283,2436.098063609,754.741577148438,340
1961,2453.71492428958,2439.12902025021,755.860046386719,340
1962,2433.16246462169,2439.31509554445,755.860046386719,340
1963,2435.49097510199,2438.83778365846,755.860046386719,340
1964,2441.46028472726,2439.38345726333,755.860046386719,340
1965,2430.69755377207,2439.43379088072,755.860046386719,340
1966,2419.63432013811,2440.00469222165,755.860046386719,340
1967,2443.76689158126,2439.72352121223,755.860046386719,340
1968,2447.88081457725,2439.76766022843,755.860046386719,340
1969,2447.69695558476,2439.78900304106,756.538330078125,340
1970,2444.32628559128,2439.4343609255,756.538330078125,340
1971,2443.46991473836,2439.43431322481,756.538330078125,340
1972,2445.02722008467,2440.2879955099,756.538330078125,340
1973,2441.30719028765,2439.79447949492,756.538330078125,340
1974,2449.6830845613,2440.18563832232,756.538330078125,340
1975,2458.89176128608,2440.5303507999,756.538330078125,340
1976,2442.21227687324,2440.71695294558,756.538330078125,340
1977,2453.26216132251,2440.69286779333,757.031494140625,340
1978,2459.20589266251,2441.38228717271,757.031494140625,340
1979,2459.91566845333,2443.05993159464,757.031494140625,340
1980,2453.41111357068,2443.19721830776,757.031494140625,340
1981,2451.30857638731,2444.38748340965,757.031494140625,340
1982,2440.09717719892,2445.08198444603,757.031494140625,340
1983,2443.36795757499,2444.84606157564,757.031494140625,340
1984,2444.67418168706,2445.02740733307,757.031494140625,340
1985,2450.2218924371,2445.35550156444,757.5,340
1986,2457.30840593944,2445.49924083043,757.5,340
1987,2466.3694698462,2446.82752103941,757.5,340
1988,2443.08352122654,2447.1312228844,757.5,340
1989,2457.34966077057,2447.76679792613,757.5,340
1990,2438.78717395621,2448.09038273349,757.5,340
1991,2448.9265751531,2449.26207293409,757.5,340
1992,2480.18149601271,2450.71865711135,757.5,340
1993,2469.6926383948,2451.59113006405,757.479187011719,340
1994,2310.0720828986,2446.08613515661,757.479187011719,340
1995,2439.89887701448,2445.90903881353,757.479187011719,340
1996,2450.03325691382,2446.17157250055,757.479187011719,340
1997,2437.30710792942,2445.86276801434,757.479187011719,340
1998,2386.76234142501,2443.68097405984,757.479187011719,340
1999,2440.07248201662,2443.29654995805,757.479187011719,340
2000,2439.56614629379,2442.52352535836,757.479187011719,340
2001,2347.46771288775,2438.73374279894,757.663024902344,340
2002,2280.9571811358,2431.84154359147,757.663024902344,340
2003,2261.7938421987,2423.94506157292,757.663024902344,340
2004,2415.70430575376,2422.17660706494,757.663024902344,340
2005,2357.18498175638,2418.32756179236,757.663024902344,340
2006,2347.74050364583,2414.1848388827,757.663024902344,340
2007,2402.27324347525,2412.67188153376,757.663024902344,340
2008,2275.36080438579,2405.95159540619,757.663024902344,340
2009,2459.69470422497,2406.55241630771,759.120361328125,340
2010,2437.55662231998,2406.04580550302,759.120361328125,340
2011,2456.49454872019,2406.01325121425,759.120361328125,340
2012,2450.53351275617,2405.37981293065,759.120361328125,340
2013,2379.19246899124,2402.82417084124,759.120361328125,340
2014,2462.84260603081,2403.04388865165,759.120361328125,340
2015,2421.099592329,2402.33638538656,759.120361328125,340
2016,2436.21267632311,2401.82782943336,759.120361328125,340
2017,2451.70444396345,2400.68874735139,759.884643554688,340
2018,2470.79220622572,2400.73273006463,759.884643554688,340
2019,2455.11616722905,2406.53449343784,759.884643554688,340
2020,2464.96290119575,2407.5370544051,759.884643554688,340
2021,2450.83569671165,2407.56915199701,759.884643554688,340
2022,2456.83663285882,2408.35033299418,759.884643554688,340
2023,2456.53544684966,2411.14125721117,759.884643554688,340
2024,2461.67915200086,2412.00552401054,759.884643554688,340
2025,2459.70081736564,2412.81091085341,759.694091796875,340
2026,2455.41675805333,2417.12887266004,759.694091796875,340
2027,2441.96033051101,2423.56899863505,759.694091796875,340
2028,2452.71415373428,2431.20581109647,759.694091796875,340
2029,2450.83084999301,2432.61087286604,759.694091796875,340
2030,2446.56556618136,2436.18609624304,759.694091796875,340
2031,2459.7189901456,2440.66523570303,759.694091796875,340
2032,2461.03563506638,2443.01573136667,759.694091796875,340
2033,2456.3786940406,2450.25644695287,759.819641113281,340
2034,2457.3150121488,2450.16125926982,759.819641113281,340
2035,2440.81950745847,2450.29177467536,759.819641113281,340
2036,2431.26795968924,2449.28271111412,759.819641113281,340
2037,2459.66145499436,2449.64782880365,759.819641113281,340
2038,2449.34543121531,2452.45394729261,759.819641113281,340
2039,2461.07175619351,2452.38311329912,759.819641113281,340
2040,2469.79633816815,2454.33098313269,759.819641113281,340
2041,2460.35049953419,2455.29649606113,759.5693359375,340
2042,2458.86601091113,2455.58295873904,759.5693359375,340
2043,2453.70175676071,2454.89934076044,759.5693359375,340
2044,2473.31879594421,2455.62744590904,759.5693359375,340
2045,2468.01064569536,2455.74935568903,759.5693359375,340
2046,2468.22289311554,2456.44484354518,759.5693359375,340
2047,2441.4319390014,2455.82865579088,759.5693359375,340
2048,2455.66510077236,2455.79384194779,759.5693359375,340
2049,2454.79470776052,2455.51846417818,759.884094238281,340
2050,2367.56090851515,2451.83286782416,759.884094238281,340
2051,2406.70912583743,2449.88456253552,759.884094238281,340
2052,2447.31006881896,2450.09855206784,759.884094238281,340
2053,2475.31132403185,2451.00243887974,759.884094238281,340
2054,2343.66525068229,2446.71581490732,759.884094238281,340
2055,2446.47994048361,2446.7123898794,759.884094238281,340
2056,2452.48048669601,2446.42284974142,759.884094238281,340
2057,2470.38454426573,2446.7968061094,759.538513183594,340
2058,2455.13997583566,2446.7472573812,759.538513183594,340
2059,2454.31465589068,2446.62724313087,759.538513183594,340
2060,2466.8092376988,2447.66683234049,759.538513183594,340
2061,2452.15508672136,2448.50231742177,759.538513183594,340
2062,2470.07443303193,2448.91883654327,759.538513183594,340
2063,2385.8875069687,2446.38051957341,759.538513183594,340
2064,2384.10903860817,2443.30201087,759.538513183594,340
2065,2462.90227769567,2443.0262484511,758.968872070312,340
2066,2469.35551616944,2443.38644911651,758.968872070312,340
2067,2474.03123153325,2443.99305794139,758.968872070312,340
2068,2413.59296811476,2442.38870639555,758.968872070312,340
2069,2463.86151256956,2442.01041506057,758.968872070312,340
2070,2470.34747498519,2442.10388823216,758.968872070312,340
2071,2467.72650696261,2442.08403278604,758.968872070312,340
2072,2465.03097609119,2443.02799426964,758.968872070312,340
2073,2405.62219588788,2441.02627807426,759.50537109375,340
2074,2449.93219461486,2440.83177754843,759.50537109375,340
2075,2465.36213381424,2444.74382656039,759.50537109375,340
2076,2456.29932316564,2446.72743445352,759.50537109375,340
2077,2467.32694080121,2447.52810933281,759.50537109375,340
2078,2464.8530337927,2447.10977772325,759.50537109375,340
2079,2458.79792151503,2451.71508455656,759.50537109375,340
2080,2461.0358049196,2452.297319134,759.50537109375,340
2081,2457.54324429603,2452.499829438,758.767272949219,340
2082,2458.20453171724,2452.01262893606,758.767272949219,340
2083,2455.17760414051,2452.01413406825,758.767272949219,340
2084,2464.49237741627,2452.42124292927,758.767272949219,340
2085,2458.3034974561,2452.08101331957,758.767272949219,340
2086,2448.96462139141,2451.95339470637,758.767272949219,340
2087,2460.72609569553,2451.57946121291,758.767272949219,340
2088,2468.91866212652,2454.90070741923,758.767272949219,340
2089,2468.15953293849,2458.26272719244,759.362060546875,340
2090,2359.19981943895,2454.11462886217,759.362060546875,340
2091,2463.65682862476,2453.88668136038,759.362060546875,340
2092,2458.21923814406,2453.25420162481,759.362060546875,340
2093,2473.90645316437,2455.6667410268,759.362060546875,340
2094,2474.21510631013,2456.08088477642,759.362060546875,340
2095,2445.42800627162,2455.08410602788,759.362060546875,340
2096,2469.22192460887,2455.14392273373,759.362060546875,340
2097,2449.36535318358,2454.51729781743,760.182800292969,340
2098,2463.90112899466,2456.8484551417,760.182800292969,340
2099,2467.33870672617,2457.54471562615,760.182800292969,340
2100,2461.97735008024,2457.40932427679,760.182800292969,340
2101,2458.84681799277,2457.51122406987,760.182800292969,340
2102,2452.19158692632,2456.90580991488,760.182800292969,340
2103,2448.50883292542,2456.25204188019,760.182800292969,340
2104,2467.54243889298,2456.6018225753,760.182800292969,340
2105,2468.82340711196,2456.913326663,760.296569824219,340
2106,2467.62507764645,2457.31659999702,760.296569824219,340
2107,2459.34719899706,2457.36230668821,760.296569824219,340
2108,2462.63148959378,2457.66046210634,760.296569824219,340
2109,2461.6914839559,2457.54842636793,760.296569824219,340
2110,2466.58548370583,2457.87970581791,760.296569824219,340
2111,2475.56941965684,2458.94389774853,760.296569824219,340
2112,2460.68204418196,2458.94213568799,760.296569824219,340
2113,2461.12020171005,2458.63019727133,760.964233398438,340
2114,2475.51965427551,2458.92460212481,760.964233398438,340
2115,2481.11239864819,2463.80110529318,760.964233398438,340
2116,2467.68869874674,2463.96238009806,760.964233398438,340
2117,2462.39718915365,2464.12949813844,760.964233398438,340
2118,2471.81689321939,2464.04591574064,760.964233398438,340
2119,2453.23403499451,2463.20667288802,760.964233398438,340
2120,2466.91712543195,2464.06623765443,760.964233398438,340
2121,2461.76621541705,2463.76800928676,762.130249023438,340
2122,2468.76601846463,2464.544035898,762.130249023438,340
2123,2443.35338930467,2463.7221263104,762.130249023438,340
2124,2480.45547493638,2464.24679703881,762.130249023438,340
2125,2469.10650175615,2464.53196310585,762.130249023438,340
2126,2467.03948405105,2464.85966974818,762.130249023438,340
2127,2475.40389488328,2465.78816206646,762.130249023438,340
2128,2460.2170600561,2466.25649115168,762.130249023438,340
2129,2429.88948709877,2464.75037307991,761.191772460938,340
2130,2431.18791942528,2463.24495357245,761.191772460938,340
2131,2480.58051542637,2463.76317108364,761.191772460938,340
2132,2473.83829896348,2464.3428150823,761.191772460938,340
2133,2455.64875906691,2464.06350586123,761.191772460938,340
2134,2472.06355857005,2464.47838884579,761.191772460938,340
2135,2464.61374439965,2464.39951927355,761.191772460938,340
2136,2475.72545819742,2464.40576081517,761.191772460938,340
2137,2473.6140471089,2464.92304093225,761.828308105469,340
2138,2471.01454857887,2465.318814807,761.828308105469,340
2139,2466.08297902788,2464.94134779709,761.828308105469,340
2140,2467.06979773039,2464.37964376038,761.828308105469,340
2141,2475.41512162386,2464.68870067547,761.828308105469,340
2142,2364.97697376844,2460.79189206006,761.828308105469,340
2143,2437.48680079743,2459.41868836318,761.828308105469,340
2144,2401.89061330647,2457.36495149566,761.828308105469,340
2145,2479.0427564228,2457.84997673529,761.818359375,340
2146,2469.96353293,2458.17786943581,761.818359375,340
2147,2457.8840064895,2457.7425889568,761.818359375,340
2148,2474.67278406186,2458.99536474709,761.818359375,340
2149,2466.69423498633,2458.44491514909,761.818359375,340
2150,2475.6841565281,2458.70802133997,761.818359375,340
2151,2440.79294394216,2457.65815973561,761.818359375,340
2152,2464.44015261153,2457.21961004474,761.818359375,340
2153,2472.79815013174,2457.72285364777,762.921447753906,340
2154,2466.05303441378,2459.16939554037,762.921447753906,340
2155,2466.65665458772,2460.58814494687,762.921447753906,340
2156,2460.88932786138,2459.80049744427,762.921447753906,340
2157,2476.28986392925,2459.8985600429,762.921447753906,340
2158,2479.78668442936,2460.86407705739,762.921447753906,340
2159,2480.37992474897,2461.19673170455,762.921447753906,340
2160,2471.67928818667,2461.47935345603,762.921447753906,340
2161,2467.57050536043,2461.15315534255,762.924133300781,340
2162,2471.36590896211,2461.06322981668,762.924133300781,340
2163,2467.65090545017,2460.92868409153,762.924133300781,340
2164,2466.12695756745,2460.93044323312,762.924133300781,340
2165,2479.90851377203,2461.44399187478,762.924133300781,340
2166,2477.36816864793,2461.52211375575,762.924133300781,340
2167,2467.37713273054,2465.61812011423,762.924133300781,340
2168,2468.59386032811,2466.86240249546,762.924133300781,340
2169,2472.47982046563,2469.68597078182,763.031616210938,340
2170,2474.97434427998,2469.52323429611,763.031616210938,340
2171,2474.62898974644,2469.70985256877,763.031616210938,340
2172,2471.55203459985,2470.25657369318,763.031616210938,340
2173,2469.66314748625,2470.05618823016,763.031616210938,340
2174,2470.41602153665,2470.20505969217,763.031616210938,340
2175,2454.30656062613,2469.34995585609,763.031616210938,340
2176,2473.19581109033,2470.64607054202,763.031616210938,340
2177,2464.64489386029,2470.65426019197,763.522277832031,340
2178,2465.24412571871,2470.35209921545,763.522277832031,340
2179,2480.19340395547,2470.91771399711,763.522277832031,340
2180,2462.77701674568,2470.76252848343,763.522277832031,340
2181,2468.04064776788,2471.04858127969,763.522277832031,340
2182,2465.08932257107,2470.60055962537,763.522277832031,340
2183,2474.407654605,2470.38539843239,763.522277832031,340
2184,2472.69140960238,2470.07785782653,763.522277832031,340
2185,2464.71861555939,2469.79943092144,763.739074707031,340
2186,2466.65457428808,2469.76279367854,763.739074707031,340
2187,2468.00256946755,2469.62826009876,763.739074707031,340
2188,2468.63269406695,2469.66753164343,763.739074707031,340
2189,2469.01632565855,2469.78310636707,763.739074707031,340
2190,2475.45824018127,2469.60509542344,763.739074707031,340
2191,2471.03770700963,2469.35187695791,763.739074707031,340
2192,2470.93739030234,2469.49428726078,763.739074707031,340
2193,2463.48595824067,2469.28997117729,763.984619140625,340
2194,2466.25396274527,2469.04093686847,763.984619140625,340
2195,2471.4892889051,2468.90153465348,763.984619140625,340
2196,2480.18593302108,2469.12381238446,763.984619140625,340
2197,2473.93534676322,2469.219144871,763.984619140625,340
2198,2468.45419370596,2469.17078671979,763.984619140625,340
2199,2472.80295061545,2469.26626388294,763.984619140625,340
2200,2467.84685114011,2469.8078755035,763.984619140625,340
2201,2476.5427447572,2469.94175285017,764.286926269531,340
2202,2465.64620951942,2469.98180547654,764.286926269531,340
2203,2481.96352826433,2470.65058157836,764.286926269531,340
2204,2479.34805222978,2470.61676750933,764.286926269531,340
2205,2476.0283636119,2471.14682138398,764.286926269531,340
2206,2479.62008708941,2471.60999895684,764.286926269531,340
2207,2478.18791561424,2472.13394267857,764.286926269531,340
2208,2475.15730724263,2472.16392878408,764.286926269531,340
2209,2483.24573820519,2472.58610192819,763.951965332031,340
2210,2454.62333029765,2472.18229051772,763.951965332031,340
2211,2478.392940802,2472.65182517828,763.951965332031,340
2212,2472.19091504909,2472.81935900154,763.951965332031,340
2213,2486.51531649803,2473.53466389878,763.951965332031,340
2214,2470.54954026778,2473.59599248315,763.951965332031,340
2215,2475.31746011617,2473.59036128055,763.951965332031,340
2216,2472.92858213812,2473.66599628568,763.951965332031,340
2217,2493.61524492454,2474.57311047057,763.344421386719,340
2218,2480.58023586228,2475.25688157544,763.344421386719,340
2219,2476.00647701109,2475.64698214607,763.344421386719,340
2220,2485.96409135326,2476.225974244,763.344421386719,340
2221,2488.53556084669,2476.55995935702,763.344421386719,340
2222,2474.88977924331,2476.59813665622,763.344421386719,340
2223,2481.27888147489,2477.11112416698,763.344421386719,340
2224,2479.05829595778,2477.36133798067,763.344421386719,340
2225,2469.9508234563,2477.44549687332,763.796447753906,340
2226,2486.62404064599,2477.84874870887,763.796447753906,340
2227,2467.88040196779,2477.93811640681,763.796447753906,340
2228,2484.52097025432,2478.04041408641,763.796447753906,340
2229,2456.28223355326,2477.11778133935,763.796447753906,340
2230,2464.19532355619,2476.64445973712,763.796447753906,340
2231,2446.45480623454,2475.31784850292,763.796447753906,340
2232,2475.41629100203,2475.20698351844,763.796447753906,340
2233,2479.13327566082,2475.36602225516,765.356018066406,340
2234,2471.45399910897,2474.89435269131,765.356018066406,340
2235,2481.98945666405,2475.98899774597,765.356018066406,340
2236,2484.33424381357,2476.22664986643,765.356018066406,340
2237,2484.14141620466,2476.70466991266,765.356018066406,340
2238,2471.2081593925,2476.09238362844,765.356018066406,340
2239,2471.47031510696,2476.129214622,765.356018066406,340
2240,2487.20699732012,2476.60479611016,765.356018066406,340
2241,2489.2265187698,2477.25671357543,764.487121582031,340
2242,2485.59225095611,2476.93579381669,764.487121582031,340
2243,2476.92038528889,2476.78939979376,764.487121582031,340
2244,2474.7598679694,2476.73953543209,764.487121582031,340
2245,2485.51528175998,2476.72158304836,764.487121582031,340
2246,2483.93421635646,2476.53752926875,764.487121582031,340
2247,2477.89038413465,2476.6575534644,764.487121582031,340
2248,2481.67306897374,2476.67332096436,764.487121582031,340
2249,2485.03731357215,2476.91248166893,765.090759277344,340
2250,2488.94520583291,2477.67225696399,765.090759277344,340
2251,2492.81971979403,2477.92008412992,765.090759277344,340
2252,2479.66085790451,2478.39130236738,765.090759277344,340
2253,2491.52455270172,2478.67144566528,765.090759277344,340
2254,2432.75346049753,2477.73029474305,765.090759277344,340
2255,2475.11554106462,2478.16710344339,765.090759277344,340
2256,2484.5203713543,2479.68972604818,765.090759277344,340
2257,2477.65197569718,2479.77915343598,766.262512207031,340
2258,2484.01576689593,2479.97445308539,766.262512207031,340
2259,2487.74781185065,2480.62620559506,766.262512207031,340
2260,2484.76818790343,2480.73735484463,766.262512207031,340
2261,2484.70384139799,2480.75213874801,766.262512207031,340
2262,2493.96015825234,2481.14488842992,766.262512207031,340
2263,2480.2390232899,2481.50612298581,766.262512207031,340
2264,2489.8288832922,2482.24046571322,766.262512207031,340
2265,2484.94289074298,2482.14990145014,765.3896484375,340
2266,2478.68883542945,2481.72839411652,765.3896484375,340
2267,2493.8622891692,2482.05919564505,765.3896484375,340
2268,2484.79616436352,2482.37422680803,765.3896484375,340
2269,2468.99297065791,2482.14355091557,765.3896484375,340
2270,2484.52744610384,2482.10403748933,765.3896484375,340
2271,2370.66083027297,2477.57310204599,765.3896484375,340
2272,2474.9401036906,2477.45509082822,765.3896484375,340
2273,2482.8422089446,2477.50185642706,765.909240722656,340
2274,2493.39024418716,2477.83597365166,765.909240722656,340
2275,2401.67930057231,2474.34533744123,765.909240722656,340
2276,2304.01555933073,2466.7931710227,765.909240722656,340
2277,2455.03088647766,2465.80797216563,765.909240722656,340
2278,2478.61730992978,2465.29168245475,765.909240722656,340
2279,2475.05616694525,2466.98379071266,765.909240722656,340
2280,2346.07242226955,2461.82206596086,765.909240722656,340
2281,2283.13805354322,2453.76677324841,767.489379882812,340
2282,2387.59423234496,2450.16446351432,767.489379882812,340
2283,2201.18608175414,2438.85127610865,767.489379882812,340
2284,2396.85783592258,2435.21567707153,767.489379882812,340
2285,2315.01793049837,2428.42566677533,767.489379882812,340
2286,2225.19744307695,2418.04541084249,767.489379882812,340
2287,2277.87062863074,2409.40182965762,767.489379882812,340
2288,2268.69097172705,2400.93990759511,767.489379882812,340
2289,2385.79182787538,2396.77842537844,768.014343261719,340
2290,2473.61667700077,2396.32537682875,768.014343261719,340
2291,2324.79940270869,2390.16979951992,768.014343261719,340
2292,2328.68654350379,2383.5627696933,768.014343261719,340
2293,2468.47943548435,2382.91010053813,768.014343261719,340
2294,2472.36780433202,2383.0450938851,768.014343261719,340
2295,2372.0684247556,2378.54673303117,768.014343261719,340
2296,2268.66079149023,2374.46673147986,768.014343261719,340
2297,2454.61104377109,2373.65356908308,770.240295410156,340
2298,2465.77111707104,2372.97072540813,770.240295410156,340
2299,2449.38631462295,2371.21056822557,770.240295410156,340
2300,2451.1402739157,2373.1890071593,770.240295410156,340
2301,2456.63347730055,2379.2937238781,770.240295410156,340
2302,2425.871428961,2378.12734557743,770.240295410156,340
2303,2330.75654281425,2372.21291489281,770.240295410156,340
2304,2410.89391530114,2369.64642482704,770.240295410156,340
2305,2454.07380854416,2373.96648027803,769.769592285156,340
2306,2463.02612981982,2381.16200332909,769.769592285156,340
2307,2446.61542040453,2383.52285085148,769.769592285156,340
2308,2477.92119570951,2394.59225540969,769.769592285156,340
2309,2463.845093329,2397.27174570595,769.769592285156,340
2310,2458.26645914174,2403.00168685168,769.769592285156,340
2311,2444.71006800589,2411.78219184884,769.769592285156,340
2312,2466.86440587898,2419.34194293877,769.769592285156,340
2313,2442.2016051821,2426.28236827697,769.820983886719,340
2314,2448.06342746728,2428.77323226065,769.820983886719,340
2315,2450.31923830348,2427.84133471276,769.820983886719,340
2316,2429.84184664829,2432.04303247034,769.820983886719,340
2317,2423.54277202586,2435.83728161122,769.820983886719,340
2318,2429.77503810699,2434.28910571613,769.820983886719,340
2319,2468.80921461746,2434.14676212755,769.820983886719,340
2320,2440.19532007778,2436.87183794043,769.820983886719,340
2321,2400.92508535507,2442.16240969503,769.441162109375,340
2322,2461.41397777571,2442.43452705521,769.441162109375,340
2323,2458.99597991057,2442.16352156879,769.441162109375,340
2324,2447.48961193161,2442.08765346114,769.441162109375,340
2325,2434.16281003433,2441.40855490588,769.441162109375,340
2326,2456.85234875095,2441.4173097639,769.441162109375,340
2327,2457.20733011607,2442.6707458101,769.441162109375,340
2328,2436.83151038648,2446.91374451299,769.441162109375,340
2329,2281.60892421635,2441.7423448696,768.625061035156,340
2330,2463.33840752109,2442.11292882868,768.625061035156,340
2331,2430.49917344365,2440.81185057363,768.625061035156,340
2332,2465.70212589618,2441.5753187933,768.625061035156,340
2333,2415.51778925156,2439.07918253498,768.625061035156,340
2334,2456.22993138461,2438.7745760572,768.625061035156,340
2335,2404.78200581209,2436.63519792402,768.625061035156,340
2336,2425.99581171763,2435.88662767249,768.625061035156,340
2337,2457.84538918158,2435.52586700459,768.742370605469,340
2338,2450.222713857,2435.84671135159,768.742370605469,340
2339,2465.85488387379,2436.55836960785,768.742370605469,340
2340,2451.80168192277,2436.61766735262,768.742370605469,340
2341,2456.14110840061,2437.66963782271,768.742370605469,340
2342,2464.1157850002,2439.29255834168,768.742370605469,340
2343,2462.04452280728,2440.58333772969,768.742370605469,340
2344,2455.3808135205,2440.04620168582,768.742370605469,340
2345,2378.18902537412,2437.56594989767,767.401977539062,340
2346,2464.87925934859,2440.12411685741,767.401977539062,340
2347,2475.9652836408,2440.70616909201,767.401977539062,340
2348,2481.05586715163,2441.58856458166,767.401977539062,340
2349,2482.22543409531,2442.9779974682,767.401977539062,340
2350,2326.99125777503,2438.69113537783,767.401977539062,340
2351,2375.31535535934,2435.42965564217,767.401977539062,340
2352,2468.71403063745,2435.88992366302,767.401977539062,340
2353,2475.21800633333,2437.4253835009,766.79296875,340
2354,2480.0354311183,2445.36244377697,766.79296875,340
2355,2460.83703393764,2445.26238883364,766.79296875,340
2356,2485.83116357979,2447.47566843908,766.79296875,340
2357,2448.45684079836,2446.78585703517,766.79296875,340
2358,2472.28752083904,2449.05664629867,766.79296875,340
2359,2463.81167224453,2449.35991593307,766.79296875,340
2360,2493.06305539371,2452.89115791633,766.79296875,340
2361,2469.83616050553,2454.64477186785,764.518859863281,340
2362,2482.31874524779,2455.6237061105,764.518859863281,340
2363,2438.8394664675,2455.16837621492,764.518859863281,340
2364,2458.84540324931,2454.88799698994,764.518859863281,340
2365,2479.02853719407,2455.97707120079,764.518859863281,340
2366,2472.50580112922,2456.63165890993,764.518859863281,340
2367,2469.98162587818,2456.86629254505,764.518859863281,340
2368,2478.89494455753,2457.54030941506,764.518859863281,340
2369,2477.06276365486,2458.40758742044,763.362060546875,340
2370,2478.39856517344,2462.41596901241,763.362060546875,340
2371,2464.01847688089,2462.3815377137,763.362060546875,340
2372,2482.99844632897,2462.66286422123,763.362060546875,340
2373,2469.9498025575,2462.21862163746,763.362060546875,340
2374,2482.42652493956,2462.22666527123,763.362060546875,340
2375,2478.22149887239,2468.27587491513,763.362060546875,340
2376,2487.51909762425,2472.76402460572,763.362060546875,340
2377,2473.25656479962,2472.94572597221,763.962768554688,340
2378,2441.19823457412,2471.58493510184,763.962768554688,340
2379,2478.62292816511,2471.52843498372,763.962768554688,340
2380,2484.14782028769,2472.46086643772,763.962768554688,340
2381,2483.94265854152,2472.38532623619,763.962768554688,340
2382,2484.93691906193,2473.84452936673,763.962768554688,340
2383,2380.48374063042,2470.17237815838,763.962768554688,340
2384,2484.2748171941,2470.99090395637,763.962768554688,340
2385,2477.62106163794,2470.37322420614,762.215576171875,340
2386,2476.3796979759,2470.63496570495,762.215576171875,340
2387,2468.59063721844,2470.08584138378,762.215576171875,340
2388,2487.22497541154,2472.02126174154,762.215576171875,340
2389,2491.1340665807,2473.3128082748,762.215576171875,340
2390,2486.16760626185,2473.59837103751,762.215576171875,340
2391,2470.5813157301,2473.52139162154,762.215576171875,340
2392,2466.28030396227,2473.37333874491,762.215576171875,340
2393,2480.82888454049,2473.45069634422,762.123168945312,340
2394,2463.99157044242,2472.92784861573,762.123168945312,340
2395,2466.50004082753,2472.45190764189,762.123168945312,340
2396,2296.01752785771,2465.73186968096,762.123168945312,340
2397,2472.67313186708,2465.31885710249,762.123168945312,340
2398,2486.5204859412,2465.98168443784,762.123168945312,340
2399,2345.10248301239,2460.48872276075,762.123168945312,340
2400,2420.15538045601,2458.16607802409,762.123168945312,340
2401,2466.41721707539,2457.32200280214,761.229187011719,340
2402,2466.14214483296,2457.03742600347,761.229187011719,340
2403,2479.56396850623,2458.57205536076,761.229187011719,340
2404,2456.48005861418,2457.68634057872,761.229187011719,340
2405,2460.35562761031,2456.73465287162,761.229187011719,340
2406,2472.9992662691,2456.29691718073,761.229187011719,340
2407,2449.23493396043,2454.86883777667,761.229187011719,340
2408,2453.93900133482,2457.80704820484,761.229187011719,340
2409,2457.09216774008,2456.71974222668,764.005310058594,340
2410,2452.07305964686,2455.69782214704,764.005310058594,340
2411,2467.17196285776,2455.32951274231,764.005310058594,340
2412,2427.80126072935,2453.69793768275,764.005310058594,340
2413,2407.46876841921,2450.50768940306,764.005310058594,340
2414,2445.74538254758,2448.69214204173,764.005310058594,340
2415,2452.17059792048,2447.33226170808,764.005310058594,340
2416,2465.93227017203,2447.14629988575,764.005310058594,340
2417,2447.68180728633,2446.40236001872,763.902954101562,340
2418,2423.39404119895,2444.10496628506,763.902954101562,340
2419,2437.970870682,2443.06413829464,763.902954101562,340
2420,2464.4024050379,2442.98023286305,763.902954101562,340
2421,2452.40111982258,2449.23557654165,763.902954101562,340
2422,2459.22255208915,2448.69755335053,763.902954101562,340
2423,2447.76693191953,2447.14741118966,763.902954101562,340
2424,2447.90316350036,2451.25943840918,763.902954101562,340
2425,2477.29874375592,2453.54517294118,766.239868164062,340
2426,2403.5233205636,2451.02941708071,766.239868164062,340
2427,2465.24629806827,2450.99358321012,766.239868164062,340
2428,2452.98800815179,2449.93054479594,766.239868164062,340
2429,2479.77049722223,2450.86216234026,766.239868164062,340
2430,2466.15978605518,2451.09432867806,766.239868164062,340
2431,2473.53529065991,2451.11576965369,766.239868164062,340
2432,2421.3105611773,2449.99879474237,766.239868164062,340
2433,2477.40636516805,2450.9374892957,766.344848632812,340
2434,2461.37849746648,2451.10894248475,766.344848632812,340
2435,2398.91719643028,2448.98270795609,766.344848632812,340
2436,2444.42282326349,2448.07274237232,766.344848632812,340
2437,2470.98940378424,2449.80026809451,766.344848632812,340
2438,2471.38603074635,2452.3569585876,766.344848632812,340
2439,2453.15402552081,2452.65330430653,766.344848632812,340
2440,2463.90531264898,2453.12269289567,766.344848632812,340
2441,2246.95011284658,2444.36340660265,767.091430664062,340
2442,2262.38469649058,2436.95152217082,767.091430664062,340
2443,2446.0850835081,2437.85916386319,767.091430664062,340
2444,2408.13689382217,2436.66580478879,767.091430664062,340
2445,2426.19376624192,2435.13745923695,767.091430664062,340
2446,2391.78304279324,2432.71273615578,767.091430664062,340
2447,2451.43237567093,2432.40112909905,767.091430664062,340
2448,2486.92752481062,2433.96755281469,767.091430664062,340
2449,2456.88555069276,2434.32684830239,768.510498046875,340
2450,2444.58836293855,2433.0184330697,768.510498046875,340
2451,2466.0487237857,2435.51944919858,768.510498046875,340
2452,2473.92188942923,2435.86647285302,768.510498046875,340
2453,2464.34414096604,2436.32071816559,768.510498046875,340
2454,2484.25884030105,2436.50025188874,768.510498046875,340
2455,2468.0984154189,2436.57779706329,768.510498046875,340
2456,2471.65564030083,2436.50261104893,768.510498046875,340
2457,2454.98144307622,2437.84944632488,768.601745605469,340
2458,2483.6695641519,2438.09997428424,768.601745605469,340
2459,2480.37618248719,2438.85988168506,768.601745605469,340
2460,2468.59249333577,2441.64689356128,768.601745605469,340
2461,2451.6779145041,2441.93709721091,768.601745605469,340
2462,2462.00071646433,2441.57754971811,768.601745605469,340
2463,2460.32070288308,2441.13493660358,768.601745605469,340
2464,2469.4402548946,2441.78638577853,768.601745605469,340
2465,2476.51197711792,2442.29065235729,768.41015625,340
2466,2463.07409599355,2450.93561168317,768.41015625,340
2467,2459.26165408503,2458.81068998695,768.41015625,340
2468,2467.33053138024,2459.66050790183,768.41015625,340
2469,2482.8426798454,2462.64873934276,768.41015625,340
2470,2471.62755403896,2464.46609085464,768.41015625,340
2471,2484.80174135909,2468.18683879728,768.41015625,340
2472,2469.43377666289,2468.90689483696,768.41015625,340
2473,2480.30897025301,2468.64215265465,769.204833984375,340
2474,2486.10865264581,2469.81107673278,769.204833984375,340
2475,2471.7723945378,2470.89843799675,769.204833984375,340
2476,2461.28851642361,2470.70802970226,769.204833984375,340
2477,2467.64992269802,2470.45715103301,769.204833984375,340
2478,2495.3784027117,2471.69852150284,769.204833984375,340
2479,2482.75614075485,2471.63841352099,769.204833984375,340
2480,2476.47386704549,2471.97343158606,769.204833984375,340
2481,2433.75162825699,2470.4572711043,768.668884277344,340
2482,2483.68285952596,2471.60532776229,768.668884277344,340
2483,2483.91819464385,2471.61527298197,768.668884277344,340
2484,2478.60920259635,2471.54459378634,768.668884277344,340
2485,2481.25713814048,2472.05117957853,768.668884277344,340
2486,2473.68144532754,2472.93132081146,768.668884277344,340
2487,2475.76056770334,2473.48171486102,768.668884277344,340
2488,2476.68316957432,2474.13621352867,768.668884277344,340
2489,2466.934438765,2474.03598088349,768.091979980469,340
2490,2490.80038080856,2474.60751703111,768.091979980469,340
2491,2434.26776875901,2473.45526394173,768.091979980469,340
2492,2468.36111478144,2473.81924236959,768.091979980469,340
2493,2492.85689238735,2474.84029680987,768.091979980469,340
2494,2464.35555155215,2474.10081167814,768.091979980469,340
2495,2478.45694258549,2474.37398722,768.091979980469,340
2496,2477.77239523762,2474.09281337515,768.091979980469,340
2497,2488.58310110971,2474.85878635302,767.630126953125,340
2498,2481.19318041832,2474.89415475963,767.630126953125,340
2499,2484.44759096674,2474.82771229247,767.630126953125,340
2500,2481.22723517378,2475.20590591791,767.630126953125,340
2501,2474.50551377627,2475.73458581201,767.630126953125,340
2502,2480.61227062375,2476.25307972904,767.630126953125,340
2503,2483.98677775058,2475.7974147306,767.630126953125,340
2504,2487.09174489456,2475.97083889619,767.630126953125,340
2505,2482.51213392707,2476.21236957145,766.905395507812,340
2506,2480.29295410459,2478.07402260535,766.905395507812,340
2507,2480.75333614392,2477.95684167007,766.905395507812,340
2508,2469.6240862903,2477.38507733593,766.905395507812,340
2509,2486.15569900462,2477.68693719226,766.905395507812,340
2510,2488.43674769512,2477.97412157445,766.905395507812,340
2511,2481.22718296693,2478.27595108002,766.905395507812,340
2512,2468.75670334396,2477.99579650565,766.905395507812,340
2513,2298.35004100576,2470.8624713629,765.755615234375,340
2514,2488.54172335018,2471.72676274631,765.755615234375,340
2515,2490.63587478225,2471.72018250526,765.755615234375,340
2516,2482.366784417,2473.64414313158,765.755615234375,340
2517,2491.36029517947,2474.5641103475,765.755615234375,340
2518,2468.69362457248,2473.59757963491,765.755615234375,340
2519,2471.97585439478,2473.90239174861,765.755615234375,340
2520,2480.56834082365,2473.98684767814,765.755615234375,340
2521,2489.40294865391,2474.45206981479,764.00244140625,340
2522,2486.98060845588,2474.38797010863,764.00244140625,340
2523,2480.15262497965,2474.34634789109,764.00244140625,340
2524,2496.62765051621,2474.83355027307,764.00244140625,340
2525,2479.57482498406,2474.76745386548,764.00244140625,340
2526,2502.25677636169,2475.8775043689,764.00244140625,340
2527,2488.99790264613,2476.21292964979,764.00244140625,340
2528,2483.34308788299,2476.18718205509,764.00244140625,340
2529,2462.01176250921,2475.18398275967,764.658508300781,340
2530,2479.89192784504,2475.07917451639,764.658508300781,340
2531,2487.45131370265,2475.36550890031,764.658508300781,340
2532,2488.8671110255,2475.69005989558,764.658508300781,340
2533,2481.36032627408,2476.15950949493,764.658508300781,340
2534,2473.77130190592,2475.66413361098,764.658508300781,340
2535,2484.34869572141,2475.50061153203,764.658508300781,340
2536,2477.58543690796,2475.35494168967,764.658508300781,340
2537,2492.19015656993,2476.29227981871,764.271118164062,340
2538,2498.18456243124,2484.28566067573,764.271118164062,340
2539,2481.65448796216,2484.01017126021,764.271118164062,340
2540,2459.65038645551,2482.77075172714,764.271118164062,340
2541,2484.3541168278,2482.85024502357,764.271118164062,340
2542,2487.08631074916,2482.67928564636,764.271118164062,340
2543,2486.14999232119,2483.37754035631,764.271118164062,340
2544,2487.07846946569,2483.98164495914,764.271118164062,340
2545,2484.93969513373,2484.15649913155,765.016174316406,340
2546,2490.16145743944,2484.18683948297,765.016174316406,340
2547,2481.42511935296,2483.96461991885,765.016174316406,340
2548,2483.07059898382,2484.08133887902,765.016174316406,340
2549,2495.14181627769,2484.02190550948,765.016174316406,340
2550,2484.5269421002,2484.21999019412,765.016174316406,340
2551,2491.58377994959,2483.79307033764,765.016174316406,340
2552,2494.94530420707,2484.03096640008,765.016174316406,340
2553,2354.94537428961,2478.89505785634,764.720947265625,340
2554,2490.28264525081,2480.02589316601,764.720947265625,340
2555,2497.89035783981,2480.7458303658,764.720947265625,340
2556,2479.68943314026,2480.4353551433,764.720947265625,340
2557,2489.18048335619,2480.44789003653,764.720947265625,340
2558,2495.11400868901,2480.99803733313,764.720947265625,340
2559,2481.80117346995,2481.31923219569,764.720947265625,340
2560,2487.20592093395,2481.43352120419,764.720947265625,340
2561,2499.63155874596,2482.31536607771,766.193786621094,340
2562,2477.58961505345,2481.73134441705,766.193786621094,340
2563,2492.86422029407,2481.51853073156,766.193786621094,340
2564,2467.83013826377,2480.96555674363,766.193786621094,340
2565,2498.16729973811,2482.50623327493,766.193786621094,340
2566,2499.75151928307,2483.12212937314,766.193786621094,340
2567,2497.40760641394,2483.53498119973,766.193786621094,340
2568,2495.49842818821,2483.90891863441,766.193786621094,340
2569,2496.8666438622,2484.30044561027,766.7119140625,340
2570,2481.98570202003,2484.18228588573,766.7119140625,340
2571,2483.46805096572,2483.91454962678,766.7119140625,340
2572,2486.19224971722,2484.10523484135,766.7119140625,340
2573,2488.95290099974,2484.34052692198,766.7119140625,340
2574,2479.71612502461,2483.72349927186,766.7119140625,340
2575,2504.26499348369,2484.5130213272,766.7119140625,340
2576,2497.64549590604,2484.75548996546,766.7119140625,340
2577,2453.43740861639,2483.09517414183,766.896179199219,340
2578,2494.73524786908,2488.68676908501,766.896179199219,340
2579,2503.70719119719,2489.22375092287,766.896179199219,340
2580,2494.17057570976,2489.07495963766,766.896179199219,340
2581,2495.51685491241,2489.70805650855,766.896179199219,340
2582,2476.45258328072,2489.19894050553,766.896179199219,340
2583,2484.01088249935,2488.75481545795,766.896179199219,340
2584,2493.07741491679,2489.20586511582,766.896179199219,340
2585,2503.07389420124,2489.84058404651,767.838928222656,340
2586,2503.92815844721,2490.01244803456,767.838928222656,340
2587,2493.78325523333,2490.66019364176,767.838928222656,340
2588,2498.48973235988,2490.88521412439,767.838928222656,340
2589,2492.90889170563,2491.88836426206,767.838928222656,340
2590,2484.31342317524,2491.33420919955,767.838928222656,340
2591,2491.52210648683,2491.0050326877,767.838928222656,340
2592,2499.91864704592,2491.10547431298,767.838928222656,340
2593,2516.65018403126,2491.9515445467,768.100402832031,340
2594,2502.37729157264,2492.17197045512,768.100402832031,340
2595,2492.2482723935,2492.58247327006,768.100402832031,340
2596,2496.91096836837,2493.12018996616,768.100402832031,340
2597,2495.96836128739,2493.51123442897,768.100402832031,340
2598,2475.68475772266,2492.98050869788,768.100402832031,340
2599,2495.24271349047,2493.60157223652,768.100402832031,340
2600,2503.96850974595,2493.58971288701,768.100402832031,340
2601,2490.58362626108,2493.30723810121,768.213562011719,340
2602,2517.6299204766,2495.87493857562,768.213562011719,340
2603,2487.53808519881,2495.58705206881,768.213562011719,340
2604,2503.27814522345,2495.56989022986,768.213562011719,340
2605,2504.62086320022,2495.98790172948,768.213562011719,340
2606,2500.76110211429,2496.19767161755,768.213562011719,340
2607,2490.02576487214,2496.74059888121,768.213562011719,340
2608,2501.68294268767,2497.44748128874,768.213562011719,340
2609,2483.42950437778,2497.06156486718,768.8564453125,340
2610,2509.20677913857,2497.30688026467,768.8564453125,340
2611,2493.67080074938,2496.89658595676,768.8564453125,340
2612,2519.07914346724,2497.90842148612,768.8564453125,340
2613,2507.54214802871,2498.27051811287,768.8564453125,340
2614,2511.49016408549,2499.01376900807,768.8564453125,340
2615,2510.26509865883,2500.05183602741,768.8564453125,340
2616,2302.2611813631,2492.48139902246,768.8564453125,340
2617,2490.4152502292,2492.10126314979,769.272277832031,340
2618,2504.5956594874,2491.61908216804,769.272277832031,340
2619,2494.01428883209,2491.28456205841,769.272277832031,340
2620,2515.49471991032,2492.21441995909,769.272277832031,340
2621,2507.60045611283,2492.64199946886,769.272277832031,340
2622,2499.84181521693,2492.79693762605,769.272277832031,340
2623,2506.63695573394,2494.0350255465,769.272277832031,340
2624,2508.72589428664,2494.57435277835,769.272277832031,340
2625,2493.05118742531,2494.13765988552,769.336059570312,340
2626,2497.34717697532,2494.40820191409,769.336059570312,340
2627,2445.4477874669,2491.5209165937,769.336059570312,340
2628,2498.54159042476,2491.96105680274,769.336059570312,340
2629,2510.12014397076,2492.23473675263,769.336059570312,340
2630,2503.63681148505,2492.19537468403,769.336059570312,340
2631,2497.27890527127,2492.0560868103,769.336059570312,340
2632,2444.94657847228,2490.25291935431,769.336059570312,340
2633,2509.14216382989,2490.5512882,769.363037109375,340
2634,2512.13255631296,2491.69941027741,769.363037109375,340
2635,2506.32734426269,2491.58423288237,769.363037109375,340
2636,2516.26376530911,2492.48795146476,769.363037109375,340
2637,2503.23414860698,2491.85415167035,769.363037109375,340
2638,2501.12577594736,2491.5974967871,769.363037109375,340
2639,2497.50817763161,2491.03821732894,769.363037109375,340
2640,2497.50817872401,2490.52794053155,769.363037109375,340
2641,2496.94169708408,2498.31516116039,769.916931152344,340
2642,2504.15925043489,2498.86492116861,769.916931152344,340
2643,2508.92963214846,2499.03828007506,769.916931152344,340
2644,2502.41543167163,2499.37432578864,769.916931152344,340
2645,2501.97364466078,2498.83348277866,769.916931152344,340
2646,2522.89031806937,2499.44507725692,769.916931152344,340
2647,2506.92366406788,2499.72835121096,769.916931152344,340
2648,2504.07881573114,2499.62602561085,769.916931152344,340
2649,2507.66444413563,2499.5835676048,770.458190917969,340
2650,2505.26602826841,2500.07216123853,770.458190917969,340
2651,2459.29506514936,2498.55007676549,770.458190917969,340
2652,2505.60277608272,2500.95627631012,770.458190917969,340
2653,2505.06243621971,2501.21711014192,770.458190917969,340
2654,2514.92311233637,2501.40922887655,770.458190917969,340
2655,2512.89710593505,2501.77964065455,770.458190917969,340
2656,2511.66455693807,2502.35506672122,770.458190917969,340
2657,2520.31035353598,2505.36961772377,769.847595214844,340
2658,2521.33949305009,2505.85751089257,769.847595214844,340
2659,2513.83904721376,2505.92577052861,769.847595214844,340
2660,2518.87629595718,2506.42772859638,769.847595214844,340
2661,2523.44229435243,2506.71486975812,769.847595214844,340
2662,2524.22199345855,2507.55438355218,769.847595214844,340
2663,2497.1632877195,2507.39588402307,769.847595214844,340
2664,2515.43011698469,2508.11276159719,769.847595214844,340
2665,2525.16568034136,2509.21906166188,770.026794433594,340
2666,2520.922147301,2510.17827967056,770.026794433594,340
2667,2507.78454719621,2510.32329154101,770.026794433594,340
2668,2521.20221961621,2510.81419503972,770.026794433594,340
2669,2520.95515034227,2511.55578378655,770.026794433594,340
2670,2513.5017389819,2512.01690755939,770.026794433594,340
2671,2530.54656807452,2512.3231575596,770.026794433594,340
2672,2510.320596886,2512.45903487232,770.026794433594,340
2673,2522.59610369656,2513.19972639094,771.338012695312,340
2674,2476.63493462979,2511.95854601071,771.338012695312,340
2675,2509.15954133761,2512.11428653347,771.338012695312,340
2676,2520.31773044046,2514.55519314512,771.338012695312,340
2677,2505.41772118661,2514.54779094927,771.338012695312,340
2678,2507.61466910296,2514.6498802646,771.338012695312,340
2679,2518.89936995043,2514.80893056917,771.338012695312,340
2680,2504.23740862956,2514.46254267695,771.338012695312,340
2681,2526.34356473928,2515.049702989,770.476257324219,340
2682,2514.75976362329,2514.82767939249,770.476257324219,340
2683,2507.40305250341,2514.27022177062,770.476257324219,340
2684,2500.88761619801,2513.75216452999,770.476257324219,340
2685,2452.21711768122,2511.08579739895,770.476257324219,340
2686,2512.26305631726,2510.63862787755,770.476257324219,340
2687,2514.48775669014,2510.24925840681,770.476257324219,340
2688,2524.08793617146,2511.32624434489,770.476257324219,340
2689,2525.04483410072,2511.71083302953,771.151428222656,340
2690,2534.71277768799,2512.09271692339,771.151428222656,340
2691,2528.53954753982,2512.39741293295,771.151428222656,340
2692,2520.96245620092,2512.92452929314,771.151428222656,340
2693,2522.81111304944,2512.98888503047,771.151428222656,340
2694,2531.63945524304,2513.4162572265,771.151428222656,340
2695,2522.79541457672,2513.78800425029,771.151428222656,340
2696,2521.50126904161,2513.42619228897,771.151428222656,340
2697,2520.40249662191,2513.82946827841,770.31982421875,340
2698,2523.39920678571,2513.86159240198,770.31982421875,340
2699,2529.51029937254,2515.97660699169,770.31982421875,340
2700,2532.60021513372,2516.91423394353,770.31982421875,340
2701,2521.68661279743,2516.96898923781,770.31982421875,340
2702,2516.17218656519,2517.39916785295,770.31982421875,340
2703,2525.20298172924,2518.102700358,770.31982421875,340
2704,2527.0749011308,2518.42972160522,770.31982421875,340
2705,2533.12754015891,2519.58532686639,770.55322265625,340
2706,2519.71108959808,2519.32002786074,770.55322265625,340
2707,2504.69172934516,2518.91730648962,770.55322265625,340
2708,2516.81442927222,2519.29376156037,770.55322265625,340
2709,2527.30023579837,2520.35026634439,770.55322265625,340
2710,2525.47680139374,2523.28065369289,770.55322265625,340
2711,2519.66377154555,2523.57668230202,770.55322265625,340
2712,2510.28288940363,2523.40848761056,770.55322265625,340
2713,2523.80173167245,2523.3970394306,770.49609375,340
2714,2527.10181723036,2523.47931875578,770.49609375,340
2715,2475.87291379376,2521.12572420001,770.49609375,340
2716,2503.62055081406,2520.12896433098,770.49609375,340
2717,2509.9872974116,2519.68995797941,770.49609375,340
2718,2517.49225453293,2519.47720363875,770.49609375,340
2719,2523.62846881578,2519.15676418166,770.49609375,340
2720,2511.8244086542,2518.71792394476,770.49609375,340
2721,2537.98499434022,2519.3772729567,770.639343261719,340
2722,2531.70064747807,2519.82919899095,770.639343261719,340
2723,2457.58424568012,2517.19660054673,770.639343261719,340
2724,2537.61953352978,2517.52096991301,770.639343261719,340
2725,2469.45317884002,2514.99508846127,770.639343261719,340
2726,2514.2031123167,2514.69574844204,770.639343261719,340
2727,2521.77671005011,2514.91992938143,770.639343261719,340
2728,2533.28833339162,2515.24334344793,770.639343261719,340
2729,2522.75619269533,2515.07059511051,771.73779296875,340
2730,2527.33532925506,2514.83890667436,771.73779296875,340
2731,2525.8366811214,2515.08393033529,771.73779296875,340
2732,2539.23913290481,2516.46582647767,771.73779296875,340
2733,2514.5141887833,2516.37381685812,771.73779296875,340
2734,2525.62017081065,2516.30661425861,771.73779296875,340
2735,2522.60381500396,2516.19169480302,771.73779296875,340
2736,2466.43539183009,2514.0625596144,771.73779296875,340
2737,2499.63616223279,2513.63669052757,771.331604003906,340
2738,2517.69611971493,2513.39246604927,771.331604003906,340
2739,2509.88879855579,2512.70394530228,771.331604003906,340
2740,2525.54218294869,2514.69071606848,771.331604003906,340
2741,2511.66129755982,2515.01234593831,771.331604003906,340
2742,2516.57182431598,2515.27572701449,771.331604003906,340
2743,2513.98886156426,2515.13559129574,771.331604003906,340
2744,2518.53628875379,2514.93190409326,771.331604003906,340
2745,2515.18900102113,2515.06648778794,772.427734375,340
2746,2521.69557065056,2514.41491084035,772.427734375,340
2747,2502.70745413017,2513.25518310643,772.427734375,340
2748,2504.28183034868,2515.12308649318,772.427734375,340
2749,2506.6470837164,2513.88418850064,772.427734375,340
2750,2529.62627036665,2516.29111216171,772.427734375,340
2751,2483.09789467177,2515.04690345591,772.427734375,340
2752,2525.20126246952,2515.18388555269,772.427734375,340
2753,2516.80760318293,2514.52465634434,772.797729492188,340
2754,2513.80464765391,2514.16659454268,772.797729492188,340
2755,2504.25515782886,2513.24338768563,772.797729492188,340
2756,2509.99274823438,2512.60963037015,772.797729492188,340
2757,2504.48462100361,2511.21944989411,772.797729492188,340
2758,2513.63707908156,2511.18436550604,772.797729492188,340
2759,2517.29579407376,2510.85139043656,772.797729492188,340
2760,2506.63514590569,2510.21264367263,772.797729492188,340
2761,2504.40715461493,2511.73151418402,773.361572265625,340
2762,2511.15747453201,2512.19236667599,773.361572265625,340
2763,2512.58929065908,2511.98809351376,773.361572265625,340
2764,2479.90154648912,2510.78860343109,773.361572265625,340
2765,2504.88700267015,2509.96239621995,773.361572265625,340
2766,2500.03361242834,2509.49728881469,773.361572265625,340
2767,2509.09536521293,2509.19823045057,773.361572265625,340
2768,2501.14894913843,2508.68463395353,773.361572265625,340
2769,2515.16511152463,2508.54978686437,773.726623535156,340
2770,2511.00394732451,2508.3823847165,773.726623535156,340
2771,2501.96739178005,2507.59325756168,773.726623535156,340
2772,2521.77104732138,2508.35580128933,773.726623535156,340
2773,2467.87453933458,2506.89950964877,773.726623535156,340
2774,2452.79631706752,2504.74547898281,773.726623535156,340
2775,2504.92857782003,2503.75757128095,773.726623535156,340
2776,2516.81295616351,2505.10617374062,773.726623535156,340
2777,2440.64686024943,2501.72399765181,773.28515625,340
2778,2486.8020364948,2500.52377498429,773.28515625,340
2779,2483.70344485179,2499.3197268722,773.28515625,340
2780,2512.23507258167,2499.63892346231,773.28515625,340
2781,2385.25415843635,2494.64937987039,773.28515625,340
2782,2498.69140312502,2494.41765115525,773.28515625,340
2783,2296.69179470158,2485.73983978005,773.28515625,340
2784,2498.14701148684,2484.97388847657,773.28515625,340
2785,2491.54653508503,2484.37034404375,773.777221679688,340
2786,2401.00803585101,2480.23437929319,773.777221679688,340
2787,2494.60311821761,2479.57220504061,773.777221679688,340
2788,2490.04651508722,2478.67049401774,773.777221679688,340
2789,2477.28456220701,2478.56581464646,773.777221679688,340
2790,2503.49309844896,2478.51005847761,773.777221679688,340
2791,2498.95585644326,2478.46694823821,773.777221679688,340
2792,2350.1235484241,2472.10807556665,773.777221679688,340
2793,2496.79050664072,2471.93373786674,773.702514648438,340
2794,2479.11859488742,2470.49187720126,773.702514648438,340
2795,2500.51491488199,2470.07231590356,773.702514648438,340
2796,2515.83809422559,2470.62714400138,773.702514648438,340
2797,2377.9660150192,2464.87494270929,773.702514648438,340
2798,2487.44304985894,2465.65768313026,773.702514648438,340
2799,2416.75631314678,2464.21608297343,773.702514648438,340
2800,2478.57982148262,2463.16213271994,773.702514648438,340
2801,2500.35884225473,2462.50396816359,771.779663085938,340
2802,2489.55287951533,2464.46020893422,771.779663085938,340
2803,2500.92796324652,2465.02524600429,771.779663085938,340
2804,2506.51172441437,2465.93757718679,771.779663085938,340
2805,2470.77848703358,2464.27931376487,771.779663085938,340
2806,2522.27976370428,2469.76033797559,771.779663085938,340
2807,2497.18444608807,2469.70005969411,771.779663085938,340
2808,2493.46387658934,2477.57094296962,771.779663085938,340
2809,2498.83389507839,2477.59841831328,772.709594726562,340
2810,2469.42338778278,2476.71349242119,772.709594726562,340
2811,2514.45401353016,2481.25133152836,772.709594726562,340
2812,2492.15241281596,2481.15330331229,772.709594726562,340
2813,2507.08891315896,2481.83499923516,772.709594726562,340
2814,2472.43249497113,2481.64091654573,772.709594726562,340
2815,2503.27207108622,2481.63207545122,772.709594726562,340
2816,2439.01009653291,2479.2342450548,772.709594726562,340
2817,2497.36272927103,2485.12381228868,773.779602050781,340
2818,2504.08902177685,2485.41575289412,773.779602050781,340
2819,2484.17935386311,2485.61818325315,773.779602050781,340
2820,2485.85748024118,2485.03188586752,773.779602050781,340
2821,2481.13517181283,2483.64376897101,773.779602050781,340
2822,2397.35396197984,2484.41928684944,773.779602050781,340
2823,2427.42495650518,2482.01856311528,773.779602050781,340
2824,2406.64473373497,2481.61409993881,773.779602050781,340
2825,2515.75374282529,2483.10105679252,773.465270996094,340
2826,2494.76081383954,2482.87713565591,773.465270996094,340
2827,2493.75215669016,2483.04510674291,773.465270996094,340
2828,2495.4943293792,2482.82776138821,773.465270996094,340
2829,2485.8893942532,2482.00286818177,773.465270996094,340
2830,2490.89239513928,2482.80742450599,773.465270996094,340
2831,2493.96905770147,2481.67499626588,773.465270996094,340
2832,2498.29334429182,2481.71935219403,773.465270996094,340
2833,2500.38813636895,2481.99632258522,772.822937011719,340
2834,2492.31418211305,2481.7355340666,772.822937011719,340
2835,2499.44328631093,2482.93633000773,772.822937011719,340
2836,2466.79970855463,2481.03015780871,772.822937011719,340
2837,2507.26046543038,2481.63447991328,772.822937011719,340
2838,2495.70277372757,2481.17903433603,772.822937011719,340
2839,2502.51964408829,2482.38252030071,772.822937011719,340
2840,2487.85033397423,2481.76565081624,772.822937011719,340
2841,2496.44326833296,2484.06297768824,772.578918457031,340
2842,2412.57947730563,2480.67164760962,772.578918457031,340
2843,2500.51982963546,2480.52887992397,772.578918457031,340
2844,2484.92771769949,2480.55881447742,772.578918457031,340
2845,2501.50931736368,2481.18488796232,772.578918457031,340
2846,2480.1863829473,2481.1469364077,772.578918457031,340
2847,2496.94451372761,2485.13055847761,772.578918457031,340
2848,2462.11364472122,2486.51810600625,772.578918457031,340
2849,2494.58193127648,2490.03559390791,770.727111816406,340
2850,2487.18098636882,2488.89268364965,770.727111816406,340
2851,2485.8198764975,2488.53504615597,770.727111816406,340
2852,2489.73615837005,2488.37440622317,770.727111816406,340
2853,2485.50531840372,2487.97484578415,770.727111816406,340
2854,2477.76651679724,2487.64993068591,770.727111816406,340
2855,2503.08148289598,2488.13749419618,770.727111816406,340
2856,2498.02540241136,2488.29974798457,770.727111816406,340
2857,2431.09308291752,2485.6117375296,769.701538085938,340
2858,2291.67211935733,2477.26309684914,769.701538085938,340
2859,2276.32264576637,2468.62343539527,769.701538085938,340
2860,2375.79344449396,2463.67744172259,769.701538085938,340
2861,2449.3625093099,2462.9799537528,769.701538085938,340
2862,2481.13898101383,2461.93509437614,769.701538085938,340
2863,2370.93081976134,2456.94421621749,769.701538085938,340
2864,2421.03424718077,2453.68480034119,769.701538085938,340
2865,2385.41922024059,2449.58755579184,769.585571289062,340
2866,2366.20292926135,2444.37794222898,769.585571289062,340
2867,2484.3564900206,2447.24902273758,769.585571289062,340
2868,2356.96793997125,2441.50694715101,769.585571289062,340
2869,2330.93868476876,2435.34738583378,769.585571289062,340
2870,2330.16380319428,2428.49356526701,769.585571289062,340
2871,2348.36308227477,2423.2206332401,769.585571289062,340
2872,2396.87255812264,2419.21775501591,769.585571289062,340
2873,2418.96405407412,2417.49177139002,770.773010253906,340
2874,2472.95951465535,2416.62687472518,770.773010253906,340
2875,2477.60258220092,2416.24373855846,770.773010253906,340
2876,2339.56325734928,2410.39347379253,770.773010253906,340
2877,2375.74199724474,2405.83370734752,770.773010253906,340
2878,2369.28824958121,2401.18502459462,770.773010253906,340
2879,2441.00371722683,2399.7145126118,770.773010253906,340
2880,2474.94368447238,2398.58900067486,770.773010253906,340
2881,2369.7863193943,2393.45943735418,771.207702636719,340
2882,2309.01058016176,2388.57613724395,771.207702636719,340
2883,2443.07825214441,2394.63238255543,771.207702636719,340
2884,2304.31069024717,2395.75190433466,771.207702636719,340
2885,2384.76122867696,2396.11061570198,771.207702636719,340
2886,2422.68710349215,2395.04359946927,771.207702636719,340
2887,2444.42674203446,2393.5751099101,771.207702636719,340
2888,2334.23293289243,2392.10719443534,771.207702636719,340
2889,2450.90117925278,2393.30187171822,769.486267089844,340
2890,2461.7236100579,2396.35404731091,769.486267089844,340
2891,2413.17591244819,2398.23296663839,769.486267089844,340
2892,2095.43149532331,2382.6759668505,769.486267089844,340
2893,2469.55229223025,2387.17934094086,769.486267089844,340
2894,2325.01838892145,2386.94252910696,769.486267089844,340
2895,2464.05454467837,2392.29815876633,769.486267089844,340
2896,2460.81780602731,2396.79634771643,769.486267089844,340
2897,2404.20906292259,2397.08980790843,770.666320800781,340
2898,2448.3029006934,2398.2633617732,770.666320800781,340
2899,2461.58711965553,2397.8084659732,770.666320800781,340
2900,2419.54778032011,2395.48627389797,770.666320800781,340
2901,2449.90257429646,2399.89984657586,770.666320800781,340
2902,2459.27655904231,2403.24122904776,770.666320800781,340
2903,2443.59911675267,2406.21366373462,770.666320800781,340
2904,2456.88655793764,2406.84897736305,770.666320800781,340
2905,2474.77366774074,2406.84217669379,770.354064941406,340
2906,2447.16884453355,2409.93747769936,770.354064941406,340
2907,2455.55746254889,2415.79935299484,770.354064941406,340
2908,2447.47562309831,2415.975247833,770.354064941406,340
2909,2431.24077929491,2421.05245139491,770.354064941406,340
2910,2440.05176561725,2423.26407287252,770.354064941406,340
2911,2477.53630313775,2425.45804085834,770.354064941406,340
2912,2466.56636394667,2426.34362573483,770.354064941406,340
2913,2471.33192748265,2431.82758551844,768.976135253906,340
2914,2448.99514054818,2431.75134397026,768.976135253906,340
2915,2463.90832814487,2431.83873269373,768.976135253906,340
2916,2476.82957858074,2434.38487933904,768.976135253906,340
2917,2445.92660002615,2448.40468352715,768.976135253906,340
2918,2465.95677632083,2448.26086289077,768.976135253906,340
2919,2467.56790809602,2453.96284365776,768.976135253906,340
2920,2473.96156484968,2454.35912446461,768.976135253906,340
2921,2474.62915131607,2454.91157827616,767.748596191406,340
2922,2475.13461843366,2457.7486004966,767.748596191406,340
2923,2449.46557246059,2457.79510736729,767.748596191406,340
2924,2461.81733900601,2457.80431614131,767.748596191406,340
2925,2476.43509289739,2460.0798086444,767.748596191406,340
2926,2462.43480650248,2460.58109793264,767.748596191406,340
2927,2440.89025678912,2459.84564584251,767.748596191406,340
2928,2486.92780956342,2461.57879355494,767.748596191406,340
2929,2453.92062739085,2461.46015633307,767.234130859375,340
2930,2483.20190832987,2461.79728595664,767.234130859375,340
2931,2489.44551417191,2463.48835274217,767.234130859375,340
2932,2463.56772376357,2463.80876319076,767.234130859375,340
2933,2477.69174330949,2465.0174079992,767.234130859375,340
2934,2493.49008201984,2467.5073801082,767.234130859375,340
2935,2448.10852863444,2467.82965062889,767.234130859375,340
2936,2463.80599432033,2467.28043827619,767.234130859375,340
2937,2484.9718387593,2468.0166572687,767.943298339844,340
2938,2484.62812000725,2468.54850496968,767.943298339844,340
2939,2488.62420166997,2470.13366741455,767.943298339844,340
2940,2486.70099222243,2471.04537397766,767.943298339844,340
2941,2474.52175191435,2470.953060911,767.943298339844,340
2942,2473.62673143743,2472.06106616745,767.943298339844,340
2943,2484.9479620418,2472.82071359629,767.943298339844,340
2944,2468.21416322768,2472.84656380156,767.943298339844,340
2945,2487.97567898712,2473.40712836706,767.407104492188,340
2946,2485.38853146491,2473.83750357301,767.407104492188,340
2947,2468.1849835095,2473.55951817604,767.407104492188,340
2948,2474.51548177909,2474.56151454878,767.407104492188,340
2949,2470.6174735516,2474.91351993061,767.407104492188,340
2950,2467.06256989366,2474.53861901046,767.407104492188,340
2951,2493.8083650225,2475.79356135126,767.407104492188,340
2952,2482.68313691582,2477.46527655633,767.407104492188,340
2953,2477.94867694718,2477.10611125168,767.539794921875,340
2954,2476.79332673645,2478.0210192255,767.539794921875,340
2955,2456.56119017779,2476.95539049942,767.539794921875,340
2956,2481.93720490991,2476.65505812894,767.539794921875,340
2957,2474.75912144372,2477.10271403614,767.539794921875,340
2958,2465.95610366155,2476.63328845023,767.539794921875,340
2959,2374.19696014964,2471.86156357542,767.539794921875,340
2960,2343.57971678662,2467.68041110151,767.539794921875,340
2961,2300.87946946551,2461.16335010731,765.281677246094,340
2962,2481.55647589047,2461.02673559256,765.281677246094,340
2963,2463.3567370953,2460.17588027608,765.281677246094,340
2964,2423.8540192175,2457.58507297798,765.281677246094,340
2965,2489.28653571457,2457.68849471767,765.281677246094,340
2966,2474.70247365673,2457.69572358736,765.281677246094,340
2967,2473.51517358267,2457.69126127317,765.281677246094,340
2968,2364.12068817103,2452.85817031834,765.281677246094,340
2969,2315.95860646152,2446.76794804769,767.075500488281,340
2970,2470.23872571519,2446.05846991682,767.075500488281,340
2971,2478.98643262127,2445.80238596307,767.075500488281,340
2972,2464.82210751347,2445.66787092323,767.075500488281,340
2973,2471.56076253701,2445.54968215355,767.075500488281,340
2974,2471.3321445767,2445.57826899455,767.075500488281,340
2975,2468.35921840271,2445.63013493491,767.075500488281,340
2976,2493.38474211284,2445.61319001853,767.075500488281,340
2977,2481.53996309522,2445.5674630657,771.610473632812,340
2978,2446.13431986208,2444.2948887823,771.610473632812,340
2979,2460.81451623069,2443.65573636207,771.610473632812,340
2980,2508.11322753669,2445.71781785642,771.610473632812,340
2981,2483.58263015429,2445.7836348662,771.610473632812,340
2982,2488.71042401947,2446.34168696923,771.610473632812,340
2983,2475.67323307429,2446.73037214574,771.610473632812,340
2984,2459.04861737845,2450.12443843489,771.610473632812,340
2985,2473.18877193777,2455.30880064094,770.653625488281,340
2986,2488.54793172676,2462.81553913139,770.653625488281,340
2987,2495.95311508185,2463.39140469904,770.653625488281,340
2988,2485.8834650182,2464.29247381596,770.653625488281,340
2989,2492.34234707775,2467.03200693037,770.653625488281,340
2990,2464.38187022194,2466.03582031066,770.653625488281,340
2991,2475.20764864905,2466.05602731036,770.653625488281,340
2992,2491.00955988211,2466.75580276233,770.653625488281,340
2993,2472.37682798291,2471.08604835481,770.101745605469,340
2994,2444.56683736185,2476.23037759082,770.101745605469,340
2995,2475.70840228603,2476.44916465365,770.101745605469,340
2996,2464.14676444079,2475.85557792644,770.101745605469,340
2997,2495.83605149485,2477.09613568569,770.101745605469,340
2998,2499.18774029966,2478.2012147962,770.101745605469,340
2999,2442.91628302995,2477.06458033433,770.101745605469,340
3000,2372.69863860621,2473.23815714247,770.101745605469,340
