episode,reward,avg_reward,q0,steps
1,-487.914526459698,-487.914526459698,-7.34588902560063e-05,340
2,-124.109662717177,-306.012094588437,-7.34588902560063e-05,340
3,-835.056400098463,-482.360196425113,-7.34588902560063e-05,340
4,-394.549464408876,-460.407513421053,-7.34588902560063e-05,340
5,-316.161645936231,-431.558339924089,-7.34588902560063e-05,340
6,-489.211057516568,-441.167126189502,-7.34588902560063e-05,340
7,-980.884574939666,-518.269618868097,-7.34588902560063e-05,340
8,-350.248106932453,-497.266929876142,-7.34588902560063e-05,340
9,-755.916361794902,-526.005755644893,-18.697681427002,340
10,-739.596325959504,-547.364812676354,-18.697681427002,340
11,-346.77671617201,-529.129531175959,-18.697681427002,340
12,-886.552465712838,-558.914775720699,-18.697681427002,340
13,-173.893667866808,-529.297767424246,-18.697681427002,340
14,-278.656887931051,-511.394847460446,-18.697681427002,340
15,-568.008328957309,-515.169079560237,-18.697681427002,340
16,-600.331798576155,-520.491749498732,-18.697681427002,340
17,-102.582424852928,-495.908848048979,-18.852653503418,340
18,-526.260323895044,-497.595041151538,-18.852653503418,340
19,-489.383001672264,-497.162828547365,-18.852653503418,201
20,-606.998317535877,-502.654602996791,-18.852653503418,340
21,-680.519322840373,-511.124351560771,-18.852653503418,340
22,-396.064487612115,-505.894357744923,-18.852653503418,340
23,-116.186188092185,-488.950524281761,-18.852653503418,229
24,-301.958212539111,-481.15917795915,-18.852653503418,340
25,-322.041112941064,-474.794455358427,-8.90133666992188,340
26,-543.459026649797,-477.016235366031,-8.90133666992188,340
27,-46.4768650107636,-473.910923457774,-8.90133666992188,340
28,-102.862630805263,-444.623172686046,-8.90133666992188,340
29,-25.5771390688059,-429.864279672443,-8.90133666992188,340
30,-181.149168944511,-424.463780592775,-8.90133666992188,340
31,-152.087011296125,-410.978818743957,-8.90133666992188,133
32,-305.542080464222,-383.965118964939,-8.90133666992188,340
33,-5.46069319973773,-370.17362241563,13.0716152191162,340
34,-102.041750739343,-344.018637973408,13.0716152191162,340
35,-101.807929774455,-318.507102126006,13.0716152191162,340
36,-132.157145974122,-309.922319318091,13.0716152191162,340
37,-96.1858670978348,-278.307655373491,13.0716152191162,340
38,-262.126333403884,-281.836961994974,13.0716152191162,340
39,-262.758477942189,-281.201025595419,13.0716152191162,340
40,-305.065861880528,-270.683326912348,13.0716152191162,340
41,-270.397577437005,-257.485958066782,46.0900039672852,340
42,-23.6222149041606,-254.327549668831,46.0900039672852,340
43,-140.630627588379,-238.902361816565,46.0900039672852,340
44,-179.321752451931,-226.499911847751,46.0900039672852,340
45,55.0161703099912,-200.019332333917,46.0900039672852,340
46,63.2865549933236,-170.267097220569,46.0900039672852,340
47,-112.805015588132,-158.936718339609,46.0900039672852,340
48,-7.87865443127165,-154.604416993173,46.0900039672852,340
49,-305.293450806993,-154.737826523888,79.9923553466797,340
50,-42.1406215265658,-143.541806867308,79.9923553466797,340
51,-142.764857372983,-127.514040096236,79.9923553466797,340
52,-237.850567617077,-135.168988200488,79.9923553466797,340
53,-40.4416985678033,-132.67215091099,79.9923553466797,340
54,-38.3247225453211,-133.18205425005,79.9923553466797,340
55,154.36551708036,-119.761466809056,79.9923553466797,340
56,-281.339706542217,-124.931574618899,79.9923553466797,340
57,-176.029593146665,-119.751075126197,107.350921630859,340
58,-262.50785023169,-130.032961407475,107.350921630859,332
59,103.961477559206,-121.792832275533,107.350921630859,340
60,-41.3427583271779,-119.374225417642,107.350921630859,340
61,-203.007723411556,-122.208248515139,107.350921630859,340
62,-163.976351816766,-124.919867903897,107.350921630859,340
63,-170.382859260869,-121.250128938176,107.350921630859,340
64,-61.727834660641,-113.208903206914,107.350921630859,340
65,-237.934984320118,-110.523668104498,124.043190002441,340
66,-329.72477953346,-112.896756188356,124.043190002441,340
67,-234.907278203354,-121.348158720324,124.043190002441,340
68,-372.502218576038,-130.62302235983,124.043190002441,340
69,-311.436203158697,-135.907600388101,124.043190002441,340
70,-330.707015458453,-151.336527818838,124.043190002441,340
71,-354.34255019529,-168.041692026383,124.043190002441,285
72,-270.530419413437,-174.350708179395,124.043190002441,340
73,-13.4800437648219,-174.574763752737,127.095504760742,340
74,-106.424167752121,-166.619992430542,127.095504760742,340
75,-263.465324729317,-175.472980558652,127.095504760742,336
76,-134.075365235754,-175.125400873163,127.095504760742,340
77,-23.8005249281861,-166.563399165607,127.095504760742,340
78,-69.6698979973775,-167.73252714279,127.095504760742,272
79,-88.02925700059,-169.720708521001,127.095504760742,340
80,-76.8223551554158,-178.968223410432,127.095504760742,340
81,45.0929772621631,-165.910916058257,150.564468383789,327
82,-420.771768639277,-175.700603077961,150.564468383789,340
83,-577.853964896747,-188.314447664564,150.564468383789,340
84,-42.4740787359229,-194.171869916369,150.564468383789,340
85,-83.6709090040346,-195.864995943443,150.564468383789,340
86,-295.216393102613,-199.553342731086,150.564468383789,340
87,-239.238976958122,-202.56384773674,150.564468383789,340
88,-173.156800592228,-202.674805389994,150.564468383789,247
89,241.968851458222,-190.52693794524,151.562927246094,340
90,-195.704309035396,-188.837710933851,151.562927246094,340
91,-453.786319915595,-193.800172549136,151.562927246094,340
92,58.7798818039128,-182.052686148845,151.562927246094,340
93,-34.0897576702283,-168.516187712613,151.562927246094,293
94,-51.9627308646477,-158.137248820851,151.562927246094,288
95,-20.4331435179954,-145.726293943233,151.562927246094,327
96,-104.13536278683,-135.718006446894,151.562927246094,283
97,-9.32569634519912,-125.269817524165,155.462265014648,284
98,162.665436463351,-118.223998315038,155.462265014648,340
99,120.220919141831,-109.15819483928,155.462265014648,321
100,206.620710693898,-90.3547534223513,155.462265014648,340
101,128.406727693366,-79.8554697051865,155.462265014648,340
102,808.211048685633,-46.5750067606337,155.462265014648,340
103,-42.4783672867896,-45.4873455322102,155.462265014648,340
104,-63.4076580973201,-44.5024815760794,155.462265014648,340
105,263.908634837222,-30.8732419763739,165.871017456055,340
106,510.890642709289,-12.2413353584889,165.871017456055,340
107,123.785349119919,9.54094935187898,165.871017456055,340
108,-59.4178116131391,30.2783954832233,165.871017456055,340
109,0.614829876379646,32.0019518277154,165.871017456055,340
110,219.28660442519,44.1202523648844,165.871017456055,340
111,-274.0235645609,44.9679655065529,165.871017456055,340
112,43.0754773866333,56.2605436803431,165.871017456055,340
113,-24.3857361302431,62.2113862588225,171.795333862305,337
114,-42.5804549384539,50.8294140029555,171.795333862305,306
115,523.291377243801,79.5892414541234,171.795333862305,340
116,798.850757563634,129.694724553293,171.795333862305,340
117,103.038264289694,131.465059852724,171.795333862305,340
118,401.475074818044,148.887653152255,171.795333862305,340
119,50.7072508200429,152.994452419642,171.795333862305,340
120,25.2544065590302,154.821954422723,171.795333862305,340
121,-81.450780776466,155.729337703138,186.418411254883,299
122,-64.4435239881767,153.524624597419,186.418411254883,338
123,531.959279322252,168.296378311775,186.418411254883,340
124,415.173795093138,180.094493349827,186.418411254883,340
125,588.933236827954,195.386994395189,186.418411254883,340
126,62.3256376282963,192.743750792586,186.418411254883,299
127,293.337728523946,172.148817986119,186.418411254883,340
128,32.4565042785999,175.146212848735,186.418411254883,340
129,103.541089001709,181.824162732696,221.69645690918,340
130,275.865996443425,182.302457196944,221.69645690918,340
131,571.607351361694,184.73112554304,221.69645690918,340
132,829.286296435687,212.951163435671,221.69645690918,340
133,-57.7711522577834,213.017029809885,221.69645690918,328
134,351.09502347515,227.036237553836,221.69645690918,340
135,-90.0104847038427,214.664353988675,221.69645690918,314
136,212.459066655642,234.123659237336,221.69645690918,340
137,192.214058007978,240.08920246219,247.044525146484,340
138,411.833599982156,257.537975906686,247.044525146484,340
139,523.821772440922,280.194065001861,247.044525146484,340
140,1127.9664569588,304.381068190461,247.044525146484,340
141,747.122229699477,302.311927075895,247.044525146484,340
142,359.890291543742,312.586008166056,247.044525146484,340
143,933.361527991889,333.86146629301,247.044525146484,340
144,666.869424291783,358.50795323188,247.044525146484,340
145,427.336841987876,374.591250649034,301.124908447266,340
146,302.47678390897,389.948353236451,301.124908447266,340
147,471.489708450277,411.385682533989,301.124908447266,340
148,271.800973538592,400.979350302643,301.124908447266,340
149,312.684266628218,396.879769164046,301.124908447266,340
150,323.465768873525,386.261070445869,301.124908447266,340
151,280.058619818664,394.970389733484,301.124908447266,340
152,627.048984081413,408.318839955782,301.124908447266,340
153,539.449763048369,428.598570306573,343.913238525391,340
154,245.226094752016,434.265970536585,343.913238525391,340
155,140.255810880999,428.841563114088,343.913238525391,340
156,610.079780894906,430.380460295417,343.913238525391,340
157,471.264132654712,416.059573744178,343.913238525391,340
158,439.786356830974,435.961874107728,343.913238525391,340
159,794.776949007134,453.709151129007,343.913238525391,340
160,305.440064985108,469.527173116565,343.913238525391,340
161,330.593924754676,474.252567440527,378.306304931641,340
162,355.099196845038,480.767972994009,378.306304931641,340
163,21.6418219894099,465.160301874299,378.306304931641,340
164,270.946329840819,455.045284170295,378.306304931641,340
165,451.55211778426,427.988710603314,378.306304931641,340
166,587.349843641076,421.597815160978,378.306304931641,340
167,634.071407118599,432.565059783972,378.306304931641,340
168,15.3719241965675,395.845475632159,378.306304931641,340
169,568.943737586297,391.92844816394,410.199890136719,340
170,109.650642923017,379.221000201345,410.199890136719,340
171,852.839680553404,401.235516067123,410.199890136719,340
172,584.308849038678,405.748281690659,410.199890136719,340
173,135.828072447726,400.309365647024,410.199890136719,340
174,514.671051381753,408.388837037166,410.199890136719,340
175,621.514183273929,420.310773613182,410.199890136719,340
176,929.261760070859,446.278899223269,410.199890136719,340
177,-83.9800665349296,417.837737198616,433.105926513672,340
178,468.023223962297,414.980675635173,433.105926513672,340
179,336.273965573139,418.622590468018,433.105926513672,340
180,436.190230908294,430.45996726911,433.105926513672,340
181,583.751388977511,429.406831592414,433.105926513672,340
182,1080.25616349095,453.766512825864,433.105926513672,340
183,527.80952618085,457.287439599859,433.105926513672,340
184,897.934980981796,461.413760878845,433.105926513672,340
185,773.782692266454,480.147465970099,442.683746337891,340
186,733.404391195818,496.259884627744,442.683746337891,340
187,834.389870271777,515.431511564814,442.683746337891,340
188,628.35795031277,539.700156697748,442.683746337891,340
189,1492.44722736317,588.560192598643,442.683746337891,340
190,890.896225386248,606.133956902722,442.683746337891,340
191,589.224130452479,606.208928375178,442.683746337891,340
192,867.264498232359,615.536652019728,442.683746337891,340
193,1024.24969825264,655.891762981971,458.785522460938,340
194,1000.74858570288,673.163956906634,458.785522460938,340
195,753.064203001787,698.900499309785,458.785522460938,340
196,1053.68904022221,706.934473696537,458.785522460938,340
197,1069.68872902025,726.3496688958,458.785522460938,340
198,347.871872162045,734.831420884373,458.785522460938,340
199,597.842120393068,738.158263644826,458.785522460938,340
200,594.271777334918,737.068567407265,458.785522460938,340
201,1067.70020926626,742.606105375081,468.320465087891,340
202,1022.83849732311,786.878847929403,468.320465087891,340
203,1156.32917400915,814.411085931277,468.320465087891,340
204,1073.7641897792,843.91069489952,468.320465087891,340
205,511.677439709336,846.930183251561,468.320465087891,340
206,1003.78844536362,863.731665507006,468.320465087891,340
207,1232.67858604555,869.82856240919,468.320465087891,340
208,754.877077310002,878.911264454356,468.320465087891,340
209,765.565091628582,873.616468880227,482.494201660156,340
210,723.135901166877,871.590597236244,482.494201660156,340
211,1303.7518994192,894.404497565179,482.494201660156,340
212,961.105603218079,899.473126883031,482.494201660156,340
213,1087.55406006636,917.840971273175,482.494201660156,340
214,582.582718640926,881.446390924285,482.494201660156,340
215,636.06294164625,871.253059574685,482.494201660156,340
216,1274.72287149966,898.673009216573,482.494201660156,340
217,1023.66436325732,904.929003817571,498.719665527344,340
218,1155.13054696434,910.164237766039,498.719665527344,340
219,687.87944480234,897.649472130018,498.719665527344,340
220,766.361594724558,898.181367798929,498.719665527344,340
221,769.17462785681,886.800791304313,498.719665527344,340
222,1044.28360480959,885.784586335886,498.719665527344,340
223,943.846643570381,909.62357719222,498.719665527344,340
224,806.630855515364,917.975126597112,498.719665527344,340
225,1312.51075560177,946.704685727786,501.998626708984,340
226,842.628460137226,937.701815762624,501.998626708984,340
227,1180.51884582999,944.0090297029,501.998626708984,340
228,472.544954042798,916.657660904245,501.998626708984,340
229,1242.65528684005,923.413304786679,501.998626708984,340
230,652.950530194379,929.064228406081,501.998626708984,340
231,621.515333118261,913.773303916267,501.998626708984,340
232,1009.99237259076,904.865855378075,501.998626708984,340
233,1051.44601981049,916.728613078095,515.160278320312,340
234,938.442903493735,923.643725552701,515.160278320312,340
235,1233.79125323496,944.069939635424,515.160278320312,340
236,832.871198988723,925.234711618205,515.160278320312,340
237,1418.07417174301,943.513454359202,515.160278320312,340
238,1335.78842563787,953.442828982063,515.160278320312,340
239,1440.70407435043,987.767683210443,515.160278320312,340
240,1585.17115587327,1025.73201177952,515.160278320312,340
241,1154.64158027384,1020.92876013049,523.810974121094,340
242,1129.84185980056,1025.17585999222,523.810974121094,340
243,1154.42440136662,1025.14761416831,523.810974121094,340
244,1355.61541132907,1051.85705282938,523.810974121094,340
245,1450.12408320104,1079.20755236844,523.810974121094,340
246,1106.1744862324,1092.68754670346,523.810974121094,340
247,1222.39107664787,1099.81184557699,523.810974121094,340
248,1355.14790345303,1116.2638959723,523.810974121094,340
249,1223.04425737993,1132.92043204688,535.672302246094,340
250,1307.34405696266,1132.71376410132,535.672302246094,340
251,1088.29143531676,1142.5402831085,535.672302246094,340
252,1142.0119844839,1141.00000865466,535.672302246094,340
253,1250.86547938707,1172.13282966843,535.672302246094,340
254,1305.43821269445,1174.6441467026,535.672302246094,340
255,854.930745014373,1182.7233552954,535.672302246094,340
256,1104.54911391177,1202.04470652714,535.672302246094,340
257,1417.49351148896,1218.34475208307,545.537841796875,340
258,1254.37958596665,1226.46209472932,545.537841796875,340
259,687.281080650738,1216.4156218156,545.537841796875,340
260,1117.62907251384,1211.76913458675,545.537841796875,340
261,1307.71097135154,1230.76272548127,545.537841796875,340
262,1104.25622873654,1218.21000776101,545.537841796875,340
263,1603.32777442347,1228.91158171243,545.537841796875,340
264,911.181250635517,1207.73066876383,545.537841796875,340
265,1540.22344033582,1205.93276014234,555.950805664062,340
266,1308.30415690554,1212.0792632076,555.950805664062,340
267,1464.64800330621,1225.47150894783,555.950805664062,340
268,1470.25238248556,1238.10462819259,555.950805664062,340
269,1373.94724761359,1238.83790164397,555.950805664062,340
270,1464.86614611302,1239.42758416045,555.950805664062,340
271,1121.68069983587,1240.04783270459,555.950805664062,340
272,1331.86976731855,1244.42698033141,555.950805664062,340
273,1423.80740331625,1247.17336032594,564.656188964844,340
274,1521.38920142481,1259.10715808774,564.656188964844,340
275,1463.22202272754,1265.34227671833,564.656188964844,340
276,1545.30523562715,1283.62282873075,564.656188964844,340
277,1276.88756231247,1289.01785184389,564.656188964844,340
278,1639.29640821537,1304.55508899702,564.656188964844,340
279,1118.62313510672,1297.08248589351,564.656188964844,340
280,1528.64426238757,1324.03102658844,564.656188964844,340
281,1648.14341889923,1345.77479878794,578.2431640625,340
282,1369.64750060071,1343.86095835241,578.2431640625,340
283,1603.0267572653,1357.80684520436,578.2431640625,340
284,1488.20136466929,1389.8436565651,578.2431640625,340
285,1213.5053155264,1393.6787062856,578.2431640625,340
286,1582.8322156269,1404.68355605662,578.2431640625,340
287,1326.43385956704,1413.57066128984,578.2431640625,340
288,1484.00109541414,1408.79759412946,578.2431640625,340
289,1470.18858465661,1431.15788749031,591.575744628906,340
290,1341.58635183561,1423.2124039503,591.575744628906,340
291,1636.86188942755,1436.35471325118,591.575744628906,340
292,1465.53224648583,1436.39008297836,591.575744628906,340
293,1445.35154094626,1435.39404931679,591.575744628906,340
294,1581.31478220073,1443.68875070028,591.575744628906,340
295,1476.79019952108,1444.1657128366,591.575744628906,340
296,1476.80409396109,1458.37064860161,591.575744628906,340
297,1526.84015891671,1466.16946426553,601.213623046875,340
298,1322.60900947339,1462.12152851182,601.213623046875,340
299,1640.88056010854,1466.90118285917,601.213623046875,340
300,1425.4780082738,1465.39142228102,601.213623046875,340
301,1373.74728103616,1458.52910409738,601.213623046875,340
302,1644.56675163088,1473.23627167012,601.213623046875,340
303,1584.05172742952,1471.02648443868,601.213623046875,340
304,1571.53984181126,1489.14315270686,601.213623046875,340
305,1552.29354973724,1490.08912420085,612.646118164062,340
306,1779.93402249757,1495.36074834478,612.646118164062,340
307,1687.97639597766,1508.09390415986,612.646118164062,340
308,1481.89542022413,1503.24865067822,612.646118164062,340
309,1596.80036101132,1507.5926105319,612.646118164062,340
310,1181.44640742053,1506.31025420766,612.646118164062,340
311,1629.62009475462,1508.18176937277,612.646118164062,340
312,1580.0532976839,1518.32654689744,612.646118164062,340
313,1567.09066738946,1521.65012977646,617.508178710938,340
314,1603.2338722551,1526.9719412804,617.508178710938,340
315,1531.67436211673,1534.57546169164,617.508178710938,340
316,1617.44996781466,1533.79898482713,617.508178710938,340
317,1757.70208547136,1545.48577838655,617.508178710938,340
318,1758.16836120844,1557.99845119703,617.508178710938,340
319,1703.52246685484,1562.8867585832,617.508178710938,340
320,1476.16678421527,1562.86182197097,617.508178710938,340
321,1824.2283433274,1576.75879194562,620.398132324219,340
322,1665.26498185147,1582.29578486301,620.398132324219,340
323,1682.99984538119,1596.71141829932,620.398132324219,340
324,1534.23210143802,1592.4454799525,620.398132324219,340
325,1602.92694151648,1599.54343728221,620.398132324219,340
326,1731.51101938895,1613.85398681632,620.398132324219,340
327,1561.60307151957,1610.53543961187,620.398132324219,340
328,1538.84716122888,1608.72725696384,620.398132324219,340
329,1704.25442374564,1614.03584024122,627.020629882812,340
330,1448.70650062736,1609.89235827682,627.020629882812,340
331,1841.27102204678,1612.34583825879,627.020629882812,340
332,1772.63452095157,1615.73216325775,627.020629882812,340
333,1748.43132417859,1626.39359941592,627.020629882812,340
334,1488.70786246076,1622.0698994739,627.020629882812,340
335,1524.9074490997,1635.80834114107,627.020629882812,340
336,1878.80678584137,1645.77580878454,627.020629882812,340
337,1724.76764067099,1651.56438250402,630.15625,340
338,1796.72712981362,1660.74984100099,630.15625,340
339,1442.16277892879,1654.30699726794,630.15625,340
340,1337.69257463587,1646.5477257687,630.15625,340
341,1734.02268841333,1651.21063459265,630.15625,340
342,1583.94254625827,1644.26025302413,630.15625,340
343,1747.27139198509,1643.82437425519,630.15625,340
344,1816.45376375973,1648.34162613139,630.15625,340
345,1711.86641890564,1657.769611519,635.671997070312,340
346,1709.18652132521,1653.16793863891,635.671997070312,340
347,1566.2459429705,1649.20717708368,635.671997070312,340
348,1850.58481797022,1655.91057598724,635.671997070312,340
349,1387.23936828463,1650.0308666611,635.671997070312,340
350,1426.87698677966,1642.98886847163,635.671997070312,340
351,1693.8353668656,1641.48184237069,635.671997070312,340
352,1549.86521036731,1641.0123279246,635.671997070312,340
353,1679.28549284817,1646.62986118938,641.908264160156,340
354,1685.80270904141,1645.89179260121,641.908264160156,340
355,1746.82288041389,1657.81644779267,641.908264160156,340
356,1711.67278454165,1652.63251829246,641.908264160156,340
357,1684.00595458383,1649.08737563775,641.908264160156,340
358,1882.70768080384,1654.45842990276,641.908264160156,340
359,1806.03620872168,1667.1515637532,641.908264160156,340
360,1761.18420333828,1676.60263392274,641.908264160156,340
361,1908.15314807128,1677.77648841194,649.566711425781,340
362,1976.75066787737,1687.8558095002,649.566711425781,340
363,1875.03563039815,1690.98814952358,649.566711425781,340
364,1537.62432368177,1694.8066113137,649.566711425781,340
365,1707.98538472173,1709.61832371713,649.566711425781,340
366,1722.89848309436,1709.17335550437,649.566711425781,340
367,1747.71769366765,1715.72436140075,649.566711425781,340
368,1871.26653676248,1720.68416719184,649.566711425781,340
369,1765.5560289169,1718.64825779813,656.87939453125,340
370,1835.29738920971,1723.58549661029,656.87939453125,340
371,1955.47297901441,1733.43695491786,656.87939453125,340
372,1812.22217327948,1743.27600413022,656.87939453125,340
373,1946.10866611485,1747.096958056,656.87939453125,340
374,1954.78870713468,1769.79893161001,656.87939453125,340
375,2033.2739161933,1794.05480878655,656.87939453125,340
376,1838.05244981851,1799.82349210467,656.87939453125,340
377,2076.52172841963,1820.88975282676,661.613403320312,340
378,2089.03801213064,1837.27985359806,661.613403320312,340
379,1957.25485499517,1848.13793943621,661.613403320312,340
380,2043.28557097786,1859.99644705877,661.613403320312,340
381,2095.93823691318,1875.36706515363,661.613403320312,340
382,1990.43038121141,1887.62404221873,661.613403320312,340
383,2036.79354108241,1893.78747662988,661.613403320312,340
384,1763.4322647543,1892.08331887118,661.613403320312,340
385,1956.78631970868,1899.907403526,666.950317382812,340
386,2061.17401712084,1906.02823828798,666.950317382812,340
387,1980.66736244106,1906.18490607053,666.950317382812,340
388,2065.25217342179,1913.79356779147,666.950317382812,340
389,2174.95319370192,1939.28672259228,666.950317382812,340
390,2022.57978622261,1951.87049865231,666.950317382812,340
391,2132.95736828688,1968.27285406001,666.950317382812,340
392,1664.52073862102,1964.94497585815,666.950317382812,340
393,2147.17815825083,1975.98144071768,670.515014648438,340
394,2111.91923578561,1989.83596899243,670.515014648438,340
395,2144.08344463788,2002.18741120956,670.515014648438,340
396,2150.61770621291,2009.9932002975,670.515014648438,340
397,2066.63866767708,2020.1698600734,670.515014648438,340
398,1953.77579426001,2020.47654519921,670.515014648438,340
399,2091.01214933282,2025.92548288713,670.515014648438,340
400,2077.92704275853,2027.71160794974,670.515014648438,340
401,2214.77288544755,2042.78042537491,676.256530761719,340
402,2299.01290451393,2051.68007241868,676.256530761719,340
403,2167.80368023874,2054.830699143,676.256530761719,340
404,2084.94209418469,2059.93818871058,676.256530761719,340
405,2078.65286829057,2061.35288060309,676.256530761719,340
406,2242.95293376718,2067.23346847725,676.256530761719,340
407,2151.61513937091,2073.68085880363,676.256530761719,340
408,2274.50573121996,2083.18934640913,676.256530761719,340
409,2176.23189245145,2099.70133151702,679.131469726562,340
410,2251.52080069585,2111.49071075651,679.131469726562,340
411,2261.37486323258,2119.49874460097,679.131469726562,340
412,2267.30355580309,2130.96419233546,679.131469726562,340
413,2162.88396102723,2134.86946383967,679.131469726562,340
414,2068.68515686878,2130.61874236635,679.131469726562,340
415,2186.35975019109,2137.16994092509,679.131469726562,340
416,2097.34086256739,2135.74528069631,679.131469726562,340
417,2266.53655512282,2159.82591335638,683.066223144531,340
418,2230.57462600651,2163.16177206661,683.066223144531,340
419,2272.18956560929,2169.57258525955,683.066223144531,340
420,2262.21512961996,2174.29785265884,683.066223144531,340
421,2293.34885610507,2180.00709865452,683.066223144531,340
422,2220.98441126393,2186.180928398,683.066223144531,340
423,2254.08650312187,2198.19335675247,683.066223144531,340
424,2202.33380438178,2202.64622295443,683.066223144531,340
425,2298.95557766485,2211.48736435068,685.597900390625,340
426,2218.1471918325,2211.62233660608,685.597900390625,340
427,2267.84532302357,2210.37563334647,685.597900390625,340
428,2149.78842618147,2209.65502318418,685.597900390625,340
429,2281.28488873292,2217.50873496611,685.597900390625,340
430,2019.81583589947,2215.15525367046,685.597900390625,340
431,1998.4622733626,2205.37562725428,685.597900390625,340
432,1889.26885647966,2194.88177593863,685.597900390625,340
433,2196.12849883988,2191.74668664342,689.598388671875,340
434,2263.0979932129,2195.22133067388,689.598388671875,340
435,2134.03248747125,2190.5217981449,689.598388671875,340
436,2134.59462038287,2185.45058843091,689.598388671875,340
437,2143.07373303185,2180.48139552006,689.598388671875,340
438,2141.4365640593,2179.62349964134,689.598388671875,340
439,2163.11609197608,2183.40073704564,689.598388671875,340
440,2310.47038715076,2188.36516252402,689.598388671875,340
441,2236.85231477535,2193.94562061234,694.213195800781,340
442,2312.33516910551,2195.77756517165,694.213195800781,340
443,2114.65690541963,2191.14085634817,694.213195800781,340
444,2242.34601552062,2189.94711434463,694.213195800781,340
445,2218.1000370574,2188.18251064212,694.213195800781,340
446,2257.09672590486,2186.73242543412,694.213195800781,340
447,2239.94096392079,2187.49068754039,694.213195800781,340
448,2316.58461516499,2189.99061202211,694.213195800781,340
449,2114.69371420627,2186.48500841509,700.2314453125,340
450,2294.86068976589,2186.32121289914,700.2314453125,340
451,2360.97153977488,2192.03418681683,700.2314453125,340
452,2100.46164134839,2185.33883954982,700.2314453125,340
453,2297.95953314784,2191.26568382848,700.2314453125,340
454,2296.20928634269,2191.86265973287,700.2314453125,340
455,2258.66864282674,2201.41677200996,700.2314453125,340
456,2099.45986108132,2205.45667551871,700.2314453125,340
457,2342.19276613135,2223.57363190478,704.126098632812,340
458,2089.38524188138,2219.30390162644,704.126098632812,340
459,2292.37944509501,2220.47515970172,704.126098632812,340
460,2123.26020800928,2220.04426852324,704.126098632812,340
461,2259.6187136114,2225.04523225238,704.126098632812,340
462,2146.61203637168,2225.18676438598,704.126098632812,340
463,1987.61356690998,2219.0338445,704.126098632812,340
464,2303.00552404202,2224.62942178264,704.126098632812,340
465,2246.60812776101,2222.07493140705,708.721008300781,340
466,2330.39163888704,2225.81650437152,708.721008300781,340
467,2113.1357649655,2217.84852820592,708.721008300781,340
468,2253.13869806991,2223.38779991193,708.721008300781,340
469,2122.18249868598,2218.58125923854,708.721008300781,340
470,2282.51842073149,2221.15799458551,708.721008300781,340
471,2298.9318624373,2222.8314000468,708.721008300781,340
472,2124.59108071838,2218.21740471871,708.721008300781,340
473,2318.90766116833,2218.31032655884,709.672424316406,340
474,2325.37009199026,2226.7373816702,709.672424316406,340
475,2330.88261671144,2228.17825874802,709.672424316406,340
476,2333.29771122341,2227.07130560596,709.672424316406,340
477,2265.08883394302,2233.65639330975,709.672424316406,340
478,2337.23716484614,2235.22749857768,709.672424316406,340
479,2293.69199695385,2235.12680700213,709.672424316406,340
480,2304.23760533785,2236.94956550257,709.672424316406,340
481,2300.00059327985,2244.97119479051,711.438293457031,340
482,2317.63717682383,2243.98897121821,711.438293457031,340
483,2326.53681041661,2253.47503395962,711.438293457031,340
484,2282.49912252909,2253.07982105699,711.438293457031,340
485,2289.57458736772,2259.73239623132,711.438293457031,340
486,2330.03074630111,2262.54887753891,711.438293457031,340
487,2296.612312571,2268.54888858688,711.438293457031,340
488,2270.88325787007,2279.87967622529,711.438293457031,340
489,2323.57731485833,2280.70254785794,714.963500976562,340
490,2090.31687552328,2274.45089776843,714.963500976562,340
491,2163.24499715102,2267.76503209899,714.963500976562,340
492,2264.1989685531,2273.8075602425,714.963500976562,340
493,2305.44349633316,2275.89975217303,714.963500976562,340
494,2210.09465327956,2279.41623835677,714.963500976562,340
495,2292.92349347971,2279.8324412667,714.963500976562,340
496,1995.8019127191,2267.70724327797,714.963500976562,340
497,2358.49155885888,2277.06326240359,711.093994140625,340
498,2231.55698185877,2273.56923523121,711.093994140625,340
499,2168.68455732254,2267.3018138445,711.093994140625,340
500,2202.45577960519,2262.16474036025,711.093994140625,340
501,2244.07774537155,2258.59594172617,711.093994140625,340
502,2107.37858946008,2252.28753194686,711.093994140625,340
503,2072.60609820845,2241.70228928135,711.093994140625,340
504,2229.97900246015,2239.1537695016,711.093994140625,340
505,1975.56109537171,2226.00670910295,713.419494628906,340
506,2245.82228920545,2223.83957693998,713.419494628906,340
507,2271.17976774434,2221.9812805768,713.419494628906,340
508,2242.93789682005,2218.63732403294,713.419494628906,340
509,1875.47068476049,2202.35618652219,713.419494628906,340
510,2033.94296801997,2192.13092174828,713.419494628906,340
511,2228.79719631011,2188.08157974864,713.419494628906,340
512,2217.94691141455,2184.93496370238,713.419494628906,340
513,2312.74314142372,2186.60935904453,715.298278808594,340
514,2284.18154355901,2185.03352819256,715.298278808594,340
515,2124.4013754776,2186.39690819073,715.298278808594,340
516,2229.04946083237,2189.02908673798,715.298278808594,340
517,2162.12621782839,2184.946176709,715.298278808594,340
518,2232.4160161697,2182.02507750246,715.298278808594,340
519,1909.58769401293,2170.00479913179,715.298278808594,340
520,2266.61072475568,2168.95228838283,715.298278808594,340
521,2239.82825409548,2178.71334203789,718.451538085938,340
522,2223.86575054679,2173.3283097054,718.451538085938,340
523,2257.68699875274,2174.37351038116,718.451538085938,340
524,2165.58724718948,2174.24961797584,718.451538085938,340
525,2211.48041633783,2174.61060344515,718.451538085938,340
526,2272.00381263846,2175.72764613582,718.451538085938,340
527,2195.64155791602,2179.25816487406,718.451538085938,340
528,2201.96077531547,2184.43235195834,718.451538085938,340
529,2276.82928478503,2186.30636325134,720.871276855469,340
530,2328.34421714427,2200.41768812224,720.871276855469,340
531,2244.13249210735,2200.35009623832,720.871276855469,340
532,2224.02787862474,2198.46402067353,720.871276855469,340
533,2235.52235123154,2198.16739884999,720.871276855469,340
534,2175.5708317331,2210.17140472889,720.871276855469,340
535,2253.92463946056,2218.97067158652,720.871276855469,340
536,2167.39109730797,2216.51442762643,720.871276855469,340
537,2196.79352492909,2215.66829216701,730.263427734375,340
538,2204.14245363918,2211.32426465563,730.263427734375,340
539,2272.35384346787,2210.85115665199,730.263427734375,340
540,2129.49512358897,2211.05490657644,730.263427734375,340
541,2126.78808268789,2206.96445145066,730.263427734375,340
542,2193.40831811428,2208.2157354621,730.263427734375,340
543,2236.24885779083,2208.36904912694,730.263427734375,340
544,2116.96832952035,2216.66427454724,730.263427734375,340
545,2233.14595290493,2215.32568367321,731.199890136719,340
546,2209.61259973903,2214.11705749895,731.199890136719,340
547,2297.22313993641,2217.05135307454,731.199890136719,340
548,2212.28623922834,2215.23532269356,731.199890136719,340
549,2044.87731227384,2210.40692529693,731.199890136719,340
550,2271.28587533219,2212.79914365671,731.199890136719,340
551,2138.31878252944,2207.45174245235,731.199890136719,340
552,2232.42670176637,2208.92314820636,731.199890136719,340
553,2063.74572141693,2203.39454605042,730.671325683594,340
554,1939.72572929352,2189.91040383076,730.671325683594,340
555,2204.02873730126,2184.93778463704,730.671325683594,340
556,2180.46726677449,2182.39117562372,730.671325683594,340
557,2267.9086965622,2184.14640834122,730.671325683594,340
558,2232.2056749301,2184.01374128917,730.671325683594,340
559,2030.86342089018,2178.22544485545,730.671325683594,340
560,1926.63050936709,2165.13367965171,730.671325683594,340
561,2221.03099411668,2167.27927552406,732.256164550781,340
562,1887.57633701144,2154.91058800735,732.256164550781,340
563,1741.84494847413,2136.41868780075,732.256164550781,340
564,2035.08495549354,2126.92793228178,732.256164550781,340
565,1840.99304815911,2115.38784926458,732.256164550781,340
566,1979.95362361716,2109.51447090175,732.256164550781,340
567,1892.71791658448,2097.48685484056,732.256164550781,340
568,2169.23087047623,2094.80613534798,732.256164550781,340
569,1915.0273010344,2086.72849420854,737.206970214844,340
570,2166.89966130449,2084.07864254452,737.206970214844,340
571,2049.21728704049,2077.66283003658,737.206970214844,340
572,2174.36800735692,2072.7486247334,737.206970214844,340
573,2150.08850757526,2070.26071546728,737.206970214844,340
574,2157.62067514397,2074.77044998208,737.206970214844,340
575,2167.27077557079,2070.60984599163,737.206970214844,340
576,2184.11959220053,2072.44187837847,737.206970214844,340
577,2170.74077878561,2069.97444145924,739.409790039062,340
578,1859.86650071403,2061.81927263112,739.409790039062,340
579,2251.99869780167,2074.31019137145,739.409790039062,340
580,2256.36606228369,2076.40368437075,739.409790039062,340
581,2266.58856647973,2079.84853635896,739.409790039062,340
582,2336.40140295815,2082.58824461479,739.409790039062,340
583,2320.41619501243,2086.11666541809,739.409790039062,340
584,1904.19570320886,2081.04995671083,739.409790039062,340
585,2241.14786313815,2093.63065086168,738.449523925781,340
586,2136.11571252852,2090.23403959815,738.449523925781,340
587,2276.45268897496,2105.78909367669,738.449523925781,340
588,2226.05454766865,2125.15747764447,738.449523925781,340
589,2209.65242383633,2132.14017637818,738.449523925781,340
590,2079.67686541682,2141.68752906849,738.449523925781,340
591,2152.32751880948,2148.58248487619,738.449523925781,340
592,2317.33321767675,2165.56709691988,738.449523925781,340
593,2213.60520257105,2167.34207020367,738.304138183594,340
594,2400.31089955082,2186.75341414433,738.304138183594,340
595,2041.59318194666,2181.74115497001,738.304138183594,340
596,2160.89458874964,2186.20824703838,738.304138183594,340
597,2239.67305560709,2188.82044896839,738.304138183594,340
598,2060.65227622502,2185.24299971438,738.304138183594,340
599,2389.97078938259,2194.53700428392,738.304138183594,340
600,2290.21863239453,2199.45491855687,738.304138183594,340
601,2240.67770179358,2201.71724294059,739.106750488281,340
602,2304.37865742368,2207.06275808612,739.106750488281,340
603,2148.72830494968,2218.61723025554,739.106750488281,340
604,2344.69523317044,2222.32509167029,739.106750488281,340
605,2309.80207247465,2224.46253207793,739.106750488281,340
606,2291.39900834684,2225.45494975261,739.106750488281,340
607,2236.03977308507,2221.44048455769,739.106750488281,340
608,2354.31761472711,2222.79654134628,739.106750488281,340
609,2309.34983018382,2239.00270642528,735.401794433594,340
610,2371.99637528787,2244.23664691127,735.401794433594,340
611,2192.39044833651,2246.48763634359,735.401794433594,340
612,2267.23001072376,2246.11872921354,735.401794433594,340
613,2395.41893868751,2252.89330485429,735.401794433594,340
614,2352.78452731905,2258.6185889936,735.401794433594,340
615,2256.84083442977,2265.70514775412,735.401794433594,340
616,2036.54176145457,2261.07371745992,735.401794433594,340
617,2228.26656357427,2257.51105129582,731.136474609375,340
618,2240.63761487888,2258.59234778814,731.136474609375,340
619,2187.22948355703,2250.06909114839,731.136474609375,340
620,1992.34983944336,2248.09935744825,731.136474609375,340
621,2289.93093753408,2253.26081139963,731.136474609375,340
622,2181.57674396838,2250.93695893408,731.136474609375,340
623,2237.78467781598,2258.02225499772,731.136474609375,340
624,2252.74869205137,2252.53337110447,731.136474609375,340
625,2391.81108777035,2256.5970693195,732.705871582031,340
626,2371.52749268106,2261.831060955,732.705871582031,340
627,2213.27135084144,2258.18676869171,732.705871582031,340
628,2254.14390625445,2262.4033927439,732.705871582031,340
629,2419.7609517209,2265.40602148592,732.705871582031,340
630,2309.72176727845,2265.40280927807,732.705871582031,340
631,1987.40323337114,2253.24297827905,732.705871582031,340
632,2222.19725015464,2252.68927736183,732.705871582031,340
633,1962.6150229104,2237.02117368916,729.811279296875,340
634,2317.38455733416,2237.34256277518,729.811279296875,340
635,2136.61863197458,2227.92745304264,729.811279296875,340
636,2123.20333882119,2225.15996866203,729.811279296875,340
637,2243.8282990555,2224.2239001953,729.811279296875,340
638,2060.4053958882,2210.82335848333,729.811279296875,340
639,2237.9103634697,2206.22839192935,729.811279296875,340
640,1898.04109969049,2191.87640253978,729.811279296875,340
641,2096.35886434921,2194.26908665557,724.800720214844,340
642,2322.26819367645,2198.02915185966,724.800720214844,340
643,2306.61499422318,2200.66824703343,724.800720214844,340
644,2235.50419708578,2202.59923557458,724.800720214844,340
645,2315.51005704705,2215.52564427873,724.800720214844,340
646,2129.07590482388,2209.09144297032,724.800720214844,340
647,2417.06776748431,2218.51108391096,724.800720214844,340
648,2125.76586987987,2214.03033159351,724.800720214844,340
649,2187.13497065521,2211.40578273766,723.390686035156,340
650,2314.15784067115,2208.2996528537,723.390686035156,340
651,2208.96628812419,2201.79720467142,723.390686035156,340
652,2177.76526171986,2200.37696110656,723.390686035156,340
653,2016.29115110425,2190.86285090055,723.390686035156,340
654,2149.60888062949,2180.05676805689,723.390686035156,340
655,2357.57478239704,2181.97088866164,723.390686035156,340
656,2247.8841197736,2192.39012411774,723.390686035156,340
657,1953.59147783091,2181.64589322479,720.643127441406,340
658,2050.88088771098,2185.17652781681,720.643127441406,340
659,2251.57596252455,2182.54418402443,720.643127441406,340
660,2180.09147305392,2184.2830976676,720.643127441406,340
661,2262.25744059119,2189.8452617384,720.643127441406,340
662,2303.68619988493,2192.23957777158,720.643127441406,340
663,2070.21321278541,2192.63189044746,720.643127441406,340
664,2096.43393329111,2186.97283324032,720.643127441406,340
665,2267.42510048523,2201.74819327211,728.591491699219,340
666,2250.43751947843,2207.91133947728,728.591491699219,340
667,2188.66306381711,2202.56713428291,728.591491699219,340
668,2234.23234793745,2199.67182843148,728.591491699219,340
669,2357.31079076191,2204.54409217852,728.591491699219,340
670,2312.99178300912,2204.443361217,728.591491699219,340
671,2358.53522132214,2213.62173387693,728.591491699219,340
672,2051.0288472204,2198.98017706638,728.591491699219,340
673,2227.21806472151,2203.03826486004,730.168273925781,340
674,2268.14395334624,2206.27862416769,730.168273925781,340
675,2270.42399084789,2204.52927017476,730.168273925781,340
676,2107.81443516036,2200.4831960562,730.168273925781,340
677,2079.34751261623,2196.54648609206,730.168273925781,340
678,2213.88308475452,2204.45016343807,730.168273925781,340
679,2272.45793848691,2209.36412575236,730.168273925781,340
680,2159.77278164104,2201.45204572212,730.168273925781,340
681,1646.25870383819,2177.38702908471,732.289672851562,340
682,1794.73653148677,2171.03283123094,732.289672851562,340
683,2210.71819133739,2177.426323376,732.289672851562,340
684,1971.90735680401,2166.23957914718,732.289672851562,340
685,1665.01301011971,2145.63644062981,732.289672851562,340
686,1840.12208741915,2128.75102650293,732.289672851562,340
687,1924.7615316015,2113.59403977159,732.289672851562,340
688,1717.23031865742,2099.47472400647,732.289672851562,340
689,1990.12328895019,2095.22229823283,736.537170410156,340
690,1811.40155499958,2076.98135641341,736.537170410156,340
691,2031.42194578223,2068.22073346556,736.537170410156,340
692,1894.29432033978,2056.44598372647,736.537170410156,340
693,2250.72181024546,2057.10556221879,736.537170410156,340
694,1963.01786818383,2041.33384531566,736.537170410156,340
695,1834.95808792632,2022.21249751235,736.537170410156,340
696,2109.1751058641,2012.23809289403,736.537170410156,340
697,2069.72776975332,2012.98604979535,731.289428710938,340
698,2194.5894747068,2011.68090619476,731.289428710938,340
699,1883.86165070595,1996.30961408915,731.289428710938,340
700,2212.71006503921,1994.0010570568,731.289428710938,340
701,2041.68124814752,1991.35572957629,731.289428710938,340
702,1884.214756787,1983.55041934312,731.289428710938,340
703,2037.21811747311,1976.48382065186,731.289428710938,340
704,2159.82999659766,1971.97870297629,731.289428710938,340
705,2185.61551099552,1973.01241215047,727.843933105469,340
706,2348.00114802771,2001.08210991805,727.843933105469,340
707,2245.70776334976,2019.12095919257,727.843933105469,340
708,2284.21135849567,2022.0606858789,727.843933105469,340
709,2024.53935560944,2024.16596583112,727.843933105469,340
710,1879.9212623701,2032.76229592113,727.843933105469,340
711,2241.67238680902,2048.82430789673,727.843933105469,340
712,2045.2028742108,2053.6419616011,727.843933105469,340
713,2092.73145732174,2068.66200714767,724.227722167969,340
714,2218.22806288556,2077.78619810509,724.227722167969,340
715,1922.9720373583,2082.24901739944,724.227722167969,340
716,2124.85912370445,2085.98650451633,724.227722167969,340
717,2000.25968981612,2090.22511929538,724.227722167969,340
718,2181.78543521554,2087.46766429418,724.227722167969,340
719,2263.31749902699,2099.47964952791,724.227722167969,340
720,1984.36558724979,2105.45594950085,724.227722167969,340
721,1969.99776220951,2099.88885575466,724.084350585938,340
722,2148.54050028486,2103.04136497593,724.084350585938,340
723,1972.64797240663,2094.16370488392,724.084350585938,340
724,1724.14837811886,2087.77517398044,724.084350585938,340
725,2044.63580951157,2081.05220375933,724.084350585938,340
726,2226.28223627578,2088.43624328446,724.084350585938,340
727,2190.27045401054,2100.6784711734,724.084350585938,340
728,2181.3884952651,2106.44528628508,724.084350585938,340
729,1889.60397369319,2095.6362453689,719.887573242188,340
730,2171.40866876614,2095.06797167973,719.887573242188,340
731,1448.29244349738,2059.07962349851,719.887573242188,340
732,2016.65510086363,2049.91751699907,719.887573242188,340
733,1905.72527449346,2034.77807363898,719.887573242188,340
734,2342.00269675159,2047.47660728467,719.887573242188,340
735,2156.15990420214,2058.52615295795,719.887573242188,340
736,2212.42373578469,2057.35620691697,719.887573242188,340
737,2219.79686049566,2064.33996636837,713.039978027344,340
738,2161.20039238206,2067.07872377078,713.039978027344,340
739,2177.79004349159,2065.46120299502,713.039978027344,340
740,2270.58018218371,2079.36552878804,713.039978027344,340
741,2135.80562290748,2079.80338875616,713.039978027344,340
742,1959.25588553127,2078.16323658477,713.039978027344,340
743,2141.73776247193,2076.56132967502,713.039978027344,340
744,2185.35056322935,2073.44265224312,713.039978027344,340
745,2124.52378581562,2079.04898018575,713.496887207031,340
746,2035.60605149784,2081.67331175728,713.496887207031,340
747,2161.66045273366,2082.19810985523,713.496887207031,340
748,2300.70463090716,2095.32037619526,713.496887207031,340
749,1862.21414169273,2100.84300673821,713.496887207031,340
750,2153.01827431405,2105.17830533031,713.496887207031,340
751,2083.49334703314,2099.4667497606,713.496887207031,340
752,1732.44085746956,2081.15356589897,713.496887207031,340
753,2110.50109205663,2078.31806977063,718.083374023438,340
754,2052.23610802168,2084.82335514377,718.083374023438,340
755,2137.23605890232,2083.45645074921,718.083374023438,340
756,2182.63598022587,2112.83019221835,718.083374023438,340
757,2060.50409675272,2114.58415205392,718.083374023438,340
758,2097.2091486684,2122.24350702091,718.083374023438,340
759,2101.16185216764,2112.60987323756,718.083374023438,340
760,2106.35446021097,2110.61765547791,718.083374023438,340
761,2169.61031204213,2108.90511852821,724.291625976562,340
762,2067.99473486393,2102.83303350294,724.291625976562,340
763,2081.72697926069,2099.65409697808,724.291625976562,340
764,2128.7899480649,2097.69409316102,724.291625976562,340
765,2151.66893841714,2092.93764341035,724.291625976562,340
766,2078.70532492185,2090.65363149093,724.291625976562,340
767,1866.42887690988,2086.94055114607,724.291625976562,340
768,2110.18263213717,2085.67834593268,724.291625976562,340
769,2155.97707570651,2084.50340643177,723.253967285156,340
770,2139.14099115613,2085.08809464539,723.253967285156,340
771,2054.70451858662,2085.85203332894,723.253967285156,340
772,1967.53566316451,2078.08704174617,723.253967285156,340
773,2057.80158420987,2068.37091987828,723.253967285156,340
774,1971.38410942386,2072.73771858753,723.253967285156,340
775,2094.50120189379,2070.39703569072,723.253967285156,340
776,1925.49029887417,2064.07691376436,723.253967285156,340
777,2051.78740015155,2076.85077547164,732.42724609375,340
778,2057.07090016736,2074.71356779607,732.42724609375,340
779,2077.30093400989,2075.7161608356,732.42724609375,340
780,1928.47144855261,2067.36557642161,732.42724609375,340
781,2163.55959660662,2066.60252107684,732.42724609375,340
782,1680.92774887638,2051.41946716178,732.42724609375,340
783,2122.39760795764,2052.42700553335,732.42724609375,340
784,2059.00746240983,2050.74082994304,732.42724609375,340
785,2104.66274966054,2050.67316152102,741.704772949219,340
786,2005.52380278071,2044.10970115057,741.704772949219,340
787,2109.81887043397,2045.78266657337,741.704772949219,340
788,2158.40578559902,2048.8498188269,741.704772949219,340
789,1795.91584802051,2035.53485482513,741.704772949219,340
790,2121.70881316155,2034.3364498149,741.704772949219,340
791,2052.54837019271,2033.29017162574,741.704772949219,340
792,2121.83096361922,2043.50625509411,741.704772949219,340
793,2124.65529955059,2044.08516179065,742.841552734375,340
794,1937.62339736109,2035.35101465683,742.841552734375,340
795,2071.89923251211,2032.66134431107,742.841552734375,340
796,1917.63399979628,2027.17852355946,742.841552734375,340
797,2122.23294800786,2033.36641495319,742.841552734375,340
798,1837.08844640265,2024.5378894409,742.841552734375,340
799,1725.72205782917,2014.71140737711,742.841552734375,340
800,2012.06151830445,2011.41382003354,742.841552734375,340
801,2064.75613772378,2016.98445358752,747.066772460938,340
802,1985.93986303978,2014.35055210305,747.066772460938,340
803,2076.04979772028,2015.10970800517,747.066772460938,340
804,2108.85192547964,2016.37174766396,747.066772460938,340
805,2041.81034223537,2020.90530341127,747.066772460938,340
806,1988.23106803855,2013.89216226855,747.066772460938,340
807,2051.90989772344,2028.73144822243,747.066772460938,340
808,1968.44133266986,2022.57319721092,747.066772460938,340
809,2045.80930469429,2022.0452709023,749.96044921875,340
810,1907.68181684458,2014.16603358966,749.96044921875,340
811,1919.01472182494,2010.70567035143,749.96044921875,340
812,2088.38165133412,2009.84818158743,749.96044921875,340
813,1990.08699165304,2003.11542982959,749.96044921875,340
814,2093.11015085064,2015.0032019428,749.96044921875,340
815,2046.08154332069,2011.97811114917,749.96044921875,340
816,1866.4774310226,2004.53527358236,749.96044921875,340
817,1765.02774771132,1990.26314494605,750.78515625,340
818,2102.23674781668,1989.36640287669,750.78515625,340
819,1898.34512364821,1987.79527192817,750.78515625,340
820,2173.91323044868,1991.87583184564,750.78515625,340
821,2135.67949186078,2000.59765152822,750.78515625,340
822,2079.3538271669,1998.88248669458,750.78515625,340
823,1723.81103729891,1994.35139033043,750.78515625,340
824,2126.00208431791,2010.36259138998,750.78515625,340
825,2172.22906301396,2016.76929317836,748.2802734375,340
826,2165.50615790087,2020.79929398544,748.2802734375,340
827,1959.81096332922,2019.75413799702,748.2802734375,340
828,2003.56479658971,2016.8547379518,748.2802734375,340
829,2158.49332916359,2018.84039409915,748.2802734375,340
830,1882.05316402952,2012.45010697092,748.2802734375,340
831,2142.52374599698,2018.62181408926,748.2802734375,340
832,1987.99823197423,2016.06534745929,748.2802734375,340
833,2177.92536062238,2024.44470857739,753.569885253906,340
834,1964.4707831425,2021.19116771532,753.569885253906,340
835,1949.63436835817,2022.86926977586,753.569885253906,340
836,1977.17075655064,2025.19551116489,753.569885253906,340
837,2111.48098048914,2026.11948433109,753.569885253906,340
838,2164.57784978088,2033.0991186562,753.569885253906,340
839,2166.4707763636,2036.03354367672,753.569885253906,340
840,2226.19205936183,2043.23796431837,753.569885253906,340
841,2173.18186387731,2055.50614163256,750.537658691406,340
842,2120.80793992349,2069.73734932104,750.537658691406,340
843,2092.04824539868,2069.32980922432,750.537658691406,340
844,2203.29082344943,2081.52763721637,750.537658691406,340
845,2007.64697232594,2074.87698689146,750.537658691406,340
846,2181.02838729348,2076.69094270877,750.537658691406,340
847,2229.33448592891,2082.69016905925,750.537658691406,340
848,2158.92793756504,2100.0948450699,750.537658691406,340
849,1987.76280953569,2094.56527407861,740.06298828125,340
850,2165.04260522831,2094.27781576718,740.06298828125,340
851,2203.54148232074,2095.79922874398,740.06298828125,340
852,2186.6969477864,2104.87466812226,740.06298828125,340
853,2019.75708700999,2105.52235973907,740.06298828125,340
854,2161.69009218221,2105.65023025982,740.06298828125,340
855,2053.21268560853,2112.49661112298,740.06298828125,340
856,2185.93879309076,2114.23321300673,740.06298828125,340
857,2162.98229086742,2121.23257536246,738.241760253906,340
858,2140.03158123113,2119.71682418681,738.241760253906,340
859,2139.50523628681,2126.71820231258,738.241760253906,340
860,2243.98305695614,2138.4921498565,738.241760253906,340
861,2016.38994888563,2140.0609175499,738.241760253906,340
862,2003.7186701769,2135.75042513741,738.241760253906,340
863,2156.53801751324,2135.4288318467,738.241760253906,340
864,2139.06631155485,2134.33265325436,738.241760253906,340
865,2295.62916722885,2137.11013756904,739.414245605469,340
866,2375.68966051744,2145.21044943464,739.414245605469,340
867,2332.95735979684,2153.69642622957,739.414245605469,340
868,2309.74512232795,2162.40430130675,739.414245605469,340
869,2283.25908645747,2165.60303182707,739.414245605469,340
870,2386.47022459555,2180.75596191785,739.414245605469,340
871,2233.45883490397,2182.85317982227,739.414245605469,340
872,2180.44137289136,2180.89745530077,739.414245605469,340
873,2233.41342219729,2183.87687468606,738.336669921875,340
874,2295.25621404457,2196.17661086641,738.336669921875,340
875,2255.11171217919,2199.77937514445,738.336669921875,340
876,1902.2369818755,2187.72719512664,738.336669921875,340
877,2213.71894830324,2188.80807514731,738.336669921875,340
878,2212.52879417036,2196.51894343373,738.336669921875,340
879,2216.24884612604,2198.70129359148,738.336669921875,340
880,2195.46976302991,2204.39157668834,738.336669921875,340
881,2304.91177821074,2209.15049609314,733.938781738281,340
882,2212.29676485449,2211.12307505262,733.938781738281,340
883,2217.26218388863,2214.21229915892,733.938781738281,340
884,2246.19059133062,2218.47971336067,733.938781738281,340
885,2226.41208403272,2217.77687444373,733.938781738281,340
886,2244.7447659201,2226.91106712511,733.938781738281,340
887,2268.0454390604,2237.48413788045,733.938781738281,340
888,1872.83505041133,2226.13601919638,733.938781738281,340
889,2236.62723813406,2230.03845625955,737.518859863281,340
890,2253.51748313113,2228.35398889564,737.518859863281,340
891,2317.5862030851,2226.02985059834,737.518859863281,340
892,2324.79586991372,2225.70339100302,737.518859863281,340
893,2325.40423143604,2226.32975536734,737.518859863281,340
894,2346.82126530341,2228.87224252118,737.518859863281,340
895,2256.66654335485,2223.68009527155,737.518859863281,340
896,2278.05952511398,2225.46412287995,737.518859863281,340
897,2257.04948874893,2228.52844751425,734.791320800781,340
898,2219.0427305894,2227.95361984994,734.791320800781,340
899,2162.24567681287,2222.63319836067,734.791320800781,340
900,2158.17006345999,2218.7555324119,734.791320800781,340
901,2169.53770531306,2229.44756134941,734.791320800781,340
902,2358.45883841383,2235.23715695383,734.791320800781,340
903,2299.1280352835,2238.70112659835,734.791320800781,340
904,2218.24792844531,2238.78108989112,734.791320800781,340
905,2250.04250588847,2240.96399960547,731.077026367188,340
906,2138.720071358,2234.31633133136,731.077026367188,340
907,2225.08289179606,2234.82777640902,731.077026367188,340
908,2287.52697552348,2237.63836807441,731.077026367188,340
909,2283.04007170408,2239.11234728935,731.077026367188,340
910,2255.87173742657,2240.29073342511,731.077026367188,340
911,2246.22592537204,2240.34997980318,731.077026367188,340
912,2204.66045934547,2237.81458061459,731.077026367188,340
913,2138.88482962146,2248.45657178299,734.955932617188,340
914,2292.05978518953,2250.67387366521,734.955932617188,340
915,2249.70596100286,2250.52141278008,734.955932617188,340
916,2272.34185282392,2248.71163876963,734.955932617188,340
917,2182.76198076007,2243.03028320349,734.955932617188,340
918,2147.0973425951,2235.89800764985,734.955932617188,340
919,2372.31517889903,2236.91776419367,734.955932617188,340
920,2271.2011238968,2237.49914741535,734.955932617188,340
921,2153.32982871724,2232.50995955948,741.320617675781,340
922,2116.97806700806,2226.90710268985,741.320617675781,340
923,2244.49322092192,2227.92512230315,741.320617675781,340
924,2234.41116151613,2230.81174169128,741.320617675781,340
925,2311.17641896458,2236.93199591146,741.320617675781,340
926,2290.0323988083,2241.75178365127,741.320617675781,340
927,2204.45271835893,2235.59153884908,741.320617675781,340
928,2299.23530453087,2235.59582961897,741.320617675781,340
929,2254.17558367493,2237.03293582816,742.780029296875,340
930,2282.83880190813,2238.34478766894,742.780029296875,340
931,2165.30704744691,2239.4082667125,742.780029296875,340
932,2291.30295630062,2242.05706929268,742.780029296875,340
933,2324.34794113699,2243.52990791722,742.780029296875,340
934,2281.67424683505,2243.47527492246,742.780029296875,340
935,2339.01020390624,2246.80081358165,742.780029296875,340
936,2345.4088519861,2250.76813064621,742.780029296875,340
937,2253.87593365283,2252.7367496185,746.383972167969,340
938,2249.62948148901,2257.16653569321,746.383972167969,340
939,2258.57550443704,2255.82716446311,746.383972167969,340
940,2387.29956235234,2261.33090851709,746.383972167969,340
941,2280.38574143084,2261.65266406136,746.383972167969,340
942,2274.28660947337,2265.31364920989,746.383972167969,340
943,2206.65446194171,2267.69593398376,746.383972167969,340
944,2299.62297506009,2264.7882458302,746.383972167969,340
945,2333.60194387581,2267.28427862936,749.467590332031,340
946,2281.06456087304,2272.39366791559,749.467590332031,340
947,2316.83209108144,2280.38782887853,749.467590332031,340
948,2291.82894779039,2282.28125795327,749.467590332031,340
949,2170.02616737444,2279.7058581876,749.467590332031,340
950,2328.04935631962,2280.3807756818,749.467590332031,340
951,2323.00028023512,2281.69949093887,749.467590332031,340
952,2388.93793679109,2289.07889967616,749.467590332031,340
953,2279.43577310268,2288.28691841903,746.487976074219,340
954,2270.99127756554,2288.95954617466,746.487976074219,340
955,2285.26064476593,2289.05641988897,746.487976074219,340
956,2381.71629506726,2297.71278979378,746.487976074219,340
957,2395.97736911847,2301.8997663065,746.487976074219,340
958,2317.65704439818,2301.63213043694,746.487976074219,340
959,2231.88877875406,2299.64071171371,746.487976074219,340
960,2254.48205774917,2296.25958586742,746.487976074219,340
961,2322.92117228409,2295.36007867934,746.03564453125,340
962,2258.72554060717,2295.55406295752,746.03564453125,340
963,2253.78098776362,2295.7201232085,746.03564453125,340
964,2350.87885504942,2299.412257233,746.03564453125,340
965,2146.25822278956,2289.77060365048,746.03564453125,340
966,2186.31004740321,2286.00757588938,746.03564453125,340
967,2324.63761616221,2288.02161615693,746.03564453125,340
968,2306.13376259595,2292.0007881831,746.03564453125,340
969,2190.87406613056,2287.65083182592,746.763610839844,340
970,2332.0187287616,2287.58750322135,746.763610839844,340
971,2217.13959665574,2285.03050465266,746.763610839844,340
972,2269.22349810208,2283.12616093349,746.763610839844,340
973,2302.86021567652,2283.56741164893,746.763610839844,340
974,2233.61996468527,2286.11116354136,746.763610839844,340
975,2054.62480389113,2275.17418144423,746.763610839844,340
976,2317.86149004468,2274.96862983661,746.763610839844,340
977,2216.41436800097,2268.067687085,747.564392089844,340
978,2353.27349080529,2271.02119579311,747.564392089844,340
979,2334.11311457388,2273.54606927344,747.564392089844,340
980,2228.2294355847,2271.26482090619,747.564392089844,340
981,2342.36160900056,2269.69063346352,747.564392089844,340
982,2275.016134889,2264.85218409435,747.564392089844,340
983,2260.36881849556,2262.56065505824,747.564392089844,340
984,2288.4385867041,2264.82264737624,747.564392089844,340
985,2324.63171279776,2267.62863357819,748.559692382812,340
986,2317.14401297567,2267.39754720585,748.559692382812,340
987,2262.23919470616,2267.53809336981,748.559692382812,340
988,2159.26827634514,2263.75758491307,748.559692382812,340
989,2285.16944342333,2261.12920844803,748.559692382812,340
990,2252.98130204993,2265.39813161844,748.559692382812,340
991,2117.38660284921,2262.64119383628,748.559692382812,340
992,2163.54495914518,2256.1974875556,748.559692382812,340
993,2171.17390069454,2250.79909307954,751.637573242188,340
994,2281.65930473725,2254.43050262381,751.637573242188,340
995,2129.47165465018,2246.32861965935,751.637573242188,340
996,2289.26074223925,2249.21346548269,751.637573242188,340
997,2208.52679552773,2246.78559737972,751.637573242188,340
998,2260.48250264504,2245.09048885846,751.637573242188,340
999,2277.60734939081,2246.84998424668,751.637573242188,340
1000,2218.55170099317,2253.40706013076,751.637573242188,340
1001,2107.16089131122,2244.97903618143,749.107666015625,340
1002,2247.30068328194,2246.21448879266,749.107666015625,340
1003,2153.98591087175,2238.24298559532,749.107666015625,340
1004,2292.19118132576,2236.5661082654,749.107666015625,340
1005,2255.47119862745,2237.65577878711,749.107666015625,340
1006,2238.41614271193,2233.49796013556,749.107666015625,340
1007,2253.19918940098,2232.62528231604,749.107666015625,340
1008,2290.34210032638,2233.82421358927,749.107666015625,340
1009,2325.84586476981,2235.3205047119,746.59326171875,340
1010,2229.85382096595,2231.52938903863,746.59326171875,340
1011,2374.19994428797,2233.81162629112,746.59326171875,340
1012,2325.12567124493,2236.32708535267,746.59326171875,340
1013,2238.65688637269,2239.50262975378,746.59326171875,340
1014,2271.09580468811,2238.93968420437,746.59326171875,340
1015,2169.32282321546,2235.59334505099,746.59326171875,340
1016,2378.3367175174,2246.03134963772,746.59326171875,340
1017,2176.13607830832,2246.53499440424,739.256652832031,340
1018,2160.30314553792,2246.10016419798,739.256652832031,340
1019,2297.60799472473,2246.73811179748,739.256652832031,340
1020,2310.75524062169,2253.98945523634,739.256652832031,340
1021,2299.27622937652,2254.39007472183,739.256652832031,340
1022,2182.92265012329,2253.36590890565,739.256652832031,340
1023,2243.53698201027,2252.68808808026,739.256652832031,340
1024,2167.4074582445,2248.28009243441,739.256652832031,340
1025,2209.87871787649,2247.93317310974,735.607482910156,340
1026,2227.83645960251,2252.76019584139,735.607482910156,340
1027,2199.37078514935,2250.84299991609,735.607482910156,340
1028,2133.49202201506,2250.02324436182,735.607482910156,340
1029,2179.15976935268,2245.5019878829,735.607482910156,340
1030,2181.60699265789,2242.54741964411,735.607482910156,340
1031,1997.11744824381,2232.89547186539,735.607482910156,340
1032,2157.23567646231,2229.05693134784,735.607482910156,340
1033,2216.95275188357,2226.12135741013,737.217712402344,340
1034,2310.35251659689,2225.50162348321,737.217712402344,340
1035,2389.12015507234,2231.87227684747,737.217712402344,340
1036,2269.28937671794,2227.67585414467,737.217712402344,340
1037,2190.84831051613,2222.30475971551,737.217712402344,340
1038,2151.34910851849,2218.81244860135,737.217712402344,340
1039,2289.66337376829,2219.55515136455,737.217712402344,340
1040,2267.49650733336,2223.48209872927,737.217712402344,340
1041,2298.10594403222,2220.27286778986,733.810119628906,340
1042,2307.06503074019,2225.51002588714,733.810119628906,340
1043,2201.8427040223,2227.17160822651,733.810119628906,340
1044,2157.90541630325,2221.58350508965,733.810119628906,340
1045,2271.05279915299,2219.9954074309,733.810119628906,340
1046,2300.53823609943,2220.04588769982,733.810119628906,340
1047,2238.4828475849,2222.26829559829,733.810119628906,340
1048,2286.36500478412,2223.98141650924,733.810119628906,340
1049,2279.38216319135,2228.46040470711,733.720520019531,340
1050,2194.38874244322,2227.84080568978,733.720520019531,340
1051,2344.43562716458,2232.50477239227,733.720520019531,340
1052,2315.60567942929,2237.15416816346,733.720520019531,340
1053,2307.57255712863,2244.11738956801,733.720520019531,340
1054,2253.50940626163,2247.09137504436,733.720520019531,340
1055,2255.33955629947,2250.04067759003,733.720520019531,340
1056,2217.6849836134,2258.86337900481,733.720520019531,340
1057,2323.19641446135,2265.50180852477,734.556396484375,340
1058,2265.86254337909,2267.45820018459,734.556396484375,340
1059,2312.25090338489,2267.53413565611,734.556396484375,340
1060,2261.82951671873,2262.44251012197,734.556396484375,340
1061,2379.92345344744,2266.86787319115,734.556396484375,340
1062,2316.43747958293,2271.89143995382,734.556396484375,340
1063,2316.81437130454,2278.51005046526,734.556396484375,340
1064,2245.50376880179,2276.7436662666,734.556396484375,340
1065,2392.08873239506,2281.72735526907,733.636413574219,340
1066,2349.29276616546,2283.7748281544,733.636413574219,340
1067,2384.83172906638,2286.88549608745,733.636413574219,340
1068,2273.05552826646,2289.73400905721,733.636413574219,340
1069,2165.99226192782,2290.0574828822,733.636413574219,340
1070,2394.2854370892,2294.98678839965,733.636413574219,340
1071,2331.03823813876,2296.20678848122,733.636413574219,340
1072,2221.79114109101,2295.53912022146,733.636413574219,340
1073,2219.90314945254,2292.8806460082,731.739379882812,340
1074,2331.02396787217,2294.94631819543,731.739379882812,340
1075,2301.30849724366,2299.22310838745,731.739379882812,340
1076,2323.68639181499,2298.39313897347,731.739379882812,340
1077,2255.553959745,2295.9910701861,731.739379882812,340
1078,2156.71656676441,2289.95683057153,731.739379882812,340
1079,2326.0541671408,2292.85862100669,731.739379882812,340
1080,2341.04708790155,2296.28692227078,731.739379882812,340
1081,2388.70339189308,2303.12765860196,731.54931640625,340
1082,2406.46630915012,2306.45845438952,731.54931640625,340
1083,2265.83775567118,2306.4574628812,731.54931640625,340
1084,2337.19959203746,2307.4554104273,731.54931640625,340
1085,2362.81789209523,2311.49494544236,731.54931640625,340
1086,2313.17262853274,2308.82491244577,731.54931640625,340
1087,2349.37417817564,2310.14238038948,731.54931640625,340
1088,2253.6337465657,2307.61515539993,731.54931640625,340
1089,2161.5211208675,2304.25584948256,731.115173339844,340
1090,2323.97811559215,2301.53142481044,731.115173339844,340
1091,2343.71965625189,2301.3085004139,731.115173339844,340
1092,2257.48742103138,2296.2147280925,731.115173339844,340
1093,2381.05745369907,2300.5348051098,731.115173339844,340
1094,2389.68723585853,2309.48260406703,731.115173339844,340
1095,2351.85370227508,2307.78533467447,731.115173339844,340
1096,2343.97186538922,2308.30267976448,731.115173339844,340
1097,2165.2011808585,2306.03908135518,735.512145996094,340
1098,2284.79790578268,2308.63487160839,735.512145996094,340
1099,2242.07901285565,2305.07707340773,735.512145996094,340
1100,2057.60656600323,2295.32899615811,735.512145996094,340
1101,2373.68549760362,2297.32896038966,735.512145996094,340
1102,2188.43206217062,2294.64408448668,735.512145996094,340
1103,2148.26138545674,2294.30587723437,735.512145996094,340
1104,2161.74709021262,2287.73359415725,735.512145996094,340
1105,2313.54790367219,2286.63362678807,734.255432128906,340
1106,2206.1616605922,2279.33195753604,734.255432128906,340
1107,2280.43577984803,2274.29073636395,734.255432128906,340
1108,2204.19100511548,2271.82486634173,734.255432128906,340
1109,2275.58564675439,2269.3603085304,734.255432128906,340
1110,2217.03673539645,2263.52906226245,734.255432128906,340
1111,2295.51369396688,2262.82270487982,734.255432128906,340
1112,2365.56486662295,2263.47033241771,734.255432128906,340
1113,2273.50450117358,2264.26516260203,732.499816894531,340
1114,2411.30385025232,2274.25647177742,732.499816894531,340
1115,2347.31681808395,2275.19001987709,732.499816894531,340
1116,2262.3867373277,2271.93670312012,732.499816894531,340
1117,2318.43690717475,2274.37468256586,732.499816894531,340
1118,2340.16329932882,2272.73891639105,732.499816894531,340
1119,2159.62259427601,2263.53633072775,732.499816894531,340
1120,2173.8388782713,2256.4157377676,732.499816894531,340
1121,2341.20520197099,2256.30507123087,731.976745605469,340
1122,2365.28067632259,2264.30825104943,731.976745605469,340
1123,2365.82414679408,2267.54930068989,731.976745605469,340
1124,2314.37210624094,2270.4410244253,731.976745605469,340
1125,2301.93253888022,2280.21406334038,731.976745605469,340
1126,2298.88678184164,2277.2221147099,731.976745605469,340
1127,2331.12344238418,2282.92976991844,731.976745605469,340
1128,2341.74964237216,2290.66930019506,731.976745605469,340
1129,2224.91908531318,2293.19617999908,727.780578613281,340
1130,2380.27372858819,2295.86521299572,727.780578613281,340
1131,2170.99440790417,2294.4585228882,727.780578613281,340
1132,2182.45511185201,2290.53929616836,727.780578613281,340
1133,2227.57116137895,2291.4745024189,727.780578613281,340
1134,2198.59165066473,2288.39474257531,727.780578613281,340
1135,2136.15697776251,2285.15955226995,727.780578613281,340
1136,2371.75691745904,2288.20928120964,727.780578613281,340
1137,2318.7670215731,2286.33736740765,727.294067382812,340
1138,2196.13962855897,2283.24277250306,727.294067382812,340
1139,2156.08928190322,2273.0341897691,727.294067382812,340
1140,2138.51133107507,2264.68197028874,727.294067382812,340
1141,2344.99034756217,2267.98611469812,727.294067382812,340
1142,2250.6971142284,2265.27652298027,727.294067382812,340
1143,2255.13325710258,2261.87532129122,727.294067382812,340
1144,2148.11619820454,2261.41506544836,727.294067382812,340
1145,2347.79408635344,2268.37327377164,731.580261230469,340
1146,2371.35806454985,2269.5793882748,731.580261230469,340
1147,2378.70290302433,2270.11627734287,731.580261230469,340
1148,2285.6367455689,2266.90878129386,731.580261230469,340
1149,2389.98598536983,2269.93333645902,731.580261230469,340
1150,2354.14147247155,2272.02169380267,731.580261230469,340
1151,2320.85708882394,2272.90050608196,731.580261230469,340
1152,2301.2759571771,2271.70660667368,731.580261230469,340
1153,2384.24998690697,2273.40662045507,732.571655273438,340
1154,2397.30632210623,2280.30210992679,732.571655273438,340
1155,2372.17845605609,2279.97829902551,732.571655273438,340
1156,2380.86035335271,2288.37293684345,732.571655273438,340
1157,2361.10344966002,2295.51887035577,732.571655273438,340
1158,2271.50871628526,2297.27637255202,732.571655273438,340
1159,2286.82608683805,2300.80574999896,732.571655273438,340
1160,2333.33252797278,2308.69277200737,732.571655273438,340
1161,2348.40988602475,2307.75889074999,729.426879882812,340
1162,2350.46989057979,2309.02700551026,729.426879882812,340
1163,2357.84692256332,2315.49529727044,729.426879882812,340
1164,2138.70532298465,2314.79993891369,729.426879882812,340
1165,2350.21791411774,2323.2682022354,729.426879882812,340
1166,2358.02912825137,2323.78975346297,729.426879882812,340
1167,2374.30111531342,2328.73391350637,729.426879882812,340
1168,2322.00619671641,2331.40883109092,729.426879882812,340
1169,2387.40552706937,2340.98040424552,727.830810546875,340
1170,2240.47649350911,2336.68770053174,727.830810546875,340
1171,2188.39180671798,2329.36905021847,727.830810546875,340
1172,2367.72712361668,2328.93001904216,727.830810546875,340
1173,2363.20759381842,2332.03285297214,727.830810546875,340
1174,2378.01112463836,2331.55385854288,727.830810546875,340
1175,2253.90030958418,2327.54421202739,727.830810546875,340
1176,2354.34182303853,2328.88360139597,727.830810546875,340
1177,2326.33429871293,2329.88593505741,725.454345703125,340
1178,2266.25699570537,2325.16621540934,725.454345703125,340
1179,2162.12713377937,2315.75904787627,725.454345703125,340
1180,2067.83406609788,2303.58527227794,725.454345703125,340
1181,2371.19521420665,2303.1986667121,725.454345703125,340
1182,2368.84888760875,2303.50848423005,725.454345703125,340
1183,2368.39464367333,2307.38392132557,725.454345703125,340
1184,2141.51970183801,2301.57166592557,725.454345703125,340
1185,2199.73291069128,2296.22768123431,725.159790039062,340
1186,2103.7058962062,2286.43952164156,725.159790039062,340
1187,2341.82677438924,2286.09379699394,725.159790039062,340
1188,2352.35308154664,2285.87404335327,725.159790039062,340
1189,2274.82697878902,2291.31890958545,725.159790039062,340
1190,2302.23628555422,2289.39964444291,725.159790039062,340
1191,2304.31999194334,2287.25127899059,725.159790039062,340
1192,2356.36403727545,2286.53379586907,725.159790039062,340
1193,2346.17493651782,2287.50054546113,727.009704589844,340
1194,2337.29465683618,2285.4961106518,727.009704589844,340
1195,2317.1762391041,2288.5641004756,727.009704589844,340
1196,2351.00938537566,2295.0688036219,727.009704589844,340
1197,2354.70318568399,2294.5478461046,727.009704589844,340
1198,2364.01706134301,2294.58022480558,727.009704589844,340
1199,2261.60909461119,2289.92414360449,727.009704589844,340
1200,2230.62384787139,2288.99308513598,727.009704589844,340
1201,2272.86304064519,2285.73393384025,729.91796875,340
1202,2363.07897705239,2287.20372097383,729.91796875,340
1203,2346.66301860959,2290.41996189,729.91796875,340
1204,2361.98239982832,2298.41417253195,729.91796875,340
1205,2380.56524855406,2310.9234198302,729.91796875,340
1206,2338.56203408553,2309.61809262536,729.91796875,340
1207,2354.14413434984,2309.029902495,729.91796875,340
1208,2367.29911749075,2308.9860814477,729.91796875,340
1209,2371.7154448577,2318.19391116848,730.722900390625,340
1210,2360.00264389469,2324.60470049662,730.722900390625,340
1211,2373.75392162098,2335.40662151321,730.722900390625,340
1212,2322.10105084956,2334.61759257162,730.722900390625,340
1213,2346.44243178934,2334.38116658133,730.722900390625,340
1214,2355.43637621858,2337.60554247851,730.722900390625,340
1215,2299.85510015771,2337.51029506265,730.722900390625,340
1216,2379.21092431064,2340.50593235735,730.722900390625,340
1217,2229.90550561552,2335.44759109095,732.742919921875,340
1218,2310.67671009824,2334.02766203417,732.742919921875,340
1219,2345.62101284604,2334.36071627456,732.742919921875,340
1220,2227.48320002977,2330.77299471159,732.742919921875,340
1221,2357.91412483094,2331.0491842898,732.742919921875,340
1222,2346.02723228007,2330.70214615364,732.742919921875,340
1223,2311.59508516815,2328.60526710665,732.742919921875,340
1224,2273.65172494035,2329.08697231981,732.742919921875,340
1225,2321.86520383861,2332.7366265585,729.087158203125,340
1226,2324.98741166261,2334.8216013992,729.087158203125,340
1227,2208.91161938602,2328.65490709254,729.087158203125,340
1228,2351.08885630544,2328.83194060038,729.087158203125,340
1229,2204.8916227506,2322.54830951727,729.087158203125,340
1230,2374.76768012907,2322.31640678027,729.087158203125,340
1231,2348.29641880643,2322.70578216911,729.087158203125,340
1232,2363.35124318561,2323.07406652254,729.087158203125,340
1233,2322.68590987367,2321.28953821785,728.699523925781,340
1234,2337.14855455848,2319.90686260588,728.699523925781,340
1235,2351.477133886,2319.56584220554,728.699523925781,340
1236,2365.23462880727,2319.22507049299,728.699523925781,340
1237,2125.30198367136,2311.35310780586,728.699523925781,340
1238,2336.19050435698,2310.94303070857,728.699523925781,340
1239,2291.80872909956,2308.39792482381,728.699523925781,340
1240,2240.81736963686,2306.03641560297,728.699523925781,340
1241,2367.03276986259,2305.54928942505,724.925659179688,340
1242,2342.12074549176,2310.0378990201,724.925659179688,340
1243,2358.7657970388,2311.96146249772,724.925659179688,340
1244,2163.35275798522,2304.67073230329,724.925659179688,340
1245,2244.47802915642,2305.35052546835,724.925659179688,340
1246,2340.68713087708,2304.6614457102,724.925659179688,340
1247,2315.96829870264,2303.4590883671,724.925659179688,340
1248,2307.40249682195,2303.29138483325,724.925659179688,340
1249,2327.88612478559,2305.46076082706,723.950561523438,340
1250,2387.29165965315,2308.07781905965,723.950561523438,340
1251,2276.74521070094,2306.14813102118,723.950561523438,340
1252,2355.99376038017,2312.03141666094,723.950561523438,340
1253,2356.17346992393,2312.23480120568,723.950561523438,340
1254,2324.82892836405,2317.03229343022,723.950561523438,340
1255,2208.40158506925,2310.37764962783,723.950561523438,340
1256,2345.65042088074,2310.2718097108,723.950561523438,340
1257,2334.76314832911,2309.12828591654,725.126586914062,340
1258,2323.59248440142,2309.16454889765,725.126586914062,340
1259,2279.0081519595,2306.83893279369,725.126586914062,340
1260,2342.25815947878,2306.4701738174,725.126586914062,340
1261,2372.7004467395,2306.76880653469,725.126586914062,340
1262,2249.08378028675,2311.72007839931,725.126586914062,340
1263,2366.08916074886,2312.91602465498,725.126586914062,340
1264,2372.04063166493,2316.1253007576,725.126586914062,340
1265,2385.44170222265,2321.91027406103,729.459716796875,340
1266,2362.9112227068,2321.7454121748,729.459716796875,340
1267,2381.23071971239,2323.30981114362,729.459716796875,340
1268,2372.95498444566,2323.8773786399,729.459716796875,340
1269,2199.68571114846,2325.33069676643,729.459716796875,340
1270,2351.66161894961,2329.61804035816,729.459716796875,340
1271,2365.94203024553,2330.62823633289,729.459716796875,340
1272,2263.64689497471,2328.53538018378,729.459716796875,340
1273,2316.49553773638,2328.89910182035,728.215026855469,340
1274,2375.46471375644,2330.80224537919,728.215026855469,340
1275,2224.3297585487,2324.28376933501,728.215026855469,340
1276,2310.8693522809,2325.64873499821,728.215026855469,340
1277,2168.27212384033,2318.13986953662,728.215026855469,340
1278,2258.55614796486,2314.23517665825,728.215026855469,340
1279,2306.40312703167,2313.49814460496,728.215026855469,340
1280,2363.86650355174,2319.71674134426,728.215026855469,340
1281,2380.79043990056,2321.12234210505,731.954833984375,340
1282,2380.34766120541,2322.9457226201,731.954833984375,340
1283,2371.78242985612,2324.87332043829,731.954833984375,340
1284,2382.70317345898,2329.02112129827,731.954833984375,340
1285,2362.50263271107,2329.83090022756,731.954833984375,340
1286,2358.41671637244,2329.25955101288,731.954833984375,340
1287,2365.45805644999,2333.91452205941,731.954833984375,340
1288,2352.76101192789,2333.38139610657,731.954833984375,340
1289,2238.43642114852,2328.03722768591,730.936645507812,340
1290,2370.9655195405,2327.45818037863,730.936645507812,340
1291,2359.96882439918,2327.34048444632,730.936645507812,340
1292,2175.8854050279,2319.12667185894,730.936645507812,340
1293,2346.26202970155,2318.05895366918,730.936645507812,340
1294,2350.48387677805,2324.09088029436,730.936645507812,340
1295,2381.8193525449,2325.29718963817,730.936645507812,340
1296,2251.88064428182,2320.73473419963,730.936645507812,340
1297,2339.83614840767,2323.78230433694,729.287841796875,340
1298,2276.49583066203,2322.18231605397,729.287841796875,340
1299,2136.3405183947,2312.6173482395,729.287841796875,340
1300,2196.33327284817,2311.49748881148,729.287841796875,340
1301,2162.84265728668,2305.57642101171,729.287841796875,340
1302,2358.66693703984,2313.19221353969,729.287841796875,340
1303,2295.21506074342,2314.65857005083,729.287841796875,340
1304,2392.09526019235,2318.08625537726,729.287841796875,340
1305,2265.08773045482,2314.13510445338,727.675415039062,340
1306,2247.86863345476,2308.81823219555,727.675415039062,340
1307,2368.15920087917,2308.3306937825,727.675415039062,340
1308,2351.76614491652,2307.53004238492,727.675415039062,340
1309,2360.92998914866,2306.6591150125,727.675415039062,340
1310,2325.64686342065,2305.18488424089,727.675415039062,340
1311,2373.52304063877,2305.78913721154,727.675415039062,340
1312,2305.15798485963,2303.37713434793,727.675415039062,340
1313,2226.08125686521,2298.30994414542,727.792602539062,340
1314,2346.41620148854,2302.62913535902,727.792602539062,340
1315,2364.87986785452,2302.38570929158,727.792602539062,340
1316,2348.52795482064,2301.92807450844,727.792602539062,340
1317,2356.12736443751,2309.13775288482,727.792602539062,340
1318,2355.08775458802,2309.49078188028,727.792602539062,340
1319,2326.10765042984,2308.51573282635,727.792602539062,340
1320,2340.95497032439,2306.88115753753,727.792602539062,340
1321,2378.51871987006,2311.94668056106,732.111206054688,340
1322,2325.34416389899,2311.36700118072,732.111206054688,340
1323,2370.89846606977,2315.14310659703,732.111206054688,340
1324,2386.74141963409,2325.1591426466,732.111206054688,340
1325,2368.62782576911,2332.05092476344,732.111206054688,340
1326,2369.48559608666,2340.31664231544,732.111206054688,340
1327,2363.57749236595,2340.51306452848,732.111206054688,340
1328,2374.49906391544,2343.68442465536,732.111206054688,340
1329,2145.07771932341,2333.80372302061,733.052368164062,340
1330,2383.04067926548,2338.52184097303,733.052368164062,340
1331,2381.73261903616,2343.87640039629,733.052368164062,340
1332,2129.7279727481,2334.33915127104,733.052368164062,340
1333,2224.16859906914,2329.23524943715,733.052368164062,340
1334,2364.24662563804,2329.36791489672,733.052368164062,340
1335,2354.42010512054,2330.51884456472,733.052368164062,340
1336,2317.53870088077,2328.2794709744,733.052368164062,340
1337,2355.79165387251,2330.30481773491,733.483520507812,340
1338,2340.77071731996,2334.8923961531,733.483520507812,340
1339,2292.07507731406,2332.71875118613,733.483520507812,340
1340,2324.69549961801,2331.11137645667,733.483520507812,340
1341,2356.35798623737,2331.42457771333,733.483520507812,340
1342,2309.679608549,2329.56666747779,733.483520507812,340
1343,2289.4605480992,2326.94157921824,733.483520507812,340
1344,2339.91869100902,2327.49402084141,733.483520507812,340
1345,2365.99483932986,2328.49561560163,735.964416503906,340
1346,2317.7707692238,2326.06569757578,735.964416503906,340
1347,2362.46334571129,2327.55046484827,735.964416503906,340
1348,2360.43050542456,2327.13174642246,735.964416503906,340
1349,2370.93427452432,2326.49946061807,735.964416503906,340
1350,2339.41320980326,2325.33087597944,735.964416503906,340
1351,2371.22169997491,2325.40032013497,735.964416503906,340
1352,2355.84886238823,2325.09117493586,735.964416503906,340
1353,2373.27982254301,2325.04240528096,737.618896484375,340
1354,2359.53246230512,2333.62059500023,737.618896484375,340
1355,2341.39847022533,2331.95490663862,737.618896484375,340
1356,2375.71762994449,2331.71430707496,737.618896484375,340
1357,2310.77375246416,2338.9561382636,737.618896484375,340
1358,2311.71930528477,2342.45816651222,737.618896484375,340
1359,2359.22696439375,2342.25738006245,737.618896484375,340
1360,2330.40885606404,2341.29693010019,737.618896484375,340
1361,2339.72256648812,2342.18428472449,737.29150390625,340
1362,2376.62268973175,2343.01752615886,737.29150390625,340
1363,2342.12171523751,2343.07156607556,737.29150390625,340
1364,2355.27656240621,2345.59962547924,737.29150390625,340
1365,2294.13193298051,2344.37708281374,737.29150390625,340
1366,2206.73748636681,2338.39226281892,737.29150390625,340
1367,2362.47153965478,2340.50394006315,737.29150390625,340
1368,2292.09821305651,2340.60944666144,737.29150390625,340
1369,2334.09225882136,2340.37638937394,733.26904296875,340
1370,2371.50869554818,2340.59694362267,733.26904296875,340
1371,2351.944137924,2341.96387837068,733.26904296875,340
1372,2344.18748911021,2341.23284410664,733.26904296875,340
1373,2323.63749295785,2339.76112360797,733.26904296875,340
1374,2337.11930790436,2338.40852494317,733.26904296875,340
1375,2304.48167732817,2337.01126364417,733.26904296875,340
1376,2239.75552586612,2331.75261667981,733.26904296875,340
1377,2330.82238334841,2330.75155751822,731.736572265625,340
1378,2332.70532168109,2329.12857748374,731.736572265625,340
1379,2342.86105464235,2328.46172117723,731.736572265625,340
1380,2354.68374264861,2328.99313207417,731.736572265625,340
1381,2268.40289600697,2324.70054271666,731.736572265625,340
1382,2304.64651768433,2324.45545332547,731.736572265625,340
1383,2183.30364700797,2319.3188269944,731.736572265625,340
1384,2351.83593739785,2319.02318591456,731.736572265625,340
1385,2352.98159568291,2319.92609549932,728.268188476562,340
1386,2367.67644091676,2321.04425047646,728.268188476562,340
1387,2379.71218618122,2321.16783033444,728.268188476562,340
1388,2343.27873016292,2321.21411093146,728.268188476562,340
1389,2355.70219800614,2321.23113635546,728.268188476562,340
1390,2384.34451483327,2324.83963962957,728.268188476562,340
1391,2347.39312201415,2330.46586505546,728.268188476562,340
1392,2339.6021745544,2329.55109045145,728.268188476562,340
1393,2267.25012845613,2328.55716706743,731.509338378906,340
1394,2340.69871608848,2328.82142535812,731.509338378906,340
1395,2357.79772377524,2328.2729864872,731.509338378906,340
1396,2361.50805823296,2328.65554329956,731.509338378906,340
1397,2330.18907209618,2328.09560661899,731.509338378906,340
1398,2339.46514134618,2328.72871255453,731.509338378906,340
1399,2301.62469433731,2327.30892801185,731.509338378906,340
1400,2296.39881481392,2326.98561351128,731.509338378906,340
1401,2371.62761937618,2332.26049725168,730.988586425781,340
1402,2333.04706502748,2332.34948451884,730.988586425781,340
1403,2352.29913311267,2333.1332369761,730.988586425781,340
1404,2357.76088959153,2333.72923037407,730.988586425781,340
1405,2176.69260763617,2326.60958497357,730.988586425781,340
1406,2377.44402154755,2330.9712299952,730.988586425781,340
1407,2370.00454060158,2333.58555091189,730.988586425781,340
1408,2370.50384180162,2341.07355870363,730.988586425781,340
1409,2367.58587790953,2341.7035563241,733.424499511719,340
1410,2374.24201611338,2342.55397314132,733.424499511719,340
1411,2197.79393747303,2335.75867300357,733.424499511719,340
1412,2305.88968689163,2332.80577303199,733.424499511719,340
1413,2327.26665385338,2332.1652899796,733.424499511719,340
1414,2356.62971452996,2332.20239064056,733.424499511719,340
1415,2338.76458599682,2330.3791934871,733.424499511719,340
1416,2381.08398207165,2331.7268278894,733.424499511719,340
1417,2144.1310874907,2323.90798440685,732.097229003906,340
1418,2291.01988396262,2324.85877462711,732.097229003906,340
1419,2385.90813549243,2326.66715140327,732.097229003906,340
1420,2346.28473434772,2326.20663182617,732.097229003906,340
1421,2373.50639869158,2326.68656544451,732.097229003906,340
1422,2371.83823948858,2328.35253214021,732.097229003906,340
1423,2359.69528309467,2329.16173781015,732.097229003906,340
1424,2377.26604643172,2332.18739189392,732.097229003906,340
1425,2107.49960719252,2324.63142358907,732.113891601562,340
1426,2262.50735644272,2320.26661307173,732.113891601562,340
1427,2356.38512803678,2321.2001355921,732.113891601562,340
1428,2327.86969567391,2320.22295809455,732.113891601562,340
1429,2185.77018893474,2313.34333006828,732.113891601562,340
1430,2345.53210241312,2320.09690985936,732.113891601562,340
1431,2360.4586587963,2319.41749534931,732.113891601562,340
1432,2084.1440988815,2307.9830776805,732.113891601562,340
1433,2109.08280838966,2297.52623634403,732.487365722656,340
1434,2327.06873709445,2295.90555071142,732.487365722656,340
1435,2380.5435143145,2296.15761063947,732.487365722656,340
1436,2309.96580911799,2300.64448550527,732.487365722656,340
1437,2176.72918078394,2295.47806526096,732.487365722656,340
1438,2358.60967578267,2296.73178613813,732.487365722656,340
1439,2351.74266129987,2296.53630400893,732.487365722656,340
1440,2335.41463791605,2296.4023060857,732.487365722656,340
1441,2346.8213591919,2295.03180117051,734.168762207031,340
1442,2365.98642237872,2303.90601456603,734.168762207031,340
1443,2379.17006926197,2307.432021978,734.168762207031,340
1444,2354.01120817626,2306.15614488535,734.168762207031,340
1445,2378.93839215342,2307.46229119758,734.168762207031,340
1446,2368.98403509295,2307.28139665364,734.168762207031,340
1447,2362.00971670419,2306.88825574226,734.168762207031,340
1448,2315.06747881114,2305.10314357092,734.168762207031,340
1449,2362.29843080741,2304.50443894595,736.516967773438,340
1450,2361.84037077235,2314.67806948914,736.516967773438,340
1451,2203.80211336038,2312.32985976585,736.516967773438,340
1452,2339.37173548004,2311.64932406358,736.516967773438,340
1453,2315.19333850419,2311.14226977679,736.516967773438,340
1454,2380.73870084791,2318.94101025332,736.516967773438,340
1455,2175.96006237107,2312.15812865163,736.516967773438,340
1456,2382.90395271776,2313.05594040849,736.516967773438,340
1457,2332.68235160454,2322.99747051741,734.570678710938,340
1458,2347.93653757357,2332.55161968477,734.570678710938,340
1459,2364.69917877822,2334.05683735212,734.570678710938,340
1460,2327.58582665939,2331.93852984592,734.570678710938,340
1461,2335.98797342561,2332.97941641822,734.570678710938,340
1462,2382.26634621073,2341.20090303529,734.570678710938,340
1463,2360.21972680555,2341.26530507621,734.570678710938,340
1464,2371.61730821843,2342.06029095295,734.570678710938,340
1465,2188.22218986537,2336.17259303092,737.141967773438,340
1466,2391.39840654908,2337.95567492521,737.141967773438,340
1467,2352.44400729005,2337.41397832166,737.141967773438,340
1468,2357.58744386432,2336.55067330576,737.141967773438,340
1469,2366.64292433193,2337.05594195198,737.141967773438,340
1470,2380.33329627809,2337.11173811697,737.141967773438,340
1471,2364.44623920479,2336.93022628144,737.141967773438,340
1472,2314.1510532822,2335.01587974456,737.141967773438,340
1473,2360.11711547355,2336.81786521106,737.982543945312,340
1474,2328.20939033868,2335.45430359231,737.982543945312,340
1475,2268.68696985685,2331.72816755569,737.982543945312,340
1476,2345.23150891078,2337.38534337771,737.982543945312,340
1477,2347.6465029879,2337.71633407802,737.982543945312,340
1478,2281.60174958455,2336.37267052124,737.982543945312,340
1479,2237.56039666409,2330.64553835388,737.982543945312,340
1480,2247.80347609401,2333.5192749028,737.982543945312,340
1481,2331.71364743428,2331.47166269146,736.828735351562,340
1482,2343.39959290591,2331.90035234352,736.828735351562,340
1483,2317.97161082118,2330.70175527342,736.828735351562,340
1484,2202.24264367227,2324.20349386918,736.828735351562,340
1485,2390.07701297243,2326.70314132171,736.828735351562,340
1486,2365.9572837227,2327.90191373359,736.828735351562,340
1487,2305.04240618359,2324.8129561325,736.828735351562,340
1488,2328.54657195639,2323.54602993854,736.828735351562,340
1489,2353.48758106546,2322.82084085242,733.111450195312,340
1490,2282.05746605265,2326.57425189991,733.111450195312,340
1491,2334.39732364417,2324.29420858371,733.111450195312,340
1492,2285.70527315918,2321.62465921848,733.111450195312,340
1493,2378.45251503316,2322.45926206523,733.111450195312,340
1494,2381.38744615967,2323.04904293834,733.111450195312,340
1495,2355.62204843128,2322.06059302447,733.111450195312,340
1496,2355.20446135636,2321.69092191053,733.111450195312,340
1497,2248.25498431143,2319.0550791517,735.485656738281,340
1498,2367.16358812327,2319.33693805769,735.485656738281,340
1499,2279.62046731415,2317.39338113671,735.485656738281,340
1500,2209.50961906513,2315.02628710504,735.485656738281,340
1501,2367.00059284059,2315.89705046223,735.485656738281,340
1502,2220.60252453804,2310.81529132424,735.485656738281,340
1503,2368.34969286638,2314.28520905551,735.485656738281,340
1504,2260.27959241371,2315.1939768855,735.485656738281,340
1505,2363.07076558742,2319.80466846523,738.454711914062,340
1506,2276.56737129959,2317.59881741985,738.454711914062,340
1507,2258.83776617803,2314.21634435073,738.454711914062,340
1508,2097.90543915916,2305.41369748425,738.454711914062,340
1509,2372.85712793494,2312.23827685476,738.454711914062,340
1510,2146.01721601394,2302.47588497642,738.454711914062,340
1511,2277.2365531256,2298.92705575253,738.454711914062,340
1512,2378.60333587125,2301.86949294004,738.454711914062,340
1513,2379.26472373332,2303.89821901112,740.027404785156,340
1514,2340.64933632297,2303.38468922142,740.027404785156,340
1515,2367.7685868061,2306.81313405155,740.027404785156,340
1516,2333.37436167218,2306.77221557267,740.027404785156,340
1517,2332.46890077213,2308.64276067719,740.027404785156,340
1518,2377.03226792142,2308.58595079272,740.027404785156,340
1519,2358.46085975819,2307.66888733666,740.027404785156,340
1520,2313.22720760205,2305.9730937035,740.027404785156,340
1521,2373.56757185302,2306.70761812336,739.451599121094,340
1522,2363.30474208109,2311.30960843415,739.451599121094,340
1523,2211.86115228365,2305.09751100056,739.451599121094,340
1524,2400.08705849894,2309.91617464795,739.451599121094,340
1525,2291.03908509015,2313.17735328896,739.451599121094,340
1526,2364.88285509399,2313.09264377909,739.451599121094,340
1527,2376.19731386589,2319.31643535221,739.451599121094,340
1528,2364.21093072243,2319.15088486645,739.451599121094,340
1529,2360.53785592199,2323.16121540678,739.291015625,340
1530,2357.3644019206,2322.93296086011,739.291015625,340
1531,2325.74504110282,2324.90006765223,739.291015625,340
1532,2360.98110467002,2328.98580119191,739.291015625,340
1533,2353.50476614221,2339.20977427124,739.291015625,340
1534,2344.44667641529,2338.07335621045,739.291015625,340
1535,2371.61305226942,2347.09718966067,739.291015625,340
1536,2357.09052785668,2350.29134864991,739.291015625,340
1537,2325.43916493961,2348.16478181265,739.999572753906,340
1538,2352.95185008382,2347.11226686667,739.999572753906,340
1539,2374.53165429902,2348.46755958571,739.999572753906,340
1540,2337.0740774409,2347.2397792111,739.999572753906,340
1541,2316.92448750141,2346.58178424427,739.999572753906,340
1542,2342.17687807958,2346.97010333657,739.999572753906,340
1543,2229.761042525,2341.07925432071,739.999572753906,340
1544,2355.50802324517,2340.96114086019,739.999572753906,340
1545,2329.07415514612,2341.59501876195,738.494873046875,340
1546,2378.87007630604,2341.80711894007,738.494873046875,340
1547,2360.49197263646,2341.69460816229,738.494873046875,340
1548,2362.37416563001,2347.71512869614,738.494873046875,340
1549,2342.80868677437,2345.42399382716,738.494873046875,340
1550,2356.25642725993,2348.03268751395,738.494873046875,340
1551,2325.93952731147,2346.47495440265,738.494873046875,340
1552,2274.57617812761,2342.41010897312,738.494873046875,340
1553,2362.93564557415,2342.35909756719,738.021362304688,340
1554,2374.64062689998,2342.92320840631,738.021362304688,340
1555,2359.63148550181,2343.01389174956,738.021362304688,340
1556,2344.99566978588,2343.78391689688,738.021362304688,340
1557,2355.11637494718,2343.54932770796,738.021362304688,340
1558,2356.78016259372,2343.68034356602,738.021362304688,340
1559,2365.28234045846,2344.51377012775,738.021362304688,340
1560,2356.27030004147,2343.90006003863,738.021362304688,340
1561,2272.42906874425,2340.51360167414,736.544677734375,340
1562,2354.27205031405,2341.66691708911,736.544677734375,340
1563,2376.76299828441,2342.61936301714,736.544677734375,340
1564,2343.51465696404,2341.37868312374,736.544677734375,340
1565,2360.75967595749,2342.3261070644,736.544677734375,340
1566,2363.66944146398,2344.19590522291,736.544677734375,340
1567,2376.97223830192,2345.5877196318,736.544677734375,340
1568,2355.56347348247,2350.6198168701,736.544677734375,340
1569,2222.52236540291,2345.30039055641,735.376220703125,340
1570,2143.03501077848,2337.8588247817,735.376220703125,340
1571,2081.10439239023,2325.94819742507,735.376220703125,340
1572,2337.12208013601,2325.01340172505,735.376220703125,340
1573,2156.40608459309,2316.77467848357,735.376220703125,340
1574,2320.80753778628,2315.89463252405,735.376220703125,340
1575,2281.32506669517,2312.89737810146,735.376220703125,340
1576,2358.42292115373,2314.19671385515,735.376220703125,340
1577,2249.38123451597,2313.18891611069,728.623229980469,340
1578,2364.23609219111,2313.24093397536,728.623229980469,340
1579,2314.73489230906,2310.84470459173,728.623229980469,340
1580,2349.24086421672,2310.42907974032,728.623229980469,340
1581,2363.37132970687,2311.16410613716,728.623229980469,340
1582,2354.6936282822,2311.14719627056,728.623229980469,340
1583,2320.55202793871,2309.69807088436,728.623229980469,340
1584,2372.86305080436,2310.0012992982,728.623229980469,340
1585,2359.1810575432,2310.11772959827,731.928405761719,340
1586,2340.5284071071,2312.84170313278,731.928405761719,340
1587,2363.704325198,2313.21899412814,731.928405761719,340
1588,2324.19072011282,2311.11610300128,731.928405761719,340
1589,2387.89083798517,2312.89115024212,731.928405761719,340
1590,2337.36048928358,2311.95518277516,731.928405761719,340
1591,2341.38898210537,2311.06396440082,731.928405761719,340
1592,2319.01315395318,2308.74560102687,731.928405761719,340
1593,2355.29050432075,2308.7346822604,733.422058105469,340
1594,2373.679999037,2314.78098760577,733.422058105469,340
1595,2335.60356361155,2322.48372971909,733.422058105469,340
1596,2381.5316278634,2334.50081913802,733.422058105469,340
1597,2370.08526666511,2335.81934659918,733.422058105469,340
1598,2378.64957616842,2344.70908626219,733.422058105469,340
1599,2345.51593859163,2345.69742229441,733.422058105469,340
1600,2393.06861168636,2350.16716409405,733.422058105469,340
1601,2372.89910333783,2350.74621138142,737.385681152344,340
1602,2356.07176754422,2355.01383270255,737.385681152344,340
1603,2374.75916491222,2355.43475561139,737.385681152344,340
1604,2366.41798971615,2357.50207950768,737.385681152344,340
1605,2369.05883756127,2358.29479844146,737.385681152344,340
1606,2380.53806443856,2358.98146783073,737.385681152344,340
1607,2363.05243586213,2359.31582013392,737.385681152344,340
1608,2384.54418919253,2361.87550658408,737.385681152344,340
1609,2366.12166862185,2361.60585129677,738.671203613281,340
1610,2312.04594965618,2359.72044698129,738.671203613281,340
1611,2365.55012765787,2360.72131580333,738.671203613281,340
1612,2407.1759583093,2362.46018112778,738.671203613281,340
1613,2378.85295477306,2364.64667051419,738.671203613281,340
1614,2368.14353924864,2363.85677856473,738.671203613281,340
1615,2404.57449489635,2366.54533878924,738.671203613281,340
1616,2373.25710752165,2367.82006380589,738.671203613281,340
1617,2305.39899166829,2367.27549731449,736.452819824219,340
1618,2402.23286598601,2369.1531917811,736.452819824219,340
1619,2380.6750161799,2369.43299246682,736.452819824219,340
1620,2337.39053731147,2369.50447141481,736.452819824219,340
1621,2389.00544584182,2369.80342413395,736.452819824219,340
1622,2367.00332417358,2369.68014643429,736.452819824219,340
1623,2370.79161503745,2369.36582798905,736.452819824219,340
1624,2294.49867498647,2367.32513744485,736.452819824219,340
1625,2338.14068637241,2365.12802043229,734.586303710938,340
1626,2383.09411774654,2365.53582100864,734.586303710938,340
1627,2396.06302591389,2367.13547134342,734.586303710938,340
1628,2346.50441528247,2366.00528135823,734.586303710938,340
1629,2390.73411929724,2366.97792654148,734.586303710938,340
1630,2286.53739528129,2363.67706885028,734.586303710938,340
1631,2332.91701272818,2361.77222678186,734.586303710938,340
1632,2380.54706168177,2362.47201181465,734.586303710938,340
1633,2401.67862873982,2363.15738939654,737.337097167969,340
1634,2388.12940905318,2364.03769901379,737.337097167969,340
1635,2388.88389484487,2367.11121682134,737.337097167969,340
1636,2346.98966842224,2366.36879845191,737.337097167969,340
1637,2405.23612156086,2366.29120498198,737.337097167969,340
1638,2393.2218818783,2366.86596206619,737.337097167969,340
1639,2334.42331931269,2365.51715326875,737.337097167969,340
1640,2386.51821033465,2364.79490188628,737.337097167969,340
1641,2362.39901726948,2364.36057827619,739.178588867188,340
1642,2371.99592467957,2367.02445559665,739.178588867188,340
1643,2406.56010363168,2367.19754510247,739.178588867188,340
1644,2370.97975330838,2366.80973458761,739.178588867188,340
1645,2395.81311982648,2369.14663788821,739.178588867188,340
1646,2363.37760401307,2368.12152421506,739.178588867188,340
1647,2393.32947958756,2369.17457043162,739.178588867188,340
1648,2391.29632954528,2369.99475901194,739.178588867188,340
1649,2399.76995515443,2374.20561021865,739.442565917969,340
1650,2400.3318174457,2376.69325546158,739.442565917969,340
1651,2402.81417993842,2377.48205794926,739.442565917969,340
1652,2397.42949332233,2377.5367166456,739.442565917969,340
1653,2402.21708626826,2379.76522348503,739.442565917969,340
1654,2395.79403492958,2379.96762011032,739.442565917969,340
1655,2393.52765793816,2384.2472306166,739.442565917969,340
1656,2386.97934094492,2386.40972374527,739.442565917969,340
1657,2375.05802053939,2386.19016209957,739.182861328125,340
1658,2401.13720543699,2386.16850516746,739.182861328125,340
1659,2376.89967993241,2385.71931600263,739.182861328125,340
1660,2394.9119178647,2385.96043692342,739.182861328125,340
1661,2387.33348473507,2387.57418957593,739.182861328125,340
1662,2408.85221911971,2387.71883347829,739.182861328125,340
1663,2382.58883424949,2387.29351157314,739.182861328125,340
1664,2396.80044101649,2389.78859644129,739.182861328125,340
1665,2389.21685512407,2389.89654223287,741.583312988281,340
1666,2380.64340899451,2390.62631790187,741.583312988281,340
1667,2396.29772039239,2391.59838973038,741.583312988281,340
1668,2380.37248965079,2390.55088517114,741.583312988281,340
1669,2411.80682573683,2392.18396806828,741.583312988281,340
1670,2398.89358371643,2392.30718662388,741.583312988281,340
1671,2358.81354689476,2392.12462433915,741.583312988281,340
1672,2419.68896122575,2393.17900360467,741.583312988281,340
1673,2396.11965657928,2393.37193668603,740.710266113281,340
1674,2402.42438255051,2393.47811378188,740.710266113281,340
1675,2411.08616251032,2393.90828758446,740.710266113281,340
1676,2412.92272034552,2394.31262920075,740.710266113281,340
1677,2411.08410883636,2394.85881382131,740.710266113281,340
1678,2395.97778128161,2394.60924162184,740.710266113281,340
1679,2405.48951946509,2394.99706100326,740.710266113281,340
1680,2398.56090831328,2395.19839101827,740.710266113281,340
1681,2237.91649369013,2389.23587712808,741.691284179688,340
1682,2370.86000457733,2389.06795648959,741.691284179688,340
1683,2407.14765865136,2389.30837461817,741.691284179688,340
1684,2402.57555338767,2390.33540955638,741.691284179688,340
1685,2389.61187493623,2390.12340783924,741.691284179688,340
1686,2393.55953186959,2390.37244972462,741.691284179688,340
1687,2417.52243912119,2390.71925852468,741.691284179688,340
1688,2397.08323874786,2391.29903470461,741.691284179688,340
1689,2403.97338417108,2391.5859524308,740.985961914062,340
1690,2403.68127472429,2392.16452921481,740.985961914062,340
1691,2403.52478732696,2393.0797843481,740.985961914062,340
1692,2410.96301391645,2393.66639608907,740.985961914062,340
1693,2415.14710457223,2395.05738068592,740.985961914062,340
1694,2409.21046676804,2394.95352632717,740.985961914062,340
1695,2412.8154172198,2395.51039966731,740.985961914062,340
1696,2412.74968142622,2397.66784504857,740.985961914062,340
1697,2409.97903162019,2397.27944786434,741.866882324219,340
1698,2399.84617603498,2397.42850864257,741.866882324219,340
1699,2415.8438416851,2397.96528700796,741.866882324219,340
1700,2409.00707509266,2397.88212351125,741.866882324219,340
1701,2400.73286242451,2397.39452919441,741.866882324219,340
1702,2403.36779729242,2397.08587673265,741.866882324219,340
1703,2404.93684110982,2397.44423912578,741.866882324219,340
1704,2417.04707339135,2397.90654128283,741.866882324219,340
1705,2400.36409071786,2397.97866857901,742.43212890625,340
1706,2414.56346362947,2405.04454737659,742.43212890625,340
1707,2408.09063562178,2406.53377261836,742.43212890625,340
1708,2413.43578525512,2406.78529768251,742.43212890625,340
1709,2402.04679922715,2406.76414751609,742.43212890625,340
1710,2400.34884338917,2407.19362625421,742.43212890625,340
1711,2397.36127079653,2407.34569581129,742.43212890625,340
1712,2407.28916467738,2406.93636483354,742.43212890625,340
1713,2408.84746315231,2407.40693380971,741.880920410156,340
1714,2414.72501182966,2407.83699891606,741.880920410156,340
1715,2412.72248883778,2408.1986474806,741.880920410156,340
1716,2409.0794503758,2408.42083400255,741.880920410156,340
1717,2388.02427638266,2407.5032845012,741.880920410156,340
1718,2399.13185886696,2406.86267467299,741.880920410156,340
1719,2405.71665318629,2406.72292212972,741.880920410156,340
1720,2393.35491016732,2405.94450184762,741.880920410156,340
1721,2401.80019725863,2405.50652248092,744.716735839844,340
1722,2294.02079293298,2400.86819293343,744.716735839844,340
1723,2411.02493647782,2401.31534335114,744.716735839844,340
1724,2410.10220103224,2401.08567772503,744.716735839844,340
1725,2339.27879488226,2398.29654651661,744.716735839844,340
1726,2396.75277194597,2398.13734289747,744.716735839844,340
1727,2410.15067934336,2398.40865817951,744.716735839844,340
1728,2403.93432261273,2398.36855743962,744.716735839844,340
1729,2405.50154150049,2397.90673616399,746.518249511719,340
1730,2399.48728251542,2397.87166383589,746.518249511719,340
1731,2365.51923571766,2395.90989471942,746.518249511719,340
1732,2384.61240345733,2394.97076543284,746.518249511719,340
1733,2402.87627945943,2394.54838520101,746.518249511719,340
1734,2407.00526050567,2394.74672365215,746.518249511719,340
1735,2401.16371162389,2394.77931838154,746.518249511719,340
1736,2404.69813672279,2395.07279301859,746.518249511719,340
1737,2407.77401912967,2395.09218719668,747.953247070312,340
1738,2409.46612560166,2395.11693369466,747.953247070312,340
1739,2326.81400606668,2391.60049346414,747.953247070312,340
1740,2415.86682481103,2391.72626690307,747.953247070312,340
1741,2422.97051906407,2392.2819096506,747.953247070312,340
1742,2412.23695313136,2393.25041672055,747.953247070312,340
1743,2414.79752000625,2393.87704316612,747.953247070312,340
1744,2410.14678172122,2394.05424830752,747.953247070312,340
1745,2405.06774852393,2394.52276184178,748.765869140625,340
1746,2218.49708578443,2387.19063738281,748.765869140625,340
1747,2396.77097502035,2391.30064466631,748.765869140625,340
1748,2374.23153474809,2389.82890859712,748.765869140625,340
1749,2421.35808960172,2390.2791441399,748.765869140625,340
1750,2416.69387956455,2393.37574752719,748.765869140625,340
1751,2397.46821701946,2393.40436533013,748.765869140625,340
1752,2413.48486478797,2393.53773274791,748.765869140625,340
1753,2415.49348287533,2394.00009915842,744.576904296875,340
1754,2412.11699064064,2394.26471712402,744.576904296875,340
1755,2416.23008698875,2394.93442930296,744.576904296875,340
1756,2414.68956602301,2396.90124251517,744.576904296875,340
1757,2407.56099191451,2397.81918605346,744.576904296875,340
1758,2421.62581567927,2398.56916750225,744.576904296875,340
1759,2413.85196120572,2398.84303553025,744.576904296875,340
1760,2401.60621211628,2398.86073554995,744.576904296875,340
1761,2415.87925954751,2399.30798046294,745.882080078125,340
1762,2396.09329286923,2398.84075141252,745.882080078125,340
1763,2409.56946376152,2398.84488493892,745.882080078125,340
1764,2391.87187887645,2401.44719985131,745.882080078125,340
1765,2409.63335733479,2401.19786115226,745.882080078125,340
1766,2405.35348317982,2400.49317971689,745.882080078125,340
1767,2416.46328497454,2400.66223299061,745.882080078125,340
1768,2398.61121816827,2400.01478091709,745.882080078125,340
1769,2407.99040988714,2399.92852604373,745.999572753906,340
1770,2405.43954006391,2399.94339770533,745.999572753906,340
1771,2404.08582392017,2407.36694723076,745.999572753906,340
1772,2400.78347836735,2407.52744736464,745.999572753906,340
1773,2358.89934532672,2406.91415978778,745.999572753906,340
1774,2383.55240596885,2405.40193244247,745.999572753906,340
1775,2388.97013509071,2404.29298266352,745.999572753906,340
1776,2388.51308456827,2403.93477736547,745.999572753906,340
1777,2305.17812951393,2399.60250795451,746.1142578125,340
1778,2400.74797318611,2399.01268756694,746.1142578125,340
1779,2422.09824969107,2399.41193792896,746.1142578125,340
1780,2335.40217472103,2396.17882143825,746.1142578125,340
1781,2407.10992337311,2395.87563573225,746.1142578125,340
1782,2412.21017025883,2396.06160286602,746.1142578125,340
1783,2395.99181603715,2395.03624288034,746.1142578125,340
1784,2374.63646561906,2393.46762305687,746.1142578125,340
1785,2412.91277534607,2393.91988558606,746.366821289062,340
1786,2388.70370087125,2392.83286323901,746.366821289062,340
1787,2357.20949694293,2391.27751140196,746.366821289062,340
1788,2398.6311301693,2390.83997805827,746.366821289062,340
1789,2406.08939301984,2391.40867862401,746.366821289062,340
1790,2382.91729892356,2390.34003628756,746.366821289062,340
1791,2395.47494649429,2389.94489482014,746.366821289062,340
1792,2384.5522868227,2388.66845489406,746.366821289062,340
1793,2398.54806235158,2388.6659286614,745.750854492188,340
1794,2402.63332633937,2388.45164531949,745.750854492188,340
1795,2403.22937976763,2388.36323890763,745.750854492188,340
1796,2405.49219297067,2388.41949366965,745.750854492188,340
1797,2385.07333908887,2387.79108809852,745.750854492188,340
1798,2390.37449823978,2389.05009421504,745.750854492188,340
1799,2392.85200752753,2389.42207827739,745.750854492188,340
1800,2391.54564312718,2389.52509859884,745.750854492188,340
1801,2417.33484181561,2390.67796888874,747.013488769531,340
1802,2417.66949562021,2395.17762353299,747.013488769531,340
1803,2431.59625801312,2396.41155492607,747.013488769531,340
1804,2398.10250553903,2395.45172515999,747.013488769531,340
1805,2409.66316240568,2398.42216466737,747.013488769531,340
1806,2406.674587122,2398.40475121733,747.013488769531,340
1807,2408.35870284852,2398.25069252092,747.013488769531,340
1808,2422.90836436419,2399.327354454,747.013488769531,340
1809,2393.44204186136,2400.07957750369,747.495849609375,340
1810,2428.21890461908,2400.69182267461,747.495849609375,340
1811,2410.19341515805,2401.55141124608,747.495849609375,340
1812,2418.51322352188,2404.00356030924,747.495849609375,340
1813,2392.1871933338,2403.74580283582,747.495849609375,340
1814,2380.68034314591,2402.72944084086,747.495849609375,340
1815,2417.59432996624,2404.11652208257,747.495849609375,340
1816,2424.54416484676,2405.27929081667,747.495849609375,340
1817,2423.86948606824,2406.85197878649,748.875549316406,340
1818,2387.9608469222,2406.42849016932,748.875549316406,340
1819,2360.51677111282,2404.74382796025,748.875549316406,340
1820,2422.85935688588,2405.52902704498,748.875549316406,340
1821,2420.73277216041,2406.13865021257,748.875549316406,340
1822,2413.29472989687,2407.26750584489,748.875549316406,340
1823,2266.32091427404,2402.30536248626,748.875549316406,340
1824,2415.13862978724,2403.19682737665,748.875549316406,340
1825,2411.40761253739,2403.99130615306,748.291137695312,340
1826,2416.60201420964,2403.96199304882,748.291137695312,340
1827,2409.71358853942,2403.64375676559,748.291137695312,340
1828,2412.79762094573,2402.89181128289,748.291137695312,340
1829,2406.64985256045,2403.23370516375,748.291137695312,340
1830,2412.82912849547,2403.36034380734,748.291137695312,340
1831,2385.0468061198,2402.49523256725,748.291137695312,340
1832,2413.14103223167,2402.68652574258,748.291137695312,340
1833,2318.92785415505,2398.52730533422,750.229309082031,340
1834,2404.36319391592,2398.9641514164,750.229309082031,340
1835,2411.91154689851,2398.31185710757,750.229309082031,340
1836,2406.48200565846,2398.16340072759,750.229309082031,340
1837,2400.56740490507,2397.44556798292,750.229309082031,340
1838,2422.2191263515,2398.64684530363,750.229309082031,340
1839,2420.53519781578,2400.24103949042,750.229309082031,340
1840,2402.34613833583,2399.6311118252,750.229309082031,340
1841,2412.92478033623,2399.16633644478,748.9501953125,340
1842,2404.37781454174,2398.38666958372,748.9501953125,340
1843,2407.18551570774,2399.15565633515,748.9501953125,340
1844,2402.82169148814,2400.84785315016,748.9501953125,340
1845,2402.19240819283,2400.02117520244,748.9501953125,340
1846,2391.67857559094,2398.85900733966,748.9501953125,340
1847,2405.55754729864,2398.54952003573,748.9501953125,340
1848,2411.51778295491,2404.35739478296,748.9501953125,340
1849,2399.31370625005,2403.72439784148,749.204223632812,340
1850,2407.42500182201,2403.56509341286,749.204223632812,340
1851,2277.10082888906,2397.98504600004,749.204223632812,340
1852,2185.14514093979,2389.00230809605,749.204223632812,340
1853,2394.88055275084,2388.28562536826,749.204223632812,340
1854,2398.07065227907,2387.942457357,749.204223632812,340
1855,2353.96486016256,2385.58788662369,749.204223632812,340
1856,2398.38478783685,2386.12140589237,749.204223632812,340
1857,2372.20535734881,2384.48397889705,748.591186523438,340
1858,2359.42055079975,2386.10368676284,748.591186523438,340
1859,2408.92382973759,2386.28611219571,748.591186523438,340
1860,2406.29785490729,2386.06156451606,748.591186523438,340
1861,2410.36321553426,2386.21681291109,748.591186523438,340
1862,2384.69527942021,2385.5819278917,748.591186523438,340
1863,2424.35100281012,2385.66720295004,748.591186523438,340
1864,2408.71722882946,2385.19448419059,748.591186523438,340
1865,2411.39252404497,2385.55633961895,750.83544921875,340
1866,2390.56067086099,2384.66177523995,750.83544921875,340
1867,2418.98487805476,2385.24605778047,750.83544921875,340
1868,2398.55331752062,2384.90076985298,750.83544921875,340
1869,2393.65054549356,2384.5339240132,750.83544921875,340
1870,2400.0061621871,2384.44647417297,750.83544921875,340
1871,2269.39378618627,2379.55508259678,750.83544921875,340
1872,2271.15645040159,2374.1790387209,750.83544921875,340
1873,2310.11630458901,2370.12297958626,751.910217285156,340
1874,2383.93688626516,2369.50790678687,751.910217285156,340
1875,2398.40778619544,2369.14721816181,751.910217285156,340
1876,2305.31588300434,2370.27582032642,751.910217285156,340
1877,2414.18838881917,2379.43755024159,751.910217285156,340
1878,2407.58805068605,2379.945850159,751.910217285156,340
1879,2393.16545057872,2379.74964209099,751.910217285156,340
1880,2398.07548290767,2381.51406700079,751.910217285156,340
1881,2408.27116815615,2381.90952221356,755.918334960938,340
1882,2381.66862723245,2382.28805300891,755.918334960938,340
1883,2396.70609861014,2383.77947492132,755.918334960938,340
1884,2410.38272964281,2383.83783091753,755.918334960938,340
1885,2388.22161837187,2383.11478145611,755.918334960938,340
1886,2403.8666704629,2382.85491965326,755.918334960938,340
1887,2400.4780329856,2383.48622979588,755.918334960938,340
1888,2392.97260025519,2382.23109369368,755.918334960938,340
1889,2372.58328284849,2380.78573585444,753.611694335938,340
1890,2397.93860454469,2380.24757907443,753.611694335938,340
1891,2392.14337571536,2380.3108872686,753.611694335938,340
1892,2404.54721063847,2379.73338057195,753.611694335938,340
1893,2394.8430084515,2379.58496820919,753.611694335938,340
1894,2396.19628303706,2379.68679771093,753.611694335938,340
1895,2405.66751759808,2379.91325192737,753.611694335938,340
1896,2362.61938122369,2383.64227572886,753.611694335938,340
1897,2368.23365732999,2387.525364006,752.379272460938,340
1898,2263.51010395836,2385.66111598077,752.379272460938,340
1899,2412.11307911445,2386.78816369474,752.379272460938,340
1900,2398.52022650318,2386.79266130705,752.379272460938,340
1901,2396.63559416947,2390.44544975366,752.379272460938,340
1902,2213.84339997824,2382.43165020002,752.379272460938,340
1903,2199.66210161442,2374.11461223716,752.379272460938,340
1904,2401.56110360287,2374.45043835812,752.379272460938,340
1905,2383.91181997732,2373.88389184091,750.465026855469,340
1906,2370.68036428537,2372.38025968608,750.465026855469,340
1907,2165.24630370354,2363.72336674492,750.465026855469,340
1908,2153.94279564575,2354.01283462635,750.465026855469,340
1909,2129.1152112808,2342.76213389187,750.465026855469,340
1910,2391.38357001071,2342.88861195742,750.465026855469,340
1911,2391.04644101567,2342.37580277953,750.465026855469,340
1912,2284.51489206452,2337.73727714269,750.465026855469,340
1913,2391.82888998842,2337.69152873202,746.760009765625,340
1914,2347.28740974191,2336.67969380775,746.760009765625,340
1915,2410.25427347015,2337.17232056477,746.760009765625,340
1916,2390.69324109388,2337.11431517991,746.760009765625,340
1917,2370.64397499415,2335.75818575414,746.760009765625,340
1918,2404.5666230933,2336.14713033981,746.760009765625,340
1919,2407.89169300349,2336.61494673847,746.760009765625,340
1920,2389.2685117393,2335.95898650412,746.760009765625,340
1921,2370.78326053368,2336.28554167652,749.19775390625,340
1922,2425.34128775604,2338.56984689356,749.19775390625,340
1923,2392.99788953843,2343.74935831676,749.19775390625,340
1924,2394.44808614027,2343.0427585978,749.19775390625,340
1925,2396.09975539059,2342.94593975329,749.19775390625,340
1926,2405.1762740786,2343.28756694966,749.19775390625,340
1927,2337.74375015597,2348.24358095677,749.19775390625,340
1928,2349.3633479725,2354.23163081109,749.19775390625,340
1929,2394.19824535362,2353.93711648112,750.149597167969,340
1930,2408.84515553058,2354.93444990325,750.149597167969,340
1931,2403.23577390457,2356.23666628802,750.149597167969,340
1932,2386.76054177,2365.09723581068,750.149597167969,340
1933,2357.07030093825,2373.22233602238,750.149597167969,340
1934,2411.22846242046,2384.50686606796,750.149597167969,340
1935,2393.04096932567,2384.57316204056,750.149597167969,340
1936,2397.54896772583,2384.83326310897,750.149597167969,340
1937,2390.66737269661,2389.07936233425,749.789184570312,340
1938,2419.95183456363,2390.20428011726,749.789184570312,340
1939,2392.06957701323,2391.99556680811,749.789184570312,340
1940,2419.12697075702,2392.35047469959,749.789184570312,340
1941,2404.44133301496,2392.90039837643,749.789184570312,340
1942,2342.74957650714,2391.78462243695,749.789184570312,340
1943,2393.56840329011,2391.34469364482,749.789184570312,340
1944,2418.14343742888,2391.75476342184,749.789184570312,340
1945,2402.35108992021,2392.27806654907,751.656860351562,340
1946,2400.34456096389,2393.46051856628,751.656860351562,340
1947,2335.53246667952,2389.86816572322,751.656860351562,340
1948,2345.85894869424,2387.98260808945,751.656860351562,340
1949,2387.75250810183,2387.71478496792,751.656860351562,340
1950,2394.03964655089,2387.63238061433,751.656860351562,340
1951,2285.01409340218,2382.82589338727,751.656860351562,340
1952,2402.63254578368,2385.42144521238,751.656860351562,340
1953,2174.28513773471,2378.41831680287,748.279235839844,340
1954,2347.72343384891,2376.55932434268,748.279235839844,340
1955,2403.85206612231,2376.35960076635,748.279235839844,340
1956,2422.77955129207,2377.14135186185,748.279235839844,340
1957,2124.32826898224,2366.64406095034,748.279235839844,340
1958,2368.22441776433,2367.09022562338,748.279235839844,340
1959,2380.67780151471,2365.86819918715,748.279235839844,340
1960,1896.70324564573,2346.01469023996,748.279235839844,340
1961,2417.47248805219,2346.81163105301,748.489929199219,340
1962,2401.95246689801,2347.26303482107,748.489929199219,340
1963,2391.01488250236,2346.10555673861,748.489929199219,340
1964,2393.26100385571,2346.15321381231,748.489929199219,340
1965,2403.69711078976,2345.53601941362,748.489929199219,340
1966,2409.56675587102,2345.74103632787,748.489929199219,340
1967,2405.80275470704,2348.26316345586,748.489929199219,340
1968,2383.09090361125,2347.84406346871,748.489929199219,340
1969,2412.33101236503,2347.61156646615,747.477600097656,340
1970,2412.90384171364,2348.03367653789,747.477600097656,340
1971,2321.3192092904,2344.87266247095,747.477600097656,340
1972,2411.26110180229,2347.90180787586,747.477600097656,340
1973,2376.90184154474,2349.14352358988,747.477600097656,340
1974,2414.54057425749,2350.21504623611,747.477600097656,340
1975,2403.19410958648,2350.58122475753,747.477600097656,340
1976,2357.67319692958,2353.48758889863,747.477600097656,340
1977,2421.61047099767,2354.24670590719,746.7822265625,340
1978,2400.59162617703,2363.29896544488,746.7822265625,340
1979,2433.39475395669,2366.72581824919,746.7822265625,340
1980,2394.36167220906,2366.34620249266,746.7822265625,340
1981,2401.14862194088,2365.48096531861,746.7822265625,340
1982,2409.94204349652,2376.90551629918,746.7822265625,340
1983,2374.07079680891,2377.13937146097,746.7822265625,340
1984,2238.14552715072,2371.43808048641,746.7822265625,340
1985,2353.39025827553,2389.7055609916,745.814025878906,340
1986,2411.47474019157,2389.46565107718,745.814025878906,340
1987,2399.97175630629,2389.38642265351,745.814025878906,340
1988,2396.4909656406,2389.60546597904,745.814025878906,340
1989,2398.67738408617,2389.82212118825,745.814025878906,340
1990,2389.93818437212,2389.27176413155,745.814025878906,340
1991,2434.290190729,2390.26070152587,745.814025878906,340
1992,2395.18939120104,2389.83616698563,745.814025878906,340
1993,2413.59309353935,2391.05625458275,747.613525390625,340
1994,2403.46578206276,2390.70164537066,747.613525390625,340
1995,2423.67127891963,2391.1323428589,747.613525390625,340
1996,2439.03960780176,2395.84115879936,747.613525390625,340
1997,2411.36547069873,2395.84533355521,747.613525390625,340
1998,2418.56274285243,2397.51176960752,747.613525390625,340
1999,2415.76358602287,2397.56069007814,747.613525390625,340
2000,2413.81377483714,2397.98547668816,747.613525390625,340
2001,2419.04004792512,2400.44015072798,747.856506347656,340
2002,2383.92979547169,2398.93292370694,747.856506347656,340
2003,2259.10706581079,2393.27354129229,747.856506347656,340
2004,2421.18534758083,2392.78516503726,747.856506347656,340
2005,2415.96496726063,2393.64929683932,747.856506347656,340
2006,2415.74506182949,2394.23315443487,747.856506347656,340
2007,2424.09679687861,2394.79934457015,747.856506347656,340
2008,2409.18966776935,2396.20409940857,747.856506347656,340
2009,2416.67539826377,2403.34529425309,747.39501953125,340
2010,2429.03365064186,2406.37102994774,747.39501953125,340
2011,2424.35426555786,2406.8862109624,747.39501953125,340
2012,2238.56557105273,2400.42996355225,747.39501953125,340
2013,2426.82617773743,2401.64337203613,747.39501953125,340
2014,2435.98303337289,2403.1355980076,747.39501953125,340
2015,2437.45961758854,2405.03645533625,747.39501953125,340
2016,2409.92651581433,2404.06190833967,747.39501953125,340
2017,2424.02217796464,2405.21521981021,745.645263671875,340
2018,2420.91424683099,2405.50806594187,745.645263671875,340
2019,2405.33743680771,2405.58293213167,745.645263671875,340
2020,2397.49830757263,2404.53601327779,745.645263671875,340
2021,2413.7954702502,2403.52624777573,745.645263671875,340
2022,2422.99259965597,2403.99133293402,745.645263671875,340
2023,2416.72359550367,2403.91776704007,745.645263671875,340
2024,2390.9892698667,2402.92679439382,745.645263671875,340
2025,2412.74643458127,2402.88410078359,748.181396484375,340
2026,2322.18031180554,2399.00971133881,748.181396484375,340
2027,2421.0728343575,2400.49543289424,748.181396484375,340
2028,2427.07362726612,2407.21409535245,748.181396484375,340
2029,2423.61878590356,2407.31143288536,748.181396484375,340
2030,2393.86473124335,2406.42742344467,748.181396484375,340
2031,2406.36040057159,2406.05203699435,748.181396484375,340
2032,2268.9778701558,2399.84727992544,748.181396484375,340
2033,2389.13997949163,2399.04529239433,747.384765625,340
2034,2403.65149295402,2398.52433618194,747.384765625,340
2035,2404.52226285162,2397.54388067033,747.384765625,340
2036,2419.05742975255,2397.33200723812,747.384765625,340
2037,2436.17914995017,2405.23655039402,747.384765625,340
2038,2420.37452041944,2404.9784841013,747.384765625,340
2039,2389.32700377905,2403.11224291754,747.384765625,340
2040,2413.91773176911,2402.17056748477,747.384765625,340
2041,2361.9206332241,2400.25033218116,749.704284667969,340
2042,2378.9130286471,2398.44596620846,749.704284667969,340
2043,2400.53836133345,2397.63093078855,749.704284667969,340
2044,2390.48477648666,2397.03682437571,749.704284667969,340
2045,2411.80636970502,2397.60914686101,749.704284667969,340
2046,2416.57579982947,2397.72036004418,749.704284667969,340
2047,2427.80955110007,2397.91303810194,749.704284667969,340
2048,2400.5641953707,2397.26666209662,749.704284667969,340
2049,2290.68989974007,2393.25468729156,751.541015625,340
2050,2427.66547684352,2393.85144898205,751.541015625,340
2051,2260.24501467449,2391.37403709681,751.541015625,340
2052,2430.73572615548,2391.76055276873,751.541015625,340
2053,2373.2080094844,2389.60592805746,751.541015625,340
2054,2420.75722939278,2389.49146579703,751.541015625,340
2055,2426.0543841401,2390.7790519129,751.541015625,340
2056,2411.71187151518,2390.99311075064,751.541015625,340
2057,2423.38363123072,2397.16934119364,750.495178222656,340
2058,2426.3968665508,2398.659616676,750.495178222656,340
2059,2422.39623674583,2399.40940642768,750.495178222656,340
2060,2443.43428108503,2400.96588715701,750.495178222656,340
2061,2411.09457312881,2400.64737289206,750.495178222656,340
2062,2421.65623433572,2400.06645626748,750.495178222656,340
2063,2320.76006415244,2396.0818780168,750.495178222656,340
2064,2426.51638064629,2397.56945309149,750.495178222656,340
2065,2406.76980215462,2397.28353590691,750.883911132812,340
2066,2442.59945835126,2400.510688912,750.883911132812,340
2067,2418.24726950484,2402.08405854631,750.883911132812,340
2068,2414.90039931168,2402.65854006544,750.883911132812,340
2069,2409.86405437439,2403.43371118095,750.883911132812,340
2070,2421.37819300049,2403.81658411277,750.883911132812,340
2071,2435.15541001822,2404.55976852032,750.883911132812,340
2072,2402.10292023222,2403.5315032856,750.883911132812,340
2073,2285.43782108099,2398.92644831402,754.4453125,340
2074,2410.45393038832,2403.71700953995,754.4453125,340
2075,2430.45235515353,2403.82848467235,754.4453125,340
2076,2400.67033649704,2409.44549754525,754.4453125,340
2077,2417.42548681989,2408.91308797182,754.4453125,340
2078,2411.16297899734,2410.43128675234,754.4453125,340
2079,2410.91878432456,2410.03774894961,754.4453125,340
2080,2423.34803664464,2409.92949504979,754.4453125,340
2081,2398.15437888408,2409.38719534455,754.374450683594,340
2082,2408.12267695511,2408.77675717353,754.374450683594,340
2083,2420.21525540233,2408.52949272759,754.374450683594,340
2084,2369.95157209926,2406.43170614172,754.374450683594,340
2085,2311.59514012314,2401.15814050325,754.374450683594,340
2086,2194.0945986792,2392.47814152526,754.374450683594,340
2087,2352.07487304486,2389.69488707363,754.374450683594,340
2088,2407.22206912068,2393.15336727236,754.374450683594,340
2089,2406.4996757892,2392.35269907808,750.924377441406,340
2090,2381.72107197799,2391.35074987101,750.924377441406,340
2091,2307.34698920333,2385.94065110509,750.924377441406,340
2092,2351.06897711948,2383.25351940968,750.924377441406,340
2093,2365.66691038523,2381.28417985262,750.924377441406,340
2094,2330.73461242607,2378.11900217469,750.924377441406,340
2095,2411.53413084143,2377.72523968833,750.924377441406,340
2096,2354.91713410587,2374.51570865183,750.924377441406,340
2097,2397.38905443738,2374.32715402004,752.669372558594,340
2098,2409.56479696308,2379.29223305532,752.669372558594,340
2099,2404.76595634794,2379.06471409371,752.669372558594,340
2100,2393.40377865071,2377.58277103359,752.669372558594,340
2101,2396.63341653915,2377.42129423528,752.669372558594,340
2102,2400.4899181553,2376.7438714887,752.669372558594,340
2103,2416.55267945574,2376.95945950703,752.669372558594,340
2104,2352.36322268044,2374.61723704127,752.669372558594,340
2105,2397.53888147034,2373.5848708343,752.821716308594,340
2106,2401.11972437561,2373.70348465396,752.821716308594,340
2107,2406.4929823853,2373.63829687116,752.821716308594,340
2108,2374.61669427988,2371.81435442627,752.821716308594,340
2109,2399.00300520378,2372.97641175045,752.821716308594,340
2110,2381.85866948075,2375.78695292475,752.821716308594,340
2111,2394.18887723544,2383.790724067,752.821716308594,340
2112,2390.26936113561,2385.31850359063,752.821716308594,340
2113,2406.86941207719,2385.30439730889,752.344848632812,340
2114,2379.02281298726,2384.20532279681,752.344848632812,340
2115,2392.7257389484,2384.64550947563,752.344848632812,340
2116,2405.70436107092,2388.57980435033,752.344848632812,340
2117,2346.36333509603,2388.39157866939,752.344848632812,340
2118,2403.47928592804,2389.90407369111,752.344848632812,340
2119,2399.84745303745,2392.66858731556,752.344848632812,340
2120,2406.80040481388,2392.47923827446,752.344848632812,340
2121,2332.75391050467,2391.59270933041,751.854125976562,340
2122,2310.34659129872,2388.11101080487,751.854125976562,340
2123,2408.27081535326,2388.05925154047,751.854125976562,340
2124,2388.96123949793,2387.42706286647,751.854125976562,340
2125,2374.12327468982,2386.65584270804,751.854125976562,340
2126,2379.90095307159,2385.98654416933,751.854125976562,340
2127,2400.18813927298,2385.97447301404,751.854125976562,340
2128,2383.41767425214,2384.6490728059,751.854125976562,340
2129,2404.23364320169,2386.72388962675,751.695678710938,340
2130,2390.0622700248,2386.42482516893,751.695678710938,340
2131,2416.96998772733,2387.05883570299,751.695678710938,340
2132,2407.36813345971,2387.09384174597,751.695678710938,340
2133,2388.47679661796,2387.64824583949,751.695678710938,340
2134,2418.07365573144,2388.4110718606,751.695678710938,340
2135,2403.99742047422,2389.29662190034,751.695678710938,340
2136,2376.84300866245,2388.60278715742,751.695678710938,340
2137,2383.21052146342,2388.32043357053,750.743347167969,340
2138,2385.55741686849,2387.46795376218,750.743347167969,340
2139,2384.24587744291,2387.67687634041,750.743347167969,340
2140,2383.8321329441,2387.32113210024,750.743347167969,340
2141,2392.76424872745,2386.8035276065,750.743347167969,340
2142,2401.28708351991,2389.00047754346,750.743347167969,340
2143,2408.45219144091,2389.19939376397,750.743347167969,340
2144,2386.09693632956,2388.64937309565,750.743347167969,340
2145,2386.20177898999,2387.8254280627,751.960083007812,340
2146,2381.02886778478,2389.7564263539,751.960083007812,340
2147,2346.87878558822,2391.21771412548,751.960083007812,340
2148,2405.51120039825,2391.10732952728,751.960083007812,340
2149,2407.19320826667,2391.83660827803,751.960083007812,340
2150,2401.04679038424,2392.91354890581,751.960083007812,340
2151,2343.19798970466,2391.44543037113,751.960083007812,340
2152,2391.61374702065,2391.10245468104,751.960083007812,340
2153,2404.67741211055,2391.95284419537,748.413452148438,340
2154,2402.05052577756,2391.86551949841,748.413452148438,340
2155,2412.24519303482,2392.75283641881,748.413452148438,340
2156,2385.72435506316,2391.50301111224,748.413452148438,340
2157,2360.46380521895,2389.62683798261,748.413452148438,340
2158,2398.87893672291,2390.04292358681,748.413452148438,340
2159,2409.54099990701,2389.70161735383,748.413452148438,340
2160,2382.36096256874,2388.83615903761,748.413452148438,340
2161,2389.43496678264,2389.33983736242,747.117858886719,340
2162,2392.32731263468,2389.70450900927,747.117858886719,340
2163,2403.7125533875,2390.43071447003,747.117858886719,340
2164,2407.66824249323,2391.36760907205,747.117858886719,340
2165,2409.94895973295,2392.4122821436,747.117858886719,340
2166,2412.31542007557,2393.19432899752,747.117858886719,340
2167,2389.02022049416,2392.70365447649,747.117858886719,340
2168,2393.82465078221,2392.11855285015,747.117858886719,340
2169,2417.21902009519,2393.36343620077,747.734130859375,340
2170,2422.44272770552,2394.81307414939,747.734130859375,340
2171,2421.87520646296,2396.44692769652,747.734130859375,340
2172,2386.5400645856,2398.03337885642,747.734130859375,340
2173,2414.31221676557,2398.38541951111,747.734130859375,340
2174,2400.00942134803,2398.09806803436,747.734130859375,340
2175,2386.5423519788,2397.51789049815,747.734130859375,340
2176,2404.78566915216,2399.98139767605,747.734130859375,340
2177,2300.14778687691,2396.3227592703,750.129089355469,340
2178,2418.43543677599,2396.87308025691,750.129089355469,340
2179,2405.29935489507,2397.00303342161,750.129089355469,340
2180,2413.13521992918,2397.03863449739,750.129089355469,340
2181,2429.86288038281,2398.80417551017,750.129089355469,340
2182,2421.87797394976,2401.26074225941,750.129089355469,340
2183,2413.94718122278,2401.8634720394,750.129089355469,340
2184,2429.45818314818,2402.66015936905,750.129089355469,340
2185,2428.49931768603,2404.50569357374,749.658447265625,340
2186,2394.823382222,2404.72123019131,749.658447265625,340
2187,2421.64722894001,2405.89402684353,749.658447265625,340
2188,2376.84394095782,2404.81928234634,749.658447265625,340
2189,2411.24380688205,2404.96230492189,749.658447265625,340
2190,2419.98004788429,2405.36354844795,749.658447265625,340
2191,2399.32061017729,2404.84375605201,749.658447265625,340
2192,2407.38028910709,2405.57815879653,749.658447265625,340
2193,2246.39618628287,2399.68102021656,751.171875,340
2194,2332.85214365336,2396.30634515888,751.171875,340
2195,2426.12579209447,2396.45366773444,751.171875,340
2196,2404.88868756847,2395.77420697866,751.171875,340
2197,2415.29325780282,2396.92433470735,751.171875,340
2198,2411.025226455,2396.79285509493,751.171875,340
2199,2420.35111716586,2397.60652292764,751.171875,340
2200,2389.60529728491,2397.72904073989,751.171875,340
2201,2422.31858378378,2398.43035732515,748.333435058594,340
2202,2397.24865476232,2402.31439204057,748.333435058594,340
2203,2399.41145519733,2401.55343277742,748.333435058594,340
2204,2136.0629464821,2390.7839764409,748.333435058594,340
2205,2415.99630265335,2390.89841974987,748.333435058594,340
2206,2424.33144468183,2390.67716232183,748.333435058594,340
2207,2402.65424008735,2389.90821296733,748.333435058594,340
2208,2353.28267709106,2387.48163280207,748.333435058594,340
2209,2400.63659994216,2386.32876947382,750.1142578125,340
2210,2405.23115170328,2385.39804283451,750.1142578125,340
2211,2423.59645585411,2386.5489657798,750.1142578125,340
2212,2436.46740155719,2387.14177268449,750.1142578125,340
2213,2431.88947548641,2389.34359406563,750.1142578125,340
2214,2404.3582419588,2389.0681714687,750.1142578125,340
2215,2404.79449745856,2388.46074945167,750.1142578125,340
2216,2424.56994560842,2389.47072286892,750.1142578125,340
2217,2435.13500296517,2390.58091142324,749.176818847656,340
2218,2418.49142967273,2397.46472115883,749.176818847656,340
2219,2407.32992558371,2400.44383243605,749.176818847656,340
2220,2415.85690121846,2400.03307680101,749.176818847656,340
2221,2404.51913753622,2400.01829479972,749.176818847656,340
2222,2421.45335174919,2400.26469855757,749.176818847656,340
2223,2436.57206858682,2401.28657224285,749.176818847656,340
2224,2415.38360865262,2401.08787190232,749.176818847656,340
2225,2387.80383187496,2401.01581328592,749.068725585938,340
2226,2428.31308040255,2401.25559315067,749.068725585938,340
2227,2401.29932730225,2401.41762005227,749.068725585938,340
2228,2428.79073498459,2402.59279124376,749.068725585938,340
2229,2350.31377445941,2411.16282436285,749.068725585938,340
2230,2426.67831368361,2411.59010480406,749.068725585938,340
2231,2442.33417531033,2412.3102140292,749.068725585938,340
2232,2440.09209719071,2413.80772831333,749.068725585938,340
2233,2365.737672366,2414.30592812433,751.164794921875,340
2234,2424.97087251408,2415.27929902721,751.164794921875,340
2235,2440.3173995844,2416.68274894245,751.164794921875,340
2236,2417.75215450819,2416.44897688862,751.164794921875,340
2237,2438.20293085213,2416.51839806041,751.164794921875,340
2238,2423.83076942116,2416.1960498178,751.164794921875,340
2239,2392.05958519561,2415.70410354728,751.164794921875,340
2240,2340.52702268597,2413.13340455637,751.164794921875,340
2241,2422.41385704495,2413.04716101383,753.265197753906,340
2242,2432.03021708805,2412.92296957875,753.265197753906,340
2243,2371.76521249773,2411.05392089175,753.265197753906,340
2244,2410.76792949113,2411.19144104805,753.265197753906,340
2245,2434.45550677445,2411.93538527029,753.265197753906,340
2246,2414.22896152959,2412.32377823002,753.265197753906,340
2247,2412.64273048424,2411.97135337942,753.265197753906,340
2248,2430.51117262495,2411.72891754095,753.265197753906,340
2249,2418.87743805241,2411.86867071694,753.094848632812,340
2250,2415.7053088595,2412.98472979632,753.094848632812,340
2251,2435.39436095443,2413.2679810184,753.094848632812,340
2252,2436.41474907419,2414.67259788927,753.094848632812,340
2253,2421.76340185636,2414.39150456414,753.094848632812,340
2254,2423.36622454178,2417.31360256744,753.094848632812,340
2255,2409.35640706574,2416.62072630272,753.094848632812,340
2256,2432.34869555065,2416.22130711234,753.094848632812,340
2257,2428.65695250187,2415.76390132478,754.145202636719,340
2258,2427.42876189614,2418.23154490599,754.145202636719,340
2259,2403.27653508238,2417.36377140872,754.145202636719,340
2260,2406.44158180352,2416.00873869749,754.145202636719,340
2261,2416.91990010226,2415.97544852125,754.145202636719,340
2262,2392.75689130943,2414.15760693954,754.145202636719,340
2263,2396.17668073874,2413.05144339224,754.145202636719,340
2264,2423.71583641075,2414.31769344085,754.145202636719,340
2265,2435.53513761062,2418.11801803783,750.561096191406,340
2266,2439.85186248866,2418.81553825558,750.561096191406,340
2267,2419.2962992457,2418.30618154189,750.561096191406,340
2268,2426.57519608575,2420.49858088541,750.561096191406,340
2269,2445.15399519318,2421.87402351349,750.561096191406,340
2270,2443.38828663722,2422.231334708,750.561096191406,340
2271,2418.90004484956,2422.4181780408,750.561096191406,340
2272,2416.65209702428,2422.5785527024,750.561096191406,340
2273,2421.51055316713,2422.21852792409,750.422790527344,340
2274,2387.4942838145,2420.96320175457,750.422790527344,340
2275,2447.3444713624,2422.22876825469,750.422790527344,340
2276,2433.15559028576,2422.13921742794,750.422790527344,340
2277,2394.43667440997,2420.46009444137,750.422790527344,340
2278,2429.26447708731,2420.76013745061,750.422790527344,340
2279,2439.02096670055,2421.38632713696,750.422790527344,340
2280,2419.73818147505,2421.80159811334,750.422790527344,340
2281,2424.5495560398,2421.4896325329,748.745727539062,340
2282,2443.47489588685,2422.0823502683,748.745727539062,340
2283,2420.22355764326,2421.79414209819,748.745727539062,340
2284,2427.45801456958,2422.76140127767,748.745727539062,340
2285,2434.47556738022,2423.88276070074,748.745727539062,340
2286,2446.11084348347,2425.05039843599,748.745727539062,340
2287,2457.77999906228,2427.6513227461,748.745727539062,340
2288,2447.5630880357,2429.70677903798,748.745727539062,340
2289,2433.06817936648,2430.08087275621,747.314697265625,340
2290,2433.14947634453,2429.98544630557,747.314697265625,340
2291,2441.63022712353,2430.05658089096,747.314697265625,340
2292,2448.65133605117,2431.23078236318,747.314697265625,340
2293,2367.41803252262,2428.86449582066,747.314697265625,340
2294,2435.63574892645,2428.48376596999,747.314697265625,340
2295,2444.5063543716,2428.52848867936,747.314697265625,340
2296,2445.51955872355,2429.59326923432,747.314697265625,340
2297,2439.68358383839,2430.51452870689,745.857421875,340
2298,2434.20501316407,2431.02230710676,745.857421875,340
2299,2423.62085669938,2432.46737002216,745.857421875,340
2300,2432.33247175367,2431.86689003781,745.857421875,340
2301,2456.61368875705,2432.80521397666,745.857421875,340
2302,2437.87929630506,2434.54291885247,745.857421875,340
2303,2434.39382589686,2434.74809280485,745.857421875,340
2304,2449.21644519249,2435.15591194453,745.857421875,340
2305,2440.48665873798,2435.98585103504,748.665100097656,340
2306,2443.12867468567,2436.72901578088,748.665100097656,340
2307,2457.02083610428,2437.27085338957,748.665100097656,340
2308,2436.10345916052,2437.90604945026,748.665100097656,340
2309,2443.24977225735,2438.53771975777,748.665100097656,340
2310,2428.53784348512,2438.30021080197,748.665100097656,340
2311,2452.47472757477,2438.55476616562,748.665100097656,340
2312,2450.08518530765,2438.24697361544,748.665100097656,340
2313,2444.94999082463,2438.14244972699,749.926025390625,340
2314,2438.43245465309,2438.35702073846,749.926025390625,340
2315,2432.06079154918,2438.31347334665,749.926025390625,340
2316,2455.43435269579,2438.86563836954,749.926025390625,340
2317,2442.29184361423,2438.61125867206,749.926025390625,340
2318,2436.98327582073,2441.39386840398,749.926025390625,340
2319,2447.89724083346,2441.88432808026,749.926025390625,340
2320,2421.12831437726,2440.94920648049,749.926025390625,340
2321,2418.85562074867,2439.88264896149,747.686706542969,340
2322,2418.97387095456,2439.05426044614,747.686706542969,340
2323,2434.43076073838,2439.06329034911,747.686706542969,340
2324,2441.59627673533,2439.78230715055,747.686706542969,340
2325,2441.00887690003,2440.12936335641,747.686706542969,340
2326,2443.38139756169,2439.60007170859,747.686706542969,340
2327,2448.61128230539,2440.0293511486,747.686706542969,340
2328,2446.41550844791,2440.51021845065,747.686706542969,340
2329,2466.5417987491,2441.20323259291,749.027954101562,340
2330,2438.09300608326,2441.10748648672,749.027954101562,340
2331,2424.94213091805,2440.38002473602,749.027954101562,340
2332,2439.88094344227,2439.69442902954,749.027954101562,340
2333,2447.18634811377,2440.13774458767,749.027954101562,340
2334,2450.49589559617,2440.42758952122,749.027954101562,340
2335,2446.31175125835,2441.13854583215,749.027954101562,340
2336,2448.5113715847,2440.98001159254,749.027954101562,340
2337,2456.62105131411,2441.2414462328,752.089233398438,340
2338,2456.45605543566,2441.70168881724,752.089233398438,340
2339,2452.41257224493,2442.26089352092,752.089233398438,340
2340,2460.14724939955,2443.38435183493,752.089233398438,340
2341,2440.32144116129,2442.77983537355,752.089233398438,340
2342,2447.78235440695,2442.99945580526,752.089233398438,340
2343,2441.94874262404,2443.1980744774,752.089233398438,340
2344,2233.64465081143,2434.62797087651,752.089233398438,340
2345,2449.5076381277,2435.76314382653,752.048156738281,340
2346,2457.93389193034,2437.3262746738,752.048156738281,340
2347,2448.89274367998,2438.52302958282,752.048156738281,340
2348,2456.01175610135,2439.38626939733,752.048156738281,340
2349,2438.7677429685,2439.27312804666,752.048156738281,340
2350,2455.39655997502,2439.84863536966,752.048156738281,340
2351,2449.23893494837,2440.08293686513,752.048156738281,340
2352,2451.38172410848,2440.19375453725,752.048156738281,340
2353,2470.67535249529,2441.16414829915,753.178344726562,340
2354,2457.90991045981,2440.81887276758,753.178344726562,340
2355,2460.95898052507,2441.73351174525,753.178344726562,340
2356,2457.71903971542,2443.04458809714,753.178344726562,340
2357,2436.66041395509,2442.91576691766,753.178344726562,340
2358,2447.52861648709,2442.92945765259,753.178344726562,340
2359,2444.02644536575,2442.67067964337,753.178344726562,340
2360,2456.86805797462,2443.09293191202,753.178344726562,340
2361,2438.51313021083,2442.69300225707,754.386962890625,340
2362,2439.40805073315,2442.00448223383,754.386962890625,340
2363,2428.81035650298,2440.89865427652,754.386962890625,340
2364,2441.94347897973,2440.47989054591,754.386962890625,340
2365,2454.7720304986,2440.26488178987,754.386962890625,340
2366,2333.3565302462,2435.98628535327,754.386962890625,340
2367,2429.75263416317,2435.26509654352,754.386962890625,340
2368,2436.00490002699,2435.02734283964,754.386962890625,340
2369,2442.26090677666,2443.37199307825,753.6728515625,340
2370,2433.57765953283,2442.73479393445,753.6728515625,340
2371,2462.87798729807,2442.93255774916,753.6728515625,340
2372,2462.8299449324,2443.49004579926,753.6728515625,340
2373,2220.8695880437,2434.08435907695,753.6728515625,340
2374,2452.51994604492,2434.63444720001,753.6728515625,340
2375,2449.31298223108,2434.39110409025,753.6728515625,340
2376,2455.82260657628,2434.65445095537,753.6728515625,340
2377,2313.8991578819,2429.15514830631,752.2783203125,340
2378,2295.52823949948,2422.14926378647,752.2783203125,340
2379,2466.74539164483,2422.50268303387,752.2783203125,340
2380,2458.91582323694,2422.42095674235,752.2783203125,340
2381,2452.81554737693,2422.22481704881,752.2783203125,340
2382,2270.49179322415,2415.57807221957,752.2783203125,340
2383,2320.02904034093,2410.47808917372,752.2783203125,340
2384,2460.3567384804,2411.13130089831,752.2783203125,340
2385,2397.65399056822,2408.76273820205,754.992614746094,340
2386,2470.77635528275,2410.05326720493,754.992614746094,340
2387,2452.55894261226,2410.5793028801,754.992614746094,340
2388,2446.45954643391,2411.28527047733,754.992614746094,340
2389,2433.35340495636,2410.9416675164,754.992614746094,340
2390,2465.74679447162,2411.38065807532,754.992614746094,340
2391,2464.60148143047,2416.63045612269,754.992614746094,340
2392,2443.46378859184,2417.17890229984,754.992614746094,340
2393,2173.74586855233,2406.68854104085,757.217590332031,340
2394,2440.10396787074,2406.60226348461,757.217590332031,340
2395,2456.21066048795,2407.50758352282,757.217590332031,340
2396,2446.18358389914,2406.83980738686,757.217590332031,340
2397,2440.5248616208,2405.9476040544,757.217590332031,340
2398,2456.47691474311,2415.37189712237,757.217590332031,340
2399,2445.7975124111,2415.10299977702,757.217590332031,340
2400,2434.17538314623,2414.49749581363,757.217590332031,340
2401,2426.83113450573,2413.33783693081,759.177917480469,340
2402,2422.72530271146,2417.69088272399,759.177917480469,340
2403,2276.13451780639,2416.91513385626,759.177917480469,340
2404,2233.31420882119,2407.57788654332,759.177917480469,340
2405,2376.70222365946,2404.28934256022,759.177917480469,340
2406,2391.08332117362,2401.82005351209,759.177917480469,340
2407,2440.11205953338,2408.60486416445,759.177917480469,340
2408,2435.93874070561,2413.24125217904,759.177917480469,340
2409,2449.80974283039,2412.81937235304,759.391967773438,340
2410,2450.14328825432,2414.91894426049,759.391967773438,340
2411,2431.86787622084,2413.36260509801,759.391967773438,340
2412,2443.80120108036,2413.01229543673,759.391967773438,340
2413,2429.76559118537,2412.34453722679,759.391967773438,340
2414,2416.85234732428,2411.68449492151,759.391967773438,340
2415,2426.02514613008,2410.09562898785,759.391967773438,340
2416,2433.99649991422,2408.8714297272,759.391967773438,340
2417,2388.34011683103,2406.66648285677,758.455261230469,340
2418,2426.35067326971,2416.77067504546,758.455261230469,340
2419,2454.77864018538,2417.35766193805,758.455261230469,340
2420,2443.70919611975,2416.85760336332,758.455261230469,340
2421,2444.75377017796,2416.80041081447,758.455261230469,340
2422,2425.96656667264,2416.21807901654,758.455261230469,340
2423,2432.62719913448,2415.2640903922,758.455261230469,340
2424,2449.65016169013,2415.41819636336,758.455261230469,340
2425,2446.54001552877,2415.91278165866,756.141052246094,340
2426,2368.66433375649,2413.58610962869,756.141052246094,340
2427,2431.98809645148,2413.95662137829,756.141052246094,340
2428,2412.00466692032,2419.39142734285,756.141052246094,340
2429,2423.46213914365,2426.99734455575,756.141052246094,340
2430,2446.78992631102,2429.80085266181,756.141052246094,340
2431,2453.81141370136,2432.30997636292,756.141052246094,340
2432,2358.55674009036,2429.0477635852,756.141052246094,340
2433,2409.14924826911,2427.97618388774,752.088439941406,340
2434,2444.99658107184,2427.7836574174,752.088439941406,340
2435,2423.14322195284,2426.70365476534,752.088439941406,340
2436,2440.80909783912,2427.06130363007,752.088439941406,340
2437,2370.71649292119,2424.1379153037,752.088439941406,340
2438,2410.97644906257,2423.38634961879,752.088439941406,340
2439,2433.65567593937,2424.05848276339,752.088439941406,340
2440,2447.79624351781,2424.9293266589,752.088439941406,340
2441,2437.59210594451,2425.07315090011,752.635375976562,340
2442,2455.28702196447,2427.75102710545,752.635375976562,340
2443,2386.83561600266,2426.17042481477,752.635375976562,340
2444,2462.33745047862,2426.4727772265,752.635375976562,340
2445,2455.92818267025,2426.96153668852,752.635375976562,340
2446,2440.81518508622,2426.80399328485,752.635375976562,340
2447,2412.10129444516,2426.24938239575,752.635375976562,340
2448,2442.58987756644,2426.64788953303,752.635375976562,340
2449,2410.18636114823,2425.06933751135,752.708068847656,340
2450,2435.34775235434,2424.62164698438,752.708068847656,340
2451,2463.66549595184,2428.42169347219,752.708068847656,340
2452,2432.34068190432,2428.4357968903,752.708068847656,340
2453,2439.89089162841,2429.55124587863,752.708068847656,340
2454,2446.17779263285,2430.4598720182,752.708068847656,340
2455,2444.71911829624,2430.3770396976,752.708068847656,340
2456,2439.36163090143,2429.79904838561,752.708068847656,340
2457,2422.1439156284,2432.34253540713,752.8193359375,340
2458,2445.7580184207,2433.80688621319,752.8193359375,340
2459,2435.89276407569,2433.44273353335,752.8193359375,340
2460,2357.52710488334,2430.81808885057,752.8193359375,340
2461,2450.94742710961,2431.22362202139,752.8193359375,340
2462,2426.3964488764,2433.45082025959,752.8193359375,340
2463,2432.41805703987,2434.30848457869,752.8193359375,340
2464,2442.26829477668,2434.65298933218,752.8193359375,340
2465,2430.17514766861,2433.94814549821,753.391906738281,340
2466,2425.61815302071,2433.46918738126,753.391906738281,340
2467,2365.29299611658,2429.86942634734,753.391906738281,340
2468,2446.02236129374,2432.23689615899,753.391906738281,340
2469,2380.27133547495,2428.95425155884,753.391906738281,340
2470,2454.60636612757,2428.90137889713,753.391906738281,340
2471,2426.69925994338,2428.33674189142,753.391906738281,340
2472,2425.98755592136,2428.89219235047,753.391906738281,340
2473,2436.84733288934,2428.66249056338,750.926818847656,340
2474,2401.96504338343,2428.33363785279,750.926818847656,340
2475,2444.09233392662,2428.68342111568,750.926818847656,340
2476,2417.42043350658,2426.83361861787,750.926818847656,340
2477,2446.18706458962,2427.38747392528,750.926818847656,340
2478,2451.21262725168,2427.84034335021,750.926818847656,340
2479,2426.80462637125,2427.06541669975,750.926818847656,340
2480,2437.53793543855,2426.77816938544,750.926818847656,340
2481,2439.0734139778,2426.7666407085,750.072387695312,340
2482,2436.73529177559,2427.35029575439,750.072387695312,340
2483,2437.5432731106,2427.02170594198,750.072387695312,340
2484,2454.84099548564,2427.77963519838,750.072387695312,340
2485,2437.92246890189,2430.99544975912,750.072387695312,340
2486,2441.96553944727,2430.63617425263,750.072387695312,340
2487,2443.52088940737,2431.32115187387,750.072387695312,340
2488,2392.34018046554,2429.71803681089,750.072387695312,340
2489,2460.3091717185,2430.43967188857,748.123718261719,340
2490,2437.26052765769,2430.72308708813,748.123718261719,340
2491,2446.00422161568,2431.53852983193,748.123718261719,340
2492,2442.58101048264,2434.63005040657,748.123718261719,340
2493,2417.19038806489,2433.47677147742,748.123718261719,340
2494,2450.10758445363,2436.27022143656,748.123718261719,340
2495,2449.06321962809,2436.04849557658,748.123718261719,340
2496,2374.72078960272,2433.96935676296,748.123718261719,340
2497,2451.17365749486,2434.9768008259,747.716247558594,340
2498,2448.89869548901,2435.45885532988,747.716247558594,340
2499,2453.21693858019,2437.50893113776,747.716247558594,340
2500,2456.36661968252,2437.99990256799,747.716247558594,340
2501,2462.39536494968,2439.79889982572,747.716247558594,340
2502,2442.32862781265,2439.64456235464,747.716247558594,340
2503,2459.76793595622,2439.98677470282,747.716247558594,340
2504,2462.06125503482,2441.39703984936,747.716247558594,340
2505,2449.29392998282,2441.86727963113,748.759155273438,340
2506,2465.31613707132,2442.91698855487,748.759155273438,340
2507,2461.09495020413,2443.89137489201,748.759155273438,340
2508,2459.94110078702,2444.78728799907,748.759155273438,340
2509,2451.44224495212,2444.65133797773,748.759155273438,340
2510,2456.18963215713,2445.38202450794,748.759155273438,340
2511,2471.86414126894,2446.57796858081,748.759155273438,340
2512,2449.80652054542,2446.82939382633,748.759155273438,340
2513,2466.78324071161,2449.80711623617,748.35693359375,340
2514,2430.91540667767,2448.63136563454,748.35693359375,340
2515,2456.02432869264,2449.38191767594,748.35693359375,340
2516,2455.4180784225,2449.75847194821,748.35693359375,340
2517,2455.00773324651,2450.25554085876,748.35693359375,340
2518,2446.36735152417,2451.42261939713,748.35693359375,340
2519,2451.64698376402,2451.48419536955,748.35693359375,340
2520,2452.70984998154,2451.63006058369,748.35693359375,340
2521,2456.56549527257,2454.90384881048,749.358520507812,340
2522,2461.60244150012,2455.32100017069,749.358520507812,340
2523,2457.65854403976,2455.67139411272,749.358520507812,340
2524,2454.44305533472,2455.72043878291,749.358520507812,340
2525,2428.83948826103,2454.61935352605,749.358520507812,340
2526,2403.46898410377,2452.26229829221,749.358520507812,340
2527,2457.21814561037,2452.85787900412,749.358520507812,340
2528,2461.19082331159,2452.91479449833,749.358520507812,340
2529,2451.40416630707,2452.48851094922,749.102111816406,340
2530,2460.23936904077,2452.92632851154,749.102111816406,340
2531,2465.02780376146,2452.91479517915,749.102111816406,340
2532,2455.29993463953,2452.68299455656,749.102111816406,340
2533,2450.58759682658,2452.30885439815,749.102111816406,340
2534,2462.37821523854,2452.7462932096,749.102111816406,340
2535,2447.56894559654,2452.40146574718,749.102111816406,340
2536,2440.49664184824,2451.14676577035,749.102111816406,340
2537,2469.1542851942,2451.9206763563,748.445983886719,340
2538,2460.65253831736,2451.67544826053,748.445983886719,340
2539,2423.04304076674,2451.3605536241,748.445983886719,340
2540,2465.50978914551,2451.73997204221,748.445983886719,340
2541,2450.58339532739,2451.54658471841,748.445983886719,340
2542,2449.71504697039,2451.33487726736,748.445983886719,340
2543,2446.30831808999,2451.33251592999,748.445983886719,340
2544,2433.00780706027,2450.58694886184,748.445983886719,340
2545,2463.06702260963,2451.00123576697,748.3369140625,340
2546,2456.63247479226,2451.00391494775,748.3369140625,340
2547,2465.35679440594,2451.15408906399,748.3369140625,340
2548,2465.21038561725,2451.45616272709,748.3369140625,340
2549,2455.58003564041,2451.50164193931,748.3369140625,340
2550,2451.11370583308,2452.39261064219,748.3369140625,340
2551,2460.31076887646,2454.6662820331,748.3369140625,340
2552,2458.0978602813,2454.70147061994,748.3369140625,340
2553,2459.44866415996,2454.63178425387,750.485778808594,340
2554,2462.57774545138,2455.07872741965,750.485778808594,340
2555,2458.32322991014,2455.00208185442,750.485778808594,340
2556,2456.78235618095,2454.6722639512,750.485778808594,340
2557,2465.35074975098,2455.07429655566,750.485778808594,340
2558,2458.19835178614,2455.37872675404,750.485778808594,340
2559,2461.3300265839,2455.33679920786,750.485778808594,340
2560,2448.28583844137,2455.36547492165,750.485778808594,340
2561,2436.24793440839,2455.19552662406,750.993713378906,340
2562,2453.9639450139,2454.58791301684,750.993713378906,340
2563,2459.97871850511,2454.56096022435,750.993713378906,340
2564,2440.2839668396,2455.25059726727,750.993713378906,340
2565,2475.77574041798,2455.66123531817,750.993713378906,340
2566,2467.52452336324,2456.3388804396,750.993713378906,340
2567,2462.60514389828,2456.85448431672,750.993713378906,340
2568,2462.61174772777,2457.50662150223,750.993713378906,340
2569,2453.28320413938,2458.31763738539,750.942016601562,340
2570,2459.84883947499,2458.18891006001,750.942016601562,340
2571,2474.56407015784,2458.90617387463,750.942016601562,340
2572,2455.26585885383,2458.50253645255,750.942016601562,340
2573,2459.00422240245,2458.25428992395,750.942016601562,340
2574,2461.36716215209,2458.48577498442,750.942016601562,340
2575,2468.60962886804,2459.18561190582,750.942016601562,340
2576,2458.24352784806,2459.10292226468,750.942016601562,340
2577,2462.37433128313,2459.27398110476,751.003356933594,340
2578,2465.67930399344,2459.5232066981,751.003356933594,340
2579,2455.07409518525,2459.22306068745,751.003356933594,340
2580,2463.83250616153,2459.44343173751,751.003356933594,340
2581,2460.25964674785,2459.58252336018,751.003356933594,340
2582,2458.13750244886,2459.2939934681,751.003356933594,340
2583,2465.5254863981,2459.58707885258,751.003356933594,340
2584,2462.61214545392,2459.63836360738,751.003356933594,340
2585,2467.56147222716,2460.40938895881,751.94189453125,340
2586,2454.99147037796,2461.15913039759,751.94189453125,340
2587,2440.39926463292,2460.61654318235,751.94189453125,340
2588,2459.50336295174,2460.59752896022,751.94189453125,340
2589,2453.25187565926,2461.116245313,751.94189453125,340
2590,2456.39655532293,2460.3410779092,751.94189453125,340
2591,2459.59043526875,2460.02371438542,751.94189453125,340
2592,2457.8073477219,2459.83180253837,751.94189453125,340
2593,2460.0052193747,2459.72754140424,753.852233886719,340
2594,2470.9808605433,2460.4354476604,753.852233886719,340
2595,2466.7717418987,2460.71236375735,753.852233886719,340
2596,2465.50952889126,2460.35018210669,753.852233886719,340
2597,2467.89851463757,2460.85548833804,753.852233886719,340
2598,2477.79630525367,2461.60717165208,753.852233886719,340
2599,2459.86996801399,2461.54728388656,753.852233886719,340
2600,2471.34978376862,2461.65689008258,753.852233886719,340
2601,2463.39566490778,2461.86297556497,754.760314941406,340
2602,2470.88817733411,2462.20352940701,754.760314941406,340
2603,2333.26682980869,2456.90703043962,754.760314941406,340
2604,2465.70347773646,2457.33220574167,754.760314941406,340
2605,2470.80836138605,2457.61123995065,754.760314941406,340
2606,2464.66321201023,2457.78738256114,754.760314941406,340
2607,2450.76887198695,2457.49263734267,754.760314941406,340
2608,2431.81044592906,2456.14403572391,754.760314941406,340
2609,2458.3259553321,2455.97258811903,754.877197265625,340
2610,2446.49726509962,2455.13001983393,754.877197265625,340
2611,2470.96087119906,2455.76879586678,754.877197265625,340
2612,2473.2112862891,2457.08127673302,754.877197265625,340
2613,2469.41376727646,2457.47769290601,754.877197265625,340
2614,2468.67624804928,2458.09466780161,754.877197265625,340
2615,2470.53751143601,2458.66030604614,754.877197265625,340
2616,2485.68719322727,2459.70417636448,754.877197265625,340
2617,2468.58613737544,2460.13532795062,755.933410644531,340
2618,2202.92163545798,2449.85198459395,755.933410644531,340
2619,2471.8426191625,2449.88645493872,755.933410644531,340
2620,2458.68867658349,2449.56313232611,755.933410644531,340
2621,2462.1348760338,2449.42814621181,755.933410644531,340
2622,2459.91795598984,2449.1089238659,755.933410644531,340
2623,2459.44020142165,2448.37467971262,755.933410644531,340
2624,2364.02990836657,2444.54107732672,755.933410644531,340
2625,2446.32457655174,2443.54006903805,755.857482910156,340
2626,2455.04379645676,2443.20599430001,755.857482910156,340
2627,2447.72374918498,2442.27941717404,755.857482910156,340
2628,2455.72611252761,2447.1777884828,755.857482910156,340
2629,2459.76896893361,2446.94040813069,755.857482910156,340
2630,2453.92377236688,2446.26502456992,755.857482910156,340
2631,2427.38565490922,2444.77392228588,755.857482910156,340
2632,2442.64156100419,2444.44882984657,755.857482910156,340
2633,2458.99307826004,2445.53613513981,754.07275390625,340
2634,2453.80644798964,2445.35535484611,754.07275390625,340
2635,2470.30807976659,2446.30778743279,754.07275390625,340
2636,2465.49899760323,2446.08931248895,754.07275390625,340
2637,2469.93307060282,2445.9581838615,754.07275390625,340
2638,2458.86541727671,2445.53624986151,754.07275390625,340
2639,2432.95873569072,2444.10754936717,754.07275390625,340
2640,2432.74550117158,2442.59586895659,754.07275390625,340
2641,2458.16144432607,2441.49483900055,757.152160644531,340
2642,2470.87018994519,2441.58620110334,757.152160644531,340
2643,2457.85478040184,2451.78352690109,757.152160644531,340
2644,2451.43394164005,2450.96717980019,757.152160644531,340
2645,2448.88323401695,2450.57496209753,757.152160644531,340
2646,2462.02409992316,2450.57053105311,757.152160644531,340
2647,2453.12169382151,2450.29868056637,757.152160644531,340
2648,2464.82332058407,2450.51400533287,757.152160644531,340
2649,2468.81904810406,2454.70557092237,757.120910644531,340
2650,2452.4767796069,2454.95165904458,757.120910644531,340
2651,2466.40115801755,2455.40595350701,757.120910644531,340
2652,2444.511901914,2455.27747961617,757.120910644531,340
2653,2447.0395898848,2454.93001871045,757.120910644531,340
2654,2459.43380361783,2454.91661209782,757.120910644531,340
2655,2447.30045344221,2454.65167934084,757.120910644531,340
2656,2456.35089084908,2455.81028877843,757.120910644531,340
2657,2453.93115118456,2456.26187238565,757.007263183594,340
2658,2459.48192998793,2456.28142645476,757.007263183594,340
2659,2470.07248374322,2456.9320678849,757.007263183594,340
2660,2468.52848960758,2456.86088427854,757.007263183594,340
2661,2442.64365269685,2455.94667048229,757.007263183594,340
2662,2449.13859745687,2455.11489155645,757.007263183594,340
2663,2461.91767601322,2455.23698190591,757.007263183594,340
2664,2441.5081017965,2455.57895655014,757.007263183594,340
2665,2452.41958565979,2456.36591992967,757.363891601562,340
2666,2461.22548248577,2456.48848145606,757.363891601562,340
2667,2346.26459750801,2451.50425775857,757.363891601562,340
2668,2449.03301550352,2451.15138716264,757.363891601562,340
2669,2462.12446040634,2451.57900791329,757.363891601562,340
2670,2458.93944923046,2451.98125652183,757.363891601562,340
2671,2479.32620609875,2452.67334076885,757.363891601562,340
2672,2450.61125080792,2452.57292304831,757.363891601562,340
2673,2337.57041117618,2447.482806672,757.127319335938,340
2674,2419.08151847143,2445.49330548669,757.127319335938,340
2675,2470.02518660239,2446.19524176651,757.127319335938,340
2676,2459.27391361988,2445.9101519906,757.127319335938,340
2677,2469.38863821637,2446.9052214427,757.127319335938,340
2678,2462.70555645455,2447.53186010549,757.127319335938,340
2679,2464.47440573289,2447.73348419009,757.127319335938,340
2680,2470.34125717763,2448.65511633951,757.127319335938,340
2681,2429.20612259547,2447.56932560936,757.848083496094,340
2682,2464.41638708851,2447.98873504552,757.848083496094,340
2683,2467.13523007743,2448.2948670491,757.848083496094,340
2684,2459.96026729563,2447.8903783912,757.848083496094,340
2685,2471.79089842604,2448.02087474394,757.848083496094,340
2686,2463.82788561318,2448.86824406059,757.848083496094,340
2687,2422.74142783183,2447.81235727559,757.848083496094,340
2688,2465.80210258299,2447.96773433838,757.848083496094,340
2689,2475.60475492875,2449.33160046367,756.653625488281,340
2690,2461.19342034252,2449.68255385098,756.653625488281,340
2691,2476.49885275963,2450.29348866193,756.653625488281,340
2692,2474.29159321721,2455.4145684903,756.653625488281,340
2693,2471.03522554461,2456.29465689194,756.653625488281,340
2694,2317.13199207684,2450.49495815876,756.653625488281,340
2695,2468.95540089422,2450.89559622531,756.653625488281,340
2696,2468.33833184984,2450.45608125536,756.653625488281,340
2697,2478.36817963814,2451.56635840857,756.886047363281,340
2698,2481.1929697778,2457.31126075263,756.886047363281,340
2699,2425.21995351896,2457.55679815453,756.886047363281,340
2700,2487.38435661585,2458.25116495507,756.886047363281,340
2701,2483.84624255404,2459.23405811244,756.886047363281,340
2702,2463.68570542869,2459.00594080093,756.886047363281,340
2703,2463.85305785779,2459.05184085706,756.886047363281,340
2704,2470.87172900919,2459.30773378811,756.886047363281,340
2705,2462.51301732811,2458.99460419413,755.921264648438,340
2706,2472.28095618576,2460.71759753774,755.921264648438,340
2707,2401.29676720934,2458.19281274258,755.921264648438,340
2708,2444.23894984967,2457.27696153346,755.921264648438,340
2709,2466.1842488227,2457.52592079455,755.921264648438,340
2710,2395.05476586226,2454.456475492,755.921264648438,340
2711,2467.02191227016,2454.58423655828,755.921264648438,340
2712,2467.29553835156,2456.36640097907,755.921264648438,340
2713,2420.44063165275,2454.55194214186,755.9033203125,340
2714,2428.49398195317,2452.66751122283,755.9033203125,340
2715,2350.0228447614,2448.22068819959,755.9033203125,340
2716,2448.7549607868,2447.11093252067,755.9033203125,340
2717,2418.74325805387,2444.88899911414,755.9033203125,340
2718,2454.7167670385,2444.2362607739,755.9033203125,340
2719,2414.94632420005,2448.14883405882,755.9033203125,340
2720,2335.76948929025,2442.82139759467,755.9033203125,340
2721,2432.73348055467,2441.39720354286,755.671630859375,340
2722,2413.6323569633,2438.80777063587,755.671630859375,340
2723,2415.73230911,2436.18934420915,755.671630859375,340
2724,2460.41713653287,2437.59723152971,755.671630859375,340
2725,2448.83100854877,2436.05509760703,755.671630859375,340
2726,2404.79408713037,2432.89301139008,755.671630859375,340
2727,2423.63675921571,2431.29105354156,755.671630859375,340
2728,2329.62683117367,2425.9220044742,755.671630859375,340
2729,2289.97670664106,2418.68620357947,754.246520996094,340
2730,2386.41471248905,2415.64227138591,754.246520996094,340
2731,2382.47186872724,2412.04990788757,754.246520996094,340
2732,2346.25099510259,2409.8480770033,754.246520996094,340
2733,2415.21207821922,2408.68700213808,754.246520996094,340
2734,2413.98909339436,2406.59919592095,754.246520996094,340
2735,2342.60088599414,2404.50104072622,754.246520996094,340
2736,2374.3028573475,2400.79227852931,754.246520996094,340
2737,2461.49738594294,2400.56035243297,752.522277832031,340
2738,2386.69994615175,2399.21072501293,752.522277832031,340
2739,2375.10100569463,2397.07500596259,752.522277832031,340
2740,2461.18712929025,2401.52157734374,752.522277832031,340
2741,2413.84615851855,2400.12522525301,752.522277832031,340
2742,2457.90930023091,2401.69186694009,752.522277832031,340
2743,2424.94577518763,2400.50102726606,752.522277832031,340
2744,2408.29037582381,2400.23478933101,752.522277832031,340
2745,2282.73880655237,2398.1135620215,755.851318359375,340
2746,2464.73140896658,2399.39347915797,755.851318359375,340
2747,2440.3142188938,2400.46075363519,755.851318359375,340
2748,2368.77501518966,2398.58246187838,755.851318359375,340
2749,2415.64327269645,2396.79150732492,755.851318359375,340
2750,2412.08665616202,2395.32173322945,755.851318359375,340
2751,2454.99789186976,2397.32988541903,755.851318359375,340
2752,2266.22598302731,2391.03345437149,755.851318359375,340
2753,2348.51001743939,2391.78878182212,757.820434570312,340
2754,2448.92917265994,2398.14688046287,757.820434570312,340
2755,2375.73819566938,2397.71981979009,757.820434570312,340
2756,2470.57011631419,2401.24374969356,757.820434570312,340
2757,2312.15045361232,2399.87972803395,757.820434570312,340
2758,2473.15382290983,2402.19739782158,757.820434570312,340
2759,2346.58518287661,2399.50124140087,757.820434570312,340
2760,2458.08322469216,2404.12053494879,757.820434570312,340
2761,2464.85809897646,2407.74274461395,757.402404785156,340
2762,2353.36131218564,2403.41730166366,757.402404785156,340
2763,2393.89375859615,2403.70505416143,757.402404785156,340
2764,2446.21010935625,2406.5494183079,757.402404785156,340
2765,2458.89559461332,2406.45775692082,757.402404785156,340
2766,2460.97304242854,2408.34283227722,757.402404785156,340
2767,2459.02444714088,2408.38743815362,757.402404785156,340
2768,2443.56807872797,2409.13233029523,757.402404785156,340
2769,2457.8199033635,2411.11351139682,758.931945800781,340
2770,2461.50446482849,2418.26413772786,758.931945800781,340
2771,2438.66538519017,2417.22149677681,758.931945800781,340
2772,2395.66258688636,2415.43543149651,758.931945800781,340
2773,2448.59418856258,2418.62819843143,758.931945800781,340
2774,2456.94470543768,2420.28025574108,758.931945800781,340
2775,2468.45986093611,2422.53518393204,758.931945800781,340
2776,2287.9469432097,2415.85314598564,758.931945800781,340
2777,2420.34434710141,2422.0178805486,761.389953613281,340
2778,2462.0539739888,2426.55963881058,761.389953613281,340
2779,2436.58973464777,2426.06606129009,761.389953613281,340
2780,2419.16411509768,2427.80309806722,761.389953613281,340
2781,2292.64643987301,2420.68615100958,761.389953613281,340
2782,2448.4367464887,2426.13760272463,761.389953613281,340
2783,2455.51739379673,2425.43214556011,761.389953613281,340
2784,2235.17554262536,2420.97575995006,761.389953613281,340
2785,2439.98771667427,2420.25193962934,760.716491699219,340
2786,2439.76468897903,2419.24820322944,760.716491699219,340
2787,2454.09409797244,2423.27751466092,760.716491699219,340
2788,2457.8577611422,2425.83607476276,760.716491699219,340
2789,2447.07213089096,2425.87055562415,760.716491699219,340
2790,2438.88463424331,2425.07011720935,760.716491699219,340
2791,2442.89051936754,2424.34681628691,760.716491699219,340
2792,2462.24484681216,2424.47563227376,760.716491699219,340
2793,2452.18424663958,2424.82027899022,762.576049804688,340
2794,2444.90771800312,2424.30379157581,762.576049804688,340
2795,2433.20801763756,2423.17193368817,762.576049804688,340
2796,2451.95232748477,2423.70341137995,762.576049804688,340
2797,2452.83523644459,2425.99031736228,762.576049804688,340
2798,2443.64079614009,2425.79218166538,762.576049804688,340
2799,2234.53737255674,2416.89588835015,762.576049804688,340
2800,2429.9300761886,2415.35469696024,762.576049804688,340
2801,2438.51553700996,2421.37744071226,759.504028320312,340
2802,2454.83469930207,2422.75705480028,759.504028320312,340
2803,2426.1339447688,2421.32025363148,759.504028320312,340
2804,2440.98846213398,2421.49620273093,759.504028320312,340
2805,2434.41128675178,2422.10608959709,759.504028320312,340
2806,2436.74148150533,2427.86989126239,759.504028320312,340
2807,2441.24076766075,2427.58205210927,759.504028320312,340
2808,2449.88394923158,2427.35671432666,759.504028320312,340
2809,2438.05043782394,2435.47171013461,759.108642578125,340
2810,2441.56185311199,2435.53467559211,759.108642578125,340
2811,2437.99378012155,2435.46383923782,759.108642578125,340
2812,2432.71209523653,2434.60855912838,759.108642578125,340
2813,2458.47732805992,2434.63334180509,759.108642578125,340
2814,2448.10392443205,2434.67461354673,759.108642578125,340
2815,2358.9930594731,2431.47895055592,759.108642578125,340
2816,2457.36062175647,2432.05775465148,759.108642578125,340
2817,2433.37103677745,2430.90280225009,759.363464355469,340
2818,2432.74204120711,2430.12511403279,759.363464355469,340
2819,2441.48384291386,2429.98815902922,759.363464355469,340
2820,2444.65136323315,2430.44589285305,759.363464355469,340
2821,2427.34146514054,2429.46145835928,759.363464355469,340
2822,2434.22391622906,2428.71700555065,759.363464355469,340
2823,2447.11027693437,2428.85578478243,759.363464355469,340
2824,2432.3026919302,2436.76639755737,759.363464355469,340
2825,2432.00100687736,2436.84923478492,758.793823242188,340
2826,2456.53479808416,2437.57000522788,758.793823242188,340
2827,2413.97209477567,2435.93550104683,758.793823242188,340
2828,2426.96847633902,2435.96888230964,758.793823242188,340
2829,2433.95430492832,2435.68751602141,758.793823242188,340
2830,2414.00585171236,2434.87129861983,758.793823242188,340
2831,2430.07689054468,2434.60471498141,758.793823242188,340
2832,2422.40665406976,2433.85135043777,758.793823242188,340
2833,2378.60916125824,2431.00035891883,758.289733886719,340
2834,2445.73895782576,2431.30789971891,758.289733886719,340
2835,2435.15396460512,2431.05158417863,758.289733886719,340
2836,2438.0968929605,2431.05570869219,758.289733886719,340
2837,2420.23699790202,2430.55670479881,758.289733886719,340
2838,2429.21128468553,2429.38606306383,758.289733886719,340
2839,2424.00158104551,2428.42196932837,758.289733886719,340
2840,2392.71779149566,2429.77095860928,758.289733886719,340
2841,2425.2373144309,2428.48602631625,757.958068847656,340
2842,2313.09909024029,2423.67514845477,757.958068847656,340
2843,2432.75882865205,2423.67581995256,757.958068847656,340
2844,2437.70664925768,2423.52473220632,757.958068847656,340
2845,2392.8886856183,2421.45422510172,757.958068847656,340
2846,2432.04607115566,2421.64240934233,757.958068847656,340
2847,2434.74318950631,2421.66318027342,757.958068847656,340
2848,2447.44581702842,2421.67660187718,757.958068847656,340
2849,2372.1290636862,2419.26965674742,756.343872070312,340
2850,2306.42388718833,2414.24657195986,756.343872070312,340
2851,2377.41694334762,2411.0818577704,756.343872070312,340
2852,2434.50908482713,2411.90333737245,756.343872070312,340
2853,2436.90581544587,2412.30083093673,756.343872070312,340
2854,2418.1060125397,2411.66689924118,756.343872070312,340
2855,2434.64371597979,2412.49241381188,756.343872070312,340
2856,2429.20603155279,2412.45757945221,756.343872070312,340
2857,2451.90747689068,2413.63761236504,753.482360839844,340
2858,2455.26772568916,2416.70395494228,753.482360839844,340
2859,2471.54768748379,2417.7363041286,753.482360839844,340
2860,2451.98149703044,2418.40940542561,753.482360839844,340
2861,2455.11133183473,2419.08998298058,753.482360839844,340
2862,2454.72371653433,2420.46945172587,753.482360839844,340
2863,2444.10622446363,2421.065249317,753.482360839844,340
2864,2441.98229887226,2421.78447803007,753.482360839844,340
2865,2447.37872681898,2423.970915443,756.118957519531,340
2866,2452.41596220883,2425.05806135412,756.118957519531,340
2867,2456.36467900304,2430.78868490463,756.118957519531,340
2868,2450.24276509364,2431.48804236229,756.118957519531,340
2869,2373.2667947157,2428.91044818061,756.118957519531,340
2870,2392.85056709016,2428.90892343949,756.118957519531,340
2871,2436.27816231712,2429.07820708595,756.118957519531,340
2872,2443.08670256322,2429.41194760822,756.118957519531,340
2873,2413.89193899283,2428.0697924868,754.14501953125,340
2874,2436.63875531685,2430.65018015203,754.14501953125,340
2875,2362.83028187765,2432.9064359396,754.14501953125,340
2876,2435.17066545885,2435.21658482405,754.14501953125,340
2877,2421.32332483176,2434.68915442423,754.14501953125,340
2878,2430.90985675215,2434.44931607648,754.14501953125,340
2879,2436.29506786737,2435.17687828959,754.14501953125,340
2880,2384.23784726801,2433.16064354112,754.14501953125,340
2881,2438.57422969893,2433.53537146696,754.458801269531,340
2882,2431.34176768264,2432.71274309864,754.458801269531,340
2883,2434.90834665272,2431.89836793718,754.458801269531,340
2884,2393.33526474867,2428.76987102778,754.458801269531,340
2885,2439.54159531012,2428.27227495897,754.458801269531,340
2886,2382.09593788849,2425.35165920112,754.458801269531,340
2887,2430.98743824598,2424.40220806958,754.458801269531,340
2888,2443.21696440264,2424.36663766714,754.458801269531,340
2889,2417.08161096613,2423.3706101509,754.673095703125,340
2890,2432.14004572584,2422.76106290717,754.673095703125,340
2891,2449.24675320193,2422.6342945469,754.673095703125,340
2892,2439.99792719708,2421.97962447466,754.673095703125,340
2893,2363.66963980195,2418.51669946299,754.673095703125,340
2894,2407.35487922964,2419.88022284355,754.673095703125,340
2895,2427.74816379693,2421.27612671182,754.673095703125,340
2896,2383.47208600287,2419.16388365925,754.673095703125,340
2897,2439.66104670977,2419.02685742511,754.728759765625,340
2898,2447.67878351129,2420.37833120585,754.728759765625,340
2899,2448.26035164491,2420.84319505897,754.728759765625,340
2900,2444.4643683093,2424.10855851624,754.728759765625,340
2901,2442.23621289011,2424.39118041349,754.728759765625,340
2902,2408.96401848215,2423.8968081595,754.728759765625,340
2903,2450.39724988436,2424.67630388479,754.728759765625,340
2904,2412.11076433201,2423.70893174338,754.728759765625,340
2905,2369.46745716093,2423.1181161391,754.785095214844,340
2906,2369.75126042653,2420.3651973682,754.785095214844,340
2907,2364.93838241571,2417.70906195752,754.785095214844,340
2908,2347.05641397394,2414.19498465037,754.785095214844,340
2909,2393.35429231922,2414.19574575319,754.785095214844,340
2910,2443.68694883563,2414.36155989421,754.785095214844,340
2911,2351.54568380769,2413.13954973098,754.785095214844,340
2912,2411.62151280927,2412.36491271351,754.785095214844,340
2913,2441.05365924227,2412.2783805071,752.927307128906,340
2914,2450.29107433084,2413.60675904169,752.927307128906,340
2915,2435.52498410475,2413.74215657684,752.927307128906,340
2916,2451.69406058226,2413.84004887206,752.927307128906,340
2917,2459.31179826962,2414.61260371496,752.927307128906,340
2918,2441.18774473506,2417.71332791228,752.927307128906,340
2919,2438.76341861784,2418.96966948781,752.927307128906,340
2920,2443.76530053818,2419.61035495746,752.927307128906,340
2921,2447.95091739067,2422.18950821297,755.302001953125,340
2922,2196.73393929451,2412.47242391636,755.302001953125,340
2923,2458.72958634829,2412.91445602984,755.302001953125,340
2924,2455.04868877244,2413.18598951494,755.302001953125,340
2925,2425.06406944529,2412.40997756038,755.302001953125,340
2926,2444.83687643358,2412.51400410212,755.302001953125,340
2927,2455.02973867303,2414.35663290976,755.302001953125,340
2928,2397.06844421161,2412.22348068285,755.302001953125,340
2929,2410.90398987825,2412.1752097047,754.225769042969,340
2930,2443.98831274623,2415.15604392811,754.225769042969,340
2931,2455.9675212356,2418.60469436047,754.225769042969,340
2932,2448.5885953549,2421.95070287804,754.225769042969,340
2933,2393.51634130973,2423.80909997147,754.225769042969,340
2934,2256.57244569252,2418.3378261064,754.225769042969,340
2935,2438.81060239344,2418.14277224872,754.225769042969,340
2936,2464.06029481764,2422.64335668911,754.225769042969,340
2937,2467.48162905822,2424.87776133907,755.025634765625,340
2938,2386.81744717881,2422.70831285653,755.025634765625,340
2939,2400.69777741723,2420.72458097999,755.025634765625,340
2940,2421.73363127,2420.1729268666,755.025634765625,340
2941,2415.35582940715,2418.71939761959,755.025634765625,340
2942,2451.52292428548,2418.40784266023,755.025634765625,340
2943,2453.14934705529,2418.88630675304,755.025634765625,340
2944,2419.41160312848,2418.11223413346,755.025634765625,340
2945,2439.3250064028,2417.93462236805,754.248779296875,340
2946,2414.57871887815,2416.59973442755,754.248779296875,340
2947,2447.99216552537,2426.65006347678,754.248779296875,340
2948,2447.35476584172,2426.19507065652,754.248779296875,340
2949,2442.92151969051,2425.70998389324,754.248779296875,340
2950,2408.87252442661,2425.06232209249,754.248779296875,340
2951,2444.91483034128,2425.0654402488,754.248779296875,340
2952,2376.50968131999,2421.92463795468,754.248779296875,340
2953,2411.17821901074,2422.48902894665,755.853088378906,340
2954,2461.43593385957,2424.5103067059,755.853088378906,340
2955,2442.44760818973,2424.44867852364,755.853088378906,340
2956,2453.82569032489,2424.36300528721,755.853088378906,340
2957,2394.37074551599,2422.19429129365,755.853088378906,340
2958,2452.27158109773,2424.54450088517,755.853088378906,340
2959,2464.42332277792,2432.85853596859,755.853088378906,340
2960,2421.70672788826,2432.17438098838,755.853088378906,340
2961,2459.91338346659,2432.00850453434,757.286376953125,340
2962,2455.03137115983,2431.5104942184,757.286376953125,340
2963,2453.11440181385,2434.16237240381,757.286376953125,340
2964,2410.86355283973,2434.56900342071,757.286376953125,340
2965,2452.15554244184,2435.78587986758,757.286376953125,340
2966,2459.09705179528,2437.53552876311,757.286376953125,340
2967,2456.04211593279,2437.716296429,757.286376953125,340
2968,2473.34894767581,2438.52428045382,757.286376953125,340
2969,2441.66472624525,2439.41440537849,759.066772460938,340
2970,2431.51282260471,2439.10191802657,759.066772460938,340
2971,2446.72861487837,2440.38791386658,759.066772460938,340
2972,2450.48124787025,2440.48747716037,759.066772460938,340
2973,2449.4326813187,2440.57059377945,759.066772460938,340
2974,2461.80470430279,2441.32592116394,759.066772460938,340
2975,2468.40838540399,2443.70735560304,759.066772460938,340
2976,2454.91870558523,2444.10751061279,759.066772460938,340
2977,2450.26673206951,2447.05779264277,757.825256347656,340
2978,2463.9706219648,2449.16948876094,757.825256347656,340
2979,2458.85743055662,2449.06634862882,757.825256347656,340
2980,2454.10780032997,2449.53275631443,757.825256347656,340
2981,2451.39517031814,2449.43553551416,757.825256347656,340
2982,2456.31588646679,2451.91334115219,757.825256347656,340
2983,2447.21301885428,2451.71099866245,757.825256347656,340
2984,2448.82838673776,2451.08720122085,757.825256347656,340
2985,2457.96410884029,2452.53749645893,759.023254394531,340
2986,2454.16308248198,2452.30748441954,759.023254394531,340
2987,2459.01457356029,2452.46681251556,759.023254394531,340
2988,2454.98441106656,2452.54161288567,759.023254394531,340
2989,2459.63721189692,2454.49255924796,759.023254394531,340
2990,2473.76606010322,2455.35697995441,759.023254394531,340
2991,2449.92314278236,2454.99002359389,759.023254394531,340
2992,2459.07026206818,2455.11114943931,759.023254394531,340
2993,2459.99986872379,2454.57718628123,758.067260742188,340
2994,2467.28675706101,2455.60206751386,758.067260742188,340
2995,2467.87713176885,2457.05663988043,758.067260742188,340
2996,2406.836713306,2455.46096381753,758.067260742188,340
2997,2448.78050444211,2455.39293408041,758.067260742188,340
2998,2473.75722509747,2456.36591583156,758.067260742188,340
2999,2470.55053340052,2456.71574899547,758.067260742188,340
3000,2470.69847142,2456.80735243611,758.067260742188,340
