episode,reward,avg_reward,q0,steps
1,-451.331015980272,-451.331015980272,1.27053808682831e-05,340
2,-119.980069547627,-285.655542763949,1.27053808682831e-05,340
3,-830.279685477244,-467.196923668381,1.27053808682831e-05,340
4,-421.984904231103,-455.893918809061,1.27053808682831e-05,340
5,-263.793153959306,-417.47376583911,1.27053808682831e-05,340
6,-502.46261047388,-431.638573278239,1.27053808682831e-05,340
7,-991.855298092983,-511.669533966059,1.27053808682831e-05,340
8,-329.144098326063,-488.85385451106,1.27053808682831e-05,340
9,-690.377931503141,-511.245418621291,-18.2817611694336,340
10,-707.826760272249,-530.903552786387,-18.2817611694336,340
11,-356.083928562777,-515.01085967515,-18.2817611694336,340
12,-816.779791438566,-540.158270655434,-18.2817611694336,340
13,-152.487088225144,-510.337410468489,-18.2817611694336,340
14,-313.992266434091,-496.312757323175,-18.2817611694336,340
15,-549.241689541241,-499.841352804379,-18.2817611694336,340
16,-609.559219393867,-506.698719466222,-18.2817611694336,340
17,-183.415496419884,-487.682059287026,-17.1041889190674,340
18,-475.517330436425,-487.006241017548,-17.1041889190674,340
19,-980.711210417416,-512.990713091225,-17.1041889190674,340
20,-498.432828220693,-512.262818847699,-17.1041889190674,340
21,-521.900098025941,-512.721736903805,-17.1041889190674,340
22,-480.967595939194,-511.278366859959,-17.1041889190674,340
23,-400.461868560616,-506.460258238249,-17.1041889190674,340
24,-279.187511812652,-496.990560470516,-17.1041889190674,340
25,-464.806349690783,-495.703192039326,-2.68027782440186,340
26,-610.968367095128,-502.088686083921,-2.68027782440186,334
27,-120.638176716384,-502.115010370671,-2.68027782440186,340
28,-158.288629234699,-475.235368120969,-2.68027782440186,339
29,-63.272665313681,-460.886878564272,-2.68027782440186,340
30,-197.741512262943,-458.244812896418,-2.68027782440186,280
31,-418.441922097736,-454.883985361372,-2.68027782440186,340
32,-388.423474748791,-430.746712427604,-2.68027782440186,340
33,-106.984450979175,-421.860326533729,19.1968650817871,340
34,-195.495304793335,-402.065021465336,19.1968650817871,293
35,-221.174399126601,-382.59892701951,19.1968650817871,340
36,-276.710994589968,-379.424009660598,19.1968650817871,338
37,-229.017323072254,-355.913510925946,19.1968650817871,340
38,-87.3443979103674,-353.307803313354,19.1968650817871,340
39,-334.329257294808,-354.121282947783,19.1968650817871,296
40,-538.224470483682,-353.680594185481,19.1968650817871,340
41,-195.794677899375,-337.130012525701,47.5551834106445,340
42,-273.461962303433,-340.731871161043,47.5551834106445,340
43,-240.624043974008,-331.336139702547,47.5551834106445,317
44,-343.376366674952,-305.842745952848,47.5551834106445,303
45,-214.14177137911,-294.471103679185,47.5551834106445,340
46,-206.180095904945,-281.842303594345,47.5551834106445,340
47,-121.169954938167,-267.450397954304,47.5551834106445,340
48,-103.702590859425,-255.580026846256,47.5551834106445,340
49,-404.831542482007,-260.60578807303,79.1071319580078,339
50,-168.990829137662,-248.773167250905,79.1071319580078,287
51,-291.002236756592,-235.974522037364,79.1071319580078,333
52,-228.805968444908,-240.301233706505,79.1071319580078,340
53,-313.999347858032,-246.529662451438,79.1071319580078,340
54,-497.325976953202,-263.891794917019,79.1071319580078,340
55,-256.515777687931,-266.242765534019,79.1071319580078,340
56,-524.761906262853,-270.495564900623,79.1071319580078,340
57,-303.405106183808,-267.094830158024,90.7553405761719,340
58,-291.219292604666,-274.464223823044,90.7553405761719,327
59,-193.663308838299,-274.390943984842,90.7553405761719,315
60,-15.6168209930434,-266.1686408595,90.7553405761719,295
61,-468.250918911107,-273.830237832346,90.7553405761719,327
62,-260.554639253255,-275.091730479586,90.7553405761719,309
63,-323.935658044838,-284.555380884964,90.7553405761719,340
64,-128.238103699039,-276.311734741134,90.7553405761719,339
65,-97.0328272030692,-258.664069009909,116.901878356934,340
66,-234.964489795919,-260.230861485771,116.901878356934,279
67,-135.878359156929,-254.727517359911,116.901878356934,340
68,-152.241834021627,-251.192228961815,116.901878356934,230
69,-138.366551219465,-242.991836343596,116.901878356934,255
70,-197.550839340555,-242.328199062054,116.901878356934,305
71,-133.711017436188,-239.429435923303,116.901878356934,340
72,-188.325507377176,-242.115658020864,116.901878356934,293
73,-65.0117336095532,-240.568023730869,138.330459594727,279
74,-370.011118829994,-239.175206784788,138.330459594727,333
75,-334.562234590835,-245.798063002915,138.330459594727,340
76,3.6160077159342,-234.013333224014,138.330459594727,189
77,-73.1858237867522,-227.788527437688,138.330459594727,288
78,-225.786153257555,-224.259999653669,138.330459594727,284
79,-27.1484049118229,-205.452896772014,138.330459594727,246
80,-87.2082587563773,-198.680596014752,138.330459594727,340
81,-30.5002209199056,-178.910128601034,145.566955566406,340
82,-129.502570764528,-171.954027184263,145.566955566406,311
83,-23.8132381382976,-161.257785005608,145.566955566406,185
84,-89.3444188956328,-157.085029407901,145.566955566406,295
85,-225.776038539925,-165.491398109776,145.566955566406,329
86,-153.564928508141,-152.903958493658,145.566955566406,320
87,-272.089619946907,-153.365357721404,145.566955566406,338
88,-96.5863231717088,-144.271384326479,145.566955566406,330
89,-3.20171171816205,-139.269928647244,172.752792358398,340
90,-239.604628027769,-144.972800680232,172.752792358398,288
91,-42.9689283407823,-137.292978222026,172.752792358398,296
92,-160.028023903658,-138.258964811895,172.752792358398,320
93,-161.086256575085,-138.612741714034,172.752792358398,277
94,-171.292193560948,-139.929767407693,172.752792358398,290
95,-203.813846838301,-140.180287707603,172.752792358398,326
96,-130.592483983593,-140.055546369499,172.752792358398,340
97,-80.461746167138,-135.740995921097,169.599548339844,284
98,-118.4059953279,-137.876766389831,169.599548339844,286
99,194.852144444705,-115.282235858843,169.599548339844,340
100,28.7857327700623,-100.748317164408,169.599548339844,340
101,-106.096422385838,-105.136814368478,169.599548339844,340
102,-77.82048514824,-105.322200822938,169.599548339844,340
103,-82.9385051932496,-99.6082949003657,169.599548339844,340
104,234.855159523237,-89.1281523229633,169.599548339844,340
105,249.259727883147,-75.6694328573823,174.086639404297,340
106,-316.854918246507,-87.1236207504464,174.086639404297,320
107,-29.2785777770885,-83.1146610309488,174.086639404297,340
108,1.44244141137453,-82.1044338489619,174.086639404297,253
109,72.9235851692311,-75.6137136863674,174.086639404297,340
110,105.392043062025,-62.3669904222893,174.086639404297,340
111,-296.558310275477,-68.0867256929828,174.086639404297,306
112,-163.063835452291,-63.7256943131982,174.086639404297,340
113,125.529501794042,-54.8410613145681,170.65412902832,340
114,1249.53184290076,-4.73171912981114,170.65412902832,340
115,593.414323646846,28.5890389371735,170.65412902832,340
116,340.248094234863,43.9177198401993,170.65412902832,340
117,-53.9494226137888,48.1608638917941,170.65412902832,340
118,317.222395244678,67.2932099645846,170.65412902832,340
119,239.100338487477,83.7089112465216,170.65412902832,340
120,282.186588319009,103.148928652814,170.65412902832,340
121,-116.069816023492,103.729835371218,196.943740844727,276
122,687.221458068323,134.437163540637,196.943740844727,340
123,289.957749308691,150.7717133261,196.943740844727,340
124,415.986018426612,159.617068285376,196.943740844727,340
125,445.524670118169,176.286625779301,196.943740844727,340
126,739.870805894479,210.125314910513,196.943740844727,340
127,-19.2556639880475,212.467907756921,196.943740844727,340
128,-113.602925747164,211.241330934764,196.943740844727,340
129,195.94267916317,209.684831720362,225.345611572266,340
130,1145.23398856807,245.523802147759,225.345611572266,340
131,936.118540294314,295.642740489392,225.345611572266,340
132,379.017110326271,311.974568013526,225.345611572266,340
133,543.669410184281,333.663646764442,225.345611572266,340
134,254.410456883142,340.923121632999,225.345611572266,340
135,404.067105053393,352.870124112653,225.345611572266,340
136,713.216785495332,393.261127943486,225.345611572266,340
137,596.679076515548,423.650844422199,240.562393188477,340
138,939.314080561646,456.202227572903,240.562393188477,340
139,639.878815547991,431.816106478793,240.562393188477,340
140,428.543238905251,425.221263089129,240.562393188477,340
141,306.939904019659,423.888935480521,240.562393188477,340
142,703.898407503581,454.202848685215,240.562393188477,340
143,1556.95682375901,503.792225825789,240.562393188477,340
144,607.935933429893,518.545649623485,240.562393188477,340
145,804.451501421433,539.436246147582,260.27734375,340
146,893.251960633836,579.809117213875,260.27734375,340
147,628.914161931776,577.476825368414,260.27734375,340
148,790.718321646823,597.507248261939,260.27734375,340
149,838.69940539846,614.415783740813,260.27734375,340
150,175.892435035075,603.630494337489,260.27734375,340
151,1065.77560513956,616.666686307292,260.27734375,340
152,659.378755304278,643.812063078985,260.27734375,340
153,697.714657887334,676.264766424365,288.003601074219,340
154,616.298451926277,693.078997334889,288.003601074219,340
155,599.048268057694,671.231568514474,288.003601074219,340
156,615.69968062636,658.414814127756,288.003601074219,340
157,431.30001520821,660.506130323034,288.003601074219,340
158,537.192208371907,660.247042250539,288.003601074219,340
159,650.488577021371,676.090167056068,288.003601074219,340
160,794.31536556438,691.700097476507,288.003601074219,340
161,801.149956380789,695.217424311925,315.874633789062,340
162,728.304648870165,700.48244720611,315.874633789062,340
163,718.31881446799,691.642636562364,315.874633789062,340
164,577.470259293306,689.146294312176,315.874633789062,340
165,1307.5866608355,724.308031189386,315.874633789062,340
166,567.079014325211,734.713595601609,315.874633789062,340
167,1118.19173081916,751.285328534232,315.874633789062,340
168,506.59225748529,709.270745883283,315.874633789062,340
169,772.649068959475,715.859271304466,369.027160644531,340
170,1319.34466755541,736.454997949825,369.027160644531,340
171,1247.28261594134,750.616224162125,369.027160644531,340
172,804.847272881751,757.653548600124,369.027160644531,340
173,844.381437785053,759.800073245653,369.027160644531,340
174,680.024421147868,753.45307387563,369.027160644531,340
175,620.255296010319,771.22758831464,369.027160644531,340
176,561.952478035316,751.07466323047,369.027160644531,340
177,603.24286982462,748.829227811284,406.148742675781,340
178,725.802496587401,749.952741359286,406.148742675781,340
179,1075.83098584323,768.334042715965,406.148742675781,340
180,997.075036958513,784.255113471998,406.148742675781,340
181,850.588851295052,793.650680298745,406.148742675781,340
182,1104.53048667869,820.579899157565,406.148742675781,340
183,764.758682272701,829.682558113596,406.148742675781,340
184,679.9569865507,830.861294494769,406.148742675781,340
185,929.659008399798,836.275040208186,442.108642578125,340
186,1296.00445853361,856.069220294299,442.108642578125,340
187,1222.30970150848,875.829422399832,442.108642578125,340
188,920.853296336732,883.930801674582,442.108642578125,340
189,699.838268657726,888.825522049158,442.108642578125,340
190,1944.84312174998,914.315780485737,442.108642578125,340
191,1016.391527223,932.288281001649,442.108642578125,340
192,1348.45515306275,941.498817891392,442.108642578125,340
193,1183.95098875964,968.593167142366,468.804473876953,340
194,952.102158082407,975.771290707284,468.804473876953,340
195,838.26823554258,956.528233426771,468.804473876953,340
196,1604.78892507989,970.828485792313,468.804473876953,340
197,1736.94277546489,1008.11230589564,468.804473876953,340
198,843.438484902619,1008.07458778034,468.804473876953,340
199,1514.46550109916,1041.45223097839,468.804473876953,340
200,1412.4080209715,1073.13833997684,468.804473876953,340
201,1676.58938654987,1117.72381631742,484.375091552734,340
202,1021.81588831104,1134.46673705688,484.375091552734,340
203,1497.91943015811,1165.35141439971,484.375091552734,340
204,1229.26829801305,1171.4889068865,484.375091552734,340
205,1657.2808520707,1197.89713949099,484.375091552734,340
206,1335.53607022646,1217.29502824824,484.375091552734,340
207,958.479541465393,1211.45299043971,484.375091552734,340
208,746.24301878811,1210.71236390033,484.375091552734,340
209,1123.9874573724,1228.4735827332,498.347290039062,340
210,1370.25008779643,1246.09722590906,498.347290039062,340
211,1528.14735273388,1255.38294167707,498.347290039062,340
212,938.218934853417,1244.01931101087,498.347290039062,340
213,1459.89377674886,1265.58093022735,498.347290039062,340
214,1138.13294191615,1283.11271715769,498.347290039062,340
215,1571.06130403802,1268.16144444921,498.347290039062,340
216,1342.95677289207,1281.22405427598,498.347290039062,340
217,1472.34280523028,1286.17956036268,506.042114257812,340
218,1357.47354245865,1293.12046251064,506.042114257812,340
219,1412.39823541154,1311.5323056038,506.042114257812,340
220,1627.96710690957,1343.12026045848,506.042114257812,340
221,1566.69011747619,1341.59630815433,506.042114257812,340
222,1889.61873047084,1347.70334635457,506.042114257812,340
223,1353.30041589933,1368.09782359444,506.042114257812,340
224,1808.5980720216,1379.86312643134,506.042114257812,340
225,1567.46595812728,1386.06544391757,510.260833740234,340
226,1579.2806980692,1382.17309637834,510.260833740234,340
227,925.507639609315,1378.32076643027,510.260833740234,340
228,1606.02643529879,1382.6450466359,510.260833740234,340
229,1135.8408938416,1378.90795046904,510.260833740234,340
230,1563.35203336931,1375.15079772099,510.260833740234,340
231,520.987278997354,1342.56884607182,510.260833740234,340
232,1426.60848224875,1361.29400370316,510.260833740234,340
233,1270.34028362395,1382.25789429659,512.209777832031,340
234,1415.19821855811,1393.90632474402,512.209777832031,340
235,1230.35048260151,1388.31034053622,512.209777832031,340
236,1568.16843764512,1389.91118393267,512.209777832031,340
237,1548.49324550491,1414.32215635873,512.209777832031,340
238,957.370870617456,1394.22124011348,512.209777832031,340
239,1878.67926195089,1423.84309291487,512.209777832031,340
240,1285.9704522775,1412.43945884444,512.209777832031,340
241,1570.37165972069,1421.53605431759,513.522888183594,340
242,1411.83898562348,1419.11590153332,513.522888183594,340
243,831.168533278875,1398.06370116613,513.522888183594,340
244,1356.86412073516,1395.84233657907,513.522888183594,340
245,1404.73954287913,1386.91323401785,513.522888183594,340
246,1414.55587036504,1380.82786413341,513.522888183594,340
247,1306.98112661975,1357.52235997936,513.522888183594,340
248,931.914853530591,1340.66693748461,513.522888183594,340
249,1806.78374468832,1340.59436439128,522.650756835938,340
250,1753.50789661123,1348.03604193064,522.650756835938,340
251,1433.66823534249,1342.21154342157,522.650756835938,340
252,1815.6827179596,1377.81854655558,522.650756835938,340
253,1475.869540951,1372.61227078167,522.650756835938,340
254,1724.11452473579,1396.14321601744,522.650756835938,340
255,1166.96048148374,1380.28755394202,522.650756835938,340
256,1729.9802890528,1428.64727434424,522.650756835938,340
257,1405.001776723,1427.78300612321,528.490173339844,340
258,1590.57353795915,1440.59233629661,528.490173339844,340
259,1854.78130866509,1458.17565990089,528.490173339844,340
260,1670.62263542841,1475.78654601397,528.490173339844,340
261,1781.28069017905,1484.31103611533,528.490173339844,340
262,1765.57559561041,1492.99433011955,528.490173339844,340
263,1471.57672853965,1513.56256443643,528.490173339844,340
264,1472.98647382883,1497.33485291155,528.490173339844,340
265,1489.23868311711,1505.46558214514,531.167358398438,340
266,1841.91203891289,1516.32719731282,531.167358398438,340
267,1645.72554481453,1525.68265968047,531.167358398438,340
268,1647.37621027565,1558.33096676034,531.167358398438,340
269,1634.7892340612,1569.44797129338,531.167358398438,340
270,1296.64969808505,1565.12437750162,531.167358398438,340
271,1540.12811998128,1570.14726748626,531.167358398438,340
272,1976.02403750436,1596.90898392165,531.167358398438,340
273,1608.7909420486,1623.98402746237,538.555480957031,340
274,1776.81648179577,1622.78533694667,538.555480957031,340
275,2003.84124103502,1632.79867072362,538.555480957031,340
276,1777.81179437721,1646.56441308501,538.555480957031,340
277,1578.05084903916,1637.05913832819,538.555480957031,340
278,1784.57615630306,1649.40740294227,538.555480957031,340
279,1811.93178477443,1652.92009334382,538.555480957031,340
280,1894.34268002319,1682.0153812854,538.555480957031,340
281,1908.67832136603,1689.16330257793,554.936706542969,340
282,2028.77097351425,1714.11407044958,554.936706542969,340
283,1980.74115197641,1729.72077501027,554.936706542969,340
284,1780.41319039197,1726.74605027934,554.936706542969,340
285,1850.96350465312,1733.95968504833,554.936706542969,340
286,1796.26940427807,1734.55923361229,554.936706542969,340
287,1822.81139677342,1736.84866565881,554.936706542969,340
288,1979.61967864011,1757.17038366283,554.936706542969,340
289,1919.50916608662,1775.03129135314,567.280639648438,340
290,1960.26112135729,1793.87218888275,567.280639648438,340
291,1768.07436998386,1790.91868212559,567.280639648438,340
292,1795.99210721836,1796.92934462174,567.280639648438,340
293,1636.74720729343,1796.50418450245,567.280639648438,340
294,1992.18022648119,1810.79982419925,567.280639648438,340
295,1897.34733221606,1834.82772956449,567.280639648438,340
296,1828.17514781488,1846.34961067784,567.280639648438,340
297,1787.66765074012,1838.81535520727,578.284545898438,340
298,1843.81575883875,1848.21634787887,578.284545898438,340
299,1660.16358959353,1843.55023219078,578.284545898438,340
300,1890.46347836842,1839.01512168412,578.284545898438,340
301,1888.22725375476,1843.43174005922,578.284545898438,340
302,1868.32885039461,1855.04286011344,578.284545898438,340
303,1785.46802673574,1855.07853493075,578.284545898438,340
304,2099.77904698668,1866.59242541923,578.284545898438,340
305,1898.21391032841,1866.74727463144,582.785583496094,340
306,1784.64259553946,1861.78584559838,582.785583496094,340
307,1857.16502788311,1854.92160777314,582.785583496094,340
308,1998.18770980571,1855.61947008631,582.785583496094,340
309,1868.41407187306,1859.13950534555,582.785583496094,340
310,1862.19237602633,1859.58866020048,582.785583496094,340
311,1766.90096049529,1858.41392244917,582.785583496094,340
312,1775.9449171251,1856.53926326323,582.785583496094,340
313,1711.17861841963,1845.80162085442,598.151123046875,340
314,1517.82991160669,1829.73445067522,598.151123046875,340
315,1827.08869635968,1824.40755367531,598.151123046875,340
316,1854.47340478162,1827.86351506722,598.151123046875,340
317,1854.63831219973,1830.20936326648,598.151123046875,340
318,1621.27156826205,1829.59033770522,598.151123046875,340
319,1663.01943190378,1816.42390592213,598.151123046875,340
320,1810.79876720138,1812.96196332154,598.151123046875,340
321,1761.01598324208,1810.27559673863,612.550048828125,340
322,1880.96780061292,1814.00760273354,612.550048828125,340
323,1837.70985005135,1813.76336638204,612.550048828125,340
324,1812.24838638022,1819.84675825351,612.550048828125,340
325,1735.29848376411,1813.64015846934,612.550048828125,340
326,1587.72520492738,1801.62007651625,612.550048828125,340
327,1659.60912813918,1793.27128762603,612.550048828125,340
328,1967.33354913564,1800.54590852202,612.550048828125,340
329,1984.82625811382,1795.94779696711,635.782104492188,340
330,1889.23436559848,1795.58861517791,635.782104492188,340
331,1843.93612065759,1797.96035618264,635.782104492188,340
332,1690.00044530376,1791.27377287946,635.782104492188,340
333,1670.69097973604,1778.17390367668,635.782104492188,340
334,1809.32579780929,1775.81037271413,635.782104492188,340
335,1865.5308854736,1775.94391309202,635.782104492188,340
336,1697.61924001863,1773.17264427295,635.782104492188,340
337,1684.30747430594,1769.50714656018,645.800842285156,340
338,1614.91323879492,1765.6565313752,645.800842285156,340
339,1800.82194311293,1776.97621263545,645.800842285156,340
340,1818.96605219609,1776.6513068689,645.800842285156,340
341,1692.16442029247,1770.15894748933,645.800842285156,340
342,1910.14032678191,1772.37902807262,645.800842285156,340
343,1308.30142415572,1759.86022230837,645.800842285156,340
344,1714.42244229542,1761.91634272403,645.800842285156,340
345,1599.47486729667,1753.46338672785,657.486938476562,340
346,1182.47085986229,1730.32158179265,657.486938476562,340
347,1800.1806666834,1727.09009643547,657.486938476562,340
348,1287.42847259397,1705.07884133718,657.486938476562,340
349,1476.24275863662,1691.63861622743,657.486938476562,340
350,1617.24731797541,1686.91656959589,657.486938476562,340
351,1969.30657093309,1702.17982423612,657.486938476562,340
352,1612.36811959936,1700.29018389452,657.486938476562,340
353,1474.37409757019,1680.5718058319,669.880126953125,340
354,1886.77156788863,1676.6496182229,669.880126953125,340
355,2070.29497806839,1683.89204272169,669.880126953125,340
356,1625.09886533554,1675.13855250881,669.880126953125,340
357,1616.1742199613,1672.18550349511,669.880126953125,340
358,1818.5612766658,1678.1003153723,669.880126953125,340
359,1587.37391654648,1669.22224012179,669.880126953125,340
360,1765.16999426044,1665.20780447327,669.880126953125,340
361,1923.32007430324,1674.23583784465,675.304809570312,340
362,1691.05322915842,1674.50566803875,675.304809570312,340
363,1743.71262145009,1679.65764334496,675.304809570312,340
364,1882.8095424552,1682.93714731865,675.304809570312,340
365,1753.55832771158,1680.32083833927,675.304809570312,340
366,1408.7006791594,1668.98228869394,675.304809570312,340
367,1956.14375168904,1670.82242569023,675.304809570312,340
368,1639.14990949878,1684.05636510395,675.304809570312,340
369,1487.81954631376,1674.99224926468,676.49267578125,340
370,1304.710041232,1663.2016562221,676.49267578125,340
371,1766.12494942913,1686.54781980477,676.49267578125,340
372,1693.13834668215,1682.26612700472,676.49267578125,340
373,1433.61170951079,1688.11345648139,676.49267578125,340
374,1345.57792888721,1682.88686329142,676.49267578125,340
375,1823.29116305449,1691.12861709458,676.49267578125,340
376,1238.67987610791,1661.90354930157,676.49267578125,340
377,1809.50241753161,1669.78892121886,679.431945800781,340
378,1859.79589192608,1685.2057929931,679.431945800781,340
379,1700.85609840115,1677.7691742136,679.431945800781,340
380,1999.24772149743,1674.92728395076,679.431945800781,340
381,1839.99843780959,1683.52326684972,679.431945800781,340
382,2128.52831333165,1704.01743058454,679.431945800781,340
383,1656.81958124694,1697.54776276778,679.431945800781,340
384,1931.48531600831,1711.31221874626,679.431945800781,340
385,1976.84552754663,1719.7792400777,676.814208984375,340
386,1843.6584880076,1716.59277662588,676.814208984375,340
387,1972.70091806947,1727.85868418232,676.814208984375,340
388,1854.03406829008,1732.27154205592,676.814208984375,340
389,1788.95568672682,1728.51738782678,676.814208984375,340
390,1762.52350382093,1728.87599487116,676.814208984375,340
391,1867.37221830677,1747.22285643705,676.814208984375,340
392,2095.87309091442,1752.81203000607,676.814208984375,340
393,1964.7682623358,1765.83676411955,675.799560546875,340
394,1954.43150564512,1784.5012424928,675.799560546875,340
395,1949.50773995613,1810.29315044177,675.799560546875,340
396,1982.58624709541,1818.95160234842,675.799560546875,340
397,1993.42520018058,1830.96307648836,675.799560546875,340
398,1151.54234890267,1819.68030206403,675.799560546875,340
399,1965.56513899952,1844.47979046852,675.799560546875,340
400,1925.70926014641,1848.5765143522,675.799560546875,340
401,2042.3890053609,1880.72487952232,677.374084472656,340
402,1998.12124331876,1888.26963255381,677.374084472656,340
403,1849.67183551703,1887.86467029744,677.374084472656,340
404,2066.27761791449,1902.48153107798,677.374084472656,340
405,1827.76357727356,1895.62216530902,677.374084472656,340
406,2083.75821239622,1905.37255629249,677.374084472656,340
407,2052.58758774639,1902.33492726908,677.374084472656,340
408,1719.65065584831,1904.84817025313,677.374084472656,340
409,1910.63268544866,1904.01406503075,671.45947265625,340
410,2007.32800852022,1905.23336426969,671.45947265625,340
411,1951.4755720228,1909.5460476303,671.45947265625,340
412,1986.23774356113,1910.08752064996,671.45947265625,340
413,1989.50850448458,1915.50649809774,671.45947265625,340
414,2050.56566414635,1925.97089719453,671.45947265625,340
415,1757.96005239822,1925.78835913762,671.45947265625,340
416,1737.60961332067,1920.59785493817,671.45947265625,340
417,1982.88516875611,1916.07833805184,665.618591308594,340
418,1829.07418830478,1910.6505750906,665.618591308594,340
419,1878.43446631516,1907.6106935174,665.618591308594,340
420,2019.77616265404,1910.42143042532,665.618591308594,340
421,1834.03031552658,1904.47919316256,665.618591308594,340
422,2093.31024902303,1908.47459511626,665.618591308594,340
423,1665.87195573557,1929.04777938958,665.618591308594,340
424,1837.80914424638,1923.93753959945,665.618591308594,340
425,1985.54572313943,1926.33099811917,664.321533203125,340
426,2089.30028167415,1928.2074491717,664.321533203125,340
427,2201.15754611571,1936.32890128358,664.321533203125,340
428,2031.17327160887,1943.58895872726,664.321533203125,340
429,1916.06390004183,1937.58041001235,664.321533203125,340
430,1887.47458550896,1939.96885034177,664.321533203125,340
431,1994.57570955185,1936.40155022799,664.321533203125,340
432,1738.64758728428,1923.84395020951,664.321533203125,340
433,1908.44985188303,1931.39591805089,668.093872070312,340
434,1972.53390367641,1933.87196678001,668.093872070312,340
435,2055.18415916041,1935.78621280561,668.093872070312,340
436,2011.08147539344,1938.17044894044,668.093872070312,340
437,1710.75602955201,1927.15118038007,668.093872070312,340
438,1907.50178185116,1923.87091147474,668.093872070312,340
439,1983.37622991475,1921.18333410547,668.093872070312,340
440,2074.77661521337,1933.85599661808,668.093872070312,340
441,1662.50328615332,1930.85174353138,667.398559570312,340
442,1879.17341826785,1926.70327351185,667.398559570312,340
443,2052.60921812163,1935.64467470453,667.398559570312,340
444,2097.40179843438,1944.4033679893,667.398559570312,340
445,2242.59108689453,1953.31596495892,667.398559570312,340
446,2103.12961144976,1964.07993679584,667.398559570312,340
447,2127.83645644401,1965.46098509268,667.398559570312,340
448,1880.00412870177,1974.02627201133,667.398559570312,340
449,2081.35561235188,1983.76813073555,667.2236328125,340
450,2005.83987908052,1984.57989697319,667.2236328125,340
451,1766.72905483588,1971.67704789966,667.2236328125,340
452,2162.35487711615,1970.12494113968,667.2236328125,340
453,2264.62814152994,1979.46313593652,667.2236328125,340
454,2187.42634818467,1990.31763386224,667.2236328125,340
455,1984.98052489083,1994.21787143751,667.2236328125,340
456,1990.49699616968,1994.05472290223,667.2236328125,340
457,2122.00023474588,2009.38882880069,674.007446289062,340
458,2146.14073585413,2018.89646415953,674.007446289062,340
459,2254.2619060851,2030.16558425588,674.007446289062,340
460,1996.1736305044,2027.80516310964,674.007446289062,340
461,2226.55627288732,2036.4241550094,674.007446289062,340
462,2089.35576364859,2051.56814437326,674.007446289062,340
463,2078.7712194112,2058.41892187566,674.007446289062,340
464,2120.35884464538,2063.89822646489,674.007446289062,340
465,2198.32083372834,2068.83999520549,676.989685058594,340
466,1935.59351021829,2079.76360416808,676.989685058594,340
467,2180.679279359,2091.82383861173,676.989685058594,340
468,2189.04008193785,2097.28107316438,676.989685058594,340
469,2165.62195520032,2100.00987943502,676.989685058594,340
470,2251.63789721029,2100.37175184765,676.989685058594,340
471,2216.6908266859,2104.91420045709,676.989685058594,340
472,2258.43402637901,2110.13810325449,676.989685058594,340
473,2119.50453864179,2119.71811965209,682.597900390625,340
474,2053.45881273035,2118.60224766723,682.597900390625,340
475,2068.55107733755,2121.11069559751,682.597900390625,340
476,2183.10280476753,2137.76564559478,682.597900390625,340
477,2162.05935954972,2137.75382489212,682.597900390625,340
478,2234.23311122618,2136.53802367997,682.597900390625,340
479,2230.74647337541,2138.2708286876,682.597900390625,340
480,2205.38330670757,2147.08693996027,682.597900390625,340
481,2140.20829305755,2153.07539183579,683.155334472656,340
482,2272.12934776293,2159.08055635647,683.155334472656,340
483,2160.97200112224,2159.67380696719,683.155334472656,340
484,2303.89027551182,2161.65894174426,683.155334472656,340
485,2205.66322618941,2170.03852557166,683.155334472656,340
486,2227.17949539627,2170.06345447202,683.155334472656,340
487,2123.20460360646,2171.41740807033,683.155334472656,340
488,2050.98621340471,2170.30600783007,683.155334472656,340
489,2197.38285607587,2173.38696828729,689.501098632812,340
490,2054.45056182846,2167.6321574113,689.501098632812,340
491,1899.17108567633,2166.17526042962,689.501098632812,340
492,2136.69145628716,2164.41574750675,689.501098632812,340
493,1953.75359217956,2155.00428791642,689.501098632812,340
494,2244.00293977085,2158.13952729924,689.501098632812,340
495,2278.04953474448,2159.1959928006,689.501098632812,340
496,2226.47220803777,2159.58724805468,689.501098632812,340
497,2051.86027806788,2151.32429812223,699.735473632812,340
498,2143.85037142071,2152.29813143339,699.735473632812,340
499,2125.40601829099,2155.17601965582,699.735473632812,340
500,2266.88697443861,2163.10945553986,699.735473632812,340
501,1784.73226610883,2147.17463399351,699.735473632812,340
502,1971.71170352333,2139.56072775246,699.735473632812,340
503,2160.31797072099,2136.60412213225,699.735473632812,340
504,1959.55278621014,2125.75637464564,699.735473632812,340
505,2202.47480830047,2125.64003470935,701.337158203125,340
506,2167.48736925539,2126.73119775727,701.337158203125,340
507,2154.33785229596,2122.01953793859,701.337158203125,340
508,2187.59452753718,2123.08443899519,701.337158203125,340
509,1998.73057284878,2110.87805088866,701.337158203125,340
510,1660.41568358185,2089.06814918436,701.337158203125,340
511,1994.72722786081,2079.77005848294,701.337158203125,340
512,2107.39873037548,2079.1378235537,701.337158203125,340
513,2144.33779783278,2082.87188693083,704.977600097656,340
514,1995.11244483906,2074.78107048135,704.977600097656,340
515,1958.48953833612,2070.94262954166,704.977600097656,340
516,2245.08681249971,2084.7792586146,704.977600097656,340
517,1798.99273603936,2071.27130980468,704.977600097656,340
518,1839.64292714068,2066.70688320313,704.977600097656,340
519,2172.29343952368,2063.83850319324,704.977600097656,340
520,2021.55461224937,2053.57870629344,704.977600097656,340
521,2038.81982577003,2046.07261100273,705.843811035156,340
522,1858.62927312272,2038.34337080492,705.843811035156,340
523,2032.88889012082,2033.90491155293,705.843811035156,340
524,2093.48884516071,2032.62822462771,705.843811035156,340
525,1723.51027015466,2010.89315645636,705.843811035156,340
526,1837.87817882836,2013.01899296514,705.843811035156,340
527,2139.84784435681,2019.74443859848,705.843811035156,340
528,2083.38995647079,2016.66731802847,705.843811035156,340
529,1969.23029261363,2017.05441828461,707.567199707031,340
530,1885.97853773514,2004.394567462,707.567199707031,340
531,1775.99032843566,1988.73468582921,707.567199707031,340
532,1966.98074881407,1981.24040168993,707.567199707031,340
533,1946.76129229168,1971.60707228011,707.567199707031,340
534,1966.58415926372,1970.32121573671,707.567199707031,340
535,2021.29399306426,1984.75634811601,707.567199707031,340
536,1858.36682725049,1979.30193209159,707.567199707031,340
537,2095.99407654613,1978.84574593842,711.651123046875,340
538,1998.02465280961,1972.99322013749,711.651123046875,340
539,1821.85975101287,1966.06311238444,711.651123046875,340
540,2012.90861936747,1968.2398756257,711.651123046875,340
541,2156.72573784404,1964.70543263947,711.651123046875,340
542,1756.10403752252,1962.9898846988,711.651123046875,340
543,2065.96663304112,1972.04283293481,711.651123046875,340
544,1865.01035486852,1959.75150954861,711.651123046875,340
545,1995.24117665983,1958.69897212503,710.236389160156,340
546,1802.58266690592,1949.24948577046,710.236389160156,340
547,1969.51826703257,1953.68504552686,710.236389160156,340
548,2035.08225566135,1953.77278014848,710.236389160156,340
549,2099.09594100907,1953.99706398241,710.236389160156,340
550,1773.74086463596,1956.00628776166,710.236389160156,340
551,1965.16350161157,1961.09770067299,710.236389160156,340
552,2091.23013846995,1959.15299243752,710.236389160156,340
553,1385.58632627984,1931.24084722988,708.719909667969,340
554,1965.39124833416,1931.0872854587,708.719909667969,340
555,1672.05526410095,1922.53035451333,708.719909667969,340
556,1803.00841510408,1923.61107798007,708.719909667969,340
557,1944.23287046944,1922.70116284628,708.719909667969,340
558,1939.67703210118,1922.41779243866,708.719909667969,340
559,1980.32733513018,1922.96751947332,708.719909667969,340
560,1957.89641234929,1920.43161624472,708.719909667969,340
561,1809.005616068,1918.45716779742,709.045227050781,340
562,1966.70897076641,1913.28576356623,709.045227050781,340
563,1378.32924841453,1888.49794739043,709.045227050781,340
564,1821.66971367682,1888.49034589699,709.045227050781,340
565,1987.35933752593,1887.46837462333,709.045227050781,340
566,1881.12953786893,1876.44452662432,709.045227050781,340
567,2062.31082181976,1888.69279799621,709.045227050781,340
568,2033.61748312037,1887.39883199938,709.045227050781,340
569,1542.63170309793,1874.50368592856,704.226501464844,340
570,1976.74240179816,1873.76373493409,704.226501464844,340
571,1900.27768018026,1877.67153546507,704.226501464844,340
572,1802.48088120319,1870.99004003189,704.226501464844,340
573,2078.74153613021,1872.73641125065,704.226501464844,340
574,1694.96798583324,1856.57129304361,704.226501464844,340
575,1793.3844461666,1857.35703630484,704.226501464844,340
576,2174.11663206982,1865.71516152317,704.226501464844,340
577,1978.25481031787,1861.19614839709,701.161437988281,340
578,2059.38627756622,1888.14814644854,701.161437988281,340
579,1861.33924148937,1883.98606617475,701.161437988281,340
580,1796.94518002216,1888.9816628116,701.161437988281,340
581,1941.19338287341,1894.50906152237,701.161437988281,340
582,1924.12942535623,1893.70492371784,701.161437988281,340
583,1984.08789139355,1895.48135808954,701.161437988281,340
584,2029.83443885867,1897.46164223868,701.161437988281,340
585,2072.02891318429,1902.02694227208,696.713989257812,340
586,2163.72140218603,1916.2155737168,696.713989257812,340
587,1961.83042302143,1916.020431807,696.713989257812,340
588,2186.01856608867,1948.32800451396,696.713989257812,340
589,2084.65591089811,1958.84745240282,696.713989257812,340
590,2057.80863158348,1961.66542416512,696.713989257812,340
591,2018.46806687776,1967.15896532547,696.713989257812,340
592,2195.12281810046,1972.4714451767,696.713989257812,340
593,2131.68699614492,1976.39422569768,694.347778320312,340
594,2130.5567291066,1999.91122673803,694.347778320312,340
595,2280.82742949302,2012.07462784582,694.347778320312,340
596,1750.14528655926,2006.06933210098,694.347778320312,340
597,2094.90831026166,2017.76642926332,694.347778320312,340
598,2233.49107920516,2023.95641098632,694.347778320312,340
599,2174.34822426599,2043.13162052363,694.347778320312,340
600,2125.62721012629,2056.42133108202,694.347778320312,340
601,2079.98538974549,2052.65608138904,695.682067871094,340
602,2030.96527877333,2054.76450012726,695.682067871094,340
603,2139.68855058647,2057.97659104807,695.682067871094,340
604,1782.44659914546,2054.82088535432,695.682067871094,340
605,1995.40769594745,2062.75938599133,695.682067871094,340
606,2124.97327064052,2070.11058150201,695.682067871094,340
607,2007.17333755425,2073.43233798993,695.682067871094,340
608,1810.27683189667,2066.47989561006,695.682067871094,340
609,2242.17955548781,2074.97370027522,694.917907714844,340
610,2060.04715263733,2074.49442985334,694.917907714844,340
611,2293.84557269009,2079.69939667351,694.917907714844,340
612,2186.86056031214,2088.70060216514,694.917907714844,340
613,2041.33857467711,2082.91340250867,694.917907714844,340
614,2129.59291025666,2084.71088248301,694.917907714844,340
615,2179.77623758133,2089.58958672293,694.917907714844,340
616,2119.50281536954,2093.6309766626,694.917907714844,340
617,1811.07488135174,2078.26905919265,693.376892089844,340
618,1903.68026285062,2069.14878986088,693.376892089844,340
619,1998.39832004867,2063.86245349856,693.376892089844,340
620,1990.33814934823,2052.24288229277,693.376892089844,340
621,2196.02060798782,2070.07789514991,693.376892089844,340
622,2158.32476864783,2072.61455348536,693.376892089844,340
623,2129.02884488337,2068.43606411249,693.376892089844,340
624,2192.02811327855,2069.14325967299,693.376892089844,340
625,1764.577397798,2054.70126717986,692.511596679688,340
626,2120.85713335835,2056.33613692437,692.511596679688,340
627,1625.39138384284,2040.11318112715,692.511596679688,340
628,2267.690758027,2045.23326942477,692.511596679688,340
629,2113.17825770239,2058.46253576705,692.511596679688,340
630,1930.27939838244,2055.85740386445,692.511596679688,340
631,1648.07002052334,2036.78127385976,692.511596679688,340
632,2246.0929172329,2046.33805704691,692.511596679688,340
633,2132.5322334088,2059.2282731074,689.891235351562,340
634,2168.90162181919,2056.29715576065,689.891235351562,340
635,2200.55047895864,2061.9172888135,689.891235351562,340
636,2110.24598677526,2054.57330537691,689.891235351562,340
637,2193.28252446192,2054.8301839429,689.891235351562,340
638,2277.18347151803,2064.26397981654,689.891235351562,340
639,2169.31208621983,2065.85274685507,689.891235351562,340
640,1987.56562577253,2058.16432238271,689.891235351562,340
641,2200.52117658685,2061.40505683141,687.669799804688,340
642,2214.72891921416,2077.5512183459,687.669799804688,340
643,2215.34414441043,2090.01777360829,687.669799804688,340
644,2256.94057427773,2100.35946377746,687.669799804688,340
645,2227.59597685905,2109.84977687789,687.669799804688,340
646,2170.99317320622,2108.84867948663,687.669799804688,340
647,2104.26261456274,2106.68619332322,687.669799804688,340
648,1762.14314668914,2092.01076539545,687.669799804688,340
649,2263.06232265955,2094.85213377069,687.54296875,340
650,2169.57137676398,2111.05189292933,687.54296875,340
651,2092.56674982372,2109.92027758795,687.54296875,340
652,1891.10541196852,2120.54883871297,687.54296875,340
653,2064.89582712716,2112.43704147698,687.54296875,340
654,2214.61466338912,2116.49449770445,687.54296875,340
655,2083.12350405106,2122.60826193119,687.54296875,340
656,2108.29726423966,2141.01735167985,687.54296875,340
657,2048.84275463987,2133.12734517613,687.996215820312,340
658,2268.68095708032,2138.57329412299,687.996215820312,340
659,2252.24432231487,2141.90700214281,687.996215820312,340
660,2005.69860125832,2134.1129270348,687.996215820312,340
661,2239.09551357447,2139.26690810677,687.996215820312,340
662,2193.41548403757,2139.2722264898,687.996215820312,340
663,2276.97269380146,2139.26379538113,687.996215820312,340
664,2230.65967126436,2141.71769878291,687.996215820312,340
665,2084.13579759016,2145.58050565562,685.54296875,340
666,2186.45303029641,2145.017779804,685.54296875,340
667,2153.40114749748,2142.56466893533,685.54296875,340
668,2116.27422737366,2138.60187225386,685.54296875,340
669,2181.94163022815,2135.60191449188,685.54296875,340
670,2257.19430096809,2136.78584745624,685.54296875,340
671,2186.55353147307,2137.40826178692,685.54296875,340
672,2206.2503884803,2141.48777274362,685.54296875,340
673,2069.96241919366,2153.8005436438,690.633117675781,340
674,2232.13093340225,2152.56328807351,690.633117675781,340
675,2216.13180962968,2154.42570538813,690.633117675781,340
676,2082.13613498414,2154.00848079455,690.633117675781,340
677,2219.9137349251,2167.16081371282,690.633117675781,340
678,2285.64796581077,2175.99089926016,690.633117675781,340
679,2147.30610686751,2173.2985569993,690.633117675781,340
680,2140.49631404878,2175.5934693992,690.633117675781,340
681,2253.55867830322,2181.40392596175,692.090209960938,340
682,2293.96360329993,2191.20875990815,692.090209960938,340
683,2071.27336308768,2183.31245614844,692.090209960938,340
684,2127.49877773221,2178.32263436514,692.090209960938,340
685,2073.94695793276,2181.05256863211,692.090209960938,340
686,2277.20265040418,2182.5768541053,692.090209960938,340
687,2236.22086542579,2184.28906936083,692.090209960938,340
688,2297.27945511626,2185.10133981342,692.090209960938,340
689,2258.6663502483,2186.22160697278,698.718811035156,340
690,2060.40861818996,2185.27251979677,698.718811035156,340
691,2061.12889618897,2180.25955443248,698.718811035156,340
692,2228.03806728086,2183.24503122381,698.718811035156,340
693,2204.44595569831,2186.7719003568,698.718811035156,340
694,2179.45327315336,2186.67236607381,698.718811035156,340
695,2262.65032545897,2186.89060705344,698.718811035156,340
696,2073.35465709113,2182.36265207816,698.718811035156,340
697,2150.19675861358,2180.12050688349,703.162170410156,340
698,2283.12878604232,2188.64716155744,703.162170410156,340
699,2212.12363047384,2187.8468694403,703.162170410156,340
700,2221.4184230877,2188.05833397863,703.162170410156,340
701,2221.01295143992,2193.61340663686,703.162170410156,340
702,2239.35736989026,2194.39115203546,703.162170410156,340
703,2019.17840089683,2183.73236943891,703.162170410156,340
704,2240.43678407916,2187.45759652737,703.162170410156,340
705,2000.3198832308,2181.85053929465,705.844909667969,340
706,2174.41997143245,2178.68499101982,705.844909667969,340
707,2158.1481326838,2173.25237219518,705.844909667969,340
708,2239.22926436743,2179.97060824637,705.844909667969,340
709,1814.57372947867,2167.45360631622,705.844909667969,340
710,2309.641928373,2176.88140513383,705.844909667969,340
711,2223.17726679511,2174.72038978947,705.844909667969,340
712,2154.99886697609,2171.47150985148,705.844909667969,340
713,2005.85981089095,2159.81472408247,707.009826660156,340
714,2209.36841625788,2157.84280672285,707.009826660156,340
715,2209.1779931266,2163.79358172032,707.009826660156,340
716,2218.38837848573,2170.08396101219,707.009826660156,340
717,2218.83920657453,2169.71600658394,707.009826660156,340
718,2259.55878391189,2171.92051971248,707.009826660156,340
719,2277.66986687701,2175.84918346143,707.009826660156,340
720,2250.59471142643,2175.36695890012,707.009826660156,340
721,2238.42019554758,2181.96958043838,710.255249023438,340
722,2174.0196927435,2182.92249780358,710.255249023438,340
723,2260.1763888484,2182.00440191582,710.255249023438,340
724,2228.21953451023,2182.64823807728,710.255249023438,340
725,2261.65986050093,2184.25789557381,710.255249023438,340
726,2309.84710676516,2187.81126178682,710.255249023438,340
727,2248.15354925788,2188.16310896152,710.255249023438,340
728,2183.77136203798,2194.74682740717,710.255249023438,340
729,2263.63044544105,2195.67457386164,712.990295410156,340
730,2283.04366691429,2206.98352520898,712.990295410156,340
731,2179.43420203549,2207.1840944331,712.990295410156,340
732,2258.10473178585,2211.18235839719,712.990295410156,340
733,2269.42008471584,2212.38999121112,712.990295410156,340
734,1942.9334038322,2217.52437818526,712.990295410156,340
735,2216.45009749323,2213.79670495007,712.990295410156,340
736,2300.09576213129,2216.87344476352,712.990295410156,340
737,2256.63700677517,2220.93897035548,715.143737792969,340
738,2241.07807780188,2230.34770103192,715.143737792969,340
739,2136.94938319386,2227.45093970936,715.143737792969,340
740,2245.99258242924,2228.92352328147,715.143737792969,340
741,2270.23151725358,2230.99724883218,715.143737792969,340
742,2151.33805843413,2228.29720290656,715.143737792969,340
743,2241.81097122669,2227.58729039916,715.143737792969,340
744,2191.18991880254,2224.12809247618,715.143737792969,340
745,2287.57091979856,2225.60714081106,716.614379882812,340
746,2199.77971868581,2224.06152173659,716.614379882812,340
747,2263.13970011993,2227.62632203165,716.614379882812,340
748,2194.30147410753,2224.99132544201,716.614379882812,340
749,2115.92546946089,2220.49956284004,716.614379882812,340
750,2260.92644179497,2220.4702260918,716.614379882812,340
751,2250.76330312824,2218.10687394632,716.614379882812,340
752,2161.88290250277,2214.65604807612,716.614379882812,340
753,2058.53838068744,2209.6467288221,716.519165039062,340
754,2201.92006693309,2207.17831368178,716.519165039062,340
755,1931.97836707596,2193.13570168825,716.519165039062,340
756,2258.26501254594,2196.28893410866,716.519165039062,340
757,2252.17969801535,2196.05193275784,716.519165039062,340
758,2179.68813352027,2192.46265471002,716.519165039062,340
759,1977.4297934876,2193.84251029624,716.519165039062,340
760,2037.40755457943,2186.68080857969,716.519165039062,340
761,2199.10354821356,2182.64112002298,719.34375,340
762,2243.29377398882,2182.10739071152,719.34375,340
763,2242.18384092569,2182.15162123647,719.34375,340
764,2127.05373578153,2181.75579533998,719.34375,340
765,2248.65670105023,2181.86236008482,719.34375,340
766,2220.80813256849,2179.88542469742,719.34375,340
767,2124.09695464072,2178.79578054568,719.34375,340
768,2218.5502326375,2177.86535100211,719.34375,340
769,2166.20487406547,2176.86594921263,721.069946289062,340
770,2124.5721160239,2170.34599706165,721.069946289062,340
771,2169.28262306337,2169.12611323675,721.069946289062,340
772,2113.8081959908,2163.15285307158,721.069946289062,340
773,2276.53496484485,2166.44219270108,721.069946289062,340
774,2287.43711246483,2173.30265842123,721.069946289062,340
775,2179.54589286901,2170.0474364642,721.069946289062,340
776,2080.94254993656,2163.25460633653,721.069946289062,340
777,2232.79196094933,2166.09096867439,722.537536621094,340
778,2259.18842798756,2174.1169705664,722.537536621094,340
779,2237.30352613286,2175.53230893439,722.537536621094,340
780,2069.68433176653,2181.04054752201,722.537536621094,340
781,2246.04785556286,2180.55186124269,722.537536621094,340
782,2211.52139551935,2178.92552914285,722.537536621094,340
783,2224.88893390926,2180.73356115841,722.537536621094,340
784,2179.93902084155,2188.83393025256,722.537536621094,340
785,2235.26745237795,2196.7483261645,722.063659667969,340
786,2262.38907705776,2199.27974731827,722.063659667969,340
787,2280.34997381079,2200.76199531115,722.063659667969,340
788,2268.47171757186,2201.813510377,722.063659667969,340
789,2191.18341534359,2204.37869755948,722.063659667969,340
790,2243.85695305327,2204.1867076396,722.063659667969,340
791,2287.07485448897,2206.83737651642,722.063659667969,340
792,2258.85342617103,2212.22763537763,722.063659667969,340
793,2232.00307024823,2212.76574888206,723.66748046875,340
794,2170.95750709423,2212.95585420321,723.66748046875,340
795,2170.29424366791,2214.78473930897,723.66748046875,340
796,2275.69180350878,2219.04110652679,723.66748046875,340
797,2281.80128343194,2225.76083002443,723.66748046875,340
798,2272.78788307436,2225.61094675361,723.66748046875,340
799,1979.03976788861,2213.27505297057,723.66748046875,340
800,2124.18161687768,2211.06048193091,723.66748046875,340
801,2277.58103946602,2218.92602151209,724.53271484375,340
802,2036.00860328737,2211.05468720561,724.53271484375,340
803,2284.28122368052,2212.05839903333,724.53271484375,340
804,2287.18393792137,2214.05361550487,724.53271484375,340
805,2211.34225020329,2219.71993224234,724.53271484375,340
806,2223.73738442827,2218.82751339696,724.53271484375,340
807,2249.17553149756,2220.33367883609,724.53271484375,340
808,2272.71980506677,2222.24691368239,724.53271484375,340
809,2190.14312146689,2222.6550777074,722.847106933594,340
810,2274.14238752747,2224.21007511338,722.847106933594,340
811,2275.98487333661,2224.75390696454,722.847106933594,340
812,2319.16119805496,2226.3063559343,722.847106933594,340
813,2222.49617071858,2224.46733406017,722.847106933594,340
814,2295.48688542518,2228.63947286343,722.847106933594,340
815,2290.59863723138,2230.50914023056,722.847106933594,340
816,2299.34488386525,2230.99994140561,722.847106933594,340
817,2248.86620660705,2230.60045262305,720.364685058594,340
818,2283.4886214293,2232.65987467029,720.364685058594,340
819,2290.8366633399,2237.45504092012,720.364685058594,340
820,2216.06538612769,2239.28588661851,720.364685058594,340
821,2107.73989833721,2232.56781041165,720.364685058594,340
822,2251.73275735693,2231.36506936865,720.364685058594,340
823,2289.81767285947,2232.04626096005,720.364685058594,340
824,2242.58918122988,2242.5882374937,720.364685058594,340
825,2270.5969075014,2248.44484911865,713.109497070312,340
826,2265.62019156094,2247.96641520245,713.109497070312,340
827,2288.75902759641,2258.07643217481,713.109497070312,340
828,2273.27451651399,2257.63616388815,713.109497070312,340
829,2283.02718994071,2257.46989396892,713.109497070312,340
830,2118.11783954715,2253.74091754268,713.109497070312,340
831,2294.20878939239,2256.55977374124,713.109497070312,340
832,2245.57279287218,2256.41566419623,713.109497070312,340
833,2271.31747079377,2256.35957082531,711.734802246094,340
834,2253.39414667873,2258.88961183378,711.734802246094,340
835,2246.78480452005,2257.79530851348,711.734802246094,340
836,2201.02568656611,2254.79694104266,711.734802246094,340
837,2327.33948206182,2255.12407240294,711.734802246094,340
838,2278.8861262368,2257.37967062367,711.734802246094,340
839,2312.61515901701,2258.06480156734,711.734802246094,340
840,2102.24853763064,2250.53079758331,711.734802246094,340
841,2287.39515095205,2250.05280826678,710.686950683594,340
842,2269.55799723419,2250.88047989187,710.686950683594,340
843,2263.80602599501,2250.0931760745,710.686950683594,340
844,2270.64271587303,2249.28541817582,710.686950683594,340
845,2264.51491451082,2251.22339931115,710.686950683594,340
846,2174.74908489453,2253.90376677344,710.686950683594,340
847,2191.03647775783,2251.47591558948,710.686950683594,340
848,2328.33697664598,2253.01668774094,710.686950683594,340
849,2175.23805705021,2250.32264277375,711.453735351562,340
850,2224.07650242087,2248.46182657053,711.453735351562,340
851,2309.25234629441,2250.20711275987,711.453735351562,340
852,2291.4811136117,2250.31599620048,711.453735351562,340
853,2253.6679404154,2249.53173315654,711.453735351562,340
854,2285.55310129962,2249.63276961089,711.453735351562,340
855,2116.64931090346,2249.57402846514,711.453735351562,340
856,2273.97749832606,2248.76477682249,711.453735351562,340
857,2185.37940542864,2246.35704132475,713.601196289062,340
858,2273.8360854983,2246.45778591293,713.601196289062,340
859,2247.53033553286,2246.2232334671,713.601196289062,340
860,2286.00159187822,2247.79190496142,713.601196289062,340
861,2266.61353388608,2250.41541885422,713.601196289062,340
862,2226.16258399991,2246.36834293175,713.601196289062,340
863,2269.32679008709,2245.98596948576,713.601196289062,340
864,2251.37147860079,2243.53622226911,713.601196289062,340
865,2145.75511887218,2245.27648551877,715.767883300781,340
866,2309.76810541698,2246.17140369737,715.767883300781,340
867,2292.74200910323,2247.09876417213,715.767883300781,340
868,2119.35898722462,2241.32088262131,715.767883300781,340
869,2151.81348382978,2236.56771333958,715.767883300781,340
870,2220.81888610121,2234.8198722032,715.767883300781,340
871,2185.92675478138,2235.26697899867,715.767883300781,340
872,2297.25961700306,2239.51590456848,715.767883300781,340
873,2295.06990955581,2238.18522188487,717.576354980469,340
874,2272.20301098803,2242.06382004239,717.576354980469,340
875,2284.53746634326,2244.48225859928,717.576354980469,340
876,2150.62797024082,2238.13728355714,717.576354980469,340
877,2221.37793887307,2235.33315656759,717.576354980469,340
878,2249.10724699983,2235.15072883097,717.576354980469,340
879,2156.57217973377,2229.99149196834,717.576354980469,340
880,2239.59333812406,2234.90925305716,717.576354980469,340
881,2297.95600030514,2235.86839313632,718.601928710938,340
882,2105.45431672544,2232.6713895882,718.601928710938,340
883,2298.78352596883,2233.66928720702,718.601928710938,340
884,2235.21362118501,2233.1766186331,718.601928710938,340
885,2285.64036292789,2233.16216947509,718.601928710938,340
886,2194.13466495314,2230.26301471777,718.601928710938,340
887,2306.87587430458,2233.49154632996,718.601928710938,340
888,2305.64112188628,2234.94411960193,718.601928710938,340
889,2273.34650574141,2235.82312068755,720.594787597656,340
890,2308.37680321636,2242.32798806132,720.594787597656,340
891,2315.78001229827,2242.56846433657,720.594787597656,340
892,2187.56019170144,2238.3611916405,720.594787597656,340
893,2227.98246212424,2242.70613063648,720.594787597656,340
894,2329.99158893797,2249.83325484081,720.594787597656,340
895,2308.15311354144,2253.32662393842,720.594787597656,340
896,2320.33453197544,2258.70293502618,720.594787597656,340
897,2246.60091234228,2256.67658683975,723.600341796875,340
898,2273.69850472386,2255.82173064647,723.600341796875,340
899,2240.07941659437,2254.53678687073,723.600341796875,340
900,2263.02961155431,2253.67647267917,723.600341796875,340
901,2301.70737566823,2259.71964889627,723.600341796875,340
902,2314.41865406612,2263.44127750399,723.600341796875,340
903,2308.62985805456,2265.82218194618,723.600341796875,340
904,2260.41376637716,2269.97584541191,723.600341796875,340
905,2205.69052527348,2268.61973289789,724.267456054688,340
906,2246.40556617856,2266.55771553283,724.267456054688,340
907,2160.64276537681,2268.76525347888,724.267456054688,340
908,2325.78513494062,2269.84531783775,724.267456054688,340
909,2310.83050406679,2272.86999315303,724.267456054688,340
910,2244.50579957059,2271.22461061873,724.267456054688,340
911,2236.88651235148,2272.93468451467,724.267456054688,340
912,2322.62282932409,2273.56456271545,724.267456054688,340
913,2229.45363405157,2270.51706320206,725.3984375,340
914,2279.54465080751,2270.7649890047,725.3984375,340
915,2263.48132757801,2268.96916997917,725.3984375,340
916,2304.37458780314,2268.51295299936,725.3984375,340
917,2223.4731912668,2269.94947298198,725.3984375,340
918,2360.45963351575,2275.24855983764,725.3984375,340
919,2301.82300260606,2274.12181638436,725.3984375,340
920,2264.32699379582,2272.36877159454,725.3984375,340
921,2286.91007256112,2271.03179321796,727.813110351562,340
922,2345.69517930311,2274.9955638964,727.813110351562,340
923,2351.46435609542,2278.10619795126,727.813110351562,340
924,2340.76440064154,2282.13359731315,727.813110351562,340
925,2283.66965229318,2282.9591989427,727.813110351562,340
926,2261.91124012419,2281.36735352094,727.813110351562,340
927,2244.15362818494,2278.55675248569,727.813110351562,340
928,2340.47415010605,2279.83052416775,727.813110351562,340
929,2073.28914907363,2272.34553947561,729.569641113281,340
930,2163.36806331931,2270.65264099744,729.569641113281,340
931,2161.10547521785,2267.24063735902,729.569641113281,340
932,2250.59138420851,2270.83858211228,729.569641113281,340
933,2323.21534627019,2270.73579056547,729.569641113281,340
934,2301.05900221427,2270.34493049136,729.569641113281,340
935,2288.34289981099,2272.09841450098,729.569641113281,340
936,2300.98368415247,2274.66230137302,729.569641113281,340
937,2311.21416388403,2274.20595475542,731.177734375,340
938,2288.3507880682,2276.56184091608,731.177734375,340
939,2278.80504449922,2276.53225666375,731.177734375,340
940,2294.77939121906,2277.78417920939,731.177734375,340
941,2107.01153493969,2269.88965709486,731.177734375,340
942,2285.0444652524,2272.35250805428,731.177734375,340
943,2277.05077133325,2269.01615356698,731.177734375,340
944,2294.19395629027,2268.71099171435,731.177734375,340
945,2325.18945849824,2271.14549030244,730.948425292969,340
946,2256.28755631482,2269.92058965259,730.948425292969,340
947,2293.41186354748,2267.82925702237,730.948425292969,340
948,2314.52488764853,2266.35167828449,730.948425292969,340
949,2318.9006795249,2265.47712943983,730.948425292969,340
950,2331.92934103363,2267.40751698944,730.948425292969,340
951,2294.85969153255,2268.72545504578,730.948425292969,340
952,2348.2582463068,2272.88963977065,730.948425292969,340
953,2246.23978220368,2269.12026505456,730.472961425781,340
954,2188.75239004518,2273.73879469342,730.472961425781,340
955,2096.86578980594,2271.07870375289,730.472961425781,340
956,2240.84184601404,2274.26815858473,730.472961425781,340
957,2254.26982511442,2274.41529622097,730.472961425781,340
958,2266.87804585534,2272.16180420438,730.472961425781,340
959,2271.22028162406,2270.96825538077,730.472961425781,340
960,2257.86119794541,2269.74898730614,730.472961425781,340
961,2326.64934079006,2270.77561357165,730.206726074219,340
962,2318.41268630528,2271.0635544685,730.206726074219,340
963,2161.75950113945,2265.99990299135,730.206726074219,340
964,2293.58792353344,2266.59121815272,730.206726074219,340
965,2107.54942661844,2259.10201956869,730.206726074219,340
966,2317.28574771504,2267.5129880797,730.206726074219,340
967,2254.12314209153,2266.27613515327,730.206726074219,340
968,2292.6616559746,2266.90057053892,730.206726074219,340
969,2313.16360781641,2267.65935659997,731.557922363281,340
970,2183.78666685436,2262.00324493421,731.557922363281,340
971,2315.9735839715,2264.39068604048,731.557922363281,340
972,2300.73539988067,2264.68362749381,731.557922363281,340
973,2232.20540204389,2261.39084806962,731.557922363281,340
974,2249.51979085928,2258.615612523,731.557922363281,340
975,2241.50998676733,2254.99883835235,731.557922363281,340
976,2162.30596414678,2249.69668925692,731.557922363281,340
977,2128.08246833538,2240.88965813806,731.893432617188,340
978,2242.93019958933,2240.75727483349,731.893432617188,340
979,2297.20663340937,2245.09544456805,731.893432617188,340
980,2265.71484515701,2251.8494067821,731.893432617188,340
981,2247.49401682512,2252.11549361454,731.893432617188,340
982,2243.94957886229,2251.70268376445,731.893432617188,340
983,2359.76758495364,2255.41826532839,731.893432617188,340
984,2326.69540156824,2257.63727012615,731.893432617188,340
985,2324.3738939054,2260.29777796455,733.620422363281,340
986,2323.52013369442,2260.17260968073,733.620422363281,340
987,2345.76136020543,2261.26655663673,733.620422363281,340
988,2307.28247210789,2267.08747547547,733.620422363281,340
989,2276.85220018446,2266.41804654151,733.620422363281,340
990,2304.40857650902,2274.29241253714,733.620422363281,340
991,2216.4455904425,2270.25880624623,733.620422363281,340
992,2258.81804999718,2270.44660256246,733.620422363281,340
993,2219.72266606789,2267.52904296619,734.495239257812,340
994,2334.61693303339,2268.38717597487,734.495239257812,340
995,2314.17023608815,2273.60251874422,734.495239257812,340
996,2155.49692240881,2267.18345228171,734.495239257812,340
997,2213.15996601203,2263.68043492697,734.495239257812,340
998,2296.45907984958,2266.2505820392,734.495239257812,340
999,2193.42221812094,2264.00667912966,734.495239257812,340
1000,2315.21693687984,2266.95495713416,734.495239257812,340
1001,2293.3896066965,2272.19830283615,736.187744140625,340
1002,2275.67747799662,2278.1021032226,736.187744140625,340
1003,2138.2482269152,2273.91482431564,736.187744140625,340
1004,2301.60089662079,2274.09059484409,736.187744140625,340
1005,2324.64891338604,2276.44795757326,736.187744140625,340
1006,2265.75811373962,2277.17852144984,736.187744140625,340
1007,2347.30407692556,2281.31270137237,736.187744140625,340
1008,2271.52633564985,2277.78305140021,736.187744140625,340
1009,2348.78829667759,2278.66676720459,737.789001464844,340
1010,2359.11663297659,2280.05647676744,737.789001464844,340
1011,2359.6272123781,2281.50075991478,737.789001464844,340
1012,2355.22935055134,2281.87947952862,737.789001464844,340
1013,2327.90006585419,2282.70418327847,737.789001464844,340
1014,2253.07069084571,2281.75292290492,737.789001464844,340
1015,2345.27220272843,2283.3874679537,737.789001464844,340
1016,2292.45407542229,2286.42780735289,737.789001464844,340
1017,2349.5888135509,2290.05863789504,738.018737792969,340
1018,2305.11412658612,2293.47429631577,738.018737792969,340
1019,2341.46905961257,2293.74838137893,738.018737792969,340
1020,2356.75499569612,2295.45177176325,738.018737792969,340
1021,2337.10060935149,2302.71591924096,738.018737792969,340
1022,2330.53612260893,2307.41096550484,738.018737792969,340
1023,2320.48412645525,2308.37196736906,738.018737792969,340
1024,2297.67707755075,2312.54216174626,738.018737792969,340
1025,2299.72869302817,2311.92263199219,738.272644042969,340
1026,2339.9713253287,2313.78590073748,738.272644042969,340
1027,2310.37362615574,2315.17374666384,738.272644042969,340
1028,2216.86340131925,2318.31835364,738.272644042969,340
1029,2338.59684414496,2319.79819154097,738.272644042969,340
1030,2314.50236089113,2319.39232944117,738.272644042969,340
1031,2362.77126813293,2323.27285561691,738.272644042969,340
1032,2279.5839562856,2320.56405079131,738.272644042969,340
1033,2340.35786825456,2323.3173120955,740.111755371094,340
1034,2369.79226067158,2324.15747065526,740.111755371094,340
1035,2270.12942073929,2320.59798216576,740.111755371094,340
1036,2328.9437556793,2319.37064389781,740.111755371094,340
1037,2312.44816045315,2317.65939629388,740.111755371094,340
1038,2370.14876856549,2319.34934440234,740.111755371094,340
1039,2269.31100108841,2319.99895681204,740.111755371094,340
1040,2061.43425041456,2308.64543871949,740.111755371094,340
1041,2272.88587707738,2307.86271078569,741.266235351562,340
1042,2358.51118546438,2308.21960566223,741.266235351562,340
1043,2341.27084366443,2309.66587434536,741.266235351562,340
1044,2324.47556385104,2308.9861345149,741.266235351562,340
1045,2205.00178609617,2302.9160061309,741.266235351562,340
1046,2302.34674789648,2301.5258516727,741.266235351562,340
1047,2330.25334028104,2301.51454037959,741.266235351562,340
1048,2352.74827803512,2302.80510644278,741.266235351562,340
1049,2321.24318493893,2303.74775073831,741.068542480469,340
1050,2374.35229795893,2306.73269493554,741.068542480469,340
1051,2333.42692309589,2306.47091884623,741.068542480469,340
1052,2292.08343080005,2305.739311032,741.068542480469,340
1053,2337.31421996161,2310.5573437777,741.068542480469,340
1054,2373.4334219456,2311.95080688972,741.068542480469,340
1055,2291.99293824697,2311.05042998395,741.068542480469,340
1056,2319.63458540075,2309.32496267467,741.068542480469,340
1057,2130.99760877783,2303.38150877436,741.7412109375,340
1058,2322.03420978633,2302.64856243563,741.7412109375,340
1059,2348.6444966081,2301.80265187309,741.7412109375,340
1060,2353.48482779979,2305.13686815551,741.7412109375,340
1061,2296.65788664513,2303.84543339414,741.7412109375,340
1062,2338.57305434076,2304.89042914965,741.7412109375,340
1063,2363.12530301644,2304.60949052768,741.7412109375,340
1064,2354.59934222896,2308.02102417331,741.7412109375,340
1065,2318.6456473848,2318.30948005212,741.245422363281,340
1066,2352.78125259723,2321.50529507291,741.245422363281,340
1067,2351.88559622044,2321.24027150315,741.245422363281,340
1068,2221.27365249906,2316.44038385654,741.245422363281,340
1069,2379.98594813372,2318.66079922785,741.245422363281,340
1070,2356.31189470661,2324.71320357226,741.245422363281,340
1071,2377.86336333451,2327.73386818978,741.245422363281,340
1072,2246.30036344109,2324.37574911619,741.245422363281,340
1073,2363.51206712196,2324.80630067966,741.563171386719,340
1074,2326.38360480465,2325.01191747429,741.563171386719,340
1075,2369.8156649503,2324.83045215394,741.563171386719,340
1076,2335.97777776944,2324.93248634089,741.563171386719,340
1077,2368.32863678965,2327.98229458047,741.563171386719,340
1078,2314.95115557058,2327.08777200483,741.563171386719,340
1079,2349.0812623559,2326.11368562124,741.563171386719,340
1080,2321.0630011154,2327.27648813598,741.563171386719,340
1081,2352.10534296304,2328.57531843847,742.337829589844,340
1082,2339.96178140674,2336.93388534363,742.337829589844,340
1083,2390.98352058437,2339.69185777555,742.337829589844,340
1084,2354.92672850088,2339.94314705126,742.337829589844,340
1085,2367.19127453795,2340.49140492078,742.337829589844,340
1086,2377.05289619434,2343.70720530275,742.337829589844,340
1087,2336.7965147262,2343.63614371817,742.337829589844,340
1088,2362.63087446186,2343.61636657599,742.337829589844,340
1089,2387.63618990986,2344.93784048322,743.249389648438,340
1090,2387.54302528672,2347.6937355993,743.249389648438,340
1091,2374.20693542074,2348.55076291224,743.249389648438,340
1092,2401.13392210967,2350.52069594781,743.249389648438,340
1093,2375.16984078799,2356.67654347937,743.249389648438,340
1094,2379.2636910526,2356.64765319612,743.249389648438,340
1095,2358.02990962116,2356.71637379271,743.249389648438,340
1096,2343.04192778917,2355.32351637089,743.249389648438,340
1097,2377.62626027807,2360.57655224437,742.828247070312,340
1098,2376.59582648434,2361.09990261887,742.828247070312,340
1099,2337.36831687881,2361.53929110183,742.828247070312,340
1100,2357.09008709743,2361.03026798772,742.828247070312,340
1101,2333.96656188541,2360.94981935236,742.828247070312,340
1102,2376.25056604728,2361.26669652266,742.828247070312,340
1103,2342.86263301983,2362.38315562063,742.828247070312,340
1104,2377.85563813274,2363.5341306517,742.828247070312,340
1105,2378.05443577768,2365.8137880382,744.669189453125,340
1106,2343.82154319862,2365.48243604762,744.669189453125,340
1107,2349.37151574838,2365.85882542128,744.669189453125,340
1108,2380.85370153669,2365.45363265938,744.669189453125,340
1109,2392.46780711658,2366.955275804,744.669189453125,340
1110,2399.89057548159,2368.26324784175,744.669189453125,340
1111,2378.5952190731,2368.3249407569,744.669189453125,340
1112,2387.14106981775,2370.33872296056,744.669189453125,340
1113,2410.23337023951,2372.24282279167,745.187622070312,340
1114,2391.09526692345,2372.38118587221,745.187622070312,340
1115,2301.94166630393,2368.9571315129,745.187622070312,340
1116,2388.11590006471,2369.51349009866,745.187622070312,340
1117,2371.4329675138,2368.32545191483,745.187622070312,340
1118,2366.70064948943,2367.98668426288,745.187622070312,340
1119,2381.95464107986,2368.09432226397,745.187622070312,340
1120,2374.75277350819,2368.76323681945,745.187622070312,340
1121,2353.86216769556,2369.19604641571,745.147216796875,340
1122,2267.04581308323,2364.77282852792,745.147216796875,340
1123,2369.10901305699,2364.47335599082,745.147216796875,340
1124,2356.05042891637,2365.22064047233,745.147216796875,340
1125,2391.88531031109,2366.61244940087,745.147216796875,340
1126,2382.41721460053,2368.55047550948,745.147216796875,340
1127,2371.02460077532,2368.3414368986,745.147216796875,340
1128,2362.53424255339,2369.12830127994,745.147216796875,340
1129,2406.9993281695,2370.29404888141,745.781311035156,340
1130,2374.03312127703,2370.13319630139,745.781311035156,340
1131,2314.30815967238,2368.95266096033,745.781311035156,340
1132,2395.68160377675,2370.80506448147,745.781311035156,340
1133,2398.97476432935,2371.52990699318,745.781311035156,340
1134,2322.72230589335,2368.74008694425,745.781311035156,340
1135,2400.02274659118,2368.74537378863,745.781311035156,340
1136,2372.55534818904,2368.50377895327,745.781311035156,340
1137,2373.63766079202,2367.96364259224,747.955749511719,340
1138,2356.47234070549,2365.81320141088,747.955749511719,340
1139,2370.74245855474,2364.99908907613,747.955749511719,340
1140,2413.16304664167,2369.44794428964,747.955749511719,340
1141,2364.6240413925,2368.50826994275,747.955749511719,340
1142,2377.09229484701,2368.73464303608,747.955749511719,340
1143,2365.67373192293,2368.69356633342,747.955749511719,340
1144,2380.98330472057,2368.65471287905,747.955749511719,340
1145,2383.73235549055,2369.01389615834,748.772583007812,340
1146,2421.01874245052,2371.70015914854,748.772583007812,340
1147,2382.73277441806,2376.32763760193,748.772583007812,340
1148,2184.31250758194,2368.93577738293,748.772583007812,340
1149,2374.16680802456,2369.66043254726,748.772583007812,340
1150,2377.75841913808,2369.09535690034,748.772583007812,340
1151,2390.75208008261,2369.42875151962,748.772583007812,340
1152,2357.945039377,2368.90556906369,748.772583007812,340
1153,2372.43053449765,2369.30142074146,749.196655273438,340
1154,2396.40846614978,2368.87778626067,749.196655273438,340
1155,2402.3439330617,2370.01021873206,749.196655273438,340
1156,2373.34356254391,2372.37163484692,749.196655273438,340
1157,2392.37823998209,2372.23950029513,749.196655273438,340
1158,2373.69409371217,2371.22827347045,749.196655273438,340
1159,2394.75517114645,2374.10958808057,749.196655273438,340
1160,2399.09010966499,2374.07228260352,749.196655273438,340
1161,2412.43900052707,2375.66762869704,749.172668457031,340
1162,2385.09878091815,2376.12607350209,749.172668457031,340
1163,2407.16083005661,2378.15361307613,749.172668457031,340
1164,2404.30291496916,2379.49603133271,749.172668457031,340
1165,2406.75208065584,2379.23959269328,749.172668457031,340
1166,2384.68669686302,2380.0420989121,749.172668457031,340
1167,2392.95311336389,2380.67653165277,749.172668457031,340
1168,2392.39587869787,2381.74541752377,749.172668457031,340
1169,2392.46626704825,2382.20473601688,750.064208984375,340
1170,2392.60304335314,2382.55956353138,750.064208984375,340
1171,2408.61656407374,2382.06347639631,750.064208984375,340
1172,2379.29790716889,2381.92608170634,750.064208984375,340
1173,2369.77902588106,2389.34474243831,750.064208984375,340
1174,2406.97737453537,2390.65716509874,750.064208984375,340
1175,2388.97673915782,2391.10589789953,750.064208984375,340
1176,2383.00190164583,2390.79589076206,750.064208984375,340
1177,2406.4264380553,2392.73514670919,750.410949707031,340
1178,2417.41986348736,2394.53471986878,750.410949707031,340
1179,2373.11065586956,2393.60280745757,750.410949707031,340
1180,2424.60145431539,2394.49310830772,750.410949707031,340
1181,2414.9950730274,2396.15916872706,750.410949707031,340
1182,2427.76497381217,2397.57463808026,750.410949707031,340
1183,2416.95855917095,2399.30521669861,750.410949707031,340
1184,2391.18875642077,2399.16256010958,750.410949707031,340
1185,2413.0918768162,2399.72263079563,751.887756347656,340
1186,2437.86487439224,2400.73966575024,751.887756347656,340
1187,2370.52106558598,2400.15655713695,751.887756347656,340
1188,2383.31826026432,2399.20285434526,751.887756347656,340
1189,2404.7588766772,2399.22109281358,751.887756347656,340
1190,2406.14369032032,2399.19675720016,751.887756347656,340
1191,2415.79726305896,2400.441179848,751.887756347656,340
1192,2408.52389674505,2401.06401118325,751.887756347656,340
1193,2344.15132968895,2399.13422922289,753.521118164062,340
1194,2383.55382564756,2398.77773156686,753.521118164062,340
1195,2403.92619380387,2399.23065758489,753.521118164062,340
1196,2433.9725622033,2400.24489751007,753.521118164062,340
1197,2400.92162196429,2401.10984610189,753.521118164062,340
1198,2393.73908724189,2402.06824855632,753.521118164062,340
1199,2296.8386526872,2397.6626996824,753.521118164062,340
1200,2386.67300989943,2397.57055051206,753.521118164062,340
1201,2375.14673572815,2397.25634387535,754.309448242188,340
1202,2415.19104912385,2397.6069283181,754.309448242188,340
1203,2265.14905302387,2391.51609589956,754.309448242188,340
1204,2390.74763497599,2392.22157506381,754.309448242188,340
1205,2382.80421006061,2390.54968529362,754.309448242188,340
1206,2285.38013378052,2385.36508772375,754.309448242188,340
1207,2344.97326113574,2382.05341921669,754.309448242188,340
1208,2396.5366055461,2381.2365410717,754.309448242188,340
1209,2396.74781245129,2381.45890331292,755.345947265625,340
1210,2417.27268048636,2381.62613545972,755.345947265625,340
1211,2342.37789288846,2377.80665619957,755.345947265625,340
1212,2399.48917240719,2378.96538047242,755.345947265625,340
1213,2393.6819940445,2379.37992982363,755.345947265625,340
1214,2371.91616376409,2378.0662213071,755.345947265625,340
1215,2249.69654299402,2371.80833541405,755.345947265625,340
1216,2392.41143990879,2370.87290248804,755.345947265625,340
1217,2380.83905112374,2369.76550866319,755.250122070312,340
1218,2434.43708896581,2373.37693903426,755.250122070312,340
1219,2387.62641549619,2373.53984262821,755.250122070312,340
1220,2421.90814163309,2374.25912054138,755.250122070312,340
1221,2408.41346397409,2373.23675661221,755.250122070312,340
1222,2385.83941535648,2372.6334683479,755.250122070312,340
1223,2388.72929748565,2372.43307675765,755.250122070312,340
1224,2352.20012248755,2374.64753554966,755.250122070312,340
1225,2405.60191990174,2375.40469194976,756.348754882812,340
1226,2413.08734189764,2376.92231619654,756.348754882812,340
1227,2322.98018630801,2373.2338816839,756.348754882812,340
1228,2400.98764096565,2378.66742520157,756.348754882812,340
1229,2418.70055702504,2379.78554208353,756.348754882812,340
1230,2386.26227442951,2379.92386465829,756.348754882812,340
1231,2423.30089494298,2385.44069510479,756.348754882812,340
1232,2433.23998948384,2388.97136423871,756.348754882812,340
1233,2421.81848962978,2389.98263960206,757.110900878906,340
1234,2412.65593792922,2390.61896462118,757.110900878906,340
1235,2414.03702067747,2390.48953822882,757.110900878906,340
1236,2408.18577590661,2393.12185354955,757.110900878906,340
1237,2390.58006718607,2392.7654893407,757.110900878906,340
1238,2426.36594834267,2394.07284751263,757.110900878906,340
1239,2390.55678213105,2394.81847224731,757.110900878906,340
1240,2406.92090529818,2401.10744673947,757.110900878906,340
1241,2414.72240226147,2401.99988523358,756.070373535156,340
1242,2426.291620698,2403.81798801655,756.070373535156,340
1243,2429.80668139197,2403.6327717136,756.070373535156,340
1244,2382.61124069909,2403.43216472172,756.070373535156,340
1245,2397.54210900297,2402.45752341651,756.070373535156,340
1246,2419.06264310408,2402.88349058171,756.070373535156,340
1247,2414.5328262888,2404.031227019,756.070373535156,340
1248,2429.85233415004,2405.67614848558,756.070373535156,340
1249,2418.40260733393,2408.32424787943,757.0634765625,340
1250,2420.65064445021,2408.92619686137,757.0634765625,340
1251,2347.92455145568,2406.31968524369,757.0634765625,340
1252,2415.83986369834,2410.03407233931,757.0634765625,340
1253,2434.57284474929,2411.37748049065,757.0634765625,340
1254,2414.30743595351,2411.20175564779,757.0634765625,340
1255,2440.89228781833,2413.38695618334,757.0634765625,340
1256,2439.00136995714,2414.01497518391,757.0634765625,340
1257,2432.34231728214,2413.97906829584,757.292602539062,340
1258,2437.11254101232,2414.59083035114,757.292602539062,340
1259,2426.97625794781,2415.16364315189,757.292602539062,340
1260,2404.00669125239,2414.76242997488,757.292602539062,340
1261,2430.84644477302,2415.66885672954,757.292602539062,340
1262,2443.84857567254,2417.799597069,757.292602539062,340
1263,2453.07278225061,2418.86787042532,757.292602539062,340
1264,2434.12511867656,2420.61060388714,757.292602539062,340
1265,2429.64607544515,2421.51961069302,757.016174316406,340
1266,2418.83461341604,2421.6840991392,757.016174316406,340
1267,2423.01618481625,2421.55308170393,757.016174316406,340
1268,2433.11872761331,2421.68556355278,757.016174316406,340
1269,2419.41298580821,2423.15763335715,757.016174316406,340
1270,2429.75170756644,2424.44601729969,757.016174316406,340
1271,2411.64475768763,2424.14930188303,757.016174316406,340
1272,2423.73822337182,2424.51751776635,757.016174316406,340
1273,2433.47273913544,2424.66233396576,758.153076171875,340
1274,2438.80178126333,2425.47830092294,758.153076171875,340
1275,2433.78987386309,2426.00387009946,758.153076171875,340
1276,2420.43566028162,2428.90431445249,758.153076171875,340
1277,2417.41543288084,2428.96733721979,758.153076171875,340
1278,2415.10243002287,2428.18852063074,758.153076171875,340
1279,2406.94391514104,2427.89397979824,758.153076171875,340
1280,2430.90075523244,2427.4943184948,758.153076171875,340
1281,2419.78921270988,2426.72583220491,758.844421386719,340
1282,2422.8789984156,2426.34729945025,758.844421386719,340
1283,2427.72292805566,2425.97171493198,758.844421386719,340
1284,2368.84056726435,2423.64628730464,758.844421386719,340
1285,2410.54440594139,2423.9077958922,758.844421386719,340
1286,2397.8844538725,2422.58931625618,758.844421386719,340
1287,2416.7182586841,2421.50410357665,758.844421386719,340
1288,2420.52666280262,2420.20225879873,758.844421386719,340
1289,2421.44663435704,2419.69511942595,758.714599609375,340
1290,2442.78583719228,2420.22070989583,758.714599609375,340
1291,2452.07257694158,2421.55022843685,758.714599609375,340
1292,2432.61369690031,2421.93412892021,758.714599609375,340
1293,2448.20641096093,2422.53763625412,758.714599609375,340
1294,2398.78497188005,2421.71251569699,758.714599609375,340
1295,2437.20689716791,2422.01072328105,758.714599609375,340
1296,2402.92825579846,2421.66206320549,758.714599609375,340
1297,2445.45403264695,2422.53069557649,760.347534179688,340
1298,2453.07309674647,2423.31470988093,760.347534179688,340
1299,2438.70697739293,2423.31091772612,760.347534179688,340
1300,2433.44854589478,2423.29726460738,760.347534179688,340
1301,2447.77316185034,2424.39076467013,760.347534179688,340
1302,2433.14817537009,2425.0200743697,760.347534179688,340
1303,2447.59785917785,2426.3198915359,760.347534179688,340
1304,2434.64329259935,2427.42786663423,760.347534179688,340
1305,2426.92812600759,2427.26896146524,761.229125976562,340
1306,2431.21800991113,2427.72611335329,761.229125976562,340
1307,2441.36321024276,2428.46548182638,761.229125976562,340
1308,2433.07786996141,2428.67967950261,761.229125976562,340
1309,2455.73435270375,2432.15543092018,761.229125976562,340
1310,2432.98629975392,2433.05310667268,761.229125976562,340
1311,2393.70294322476,2432.88584624677,761.229125976562,340
1312,2409.59532976455,2432.60092908999,761.229125976562,340
1313,2397.53660751866,2431.68132687863,761.659362792969,340
1314,2399.33792352434,2430.79697844533,761.659362792969,340
1315,2429.54568827035,2430.26737248845,761.659362792969,340
1316,2427.51771504335,2429.28517801252,761.659362792969,340
1317,2453.37447067208,2430.11560896339,761.659362792969,340
1318,2450.60858509805,2430.21169592888,761.659362792969,340
1319,2422.57872676472,2431.16344612426,761.659362792969,340
1320,2429.31490806963,2430.84776656033,761.659362792969,340
1321,2438.50463630347,2432.27082178053,762.244140625,340
1322,2420.49822821587,2431.27258960329,762.244140625,340
1323,2447.52146034921,2431.0505241474,762.244140625,340
1324,2441.8292745219,2431.17541603256,762.244140625,340
1325,2430.61646157843,2431.0621326599,762.244140625,340
1326,2427.91249712785,2430.267706071,762.244140625,340
1327,2421.85559788458,2429.81600297158,762.244140625,340
1328,2421.66287966097,2428.77860379091,762.244140625,340
1329,2427.90773316244,2428.50918141343,763.4873046875,340
1330,2438.60137010742,2428.97611117742,763.4873046875,340
1331,2415.64411399363,2428.35315534072,763.4873046875,340
1332,2415.62732585355,2427.32371996516,763.4873046875,340
1333,2410.269308292,2426.41137749838,763.4873046875,340
1334,2277.81904735287,2419.29476528435,763.4873046875,340
1335,2420.70681989421,2418.80358608996,763.4873046875,340
1336,2423.54845879066,2419.99740671259,763.4873046875,340
1337,2414.1437235974,2420.17934246591,763.14990234375,340
1338,2248.50766515278,2414.21818477127,763.14990234375,340
1339,2446.91963981212,2416.12145342278,763.14990234375,340
1340,2433.85768115428,2416.29393313814,763.14990234375,340
1341,2386.49840729218,2414.65316082809,763.14990234375,340
1342,2216.83712763122,2405.19166710646,763.14990234375,340
1343,2417.36279768243,2403.86183560983,763.14990234375,340
1344,2444.68956606756,2404.74626918195,763.14990234375,340
1345,2402.21870766261,2403.66242116567,763.865844726562,340
1346,2409.60715905256,2402.50652207563,763.865844726562,340
1347,2402.48676243978,2401.78606344459,763.865844726562,340
1348,2424.08087395295,2400.84843998874,763.865844726562,340
1349,2397.0413556893,2399.05692323543,763.865844726562,340
1350,2418.43342664457,2398.56960183808,763.865844726562,340
1351,2407.52618323716,2397.75414928245,763.865844726562,340
1352,2430.59965852813,2398.10391170819,763.865844726562,340
1353,2444.14323297503,2399.00312584075,764.257141113281,340
1354,2436.36853545528,2399.34155793247,764.257141113281,340
1355,2431.19150353858,2399.04516326971,764.257141113281,340
1356,2432.00113330923,2399.69944404234,764.257141113281,340
1357,2424.73418072753,2400.0637182373,764.257141113281,340
1358,2445.53126389481,2401.47419646141,764.257141113281,340
1359,2445.02016993508,2408.1622413647,764.257141113281,340
1360,2409.68758695901,2407.72147204729,764.257141113281,340
1361,2428.0530600269,2407.90165609674,764.445434570312,340
1362,2439.435988325,2408.91334668584,764.445434570312,340
1363,2421.66646978681,2415.8396988712,764.445434570312,340
1364,2416.72137791132,2414.63176839517,764.445434570312,340
1365,2425.99668987961,2414.31732874419,764.445434570312,340
1366,2393.87697728293,2414.61247154382,764.445434570312,340
1367,2397.45228376931,2421.83707778934,764.445434570312,340
1368,2407.07890300142,2421.4257220021,764.445434570312,340
1369,2208.21892660778,2411.96689642371,765.369018554688,340
1370,2237.94603105842,2405.39598935954,765.369018554688,340
1371,2381.58517209945,2404.27510988141,765.369018554688,340
1372,2418.8424479453,2404.92933730164,765.369018554688,340
1373,2433.58871305084,2405.30965086555,765.369018554688,340
1374,2385.42652433781,2404.84505761149,765.369018554688,340
1375,2381.1988165172,2403.3556732064,765.369018554688,340
1376,2387.88135971313,2402.56988026544,765.369018554688,340
1377,2284.665300843,2396.73250595803,765.985229492188,340
1378,2353.96556131101,2393.12539909147,765.985229492188,340
1379,2130.06567669539,2380.87328474107,765.985229492188,340
1380,2085.60948621136,2367.05000404799,765.985229492188,340
1381,2130.02884174961,2354.9711123856,765.985229492188,340
1382,2142.91590826847,2343.69838148724,765.985229492188,340
1383,2180.77590016649,2333.10816693811,765.985229492188,340
1384,2080.17809963307,2318.51448412603,765.985229492188,340
1385,2395.27934182258,2317.93815432057,769.586730957031,340
1386,2436.47216364905,2318.27491846545,769.586730957031,340
1387,2148.29684120197,2306.62935258053,769.586730957031,340
1388,2262.25259826315,2300.25279771959,769.586730957031,340
1389,2402.24833985785,2299.67387619745,769.586730957031,340
1390,2278.01888695841,2293.7547640806,769.586730957031,340
1391,2384.96029634862,2293.39809684323,769.586730957031,340
1392,2422.02490333873,2294.381001626,769.586730957031,340
1393,2438.99885987943,2295.65779990113,771.270263671875,340
1394,2393.68222999927,2303.07633203679,771.270263671875,340
1395,2442.41722064049,2311.25517962007,771.270263671875,340
1396,2423.2567143219,2312.92204130897,771.270263671875,340
1397,2384.87600951504,2311.56338377176,771.270263671875,340
1398,2356.85173109514,2308.49390449353,771.270263671875,340
1399,2359.68188850381,2307.46411906017,771.270263671875,340
1400,2380.59991785978,2307.44016311387,771.270263671875,340
1401,2434.38872822963,2309.30045785453,770.769592285156,340
1402,2363.80826940372,2312.46617659696,770.769592285156,340
1403,2199.78984309927,2306.29914786849,770.769592285156,340
1404,2416.9562974531,2317.7747726988,770.769592285156,340
1405,2436.83402625327,2331.82375430048,770.769592285156,340
1406,2418.04674783795,2343.34447054401,770.769592285156,340
1407,2441.61426052449,2355.29240463425,770.769592285156,340
1408,2443.6864551422,2365.80882683328,770.769592285156,340
1409,2413.05072516134,2379.12373185441,769.361450195312,340
1410,2355.28170189228,2377.5238262572,769.361450195312,340
1411,2391.91653258087,2375.74160101447,769.361450195312,340
1412,2142.96313352425,2375.52825270736,769.361450195312,340
1413,2398.08327676082,2380.96147984727,769.361450195312,340
1414,2444.51604616826,2382.65218809968,769.361450195312,340
1415,2435.54603124406,2388.95327387111,769.361450195312,340
1416,2394.08451702714,2389.31824269825,769.361450195312,340
1417,2423.61265088475,2389.38175260009,768.337646484375,340
1418,2413.65857001685,2388.36814100559,768.337646484375,340
1419,2419.41251765785,2389.39735251193,768.337646484375,340
1420,2435.58786524538,2389.12417829613,768.337646484375,340
1421,2437.64039543312,2389.69952554058,768.337646484375,340
1422,2429.78243713156,2391.49578264524,768.337646484375,340
1423,2174.31679943895,2384.19438537899,768.337646484375,340
1424,2442.21819158256,2387.49583750214,768.337646484375,340
1425,2413.4058404608,2388.80807440618,767.523010253906,340
1426,2426.69071725204,2388.50015396707,767.523010253906,340
1427,2403.62090388706,2390.09265934641,767.523010253906,340
1428,2440.15088673212,2399.70710109172,767.523010253906,340
1429,2441.31943396402,2400.68162655216,767.523010253906,340
1430,2432.49286863447,2400.50798024741,767.523010253906,340
1431,2445.53344613359,2401.60744817923,767.523010253906,340
1432,2382.6207304769,2399.24770697733,767.523010253906,340
1433,2446.45964125323,2399.35863442177,766.680419921875,340
1434,2432.21923360638,2400.12537475957,766.680419921875,340
1435,2424.22927832028,2402.88327781669,766.680419921875,340
1436,2446.63908721805,2405.07218000218,766.680419921875,340
1437,2427.29431211876,2416.44542714596,766.680419921875,340
1438,2402.98387130507,2416.64145092773,766.680419921875,340
1439,2429.48075571272,2416.04003930951,766.680419921875,340
1440,2350.8929595511,2412.65391644179,766.680419921875,340
1441,2449.71121800934,2414.87898448108,766.007690429688,340
1442,2425.94939065789,2414.972454072,766.007690429688,340
1443,2443.44106439476,2416.16375384712,766.007690429688,340
1444,2437.00183479684,2416.86732653268,766.007690429688,340
1445,2392.61276049293,2415.14832234258,766.007690429688,340
1446,2413.8938359867,2414.19845996473,766.007690429688,340
1447,2446.7384878819,2414.87670199474,766.007690429688,340
1448,2431.7927768365,2425.17574109064,766.007690429688,340
1449,2450.47741594157,2425.506110065,764.341918945312,340
1450,2467.69011944071,2427.6774812242,764.341918945312,340
1451,2442.2798609069,2428.30104697039,764.341918945312,340
1452,2439.55084891194,2429.73824477139,764.341918945312,340
1453,2390.97773148491,2427.7713185615,764.341918945312,340
1454,2425.98689270387,2427.15801691109,764.341918945312,340
1455,2414.22407905696,2426.42726532799,764.341918945312,340
1456,2432.06401316667,2425.88848800932,764.341918945312,340
1457,2451.39042910926,2428.63927595461,763.36328125,340
1458,2433.88288621099,2428.13620575292,763.36328125,340
1459,2445.16689366317,2428.65411215519,763.36328125,340
1460,2455.22989889917,2429.89413697835,763.36328125,340
1461,2390.95821461658,2427.66690207429,763.36328125,340
1462,2428.66263715664,2427.7216350758,763.36328125,340
1463,2399.58281013919,2427.58559262917,763.36328125,340
1464,2458.7281215706,2428.75548726348,763.36328125,340
1465,2446.10081656418,2432.56380154401,762.2255859375,340
1466,2453.24476655659,2432.7051434859,762.2255859375,340
1467,2457.31893742533,2433.95992535659,762.2255859375,340
1468,2467.27197704744,2434.9131618627,762.2255859375,340
1469,2466.17992715901,2436.08028555719,762.2255859375,340
1470,2477.62583635129,2439.48080859152,762.2255859375,340
1471,2457.48359858942,2441.22439909563,762.2255859375,340
1472,2462.64502980973,2441.86066077275,762.2255859375,340
1473,2464.63967277784,2443.1745366104,762.928039550781,340
1474,2379.68258535434,2440.34274338691,762.928039550781,340
1475,2444.16678552928,2439.40181003045,762.928039550781,340
1476,2456.9077441386,2439.98692535972,762.928039550781,340
1477,2438.92204752348,2439.96177330418,762.928039550781,340
1478,2459.88026111634,2442.71787448944,762.928039550781,340
1479,2422.24311833308,2442.56812351461,762.928039550781,340
1480,2439.78270391116,2443.59046850878,762.928039550781,340
1481,2446.47195243603,2444.16678607955,764.40087890625,340
1482,2460.08599896926,2444.51460887395,764.40087890625,340
1483,2457.29472017402,2445.45108223247,764.40087890625,340
1484,2453.04261165429,2445.76611095212,764.40087890625,340
1485,2446.89694404839,2445.43279275808,764.40087890625,340
1486,2435.9710624624,2447.23330667192,764.40087890625,340
1487,2467.80407410848,2448.79896414999,764.40087890625,340
1488,2456.91055888723,2451.09207409991,764.40087890625,340
1489,2457.97730955336,2451.06204161922,765.304321289062,340
1490,2448.78337625622,2451.1693440069,765.304321289062,340
1491,2462.63793991802,2451.54507094136,765.304321289062,340
1492,2356.62382728189,2447.51726653562,765.304321289062,340
1493,2442.00863539556,2446.50673286955,765.304321289062,340
1494,2461.08257075563,2446.30283861341,765.304321289062,340
1495,2434.53501107052,2444.57920560218,765.304321289062,340
1496,2475.95170102885,2445.31792969976,765.304321289062,340
1497,2427.75841250148,2443.92246500743,765.046325683594,340
1498,2437.8297846344,2442.85006948169,765.046325683594,340
1499,2424.77469562379,2444.65375389247,765.046325683594,340
1500,2434.89241465589,2444.28277905754,765.046325683594,340
1501,2463.09083413516,2444.5301026574,765.046325683594,340
1502,2438.78373289201,2444.52457007214,765.046325683594,340
1503,2431.09390710089,2443.37311591152,765.046325683594,340
1504,2394.91076491845,2442.27982177494,765.046325683594,340
1505,2438.4934839836,2442.22825297783,764.318115234375,340
1506,2460.9137300002,2442.8059240804,764.318115234375,340
1507,2408.33851902337,2440.73602488256,764.318115234375,340
1508,2434.86720650484,2439.8389243358,764.318115234375,340
1509,2408.11410367055,2438.04178401645,764.318115234375,340
1510,2303.8625684587,2432.32040899286,764.318115234375,340
1511,2307.79352654959,2427.19330755635,764.318115234375,340
1512,2457.42040761984,2426.7779608968,764.318115234375,340
1513,2446.20212303743,2426.34962346281,764.112426757812,340
1514,2453.15108306675,2426.15657440335,764.112426757812,340
1515,2444.45585533112,2425.98347356634,764.112426757812,340
1516,2456.10317845092,2425.72208310766,764.112426757812,340
1517,2448.18679159305,2429.3846016801,764.112426757812,340
1518,2432.78288813913,2429.01557178985,764.112426757812,340
1519,2414.9254226728,2427.16928586653,764.112426757812,340
1520,2431.12875925107,2427.03303579375,764.112426757812,340
1521,2452.71447034289,2426.10354656632,764.457275390625,340
1522,2479.06906259756,2428.15597257016,764.457275390625,340
1523,2455.65130441841,2428.86883336152,764.457275390625,340
1524,2461.94806188719,2430.35576801206,764.457275390625,340
1525,2455.58693244095,2431.18354872346,764.457275390625,340
1526,2478.00038477787,2431.77993074917,764.457275390625,340
1527,2471.12515025084,2433.07358744352,764.457275390625,340
1528,2463.37679802661,2434.36490308055,764.457275390625,340
1529,2402.87309817955,2434.68339641099,765.868347167969,340
1530,2453.79408059059,2435.29542027527,765.868347167969,340
1531,2446.09717434288,2434.70275804898,765.868347167969,340
1532,2452.68110980375,2436.47646168019,765.868347167969,340
1533,2428.22653513669,2436.21083482547,765.868347167969,340
1534,2440.66287433797,2437.51278565217,765.868347167969,340
1535,2479.71428996567,2444.54685451244,765.868347167969,340
1536,2450.63008341654,2450.26031678712,765.868347167969,340
1537,2457.1947277129,2450.25128959085,766.94482421875,340
1538,2448.92174623016,2450.36007451855,766.94482421875,340
1539,2462.13767094044,2450.7195380335,766.94482421875,340
1540,2462.88221376051,2451.45659237068,766.94482421875,340
1541,2469.65928459467,2451.99883661643,766.94482421875,340
1542,2466.46838074699,2452.73010018258,766.94482421875,340
1543,2469.83823729901,2454.21231414898,766.94482421875,340
1544,2472.20151062642,2456.50335766713,766.94482421875,340
1545,2462.71820924337,2457.76693566682,767.986206054688,340
1546,2428.53288751263,2456.79967235361,767.986206054688,340
1547,2441.60035991399,2455.30092424626,767.986206054688,340
1548,2453.09973973663,2455.19886165899,767.986206054688,340
1549,2493.31829304973,2456.4536709055,767.986206054688,340
1550,2443.96935900021,2455.98896796787,767.986206054688,340
1551,2463.20649374813,2455.39721232668,767.986206054688,340
1552,2448.47230991184,2454.49109871312,767.986206054688,340
1553,2499.54081300063,2455.93765931208,768.475524902344,340
1554,2423.34806740046,2456.75665808091,768.475524902344,340
1555,2478.10229324872,2457.72898658724,768.475524902344,340
1556,2428.41928252188,2457.0218709144,768.475524902344,340
1557,2466.08343740808,2457.55796401857,768.475524902344,340
1558,2430.09912063503,2457.6328674385,768.475524902344,340
1559,2453.51840997207,2458.14708886387,768.475524902344,340
1560,2426.33120894415,2456.01176562301,768.475524902344,340
1561,2408.37694432209,2454.32164005923,769.467041015625,340
1562,2490.1691802236,2455.64061815966,769.467041015625,340
1563,2429.17713835375,2454.8508338446,769.467041015625,340
1564,2424.06575132151,2453.32795705984,769.467041015625,340
1565,2478.24166253558,2453.94233501085,769.467041015625,340
1566,2484.4494738749,2454.53394258206,769.467041015625,340
1567,2463.80553014728,2454.42742855807,769.467041015625,340
1568,2303.49664490068,2447.77376486213,769.467041015625,340
1569,2445.93330804878,2446.72303675903,770.637817382812,340
1570,2317.2882201566,2440.90583719556,770.637817382812,340
1571,2477.38481458972,2442.85991427864,770.637817382812,340
1572,2448.1624844317,2443.12239925935,770.637817382812,340
1573,2489.05431698893,2444.56058234944,770.637817382812,340
1574,2471.85261528302,2443.70195523877,770.637817382812,340
1575,2461.70688433072,2444.41145625199,770.637817382812,340
1576,2466.68278925279,2444.55050807218,770.637817382812,340
1577,2478.30038204136,2445.74363095736,772.590454101562,340
1578,2336.71016180189,2439.23040490941,772.590454101562,340
1579,2464.43476397101,2440.87387277223,772.590454101562,340
1580,2292.52880821488,2433.45093337088,772.590454101562,340
1581,2460.29697301167,2434.72604099047,772.590454101562,340
1582,2462.03338168089,2434.56403876138,772.590454101562,340
1583,2453.08888585281,2435.4836293701,772.590454101562,340
1584,2450.07969414559,2435.34608073704,772.590454101562,340
1585,2342.65821092762,2431.99916081637,772.307250976562,340
1586,2315.0213800118,2428.26493824396,772.307250976562,340
1587,2474.45166774939,2427.636237745,772.307250976562,340
1588,2480.41943699407,2429.68592969061,772.307250976562,340
1589,2449.67240294014,2430.71019575535,772.307250976562,340
1590,2468.9737738387,2430.33948020748,772.307250976562,340
1591,2467.58532082399,2429.66491408544,772.307250976562,340
1592,2355.85381354122,2425.3468454212,772.307250976562,340
1593,2408.58483127105,2429.55037287601,772.932861328125,340
1594,2303.82766619844,2423.866147202,772.932861328125,340
1595,2371.5535856727,2426.03676182264,772.932861328125,340
1596,2263.69829438532,2417.48930101447,772.932861328125,340
1597,2388.80974337282,2415.11519137211,772.932861328125,340
1598,2433.47607130219,2412.89206154464,772.932861328125,340
1599,2119.09469074641,2398.78174456318,772.932861328125,340
1600,2459.25215725335,2398.68355548008,772.932861328125,340
1601,2410.43983369073,2396.4338372576,773.864318847656,340
1602,2449.82218125053,2395.29470922597,773.864318847656,340
1603,2331.52526950272,2395.087313534,773.864318847656,340
1604,2431.9901583529,2393.78952930928,773.864318847656,340
1605,2364.4631918638,2396.66690465523,773.864318847656,340
1606,2401.1703055763,2394.30183795782,773.864318847656,340
1607,2176.25497913953,2382.87070185617,773.864318847656,340
1608,2177.83949987758,2371.86072641716,773.864318847656,340
1609,2475.42042013199,2372.87435545661,774.066467285156,340
1610,2453.78621374982,2377.3194755695,774.066467285156,340
1611,2447.27951459884,2382.60980095298,774.066467285156,340
1612,2444.19304931805,2381.39945621573,774.066467285156,340
1613,2432.02482308704,2379.46367165945,774.066467285156,340
1614,2474.83675468202,2380.47024572912,774.066467285156,340
1615,2503.92923675272,2381.86846424568,774.066467285156,340
1616,2454.7076831149,2381.35335873732,774.066467285156,340
1617,2475.50621195231,2386.13945467376,772.97900390625,340
1618,2470.64540957591,2388.62187780596,772.97900390625,340
1619,2458.27427179609,2394.79974202986,772.97900390625,340
1620,2467.18250840491,2398.62489893915,772.97900390625,340
1621,2475.71494032378,2407.10556477669,772.97900390625,340
1622,2471.28346129421,2410.40451349354,772.97900390625,340
1623,2494.00294118572,2412.82558828889,772.97900390625,340
1624,2457.47150829074,2426.36066099066,772.97900390625,340
1625,2476.09801057823,2427.03449512365,771.547668457031,340
1626,2423.75952096095,2427.56728261446,771.547668457031,340
1627,2477.55500301209,2428.67659548493,771.547668457031,340
1628,2436.01206120818,2432.85606715314,771.547668457031,340
1629,2486.81760558827,2435.04916504256,771.547668457031,340
1630,2449.10534037933,2438.43485098318,771.547668457031,340
1631,2476.50047310521,2441.44805768434,771.547668457031,340
1632,2474.2554183901,2453.36807525436,771.547668457031,340
1633,2470.02887469108,2465.0556502469,770.633850097656,340
1634,2466.98169327731,2464.71810117271,770.633850097656,340
1635,2472.52853005635,2465.46779382497,770.633850097656,340
1636,2464.2114475163,2466.14507114167,770.633850097656,340
1637,2473.31140518177,2467.30980537622,770.633850097656,340
1638,2487.06723679605,2469.51150192458,770.633850097656,340
1639,2485.16544193858,2469.92464941484,770.633850097656,340
1640,2442.66462375088,2467.47406489477,770.633850097656,340
1641,2485.61830784933,2468.71048988415,769.307800292969,340
1642,2491.84039499335,2469.36385720579,769.307800292969,340
1643,2482.66607141077,2469.84468367918,769.307800292969,340
1644,2476.48368609921,2470.57306025131,769.307800292969,340
1645,2489.31531078301,2471.45837234643,769.307800292969,340
1646,2461.73429085095,2470.89914636752,769.307800292969,340
1647,2496.27859170555,2471.89895158397,769.307800292969,340
1648,2486.49636663714,2471.59868860203,769.307800292969,340
1649,2429.7096357853,2470.48821370181,768.327209472656,340
1650,2485.20842929764,2470.85263045059,768.327209472656,340
1651,2450.91828190835,2471.93898088848,768.327209472656,340
1652,2461.79760968727,2471.30868515549,768.327209472656,340
1653,2457.42806412038,2472.16532527198,768.327209472656,340
1654,2474.55037799081,2471.67463616808,768.327209472656,340
1655,2486.6057567973,2473.1746528248,768.327209472656,340
1656,2474.50444391595,2473.09481165723,768.327209472656,340
1657,2473.33188945256,2473.05787049973,767.554992675781,340
1658,2480.08781103508,2473.46022795349,767.554992675781,340
1659,2483.01850484023,2474.101700416,767.554992675781,340
1660,2397.98318705397,2471.11988669591,767.554992675781,340
1661,2444.73037434621,2470.34064376911,767.554992675781,340
1662,2480.4979679795,2470.62810628101,767.554992675781,340
1663,2484.1743566624,2470.51239107567,767.554992675781,340
1664,2469.56921847547,2469.88854213714,767.554992675781,340
1665,2474.95584217557,2471.18019087413,767.16552734375,340
1666,2434.67238159159,2469.14235382382,767.16552734375,340
1667,2429.87244516132,2466.66363583054,767.16552734375,340
1668,2453.73331129307,2465.50632542583,767.16552734375,340
1669,2487.58194041465,2465.95025559845,767.16552734375,340
1670,2400.05408542811,2462.37980658425,767.16552734375,340
1671,2478.19501588038,2463.03823558543,767.16552734375,340
1672,2490.49166455661,2462.80675849947,767.16552734375,340
1673,2486.80267610094,2462.81901087803,767.701110839844,340
1674,2470.21535466685,2464.43923963329,767.701110839844,340
1675,2486.40699088058,2464.48718209661,767.701110839844,340
1676,2472.18073572368,2465.33768024922,767.701110839844,340
1677,2424.48456848958,2463.84515860131,767.701110839844,340
1678,2493.06736792021,2465.27073075331,767.701110839844,340
1679,2491.6426733582,2465.954422568,767.701110839844,340
1680,2468.34310124516,2465.22391634591,767.701110839844,340
1681,2487.32607059512,2465.73678141308,769.584655761719,340
1682,2456.78192576162,2465.07478286544,769.584655761719,340
1683,2356.579259074,2460.134440787,769.584655761719,340
1684,2438.99142913517,2458.3733577588,769.584655761719,340
1685,2359.60187827915,2456.83810540781,769.584655761719,340
1686,2489.816098192,2458.64153436164,769.584655761719,340
1687,2453.84995458924,2457.57561382603,769.584655761719,340
1688,2440.62937901398,2455.83381472009,769.584655761719,340
1689,2480.0670292343,2456.25372715044,769.620422363281,340
1690,2487.13300640755,2456.74081371972,769.620422363281,340
1691,2467.83658344899,2458.06738179402,769.620422363281,340
1692,2471.58661279464,2459.73594849935,769.620422363281,340
1693,2458.45035529879,2459.92463025958,769.620422363281,340
1694,2409.68493872351,2456.80875019193,769.620422363281,340
1695,2488.5244228338,2460.34756368816,769.620422363281,340
1696,2494.64807267943,2461.00568596012,769.620422363281,340
1697,2470.53174988354,2460.2072893732,771.593811035156,340
1698,2462.31807374109,2459.22790527881,771.593811035156,340
1699,2477.23129421652,2459.50854286079,771.593811035156,340
1700,2477.70084980547,2459.16029721779,771.593811035156,340
1701,2453.04142704134,2458.3947248705,771.593811035156,340
1702,2470.51786596719,2460.2360567696,771.593811035156,340
1703,2482.03054977421,2459.79458404376,771.593811035156,340
1704,2391.72453367452,2455.79785845641,771.593811035156,340
1705,2451.06941697732,2455.1069110857,771.765991210938,340
1706,2436.58975893052,2453.07745861912,771.765991210938,340
1707,2438.72951610325,2452.35536223278,771.765991210938,340
1708,2492.727312609,2457.80128437418,771.765991210938,340
1709,2456.19406392644,2458.48938976583,771.765991210938,340
1710,2467.64888297433,2462.81126995364,771.765991210938,340
1711,2471.72170659048,2462.08749428958,771.765991210938,340
1712,2478.70410176056,2463.08166017643,771.765991210938,340
1713,2482.51034154015,2464.75689867748,772.855651855469,340
1714,2464.5808771319,2464.13745259338,772.855651855469,340
1715,2414.25635227284,2461.22238642799,772.855651855469,340
1716,2472.22988199158,2461.3981183697,772.855651855469,340
1717,2487.16901380739,2462.02141441021,772.855651855469,340
1718,2467.48537654019,2462.38281525986,772.855651855469,340
1719,2335.18844981037,2459.40295570334,772.855651855469,340
1720,2477.73653278902,2458.97144010155,772.855651855469,340
1721,2482.68344346889,2458.49285493312,774.170288085938,340
1722,2471.40355259795,2458.5277270417,774.170288085938,340
1723,2478.92705957135,2459.19208647491,774.170288085938,340
1724,2471.07443177798,2458.94581197737,774.170288085938,340
1725,2424.750083508,2456.82778132547,774.170288085938,340
1726,2463.35124824402,2457.24017417358,774.170288085938,340
1727,2470.42809661109,2457.23658339933,774.170288085938,340
1728,2460.9494464082,2456.39333926469,774.170288085938,340
1729,2473.52575328329,2459.66538804904,776.125671386719,340
1730,2473.75258698012,2460.57271484916,776.125671386719,340
1731,2475.49539402629,2462.12894025299,776.125671386719,340
1732,2473.56104240522,2463.52220130507,776.125671386719,340
1733,2472.41513355936,2462.70971414308,776.125671386719,340
1734,2467.59231119121,2463.16564403367,776.125671386719,340
1735,2476.27310263906,2463.51061282026,776.125671386719,340
1736,2475.64871228756,2463.66769304814,776.125671386719,340
1737,2442.51109769722,2462.21997288561,776.063903808594,340
1738,2475.53459931349,2461.94094319654,776.063903808594,340
1739,2470.11882965168,2462.16246129734,776.063903808594,340
1740,2487.29471381521,2465.08399575903,776.063903808594,340
1741,2424.44302729056,2463.17252157099,776.063903808594,340
1742,2418.37839215025,2460.4208967047,776.063903808594,340
1743,2472.37695385978,2460.61655979749,776.063903808594,340
1744,2434.31768067452,2464.58172903205,776.063903808594,340
1745,2388.28711077373,2461.00375215144,776.259704589844,340
1746,2474.27149041757,2460.66727402939,776.259704589844,340
1747,2479.14801338792,2460.97705246099,776.259704589844,340
1748,2469.11474615378,2460.58455992428,776.259704589844,340
1749,2482.12652251321,2461.02664355369,776.259704589844,340
1750,2475.78880622236,2463.06819246227,776.259704589844,340
1751,2473.90636966142,2463.49039731896,776.259704589844,340
1752,2471.60161152068,2463.53733791535,776.259704589844,340
1753,2424.6745036307,2462.08634020425,778.405151367188,340
1754,2379.15965784896,2458.31169638687,778.405151367188,340
1755,2366.94149779148,2454.03925281933,778.405151367188,340
1756,2277.61043746452,2446.12385455686,778.405151367188,340
1757,2371.19114860021,2442.02905880466,778.405151367188,340
1758,2378.50921674359,2438.27282213203,778.405151367188,340
1759,2477.4564873243,2438.66738917735,778.405151367188,340
1760,2443.48022244197,2437.35567396947,778.405151367188,340
1761,2438.06393906896,2435.85228304072,778.959716796875,340
1762,2479.57523251241,2437.33484843333,778.959716796875,340
1763,2479.32359280359,2437.48640817293,778.959716796875,340
1764,2444.58814732169,2436.46518087974,778.959716796875,340
1765,2473.36136183112,2435.90784680037,778.959716796875,340
1766,2278.81388926733,2430.08268127944,778.959716796875,340
1767,2475.57270212876,2432.37045367858,778.959716796875,340
1768,2435.9460529655,2430.91321764281,778.959716796875,340
1769,2419.85203426946,2430.33459178661,778.532287597656,340
1770,2414.59062772204,2431.38673246454,778.532287597656,340
1771,2488.72821752918,2431.96500154901,778.532287597656,340
1772,2455.2766560005,2431.01014725351,778.532287597656,340
1773,2467.54444980684,2430.94733539963,778.532287597656,340
1774,2466.1762169057,2430.30932317533,778.532287597656,340
1775,2498.0683671987,2431.20050561438,778.532287597656,340
1776,2468.75294163758,2430.99436849343,778.532287597656,340
1777,2456.63948636828,2430.39588348734,777.607666015625,340
1778,2454.87618605748,2431.60395078441,777.607666015625,340
1779,2494.61421325143,2436.22213300051,777.607666015625,340
1780,2460.03144534126,2439.9457309025,777.607666015625,340
1781,2327.18369391585,2441.92866116055,777.607666015625,340
1782,2473.9311517355,2446.03826128596,777.607666015625,340
1783,2461.95335233635,2449.37602670967,777.607666015625,340
1784,2450.7687098019,2448.30851560877,777.607666015625,340
1785,2467.86135850924,2449.28376105147,776.430725097656,340
1786,2415.45013922263,2448.37920905761,776.430725097656,340
1787,2479.67186280881,2448.38307426947,776.430725097656,340
1788,2380.49660051378,2444.42999457788,776.430725097656,340
1789,2418.49107279853,2443.38611159695,776.430725097656,340
1790,2432.0341835268,2441.73302446478,776.430725097656,340
1791,2459.56893305696,2448.96322621636,776.430725097656,340
1792,2447.0491530547,2447.8222842534,776.430725097656,340
1793,2427.49976080112,2447.48443256683,774.592224121094,340
1794,2456.88500098428,2448.96575123542,774.592224121094,340
1795,2443.57729276871,2450.12521783729,774.592224121094,340
1796,2462.80052785136,2449.08811025017,774.592224121094,340
1797,2471.70454522207,2449.74522581904,774.592224121094,340
1798,2482.11018973582,2450.32785541619,774.592224121094,340
1799,2455.8172422732,2449.91349643089,774.592224121094,340
1800,2478.52787506982,2449.13187674574,774.592224121094,340
1801,2440.57177835348,2448.00463021438,773.898620605469,340
1802,2293.08388478727,2441.46240615114,773.898620605469,340
1803,2311.04292539511,2435.70907572464,773.898620605469,340
1804,2308.93308947231,2428.28183077348,773.898620605469,340
1805,2293.44502160117,2421.61837382387,773.898620605469,340
1806,2293.56600304598,2420.27366618908,773.898620605469,340
1807,2410.20314291975,2417.72454583645,773.898620605469,340
1808,2405.89649644544,2415.48227160081,773.898620605469,340
1809,2462.00336406842,2415.93165777147,773.691650390625,340
1810,2469.44439743736,2415.9949793286,773.691650390625,340
1811,2402.44849683063,2415.47491363292,773.691650390625,340
1812,2459.18434482818,2414.65541291369,773.691650390625,340
1813,2317.43973867905,2412.1331384403,773.691650390625,340
1814,2476.77322122638,2414.46442437742,773.691650390625,340
1815,2442.03816985388,2414.8645838305,773.691650390625,340
1816,2483.00130081472,2415.80187854081,773.691650390625,340
1817,2460.15995616483,2416.32631066521,772.526672363281,340
1818,2422.72783495781,2416.13543363148,772.526672363281,340
1819,2456.90346880148,2416.13617234417,772.526672363281,340
1820,2462.73785655413,2416.90259489559,772.526672363281,340
1821,2471.60894720559,2417.25493166976,772.526672363281,340
1822,2455.26276566681,2416.59726048755,772.526672363281,340
1823,2459.72325003834,2415.70178289965,772.526672363281,340
1824,2466.28909522152,2416.12065701758,772.526672363281,340
1825,2323.39178034752,2409.91521322869,770.774780273438,340
1826,2475.44824703309,2411.31027197587,770.774780273438,340
1827,2462.76138604511,2418.09737202618,770.774780273438,340
1828,2349.98525134553,2419.6550650642,770.774780273438,340
1829,2474.99804223507,2426.29766317471,770.774780273438,340
1830,2397.0307195386,2430.44109109221,770.774780273438,340
1831,2454.85558627914,2436.89267442153,770.774780273438,340
1832,2450.99306777819,2438.52427141587,770.774780273438,340
1833,2483.21795802569,2441.61712987908,768.489562988281,340
1834,2470.13089996056,2441.94223131477,768.489562988281,340
1835,2358.07387444755,2437.48741039518,768.489562988281,340
1836,2472.80684190683,2440.30174419822,768.489562988281,340
1837,2442.21265078666,2439.62287643656,768.489562988281,340
1838,2479.98019995551,2446.12449488762,768.489562988281,340
1839,2482.52201628893,2446.35444669012,768.489562988281,340
1840,2479.93492941407,2447.87031707253,768.489562988281,340
1841,2441.36343132895,2446.2048022931,768.598876953125,340
1842,2396.07947429677,2443.64158301838,768.598876953125,340
1843,2440.21610911864,2444.34111398481,768.598876953125,340
1844,2446.73451380082,2443.93435578478,768.598876953125,340
1845,2389.47084997168,2441.00367552149,768.598876953125,340
1846,2465.30065912242,2440.75134399816,768.598876953125,340
1847,2459.74052957279,2440.9304545544,768.598876953125,340
1848,2468.75041084289,2441.29154098658,768.598876953125,340
1849,2458.33311067214,2440.9733016046,769.195983886719,340
1850,2429.02680870273,2445.19870273881,769.195983886719,340
1851,2477.54283315532,2445.2824861837,769.195983886719,340
1852,2481.64838458469,2446.03796612529,769.195983886719,340
1853,2473.19002553257,2450.96615709277,769.195983886719,340
1854,2478.84616954981,2451.12008218536,769.195983886719,340
1855,2471.34947163833,2454.09283226935,769.195983886719,340
1856,2484.8610747774,2455.29305180928,769.195983886719,340
1857,2473.15799286584,2456.17964881278,769.385559082031,340
1858,2441.26601866378,2454.50157123831,769.385559082031,340
1859,2489.17587500093,2455.26337023992,769.385559082031,340
1860,2482.80562056075,2460.25264008445,769.385559082031,340
1861,2445.41930801226,2459.15713872867,769.385559082031,340
1862,2451.72842891894,2459.53776985396,769.385559082031,340
1863,2335.37334563863,2453.75349568128,769.385559082031,340
1864,2476.36391821142,2453.50717175818,769.385559082031,340
1865,2482.84947245038,2453.62375347963,769.173706054688,340
1866,2344.85769035609,2449.76352384072,769.173706054688,340
1867,2469.6282661557,2452.70547551508,769.173706054688,340
1868,2305.11469278643,2447.30141886179,769.173706054688,340
1869,2449.22403315072,2447.40099963578,769.173706054688,340
1870,2484.7452826639,2451.21197694347,769.173706054688,340
1871,2489.25626435359,2452.17020115272,769.173706054688,340
1872,2487.26368625979,2453.2711274202,769.173706054688,340
1873,2447.10235237019,2452.40520508129,768.880676269531,340
1874,2442.4993950932,2451.77185645813,768.880676269531,340
1875,2450.24003693934,2452.6203855876,768.880676269531,340
1876,2490.79839999801,2453.15060826131,768.880676269531,340
1877,2477.26969545588,2452.97546069615,768.880676269531,340
1878,2469.64403649927,2452.83362113482,768.880676269531,340
1879,2476.80351438049,2452.75191492805,768.880676269531,340
1880,2469.47170173877,2452.67680413207,768.880676269531,340
1881,2474.57593862363,2452.26539868592,771.103637695312,340
1882,2461.58154148486,2451.80234063068,771.103637695312,340
1883,2479.76977659369,2453.34249094787,771.103637695312,340
1884,2480.7005334587,2453.00347728618,771.103637695312,340
1885,2468.38211130822,2452.42653691608,771.103637695312,340
1886,2442.71702238122,2452.31844549084,771.103637695312,340
1887,2491.60069253777,2453.9133360356,771.103637695312,340
1888,2422.67293047382,2457.405319429,771.103637695312,340
1889,2446.43281184253,2456.20807517425,772.143615722656,340
1890,2473.26979290615,2455.82488799248,772.143615722656,340
1891,2468.20952963492,2460.75896156363,772.143615722656,340
1892,2371.29726887201,2456.82572167228,772.143615722656,340
1893,2386.48696322244,2460.08061248972,772.143615722656,340
1894,2448.05843223532,2460.03398845311,772.143615722656,340
1895,2485.75556109963,2460.07439959054,772.143615722656,340
1896,2478.46410744583,2459.64271331423,772.143615722656,340
1897,2488.71131145666,2459.7006183221,772.62451171875,340
1898,2320.48309525377,2454.63584803744,772.62451171875,340
1899,2426.13097819503,2453.98111136152,772.62451171875,340
1900,2466.28496683613,2454.62290855739,772.62451171875,340
1901,2380.58479997678,2450.21436455654,772.62451171875,340
1902,2274.34701487581,2442.09745733334,772.62451171875,340
1903,2483.19593419984,2442.63953324136,772.62451171875,340
1904,2494.97774106115,2443.36650230859,772.62451171875,340
1905,2474.51161388663,2443.5680987945,772.962524414062,340
1906,2458.31576683463,2442.91769192294,772.962524414062,340
1907,2503.01285381344,2444.57494441608,772.962524414062,340
1908,2491.7783287603,2445.05528650275,772.962524414062,340
1909,2451.36815354262,2443.88199130611,772.962524414062,340
1910,2464.7943935549,2443.73848259597,772.962524414062,340
1911,2474.12748895431,2444.9949012589,772.962524414062,340
1912,2483.43898881138,2444.66843310984,772.962524414062,340
1913,2469.45778392943,2446.53982724807,771.913879394531,340
1914,2302.4876738295,2440.78202172754,771.913879394531,340
1915,2493.79241582316,2441.60292664422,771.913879394531,340
1916,2456.21948264064,2441.12332476445,771.913879394531,340
1917,2440.50046439904,2443.89145258553,771.913879394531,340
1918,2479.31756354003,2447.60467659824,771.913879394531,340
1919,2253.36089311639,2439.81677503348,771.913879394531,340
1920,2485.37739965849,2439.80164857583,771.913879394531,340
1921,2408.14560195122,2436.98890835605,773.878295898438,340
1922,2456.95408520965,2435.71861930617,773.878295898438,340
1923,2474.04868495484,2441.86124289421,773.878295898438,340
1924,2392.16421048638,2440.50257218587,773.878295898438,340
1925,2462.66283614532,2440.35768695823,773.878295898438,340
1926,2483.6428661034,2444.4800096033,773.878295898438,340
1927,2489.96603531912,2453.10477042103,773.878295898438,340
1928,2499.79201583694,2453.76861368652,773.878295898438,340
1929,2474.55297617225,2452.95162309096,773.921752929688,340
1930,2335.42595218251,2447.3881966228,773.921752929688,340
1931,2464.88189087729,2447.6508415845,773.921752929688,340
1932,2456.25067584189,2445.78035446564,773.921752929688,340
1933,2487.31070253333,2445.60164941656,773.921752929688,340
1934,2483.30723931929,2446.87921284763,773.921752929688,340
1935,2429.54095568884,2445.46907533299,773.921752929688,340
1936,2462.30070231078,2444.99600386724,773.921752929688,340
1937,2460.25375261001,2444.06859441919,775.004028320312,340
1938,2469.42719392355,2444.06737081895,775.004028320312,340
1939,2465.70901099515,2450.59622430558,775.004028320312,340
1940,2303.84225937827,2442.99821804779,775.004028320312,340
1941,2481.9892330826,2444.02900806546,775.004028320312,340
1942,2478.29432079131,2445.54076232115,775.004028320312,340
1943,2438.03847331592,2443.88959871219,775.004028320312,340
1944,2480.75155532006,2452.98522520034,775.004028320312,340
1945,2450.06151484165,2451.57258980766,775.575256347656,340
1946,2479.91986607011,2454.44356037242,775.575256347656,340
1947,2420.86504056024,2452.99999858644,775.575256347656,340
1948,2478.81591796996,2453.19068790705,775.575256347656,340
1949,2412.53460142083,2454.00550354442,775.575256347656,340
1950,2455.69473210689,2453.72677938289,775.575256347656,340
1951,2373.38728562395,2449.31655616371,775.575256347656,340
1952,2480.36842962186,2448.93265193582,775.575256347656,340
1953,2424.09402606609,2445.90473234498,776.847778320312,340
1954,2470.02991698592,2445.72380997753,776.847778320312,340
1955,2482.6710875408,2451.61361539186,776.847778320312,340
1956,2474.10812164293,2451.98266462249,776.847778320312,340
1957,2413.64190365624,2450.27831373506,776.847778320312,340
1958,2470.68114389595,2449.61313138957,776.847778320312,340
1959,2387.17423808184,2445.76781134007,776.847778320312,340
1960,2449.6127546547,2446.5706832987,776.847778320312,340
1961,2347.53002813216,2441.97985633156,776.6142578125,340
1962,2357.23174372027,2437.85897597597,776.6142578125,340
1963,2471.02750201988,2437.92298829982,776.6142578125,340
1964,2455.97732043565,2437.53372067744,776.6142578125,340
1965,2334.71794185496,2438.76874797651,776.6142578125,340
1966,2435.44395793328,2436.90693697054,776.6142578125,340
1967,2439.4438965564,2435.35292000114,776.6142578125,340
1968,2444.69336418136,2435.61911563576,776.6142578125,340
1969,2474.93811853204,2435.38657816424,775.782897949219,340
1970,2361.2025685898,2431.83222031416,775.782897949219,340
1971,2413.96052862856,2429.1938468165,775.782897949219,340
1972,2447.98453983032,2430.27862678731,775.782897949219,340
1973,2457.8637886279,2429.44054161362,775.782897949219,340
1974,2470.65916642662,2431.76552421386,775.782897949219,340
1975,2429.41439229065,2430.71431062121,775.782897949219,340
1976,2449.32427378059,2433.75179014747,775.782897949219,340
1977,2478.81241534965,2433.68954957658,774.394165039062,340
1978,2465.27661903987,2435.33685329553,774.394165039062,340
1979,2350.62050749746,2430.560476916,774.394165039062,340
1980,2460.85124498224,2429.68768321365,774.394165039062,340
1981,2420.02646163397,2427.52441681329,774.394165039062,340
1982,2461.97948356011,2429.45792000945,774.394165039062,340
1983,2427.60919290055,2427.73504196963,774.394165039062,340
1984,2464.43667602204,2430.82553948724,774.394165039062,340
1985,2356.60522347353,2427.10523823999,771.918579101562,340
1986,2444.56483984174,2430.98663070838,771.918579101562,340
1987,2330.259364933,2429.90773555689,771.918579101562,340
1988,2473.20189683459,2429.99471134948,771.918579101562,340
1989,2435.57802584923,2429.17873956602,771.918579101562,340
1990,2452.62282521985,2433.89493490061,771.918579101562,340
1991,2478.26416803186,2435.60774330456,771.918579101562,340
1992,2460.43859627321,2436.44753129323,771.918579101562,340
1993,2454.1684371238,2436.82653421093,769.21044921875,340
1994,2471.07008551062,2436.67181289007,769.21044921875,340
1995,2478.53944442558,2441.3652879235,769.21044921875,340
1996,2304.66942693371,2436.99364385571,769.21044921875,340
1997,2434.68040637077,2436.46147851733,769.21044921875,340
1998,2492.45927779651,2437.84529808407,769.21044921875,340
1999,2427.53518007748,2436.12033863011,769.21044921875,340
2000,2452.05359190347,2437.02590661462,769.21044921875,340
2001,2434.58435313074,2436.43630978862,768.249267578125,340
2002,2431.8397137372,2434.55740172413,768.249267578125,340
2003,2213.01731481161,2424.467029555,768.249267578125,340
2004,2468.26940826078,2429.17298558553,768.249267578125,340
2005,2422.90328221268,2427.65506707475,768.249267578125,340
2006,2339.87615178075,2424.44905468062,768.249267578125,340
2007,2406.77545911248,2422.24089370271,768.249267578125,340
2008,2457.01402303056,2423.41708690791,768.249267578125,340
2009,2352.11703173027,2418.92430113624,769.024353027344,340
2010,2348.21568513762,2418.5887196028,769.024353027344,340
2011,2443.70533935482,2418.55433958333,769.024353027344,340
2012,2465.2127630606,2423.95247550843,769.024353027344,340
2013,2383.45625085795,2420.36264966937,769.024353027344,340
2014,2452.645765971,2421.04535927424,769.024353027344,340
2015,2472.06083518607,2421.82287967289,769.024353027344,340
2016,2447.32919759994,2420.58548085561,769.024353027344,340
2017,2463.24749099405,2420.69783664444,769.470581054688,340
2018,2305.40531374564,2414.74731170932,769.470581054688,340
2019,2461.0003933966,2414.34452402476,769.470581054688,340
2020,2433.62797648858,2412.54806530728,769.470581054688,340
2021,2482.75052264888,2419.67130913588,769.470581054688,340
2022,2414.42347732604,2418.86103197409,769.470581054688,340
2023,2466.06763754932,2417.80536636421,769.470581054688,340
2024,2487.17932043318,2420.19113197843,769.470581054688,340
2025,2270.52893906362,2412.93014586484,769.8076171875,340
2026,2301.06048325302,2407.58919106973,769.8076171875,340
2027,2447.95239096807,2408.23369815897,769.8076171875,340
2028,2444.35643825685,2417.48726309678,769.8076171875,340
2029,2275.30931870399,2409.7688595145,769.8076171875,340
2030,2449.19326861131,2410.82045897045,769.8076171875,340
2031,2406.01686073539,2413.46608732864,769.8076171875,340
2032,2382.55054184214,2412.49709063782,769.8076171875,340
2033,2259.83045425541,2404.60974788682,772.504028320312,340
2034,2321.60481341752,2403.38925915431,772.504028320312,340
2035,2447.13517313838,2407.34603867434,772.504028320312,340
2036,2263.52527875367,2400.13883625029,772.504028320312,340
2037,2322.86959934963,2394.44510970185,772.504028320312,340
2038,2414.01560048235,2395.66748368683,772.504028320312,340
2039,2407.2670803234,2393.85233626092,772.504028320312,340
2040,2314.82192557272,2387.56277987639,772.504028320312,340
2041,2338.45558609742,2383.20783541629,772.037414550781,340
2042,2305.47880443042,2376.89708795374,772.037414550781,340
2043,2267.11604924342,2375.36551737365,772.037414550781,340
2044,2239.13734596499,2366.49099547639,772.037414550781,340
2045,2319.98801196565,2361.94539689547,772.037414550781,340
2046,2422.25006673552,2359.52537865894,772.037414550781,340
2047,2243.72749779779,2352.69753947781,772.037414550781,340
2048,2321.11527247098,2346.89944487467,772.037414550781,340
2049,2341.1092236755,2341.05664100437,773.805603027344,340
2050,2334.7078402592,2343.62379705219,773.805603027344,340
2051,2412.49021430236,2348.08098629416,773.805603027344,340
2052,2434.29579151354,2347.53472231598,773.805603027344,340
2053,2401.35430068968,2345.8146368133,773.805603027344,340
2054,2378.78046299017,2349.95348258474,773.805603027344,340
2055,2305.93014459333,2344.22295762402,773.805603027344,340
2056,2364.97332304555,2342.58121611643,773.805603027344,340
2057,2232.53222088912,2336.58048327831,769.265747070312,340
2058,2445.6842380751,2344.0146346311,769.265747070312,340
2059,2427.3079132722,2348.24275862528,769.265747070312,340
2060,2425.99296699099,2347.39707037939,769.265747070312,340
2061,2354.1342157699,2351.02142786004,769.265747070312,340
2062,2428.00247981124,2355.2267430785,769.265747070312,340
2063,2275.0523138645,2349.66821161379,769.265747070312,340
2064,2327.77389432608,2346.4884841739,769.265747070312,340
2065,2163.26413122733,2340.42617240008,770.777648925781,340
2066,2431.00521015551,2344.1281573624,770.777648925781,340
2067,2270.22489209924,2342.71800086916,770.777648925781,340
2068,2399.08231689381,2347.99665157517,770.777648925781,340
2069,2448.51719608,2356.37184557977,770.777648925781,340
2070,2238.94628034213,2353.13017631483,770.777648925781,340
2071,2295.26162746662,2348.05063874408,770.777648925781,340
2072,2391.51582201977,2353.96217171296,770.777648925781,340
2073,2421.14348139338,2357.96330006985,771.51513671875,340
2074,2338.447067962,2357.85681384131,771.51513671875,340
2075,2005.19250591218,2344.67620046743,771.51513671875,340
2076,2292.73537550675,2339.88600691561,771.51513671875,340
2077,2257.55268306424,2332.81628257763,771.51513671875,340
2078,2301.51112296496,2328.82255546865,771.51513671875,340
2079,2203.9316654511,2321.82860356708,771.51513671875,340
2080,2340.86433816988,2323.22597131014,771.51513671875,340
2081,2403.55680292621,2324.76931050537,774.579223632812,340
2082,2236.16037457428,2324.91443665278,774.579223632812,340
2083,2378.63306380575,2322.232389682,774.579223632812,340
2084,2400.44044023687,2321.15769076059,774.579223632812,340
2085,2278.41441931936,2315.25454885372,774.579223632812,340
2086,2409.14507719428,2317.4549833107,774.579223632812,340
2087,2401.77428470716,2316.40585550654,774.579223632812,340
2088,2368.62792368303,2320.14887989928,774.579223632812,340
2089,2427.305716845,2324.13015280003,773.202575683594,340
2090,2402.0633765674,2333.68212261364,773.202575683594,340
2091,2425.39562123027,2333.45773905663,773.202575683594,340
2092,2429.02558073269,2339.80976660197,773.202575683594,340
2093,2422.370214335,2340.74128249961,773.202575683594,340
2094,2170.20644055099,2329.60885227845,773.202575683594,340
2095,2369.84449709745,2334.84478094867,773.202575683594,340
2096,2400.61145101744,2339.0587738907,773.202575683594,340
2097,2366.93141198973,2338.0753974895,771.956787109375,340
2098,2426.5232345088,2338.29058761411,771.956787109375,340
2099,2367.14153803916,2339.4383664172,771.956787109375,340
2100,2392.9912190183,2354.95031494144,771.956787109375,340
2101,2455.08455398424,2361.44428208054,771.956787109375,340
2102,2393.3678631819,2366.87688928525,771.956787109375,340
2103,2423.92077148867,2371.7732752262,771.956787109375,340
2104,2324.70092466791,2376.60404559487,771.956787109375,340
2105,2435.32750145708,2380.38257212636,767.789611816406,340
2106,2436.99721361493,2381.72018855391,767.789611816406,340
2107,2363.17719172537,2386.80086123995,767.789611816406,340
2108,2413.71681460081,2388.20421127175,767.789611816406,340
2109,2296.76112093663,2384.05703849974,767.789611816406,340
2110,2402.69577803247,2389.02829284827,767.789611816406,340
2111,2358.6674999746,2387.00918975948,767.789611816406,340
2112,2244.50798528342,2380.71853778253,767.789611816406,340
2113,2409.93764899317,2382.37092679494,767.062927246094,340
2114,2259.08245236815,2375.64199621586,767.062927246094,340
2115,2410.92965603559,2375.99664739459,767.062927246094,340
2116,2436.49178451056,2376.4404939258,767.062927246094,340
2117,2437.38105259516,2376.7747128003,767.062927246094,340
2118,2432.18610566835,2377.16734845364,767.062927246094,340
2119,2411.42160298047,2386.81595495081,767.062927246094,340
2120,2413.84062667879,2388.57580013407,767.062927246094,340
2121,2409.83268886446,2388.94464964795,764.012512207031,340
2122,2405.23072985529,2390.47662236257,764.012512207031,340
2123,2328.57203704582,2386.55857446405,764.012512207031,340
2124,2401.16753954053,2387.91961452411,764.012512207031,340
2125,2270.09825648145,2383.00389602263,764.012512207031,340
2126,2404.17021451163,2380.96732244373,764.012512207031,340
2127,2412.19363826309,2381.72035344698,764.012512207031,340
2128,2406.49216299455,2381.02320910721,764.012512207031,340
2129,2417.64825757768,2384.7411024236,765.46728515625,340
2130,2270.59902987491,2378.15196356031,765.46728515625,340
2131,2419.38016890299,2377.44728177184,765.46728515625,340
2132,2415.60618978135,2379.54444169408,765.46728515625,340
2133,2376.56613925169,2378.05841468011,765.46728515625,340
2134,2401.01209878702,2382.22845379413,765.46728515625,340
2135,2348.78337380026,2380.07195762484,765.46728515625,340
2136,2422.56866511733,2382.62800423055,765.46728515625,340
2137,2367.97621821839,2387.56673354795,765.499450683594,340
2138,2385.8714891128,2386.60408715273,765.499450683594,340
2139,2306.26545344879,2388.49140719596,765.499450683594,340
2140,2436.06414743678,2389.49678685201,765.499450683594,340
2141,2412.31656098309,2388.52977791091,765.499450683594,340
2142,2331.87367523804,2384.30948281662,765.499450683594,340
2143,2294.33791284624,2378.79555510374,765.499450683594,340
2144,2393.15020996704,2378.0646993832,765.499450683594,340
2145,2313.71405123225,2374.05963636534,765.60302734375,340
2146,2381.69388402166,2372.93408417163,765.60302734375,340
2147,2407.96339776319,2373.04339088794,765.60302734375,340
2148,2321.84116674655,2372.77415607597,765.60302734375,340
2149,2382.6520194769,2372.03353527343,765.60302734375,340
2150,2423.85013279351,2378.18361032591,765.60302734375,340
2151,2404.04993021176,2378.17879895391,765.60302734375,340
2152,2438.86022504656,2379.24546242525,765.60302734375,340
2153,2285.31924103358,2374.39854554681,762.80517578125,340
2154,2444.61402765818,2375.47717635003,762.80517578125,340
2155,2252.21583540182,2374.74184857111,762.80517578125,340
2156,2360.04332902692,2372.36837497607,762.80517578125,340
2157,2345.56431175066,2369.56669985484,762.80517578125,340
2158,2435.60659315042,2371.92831801079,762.80517578125,340
2159,2408.51558478077,2372.22845745054,762.80517578125,340
2160,2434.15250936142,2375.64322287299,762.80517578125,340
2161,2394.95413548494,2374.53864168769,762.667419433594,340
2162,2446.73862766398,2377.68913806551,762.667419433594,340
2163,2387.44308489166,2377.75200189667,762.667419433594,340
2164,2420.13410512115,2382.30674796356,762.667419433594,340
2165,2420.89075085105,2381.69981210013,762.667419433594,340
2166,2422.61167763279,2382.11161676612,762.667419433594,340
2167,2412.59134689278,2385.34032363231,762.667419433594,340
2168,2421.83891852572,2390.44036385949,762.667419433594,340
2169,2429.27769965519,2391.88546344702,761.930603027344,340
2170,2428.76400281577,2396.48746151036,761.930603027344,340
2171,2430.17381652287,2398.42665881041,761.930603027344,340
2172,2444.89664031053,2399.9039885123,761.930603027344,340
2173,2099.31610051735,2391.00298586313,761.930603027344,340
2174,2356.51101184346,2389.95734555779,761.930603027344,340
2175,2391.15661957198,2388.64960502893,761.930603027344,340
2176,2452.45733833438,2390.58590135384,761.930603027344,340
2177,2425.75193284248,2390.06156966567,761.911743164062,340
2178,2435.72083151611,2396.07763328498,761.911743164062,340
2179,2367.27504985519,2392.98407417286,761.911743164062,340
2180,2270.7619050988,2393.72591696074,761.911743164062,340
2181,2435.64395428338,2396.74994197099,761.911743164062,340
2182,2396.87203131217,2398.80225075345,761.911743164062,340
2183,2373.03660373243,2396.29945117673,761.911743164062,340
2184,2380.09940189914,2395.16280386147,761.911743164062,340
2185,2400.10113119231,2393.80074873471,760.991760253906,340
2186,2397.68338177974,2393.9099185865,760.991760253906,340
2187,2447.09971416584,2393.92436204657,760.991760253906,340
2188,2399.45271169547,2394.40474711872,760.991760253906,340
2189,2377.68585148569,2392.70681697331,760.991760253906,340
2190,2446.3973599312,2393.72708133651,760.991760253906,340
2191,2408.30318694358,2393.15474170894,760.991760253906,340
2192,2409.40207963802,2393.02717101875,760.991760253906,340
2193,2436.34997753304,2393.60761337904,761.295166015625,340
2194,2405.94787748941,2392.67442049241,761.295166015625,340
2195,2469.65878133437,2394.31021163316,761.295166015625,340
2196,2440.49877503426,2394.72320997361,761.295166015625,340
2197,2441.84088797148,2394.60097988005,761.295166015625,340
2198,2374.59971256698,2405.61232436204,761.295166015625,340
2199,2446.07656244665,2409.19494638616,761.295166015625,340
2200,2347.25209636562,2407.43876545791,761.295166015625,340
2201,2409.64652056587,2405.72633274717,761.493225097656,340
2202,2328.53423975327,2401.8376250236,761.493225097656,340
2203,2417.49933050935,2401.10876498333,761.493225097656,340
2204,2353.93037355744,2400.57497793142,761.493225097656,340
2205,2375.97852917957,2404.78364289465,761.493225097656,340
2206,2422.72107624949,2404.2667277733,761.493225097656,340
2207,2291.36481586383,2400.04643915536,761.493225097656,340
2208,2263.45764223643,2395.66328069552,761.493225097656,340
2209,2289.70842439179,2392.04764159523,761.732055664062,340
2210,2412.83722850847,2392.55708548787,761.732055664062,340
2211,2445.14088630378,2394.45538566884,761.732055664062,340
2212,2419.22385903846,2393.34035146374,761.732055664062,340
2213,2365.59512533564,2391.98604800935,761.732055664062,340
2214,2448.99146630625,2394.83827260217,761.732055664062,340
2215,2390.02016184538,2392.58318467874,761.732055664062,340
2216,2392.11657714593,2391.93572028683,761.732055664062,340
2217,2403.66295272937,2391.70615521048,762.880493164062,340
2218,2425.6956118027,2391.27998058127,762.880493164062,340
2219,2371.91270530357,2389.91857369384,762.880493164062,340
2220,2426.96370535878,2388.21077065481,762.880493164062,340
2221,2310.51335969736,2383.01135404134,762.880493164062,340
2222,2463.96779181594,2383.89643019512,762.880493164062,340
2223,2305.63361323049,2381.13778622166,762.880493164062,340
2224,2435.85823326883,2380.72905305454,762.880493164062,340
2225,2447.58124885221,2384.74221915401,765.426879882812,340
2226,2438.80600021322,2385.9085983399,765.426879882812,340
2227,2385.78700918914,2388.19870911734,765.426879882812,340
2228,2329.17444943181,2384.66571387424,765.426879882812,340
2229,2447.6591518234,2388.41486500487,765.426879882812,340
2230,2437.93217126748,2390.89301068839,765.426879882812,340
2231,2407.1893616697,2390.2717421052,765.426879882812,340
2232,2459.16628863619,2396.98380101609,765.426879882812,340
2233,2417.19017501538,2403.13310232725,764.163513183594,340
2234,2429.83197801316,2408.73804447211,764.163513183594,340
2235,2395.49702088241,2408.04443616706,764.163513183594,340
2236,2432.73321664382,2407.54812938067,764.163513183594,340
2237,2454.96315263924,2408.9777011247,764.163513183594,340
2238,2458.81842670934,2412.70663317964,764.163513183594,340
2239,2466.86367766947,2413.42152163417,764.163513183594,340
2240,2431.91525196495,2415.09732523896,764.163513183594,340
2241,2429.15281086353,2416.57877458766,766.640197753906,340
2242,2440.25112748161,2418.04230157775,766.640197753906,340
2243,2454.81703191452,2419.20715838222,766.640197753906,340
2244,2457.23865265614,2422.62019627632,766.640197753906,340
2245,2397.77664026239,2421.45271367247,766.640197753906,340
2246,2415.77635112299,2425.66323332949,766.640197753906,340
2247,2436.83480954806,2424.57791403878,766.640197753906,340
2248,2458.03411446604,2430.6739340882,766.640197753906,340
2249,2435.58152746124,2430.6628658559,768.487060546875,340
2250,2450.51328843546,2430.78014743923,768.487060546875,340
2251,2454.14887011049,2431.39386223512,768.487060546875,340
2252,2365.25174621924,2430.57245171632,768.487060546875,340
2253,2420.96800097262,2434.24419377795,768.487060546875,340
2254,2403.93671550356,2432.49529632516,768.487060546875,340
2255,2448.96621017871,2432.93665788161,768.487060546875,340
2256,2456.16649996835,2434.89574341356,768.487060546875,340
2257,2460.98090807903,2434.96832819127,768.601928710938,340
2258,2368.57734133645,2433.02381484411,768.601928710938,340
2259,2437.63574276878,2433.33596543434,768.601928710938,340
2260,2436.10765993395,2434.9603909964,768.601928710938,340
2261,2464.00630273695,2436.21131444012,768.601928710938,340
2262,2424.36048576926,2434.98720776533,768.601928710938,340
2263,2451.26215621474,2434.68495694554,768.601928710938,340
2264,2462.90001888305,2434.52641059408,768.601928710938,340
2265,2461.17228781591,2435.69669202812,770.171020507812,340
2266,2475.28503520146,2437.54198100164,770.171020507812,340
2267,2401.74313131099,2436.00166115481,770.171020507812,340
2268,2420.73006497752,2434.63818247733,770.171020507812,340
2269,2416.62403066381,2433.01359759764,770.171020507812,340
2270,2453.84491599562,2435.25632862697,770.171020507812,340
2271,2454.27318160897,2436.79620184641,770.171020507812,340
2272,2426.16041038135,2436.36922587974,770.171020507812,340
2273,2303.784171103,2430.19922814522,770.391540527344,340
2274,2445.19796318618,2430.58388557422,770.391540527344,340
2275,2458.05797727865,2430.88567312795,770.391540527344,340
2276,2470.14487531522,2431.52551333613,770.391540527344,340
2277,2451.84477617123,2434.98923453421,770.391540527344,340
2278,2427.03808526502,2435.23203790591,770.391540527344,340
2279,2461.58597336114,2437.53800822021,770.391540527344,340
2280,2456.13915708976,2437.82492609665,770.391540527344,340
2281,2438.33750166261,2437.11176616443,771.700073242188,340
2282,2438.99596595157,2436.23236847933,771.700073242188,340
2283,2457.69056045365,2439.79689724402,771.700073242188,340
2284,2455.64131099598,2440.5171199731,771.700073242188,340
2285,2414.34690733918,2439.64668986931,771.700073242188,340
2286,2472.32243145176,2439.97933501791,771.700073242188,340
2287,2482.73922416604,2442.31448455378,771.700073242188,340
2288,2445.51127560009,2442.08444932919,771.700073242188,340
2289,2449.72693574782,2441.55752600378,771.550842285156,340
2290,2426.92185014522,2440.18750849695,771.550842285156,340
2291,2464.11184779163,2439.74058100056,771.550842285156,340
2292,2449.61711335654,2441.65554028238,771.550842285156,340
2293,2470.67982799522,2443.65353080309,771.550842285156,340
2294,2442.03535714091,2444.66998386217,771.550842285156,340
2295,2439.19962900928,2444.08417238272,771.550842285156,340
2296,2444.6189933175,2443.69800485106,771.550842285156,340
2297,2463.87826954144,2445.20671921746,770.819213867188,340
2298,2417.17385934239,2449.74230674704,770.819213867188,340
2299,2460.97167397059,2450.37325517842,770.819213867188,340
2300,2461.17626175163,2450.49798655734,770.819213867188,340
2301,2460.02647763416,2450.09325065009,770.819213867188,340
2302,2425.66741266629,2449.0461561099,770.819213867188,340
2303,2468.65346341822,2450.71077123602,770.819213867188,340
2304,2450.40406773476,2450.26349501097,770.819213867188,340
2305,2445.21921563307,2449.8266973527,771.548156738281,340
2306,2446.20646480927,2450.14145587857,771.548156738281,340
2307,2458.61073247964,2450.92604653969,771.548156738281,340
2308,2422.38358088295,2449.51376735686,771.548156738281,340
2309,2465.52100651524,2449.90895517763,771.548156738281,340
2310,2457.64336419499,2451.64081345187,771.548156738281,340
2311,2451.45184105472,2450.80598983598,771.548156738281,340
2312,2476.9316227695,2450.57368578012,771.548156738281,340
2313,2463.78736006406,2451.30472915868,773.218322753906,340
2314,2442.91855803035,2451.03239404998,773.218322753906,340
2315,2457.30893599104,2452.24787748382,773.218322753906,340
2316,2464.72326241075,2452.27233406858,773.218322753906,340
2317,2455.32640961473,2452.50070591891,773.218322753906,340
2318,2434.73354023001,2451.0628544083,773.218322753906,340
2319,2467.43578866214,2452.07887166915,773.218322753906,340
2320,2451.13317816787,2452.55621363549,773.218322753906,340
2321,2467.41386591491,2453.46800853939,773.915100097656,340
2322,2411.03834531444,2451.35441157031,773.915100097656,340
2323,2418.22878368541,2451.39660854403,773.915100097656,340
2324,2279.29254320263,2444.12944331331,773.915100097656,340
2325,2452.90045933439,2443.79841121662,773.915100097656,340
2326,2395.62873767001,2441.22250161806,773.915100097656,340
2327,2436.19227173565,2441.64349598083,773.915100097656,340
2328,2466.80766493832,2441.56966404163,773.915100097656,340
2329,2457.52022290264,2441.85431024835,774.733703613281,340
2330,2462.83607112926,2442.5589844682,774.733703613281,340
2331,2432.45645393181,2442.0089840331,774.733703613281,340
2332,2455.88589683095,2441.89999060715,774.733703613281,340
2333,2421.75435316899,2441.87482149859,774.733703613281,340
2334,2453.76415555437,2441.40454746016,774.733703613281,340
2335,2450.52453505112,2441.1197942944,774.733703613281,340
2336,2462.60807137703,2441.5660435073,774.733703613281,340
2337,2440.20214650247,2440.09686445661,776.164978027344,340
2338,2453.27824629844,2439.67649990599,776.164978027344,340
2339,2442.39809613668,2439.65568143024,776.164978027344,340
2340,2449.78726518892,2439.35481459816,776.164978027344,340
2341,2435.97026516756,2438.20469470843,776.164978027344,340
2342,2447.21889949837,2437.88039430378,776.164978027344,340
2343,2452.01249236833,2438.57155238931,776.164978027344,340
2344,2447.59936482578,2437.77809543585,776.164978027344,340
2345,2429.29461745522,2436.90455300735,776.317932128906,340
2346,2422.47632798372,2435.1070514901,776.317932128906,340
2347,2434.71551128327,2436.05413812885,776.317932128906,340
2348,2441.75113595809,2436.99503221976,776.317932128906,340
2349,2426.98388342004,2442.90268582846,776.317932128906,340
2350,2403.17795644508,2440.91378571288,776.317932128906,340
2351,2426.68832151203,2442.15616906656,776.317932128906,340
2352,2462.99165865524,2443.22814454335,776.317932128906,340
2353,2446.32621150379,2442.40888640597,776.055908203125,340
2354,2423.01266153579,2441.02858395129,776.055908203125,340
2355,2448.68888781602,2440.46269661876,776.055908203125,340
2356,2432.64425690111,2440.47020873754,776.055908203125,340
2357,2414.52207312494,2438.8156557893,776.055908203125,340
2358,2429.25600218642,2439.11572174999,776.055908203125,340
2359,2426.37253555054,2438.02005694984,776.055908203125,340
2360,2418.09108969738,2436.72271913569,776.055908203125,340
2361,2454.5770914809,2436.40147993984,774.704467773438,340
2362,2367.88636749903,2433.50884877971,774.704467773438,340
2363,2206.90445105276,2423.65389696988,774.704467773438,340
2364,2412.02791301655,2422.43908964508,774.704467773438,340
2365,2435.09201206258,2421.85127952002,774.704467773438,340
2366,2430.85752590704,2421.6467699496,774.704467773438,340
2367,2437.20635927381,2421.24626834062,774.704467773438,340
2368,2425.48201906786,2420.1850494086,774.704467773438,340
2369,2414.02746721821,2418.8421735043,771.369201660156,340
2370,2341.4228000769,2415.32730080916,771.369201660156,340
2371,2227.77754436224,2407.5393494643,771.369201660156,340
2372,2435.78156382516,2407.58199156598,771.369201660156,340
2373,2439.86854644806,2407.50668798558,771.369201660156,340
2374,2275.6129079936,2401.45184896852,771.369201660156,340
2375,1989.54328331282,2384.90646204323,771.369201660156,340
2376,2417.58616550053,2384.54237580277,771.369201660156,340
2377,2449.50766100477,2384.00301589675,772.31787109375,340
2378,2466.857843224,2384.82428116556,772.31787109375,340
2379,2404.27149772989,2384.07463461333,772.31787109375,340
2380,2425.25490443511,2383.13727527809,772.31787109375,340
2381,2431.86270663576,2383.10601326748,772.31787109375,340
2382,2363.90670610384,2381.08139858663,772.31787109375,340
2383,2367.82698582846,2378.62423793231,772.31787109375,340
2384,2446.5719310197,2379.43221375108,772.31787109375,340
2385,2445.7414780975,2380.53822928708,771.878173828125,340
2386,2303.03795267205,2374.47666373473,771.878173828125,340
2387,2430.97609857515,2377.00025297777,771.878173828125,340
2388,2429.9937162379,2385.92382358518,771.878173828125,340
2389,2437.03902301922,2386.92426798529,771.878173828125,340
2390,2445.23604286206,2387.33002921727,771.878173828125,340
2391,2298.71712382486,2382.04441313398,771.878173828125,340
2392,2460.59639085067,2382.98001439705,771.878173828125,340
2393,2296.42470450454,2377.81772181452,775.450073242188,340
2394,2419.81397979551,2378.04918231761,775.450073242188,340
2395,2411.15985320207,2380.83866444262,775.450073242188,340
2396,2438.10999391515,2389.25196242474,775.450073242188,340
2397,2401.96772489505,2387.89940886753,775.450073242188,340
2398,2255.12644689051,2380.50972488523,775.450073242188,340
2399,2273.53464910413,2380.42659452965,775.450073242188,340
2400,2418.03650902829,2397.56632355827,775.450073242188,340
2401,2296.74828829777,2392.73280847016,776.536682128906,340
2402,2415.66353843766,2391.37904356747,776.536682128906,340
2403,2449.76506260963,2390.6953323429,776.536682128906,340
2404,2433.37698233452,2391.85955172708,776.536682128906,340
2405,2445.66135298907,2392.67580966924,776.536682128906,340
2406,2417.7123942674,2392.10979717451,776.536682128906,340
2407,2443.37664598965,2395.28859476994,776.536682128906,340
2408,2417.94175811983,2397.2931856616,776.536682128906,340
2409,2357.36441822056,2393.72488514963,774.27490234375,340
2410,2360.2436958482,2390.30497385966,774.27490234375,340
2411,2347.43961239663,2392.08104024864,774.27490234375,340
2412,2435.17166080796,2392.24886273795,774.27490234375,340
2413,2390.95314705502,2390.68723997064,774.27490234375,340
2414,2212.66686402777,2381.71235361098,774.27490234375,340
2415,2409.01480984701,2380.26350429038,774.27490234375,340
2416,2367.96126908162,2383.03327010065,774.27490234375,340
2417,2428.98316023449,2381.768740876,773.627746582031,340
2418,2284.90261286819,2381.30785721055,773.627746582031,340
2419,2421.17428367045,2381.36226936555,773.627746582031,340
2420,2419.24491381355,2381.68567179001,773.627746582031,340
2421,2418.3200545798,2380.89407421659,773.627746582031,340
2422,2424.19375297149,2381.78311533965,773.627746582031,340
2423,2430.12816587686,2388.7831840991,773.627746582031,340
2424,2433.28152717879,2395.17305922209,773.627746582031,340
2425,2394.15909139905,2394.21796251692,772.298461914062,340
2426,2413.28086429401,2398.87926555677,772.298461914062,340
2427,2220.90448613697,2391.08890346474,772.298461914062,340
2428,2442.94739994989,2390.81619695835,772.298461914062,340
2429,2344.67419702238,2387.26808554587,772.298461914062,340
2430,2250.57319613859,2379.46455927185,772.298461914062,340
2431,2394.73318321948,2378.54539082993,772.298461914062,340
2432,2391.44770382833,2376.46823314348,772.298461914062,340
2433,2410.39127694397,2376.16621389644,771.715637207031,340
2434,2366.27807251834,2376.52276006835,771.715637207031,340
2435,2361.54515729118,2376.57481852607,771.715637207031,340
2436,2417.14241347414,2379.36293056917,771.715637207031,340
2437,2259.70109944501,2372.34410811466,771.715637207031,340
2438,2416.0537684154,2373.34813296907,771.715637207031,340
2439,2402.73557773348,2380.9508815173,771.715637207031,340
2440,2388.4775425343,2380.12939082479,771.715637207031,340
2441,2320.7664249727,2378.24159706043,773.463134765625,340
2442,2426.5031531268,2378.14239677613,773.463134765625,340
2443,2392.20241357946,2382.43438880458,773.463134765625,340
2444,2370.21503112055,2380.39601870258,773.463134765625,340
2445,2401.1520377971,2379.67230366192,773.463134765625,340
2446,2410.09397485217,2379.34326047282,773.463134765625,340
2447,2410.02067494129,2378.77633735161,773.463134765625,340
2448,2149.00212765886,2367.53129582289,773.463134765625,340
2449,2390.66749178845,2365.82673440728,773.999450683594,340
2450,2389.51217062636,2365.64085757637,773.999450683594,340
2451,2396.80536801579,2364.98183772524,773.999450683594,340
2452,2402.96710069598,2372.2643423076,773.999450683594,340
2453,2317.99809784435,2367.26637022338,773.999450683594,340
2454,2385.34860930344,2368.89334671462,773.999450683594,340
2455,2294.05544474148,2370.63263665874,773.999450683594,340
2456,2421.14862112664,2371.68925417502,773.999450683594,340
2457,2419.31651806355,2372.80400674443,772.787719726562,340
2458,2369.11589805286,2371.15299158879,772.787719726562,340
2459,2421.39571819336,2373.35769741579,772.787719726562,340
2460,2385.91903396957,2374.33265248292,772.787719726562,340
2461,2391.80599381117,2373.31919569641,772.787719726562,340
2462,2421.94409978408,2379.80891570997,772.787719726562,340
2463,2383.43349517747,2378.50410478045,772.787719726562,340
2464,2408.16406316026,2378.72124419752,772.787719726562,340
2465,2425.40258267784,2380.19824580326,772.850646972656,340
2466,2389.05888215298,2382.92994409047,772.850646972656,340
2467,2378.6850857202,2381.01722139421,772.850646972656,340
2468,2373.01788411948,2380.24984021581,772.850646972656,340
2469,2250.48193247216,2375.46051626988,772.850646972656,340
2470,2403.18695226302,2375.54191284851,772.850646972656,340
2471,2401.98652853206,2375.21761499571,772.850646972656,340
2472,2275.13219234609,2369.8220756919,772.850646972656,340
2473,2347.04493736599,2377.74378808019,774.073303222656,340
2474,2275.53383218783,2373.13844169616,774.073303222656,340
2475,2395.91970555715,2373.39474309339,774.073303222656,340
2476,2373.47229158798,2372.46142003628,774.073303222656,340
2477,2380.48970080724,2371.56232404073,774.073303222656,340
2478,2217.35842861638,2367.53673727161,774.073303222656,340
2479,2324.03112993632,2365.08403809693,774.073303222656,340
2480,2399.36527445039,2369.29643128528,774.073303222656,340
2481,2262.89229687958,2362.9661783154,772.176879882812,340
2482,2405.80311781689,2362.42564230553,772.176879882812,340
2483,2215.81157164388,2356.29346924918,772.176879882812,340
2484,2231.80211154159,2348.7097249831,772.176879882812,340
2485,2179.48607750525,2340.45240672453,772.176879882812,340
2486,2032.6727739257,2326.08707792911,772.176879882812,340
2487,2098.51300925798,2313.14983430807,772.176879882812,340
2488,2306.79925701737,2310.08446478166,772.176879882812,340
2489,2344.27877154269,2307.52905311696,772.689880371094,340
2490,2359.95146184136,2304.9110082835,772.689880371094,340
2491,2323.20100281933,2302.27669311016,772.689880371094,340
2492,2059.47085669344,2289.50812394909,772.689880371094,340
2493,2193.75242105506,2282.33750542651,772.689880371094,340
2494,2390.36032607543,2287.93264117064,772.689880371094,340
2495,2321.49638499776,2284.66501848003,772.689880371094,340
2496,2195.42266492722,2276.40246393584,772.689880371094,340
2497,2389.3733064408,2280.97210849963,773.975708007812,340
2498,2312.27662102082,2279.58137584582,773.975708007812,340
2499,2308.96365045324,2280.91856857643,773.975708007812,340
2500,2406.19744887457,2281.32967830913,773.975708007812,340
2501,2392.8077084808,2282.10309498484,773.975708007812,340
2502,2385.49461571515,2282.30329158116,773.975708007812,340
2503,2369.04919081418,2288.37092206907,773.975708007812,340
2504,2354.73449120923,2289.59905651999,773.975708007812,340
2505,2404.32145523768,2289.79730375148,771.818054199219,340
2506,2386.8491575599,2294.75557817869,771.818054199219,340
2507,2300.24903539182,2290.53341488169,771.818054199219,340
2508,2417.0897335155,2298.58454135655,771.818054199219,340
2509,2330.48669976704,2302.53192488557,771.818054199219,340
2510,2406.92672435684,2311.62955075964,771.818054199219,340
2511,2320.52480074263,2323.14363183231,771.818054199219,340
2512,2306.35961226651,2331.45749595266,771.818054199219,340
2513,2390.87584541201,2334.82055948844,769.021240234375,340
2514,2383.783144113,2336.40073439125,769.021240234375,340
2515,2400.25588956854,2338.01291150034,769.021240234375,340
2516,2371.25860161449,2339.93521545215,769.021240234375,340
2517,2398.92280962344,2353.51329356935,769.021240234375,340
2518,2380.55689533078,2360.98547254038,769.021240234375,340
2519,2407.44770227831,2361.66896758849,769.021240234375,340
2520,2398.74566507081,2364.75893879141,769.021240234375,340
2521,2394.88518073648,2372.73743942378,768.023193359375,340
2522,2393.81577550336,2372.91513818629,768.023193359375,340
2523,2375.79814573097,2375.45599917469,768.023193359375,340
2524,2425.93621256971,2380.13490165935,768.023193359375,340
2525,2408.35413968731,2380.22116929186,768.023193359375,340
2526,2297.37380816736,2376.40381327932,768.023193359375,340
2527,2409.08082058683,2377.34726147419,768.023193359375,340
2528,2391.91233084703,2378.2617870755,768.023193359375,340
2529,2347.51570807778,2377.97303575025,764.380554199219,340
2530,2413.78861042447,2378.35172195772,764.380554199219,340
2531,2384.72512566687,2378.266760682,764.380554199219,340
2532,2371.85034858871,2381.13081320987,764.380554199219,340
2533,2405.02174997324,2380.64809386818,764.380554199219,340
2534,2422.55687273835,2384.33090078703,764.380554199219,340
2535,2391.81569203387,2383.72645949411,764.380554199219,340
2536,2342.41445360246,2384.60204560851,764.380554199219,340
2537,2111.58258110842,2376.81096436218,760.639709472656,340
2538,2200.15368527251,2369.1820779566,760.639709472656,340
2539,2089.03931811111,2357.39232491653,760.639709472656,340
2540,2378.62580689823,2356.52712160971,760.639709472656,340
2541,2401.2413275133,2357.72643064567,760.639709472656,340
2542,2239.07740371549,2351.33261440935,760.639709472656,340
2543,2182.44371669175,2343.40808726379,760.639709472656,340
2544,2368.26311388682,2341.84070372813,760.639709472656,340
2545,2390.3383248264,2341.50441011835,755.835876464844,340
2546,2380.38168902706,2340.92427044998,755.835876464844,340
2547,2383.65503489294,2340.51784082556,755.835876464844,340
2548,2356.78840402669,2339.75745115739,755.835876464844,340
2549,2328.07530220646,2335.84301474286,755.835876464844,340
2550,2267.8693685719,2330.22362389824,755.835876464844,340
2551,2407.73687618145,2334.6381466188,755.835876464844,340
2552,2397.7568389693,2334.1851873541,755.835876464844,340
2553,2306.94656223143,2330.78655660948,753.027587890625,340
2554,2095.89183401799,2320.72160164709,753.027587890625,340
2555,2310.32052646368,2316.58287828866,753.027587890625,340
2556,2370.75231194749,2316.02396573988,753.027587890625,340
2557,2363.17868005503,2315.67709899853,753.027587890625,340
2558,2386.9770895682,2314.95531258233,753.027587890625,340
2559,2398.91364298016,2314.009583392,753.027587890625,340
2560,1852.66679290531,2292.44362742686,753.027587890625,340
2561,2192.30838996103,2286.43938488121,758.252990722656,340
2562,2338.8791569997,2295.53124791686,758.252990722656,340
2563,2360.77680352403,2301.95617264692,758.252990722656,340
2564,2364.20794150456,2312.96291758266,758.252990722656,340
2565,2358.49012140591,2312.15749016296,758.252990722656,340
2566,2276.76678916694,2307.17850862911,758.252990722656,340
2567,2364.44310478157,2312.19313667175,758.252990722656,340
2568,2388.78042146308,2320.4466048626,758.252990722656,340
2569,2384.10502996412,2321.0802815057,760.419982910156,340
2570,2362.03140600895,2319.948004753,760.419982910156,340
2571,2375.59200727263,2319.75641748282,760.419982910156,340
2572,2240.31339962982,2314.0227520723,760.419982910156,340
2573,2350.20658752834,2313.75947941236,760.419982910156,340
2574,2354.37687642693,2314.81154238118,760.419982910156,340
2575,2377.9521388868,2319.21485319378,760.419982910156,340
2576,2401.03432282628,2318.94675105957,760.419982910156,340
2577,2331.21847691064,2316.28521657722,759.708251953125,340
2578,2357.23782778764,2318.29686719947,759.708251953125,340
2579,2352.78531596567,2328.57260647738,759.708251953125,340
2580,2358.4358978406,2330.49722133246,759.708251953125,340
2581,2240.93339201526,2325.30446453517,759.708251953125,340
2582,2358.69325467305,2325.12504751989,759.708251953125,340
2583,2270.73073873363,2320.47519348651,759.708251953125,340
2584,2360.140059313,2318.92425013982,759.708251953125,340
2585,2270.8846358184,2335.65296385634,756.931579589844,340
2586,2319.98198403997,2340.7599076195,756.931579589844,340
2587,2321.29561871209,2340.056566088,756.931579589844,340
2588,2388.66086056755,2341.17192836974,756.931579589844,340
2589,2179.01439091252,2333.76418634605,756.931579589844,340
2590,2094.35850119993,2323.19892153782,756.931579589844,340
2591,2259.76278197973,2322.51876125033,756.931579589844,340
2592,2342.77776314246,2321.65214758476,756.931579589844,340
2593,2339.39130150965,2319.67658278663,753.833312988281,340
2594,2388.94776865478,2319.87029233425,753.833312988281,340
2595,2370.97571629941,2320.22806474587,753.833312988281,340
2596,2201.24120941027,2313.25403283138,753.833312988281,340
2597,2313.01462795897,2316.16208196454,753.833312988281,340
2598,2120.82114560318,2306.98666428754,753.833312988281,340
2599,2326.39338947336,2305.86732480939,753.833312988281,340
2600,2241.23383738483,2300.39859274931,753.833312988281,340
2601,2126.79171720351,2289.4288885244,752.485595703125,340
2602,2372.35984604691,2291.07454328986,752.485595703125,340
2603,2233.43015551696,2286.12223639903,752.485595703125,340
2604,2307.33930046511,2284.30439577901,752.485595703125,340
2605,2370.22411116553,2284.775924312,752.485595703125,340
2606,2387.98778364106,2290.65809997703,752.485595703125,340
2607,2381.72690538631,2291.57944600556,752.485595703125,340
2608,1702.12842949557,2268.83535363604,752.485595703125,340
2609,2298.15533961116,2266.35596484797,755.025756835938,340
2610,2331.71891681268,2268.78933608774,755.025756835938,340
2611,2296.14555318309,2267.83587885347,755.025756835938,340
2612,2315.65350196081,2267.61019418341,755.025756835938,340
2613,2257.27504329806,2262.35476149263,755.025756835938,340
2614,2119.64685928782,2259.98006022765,755.025756835938,340
2615,2210.47361991255,2264.62466497615,755.025756835938,340
2616,2394.36554864615,2270.00877564281,755.025756835938,340
2617,2330.00668225416,2269.49793240728,748.167541503906,340
2618,2268.33835111803,2266.65581439161,748.167541503906,340
2619,2306.20337241464,2263.34603854201,748.167541503906,340
2620,2367.23664871181,2263.1964758385,748.167541503906,340
2621,2362.00932391379,2269.62720041864,748.167541503906,340
2622,2320.19946669824,2269.91459396821,748.167541503906,340
2623,2351.21435088114,2279.13032217933,748.167541503906,340
2624,2294.95845895907,2277.87292495876,748.167541503906,340
2625,2344.63495026465,2282.00896947395,745.68994140625,340
2626,2128.52396499707,2282.0782593857,745.68994140625,340
2627,2347.46177842509,2281.08233668082,745.68994140625,340
2628,2354.52302898277,2285.92605161945,745.68994140625,340
2629,1964.82532181006,2272.22549247325,745.68994140625,340
2630,2366.03791706474,2272.05804470922,745.68994140625,340
2631,2233.88434874714,2265.89390731346,745.68994140625,340
2632,2292.68060912886,2262.33205546317,745.68994140625,340
2633,2165.90029373603,2280.88293003279,747.113464355469,340
2634,2326.51586890806,2282.01735120466,747.113464355469,340
2635,2272.04302999908,2279.63031573212,747.113464355469,340
2636,2287.79942341404,2279.29647054136,747.113464355469,340
2637,2182.34606294404,2273.96417298068,747.113464355469,340
2638,2334.25569354685,2277.04339899064,747.113464355469,340
2639,2274.19699569032,2283.22540444674,747.113464355469,340
2640,2233.46778664362,2284.14517111598,747.113464355469,340
2641,2217.80648725956,2277.08280866052,736.329162597656,340
2642,2363.69417830696,2278.43030850263,736.329162597656,340
2643,2192.48394194093,2275.39613213554,736.329162597656,340
2644,2261.12793214982,2273.59311452495,736.329162597656,340
2645,2316.02918681797,2271.5448160492,736.329162597656,340
2646,2334.77192507309,2270.45532009557,736.329162597656,340
2647,2139.441644922,2263.22500722452,736.329162597656,340
2648,2342.6908289438,2262.88406634703,736.329162597656,340
2649,2218.20323651084,2259.8138574491,731.542419433594,340
2650,2230.29240630975,2255.2401556909,731.542419433594,340
2651,2132.59022684092,2255.40280616465,731.542419433594,340
2652,2334.58076909497,2254.88756579145,731.542419433594,340
2653,2242.53874123952,2250.40819428172,731.542419433594,340
2654,2390.71971823865,2267.44397013886,731.542419433594,340
2655,1902.17864335447,2248.88959919045,731.542419433594,340
2656,2288.61116432052,2251.07867181339,731.542419433594,340
2657,2366.19239711147,2254.01914333269,729.879699707031,340
2658,2079.95676239764,2250.58140207916,729.879699707031,340
2659,2325.7460745027,2250.55061030294,729.879699707031,340
2660,2349.79242283263,2253.66058601628,729.879699707031,340
2661,2340.83026597581,2255.78181971875,729.879699707031,340
2662,2373.38321879725,2263.42330595288,729.879699707031,340
2663,2317.90434648578,2262.76925207044,729.879699707031,340
2664,2231.90948415931,2261.0777516092,729.879699707031,340
2665,2263.1407271663,2262.26466923011,729.830017089844,340
2666,2088.86131785902,2257.10686245409,729.830017089844,340
2667,2186.96924107222,2250.0378649647,729.830017089844,340
2668,2319.55345930375,2255.12064565921,729.830017089844,340
2669,2356.57603648961,2258.9385698328,729.830017089844,340
2670,2335.03073010199,2259.69863156416,729.830017089844,340
2671,2272.98409383107,2257.22711831448,729.830017089844,340
2672,2306.04350637801,2263.89119277272,729.830017089844,340
2673,2217.33254709354,2258.87686149871,729.401794433594,340
2674,2297.44570825374,2262.04656036843,729.401794433594,340
2675,2285.63831810705,2264.26039684032,729.401794433594,340
2676,2325.98957564456,2271.99637079246,729.401794433594,340
2677,2335.00329265204,2272.01327173475,729.401794433594,340
2678,2289.59310255783,2273.89544618748,729.401794433594,340
2679,1896.78227202301,2254.13794833885,729.401794433594,340
2680,2216.24969592929,2266.70079044185,729.401794433594,340
2681,2326.58523734129,2268.21975336268,733.169189453125,340
2682,2364.40558396046,2268.14828083664,733.169189453125,340
2683,2316.26471203797,2277.60059882225,733.169189453125,340
2684,2311.55698756641,2277.0330353448,733.169189453125,340
2685,2174.82949723532,2270.03451832091,733.169189453125,340
2686,2275.42943091493,2267.41848491847,733.169189453125,340
2687,2335.02913570697,2265.88432159486,733.169189453125,340
2688,2163.05288549544,2259.69026315525,733.169189453125,340
2689,2336.32182226234,2263.86675667937,734.226867675781,340
2690,2018.59087577274,2254.08476262363,734.226867675781,340
2691,2291.80389579279,2262.20246574098,734.226867675781,340
2692,2293.55884248053,2266.46604979731,734.226867675781,340
2693,1940.32913841357,2251.2970769617,734.226867675781,340
2694,2180.29270591763,2244.24574373882,734.226867675781,340
2695,2154.00404655126,2237.00467639679,734.226867675781,340
2696,2310.29128569652,2238.49696407141,734.226867675781,340
2697,2245.17238439605,2236.06211919213,735.199768066406,340
2698,2329.2939241343,2240.54057427376,735.199768066406,340
2699,2336.51714270747,2242.10343165191,735.199768066406,340
2700,2299.70610775171,2242.6661432377,735.199768066406,340
2701,2133.6138247983,2234.97111320385,735.199768066406,340
2702,2318.62400444696,2234.31594167564,735.199768066406,340
2703,2372.9900249867,2237.6518185728,735.199768066406,340
2704,2306.81324592351,2254.05305752882,735.199768066406,340
2705,2308.76282616266,2257.75358273815,732.923278808594,340
2706,2340.0397591975,2258.2917636124,732.923278808594,340
2707,2373.67773986484,2258.66264984858,732.923278808594,340
2708,2349.14721704084,2259.97795004869,732.923278808594,340
2709,2302.32347709054,2259.60860962966,732.923278808594,340
2710,1930.76009655762,2249.84583360255,732.923278808594,340
2711,2362.34064248143,2253.32228206521,732.923278808594,340
2712,2332.57531895939,2253.2241293953,732.923278808594,340
2713,2385.69139060285,2262.1296695996,735.602600097656,340
2714,2403.19926913851,2264.80476747465,735.602600097656,340
2715,2247.29255773941,2273.95283475331,735.602600097656,340
2716,2387.34655812874,2277.77454124675,735.602600097656,340
2717,2232.77563812011,2275.34321307234,735.602600097656,340
2718,2322.99165327772,2290.6497136669,735.602600097656,340
2719,2353.17581783511,2297.5650381436,735.602600097656,340
2720,2380.29312981317,2306.61660147408,735.602600097656,340
2721,2265.79559325192,2304.83677377629,735.665161132812,340
2722,2344.21433557776,2308.79845182356,735.665161132812,340
2723,2333.36407446316,2308.96125783672,735.665161132812,340
2724,2370.52527353871,2310.32158306997,735.665161132812,340
2725,2297.88386858758,2310.2486935034,735.665161132812,340
2726,2359.91994769115,2319.30093841912,735.665161132812,340
2727,2382.63407203448,2321.86134112262,735.665161132812,340
2728,2362.12996825427,2321.42693885332,735.665161132812,340
2729,2295.1032069524,2320.95853729447,739.836975097656,340
2730,2369.5385708796,2323.38956708315,739.836975097656,340
2731,2355.66054480074,2324.01439850728,739.836975097656,340
2732,2292.96713315307,2320.78597423881,739.836975097656,340
2733,2275.62379466419,2317.84503734374,739.836975097656,340
2734,2362.16589469086,2320.23873404776,739.836975097656,340
2735,2373.73900293937,2337.95789030303,739.836975097656,340
2736,2347.85413601247,2337.37843004427,739.836975097656,340
2737,2189.61244203915,2331.65991496746,742.607299804688,340
2738,2379.27909074955,2331.40342297333,742.607299804688,340
2739,2282.84456768357,2326.58923491513,742.607299804688,340
2740,2364.36590382438,2331.27216875853,742.607299804688,340
2741,2105.2361829623,2319.98775375187,742.607299804688,340
2742,2353.08689679557,2324.80020409889,742.607299804688,340
2743,2338.73932663815,2325.43011103331,742.607299804688,340
2744,2401.21306714372,2327.35160100565,742.607299804688,340
2745,2327.38048053295,2325.23509503444,743.043640136719,340
2746,2336.76000549207,2328.07367152405,743.043640136719,340
2747,2370.55850651773,2329.12743836165,743.043640136719,340
2748,2160.52113978426,2322.21372097449,743.043640136719,340
2749,2386.90368393741,2322.86885739044,743.043640136719,340
2750,2359.17200380916,2325.3203827993,743.043640136719,340
2751,2194.45656546863,2318.7018475104,743.043640136719,340
2752,2364.81870829964,2317.98923296101,743.043640136719,340
2753,2150.50531605138,2309.52424687289,743.301025390625,340
2754,2334.22712470868,2311.08920358314,743.301025390625,340
2755,2222.91168288131,2305.22412806321,743.301025390625,340
2756,2360.47596008218,2305.41674467447,743.301025390625,340
2757,2325.64374866037,2306.72380929476,743.301025390625,340
2758,2230.29366231963,2304.91060400098,743.301025390625,340
2759,2300.59841515911,2302.44790481971,743.301025390625,340
2760,2344.94956802083,2301.29632742297,743.301025390625,340
2761,2371.75656519482,2302.25242459026,741.318237304688,340
2762,2302.41419618709,2306.76449475618,741.318237304688,340
2763,2194.53378326443,2299.37468245678,741.318237304688,340
2764,2305.64911791854,2300.28686446617,741.318237304688,340
2765,2248.4581876154,2295.65055581781,741.318237304688,340
2766,2374.24364773807,2306.41085440885,741.318237304688,340
2767,2317.44842538859,2304.98531555257,741.318237304688,340
2768,2188.00768559604,2298.95604991088,741.318237304688,340
2769,2386.70139497543,2298.37558302415,745.466064453125,340
2770,2171.92939294496,2292.15753952063,745.466064453125,340
2771,2193.49908894763,2286.42710285885,745.466064453125,340
2772,2239.0785341007,2281.16790396217,745.466064453125,340
2773,2257.23111125526,2285.03630282101,745.466064453125,340
2774,2342.25094236266,2283.25019315802,745.466064453125,340
2775,2164.03813140451,2275.44483826184,745.466064453125,340
2776,2170.85862646374,2274.50092070164,745.466064453125,340
2777,2276.91350018465,2270.98471237704,745.236511230469,340
2778,2340.91270902453,2278.60100809597,745.236511230469,340
2779,2273.78124404399,2276.18317286938,745.236511230469,340
2780,2375.08269606887,2282.27001339688,745.236511230469,340
2781,2229.85706770892,2277.04525770195,745.236511230469,340
2782,2342.2550908065,2277.7097113878,745.236511230469,340
2783,2199.4649417349,2276.47656256441,745.236511230469,340
2784,2229.65811055109,2273.63895038009,745.236511230469,340
2785,2376.51254829666,2274.90146959112,750.702331542969,340
2786,2122.89574872355,2264.94703693227,750.702331542969,340
2787,2355.7571938264,2267.08075683784,750.702331542969,340
2788,2279.01925112255,2270.46017555217,750.702331542969,340
2789,2332.45956811218,2271.53259355991,750.702331542969,340
2790,2273.38367083338,2272.52961288863,750.702331542969,340
2791,2365.91146978681,2272.19632577058,750.702331542969,340
2792,2139.84933396225,2265.09236211353,750.702331542969,340
2793,2311.45480725232,2270.03024697978,749.177368164062,340
2794,2249.04776692647,2264.52410185782,749.177368164062,340
2795,2175.23083129274,2264.65615939173,749.177368164062,340
2796,2362.0157235653,2271.39682477644,749.177368164062,340
2797,2353.30554294697,2275.96590513029,749.177368164062,340
2798,2182.27935360193,2272.96783482416,749.177368164062,340
2799,2340.74096512156,2272.90743573451,749.177368164062,340
2800,2251.78785392023,2276.41742463514,749.177368164062,340
2801,1944.09922485597,2267.34704857083,750.644714355469,340
2802,2171.98514993478,2263.14991456083,750.644714355469,340
2803,2211.42693433312,2257.97048357318,750.644714355469,340
2804,2319.29513203906,2259.79103909298,750.644714355469,340
2805,2167.1708486187,2251.47456519497,750.644714355469,340
2806,2247.32825044367,2252.17341250436,750.644714355469,340
2807,2277.01726346236,2249.5638994106,750.644714355469,340
2808,2249.62745416226,2251.57039990769,750.644714355469,340
2809,2367.69527034893,2257.09188629961,751.572143554688,340
2810,2341.68868361027,2255.69893171215,751.572143554688,340
2811,2354.11956020976,2264.9478841716,751.572143554688,340
2812,2304.42823747872,2262.89472591769,751.572143554688,340
2813,2341.31009461673,2265.38635965746,751.572143554688,340
2814,2322.78334739106,2264.99931082861,751.572143554688,340
2815,2338.33956560545,2267.5975466195,751.572143554688,340
2816,2238.53484284442,2262.5024815418,751.572143554688,340
2817,2230.58651550811,2266.13196880364,750.857971191406,340
2818,2320.35610942537,2266.48802089056,750.857971191406,340
2819,2347.30841258992,2270.4184467171,750.857971191406,340
2820,2236.4436333164,2272.86695879804,750.857971191406,340
2821,2357.06129561599,2272.66878168007,750.857971191406,340
2822,2305.75639083502,2270.76681559559,750.857971191406,340
2823,2304.86378086719,2275.6701926862,750.857971191406,340
2824,2181.75484101713,2269.31074772203,750.857971191406,340
2825,2236.83989371615,2268.71282931386,755.098449707031,340
2826,2348.83267166942,2284.9021671864,755.098449707031,340
2827,2344.20258343889,2291.79086452656,755.098449707031,340
2828,2357.16052328396,2297.6202080846,755.098449707031,340
2829,2351.18569864157,2298.8958307487,755.098449707031,340
2830,2246.24302769539,2302.05871791177,755.098449707031,340
2831,2319.83120160865,2304.95883595836,755.098449707031,340
2832,2368.3078896216,2308.61046100473,755.098449707031,340
2833,2320.78116699899,2311.4566095182,752.979187011719,340
2834,2333.54541373327,2310.09061525358,752.979187011719,340
2835,2181.79436190464,2303.69484238535,752.979187011719,340
2836,2197.74843238079,2297.43999727219,752.979187011719,340
2837,2295.48465764127,2297.08225407869,752.979187011719,340
2838,2246.04706668872,2293.27173296157,752.979187011719,340
2839,2350.30326260159,2294.37252957,752.979187011719,340
2840,2322.37559841311,2293.7339708823,752.979187011719,340
2841,2268.62215033683,2294.937463182,752.659729003906,340
2842,2334.33805793474,2299.08752487906,752.659729003906,340
2843,2338.73289634356,2299.82259635579,752.659729003906,340
2844,2319.77528776036,2298.72127136261,752.659729003906,340
2845,2383.07177803748,2304.58639715145,752.659729003906,340
2846,2176.35364900119,2297.35809128686,752.659729003906,340
2847,2289.55489380695,2296.71003140574,752.659729003906,340
2848,2301.32609460429,2296.56852395522,752.659729003906,340
2849,2249.15605750431,2299.26457261471,752.797058105469,340
2850,2267.64829402515,2300.49690862707,752.797058105469,340
2851,2324.8950524888,2299.53940385984,752.797058105469,340
2852,2294.32353519454,2297.54424193007,752.797058105469,340
2853,2259.51214709689,2293.63830688259,752.797058105469,340
2854,2252.84431101463,2289.70465137751,752.797058105469,340
2855,2280.06020965579,2291.05733865592,752.797058105469,340
2856,2250.95997203281,2288.30248947289,752.797058105469,340
2857,2299.93801141364,2285.56769434457,751.895935058594,340
2858,2373.09040623208,2287.6600639139,751.895935058594,340
2859,2354.59601535003,2288.50208797857,751.895935058594,340
2860,2280.29146958588,2292.44197228582,751.895935058594,340
2861,2365.35618535634,2299.14628240484,751.895935058594,340
2862,2287.69356578099,2298.83463873043,751.895935058594,340
2863,2345.22401737391,2302.80171675784,751.895935058594,340
2864,2214.53065908796,2297.37081261729,751.895935058594,340
2865,2354.25013465378,2298.64579406692,751.916015625,340
2866,2280.72335517847,2299.12984226058,751.916015625,340
2867,2361.11347116409,2300.20085878976,751.916015625,340
2868,2139.93097471912,2292.24878192478,751.916015625,340
2869,2254.55517759556,2289.63997751819,751.916015625,340
2870,2268.61516632982,2285.06171304988,751.916015625,340
2871,2298.46933934262,2289.94634066354,751.916015625,340
2872,2297.69841924957,2290.27208168124,751.916015625,340
2873,2354.83888074488,2292.41259312687,749.8427734375,340
2874,2240.10926458112,2292.05072140994,749.8427734375,340
2875,2126.92816053275,2286.42191607024,749.8427734375,340
2876,2331.37867379829,2286.68126092262,749.8427734375,340
2877,2364.83947936629,2289.50189868949,749.8427734375,340
2878,2330.27481195254,2292.33240528372,749.8427734375,340
2879,2348.80745166332,2296.17093090967,749.8427734375,340
2880,2400.57816069571,2300.99164895126,749.8427734375,340
2881,2297.4057625982,2302.84948057388,746.611267089844,340
2882,2349.21551025327,2304.82058052746,746.611267089844,340
2883,2212.08236571427,2298.38025890675,746.611267089844,340
2884,2101.57869168974,2288.25956596034,746.611267089844,340
2885,2317.79897730919,2289.75986626927,746.611267089844,340
2886,2352.82497786422,2289.25861796959,746.611267089844,340
2887,2366.33486799535,2292.40427005816,746.611267089844,340
2888,2365.51322008513,2293.21583816661,746.611267089844,340
2889,2148.92267168335,2290.59151867043,742.440795898438,340
2890,2161.44239728725,2282.87920917576,742.440795898438,340
2891,2371.27916148048,2286.50144142785,742.440795898438,340
2892,2330.7131485958,2285.28542852511,742.440795898438,340
2893,2356.18465031446,2293.93557554893,742.440795898438,340
2894,2359.63588008983,2298.1388036487,742.440795898438,340
2895,2352.68593422044,2301.50163436432,742.440795898438,340
2896,2236.32576153287,2299.01589125193,742.440795898438,340
2897,2315.82099855922,2299.74079442432,737.845153808594,340
2898,2381.67274668859,2300.81414906207,737.845153808594,340
2899,2299.42629518802,2303.18683028634,737.845153808594,340
2900,2365.82770167264,2312.74281193194,737.845153808594,340
2901,2164.38475218307,2306.06305506733,737.845153808594,340
2902,2315.15849195952,2304.07581557106,737.845153808594,340
2903,2239.21689760128,2300.43349899701,737.845153808594,340
2904,2369.43108178151,2301.25844420174,737.845153808594,340
2905,2325.34643608274,2298.24917521722,740.390319824219,340
2906,2185.65382166275,2293.7790975798,740.390319824219,340
2907,2230.50985570812,2289.03087139799,740.390319824219,340
2908,2308.09743904651,2292.87147433128,740.390319824219,340
2909,2395.95219653798,2304.64641452521,740.390319824219,340
2910,2383.65536099075,2307.28066987248,740.390319824219,340
2911,2177.12227304249,2300.25256167961,740.390319824219,340
2912,2201.02070530903,2293.63999517215,740.390319824219,340
2913,2287.21105204327,2290.50790845048,738.749389648438,340
2914,2275.83833218717,2295.58453487063,738.749389648438,340
2915,2357.23839574688,2303.41637480902,738.749389648438,340
2916,2324.57073861083,2301.54803789423,738.749389648438,340
2917,2356.25643908564,2302.56976951383,738.749389648438,340
2918,2329.69653877292,2301.51024505216,738.749389648438,340
2919,2281.50347773301,2298.38494895789,738.749389648438,340
2920,2328.68353871496,2297.42485313767,738.749389648438,340
2921,2179.72087366778,2295.16065762307,740.1064453125,340
2922,2310.1147439552,2294.93240743891,740.1064453125,340
2923,2267.48900675273,2290.36505784147,740.1064453125,340
2924,2317.6759261245,2291.09504307893,740.1064453125,340
2925,2372.47792964648,2291.36105219789,740.1064453125,340
2926,2256.99044893048,2295.06528006778,740.1064453125,340
2927,2358.4737162319,2296.79788903868,740.1064453125,340
2928,2242.32466247056,2296.92219963345,740.1064453125,340
2929,2363.5840643317,2296.68831893546,736.247436523438,340
2930,2378.86343868253,2298.82899903945,736.247436523438,340
2931,2385.56026365895,2306.8252567193,736.247436523438,340
2932,2329.14984694362,2310.77085636872,736.247436523438,340
2933,2319.72456637313,2311.23594146178,736.247436523438,340
2934,2291.05802687534,2307.04017467528,736.247436523438,340
2935,2311.86956491363,2304.16874283219,736.247436523438,340
2936,2330.95444084328,2310.32202954422,736.247436523438,340
2937,2388.4953513929,2317.82101538758,736.186950683594,340
2938,2337.97951024088,2319.85175371548,736.186950683594,340
2939,2297.06083222359,2320.70065371694,736.186950683594,340
2940,2162.72666266982,2312.92018439385,736.186950683594,340
2941,2170.32964193527,2306.75054052683,736.186950683594,340
2942,2306.11467405174,2304.74486992548,736.186950683594,340
2943,2316.72616330636,2304.22605490681,736.186950683594,340
2944,2252.9387272249,2303.08346488649,736.186950683594,340
2945,2325.14436012785,2302.941897743,736.609619140625,340
2946,2304.98736163827,2307.95255726182,736.609619140625,340
2947,2376.06313877868,2310.59049305476,736.609619140625,340
2948,2350.2003655108,2313.89894740509,736.609619140625,340
2949,2352.56692345472,2315.2945872983,736.609619140625,340
2950,2303.30144066797,2312.52752773916,736.609619140625,340
2951,2194.42475357038,2310.02489992475,736.609619140625,340
2952,2342.75849970798,2309.39629126379,736.609619140625,340
2953,2265.46898100317,2310.3220640051,739.837280273438,340
2954,2324.18433116718,2308.74607467852,739.837280273438,340
2955,2356.86613759174,2307.86618263489,739.837280273438,340
2956,2242.54147681929,2302.1454311613,739.837280273438,340
2957,2374.12870566195,2303.94458551003,739.837280273438,340
2958,2371.81820705416,2306.02833113727,739.837280273438,340
2959,2245.8614088081,2304.22046641458,739.837280273438,340
2960,2291.44934285362,2303.40365753218,739.837280273438,340
2961,2329.95203174498,2303.36356116825,739.578491210938,340
2962,2370.96358249812,2302.66229041246,739.578491210938,340
2963,2221.79822124463,2298.01503885261,739.578491210938,340
2964,2334.47309459462,2299.51152934745,739.578491210938,340
2965,2276.33167054339,2304.0557296624,739.578491210938,340
2966,2339.08750053231,2310.80604400628,739.578491210938,340
2967,2267.80831038849,2309.27378945975,739.578491210938,340
2968,2387.21780154357,2312.09345498923,739.578491210938,340
2969,2365.32685765211,2316.58898020632,740.759033203125,340
2970,2283.11050852453,2314.90762614219,740.759033203125,340
2971,2211.98247901416,2311.18743083723,740.759033203125,340
2972,2327.33452311979,2309.23828621087,740.759033203125,340
2973,2332.4944095921,2308.53004797412,740.759033203125,340
2974,2081.98252528009,2297.70667204714,740.759033203125,340
2975,2364.02569569184,2300.13564224809,740.759033203125,340
2976,2273.86701959211,2303.31333288896,740.759033203125,340
2977,2367.49281392892,2304.3027054578,743.650573730469,340
2978,2347.76912865316,2307.5947113638,743.650573730469,340
2979,2347.53698605944,2308.52881755949,743.650573730469,340
2980,2364.73023193697,2308.8433813333,743.650573730469,340
2981,2387.03756259537,2314.62322476434,743.650573730469,340
2982,2382.58144155916,2314.96133420023,743.650573730469,340
2983,2350.79605986449,2314.12044831264,743.650573730469,340
2984,2335.73481184323,2317.71538443405,743.650573730469,340
2985,2199.88982998851,2314.05300391944,745.653503417969,340
2986,2304.80949551054,2313.04730247007,745.653503417969,340
2987,2258.81691679026,2308.56143584175,745.653503417969,340
2988,2372.98721302601,2314.60899551301,745.653503417969,340
2989,2115.50860838135,2305.85041606448,745.653503417969,340
2990,2379.54318387174,2309.97887659761,745.653503417969,340
2991,2349.48197877667,2310.39465572738,745.653503417969,340
2992,2336.76732938969,2313.15301648743,745.653503417969,340
2993,2363.10414124961,2312.18847007567,745.778503417969,340
2994,2392.30335560104,2313.26752999363,745.778503417969,340
2995,2358.0338835489,2316.26446499461,745.778503417969,340
2996,2375.32794387517,2322.79828358905,745.778503417969,340
2997,2380.26429753112,2324.9154745655,745.778503417969,340
2998,2268.42592640489,2322.35273523801,745.778503417969,340
2999,2380.26667902377,2334.28410138776,745.778503417969,340
3000,2346.9174942422,2333.59977332977,745.778503417969,340
