episode,reward,avg_reward,q0,steps
1,88.2816493916718,88.2816493916718,1.49475072248606e-05,340
2,-46.664181240209,20.8087340757314,1.49475072248606e-05,340
3,11.7666806544313,17.7947162686314,1.49475072248606e-05,340
4,-286.780954643607,-58.3492014594281,1.49475072248606e-05,340
5,-230.310942750744,-92.7415497176914,1.49475072248606e-05,211
6,2.6193052119423,-76.8480738960858,1.49475072248606e-05,340
7,-194.180975990664,-93.6099170524541,1.49475072248606e-05,254
8,790.399534413683,16.8912643808131,1.49475072248606e-05,340
9,822.928811710276,106.450991861865,-4.02869510650635,340
10,-462.046193318015,49.6012733438765,-4.02869510650635,340
11,-406.482347733318,8.13912597322248,-4.02869510650635,340
12,165.49474090847,21.2520938844931,-4.02869510650635,340
13,102.94682557194,27.5363040142967,-4.02869510650635,340
14,-530.22520512765,-12.3038037815566,-4.02869510650635,340
15,-154.702213137678,-21.7970310719647,-4.02869510650635,340
16,-308.23948003607,-39.6996841322213,-4.02869510650635,340
17,-521.398383340311,-68.0349017326971,19.4547691345215,340
18,139.974131079493,-56.4788443542421,19.4547691345215,340
19,504.384927571358,-26.9596984634211,19.4547691345215,340
20,14.9925910988784,-24.8620839853061,19.4547691345215,340
21,-243.91841207977,-35.2933377040901,19.4547691345215,340
22,-385.240039461298,-51.2000059657814,19.4547691345215,340
23,71.538780089263,-45.8635370068664,19.4547691345215,218
24,-247.233808626433,-54.253964991015,19.4547691345215,340
25,862.216142793371,-17.5951606796395,64.0869140625,340
26,5.2104116625193,-20.9180101888056,64.0869140625,340
27,-135.66624273249,-24.4780926484969,64.0869140625,340
28,95.2353728798832,-21.1393449594788,64.0869140625,340
29,374.019141855411,5.29265890048189,64.0869140625,174
30,384.210950554643,29.8735346326974,64.0869140625,340
31,-49.1681889794193,27.8020348650429,64.0869140625,340
32,-340.578419247972,21.9461371347506,64.0869140625,340
33,293.800138560641,2.0821613006289,135.643112182617,340
34,41.3584370060562,-29.1806536875399,135.643112182617,340
35,524.993400196962,10.3009300530592,135.643112182617,340
36,-117.699791632152,21.8522322971058,135.643112182617,340
37,851.084626849538,49.2758277347486,135.643112182617,340
38,163.110769799336,51.6823855038444,135.643112182617,340
39,128.599444596459,78.0353714928088,135.643112182617,340
40,539.907017653284,105.819740724447,135.643112182617,340
41,582.241407080748,141.43897620912,226.716064453125,340
42,545.833320391847,184.128244358406,226.716064453125,340
43,984.835125464029,217.922684133788,226.716064453125,340
44,404.650103003095,213.933291151057,226.716064453125,340
45,372.459652714219,228.231973615671,226.716064453125,340
46,262.89827996724,248.504641297551,226.716064453125,340
47,-61.7325841391927,261.444939510435,226.716064453125,340
48,570.20190356633,281.391464449518,226.716064453125,340
49,261.805977936338,301.753055912029,317.580383300781,340
50,143.370800738874,272.999242229849,317.580383300781,340
51,674.805668057714,299.783052485657,317.580383300781,340
52,336.40159687811,318.665766070081,317.580383300781,340
53,484.703165568308,334.244477777618,317.580383300781,340
54,55.0681721535212,321.486438989542,317.580383300781,340
55,1078.87398332246,349.272960300255,317.580383300781,340
56,742.444888760142,380.937483409837,317.580383300781,340
57,358.834351546398,408.913994241612,406.143463134766,340
58,578.812544017373,420.314490459881,406.143463134766,340
59,676.649165046916,445.726119581516,406.143463134766,340
60,1093.65322528123,468.472512584887,406.143463134766,340
61,811.236894823448,505.629980043111,406.143463134766,340
62,296.727676919563,483.455702045912,406.143463134766,340
63,916.903038161713,513.607392780407,406.143463134766,340
64,476.827349736639,527.536508986014,406.143463134766,340
65,1066.38333535905,548.595561694244,501.58642578125,340
66,1009.2416280911,565.675570534659,501.58642578125,340
67,1129.9968120918,589.042110202657,501.58642578125,340
68,-15.2937370678872,549.03695570138,501.58642578125,340
69,1087.02394646615,576.331909439903,501.58642578125,340
70,98.0815732492266,565.356786261303,501.58642578125,339
71,853.221535123883,588.969716467569,501.58642578125,340
72,1256.29831716416,641.690952519703,501.58642578125,340
73,467.09186952431,637.566551158022,579.017150878906,340
74,278.647961049549,638.24023048255,579.017150878906,340
75,927.174570573025,669.592381275916,579.017150878906,340
76,713.382655336716,671.135460767076,579.017150878906,340
77,982.120139263232,696.964202462481,579.017150878906,340
78,1040.19369492763,719.183823636854,579.017150878906,340
79,145.894446921031,722.816874627555,579.017150878906,340
80,549.123018677059,701.626836041739,579.017150878906,340
81,794.639614664569,703.714625077916,628.324584960938,340
82,901.338248772324,725.414780966953,628.324584960938,340
83,615.783991865218,726.893638880867,628.324584960938,340
84,1034.55114005684,741.209717881264,628.324584960938,340
85,996.144625396066,737.309373885857,628.324584960938,340
86,582.082952713166,728.143216201446,628.324584960938,340
87,882.884228093056,751.589478248385,628.324584960938,340
88,343.556036946404,728.655598199773,628.324584960938,340
89,976.139207507362,748.628072510602,688.781372070312,340
90,1021.86578426009,746.847370466644,688.781372070312,340
91,546.783209201299,728.349033711051,688.781372070312,340
92,1226.06923942839,732.191930804515,688.781372070312,340
93,1187.6768395387,780.310753868778,688.781372070312,340
94,955.947257067912,775.067686292849,688.781372070312,340
95,1077.10609102729,814.228667003971,688.781372070312,340
96,906.59317756867,816.363532701763,688.781372070312,340
97,744.172271304919,795.878490867393,788.242797851562,340
98,1193.47925911542,824.933986451037,788.242797851562,340
99,618.708953318176,838.536426141783,788.242797851562,340
100,25.0992053754575,802.45341153388,788.242797851562,340
101,1104.37948704622,818.09328480226,788.242797851562,340
102,1182.3218440906,826.101352995355,788.242797851562,340
103,877.30277121975,819.58571604704,788.242797851562,340
104,947.607074071799,851.654221133071,788.242797851562,340
105,773.130708133199,860.614528711316,822.583801269531,340
106,1160.61141526438,875.253400735308,822.583801269531,340
107,979.711258374218,878.388321119384,822.583801269531,340
108,957.607129894988,892.061246640575,822.583801269531,340
109,1066.17215264027,893.326087143912,822.583801269531,340
110,322.114479952277,866.36488132616,822.583801269531,340
111,1060.85221924829,885.515651987565,822.583801269531,340
112,938.546914065691,887.742159426471,822.583801269531,340
113,1159.07313321825,920.362843277345,833.904602050781,340
114,1386.19224613405,936.764964822412,833.904602050781,340
115,1146.14028597958,941.735944891192,833.904602050781,340
116,978.676541311553,959.011678175602,833.904602050781,340
117,1229.9503621774,959.166923085563,833.904602050781,340
118,1178.88469963416,958.815237489381,833.904602050781,340
119,1212.74303452547,969.087068587683,833.904602050781,340
120,820.78767457577,958.834331929622,833.904602050781,340
121,1306.33302795094,974.823925944913,925.107849121094,340
122,1287.84134608105,996.570688935959,925.107849121094,340
123,1343.37191704126,1002.56639525299,925.107849121094,340
124,1008.64276307547,1018.16374764328,925.107849121094,340
125,1205.2520043089,1065.36985960062,925.107849121094,340
126,1223.12850480963,1070.11982031116,925.107849121094,340
127,1233.2038050021,1072.15509874762,925.107849121094,340
128,1167.16311530892,1083.74951251118,925.107849121094,340
129,1058.73456202577,1088.19461202934,952.584106445312,340
130,1467.20057091005,1115.95740654042,952.584106445312,340
131,1420.88943023685,1126.36852713932,952.584106445312,340
132,1478.49823311625,1146.320006129,952.584106445312,340
133,1552.253656528,1170.10586719432,952.584106445312,340
134,1530.09241475651,1188.66267767897,952.584106445312,340
135,1545.03369588018,1237.57944631608,952.584106445312,340
136,1237.12608612068,1244.63040099098,952.584106445312,340
137,1616.72416779494,1271.75749114015,975.957885742188,340
138,1652.7730370973,1291.50548729531,975.957885742188,340
139,1326.84893256159,1289.13175475241,975.957885742188,340
140,1820.89331089073,1316.12187574886,975.957885742188,340
141,1424.15038251623,1333.94082939705,975.957885742188,340
142,1846.16216300532,1358.58930143016,975.957885742188,340
143,1534.4506274378,1372.81193854231,975.957885742188,340
144,1521.75044558285,1385.1722349846,975.957885742188,340
145,1358.23571629353,1406.67015665331,1024.11499023438,340
146,1326.40523157043,1407.47304479809,1024.11499023438,340
147,1689.92417739965,1423.55635805084,1024.11499023438,340
148,1602.61480190492,1433.92607344538,1024.11499023438,340
149,1609.76873818253,1457.97111244967,1024.11499023438,340
150,1567.93968180526,1472.47861954952,1024.11499023438,340
151,1848.83931084227,1497.50705179083,1024.11499023438,340
152,1446.66733049581,1506.04559281058,1024.11499023438,340
153,2301.68342701174,1551.42640527869,1052.01916503906,340
154,1565.77169658548,1571.70789066108,1052.01916503906,340
155,1893.16707347937,1588.74655076385,1052.01916503906,340
156,1447.23065143349,1589.80019961171,1052.01916503906,340
157,1014.86709993311,1571.25495428439,1052.01916503906,340
158,1700.845991052,1577.19864766535,1052.01916503906,340
159,2142.4479220991,1601.69286795905,1052.01916503906,340
160,1486.23191370789,1599.34079667216,1052.01916503906,340
161,1793.38532890314,1621.59116638346,1073.40930175781,340
162,1816.84934259234,1629.59617337536,1073.40930175781,340
163,1791.75182261567,1635.15532479609,1073.40930175781,340
164,1556.30163291864,1644.33343281037,1073.40930175781,340
165,1505.32808969774,1631.71082396265,1073.40930175781,340
166,2088.89899947442,1658.30076864098,1073.40930175781,340
167,1753.17110016819,1654.5811261275,1073.40930175781,340
168,1881.95898328651,1668.48146036144,1073.40930175781,340
169,1684.99288817748,1675.01115806523,1099.66918945312,340
170,1575.08132392494,1683.68498237049,1099.66918945312,340
171,1671.25722902495,1697.47906226867,1099.66918945312,340
172,1765.03051066905,1700.48331559944,1099.66918945312,340
173,1713.10909573978,1704.90308735284,1099.66918945312,340
174,2534.892053378,1741.90801996066,1099.66918945312,340
175,2005.05504975902,1759.39263467881,1099.66918945312,340
176,3488.46694229915,1824.97773993708,1099.66918945312,340
177,3972.0301233198,1925.99225165004,1136.1015625,340
178,2120.37019715782,1918.73972245588,1136.1015625,340
179,4111.89649010273,2020.58471419657,1136.1015625,340
180,3448.4576295973,2082.79633644129,1136.1015625,340
181,3497.92269142104,2164.82401804079,1136.1015625,340
182,1800.65596564984,2196.25557266946,1136.1015625,340
183,3070.57235839585,2251.04462736322,1136.1015625,340
184,3481.11299926097,2304.59123044969,1136.1015625,340
185,1843.02868348841,2318.86310124091,1146.724609375,340
186,3171.02667184876,2373.96875495874,1146.724609375,340
187,2486.17461563544,2400.74176588046,1146.724609375,340
188,3287.44099112917,2460.569332621,1146.724609375,340
189,3793.73231494531,2550.06655990207,1146.724609375,340
190,4154.1383902457,2656.01897192399,1146.724609375,340
191,3563.62833933539,2715.00814551842,1146.724609375,340
192,3094.68967635457,2768.66888856588,1146.724609375,340
193,2296.46092221091,2785.24896612286,1171.69213867188,340
194,1709.40714380173,2786.22553634782,1171.69213867188,340
195,2918.68092234373,2839.96952028458,1171.69213867188,340
196,3649.90485120864,2919.11542517192,1171.69213867188,340
197,3441.6742901604,2986.18117635158,1171.69213867188,340
198,2133.55569554233,3002.99904034368,1171.69213867188,340
199,2928.73380067472,3018.75271023555,1171.69213867188,340
200,2237.50196613348,3028.05058689053,1171.69213867188,340
201,4856.93526250776,3082.78931969887,1195.71911621094,340
202,2394.62289584132,3019.69303059973,1195.71911621094,340
203,3371.93432269904,3069.75559562138,1195.71911621094,340
204,2159.00201291291,2991.63981653379,1195.71911621094,340
205,3438.98273326202,2991.26082068038,1195.71911621094,340
206,2207.14202062472,2939.62959384852,1195.71911621094,340
207,1968.73093252468,2946.35259252352,1195.71911621094,340
208,3251.4539389824,2953.58785574698,1195.71911621094,340
209,4108.60260065534,2978.68743980276,1239.52392578125,340
210,3134.66193072722,3030.35276969231,1239.52392578125,340
211,3148.12922435854,3029.4368717927,1239.52392578125,340
212,3352.15454320467,3064.07606889547,1239.52392578125,340
213,2538.14350200109,3034.10416933035,1239.52392578125,340
214,3209.49316008198,3010.73460313581,1239.52392578125,340
215,2410.97055582162,2941.00788975885,1239.52392578125,340
216,4935.58860670107,2995.88630045348,1239.52392578125,340
217,4545.13899441296,3053.90427317581,1288.74108886719,340
218,2661.241140046,3068.49548188922,1288.74108886719,340
219,3836.42419632493,3153.57616399014,1288.74108886719,340
220,2280.82998942875,3128.06212667354,1288.74108886719,340
221,3356.59087838275,3116.32956776051,1288.74108886719,340
222,3175.92647599909,3105.69965519406,1288.74108886719,340
223,2933.9123887456,3137.71392292219,1288.74108886719,340
224,3554.43156137087,3162.74183335003,1288.74108886719,340
225,4238.08297694368,3242.76507378244,1344.81848144531,340
226,2737.09115468728,3157.97130946962,1344.81848144531,340
227,4468.05176800794,3240.90846435629,1344.81848144531,340
228,4454.91134211938,3284.2275451331,1344.81848144531,340
229,4548.02554808209,3379.78848653987,1344.81848144531,340
230,2708.76587531091,3350.57981222182,1344.81848144531,340
231,3833.42200206221,3415.63101147932,1344.81848144531,340
232,2737.51975683389,3446.38256445169,1344.81848144531,340
233,3918.50790176301,3473.06472296291,1403.27062988281,340
234,4730.96041470008,3497.9590355247,1403.27062988281,340
235,3306.55046104838,3504.83457673755,1403.27062988281,340
236,2533.64192804587,3480.25508488504,1403.27062988281,340
237,3965.0673335899,3504.77159650045,1403.27062988281,340
238,3582.81834666793,3546.55859028713,1403.27062988281,340
239,3543.55468218404,3559.92105117121,1403.27062988281,340
240,3366.31706111678,3598.13491138301,1403.27062988281,340
241,3640.42384532785,3546.32832092809,1461.86730957031,340
242,2559.47602607434,3466.90180219454,1461.86730957031,340
243,4748.7191750634,3550.40092359524,1461.86730957031,340
244,2702.40193300798,3505.04003306256,1461.86730957031,340
245,3361.31808790075,3548.25955700144,1461.86730957031,340
246,3638.92426146941,3559.5528923249,1461.86730957031,340
247,2654.5391220735,3538.69739816788,1461.86730957031,340
248,2807.66331251441,3533.64743511863,1461.86730957031,340
249,4337.107620433,3564.95447748112,1512.64953613281,340
250,3403.05977605233,3531.55354944546,1512.64953613281,340
251,3459.36388094311,3560.4444584957,1512.64953613281,340
252,3908.14789151345,3538.04830343592,1512.64953613281,340
253,4442.76643999177,3537.56250735081,1512.64953613281,340
254,5030.97448824695,3556.88046495741,1512.64953613281,340
255,3656.93732020455,3594.80732275315,1512.64953613281,340
256,4272.93886697773,3612.38799734978,1512.64953613281,340
257,3250.49805800259,3632.90712939652,1532.64416503906,340
258,3611.40728455494,3620.6231047082,1532.64416503906,340
259,3864.30432864307,3585.95686126592,1532.64416503906,340
260,2730.03768960152,3562.89635040805,1532.64416503906,340
261,4688.60446655376,3649.09485194836,1532.64416503906,340
262,3664.77174869194,3637.08302855244,1532.64416503906,340
263,3920.21771973089,3650.57900347496,1532.64416503906,340
264,5075.23940472263,3711.84639237651,1532.64416503906,340
265,4994.09457803153,3776.9574930531,1573.34741210938,340
266,2971.93495378676,3750.21793739145,1573.34741210938,340
267,5254.570397349,3858.02171224244,1573.34741210938,340
268,5638.39616009131,3893.60879164356,1573.34741210938,340
269,4250.3940727243,3955.52847723221,1573.34741210938,340
270,3364.93571788357,3955.67318243152,1573.34741210938,340
271,3454.04970227508,3948.27820006375,1573.34741210938,340
272,3230.94460706199,3971.33441946329,1573.34741210938,340
273,4397.07703205539,4034.91096824493,1627.4794921875,340
274,4658.08711987882,4047.75014822276,1627.4794921875,340
275,5032.85971825058,4112.94214591069,1627.4794921875,340
276,3765.32291202141,4125.18050715382,1627.4794921875,340
277,4542.43189419843,4150.55186726122,1627.4794921875,340
278,4722.97365549773,4161.76015588146,1627.4794921875,340
279,6172.66605288441,4207.42781846696,1627.4794921875,340
280,5688.19482975429,4288.67811884895,1627.4794921875,340
281,3257.45930185612,4248.05893624408,1651.28247070312,340
282,4334.27272705512,4291.40992300618,1651.28247070312,340
283,5910.19062732066,4383.36125671681,1651.28247070312,340
284,4815.0172175155,4421.38977227171,1651.28247070312,340
285,4467.23780125841,4490.87777673798,1651.28247070312,340
286,5712.45556058943,4531.83182049941,1651.28247070312,340
287,5779.94803046148,4616.43887177019,1651.28247070312,340
288,6014.15553244978,4700.19638427895,1651.28247070312,340
289,5415.40818116716,4713.80313533673,1699.03430175781,340
290,5230.11303905735,4723.24387377776,1699.03430175781,340
291,4620.4654118609,4789.18509210073,1699.03430175781,340
292,5988.43139849185,4818.53953214644,1699.03430175781,340
293,6432.66447522771,4850.3102647519,1699.03430175781,340
294,4274.74614263179,4851.2843475482,1699.03430175781,340
295,5763.36786040016,4947.22163324886,1699.03430175781,340
296,5251.85216107325,5019.13373160079,1699.03430175781,340
297,6210.24790971241,5138.30586370681,1705.38488769531,340
298,5030.02988568409,5163.62397785195,1705.38488769531,340
299,4626.45806168855,5162.35881552434,1705.38488769531,340
300,6287.32394739588,5212.53738469015,1705.38488769531,340
301,6286.53841536036,5313.38600482371,1705.38488769531,340
302,3846.92596569744,5285.56576768367,1705.38488769531,340
303,6461.64492496994,5355.11261846256,1705.38488769531,340
304,5892.17640167766,5343.89303241429,1705.38488769531,340
305,6252.57272477141,5366.46814821498,1719.70776367188,340
306,5668.41274278955,5462.90628585231,1719.70776367188,340
307,6023.12787100582,5530.46049161034,1719.70776367188,340
308,6241.98244102416,5543.73216415848,1719.70776367188,340
309,5602.00932093994,5575.21184829546,1719.70776367188,340
310,5911.3565384106,5632.97659778155,1719.70776367188,340
311,6266.53897505396,5655.13993436013,1719.70776367188,340
312,5157.14279418212,5630.22772490895,1719.70776367188,340
313,5543.23510823221,5611.39090794025,1714.18286132812,340
314,6583.77213383036,5658.12546604678,1714.18286132812,340
315,5273.83353518337,5659.87428589182,1714.18286132812,340
316,5315.32346223249,5687.66860790668,1714.18286132812,340
317,4453.23653323295,5626.26081329633,1714.18286132812,340
318,5406.01399876383,5585.19479423777,1714.18286132812,340
319,5190.00326125026,5621.80507898251,1714.18286132812,340
320,5534.92394984078,5612.66732256014,1714.18286132812,340
321,3913.2279697913,5559.12235490886,1730.22778320312,340
322,5379.46450840975,5525.89101885675,1730.22778320312,340
323,5562.90730442063,5547.20611560621,1730.22778320312,340
324,6647.20954485643,5628.03617493293,1730.22778320312,340
325,4754.46810509244,5566.72194124079,1730.22778320312,340
326,5233.10615559963,5524.58465085036,1730.22778320312,340
327,5429.97181640185,5587.90648487854,1730.22778320312,340
328,5443.27669955565,5547.17175586197,1730.22778320312,340
329,5401.07281333465,5527.52761232825,1754.76232910156,340
330,5177.69173002212,5484.53237253828,1754.76232910156,340
331,5361.19648330889,5472.24372215905,1754.76232910156,340
332,5387.634451248,5446.82398536874,1754.76232910156,340
333,5785.43969514715,5428.56227553366,1754.76232910156,340
334,5152.51224320224,5410.58239242415,1754.76232910156,340
335,5559.42635103742,5396.50518492922,1754.76232910156,340
336,5556.59043428707,5368.10724329854,1754.76232910156,340
337,5405.18966382924,5378.02911808443,1769.208984375,340
338,6168.45411004162,5403.03787815681,1769.208984375,340
339,5674.47940333103,5366.66616893683,1769.208984375,340
340,5264.54427275074,5366.29459843953,1769.208984375,340
341,5439.91035263881,5371.27807405578,1769.208984375,340
342,5139.96242471085,5398.74710971489,1769.208984375,340
343,4173.1767254947,5349.43361878413,1769.208984375,340
344,4390.93638838103,5317.47094386936,1769.208984375,340
345,6009.16371843075,5336.44053461296,1785.99328613281,340
346,5729.65230480136,5409.09750801336,1785.99328613281,340
347,5219.6836698492,5402.70627447094,1785.99328613281,340
348,6260.9214943486,5430.62684206806,1785.99328613281,340
349,5854.06383497836,5398.90101367293,1785.99328613281,340
350,5245.19480089488,5418.53008150503,1785.99328613281,340
351,5569.55480249385,5431.9880273808,1785.99328613281,340
352,5630.45984976302,5440.00754871525,1785.99328613281,340
353,4750.30359036724,5412.28862434771,1799.06982421875,340
354,5327.3619056177,5409.34018803903,1799.06982421875,340
355,5055.64422056232,5404.45828766064,1799.06982421875,340
356,5410.87518420486,5406.44543569648,1799.06982421875,340
357,5487.41857207622,5410.43680052961,1799.06982421875,340
358,6022.1246641477,5419.90419928963,1799.06982421875,340
359,5671.32748952515,5440.65680914255,1799.06982421875,340
360,5289.02085917043,5429.84058946787,1799.06982421875,340
361,5857.74022306368,5441.88658101893,1814.00524902344,340
362,6238.34427640621,5475.21276552201,1814.00524902344,340
363,5673.00921234567,5455.39496961417,1814.00524902344,340
364,5358.03118847094,5442.73704101977,1814.00524902344,340
365,5686.56035875048,5459.61768445976,1814.00524902344,340
366,6088.31518622656,5485.55387780327,1814.00524902344,340
367,5905.64385799149,5516.1811351345,1814.00524902344,340
368,6212.64697067342,5597.75994494165,1814.00524902344,340
369,5458.02416453511,5640.44345598781,1820.64001464844,340
370,6073.02113491217,5642.99775264707,1820.64001464844,340
371,6106.7066200066,5658.07992525528,1820.64001464844,340
372,6025.20392348828,5690.30073540084,1820.64001464844,340
373,5936.96292927114,5677.34239279774,1820.64001464844,340
374,6626.07113771772,5708.22268490731,1820.64001464844,340
375,5521.70856333491,5719.28323540492,1820.64001464844,340
376,5805.58372219746,5728.72439219306,1820.64001464844,340
377,5641.2583980785,5729.15633412568,1827.43774414062,340
378,6442.0565584085,5796.82645284733,1827.43774414062,340
379,5693.15407664565,5811.45813968845,1827.43774414062,340
380,6060.67956173494,5851.65955333535,1827.43774414062,340
381,5541.55387181229,5856.88670083965,1827.43774414062,340
382,5757.52319944447,5867.69088593438,1827.43774414062,340
383,6431.41656190894,5884.06256184483,1827.43774414062,340
384,5859.74465792683,5891.5992485809,1827.43774414062,340
385,6081.91802606759,5923.31513525678,1844.27014160156,340
386,5996.70706634699,5928.87380898812,1844.27014160156,340
387,6294.74008410133,5931.12964129592,1844.27014160156,340
388,5564.59749275524,5926.7931725123,1844.27014160156,340
389,6071.24738140466,5955.32182022965,1844.27014160156,340
390,5854.94810188348,5962.05732995497,1844.27014160156,340
391,6005.99292342961,5958.76443944309,1844.27014160156,340
392,6168.28476053595,5969.27007554487,1844.27014160156,340
393,5795.61491527459,5952.58879332892,1853.28930664062,340
394,6207.16638419735,5982.55448211541,1853.28930664062,340
395,6288.93566120135,5991.19106316698,1853.28930664062,340
396,6283.53827838365,5998.26432950206,1853.28930664062,340
397,5963.04403104055,5995.77793380415,1853.28930664062,340
398,6339.38486035369,6011.87481104745,1853.28930664062,340
399,6401.99502192345,6002.91176641568,1853.28930664062,340
400,5493.7102474704,6001.7918337811,1853.28930664062,340
401,6090.99058659481,6013.20810835699,1859.005859375,340
402,5991.8672753453,6027.23246344767,1859.005859375,340
403,5380.60588065331,5984.77443633746,1859.005859375,340
404,5414.62993749125,5973.63347077128,1859.005859375,340
405,6024.50963507041,5972.1866737047,1859.005859375,340
406,5513.55173439468,5971.066588208,1859.005859375,340
407,5820.69024450458,5973.5932700104,1859.005859375,340
408,5600.63041331618,5940.36182406669,1859.005859375,340
409,6535.40270871022,5967.38814609803,1876.39904785156,340
410,5180.34329218661,5931.32515674279,1876.39904785156,340
411,6131.84080820452,5936.73050641709,1876.39904785156,340
412,5904.30788165574,5921.11321831926,1876.39904785156,340
413,6293.97838051165,5950.28845382952,1876.39904785156,340
414,5718.40193558722,5936.17463599682,1876.39904785156,340
415,5632.02056527636,5927.25753453254,1876.39904785156,340
416,6237.78178967281,5936.52908918227,1876.39904785156,340
417,6371.2031070947,5944.64582304462,1900.94409179688,340
418,6327.5111553995,5965.92167264961,1900.94409179688,340
419,6797.34287698418,5989.52873236109,1900.94409179688,340
420,6140.88782990183,5983.6068191091,1900.94409179688,340
421,5482.80056471197,5951.57731056224,1900.94409179688,340
422,6438.37729204234,5970.59064100231,1900.94409179688,340
423,6241.65951065636,5966.68162701442,1900.94409179688,340
424,6560.53113561539,5973.02307156209,1900.94409179688,340
425,6486.66274609615,6012.74117150712,1905.29406738281,340
426,6266.81742515777,6019.77424504964,1905.29406738281,340
427,6450.31016790123,6038.11196075188,1905.29406738281,340
428,6300.54249741503,6074.90942542235,1905.29406738281,340
429,6569.53392575332,6121.10558495283,1905.29406738281,340
430,6577.49215840751,6143.22488588631,1905.29406738281,340
431,6326.93488988046,6175.76021210574,1905.29406738281,340
432,6520.13904520015,6203.73816413357,1905.29406738281,340
433,6732.16950855815,6248.99972794325,1910.7080078125,340
434,6644.66526797133,6253.37023031369,1910.7080078125,340
435,6340.01200995604,6299.75697902447,1910.7080078125,340
436,6322.13724121275,6307.3688363448,1910.7080078125,340
437,6548.02890417329,6333.1176772455,1910.7080078125,340
438,6477.86362473707,6340.47308701452,1910.7080078125,340
439,6637.98333241641,6377.25634288768,1910.7080078125,340
440,6378.22871747318,6407.10466897556,1910.7080078125,340
441,6724.41726335033,6426.57008792266,1921.54467773438,340
442,6262.28651080828,6422.2134240712,1921.54467773438,340
443,6536.12788491199,6430.5580932517,1921.54467773438,340
444,6758.18114506959,6428.99162397512,1921.54467773438,340
445,6406.75920235488,6439.62647887324,1921.54467773438,340
446,6709.61256353808,6488.69895882628,1921.54467773438,340
447,6604.77859202621,6495.35501082564,1921.54467773438,340
448,6563.41486091125,6508.22522483584,1921.54467773438,340
449,6611.63537010398,6510.26939421538,1929.58850097656,340
450,6315.73436946811,6503.43225915026,1929.58850097656,340
451,6301.53865203995,6504.82110822554,1929.58850097656,340
452,6612.95090029983,6511.32673752149,1929.58850097656,340
453,6562.09004673889,6521.78863949444,1929.58850097656,340
454,5493.87774326354,6478.76239219485,1929.58850097656,340
455,6803.49498496398,6487.80250525711,1929.58850097656,340
456,6003.22206158915,6474.85399212546,1929.58850097656,340
457,6876.70254104555,6489.11653195927,1933.55529785156,340
458,6048.60240324243,6461.77384774664,1933.55529785156,340
459,6707.56227325346,6464.28972795793,1933.55529785156,340
460,6826.08021421835,6483.73245612842,1933.55529785156,340
461,6782.80135469118,6502.15902066756,1933.55529785156,340
462,6113.81332183183,6484.7903973739,1933.55529785156,340
463,6956.36614588048,6503.93049821964,1933.55529785156,340
464,6387.1485492033,6493.89710689111,1933.55529785156,340
465,6771.92537795326,6509.64497331032,1934.79431152344,340
466,6680.24453574824,6507.87806420623,1934.79431152344,340
467,6709.52397987817,6525.76756296903,1934.79431152344,340
468,6815.16387815717,6536.92900269883,1934.79431152344,340
469,6971.65336456183,6545.46789147852,1934.79431152344,340
470,6827.10515628272,6562.28172963564,1934.79431152344,340
471,6701.49607955146,6561.95707027617,1934.79431152344,340
472,6544.45476426815,6559.54411716585,1934.79431152344,340
473,6760.13857349968,6567.41306566939,1948.73986816406,340
474,6714.8843787607,6571.54302601566,1948.73986816406,340
475,6829.12486252683,6592.07864573801,1948.73986816406,340
476,6511.84131651314,6600.49075231693,1948.73986816406,340
477,6879.52379395081,6611.15366806297,1948.73986816406,340
478,6973.40185202992,6627.60614027462,1948.73986816406,340
479,6755.08708700227,6678.05451402416,1948.73986816406,340
480,7017.73781735533,6686.62422731982,1948.73986816406,340
481,6789.15751249445,6718.06164535603,1953.41027832031,340
482,6813.60643776484,6715.5378012248,1953.41027832031,340
483,6855.0163490507,6747.79435905713,1953.41027832031,340
484,6454.13617492981,6737.65731512418,1953.41027832031,340
485,7044.87670849358,6746.40917489519,1953.41027832031,340
486,6937.65880421339,6752.60347287608,1953.41027832031,340
487,6939.50319753253,6785.63106790411,1953.41027832031,340
488,7083.35463200796,6790.71060734921,1953.41027832031,340
489,6712.20242024171,6803.71276219075,1962.48547363281,340
490,6969.68133965022,6811.62300065862,1962.48547363281,340
491,6936.15798537674,6821.85953864376,1962.48547363281,340
492,6945.94023808493,6831.31618897203,1962.48547363281,340
493,7101.2908189118,6842.76126660222,1962.48547363281,340
494,7172.79585081998,6850.80696605255,1962.48547363281,340
495,7036.03845396979,6859.16429796003,1962.48547363281,340
496,6854.87503280627,6865.29945609022,1962.48547363281,340
497,7061.86695598838,6885.99594375903,1972.51110839844,340
498,6837.49481414022,6889.09019338465,1972.51110839844,340
499,7043.28535842438,6902.2262325712,1972.51110839844,340
500,6903.91773191899,6905.21794734689,1972.51110839844,340
501,6969.80837010671,6923.53662949063,1972.51110839844,340
502,7060.82713573162,6930.78876316186,1972.51110839844,340
503,6890.32117738636,6927.46553617612,1972.51110839844,340
504,6936.45821715281,6934.72038138214,1972.51110839844,340
505,6938.94002428286,6931.56846965924,1984.14575195312,340
506,6910.78136153291,6936.43342362078,1984.14575195312,340
507,6498.67306005256,6923.83608851229,1984.14575195312,340
508,6948.88958755196,6927.59101805234,1984.14575195312,340
509,6933.40087110514,6946.76160589935,1984.14575195312,340
510,6988.06642543197,6944.48919457689,1984.14575195312,340
511,6791.67940797725,6938.65001872744,1984.14575195312,340
512,6816.87172587946,6933.74475986132,1984.14575195312,340
513,7123.35193642186,6935.34465203787,1989.85705566406,340
514,6888.74954188583,6942.40653690364,1989.85705566406,340
515,6313.77645396723,6916.17034147632,1989.85705566406,340
516,6945.49816825808,6916.54394879158,1989.85705566406,340
517,6928.01427109071,6915.82691011181,1989.85705566406,340
518,7082.59603472811,6915.07911874446,1989.85705566406,340
519,6962.75489435664,6906.67748048593,1989.85705566406,340
520,7098.53447198059,6909.17732120636,1989.85705566406,340
521,6294.26341282525,6886.75285640712,1997.90966796875,340
522,6912.53768400774,6880.77968552789,1997.90966796875,340
523,7136.80660044812,6892.75215698021,1997.90966796875,340
524,6879.21815989492,6886.18946903903,1997.90966796875,340
525,7056.68739844738,6892.30025570016,1997.90966796875,340
526,7195.07392313278,6901.31087782121,1997.90966796875,340
527,6945.62049890868,6896.70261234829,1997.90966796875,340
528,7079.24098957096,6904.25940483567,1997.90966796875,340
529,7182.22492689239,6914.09007322526,2005.40258789062,340
530,7100.45303669364,6920.55059372169,2005.40258789062,340
531,6936.26265290707,6921.56984537666,2005.40258789062,340
532,7113.04468275146,6946.14471028461,2005.40258789062,340
533,7143.72029773081,6953.93793869176,2005.40258789062,340
534,7160.27894982077,6963.01306184039,2005.40258789062,340
535,6966.13040945625,6962.13562120136,2005.40258789062,340
536,7178.50109483195,6977.60848867555,2005.40258789062,340
537,7051.71714087447,6987.00230527535,2012.72631835938,340
538,7170.69187931182,6988.89590299095,2012.72631835938,340
539,6991.67896221395,6993.01307980407,2012.72631835938,340
540,7132.80332811555,7025.77415477,2012.72631835938,340
541,6989.56595713289,7027.536866325,2012.72631835938,340
542,7202.83968952101,7038.52988306221,2012.72631835938,340
543,6984.54181368303,7034.6077142204,2012.72631835938,340
544,6876.59744628023,7031.16141629735,2012.72631835938,340
545,7108.2414010778,7031.54969346124,2020.85510253906,340
546,6912.6587190296,7056.28550570941,2020.85510253906,340
547,6977.63531719668,7058.88941103697,2020.85510253906,340
548,7011.55432176086,7053.87931988948,2020.85510253906,340
549,6869.54259489851,7053.49229728962,2020.85510253906,340
550,6971.31732274916,7050.07749426169,2020.85510253906,340
551,7154.41599297608,7048.45117705542,2020.85510253906,340
552,6957.19970311554,7048.9143452237,2020.85510253906,340
553,7101.77348245318,7049.81564493899,2026.90368652344,340
554,7163.75919814453,7049.07701578907,2026.90368652344,340
555,7006.56942714984,7045.32167140732,2026.90368652344,340
556,7216.2088675811,7056.51951999428,2026.90368652344,340
557,7075.31105475906,7055.01017487459,2026.90368652344,340
558,7085.57997722461,7052.68456205434,2026.90368652344,340
559,7212.64127498176,7054.77905506078,2026.90368652344,340
560,7127.74928131918,7061.24380993529,2026.90368652344,340
561,7216.91968713649,7062.78055362748,2035.44494628906,340
562,6791.40861178823,7052.36821246403,2035.44494628906,340
563,7006.9327786119,7045.81784843603,2035.44494628906,340
564,7060.96446045477,7048.58926836566,2035.44494628906,340
565,7188.77713471582,7050.82822062967,2035.44494628906,340
566,7091.36959283748,7054.90036605786,2035.44494628906,340
567,7079.17375210407,7049.95372856118,2035.44494628906,340
568,7114.05976653207,7055.13444667514,2035.44494628906,340
569,7003.00310928989,7060.19067319553,2046.30029296875,340
570,7042.2170378528,7057.54969866653,2046.30029296875,340
571,7052.18769437503,7063.13085768035,2046.30029296875,340
572,7184.51964624866,7071.40623084242,2046.30029296875,340
573,7181.55479238716,7078.20624966748,2046.30029296875,340
574,7151.55033458759,7089.48655925504,2046.30029296875,340
575,7089.8391682851,7094.22743307648,2046.30029296875,340
576,6832.77959969652,7081.36197734529,2046.30029296875,340
577,6999.2550171179,7083.04418990539,2053.08325195312,340
578,7202.28534703497,7087.06466448866,2053.08325195312,340
579,7221.51326162952,7089.37482702806,2053.08325195312,340
580,7155.74150725108,7095.34171023211,2053.08325195312,340
581,7142.06740327443,7092.37605165984,2053.08325195312,340
582,7159.92582796139,7095.76064258794,2053.08325195312,340
583,7195.86207642883,7100.17192655611,2053.08325195312,340
584,7209.39214362143,7100.04196130169,2053.08325195312,340
585,7163.39819694862,7101.46791792687,2057.71484375,340
586,7067.61805636592,7095.49585269605,2057.71484375,340
587,7236.97666652913,7113.31857488568,2057.71484375,340
588,7089.84717466373,7116.63515072775,2057.71484375,340
589,7123.90248823067,7119.15267183879,2057.71484375,340
590,7098.47233775986,7115.54047996055,2057.71484375,340
591,6751.77845907491,7101.95683461005,2057.71484375,340
592,7046.73695136902,7100.65936258065,2057.71484375,340
593,7190.51522994445,7103.71758111714,2065.25,340
594,7234.38898358121,7112.9730160888,2065.25,340
595,7134.11967371339,7116.64912152322,2065.25,340
596,7090.26525214969,7118.17222383421,2065.25,340
597,7050.60406926891,7112.81560075502,2065.25,340
598,7011.25933688465,7106.00378253492,2065.25,340
599,7177.57161886867,7107.04463390616,2065.25,340
600,7206.15035585733,7111.69708140905,2065.25,340
601,7193.60175003102,7126.12996742243,2070.8603515625,340
602,7246.18663769783,7136.00723224563,2070.8603515625,340
603,7148.06676856979,7133.83848910702,2070.8603515625,340
604,7128.40283475027,7130.11407203185,2070.8603515625,340
605,7100.31652331122,7127.89707267426,2070.8603515625,340
606,7201.7686239828,7130.28512150259,2070.8603515625,340
607,7241.77354219499,7133.55903007194,2070.8603515625,340
608,7249.27701100034,7135.69562745479,2070.8603515625,340
609,7232.28580617166,7136.6113739568,2076.78759765625,340
610,7187.01639342963,7137.55610181604,2076.78759765625,340
611,7182.1257582235,7142.13640989035,2076.78759765625,340
612,7156.53278348308,7138.9186545685,2076.78759765625,340
613,7186.83766112661,7142.79827402702,2076.78759765625,340
614,7190.50667220603,7145.46244138603,2076.78759765625,340
615,7060.00809614495,7143.92387172144,2076.78759765625,340
616,6924.32329947012,7150.82566533725,2076.78759765625,340
617,7208.57445086933,7157.29916531726,2081.02416992188,340
618,7121.81337653267,7154.55109118079,2081.02416992188,340
619,7038.90249396433,7146.73163159611,2081.02416992188,340
620,7207.61179716181,7149.67131653405,2081.02416992188,340
621,7230.97536045751,7155.29972086636,2081.02416992188,340
622,7017.65542128099,7153.98177494685,2081.02416992188,340
623,7169.78072406317,7160.32263043399,2081.02416992188,340
624,7242.45301658653,7162.9178863427,2081.02416992188,340
625,7081.96029123135,7157.95028375766,2081.7587890625,340
626,6972.90597470506,7149.12245274462,2081.7587890625,340
627,7241.43403105337,7148.93234847884,2081.7587890625,340
628,7195.645816231,7150.83551038529,2081.7587890625,340
629,7021.73375543652,7146.56874721274,2081.7587890625,340
630,7128.06856747278,7147.67882897921,2081.7587890625,340
631,7243.99721764633,7149.36797272575,2081.7587890625,340
632,6899.65395279216,7135.68318914963,2081.7587890625,340
633,7158.59018696257,7132.05571618812,2086.63696289062,340
634,7173.09819744577,7129.68821183909,2086.63696289062,340
635,7223.66182303472,7131.15402902329,2086.63696289062,340
636,7132.5767116424,7129.17206716005,2086.63696289062,340
637,7266.24830484763,7133.56068801463,2086.63696289062,340
638,7085.16869485378,7129.49392936372,2086.63696289062,340
639,7175.15841630632,7128.87999912773,2086.63696289062,340
640,7050.27783592154,7128.49078871879,2086.63696289062,340
641,7036.51957810351,7132.97863986413,2091.21606445312,340
642,7129.11895088349,7129.80041986469,2091.21606445312,340
643,6700.89054854356,7112.96350674513,2091.21606445312,340
644,6963.1170237078,7109.93208793487,2091.21606445312,340
645,7179.5502288032,7108.80962520052,2091.21606445312,340
646,6976.39050109836,7098.62623082616,2091.21606445312,340
647,7152.25750091535,7104.01031401153,2091.21606445312,340
648,7135.0562495013,7102.62133502905,2091.21606445312,340
649,7117.393601826,7097.61895843863,2092.68017578125,340
650,7109.42488145556,7098.7175420476,2092.68017578125,340
651,6905.34167468199,7096.01497004668,2092.68017578125,340
652,7055.67517815697,7088.58461593082,2092.68017578125,340
653,7254.5621345231,7090.94126866251,2092.68017578125,340
654,7011.10962234047,7090.51630333867,2092.68017578125,340
655,7144.85067075737,7091.18758747005,2092.68017578125,340
656,7149.7330411553,7087.41702041041,2092.68017578125,340
657,7070.88690453539,7094.26633848014,2098.6611328125,340
658,7087.643255782,7091.42846123291,2098.6611328125,340
659,7059.42783702594,7086.88164681612,2098.6611328125,340
660,7251.34440941283,7087.98895027125,2098.6611328125,340
661,7075.8657027033,7085.72050991368,2098.6611328125,340
662,7075.27781311163,7078.08169024424,2098.6611328125,340
663,7089.91162653367,7078.27140751144,2098.6611328125,340
664,7114.64603411829,7075.85091222392,2098.6611328125,340
665,7023.64997760835,7074.78579789139,2106.09912109375,340
666,6761.6585593098,7063.79135713964,2106.09912109375,340
667,7177.54043042273,7065.72821632121,2106.09912109375,340
668,7125.73009498483,7082.72179817886,2106.09912109375,340
669,6803.82704153878,7076.3501988921,2106.09912109375,340
670,7209.99015851903,7077.56779608073,2106.09912109375,340
671,7126.38670439073,7083.56764421243,2106.09912109375,340
672,7189.3053939325,7085.04955993312,2106.09912109375,340
673,6903.63822651458,7075.79283901365,2113.3388671875,340
674,5766.05985130068,7021.73948899263,2113.3388671875,340
675,6991.24976766147,7017.01248444087,2113.3388671875,340
676,7246.05050491898,7030.64083765035,2113.3388671875,340
677,7009.7979193839,7028.80574729943,2113.3388671875,340
678,7020.14688737929,7019.42913741367,2113.3388671875,340
679,7128.00461679415,7024.10493719182,2113.3388671875,340
680,6877.04744374645,7013.39280811138,2113.3388671875,340
681,7211.40818495623,7015.85981386342,2117.08666992188,340
682,6956.04507599354,7011.26614072175,2117.08666992188,340
683,7021.81375110947,7008.63296053485,2117.08666992188,340
684,7227.62702729324,7015.36092814554,2117.08666992188,340
685,7224.17343051767,7014.27408898973,2117.08666992188,340
686,7172.27604457879,7018.13050266475,2117.08666992188,340
687,7006.27435427894,7015.37036431144,2117.08666992188,340
688,7268.87116145756,7022.5287457084,2117.08666992188,340
689,7263.81818461924,7028.49563172844,2119.51123046875,340
690,7103.593308372,7031.69336495898,2119.51123046875,340
691,7210.33614134755,7049.64046824049,2119.51123046875,340
692,7264.13797990959,7053.10437021997,2119.51123046875,340
693,7197.88291107032,7055.99048286339,2119.51123046875,340
694,7282.90758363602,7075.15370454728,2119.51123046875,340
695,6978.65788505837,7065.90041360885,2119.51123046875,340
696,7162.93607234305,7067.36238832694,2119.51123046875,340
697,7221.48263646088,7068.64947802808,2117.74267578125,340
698,7078.68978351006,7075.6515403079,2117.74267578125,340
699,7172.79474418813,7131.9209360234,2117.74267578125,340
700,7213.72500286208,7140.81994543142,2117.74267578125,340
701,7168.54828050437,7137.71985645483,2117.74267578125,340
702,7160.57461807171,7143.75092440235,2117.74267578125,340
703,7097.46554905943,7146.84367086955,2117.74267578125,340
704,7244.98928020663,7151.52305740605,2117.74267578125,340
705,7105.2541565395,7160.65132591777,2115.49462890625,340
706,7116.6881380177,7156.86252404023,2115.49462890625,340
707,7129.91231369402,7163.81721354825,2115.49462890625,340
708,7067.22032070192,7165.63347633195,2115.49462890625,340
709,7177.27951591607,7163.61957587686,2115.49462890625,340
710,7167.82532169556,7161.36565152398,2115.49462890625,340
711,7208.04518577924,7162.796417172,2115.49462890625,340
712,7110.94736862601,7166.98333774588,2115.49462890625,340
713,6979.52914611497,7155.40965713218,2114.3515625,340
714,6925.65733823985,7141.883223277,2114.3515625,340
715,7167.86875242659,7144.45424103919,2114.3515625,340
716,7148.80413700517,7141.99296086549,2114.3515625,340
717,6963.51396123216,7129.96800011839,2114.3515625,340
718,7168.29211219914,7128.78436816354,2114.3515625,340
719,7005.92228181833,7117.70495609084,2114.3515625,340
720,7168.52992671643,7125.29983775716,2114.3515625,340
721,7182.83025365889,7126.09560500979,2124.5166015625,340
722,6993.11891884902,7116.96105630532,2124.5166015625,340
723,7195.39830759815,7121.62939726884,2124.5166015625,340
724,6911.08788843493,7111.16112303871,2124.5166015625,340
725,6687.54300296472,7090.11384304282,2124.5166015625,340
726,7016.24823878569,7084.02184137407,2124.5166015625,340
727,7140.85812088914,7083.23318148677,2124.5166015625,340
728,6817.68524428772,7072.0419692959,2124.5166015625,340
729,7031.48996831508,7063.50199682024,2124.81420898438,340
730,7252.89924620297,7069.40780040678,2124.81420898438,340
731,6955.30605021801,7062.95251689479,2124.81420898438,340
732,7193.51632259877,7065.49667725098,2124.81420898438,340
733,7036.38992462505,7064.26346140791,2124.81420898438,340
734,7154.01389567096,7063.3328365981,2124.81420898438,340
735,7058.44601391258,7058.95766428678,2124.81420898438,340
736,7176.70760464833,7057.70416104155,2124.81420898438,340
737,6774.72689598369,7044.25534213585,2130.0087890625,340
738,6437.66394151549,7022.58073395187,2130.0087890625,340
739,6842.35454408377,7019.24862218563,2130.0087890625,340
740,6725.69233023171,7001.56156529783,2130.0087890625,340
741,6858.25253407039,6989.93950118044,2130.0087890625,340
742,6868.82394207823,6986.15190041429,2130.0087890625,340
743,6927.23592482999,6976.50965291952,2130.0087890625,340
744,6756.30241499005,6966.52485824639,2130.0087890625,340
745,6706.42386228163,6948.040615669,2137.0556640625,340
746,7187.75761030217,6948.23770993473,2137.0556640625,340
747,6920.42203949163,6945.32983476043,2137.0556640625,340
748,6925.35754398301,6934.52820421583,2137.0556640625,340
749,6918.31377512666,6934.8172396835,2137.0556640625,340
750,7204.34588934872,6955.48935513886,2137.0556640625,340
751,7151.86220847153,6960.91391392629,2137.0556640625,340
752,7029.86194600839,6956.47406693106,2137.0556640625,340
753,6923.57927209011,6960.70982804316,2132.72875976562,340
754,7126.94473380811,6964.52801866288,2132.72875976562,340
755,6919.40558499928,6951.18827221473,2132.72875976562,340
756,7169.92197441799,6959.77290918273,2132.72875976562,340
757,7155.76339423008,6958.26279204798,2132.72875976562,340
758,7004.45899058547,6956.9855546864,2132.72875976562,340
759,7173.04296035217,6957.74671727365,2132.72875976562,340
760,7175.33239108914,6962.42217236071,2132.72875976562,340
761,7065.00011295597,6957.95387269302,2134.41430664062,340
762,7121.90625114732,6971.84104689956,2134.41430664062,340
763,7144.66928309653,7000.1212605628,2134.41430664062,340
764,7212.36838817759,7014.92181432656,2134.41430664062,340
765,6976.70972341306,7024.96251005381,2134.41430664062,340
766,6409.56000135041,7007.01480874501,2134.41430664062,340
767,7179.72570488887,7019.45087925744,2134.41430664062,340
768,7060.50701225095,7024.78172275427,2134.41430664062,340
769,7219.16428809522,7043.29619767848,2130.47387695312,340
770,7008.33290385351,7055.37255934136,2130.47387695312,340
771,6946.73345230505,7045.73159302147,2130.47387695312,340
772,7115.82085663055,7053.54754570703,2130.47387695312,340
773,7108.66866099648,7060.87999038757,2130.47387695312,340
774,7185.47626713555,7071.56649006792,2130.47387695312,340
775,7052.34903832874,7065.48661602712,2130.47387695312,340
776,7226.65007737889,7068.47813078342,2130.47387695312,340
777,7043.86811650972,7069.03837760347,2125.05322265625,340
778,7119.38792159974,7076.87072358386,2125.05322265625,340
779,7136.02745464993,7077.23403241753,2125.05322265625,340
780,7175.06078706553,7087.46024050018,2125.05322265625,340
781,7125.30988281319,7085.67575683599,2125.05322265625,340
782,7213.0537387014,7087.96737061484,2125.05322265625,340
783,7128.72225963748,7092.93790137692,2125.05322265625,340
784,7005.59682938588,7086.24005613827,2125.05322265625,340
785,7111.22813180465,7083.67588576689,2130.71850585938,340
786,7147.38558086958,7086.97130448343,2130.71850585938,340
787,7071.12104690691,7084.93989631382,2130.71850585938,340
788,7111.6156703368,7083.61775180343,2130.71850585938,340
789,7228.04217204814,7084.24470315825,2130.71850585938,340
790,7000.95991228513,7085.21471071313,2130.71850585938,340
791,7178.79928692458,7115.9842821361,2130.71850585938,340
792,7149.34007307009,7114.76885686335,2130.71850585938,340
793,7150.56772397442,7118.37128533228,2129.85180664062,340
794,6959.00441363332,7107.96489035381,2129.85180664062,340
795,7071.48915016357,7110.49114020621,2129.85180664062,340
796,7109.43600626551,7116.99924236463,2129.85180664062,340
797,7209.5332247559,7120.74773708965,2129.85180664062,340
798,7215.11801151584,7125.00571111042,2129.85180664062,340
799,6971.83658600016,7116.460123865,2129.85180664062,340
800,6960.60497332482,7112.79036126485,2129.85180664062,340
801,7086.56951649922,7107.18713882966,2131.49975585938,340
802,6771.74881154394,7096.30236663103,2131.49975585938,340
803,6831.56332959027,7084.78938295065,2131.49975585938,340
804,6537.82910174156,7060.86144883431,2131.49975585938,340
805,6879.41227045814,7049.03550817002,2131.49975585938,340
806,7180.27279034154,7051.23402447115,2131.49975585938,340
807,6957.0474265761,7040.99377198614,2131.49975585938,340
808,7148.79630907444,7041.79673396362,2131.49975585938,340
809,6637.63005541652,7027.07806300485,2125.73803710938,340
810,6856.74556503172,7016.89876033393,2125.73803710938,340
811,6966.98955023743,7009.68291910864,2125.73803710938,340
812,6895.27209684729,7002.64896110626,2125.73803710938,340
813,6927.03218953022,6995.26562187399,2125.73803710938,340
814,6904.3735352137,6982.31887640062,2125.73803710938,340
815,6842.05911469239,6975.96284449691,2125.73803710938,340
816,6903.5884135597,6964.95440956231,2125.73803710938,340
817,7129.99707237438,6964.18068953448,2123.369140625,340
818,7139.81867440457,6963.75072755169,2123.369140625,340
819,7032.41727817085,6966.68724213319,2123.369140625,340
820,6795.27179068819,6955.63854775418,2123.369140625,340
821,7225.98757909573,6960.30061066738,2123.369140625,340
822,6989.57782704282,6951.50239475886,2123.369140625,340
823,7161.42920146333,6949.35484235676,2123.369140625,340
824,7045.29651039906,6952.29323933272,2123.369140625,340
825,7230.12274641161,6963.07395025619,2126.5693359375,340
826,6968.9825387616,6958.37047114668,2126.5693359375,340
827,7103.05070538749,6971.62254690043,2126.5693359375,340
828,7087.12331217671,6981.84494620388,2126.5693359375,340
829,6860.613012728,6994.75630264334,2126.5693359375,340
830,7200.95689923101,7007.61808779425,2126.5693359375,340
831,7208.76111007876,7008.75762058374,2126.5693359375,340
832,7077.11062219688,7013.56014840858,2126.5693359375,340
833,7137.85097803629,7013.12233516705,2123.68188476562,340
834,7179.78577997617,7034.80856414943,2123.68188476562,340
835,7078.35908790402,7043.67310506433,2123.68188476562,340
836,6879.05321023624,7040.15565146428,2123.68188476562,340
837,7163.73502233012,7050.89416848359,2123.68188476562,340
838,7170.94773458399,7060.65079028574,2123.68188476562,340
839,7250.72775849876,7074.50495921715,2123.68188476562,340
840,6978.5536129028,7079.96473914556,2123.68188476562,340
841,6978.54978646866,7082.96319406192,2120.3681640625,340
842,7198.29200909259,7085.69499153065,2120.3681640625,340
843,6752.01756387015,7070.18294710927,2120.3681640625,340
844,7109.57655152456,7073.26931804342,2120.3681640625,340
845,7164.43290091767,7088.0357624526,2120.3681640625,340
846,6915.05036139089,7075.59827374441,2120.3681640625,340
847,7202.76014485696,7084.12556645697,2120.3681640625,340
848,7015.32436186335,7078.28137287297,2120.3681640625,340
849,7022.48674051435,7077.36898207759,2119.66040039062,340
850,7068.24288481722,7070.89378761381,2119.66040039062,340
851,6987.40928812809,7071.63085758847,2119.66040039062,340
852,6636.83267566648,7052.98213639963,2119.66040039062,340
853,7050.15726573752,7051.50349454206,2119.66040039062,340
854,7124.46476779705,7062.05756474482,2119.66040039062,340
855,7139.61846926581,7059.60402754622,2119.66040039062,340
856,6413.59635459405,7027.79743732683,2119.66040039062,340
857,6890.38472506827,7020.32840144168,2119.654296875,340
858,6918.97409097636,7011.57332595928,2119.654296875,340
859,6830.44897107252,6997.59985360314,2119.654296875,340
860,7009.4369507132,6994.84296811551,2119.654296875,340
861,6977.59066208623,6998.7844661895,2119.654296875,340
862,6864.20748845669,6986.80336483457,2119.654296875,340
863,6994.58441835308,6979.74883218533,2119.654296875,340
864,7010.39768643984,6970.13562930297,2119.654296875,340
865,6996.15947126,6970.83986363726,2119.43579101562,340
866,7202.9026336989,6979.81397752647,2119.43579101562,340
867,7103.14653997604,6976.00815876181,2119.43579101562,340
868,7186.26720868531,6993.37814455442,2119.43579101562,340
869,7240.1896524984,6998.60266859337,2119.43579101562,340
870,7220.10488673316,7000.82954802599,2119.43579101562,340
871,7184.31752165376,7011.6002344365,2119.43579101562,340
872,7001.80563526497,7003.56205405283,2119.43579101562,340
873,7057.23091656861,7005.23831624104,2116.99658203125,340
874,7134.37952944898,7009.71402779842,2116.99658203125,340
875,6943.66570444237,7004.73094058343,2116.99658203125,340
876,7036.53977855702,7006.69616020058,2116.99658203125,340
877,7253.93880950539,7031.38040555414,2116.99658203125,340
878,7040.29526541271,7030.98592554115,2116.99658203125,340
879,7127.48125902878,7031.10658519042,2116.99658203125,340
880,7075.19558394229,7028.52966977748,2116.99658203125,340
881,6944.47542803103,7049.76483271496,2111.126953125,340
882,7265.29655354979,7064.76130585422,2111.126953125,340
883,6987.05246281284,7067.48444072768,2111.126953125,340
884,6972.97145654967,7073.18534014676,2111.126953125,340
885,7223.09247839634,7081.73156125409,2111.126953125,340
886,7185.84987893689,7090.06192992811,2111.126953125,340
887,7039.36172549124,7097.0680994095,2111.126953125,340
888,6901.11699396968,7093.32940243416,2111.126953125,340
889,7192.77190144323,7100.6243710343,2111.67724609375,340
890,7035.82870162003,7102.2111402487,2111.67724609375,340
891,7142.99693203506,7099.81491218214,2111.67724609375,340
892,7121.72585090495,7100.5580846193,2111.67724609375,340
893,7078.76260577467,7096.25790050287,2111.67724609375,340
894,6798.05790332979,7078.57263053613,2111.67724609375,340
895,6975.48391484131,7068.78779166046,2111.67724609375,340
896,6975.36693560201,7060.42976821839,2111.67724609375,340
897,6988.58493729356,7059.90094029953,2106.18920898438,340
898,7217.3991840112,7066.30767099723,2106.18920898438,340
899,6933.98628961297,7058.29194140379,2106.18920898438,340
900,6927.66596682161,7057.65195189896,2106.18920898438,340
901,7107.67045184764,7060.49717883059,2106.18920898438,340
902,7069.77736727954,7053.13072114155,2106.18920898438,340
903,6945.50015933229,7049.33891689834,2106.18920898438,340
904,7050.16362666057,7046.24621160361,2106.18920898438,340
905,7111.58126134545,7047.70163869973,2107.80053710938,340
906,7223.9267653104,7058.87969219091,2107.80053710938,340
907,7208.4672305675,7056.60651927162,2107.80053710938,340
908,7094.39332252377,7060.90015366005,2107.80053710938,340
909,7208.81129415585,7070.3337471643,2107.80053710938,340
910,7175.14151239183,7068.41570852412,2107.80053710938,340
911,6924.49761459728,7057.96161795054,2107.80053710938,340
912,7173.85392224559,7063.34130582071,2107.80053710938,340
913,7214.43754641384,7075.87412791848,2111.43896484375,340
914,7241.72783430426,7077.83236523292,2111.43896484375,340
915,7122.64929062802,7081.30518879324,2111.43896484375,340
916,7161.50533093277,7082.04552474915,2111.43896484375,340
917,7252.717129238,7087.28517588247,2111.43896484375,340
918,7186.65050619169,7091.60069189915,2111.43896484375,340
919,7102.41512333629,7103.77498069941,2111.43896484375,340
920,7171.21482358013,7111.60421704896,2111.43896484375,340
921,7111.73994582328,7117.05913745781,2108.02685546875,340
922,7205.50412311741,7125.73590489077,2108.02685546875,340
923,7080.80471113932,7120.27212597589,2108.02685546875,340
924,7074.49325408547,7125.89240455479,2108.02685546875,340
925,7218.25570245434,7137.5159939801,2108.02685546875,340
926,6960.74267869509,7131.638883054,2108.02685546875,340
927,7191.14208405407,7136.49347172498,2108.02685546875,340
928,7150.50024716298,7144.69347523821,2108.02685546875,340
929,7038.08091079371,7144.21016660353,2112.1328125,340
930,7201.46956467454,7147.8056987367,2112.1328125,340
931,7248.5561434235,7148.79087386122,2112.1328125,340
932,7188.17449466335,7147.97916442506,2112.1328125,340
933,7196.37910689287,7152.05859579982,2112.1328125,340
934,7024.86624079321,7144.70079366531,2112.1328125,340
935,7141.82936425923,7143.36830774001,2112.1328125,340
936,7145.49928023872,7152.20837436567,2112.1328125,340
937,7204.18298021646,7153.4215366845,2116.24072265625,340
938,7086.95695460838,7148.32231301228,2116.24072265625,340
939,7145.99953113991,7144.49318088571,2116.24072265625,340
940,7177.94104432686,7146.70485103366,2116.24072265625,340
941,7113.27723751466,7144.77572729694,2116.24072265625,340
942,7187.43654640394,7142.16450398358,2116.24072265625,340
943,7214.8029035149,7143.29059987651,2116.24072265625,340
944,7154.53720830591,7145.37548327529,2116.24072265625,340
945,7125.02044470171,7143.52770812015,2116.92626953125,340
946,7212.65145249123,7147.56416838687,2116.92626953125,340
947,7223.12153221917,7148.26886475094,2116.92626953125,340
948,7235.94699391154,7154.47455606183,2116.92626953125,340
949,7076.98346658039,7154.57416456163,2116.92626953125,340
950,7134.38346158651,7151.21927492691,2116.92626953125,340
951,7201.30701949054,7160.84184855873,2116.92626953125,340
952,7165.30052712508,7159.80818628157,2116.92626953125,340
953,7107.73476602821,7158.09756703618,2120.50073242188,340
954,7077.02541077931,7159.6553470356,2120.50073242188,340
955,7033.80225544385,7152.94865466638,2120.50073242188,340
956,6958.28217298332,7141.33769584877,2120.50073242188,340
957,7044.72565011994,7135.59974206703,2120.50073242188,340
958,7020.70344481437,7128.57271558389,2120.50073242188,340
959,7195.17039262485,7135.38488165716,2120.50073242188,340
960,6846.05985628358,7123.55410133813,2120.50073242188,340
961,6901.52388290679,7113.79508544486,2125.7919921875,340
962,7050.56218623005,7107.6502536854,2125.7919921875,340
963,7040.84772125272,7105.80588435118,2125.7919921875,340
964,7172.49498573523,7106.86570253499,2125.7919921875,340
965,6946.05392244773,7097.59021765982,2125.7919921875,340
966,7213.61467683924,7101.60371523281,2125.7919921875,340
967,7049.39988367366,7096.08224872359,2125.7919921875,340
968,7081.69502215708,7090.75793346928,2125.7919921875,340
969,7139.65656733742,7090.16270783054,2124.86352539062,340
970,6988.25709669311,7084.6921739102,2124.86352539062,340
971,7201.15569496969,7084.23234360934,2124.86352539062,340
972,7224.18262210816,7084.2747872049,2124.86352539062,340
973,7231.41034705338,7084.09332133057,2124.86352539062,340
974,7155.4038317531,7087.23013593748,2124.86352539062,340
975,7102.28812425147,7085.94632244408,2124.86352539062,340
976,7170.38179496285,7084.70931346297,2124.86352539062,340
977,7254.04341210267,7088.25902886207,2121.6572265625,340
978,7234.81045791321,7093.34205653747,2121.6572265625,340
979,7238.19344328102,7099.78877783754,2121.6572265625,340
980,7218.68559492455,7107.18411141677,2121.6572265625,340
981,7193.31864542986,7116.58557031463,2121.6572265625,340
982,7161.87775127306,7121.27165436076,2121.6572265625,340
983,7101.55721293996,7124.50580508578,2121.6572265625,340
984,7190.20064662113,7124.30701524563,2121.6572265625,340
985,7263.07014326615,7140.98742672493,2120.28271484375,340
986,7199.83724641223,7152.91996126515,2120.28271484375,340
987,7164.33493101894,7157.4708710567,2120.28271484375,340
988,7240.43174869945,7165.45423215457,2120.28271484375,340
989,7183.90072906212,7165.91046188765,2120.28271484375,340
990,7238.03307613212,7177.58962803503,2120.28271484375,340
991,7272.406997222,7179.94132085034,2120.28271484375,340
992,7167.79517688484,7184.67713257878,2120.28271484375,340
993,7212.53090635488,7189.91056794669,2120.44116210938,340
994,7238.88835740821,7193.87983954953,2120.44116210938,340
995,7186.06130370624,7201.79200783005,2120.44116210938,340
996,7182.41240498753,7201.04227623077,2120.44116210938,340
997,7195.18700317679,7199.88245147351,2120.44116210938,340
998,7193.24365622094,7198.35578384021,2120.44116210938,340
999,7135.18743119372,7197.54712781784,2120.44116210938,340
1000,7224.45916946449,7202.43396962636,2120.44116210938,340
1001,7161.19216560616,7202.06638445209,2121.72509765625,340
1002,7268.2733304282,7202.63558118511,2121.72509765625,340
1003,6933.44462833304,7190.5809480019,2121.72509765625,340
1004,7249.00573938462,7191.01343984605,2121.72509765625,340
1005,7192.78719625505,7189.97750389927,2121.72509765625,340
1006,7216.89824912312,7190.920688047,2121.72509765625,340
1007,7257.32384268374,7194.73853170343,2121.72509765625,340
1008,7248.62470347937,7200.621231325,2121.72509765625,340
1009,7170.86130857734,7199.84765780325,2120.08959960938,340
1010,7086.91519544567,7192.80145989043,2120.08959960938,340
1011,7239.76247603384,7194.3984690753,2120.08959960938,340
1012,7274.95551984012,7198.82329262814,2120.08959960938,340
1013,7238.58011688997,7198.74922735576,2120.08959960938,340
1014,7244.71741259372,7201.18189469703,2120.08959960938,340
1015,7274.63084574874,7202.64580548169,2120.08959960938,340
1016,7268.61741508529,7202.49422219622,2120.08959960938,340
1017,7252.43671718003,7205.87988380803,2119.95434570312,340
1018,7242.2973385391,7207.0705410954,2119.95434570312,340
1019,7172.95760997929,7204.43331119824,2119.95434570312,340
1020,7267.40156211045,7207.68692153441,2119.95434570312,340
1021,7199.67606384658,7208.37746788877,2119.95434570312,340
1022,7175.61256968522,7207.59449054911,2119.95434570312,340
1023,7243.30038425904,7209.59675967064,2119.95434570312,340
1024,7173.55774478928,7211.13157221446,2119.95434570312,340
1025,7245.41001964387,7211.96960622163,2124.29931640625,340
1026,7228.44581539686,7214.65975221326,2124.29931640625,340
1027,7266.37961294438,7214.58400351391,2124.29931640625,340
1028,7229.07096518354,7226.40905698793,2124.29931640625,340
1029,7268.89322093955,7227.20455625013,2124.29931640625,340
1030,7248.59581846352,7229.43690113846,2124.29931640625,340
1031,7214.38136381643,7229.3362257262,2124.29931640625,340
1032,7253.78581565915,7229.19470464521,2124.29931640625,340
1033,7237.26737189268,7228.74041138175,2124.52661132812,340
1034,7283.37712450017,7233.24104401866,2124.52661132812,340
1035,7234.5747280224,7239.14742532173,2124.52661132812,340
1036,7270.87627932033,7240.39197745319,2124.52661132812,340
1037,7215.98212527648,7238.03304167064,2124.52661132812,340
1038,7236.44713110181,7237.94772223912,2124.52661132812,340
1039,7262.3330032789,7238.65234586652,2124.52661132812,340
1040,7204.16918186636,7235.83387931123,2124.52661132812,340
1041,7248.12221903682,7235.01407146929,2125.98681640625,340
1042,7268.54411909611,7235.65836754593,2125.98681640625,340
1043,7223.39276642154,7234.90218466123,2125.98681640625,340
1044,7209.5682627373,7236.36661077155,2125.98681640625,340
1045,7123.29096485315,7230.60218688126,2125.98681640625,340
1046,7198.57036316647,7230.55795885405,2125.98681640625,340
1047,7185.42874487781,7230.95060586176,2125.98681640625,340
1048,7275.51584157436,7232.23922415437,2125.98681640625,340
1049,7273.90866772706,7236.25326107188,2129.17236328125,340
1050,7214.06620040205,7234.99950830221,2129.17236328125,340
1051,7216.35220800917,7234.5157640067,2129.17236328125,340
1052,7206.03974073939,7232.1021691185,2129.17236328125,340
1053,7194.22943688535,7230.70850798657,2129.17236328125,340
1054,7259.42140433629,7230.32963532244,2129.17236328125,340
1055,7271.51536352017,7231.24641712471,2129.17236328125,340
1056,7240.85657588232,7232.30542560735,2129.17236328125,340
1057,7189.67127381041,7229.7408439334,2132.81103515625,340
1058,7300.00293185382,7232.25026633184,2132.81103515625,340
1059,7107.00436216029,7225.19535583825,2132.81103515625,340
1060,7230.57143185067,7225.03522399138,2132.81103515625,340
1061,7283.8206426061,7225.55299852281,2132.81103515625,340
1062,7260.74583041465,7227.34354672833,2132.81103515625,340
1063,7251.79330690557,7227.95739376048,2132.81103515625,340
1064,7277.53348429835,7228.56541300126,2132.81103515625,340
1065,7176.87658539074,7227.47370914224,2135.7099609375,340
1066,7217.40795176731,7226.24513845146,2135.7099609375,340
1067,7100.06488398681,7219.50596904709,2135.7099609375,340
1068,7127.81868698096,7215.68300586946,2135.7099609375,340
1069,7080.86374969545,7210.53482534779,2135.7099609375,340
1070,7185.69319644288,7213.03091461138,2135.7099609375,340
1071,7072.94810366408,7208.00602423128,2135.7099609375,340
1072,7226.43239154033,7209.64617009778,2135.7099609375,340
1073,7073.76332831347,7201.57606956735,2136.2490234375,340
1074,7006.58327905063,7190.88305402029,2136.2490234375,340
1075,7098.91544350589,7186.27702374444,2136.2490234375,340
1076,7216.67711057199,7186.29001984696,2136.2490234375,340
1077,7046.65029145097,7179.91444187542,2136.2490234375,340
1078,7109.69142479999,7176.53292139201,2136.2490234375,340
1079,7075.56130680689,7169.17851749083,2136.2490234375,340
1080,7268.92067197586,7169.07472982906,2136.2490234375,340
1081,7058.17985709596,7161.7676610776,2132.89916992188,340
1082,7195.668585412,7162.00755354167,2132.89916992188,340
1083,7183.33016513995,7157.34064287311,2132.89916992188,340
1084,7279.61376619244,7164.2450190344,2132.89916992188,340
1085,7185.86461871158,7162.45674650884,2132.89916992188,340
1086,6955.97273847995,7149.34283034379,2132.89916992188,340
1087,7120.343225467,7143.72672614588,2132.89916992188,340
1088,6987.44858054587,7133.1529370915,2132.89916992188,340
1089,7248.57989666479,7131.99479358615,2132.8583984375,340
1090,7257.80066155548,7135.23175663274,2132.8583984375,340
1091,7199.73785577342,7134.52495279299,2132.8583984375,340
1092,7237.73101078991,7140.03159786511,2132.8583984375,340
1093,7256.82129044589,7145.19170200371,2132.8583984375,340
1094,7016.31665452835,7142.60981819702,2132.8583984375,340
1095,7237.69782364737,7144.6900032852,2132.8583984375,340
1096,7014.69023940474,7142.35968871483,2132.8583984375,340
1097,6977.66625600673,7132.40904329348,2133.47583007812,340
1098,7263.84587991735,7140.01234535764,2133.47583007812,340
1099,7243.01543208028,7149.46963147883,2133.47583007812,340
1100,7245.82301323048,7155.34593426781,2133.47583007812,340
1101,7256.24254462827,7156.92855163006,2133.47583007812,340
1102,7252.99320974616,7165.18226836187,2133.47583007812,340
1103,7257.76315645429,7171.10513762804,2133.47583007812,340
1104,7204.76242224234,7176.27318224546,2133.47583007812,340
1105,7240.12065682545,7175.12118163944,2135.78295898438,340
1106,7164.70861976424,7179.38233214617,2135.78295898438,340
1107,7266.1941293952,7182.2033539055,2135.78295898438,340
1108,7248.82419756097,7184.82311520234,2135.78295898438,340
1109,7226.21939787018,7182.68734046945,2135.78295898438,340
1110,7244.05665054531,7185.0150217428,2135.78295898438,340
1111,7114.90514565599,7191.37231802984,2135.78295898438,340
1112,7244.3867655008,7196.33405963119,2135.78295898438,340
1113,7212.3619837014,7205.33059575742,2137.37280273438,340
1114,7264.29242064854,7205.95909671676,2137.37280273438,340
1115,7248.24725727569,7205.57696054557,2137.37280273438,340
1116,7213.86680103641,7206.1421183561,2137.37280273438,340
1117,7247.89991325026,7206.54887445451,2137.37280273438,340
1118,7062.47667090589,7198.77508967291,2137.37280273438,340
1119,7178.89371628144,7205.27817214303,2137.37280273438,340
1120,7183.53595430616,7203.11169736938,2137.37280273438,340
1121,6924.62695335402,7199.50916592735,2140.5546875,340
1122,7196.24182537054,7208.25218870191,2140.5546875,340
1123,7063.42093288787,7200.23519082073,2140.5546875,340
1124,7212.21135940056,7199.00302791354,2140.5546875,340
1125,7226.5583067392,7198.23243965389,2140.5546875,340
1126,7166.00989206633,7194.62313355141,2140.5546875,340
1127,7035.24839275908,7185.91334087193,2140.5546875,340
1128,7119.25059337847,7180.37283834889,2140.5546875,340
1129,7098.3179792561,7176.11506062944,2140.23974609375,340
1130,7140.39389770217,7172.12599026451,2140.23974609375,340
1131,7274.29444919814,7176.50942344187,2140.23974609375,340
1132,7136.55382761763,7171.32381137077,2140.23974609375,340
1133,7254.1004364462,7171.53486092617,2140.23974609375,340
1134,7226.88573363252,7171.56151435667,2140.23974609375,340
1135,7258.47353049757,7172.13818955476,2140.23974609375,340
1136,7211.24528438037,7175.99179510373,2140.23974609375,340
1137,7176.61941000278,7173.28110088381,2137.95141601562,340
1138,7220.4793054282,7173.60579375288,2137.95141601562,340
1139,7215.39395271499,7171.64985503554,2137.95141601562,340
1140,7227.1352061313,7170.80537298977,2137.95141601562,340
1141,7098.03845070077,7166.17223897634,2137.95141601562,340
1142,7140.57378892083,7161.87919400317,2137.95141601562,340
1143,7278.7680501879,7170.53084917445,2137.95141601562,340
1144,7260.05990699172,7173.77749680286,2137.95141601562,340
1145,7254.42151981518,7176.61291942322,2139.13427734375,340
1146,7149.36733333998,7185.60253462266,2139.13427734375,340
1147,7070.14356601244,7180.55860424833,2139.13427734375,340
1148,7240.04063031235,7187.62339214531,2139.13427734375,340
1149,7221.59445726236,7187.99871605978,2139.13427734375,340
1150,7229.00333874305,7188.09651733994,2139.13427734375,340
1151,7268.80121523117,7192.20817026653,2139.13427734375,340
1152,7212.22530832576,7199.2872468892,2139.13427734375,340
1153,7208.83254415864,7202.8705249204,2135.8017578125,340
1154,7224.88112101263,7207.93305059067,2135.8017578125,340
1155,7190.51235806763,7209.93778900528,2135.8017578125,340
1156,7208.35450527975,7207.30019124855,2135.8017578125,340
1157,7239.56937224992,7211.42081303384,2135.8017578125,340
1158,7043.79268535154,7203.00850299005,2135.8017578125,340
1159,7255.47380136489,7204.15202569935,2135.8017578125,340
1160,7198.86998638321,7201.76788393477,2135.8017578125,340
1161,7144.90288682256,7199.11418803246,2131.72705078125,340
1162,7137.60092347846,7197.55344857149,2131.72705078125,340
1163,7211.94797522487,7197.21219536336,2131.72705078125,340
1164,7215.7987642707,7197.22838782558,2131.72705078125,340
1165,7127.21176949245,7193.23145036003,2131.72705078125,340
1166,7221.68587046253,7198.1773471505,2131.72705078125,340
1167,7142.61967631715,7198.25918264635,2131.72705078125,340
1168,7221.44438494237,7195.96623603653,2131.72705078125,340
1169,7150.16662969929,7191.57050494484,2131.37084960938,340
1170,7100.43069633014,7185.41087200543,2131.37084960938,340
1171,7172.73874477515,7186.34572846284,2131.37084960938,340
1172,7150.78637729632,7189.5714409142,2131.37084960938,340
1173,6962.56743230653,7178.47251299396,2131.37084960938,340
1174,7167.79844465342,7176.3206724896,2131.37084960938,340
1175,7222.16315314163,7176.04706506555,2131.37084960938,340
1176,7193.49602899429,7173.03485761607,2131.37084960938,340
1177,7130.78574563444,7169.77727510842,2130.44995117188,340
1178,7186.26703512284,7168.87465474699,2130.44995117188,340
1179,7053.86502887174,7162.03401106135,2130.44995117188,340
1180,7188.31584468398,7161.94615052601,2130.44995117188,340
1181,7183.34679395364,7160.94584207296,2130.44995117188,340
1182,7139.56337598282,7156.94560222228,2130.44995117188,340
1183,7142.91856376596,7160.91063735886,2130.44995117188,340
1184,7186.10419673048,7158.13585317348,2130.44995117188,340
1185,6993.47896180861,7149.9202121905,2131.93969726562,340
1186,7250.81217116286,7154.15658356411,2131.93969726562,340
1187,7152.68901598693,7154.76010726445,2131.93969726562,340
1188,7162.15676850647,7152.76845899571,2131.93969726562,340
1189,6985.00132977851,7143.53656161602,2131.93969726562,340
1190,7144.76502588149,7144.23869187158,2131.93969726562,340
1191,7178.16097972157,7142.49769624195,2131.93969726562,340
1192,7070.48383485061,7139.61226258328,2131.93969726562,340
1193,7050.73339699378,7132.78382306534,2130.73828125,340
1194,6741.80538394381,7116.44937323512,2130.73828125,340
1195,7099.7143905994,7116.42072100589,2130.73828125,340
1196,6789.76214063498,7101.10165684029,2130.73828125,340
1197,6763.74528698727,7085.62001322792,2130.73828125,340
1198,7101.70485014511,7091.18550994147,2130.73828125,340
1199,6919.05596263403,7081.23581066069,2130.73828125,340
1200,7054.24924967932,7074.5192545222,2130.73828125,340
1201,7227.65137824142,7075.88546849208,2133.955078125,340
1202,7068.12790434661,7073.37915484057,2133.955078125,340
1203,7175.837820356,7072.9619862499,2133.955078125,340
1204,7170.71619739209,7077.63603299071,2133.955078125,340
1205,7071.06983421328,7072.94619257188,2133.955078125,340
1206,7223.3367328651,7074.54579012834,2133.955078125,340
1207,6970.5433436257,7067.78498883405,2133.955078125,340
1208,7217.34970113596,7070.76223432885,2133.955078125,340
1209,7230.83350216814,7072.55140654636,2133.8701171875,340
1210,7162.17404642713,7079.2992099311,2133.8701171875,340
1211,7181.31883542655,7076.51947650165,2133.8701171875,340
1212,6944.66047662911,7068.19833492734,2133.8701171875,340
1213,7136.88479855915,7067.18745612944,2133.8701171875,340
1214,7200.09849255434,7075.79134264048,2133.8701171875,340
1215,7029.13560682392,7071.16616587817,2133.8701171875,340
1216,7145.81825573486,7069.87245691871,2133.8701171875,340
1217,7158.46547045997,7073.39172234308,2132.830078125,340
1218,7149.00748157519,7077.32268572634,2132.830078125,340
1219,7107.06663464898,7091.93313575455,2132.830078125,340
1220,7137.55556398318,7093.4467826899,2132.830078125,340
1221,7181.96865558398,7109.13504328786,2132.830078125,340
1222,7134.51784748549,7123.96594570779,2132.830078125,340
1223,7003.46742126637,7120.03644855264,2132.830078125,340
1224,7018.94077916364,7124.03184121382,2132.830078125,340
1225,6939.13438764066,7119.42724673227,2130.98852539062,340
1226,7083.59448347163,7113.66497094148,2130.98852539062,340
1227,7039.17289365144,7112.50677051367,2130.98852539062,340
1228,7041.50553710507,7107.13347918364,2130.98852539062,340
1229,6985.11752843891,7099.70953242551,2130.98852539062,340
1230,6845.94500715822,7090.70453934331,2130.98852539062,340
1231,6851.10581735983,7075.8153027231,2130.98852539062,340
1232,6987.00223281788,7076.47365829078,2130.98852539062,340
1233,6800.81023996527,7059.81207984396,2130.34423828125,340
1234,6923.41552671425,7047.5153608258,2130.34423828125,340
1235,7137.62860254626,7046.53354307057,2130.34423828125,340
1236,7101.84174291848,7043.35445937024,2130.34423828125,340
1237,7145.4547229448,7051.38622922287,2130.34423828125,340
1238,7174.18116739938,7052.87808397648,2130.34423828125,340
1239,7094.21043692046,7048.64256175113,2130.34423828125,340
1240,7078.99419973101,7050.63690546741,2130.34423828125,340
1241,7189.14976626981,7052.37016588881,2129.35986328125,340
1242,7124.69290418977,7051.019263238,2129.35986328125,340
1243,7005.8621662184,7045.29345062373,2129.35986328125,340
1244,7182.89952743296,7048.32676633509,2129.35986328125,340
1245,7155.78389182439,7049.05589944873,2129.35986328125,340
1246,7195.7624245631,7049.6076502079,2129.35986328125,340
1247,7039.28773155296,7045.7984455706,2129.35986328125,340
1248,7150.41231913901,7051.6762414855,2129.35986328125,340
1249,7177.95290035003,7058.03672633296,2128.72216796875,340
1250,6687.87983682758,7047.98654430044,2128.72216796875,340
1251,7090.51064429008,7048.26319073317,2128.72216796875,340
1252,7076.30003510257,7049.74827639122,2128.72216796875,340
1253,7069.82226548535,7050.88094552643,2128.72216796875,340
1254,7112.91420829684,7055.99281272075,2128.72216796875,340
1255,7198.29528262403,7070.08682373938,2128.72216796875,340
1256,7197.20445247324,7083.93076914392,2128.72216796875,340
1257,7171.63760475464,7091.31618402139,2129.51538085938,340
1258,7182.60662034391,7106.58803923653,2129.51538085938,340
1259,7199.34605549955,7117.62526038794,2129.51538085938,340
1260,7090.94081510724,7115.75774889038,2129.51538085938,340
1261,7172.2170035304,7118.57275931486,2129.51538085938,340
1262,7092.28463010277,7116.44595560118,2129.51538085938,340
1263,7107.30362248413,7113.77085380457,2129.51538085938,340
1264,7102.06142448397,7114.08489330711,2129.51538085938,340
1265,7162.8102705761,7117.43753614091,2123.96020507812,340
1266,7189.21898241609,7117.44030478676,2123.96020507812,340
1267,7143.93385390112,7118.20994277522,2123.96020507812,340
1268,7120.36993316229,7122.79025345297,2123.96020507812,340
1269,7177.57238833015,7122.57716788886,2123.96020507812,340
1270,7246.55473697895,7126.20800169504,2123.96020507812,340
1271,7022.12965169952,7119.2626907805,2123.96020507812,340
1272,7159.388239599,7124.06671110234,2123.96020507812,340
1273,7091.36901161061,7121.70497880121,2120.30786132812,340
1274,7225.37584582224,7123.60189662009,2120.30786132812,340
1275,6746.71726763977,7125.95539385258,2120.30786132812,340
1276,7178.57775744973,7129.47807837897,2120.30786132812,340
1277,7171.37154859496,7133.28093891866,2120.30786132812,340
1278,7145.58345039922,7136.31138631522,2120.30786132812,340
1279,7096.98948406522,7135.67439734595,2120.30786132812,340
1280,7152.75187845434,7133.85266117917,2120.30786132812,340
1281,7168.71882198745,7132.71323595974,2123.05981445312,340
1282,7019.25530829907,7126.61794410151,2123.05981445312,340
1283,7163.21989439969,7125.84247506374,2123.05981445312,340
1284,7055.66495633626,7120.09523109721,2123.05981445312,340
1285,7157.73367925177,7122.76694566299,2123.05981445312,340
1286,7189.77722794816,7123.4693546397,2123.05981445312,340
1287,7151.86380099524,7125.8525214754,2123.05981445312,340
1288,7199.64761370886,7129.54628112439,2123.05981445312,340
1289,7232.02132673685,7134.74467721451,2122.66284179688,340
1290,7162.71125240202,7134.74071648754,2122.66284179688,340
1291,7157.55056545942,7133.47397980928,2122.66284179688,340
1292,7179.213814961,7134.88517825167,2122.66284179688,340
1293,7181.05584358855,7137.31261466872,2122.66284179688,340
1294,7207.20711394424,7138.49800369329,2122.66284179688,340
1295,7222.94344128007,7137.55355186533,2122.66284179688,340
1296,7196.1316378606,7144.51363131177,2122.66284179688,340
1297,6821.99766998948,7131.01800852739,2121.23364257812,340
1298,6985.64176655794,7126.78891872528,2121.23364257812,340
1299,7252.14071671575,7127.85951356102,2121.23364257812,340
1300,7210.82390040411,7146.4237788716,2121.23364257812,340
1301,7037.1136477273,7140.7652144827,2121.23364257812,340
1302,7081.54840873217,7137.17228888819,2121.23364257812,340
1303,7051.35957465448,7133.4033338584,2121.23364257812,340
1304,7031.72786945416,7130.79286927396,2121.23364257812,340
1305,7194.13839796947,7132.44833005456,2123.61450195312,340
1306,7186.6287447483,7133.164726965,2123.61450195312,340
1307,7111.90173021118,7136.87058384148,2123.61450195312,340
1308,7110.37375623098,7134.75673831473,2123.61450195312,340
1309,7228.56850288677,7141.67288017675,2123.61450195312,340
1310,7096.06990499847,7139.20632920662,2123.61450195312,340
1311,7254.20895739081,7141.78359838433,2123.61450195312,340
1312,7167.54312044783,7142.41077116243,2123.61450195312,340
1313,7161.10575529926,7140.86909682605,2123.62475585938,340
1314,7160.11098195701,7137.99268303485,2123.62475585938,340
1315,7225.37823541233,7140.49936235527,2123.62475585938,340
1316,7112.48100075406,7138.69657976705,2123.62475585938,340
1317,7233.63883013117,7140.87358037386,2123.62475585938,340
1318,7172.50547919136,7140.53156579797,2123.62475585938,340
1319,7163.40311479677,7138.77940583207,2123.62475585938,340
1320,6994.40790644624,7129.63798443872,2123.62475585938,340
1321,7167.80281260553,7128.50483142852,2124.30395507812,340
1322,7153.73505169504,7141.77432669674,2124.30395507812,340
1323,7207.66262042617,7150.65516085147,2124.30395507812,340
1324,7173.05652401348,7147.49179314338,2124.30395507812,340
1325,7217.66994568977,7147.7656349548,2124.30395507812,340
1326,6877.09487730925,7141.36488413808,2124.30395507812,340
1327,7199.31918255213,7146.07571509088,2124.30395507812,340
1328,7141.91593603759,7149.69796954621,2124.30395507812,340
1329,7131.53004713891,7153.6900566536,2127.09448242188,340
1330,7063.29987052933,7148.45651555599,2127.09448242188,340
1331,7205.51831604762,7149.21209840796,2127.09448242188,340
1332,7094.68555501495,7148.52345140011,2127.09448242188,340
1333,7246.18528260365,7153.95591245502,2127.09448242188,340
1334,7200.2813952083,7152.82442814788,2127.09448242188,340
1335,7203.24219901362,7157.11131990849,2127.09448242188,340
1336,7173.70496410304,7153.89116017698,2127.09448242188,340
1337,7147.78877025572,7153.10098616929,2125.85693359375,340
1338,7095.416782421,7150.47342725416,2125.85693359375,340
1339,7104.98814817632,7148.26851390293,2125.85693359375,340
1340,7252.58762058232,7149.35688930973,2125.85693359375,340
1341,7197.24237144982,7152.74734413757,2125.85693359375,340
1342,7089.5699753606,7146.98458994674,2125.85693359375,340
1343,7197.91858953966,7148.00111436067,2125.85693359375,340
1344,7169.59058525988,7148.2486131792,2125.85693359375,340
1345,7125.90388018198,7153.50845212863,2128.939453125,340
1346,7217.72576759964,7155.50537032839,2128.939453125,340
1347,7200.34035383729,7157.36958241408,2128.939453125,340
1348,7146.44838859047,7154.92101314065,2128.939453125,340
1349,7206.39415660603,7156.25451844435,2128.939453125,340
1350,7191.7884545918,7155.21925880044,2128.939453125,340
1351,7215.40845448223,7168.75180188736,2128.939453125,340
1352,7167.10933728826,7167.4634080768,2128.939453125,340
1353,7102.87678132282,7165.90184188821,2120.14721679688,340
1354,7211.69034093289,7169.10825363997,2120.14721679688,340
1355,7091.44122890476,7170.23390797499,2120.14721679688,340
1356,6954.98831238284,7160.21270782839,2120.14721679688,340
1357,7141.45140780056,7162.08334193982,2120.14721679688,340
1358,7050.89115708618,7154.27157691912,2120.14721679688,340
1359,7133.87193187853,7151.61519838593,2120.14721679688,340
1360,7174.50167788558,7150.46557754081,2120.14721679688,340
1361,7153.92536045263,7149.67439339479,2113.94848632812,340
1362,7025.6155944894,7144.78746636414,2113.94848632812,340
1363,7209.70040980181,7149.35881145937,2113.94848632812,340
1364,7104.17415243614,7149.32625162976,2113.94848632812,340
1365,7173.26389289624,7146.15330252232,2113.94848632812,340
1366,7212.71345390612,7146.77214582057,2113.94848632812,340
1367,7074.16884609502,7146.15610064995,2113.94848632812,340
1368,7001.34792385834,7138.2932740227,2113.94848632812,340
1369,7168.51616173649,7138.25029708176,2117.2353515625,340
1370,7137.55908218555,7138.7165051619,2117.2353515625,340
1371,7166.04273355727,7136.64918380021,2117.2353515625,340
1372,7184.12617720175,7136.00061673479,2117.2353515625,340
1373,7153.63471521955,7136.28806979995,2117.2353515625,340
1374,7187.51780759074,7135.53301583934,2117.2353515625,340
1375,7127.94709057878,7132.97936127882,2117.2353515625,340
1376,7033.18651208414,7125.6904835829,2117.2353515625,340
1377,7014.70343470309,7119.59424747949,2116.12255859375,340
1378,7141.91156160765,7121.15563869088,2116.12255859375,340
1379,7237.15670709145,7122.17429333722,2116.12255859375,340
1380,7067.87883760199,7121.23179768511,2116.12255859375,340
1381,7229.69833432533,7132.22019856281,2116.12255859375,340
1382,7115.4148503315,7131.17873626405,2116.12255859375,340
1383,7208.06214522393,7137.46557578956,2116.12255859375,340
1384,7215.78215337913,7140.74198464959,2116.12255859375,340
1385,7076.37003853089,7136.8167190754,2116.43408203125,340
1386,7188.17194484401,7138.18658245105,2116.43408203125,340
1387,7217.14718124041,7145.84784592109,2116.43408203125,340
1388,7144.8812579382,7143.25507984655,2116.43408203125,340
1389,7134.48281277413,7144.46742626007,2116.43408203125,340
1390,7076.36589900918,7140.59150650459,2116.43408203125,340
1391,7199.8378362361,7140.07648179779,2116.43408203125,340
1392,7224.07065469986,7146.07255414198,2116.43408203125,340
1393,7170.62078992139,7152.8434687845,2119.64086914062,340
1394,7191.53201216729,7153.76410280173,2119.64086914062,340
1395,7124.51510931422,7153.24234388688,2119.64086914062,340
1396,7211.97867985485,7155.07978173878,2119.64086914062,340
1397,7115.87199872939,7152.34961459989,2119.64086914062,340
1398,7177.07359496622,7153.28716978975,2119.64086914062,340
1399,7248.6582653081,7155.73278809845,2119.64086914062,340
1400,7213.27791964685,7159.14602126117,2119.64086914062,340
1401,7182.68505336517,7165.12596291241,2122.89794921875,340
1402,7198.2567902082,7172.46809713262,2122.89794921875,340
1403,7156.50195493488,7173.05171286571,2122.89794921875,340
1404,7149.06206598413,7169.52792722141,2122.89794921875,340
1405,7165.73631213852,7173.44222620287,2122.89794921875,340
1406,7228.49185564779,7173.39396705577,2122.89794921875,340
1407,7217.05704234074,7177.45965473614,2122.89794921875,340
1408,7134.34241103706,7174.51086536867,2122.89794921875,340
1409,7215.57327359719,7174.50251017739,2121.263671875,340
1410,7163.3786758757,7177.98285567118,2121.263671875,340
1411,7198.62305090356,7178.40089991357,2121.263671875,340
1412,7206.8404286386,7177.98862980949,2121.263671875,340
1413,7191.5233547655,7179.85431368259,2121.263671875,340
1414,7207.28812098478,7182.76652601101,2121.263671875,340
1415,7222.45437366788,7188.61006499736,2121.263671875,340
1416,7184.34354427477,7187.99029331891,2121.263671875,340
1417,7211.32056616218,7187.4802897774,2122.39916992188,340
1418,7231.24678454419,7189.90532956231,2122.39916992188,340
1419,7172.32354221974,7189.13699076441,2122.39916992188,340
1420,7222.39891536629,7193.05234300649,2122.39916992188,340
1421,7197.17058316409,7192.46001913886,2122.39916992188,340
1422,7197.06328908468,7195.70767075307,2122.39916992188,340
1423,7232.7746739229,7197.93571391134,2122.39916992188,340
1424,7230.90595003329,7197.22562130035,2122.39916992188,340
1425,7190.19747141696,7196.30240337115,2123.83666992188,340
1426,7230.29675830852,7198.20687156888,2123.83666992188,340
1427,7234.71857699917,7199.66534304052,2123.83666992188,340
1428,6999.05994906882,7193.36766280588,2123.83666992188,340
1429,7193.6997272029,7195.15316925463,2123.83666992188,340
1430,7229.4370807468,7197.70119999896,2123.83666992188,340
1431,7179.45659288891,7195.73978948861,2123.83666992188,340
1432,7085.88999496029,7190.49310759339,2123.83666992188,340
1433,7185.95241033378,7192.55750756526,2123.99145507812,340
1434,7224.37181528376,7192.90944923272,2123.99145507812,340
1435,7234.71723375833,7195.76299154803,2123.99145507812,340
1436,7196.3261218136,7195.67111438443,2123.99145507812,340
1437,7207.15218962887,7195.68358482404,2123.99145507812,340
1438,7187.44451984611,7195.52043142726,2123.99145507812,340
1439,7220.09290704156,7196.03262286953,2123.99145507812,340
1440,7149.268507632,7193.1051882281,2123.99145507812,340
1441,7216.74836213301,7194.40138094243,2123.70971679688,340
1442,7237.51135120924,7195.44901234431,2123.70971679688,340
1443,7219.06406217168,7194.96170344941,2123.70971679688,340
1444,7184.36503602143,7195.44336320148,2123.70971679688,340
1445,7220.27209050764,7195.35829020713,2123.70971679688,340
1446,7235.28700455322,7196.8829470627,2123.70971679688,340
1447,7206.24451422204,7197.25019606819,2123.70971679688,340
1448,7055.54576612892,7190.16103975643,2123.70971679688,340
1449,7224.93476837091,7189.92219248994,2122.38793945312,340
1450,7184.16753177214,7189.68099490415,2122.38793945312,340
1451,7174.85890161959,7187.46348063659,2122.38793945312,340
1452,7204.64804751632,7186.26065945728,2122.38793945312,340
1453,7141.97502054305,7191.97726231625,2122.38793945312,340
1454,7247.40654066138,7194.12553485458,2122.38793945312,340
1455,7100.45686005851,7188.96632602705,2122.38793945312,340
1456,7185.84910544795,7189.22202652941,2122.38793945312,340
1457,7096.16000923168,7189.63282710027,2122.48559570312,340
1458,7216.52410315266,7190.85569481302,2122.48559570312,340
1459,7205.23887812284,7190.09037732659,2122.48559570312,340
1460,7223.18258234758,7189.62899127016,2122.48559570312,340
1461,7177.64928271389,7188.88191770617,2122.48559570312,340
1462,7215.18645785098,7189.20328843505,2122.48559570312,340
1463,7190.81464497112,7189.33809344005,2122.48559570312,340
1464,7236.34433789273,7189.9881506741,2122.48559570312,340
1465,7151.19534948192,7190.0652243481,2123.89892578125,340
1466,7203.14901630225,7189.52125051487,2123.89892578125,340
1467,7217.10338108574,7188.70493170993,2123.89892578125,340
1468,7187.78632278132,7187.45382213431,2123.89892578125,340
1469,7194.15094135846,7187.84525834779,2123.89892578125,340
1470,7236.93817489943,7188.51190172347,2123.89892578125,340
1471,7258.16216049797,7189.42690796126,2123.89892578125,340
1472,7254.62942139796,7191.36230424829,2123.89892578125,340
1473,7252.97361273849,7199.25941811268,2126.71313476562,340
1474,7223.01001133478,7199.18242783123,2126.71313476562,340
1475,7258.85247623236,7202.16982560964,2126.71313476562,340
1476,7200.68235456817,7203.20276372758,2126.71313476562,340
1477,7206.51631554252,7203.27749444863,2126.71313476562,340
1478,7197.99119129917,7205.51814127887,2126.71313476562,340
1479,7222.69331876449,7204.529612403,2126.71313476562,340
1480,7218.44911841983,7209.24930273745,2126.71313476562,340
1481,7200.3094851213,7209.82771792439,2125.79077148438,340
1482,7209.40465961082,7214.35750393955,2125.79077148438,340
1483,7235.68949105367,7215.12411945559,2125.79077148438,340
1484,7153.12529900665,7213.03957629094,2125.79077148438,340
1485,7208.09795205358,7212.43619107918,2125.79077148438,340
1486,7166.06235352082,7211.97271391146,2125.79077148438,340
1487,7235.12334612715,7212.77018944251,2125.79077148438,340
1488,7173.90535324013,7212.09381777327,2125.79077148438,340
1489,7217.90116492901,7211.35609085472,2126.57104492188,340
1490,7154.63034165372,7211.49349054159,2126.57104492188,340
1491,7255.659685271,7213.59391730034,2126.57104492188,340
1492,7231.78916866259,7214.18134880341,2126.57104492188,340
1493,7194.85526752179,7214.46410659303,2126.57104492188,340
1494,7089.79887475422,7210.29002392886,2126.57104492188,340
1495,7224.97229570729,7209.81138876118,2126.57104492188,340
1496,7085.53638521399,7202.90635774982,2126.57104492188,340
1497,7231.08329492313,7201.96451269083,2127.03955078125,340
1498,7258.10273409968,7202.16967754527,2127.03955078125,340
1499,7213.02219003627,7201.77016469333,2127.03955078125,340
1500,7166.36847207952,7198.07080452722,2127.03955078125,340
1501,7221.23716824253,7198.89299707419,2127.03955078125,340
1502,7216.17667184804,7199.27941132642,2127.03955078125,340
1503,7136.42558821146,7196.81678720291,2127.03955078125,340
1504,7254.01193257632,7198.06953175538,2127.03955078125,340
1505,7235.00061098031,7198.7315914578,2128.85766601562,340
1506,7157.02570901305,7197.00024041347,2128.85766601562,340
1507,7137.7509618475,7194.13409250294,2128.85766601562,340
1508,7171.80900173169,7191.57887293006,2128.85766601562,340
1509,7083.84368185658,7188.80760824405,2128.85766601562,340
1510,7096.7373580181,7184.35318448263,2128.85766601562,340
1511,7188.27599213582,7185.24173002724,2128.85766601562,340
1512,7185.71735567055,7183.26549040897,2128.85766601562,340
1513,7198.27570956297,7184.24030466188,2129.59887695312,340
1514,7220.04076523908,7184.32588867429,2129.59887695312,340
1515,7226.56248687896,7187.2031744833,2129.59887695312,340
1516,7241.53401048987,7186.63814749205,2129.59887695312,340
1517,7220.42104688316,7186.18342262088,2129.59887695312,340
1518,7143.15352988614,7184.11535311545,2129.59887695312,340
1519,7180.15315026088,7187.72952413572,2129.59887695312,340
1520,7225.94172366906,7187.76830125419,2129.59887695312,340
1521,7184.76087404572,7191.73728080746,2129.3759765625,340
1522,7164.88925458144,7189.08951919379,2129.3759765625,340
1523,7216.70031826359,7187.43342256035,2129.3759765625,340
1524,7046.65868650882,7180.77888241925,2129.3759765625,340
1525,7210.16297425322,7182.53066250619,2129.3759765625,340
1526,7197.1941288979,7181.56894093241,2129.3759765625,340
1527,7268.03244478109,7183.64317184973,2129.3759765625,340
1528,7202.10100417141,7186.27018848813,2129.3759765625,340
1529,7226.75399329561,7185.1798709169,2127.171875,340
1530,7188.30473306176,7183.31203580016,2127.171875,340
1531,7200.19142580889,7185.03866447199,2127.171875,340
1532,6914.22877258322,7176.09777690142,2127.171875,340
1533,6962.19295339688,7167.71313496803,2127.171875,340
1534,7222.23249546454,7173.24868751235,2127.171875,340
1535,6952.14850252124,7167.46513329248,2127.171875,340
1536,7098.47761204324,7163.87319808877,2127.171875,340
1537,7195.38844310097,7164.26004158599,2128.42749023438,340
1538,7259.37968538751,7166.70420061897,2128.42749023438,340
1539,7206.05392165546,7166.14472687562,2128.42749023438,340
1540,7243.12365054784,7166.80717342238,2128.42749023438,340
1541,7097.31825434396,7161.03854317654,2128.42749023438,340
1542,7231.94158967521,7161.49936488822,2128.42749023438,340
1543,7238.03612922533,7165.29466886179,2128.42749023438,340
1544,7253.08804146704,7168.21206451004,2128.42749023438,340
1545,7228.47607182798,7168.31343843639,2130.60107421875,340
1546,7215.0839127979,7169.52635998648,2130.60107421875,340
1547,7043.43751602337,7164.66829044416,2130.60107421875,340
1548,6887.93777157087,7151.51778857645,2130.60107421875,340
1549,7124.64693988169,7154.63731871137,2130.60107421875,340
1550,7174.80418414194,7153.22296710691,2130.60107421875,340
1551,7219.12524003376,7154.10021155235,2130.60107421875,340
1552,7151.13299992854,7149.42423375825,2130.60107421875,340
1553,7092.04474094042,7145.02198322901,2130.92407226562,340
1554,7195.1814683863,7143.75908223264,2130.92407226562,340
1555,7256.12006908406,7146.47169567353,2130.92407226562,340
1556,7126.32238553764,7143.51693406268,2130.92407226562,340
1557,7239.80432602549,7156.53995620037,2130.92407226562,340
1558,7110.16685333373,7162.45891219784,2130.92407226562,340
1559,7208.96524160064,7161.92822204329,2130.92407226562,340
1560,7240.89016395589,7173.47788850067,2130.92407226562,340
1561,7222.94954510039,7178.45676582296,2130.0068359375,340
1562,7215.5913863609,7179.26488355336,2130.0068359375,340
1563,7086.40728107627,7172.34598738091,2130.0068359375,340
1564,7192.67363128284,7171.810775766,2130.0068359375,340
1565,7192.29395466549,7169.77758793071,2130.0068359375,340
1566,7211.02531130364,7174.3258702091,2130.0068359375,340
1567,7174.74512717798,7172.03801170921,2130.0068359375,340
1568,7247.43866875928,7172.41411329056,2130.0068359375,340
1569,7213.19417363305,7170.8183585772,2130.89086914062,340
1570,7184.76855969274,7169.07005809179,2130.89086914062,340
1571,7185.66677457974,7167.89337256307,2130.89086914062,340
1572,7159.99251106844,7172.55557236487,2130.89086914062,340
1573,7227.88813128686,7186.15358675351,2130.89086914062,340
1574,7171.98971758052,7188.04729786146,2130.89086914062,340
1575,7240.8927156904,7190.6908391234,2130.89086914062,340
1576,7125.17121837111,7186.9326782569,2130.89086914062,340
1577,7208.93085144789,7189.24459231767,2132.83740234375,340
1578,7224.89939488782,7194.55877847557,2132.83740234375,340
1579,7194.79990758484,7194.54351604351,2132.83740234375,340
1580,7137.81372684232,7189.81126235384,2132.83740234375,340
1581,7261.38778659121,7195.21387839598,2132.83740234375,340
1582,7221.55051512031,7194.48372595977,2132.83740234375,340
1583,7233.1659762067,7199.40369087469,2132.83740234375,340
1584,7207.43118653306,7199.34232867199,2132.83740234375,340
1585,7205.87133452806,7197.94157549487,2132.97436523438,340
1586,7169.45532607267,7195.80180673377,2132.97436523438,340
1587,7227.80784937387,7196.29046525429,2132.97436523438,340
1588,7213.77245641193,7201.38507226771,2132.97436523438,340
1589,7181.56835833163,7200.94086134966,2132.97436523438,340
1590,7215.74980366736,7201.87909530974,2132.97436523438,340
1591,7244.79176357907,7203.22975340075,2132.97436523438,340
1592,7242.37957714452,7205.93513139942,2132.97436523438,340
1593,7242.15299085435,7205.72370428322,2132.7294921875,340
1594,7063.45715246924,7199.73422343667,2132.7294921875,340
1595,7222.02478521898,7201.22447245772,2132.7294921875,340
1596,7096.21129034099,7197.64625308817,2132.7294921875,340
1597,7184.73886397217,7198.63610720432,2132.7294921875,340
1598,7221.37064828279,7198.37540788415,2132.7294921875,340
1599,7258.24426159184,7201.82558964461,2132.7294921875,340
1600,7253.84271412135,7202.34358958184,2132.7294921875,340
1601,7225.40683606633,7206.35301428965,2133.51708984375,340
1602,7234.31922676767,7207.36854930244,2133.51708984375,340
1603,7180.0021968442,7205.5726613807,2133.51708984375,340
1604,7219.86084770614,7206.57509898555,2133.51708984375,340
1605,7209.55195157371,7209.44462797481,2133.51708984375,340
1606,7114.41612646681,7203.56576156983,2133.51708984375,340
1607,7223.35603042601,7203.63798218206,2133.51708984375,340
1608,7154.07328884412,7200.47427468755,2133.51708984375,340
1609,7234.38788911052,7201.55254279065,2134.88623046875,340
1610,7159.53955584991,7199.69927164353,2134.88623046875,340
1611,7215.58413518502,7201.54442400802,2134.88623046875,340
1612,7112.57716781943,7196.93519674584,2134.88623046875,340
1613,7188.2827451278,7195.91560829448,2134.88623046875,340
1614,7221.46169569989,7197.51134178921,2134.88623046875,340
1615,7217.33761728018,7197.57485433372,2134.88623046875,340
1616,7214.99016381337,7196.38279034309,2134.88623046875,340
1617,7268.39918290042,7197.42357457333,2132.90600585938,340
1618,7242.92104483166,7197.45429673242,2132.90600585938,340
1619,6981.42552084022,7194.17303146726,2132.90600585938,340
1620,7228.15030452768,7194.41805223961,2132.90600585938,340
1621,7075.01508240106,7193.57020392201,2132.90600585938,340
1622,7198.01429751737,7194.10122126382,2132.90600585938,340
1623,7248.1496485601,7195.17238127491,2132.90600585938,340
1624,7221.29685181778,7193.69448488395,2132.90600585938,340
1625,7250.20296407849,7193.54889488223,2132.2109375,340
1626,7218.35951993985,7193.26700223717,2132.2109375,340
1627,7215.91656656141,7192.53089582893,2132.2109375,340
1628,7150.92222726112,7191.3676970456,2132.2109375,340
1629,7191.00702564433,7190.21354416313,2132.2109375,340
1630,7057.16979761205,7184.11825800466,2132.2109375,340
1631,7215.33167981306,7188.15488013851,2132.2109375,340
1632,7158.78997117424,7185.57223776844,2132.2109375,340
1633,7194.84435821404,7187.20308054324,2134.24047851562,340
1634,7097.99145393295,7181.74722313614,2134.24047851562,340
1635,7253.34277392045,7185.49935185896,2134.24047851562,340
1636,7225.02693836687,7185.87706398623,2134.24047851562,340
1637,7229.45448714656,7190.55215675932,2134.24047851562,340
1638,7243.52013695804,7192.76165243253,2134.24047851562,340
1639,7232.66898776806,7193.20994411525,2134.24047851562,340
1640,7149.63242864839,7190.50173656998,2134.24047851562,340
1641,7232.2307235772,7191.19135896054,2137.21728515625,340
1642,7195.99847830176,7188.29533077659,2137.21728515625,340
1643,7248.95007036336,7188.53649179786,2137.21728515625,340
1644,7197.09804969795,7197.16339295217,2137.21728515625,340
1645,7265.8209088694,7198.67021712583,2137.21728515625,340
1646,7180.74863330984,7202.89955916219,2137.21728515625,340
1647,7249.85116171042,7204.97303372991,2137.21728515625,340
1648,7228.57916146353,7204.19021424605,2137.21728515625,340
1649,7247.32729010083,7205.23143177737,2140.125,340
1650,7273.16315348368,7206.14983935358,2140.125,340
1651,7247.28454276247,7207.30684026648,2140.125,340
1652,7248.52943087941,7208.6113548392,2140.125,340
1653,7242.10059604895,7212.25848959071,2140.125,340
1654,7246.7973933693,7214.49010429971,2140.125,340
1655,7168.26109422952,7218.93375616441,2140.125,340
1656,7237.6529788357,7219.82660812532,2140.125,340
1657,7229.92459355821,7222.67199302068,2141.10766601562,340
1658,7247.01666227534,7224.75888518313,2141.10766601562,340
1659,7225.95724384671,7229.87751677968,2141.10766601562,340
1660,7225.52687131297,7228.76488067538,2141.10766601562,340
1661,7202.63036245611,7227.86901763895,2141.10766601562,340
1662,7227.64798067671,7227.79675738015,2141.10766601562,340
1663,7143.00216564052,7223.77603852745,2141.10766601562,340
1664,7116.85235406252,7219.14337317923,2141.10766601562,340
1665,7206.68293910379,7221.42539359745,2140.56201171875,340
1666,7204.1195927459,7220.3009483642,2140.56201171875,340
1667,7162.70895748562,7218.96936753155,2140.56201171875,340
1668,7200.51739081628,7217.03206034967,2140.56201171875,340
1669,7231.54414928075,7218.40990433298,2140.56201171875,340
1670,7166.39866844163,7214.43301471587,2140.56201171875,340
1671,7243.46319977053,7216.9415973743,2140.56201171875,340
1672,7217.87540809198,7215.66256722956,2140.56201171875,340
1673,7171.22551748111,7213.36842147026,2137.38208007812,340
1674,7181.17613804703,7210.72237538811,2137.38208007812,340
1675,7265.5710893779,7210.41869282388,2137.38208007812,340
1676,7190.39631082971,7208.14316354657,2137.38208007812,340
1677,7214.40151510749,7206.77804691569,2137.38208007812,340
1678,7251.246123487,7207.14386801321,2137.38208007812,340
1679,7261.35907004324,7207.72633508017,2137.38208007812,340
1680,7201.51688912238,7209.05656687589,2137.38208007812,340
1681,7207.32923546539,7207.84361714107,2137.4501953125,340
1682,7197.41920798414,7206.54340171811,2137.4501953125,340
1683,7209.99549234333,7205.06255492083,2137.4501953125,340
1684,7115.67298076075,7200.65118439739,2137.4501953125,340
1685,7199.16594289149,7199.59674726053,2137.4501953125,340
1686,6974.05467016701,7190.45371956897,2137.4501953125,340
1687,7107.13787725044,7185.63331543192,2137.4501953125,340
1688,7170.77116512557,7186.74407541132,2137.4501953125,340
1689,7152.3679553529,7188.16469946293,2135.49975585938,340
1690,7151.95273509057,7185.97549130241,2135.49975585938,340
1691,7262.97387216661,7188.32966247923,2135.49975585938,340
1692,7158.60283031487,7188.1654173924,2135.49975585938,340
1693,7105.59050238729,7184.36834185524,2135.49975585938,340
1694,7197.56939659218,7183.0093517477,2135.49975585938,340
1695,7160.77017884046,7182.78421216365,2135.49975585938,340
1696,7133.27302654598,7178.37660523467,2135.49975585938,340
1697,7159.6981345185,7176.04951429173,2133.48559570312,340
1698,7102.25379251934,7173.29064529326,2133.48559570312,340
1699,7068.53227254121,7168.78489067303,2133.48559570312,340
1700,7177.03756138159,7165.24354955318,2133.48559570312,340
1701,7116.49392335908,7162.28745405435,2133.48559570312,340
1702,7186.99379202088,7161.19114513089,2133.48559570312,340
1703,7022.96109132969,7152.0597438446,2133.48559570312,340
1704,7126.93998038328,7146.6829802582,2133.48559570312,340
1705,7244.62971588451,7148.40749332868,2127.17578125,340
1706,7236.03539451841,7149.5557396908,2127.17578125,340
1707,7198.94004267291,7149.61657307836,2127.17578125,340
1708,7202.17327047599,7149.30368420366,2127.17578125,340
1709,7138.71068004909,7150.2251921752,2127.17578125,340
1710,7232.94991226337,7151.57655095007,2127.17578125,340
1711,7258.62486027656,7162.95935855445,2127.17578125,340
1712,7063.66683071954,7161.22051669322,2127.17578125,340
1713,7183.84714044559,7161.74355570602,2127.20922851562,340
1714,7200.94825416844,7163.68676765864,2127.20922851562,340
1715,7222.5828555821,7166.5119724783,2127.20922851562,340
1716,7253.61456338365,7166.13760012698,2127.20922851562,340
1717,7269.0918214385,7170.55715977193,2127.20922851562,340
1718,7208.03153339488,7174.65480101223,2127.20922851562,340
1719,7096.34546568751,7170.60584377604,2127.20922851562,340
1720,7211.62692146134,7172.64011348088,2127.20922851562,340
1721,7257.41970694346,7177.60598069678,2128.47973632812,340
1722,7219.58869701371,7180.00160319659,2128.47973632812,340
1723,7253.4831911942,7186.05077914358,2128.47973632812,340
1724,7170.75339850082,7190.13962418196,2128.47973632812,340
1725,7250.20603198428,7193.06636300607,2128.47973632812,340
1726,7258.06623373962,7198.72925542129,2128.47973632812,340
1727,7224.89067917019,7200.24513090726,2128.47973632812,340
1728,7209.41449963948,7207.70326723966,2128.47973632812,340
1729,7186.78940444994,7210.09724420232,2129.23291015625,340
1730,7230.59874451147,7209.5360053474,2129.23291015625,340
1731,7141.88763917221,7205.77009513355,2129.23291015625,340
1732,7232.55235544429,7207.11458764441,2129.23291015625,340
1733,7174.90262744714,7206.02376192325,2129.23291015625,340
1734,7273.22484831465,7211.40432865388,2129.23291015625,340
1735,6923.76366131905,7199.0368786161,2129.23291015625,340
1736,7223.06194250503,7197.61436190524,2129.23291015625,340
1737,7215.28743675958,7203.67918614684,2127.49267578125,340
1738,7207.59809657546,7204.62922439204,2127.49267578125,340
1739,7211.6690115001,7205.05805468531,2127.49267578125,340
1740,7229.70472437789,7205.34292943714,2127.49267578125,340
1741,7243.93501211375,7204.95574738634,2127.49267578125,340
1742,7226.87151613168,7203.26693517407,2127.49267578125,340
1743,7264.84270027364,7205.53938184922,2127.49267578125,340
1744,7150.59695687176,7207.70944149659,2127.49267578125,340
1745,7220.90668407227,7208.08063200103,2131.75610351562,340
1746,7246.21623005162,7207.63249292535,2131.75610351562,340
1747,7210.92069520653,7207.28577285306,2131.75610351562,340
1748,7159.27596901891,7203.51748396605,2131.75610351562,340
1749,7230.2865971144,7205.8988119106,2131.75610351562,340
1750,7141.23565058969,7201.53999665481,2131.75610351562,340
1751,7241.98020103466,7200.89655534662,2131.75610351562,340
1752,7249.71286450267,7201.88944275991,2131.75610351562,340
1753,7074.59392267004,7196.49661968113,2133.7421875,340
1754,7192.39060571488,7196.72066773173,2133.7421875,340
1755,7202.54216875211,7195.59840470136,2133.7421875,340
1756,7243.41570453602,7199.65952731591,2133.7421875,340
1757,7194.81964486865,7198.15021889288,2133.7421875,340
1758,7236.36256990781,7200.60861659131,2133.7421875,340
1759,7197.69395971049,7197.58738104715,2133.7421875,340
1760,7220.33429995952,7209.45020659277,2133.7421875,340
1761,7153.68553378946,7206.67515024414,2132.85131835938,340
1762,7168.35664394992,7204.79791853176,2132.85131835938,340
1763,7044.99645887136,7198.29385302359,2132.85131835938,340
1764,7239.128902853,7199.39224867771,2132.85131835938,340
1765,7250.15644826215,7200.21031763308,2132.85131835938,340
1766,7175.86359959126,7197.48746113218,2132.85131835938,340
1767,7198.30178076674,7196.34467171758,2132.85131835938,340
1768,7168.58362628862,7192.49430875818,2132.85131835938,340
1769,7081.4844010886,7189.72980652685,2131.31274414062,340
1770,7139.01669080299,7186.45420679608,2131.31274414062,340
1771,7114.85144080087,7181.19961522605,2131.31274414062,340
1772,7200.92743899533,7180.7998849776,2131.31274414062,340
1773,7121.47900101481,7179.28800625744,2131.31274414062,340
1774,7109.18201286178,7174.44382288734,2131.31274414062,340
1775,7097.13109561575,7172.67964068838,2131.31274414062,340
1776,7188.97691818057,7170.55950937421,2131.31274414062,340
1777,7203.99805043065,7168.73091681133,2130.70703125,340
1778,7222.2833662427,7174.63849455424,2130.70703125,340
1779,7215.17497885668,7175.54986947991,2130.70703125,340
1780,7217.00665020129,7176.12844873788,2130.70703125,340
1781,7261.63078405479,7176.85705191863,2130.70703125,340
1782,7209.59596226732,7177.44810461458,2130.70703125,340
1783,7113.17201726252,7172.52048250877,2130.70703125,340
1784,7209.73747377187,7173.00222307122,2130.70703125,340
1785,7126.22204774396,7169.2377329826,2129.75732421875,340
1786,7210.27252213009,7171.50121251622,2129.75732421875,340
1787,7134.52470168339,7170.14793482556,2129.75732421875,340
1788,6937.9716729582,7165.86694338904,2129.75732421875,340
1789,7213.98996080455,7164.8613857071,2129.75732421875,340
1790,7239.22322028072,7164.42405658784,2129.75732421875,340
1791,7210.30595623849,7165.80175085373,2129.75732421875,340
1792,7232.68144561088,7167.1769374475,2129.75732421875,340
1793,7212.43972042573,7168.93118121298,2130.10717773438,340
1794,7188.74708355907,7173.2216885118,2130.10717773438,340
1795,7189.8573036155,7175.2553130243,2130.10717773438,340
1796,7237.40575064917,7180.15748541823,2130.10717773438,340
1797,7175.44961417911,7179.13837242558,2130.10717773438,340
1798,7199.01709022844,7182.23989599413,2130.10717773438,340
1799,7234.374583447,7187.24759881754,2130.10717773438,340
1800,7246.57895675241,7193.225513263,2130.10717773438,340
1801,7196.7268806159,7193.53551176042,2131.12451171875,340
1802,7145.90686119762,7191.2118641911,2131.12451171875,340
1803,7087.6703179405,7185.82734225901,2131.12451171875,340
1804,7206.16930199307,7185.46711518446,2131.12451171875,340
1805,7249.79230668278,7186.77854144372,2131.12451171875,340
1806,7217.44373195754,7185.01105935983,2131.12451171875,340
1807,7253.42448012513,7186.76420007414,2131.12451171875,340
1808,7217.18880223521,7190.92487147305,2131.12451171875,340
1809,7165.94480076935,7189.17316455295,2133.18188476562,340
1810,7191.23561996645,7191.77370744185,2133.18188476562,340
1811,7227.63035993646,7192.46802095411,2133.18188476562,340
1812,7233.86139513623,7196.44148869222,2133.18188476562,340
1813,7184.55954529183,7206.30500358556,2133.18188476562,340
1814,7051.32452664148,7199.79838621904,2133.18188476562,340
1815,7206.92109055067,7198.50630102984,2133.18188476562,340
1816,7126.24875673624,7195.14401304975,2133.18188476562,340
1817,7221.83842103972,7194.7102920669,2134.62744140625,340
1818,6969.57901809285,7184.99586397359,2134.62744140625,340
1819,7182.59136739844,7184.74963532717,2134.62744140625,340
1820,7251.00224845644,7187.1954331208,2134.62744140625,340
1821,7180.2396204836,7184.90878791418,2134.62744140625,340
1822,7236.82742054661,7187.36390016888,2134.62744140625,340
1823,7255.47941621378,7189.62239320829,2134.62744140625,340
1824,7021.99489509605,7181.12720567425,2134.62744140625,340
1825,7226.76352624572,7180.33458845399,2133.97387695312,340
1826,7127.27080207265,7177.55634531226,2133.97387695312,340
1827,7170.75149894573,7178.55013082218,2133.97387695312,340
1828,7232.49292375148,7184.34303505462,2133.97387695312,340
1829,6998.84676065762,7176.0501334012,2133.97387695312,340
1830,7177.13513941159,7173.14384671035,2133.97387695312,340
1831,7210.82644283764,7172.87915514556,2133.97387695312,340
1832,7171.77773679597,7169.61328541239,2133.97387695312,340
1833,7161.02712968217,7167.36681851027,2131.06518554688,340
1834,7202.87907024913,7168.84418928946,2131.06518554688,340
1835,7186.13312641573,7168.64008954743,2131.06518554688,340
1836,6718.90764258151,7148.29118085323,2131.06518554688,340
1837,7064.87882255567,7141.53187795001,2131.06518554688,340
1838,7164.81073787288,7140.74192565325,2131.06518554688,340
1839,7152.58809261485,7144.79246829219,2131.06518554688,340
1840,7239.70908354721,7146.10398801205,2131.06518554688,340
1841,7199.08682864954,7149.01751088858,2132.76904296875,340
1842,6885.08528992117,7135.54738564384,2132.76904296875,340
1843,7144.8437882573,7142.55797645042,2132.76904296875,340
1844,7053.17053814021,7137.38114328009,2132.76904296875,340
1845,7143.38372541902,7133.07640235859,2132.76904296875,340
1846,7109.58835484334,7130.25035173298,2132.76904296875,340
1847,6884.4714910822,7116.15611455441,2132.76904296875,340
1848,7026.29604460664,7106.98877969012,2132.76904296875,340
1849,7053.98100856761,7108.26822422898,2135.87451171875,340
1850,6916.32802349865,7095.8508041191,2135.87451171875,340
1851,6955.70374418313,7088.98812180352,2135.87451171875,340
1852,6889.11243825731,7077.72255937598,2135.87451171875,340
1853,6795.31192544901,7060.23531944388,2135.87451171875,340
1854,6944.08665306377,7058.04491514013,2135.87451171875,340
1855,7017.45807875758,7051.65783271397,2135.87451171875,340
1856,7185.81417650159,7050.65734206053,2135.87451171875,340
1857,6967.04521264601,7042.46804109453,2134.80517578125,340
1858,6899.4813313684,7032.00620916198,2134.80517578125,340
1859,6830.57209089747,7017.11392998791,2134.80517578125,340
1860,6904.55671079139,7005.85087336294,2134.80517578125,340
1861,6751.00466924561,7007.1347544295,2134.80517578125,340
1862,6934.75141896882,7001.92965828603,2134.80517578125,340
1863,6989.60867686486,6994.92157584571,2134.80517578125,340
1864,7208.88389671339,6997.17340800965,2134.80517578125,340
1865,6944.10772740416,6985.34935376393,2135.44287109375,340
1866,6860.48421283897,6971.80524913151,2135.44287109375,340
1867,6814.29487905995,6968.97363269706,2135.44287109375,340
1868,6835.10621575302,6956.58412979688,2135.44287109375,340
1869,6803.50256795688,6946.59741098955,2135.44287109375,340
1870,7031.29572865436,6942.11389111897,2135.44287109375,340
1871,6943.89214125855,6935.48604257557,2135.44287109375,340
1872,6938.69088412454,6937.65481829727,2135.44287109375,340
1873,6946.34250024022,6934.45667652261,2135.05102539062,340
1874,7192.73305526942,6940.00675839068,2135.05102539062,340
1875,7054.29145539541,6945.52529566655,2135.05102539062,340
1876,7101.81374901166,6951.36969585969,2135.05102539062,340
1877,6866.84959796746,6950.4791822481,2135.05102539062,340
1878,6978.88540419929,6957.82212139811,2135.05102539062,340
1879,7053.28134768303,6962.18990918288,2135.05102539062,340
1880,6729.25437082828,6950.66176086571,2135.05102539062,340
1881,7116.99569046891,6947.9090214244,2137.02099609375,340
1882,7147.94878066802,6955.14516414528,2137.02099609375,340
1883,6872.773751827,6954.07686096363,2137.02099609375,340
1884,6946.03127610083,6958.69522837176,2137.02099609375,340
1885,7054.17999760132,6964.68015984416,2137.02099609375,340
1886,7095.77411918481,6978.47093784173,2137.02099609375,340
1887,6937.73130255227,6978.59013318506,2137.02099609375,340
1888,7079.95092021762,6982.20382291917,2137.02099609375,340
1889,7134.19862193026,6979.21641192785,2132.21362304688,340
1890,7053.51692623649,6983.59277988114,2132.21362304688,340
1891,7202.34614308603,6997.26725709102,2132.21362304688,340
1892,6956.13787592911,7002.94097696579,2132.21362304688,340
1893,7216.56617172531,7018.19937520468,2132.21362304688,340
1894,6909.49009141237,7022.4388761429,2132.21362304688,340
1895,6890.04355671893,7016.78878926549,2132.21362304688,340
1896,7132.01069630925,7024.31353146751,2132.21362304688,340
1897,7158.61244738257,7033.11039399783,2128.54833984375,340
1898,6920.39524685117,7032.07250386227,2128.54833984375,340
1899,6910.0819370272,7020.76645913258,2128.54833984375,340
1900,7059.36852282866,7020.96954182991,2128.54833984375,340
1901,7152.71897645698,7023.00575092773,2128.54833984375,340
1902,7173.14580664509,7035.25759927483,2128.54833984375,340
1903,6901.81812850552,7032.17490824708,2128.54833984375,340
1904,7051.2653746953,7032.09426932757,2128.54833984375,340
1905,7024.21294655876,7043.89261235679,2123.60595703125,340
1906,7001.14773771142,7039.25869424649,2123.60595703125,340
1907,7066.29040499177,7035.99235921944,2123.60595703125,340
1908,7066.48295155484,7043.74072720856,2123.60595703125,340
1909,7052.71652328719,7048.00813709601,2123.60595703125,340
1910,7115.30875815296,7050.45328751808,2123.60595703125,340
1911,7145.10246237225,7052.42642124557,2123.60595703125,340
1912,7077.34146157791,7058.0108276066,2123.60595703125,340
1913,7028.37376745634,7055.94774149615,2122.10009765625,340
1914,7002.85454336482,7050.69397835353,2122.10009765625,340
1915,6860.00578211556,7042.95353258869,2122.10009765625,340
1916,7011.67498331975,7035.32668619804,2122.10009765625,340
1917,7053.19002963351,7039.20877234622,2122.10009765625,340
1918,7073.43557426375,7033.48354844776,2122.10009765625,340
1919,7106.02226402468,7041.34483535225,2122.10009765625,340
1920,7136.18454447203,7051.19047486237,2122.10009765625,340
1921,6954.78993997704,7044.10164460908,2118.455078125,340
1922,7177.68781774538,7044.8646594236,2118.455078125,340
1923,7205.68835344513,7056.27638368735,2118.455078125,340
1924,6956.44580252169,7058.13093830713,2118.455078125,340
1925,7118.18153144142,7060.48345865164,2118.455078125,340
1926,7149.99126460297,7060.37435017749,2118.455078125,340
1927,7127.3266166241,7058.54158257664,2118.455078125,340
1928,6929.49456800453,7059.6486401566,2118.455078125,340
1929,7090.79376338267,7061.2297757041,2116.47802734375,340
1930,7002.35034537776,7060.35527165686,2116.47802734375,340
1931,7143.69072149355,7066.05699100814,2116.47802734375,340
1932,7116.69703384687,7068.07325616235,2116.47802734375,340
1933,7176.0471511627,7072.45582414666,2116.47802734375,340
1934,7160.81494327947,7076.77976094635,2116.47802734375,340
1935,7184.45158328031,7079.54547395145,2116.47802734375,340
1936,6886.19852062982,7069.18931628175,2116.47802734375,340
1937,7064.47056357501,7068.67448036163,2115.49291992188,340
1938,6862.24428563208,7062.02930108866,2115.49291992188,340
1939,7033.70017091191,7063.26312619055,2115.49291992188,340
1940,7086.37172515033,7072.31776391194,2115.49291992188,340
1941,7101.08866011838,7075.89431098388,2115.49291992188,340
1942,7187.43769425749,7081.26421756884,2115.49291992188,340
1943,7130.95203883314,7083.56487615162,2115.49291992188,340
1944,7105.24581288366,7083.53381810598,2115.49291992188,340
1945,7199.8143029916,7086.07900844676,2104.78515625,340
1946,7138.36547514485,7093.42202985347,2104.78515625,340
1947,7181.23949257047,7093.56409684647,2104.78515625,340
1948,7082.88961190655,7088.65214718493,2104.78515625,340
1949,7175.66483826278,7097.42090861458,2104.78515625,340
1950,7149.22549655918,7098.66266721929,2104.78515625,340
1951,7236.83412562995,7102.13638166037,2104.78515625,340
1952,7199.02122924269,7105.00416616511,2104.78515625,340
1953,6951.58605256002,7105.88782554733,2104.9580078125,340
1954,7154.23452575185,7108.4254560421,2104.9580078125,340
1955,7153.2443398533,7114.46121582112,2104.9580078125,340
1956,7161.34336840505,7115.16732169758,2104.9580078125,340
1957,7237.97114279448,7120.01828605548,2104.9580078125,340
1958,7053.65711660475,7115.12268467316,2104.9580078125,340
1959,7151.43702455524,7114.74756792419,2104.9580078125,340
1960,7195.79218645727,7115.20119205127,2104.9580078125,340
1961,7154.47562138596,7125.93227608152,2102.99194335938,340
1962,7122.42593847818,7128.25049107765,2102.99194335938,340
1963,7042.61636841879,7135.46537438911,2102.99194335938,340
1964,7064.21650675998,7136.68602782304,2102.99194335938,340
1965,7003.30497818211,7133.36335794431,2102.99194335938,340
1966,7197.19062111124,7137.20743638402,2102.99194335938,340
1967,7168.56124040347,7136.45237822986,2102.99194335938,340
1968,7041.3183627495,7132.86703118652,2102.99194335938,340
1969,7182.22471304333,7135.94618719291,2107.98217773438,340
1970,7080.810119414,7131.1860198498,2107.98217773438,340
1971,7197.53012363442,7133.55260578938,2107.98217773438,340
1972,7067.51117667686,7129.00347315364,2107.98217773438,340
1973,7202.24021628371,7133.77749732873,2107.98217773438,340
1974,7191.95303438495,7134.42902517361,2107.98217773438,340
1975,7164.76955454091,7135.05078749288,2107.98217773438,340
1976,7002.15085058441,7125.66345649106,2107.98217773438,340
1977,7234.18416991873,7127.0699741181,2111.36865234375,340
1978,7220.13650022008,7137.8119920245,2111.36865234375,340
1979,7213.30095560693,7140.17464921871,2111.36865234375,340
1980,7191.02841591405,7141.68601226114,2111.36865234375,340
1981,7118.91614007843,7139.98892312807,2111.36865234375,340
1982,7241.72724841871,7140.13916735304,2111.36865234375,340
1983,7210.08085426906,7146.39611685961,2111.36865234375,340
1984,7242.19071127361,7150.02626432835,2111.36865234375,340
1985,7103.57848785125,7146.33771638411,2110.3466796875,340
1986,7115.8326493109,7144.7919975011,2110.3466796875,340
1987,7218.94367105187,7148.65270680405,2110.3466796875,340
1988,7088.9147087956,7150.50464041912,2110.3466796875,340
1989,7193.88591743066,7155.69141684595,2110.3466796875,340
1990,7159.49051750782,7161.93883841898,2110.3466796875,340
1991,7069.23086333632,7156.82044810798,2110.3466796875,340
1992,7191.21174423007,7157.72646826105,2110.3466796875,340
1993,7006.16843690965,7156.32047122745,2113.984375,340
1994,7246.10540695767,7158.87569898403,2113.984375,340
1995,7209.44762573881,7164.02119923702,2113.984375,340
1996,7159.97165715008,7162.51886057765,2113.984375,340
1997,7220.3475531999,7168.63231563857,2113.984375,340
1998,7130.4397905679,7165.76029860994,2113.984375,340
1999,7105.73036770651,7162.3113919428,2113.984375,340
2000,7207.85296814782,7164.03472848707,2113.984375,340
2001,7181.02053530457,7171.18951587588,2116.17749023438,340
2002,7171.34725494727,7168.67603927702,2116.17749023438,340
2003,7218.49083466284,7168.61021265473,2116.17749023438,340
2004,7177.93580865818,7167.19560677678,2116.17749023438,340
2005,7195.53279943544,7167.37578211764,2116.17749023438,340
2006,7193.7686935064,7170.36988425476,2116.17749023438,340
2007,7171.9103478333,7167.57720823134,2116.17749023438,340
2008,7172.55540657053,7166.0761903234,2116.17749023438,340
2009,7200.46678367409,7164.40723321942,2114.75610351562,340
2010,7226.13166842358,7169.30936044231,2114.75610351562,340
2011,7193.68132377083,7172.42330742071,2114.75610351562,340
2012,7254.13330475733,7173.83089276893,2114.75610351562,340
2013,7240.11228620303,7179.87879586522,2114.75610351562,340
2014,7046.75438147612,7173.99353442704,2114.75610351562,340
2015,7218.6872279088,7176.36140284308,2114.75610351562,340
2016,6880.0757155454,7168.79519693144,2114.75610351562,340
2017,7214.85000217029,7169.74072724905,2116.33251953125,340
2018,7061.97448776061,7171.97296928309,2116.33251953125,340
2019,7215.82800390437,7170.76187316096,2116.33251953125,340
2020,7199.17881285533,7170.35112064562,2116.33251953125,340
2021,7078.25438780679,7167.08242987189,2116.33251953125,340
2022,7225.22935245089,7167.27770184193,2116.33251953125,340
2023,7253.98058675391,7172.21933368937,2116.33251953125,340
2024,7199.49318223987,7175.9698462707,2116.33251953125,340
2025,7259.48520989196,7178.03513594047,2122.33569335938,340
2026,7166.99011700128,7177.47391920834,2122.33569335938,340
2027,7243.50194247424,7180.36010670942,2122.33569335938,340
2028,7248.06938303932,7181.54324864448,2122.33569335938,340
2029,7210.17252689278,7182.83271737386,2122.33569335938,340
2030,7225.7351994945,7184.04081337622,2122.33569335938,340
2031,7207.41485781857,7184.58665994871,2122.33569335938,340
2032,7231.90676675344,7186.98651670551,2122.33569335938,340
2033,7264.48502192659,7190.66370131976,2125.68872070312,340
2034,7143.88498137359,7188.40042922774,2125.68872070312,340
2035,7140.04439055568,7184.95693811302,2125.68872070312,340
2036,7254.82038527688,7187.40250057326,2125.68872070312,340
2037,7239.60776371949,7186.82147893175,2125.68872070312,340
2038,7238.8850642228,7186.77239005254,2125.68872070312,340
2039,7220.1414481496,7193.70787271948,2125.68872070312,340
2040,7083.61114017484,7188.30482921012,2125.68872070312,340
2041,7257.13077084559,7203.38703142213,2126.54321289062,340
2042,7120.79095576545,7199.62466956593,2126.54321289062,340
2043,7259.6134701911,7207.53022886315,2126.54321289062,340
2044,7228.54457559861,7208.03889173092,2126.54321289062,340
2045,7224.03235745536,7209.03303351492,2126.54321289062,340
2046,7190.82377329067,7213.53580893428,2126.54321289062,340
2047,7136.18150004445,7209.97389483802,2126.54321289062,340
2048,7265.9487932396,7210.45262309745,2126.54321289062,340
2049,7066.3618426444,7205.12736951363,2127.11401367188,340
2050,7250.45664837293,7204.76622705287,2127.11401367188,340
2051,7239.62068205658,7207.67144965508,2127.11401367188,340
2052,7219.86272716775,7206.72588104282,2127.11401367188,340
2053,7188.6890354864,7204.35066714071,2127.11401367188,340
2054,7228.30359471134,7205.07590985345,2127.11401367188,340
2055,7247.52230337098,7205.94739400851,2127.11401367188,340
2056,7145.800358929,7203.48281405293,2127.11401367188,340
2057,7233.5307638895,7203.54777393837,2126.84423828125,340
2058,7252.70799309916,7203.07669278527,2126.84423828125,340
2059,7242.39603385026,7207.01713488434,2126.84423828125,340
2060,7254.83454223139,7211.60874095137,2126.84423828125,340
2061,7238.91881483161,7210.97267813356,2126.84423828125,340
2062,7251.12520815789,7211.43337591109,2126.84423828125,340
2063,7216.69322398329,7210.54570230151,2126.84423828125,340
2064,7217.81887872404,7210.45279952449,2126.84423828125,340
2065,7091.48445893053,7210.76773227472,2127.16870117188,340
2066,7252.30090683402,7210.57453771425,2127.16870117188,340
2067,7132.06530238865,7211.02551157918,2127.16870117188,340
2068,7267.76431786121,7211.35154548598,2127.16870117188,340
2069,7257.83840520183,7212.52329867011,2127.16870117188,340
2070,7214.05430441248,7212.1241765484,2127.16870117188,340
2071,7243.60608521431,7214.23546902534,2127.16870117188,340
2072,7199.87413233381,7216.78317431692,2127.16870117188,340
2073,7221.06177111664,7214.987693432,2129.94970703125,340
2074,7220.46099217362,7221.15165941317,2129.94970703125,340
2075,7182.69119280974,7218.44104119064,2129.94970703125,340
2076,7268.49745260126,7219.59611201243,2129.94970703125,340
2077,7171.7125168647,7217.67010360031,2129.94970703125,340
2078,7266.42081216694,7220.77937466753,2129.94970703125,340
2079,7104.9849986499,7215.84663082507,2129.94970703125,340
2080,7239.98660330508,7215.54520282244,2129.94970703125,340
2081,7228.32490509307,7218.846184669,2127.27807617188,340
2082,7265.83818031908,7220.13848132618,2127.27807617188,340
2083,7259.07309914069,7220.39308556784,2127.27807617188,340
2084,7149.58519941707,7216.68065219051,2127.27807617188,340
2085,7193.18955356376,7214.21485264381,2127.27807617188,340
2086,7287.52657148581,7216.15916290998,2127.27807617188,340
2087,7259.40433437296,7216.49032795858,2127.27807617188,340
2088,7230.22587721981,7217.03163408804,2127.27807617188,340
2089,7243.98135340667,7218.07813307535,2129.75268554688,340
2090,7249.8798602777,7224.41394912923,2129.75268554688,340
2091,7180.50657479062,7221.5421758475,2129.75268554688,340
2092,7247.98545676012,7226.17898202235,2129.75268554688,340
2093,7233.45418665585,7224.80657677414,2129.75268554688,340
2094,7189.38113624049,7222.06828601569,2129.75268554688,340
2095,7194.73955821688,7221.29569616786,2129.75268554688,340
2096,7260.55304088212,7221.97357439457,2129.75268554688,340
2097,7195.98096317507,7221.81784762823,2129.2783203125,340
2098,7067.37533541782,7215.67039020027,2129.2783203125,340
2099,7254.48018826037,7217.03115804374,2129.2783203125,340
2100,7276.35134305433,7220.77756405352,2129.2783203125,340
2101,7242.46846657422,7219.73640461244,2129.2783203125,340
2102,7237.41918776332,7222.36467144839,2129.2783203125,340
2103,7248.79980259746,7221.65983106561,2129.2783203125,340
2104,7223.94870425924,7226.41837928998,2129.2783203125,340
2105,7254.23860250326,7226.98845925791,2129.76635742188,340
2106,7266.54812412427,7228.51738801916,2129.76635742188,340
2107,7219.00195425161,7226.64393897646,2129.76635742188,340
2108,7272.97300073756,7227.19993504033,2129.76635742188,340
2109,7172.43406415517,7228.11388962986,2129.76635742188,340
2110,7250.8846627077,7230.42169399562,2129.76635742188,340
2111,7279.66714749356,7230.10731703593,2129.76635742188,340
2112,7123.77578733297,7224.68217515433,2129.76635742188,340
2113,7185.73713211039,7222.90262534995,2131.373046875,340
2114,7234.10751877956,7222.50767196487,2131.373046875,340
2115,7283.7468848128,7223.86235294627,2131.373046875,340
2116,7253.12711731648,7226.7671746473,2131.373046875,340
2117,7279.38962812218,7228.02334150179,2131.373046875,340
2118,7241.58586898299,7228.34860879487,2131.373046875,340
2119,7283.75090484333,7232.12339953899,2131.373046875,340
2120,7268.84752974988,7235.08771840031,2131.373046875,340
2121,7282.58009664324,7235.96880063075,2132.06225585938,340
2122,7254.88803387703,7238.32508345883,2132.06225585938,340
2123,7266.33826058769,7246.28360046562,2132.06225585938,340
2124,7199.52368769251,7244.08534044291,2132.06225585938,340
2125,7253.34570199876,7243.16511480069,2132.06225585938,340
2126,7216.67707090561,7242.13345897394,2132.06225585938,340
2127,7262.54346345514,7243.13843000161,2132.06225585938,340
2128,7251.42527998822,7243.24344909725,2132.06225585938,340
2129,7253.45891608234,7244.42385757017,2128.93310546875,340
2130,7249.36237832624,7244.22880860309,2128.93310546875,340
2131,7276.40895710148,7244.62324192218,2128.93310546875,340
2132,7205.48655815238,7244.08262607821,2128.93310546875,340
2133,7202.81769079966,7241.27641368069,2128.93310546875,340
2134,7263.28321189981,7244.91037959048,2128.93310546875,340
2135,7274.53804560159,7245.85651490623,2128.93310546875,340
2136,7269.86315062248,7245.46435503139,2128.93310546875,340
2137,7257.34088008563,7250.8069587415,2130.36572265625,340
2138,7286.24685455745,7254.82734763938,2130.36572265625,340
2139,7250.62256147534,7255.48794934721,2130.36572265625,340
2140,7252.11793840498,7254.2227914909,2130.36572265625,340
2141,7252.91430995792,7254.21427919655,2130.36572265625,340
2142,7278.05145071233,7254.16075210016,2130.36572265625,340
2143,7254.52498118407,7254.6783165882,2130.36572265625,340
2144,7250.53602842535,7253.34972153148,2130.36572265625,340
2145,7159.66252176892,7248.98232121225,2133.50341796875,340
2146,7281.47373169709,7248.9380666144,2133.50341796875,340
2147,7180.49430930586,7245.96231763155,2133.50341796875,340
2148,7271.11071539981,7246.15321582404,2133.50341796875,340
2149,7273.80100131114,7249.12430836878,2133.50341796875,340
2150,7258.65051055625,7249.33650071108,2133.50341796875,340
2151,7271.37776262517,7251.52452837987,2133.50341796875,340
2152,7260.01859623884,7251.42353369121,2133.50341796875,340
2153,7285.81624510079,7252.79917229572,2134.23266601562,340
2154,7261.61353569876,7253.12535708037,2134.23266601562,340
2155,7258.59925506615,7253.49483214997,2134.23266601562,340
2156,7274.90115149491,7253.43451992571,2134.23266601562,340
2157,7290.56486144636,7256.83765205747,2134.23266601562,340
2158,7273.61294983088,7259.66946241872,2134.23266601562,340
2159,7257.02113579523,7259.41897937453,2134.23266601562,340
2160,7266.6510911577,7259.10350119678,2134.23266601562,340
2161,7280.01079280808,7259.5094068842,2134.4306640625,340
2162,7277.72668742139,7260.32483917763,2134.4306640625,340
2163,7264.89327915551,7259.47069616155,2134.4306640625,340
2164,7218.46474364709,7258.18438344842,2134.4306640625,340
2165,7267.80976503226,7258.81205651351,2134.4306640625,340
2166,7247.2210387024,7258.58432566329,2134.4306640625,340
2167,7273.5762197952,7258.40531642661,2134.4306640625,340
2168,7241.53014340127,7257.8855229153,2134.4306640625,340
2169,7269.6721434639,7258.65096751684,2137.25927734375,340
2170,7274.76463773324,7263.25505215541,2137.25927734375,340
2171,7269.15308894443,7262.7622264453,2137.25927734375,340
2172,7287.79176062104,7267.05412449791,2137.25927734375,340
2173,7274.38121702829,7267.18494456305,2137.25927734375,340
2174,7126.37319610071,7261.28783235464,2137.25927734375,340
2175,7286.14181653008,7262.38748459359,2137.25927734375,340
2176,7264.05013853421,7262.09437962995,2137.25927734375,340
2177,7296.04175623166,7263.53530602966,2136.72583007812,340
2178,7273.39964503167,7263.0386420269,2136.72583007812,340
2179,7196.66193622506,7260.44057804795,2136.72583007812,340
2180,7261.9962096834,7260.57645623264,2136.72583007812,340
2181,7303.06747756916,7261.70310927561,2136.72583007812,340
2182,7280.79277422994,7261.31222578695,2136.72583007812,340
2183,7258.85420258465,7260.7218758971,2136.72583007812,340
2184,7283.30849107874,7261.77337010844,2136.72583007812,340
2185,7129.97131096341,7256.30617890067,2140.95434570312,340
2186,7072.51897699177,7248.00650626802,2140.95434570312,340
2187,7269.03142812767,7247.65869589627,2140.95434570312,340
2188,7252.54434620857,7247.16473857839,2140.95434570312,340
2189,7264.38414674736,7249.0015147024,2140.95434570312,340
2190,7228.20653300403,7247.41738542127,2140.95434570312,340
2191,7259.4561134604,7247.90678841159,2140.95434570312,340
2192,7240.84094859353,7246.59737756353,2140.95434570312,340
2193,7290.06713548236,7248.53885724677,2140.4169921875,340
2194,7273.311550034,7248.68443350958,2140.4169921875,340
2195,7297.86721647367,7249.60853665919,2140.4169921875,340
2196,7266.67209214647,7249.50929678727,2140.4169921875,340
2197,7280.30971935407,7249.21001513659,2140.4169921875,340
2198,7214.10846399716,7246.79910501535,2140.4169921875,340
2199,7297.82406217458,7253.6571396583,2140.4169921875,340
2200,7289.72360691532,7253.80041127371,2140.4169921875,340
2201,7243.59713851826,7252.98229127308,2138.328125,340
2202,7284.7599858847,7252.5310204592,2138.328125,340
2203,7277.66316902728,7252.70156141902,2138.328125,340
2204,7268.19584486228,7255.56291776451,2138.328125,340
2205,7289.0874962535,7256.64656922731,2138.328125,340
2206,7157.14781654147,7250.80978278621,2138.328125,340
2207,7259.13303983988,7249.9433934106,2138.328125,340
2208,7256.6186686196,7249.853972052,2138.328125,340
2209,7290.50911528662,7250.14199702032,2138.22827148438,340
2210,7276.45963723796,7256.0015300713,2138.22827148438,340
2211,7251.68770506226,7263.16827919412,2138.22827148438,340
2212,7277.03123946112,7263.48827164746,2138.22827148438,340
2213,7278.36611922883,7264.52114256827,2138.22827148438,340
2214,7246.2696142686,7263.79656126912,2138.22827148438,340
2215,7239.95643155025,7264.26655721097,2138.22827148438,340
2216,7289.27287586856,7265.45922770729,2138.22827148438,340
2217,7251.10995931417,7265.86998813612,2140.05688476562,340
2218,7297.11952552088,7266.15208373766,2140.05688476562,340
2219,7303.19556399127,7267.34744429595,2140.05688476562,340
2220,7261.84651722728,7265.90661632609,2140.05688476562,340
2221,7214.76275122923,7263.83024268941,2140.05688476562,340
2222,7299.78605254162,7264.60929601691,2140.05688476562,340
2223,7283.80159975886,7267.39702144737,2140.05688476562,340
2224,7268.41057253202,7266.22048186167,2140.05688476562,340
2225,7273.26734106385,7265.56223122761,2142.49438476562,340
2226,7288.98023492619,7267.37755508393,2142.49438476562,340
2227,7297.95507922248,7267.90535881744,2142.49438476562,340
2228,7286.98220671171,7268.27812032482,2142.49438476562,340
2229,7275.68334470597,7268.57762031857,2142.49438476562,340
2230,7248.73347811594,7266.96345959306,2142.49438476562,340
2231,7253.97305761336,7270.83646923594,2142.49438476562,340
2232,7275.47450466249,7271.49012782884,2142.49438476562,340
2233,7303.78770078702,7273.37688911554,2144.88598632812,340
2234,7267.60926990382,7272.46089530023,2144.88598632812,340
2235,7289.9929439009,7273.00222756675,2144.88598632812,340
2236,7289.28750282632,7274.50621947731,2144.88598632812,340
2237,7292.17269257922,7275.11187760203,2144.88598632812,340
2238,7292.18483922978,7275.66462640207,2144.88598632812,340
2239,7271.33297523948,7276.66716084091,2144.88598632812,340
2240,7262.32204256064,7277.56178528132,2144.88598632812,340
2241,7275.5061349157,7277.0111156432,2143.95922851562,340
2242,7256.56658938112,7277.22938084588,2143.95922851562,340
2243,7277.97640418249,7276.46365599235,2143.95922851562,340
2244,7271.58921179475,7275.19940190449,2143.95922851562,340
2245,7291.23816906574,7276.37506797803,2143.95922851562,340
2246,7283.04141114816,7279.10621437478,2143.95922851562,340
2247,7264.94082437487,7277.71240524811,2143.95922851562,340
2248,7269.73351484846,7277.1496818517,2143.95922851562,340
2249,7293.74697987247,7278.16313814532,2143.40649414062,340
2250,7250.7398829869,7277.26203982224,2143.40649414062,340
2251,7254.1777348222,7275.86993981808,2143.40649414062,340
2252,7271.50210625021,7274.81182089919,2143.40649414062,340
2253,7262.09645702672,7273.81639091179,2143.40649414062,340
2254,7301.41050133576,7274.84547717698,2143.40649414062,340
2255,7289.76342637591,7276.48667510738,2143.40649414062,340
2256,7281.99523208153,7277.60756208611,2143.40649414062,340
2257,7253.37092237787,7276.72341879472,2144.38452148438,340
2258,7208.61069280563,7272.91633847547,2144.38452148438,340
2259,7297.37198467329,7274.10684706624,2144.38452148438,340
2260,7269.00842193863,7273.26746618775,2144.38452148438,340
2261,7304.07656700164,7273.85902875477,2144.38452148438,340
2262,7272.73857394413,7273.08166400936,2144.38452148438,340
2263,7275.16659379123,7272.40093419182,2144.38452148438,340
2264,7184.75327627081,7268.93774623307,2144.38452148438,340
2265,7221.79796212672,7267.31678301572,2145.16821289062,340
2266,7257.24078337708,7266.58616895417,2145.16821289062,340
2267,7076.86312123265,7259.39803022824,2145.16821289062,340
2268,7209.20303785524,7256.64709557515,2145.16821289062,340
2269,7285.19517264205,7257.19133400904,2145.16821289062,340
2270,7271.28903614276,7256.39336869212,2145.16821289062,340
2271,7304.47182131321,7257.25058509872,2145.16821289062,340
2272,7242.85582229599,7256.36718501557,2145.16821289062,340
2273,7234.1996775837,7254.94583152498,2146.1396484375,340
2274,7146.03959418323,7249.0375360974,2146.1396484375,340
2275,7010.90341515701,7239.44407738421,2146.1396484375,340
2276,7249.41140853451,7239.2534243327,2146.1396484375,340
2277,7132.24747404891,7233.68323904465,2146.1396484375,340
2278,7151.86185888676,7229.27385511905,2146.1396484375,340
2279,7109.67035004327,7221.60424906735,2146.1396484375,340
2280,7138.2406843186,7215.54333938506,2146.1396484375,340
2281,7043.60372169647,7206.00767896966,2143.47094726562,340
2282,7075.68693672168,7198.90031954341,2143.47094726562,340
2283,7278.41748694075,7201.69259130881,2143.47094726562,340
2284,7139.07717178011,7195.36079879309,2143.47094726562,340
2285,7284.02977003267,7195.96165271685,2143.47094726562,340
2286,7117.21908627954,7188.48735348796,2143.47094726562,340
2287,6217.5632444697,7146.28034030899,2143.47094726562,340
2288,7055.18746083001,7137.48117499054,2143.47094726562,340
2289,7239.00623643505,7139.65129339711,2149.47900390625,340
2290,7265.61127110338,7141.40382575618,2149.47900390625,340
2291,7231.68356861179,7140.38153716556,2149.47900390625,340
2292,7080.33670482928,7140.52048050943,2149.47900390625,340
2293,7101.44751410873,7136.21025955957,2149.47900390625,340
2294,7052.80760940069,7126.91475702991,2149.47900390625,340
2295,7273.07953787808,7126.98637709932,2149.47900390625,340
2296,7133.00258871958,7120.12760779558,2149.47900390625,340
2297,7257.09159312741,7120.69703862884,2148.56127929688,340
2298,7260.12024455894,7121.73386130785,2148.56127929688,340
2299,7271.46327829284,7126.75080867223,2148.56127929688,340
2300,7226.04580589529,7135.35650430176,2148.56127929688,340
2301,7225.7915292768,7134.41170913145,2148.56127929688,340
2302,7147.60589063002,7135.0260457947,2148.56127929688,340
2303,7248.98259107117,7138.91087508207,2148.56127929688,340
2304,7218.8582831986,7143.27839240829,2148.56127929688,340
2305,7264.32464373973,7148.32175078513,2144.94580078125,340
2306,7280.91897857931,7157.81436106045,2144.94580078125,340
2307,7259.21814887705,7165.15560954666,2144.94580078125,340
2308,7064.09643636971,7156.58276752382,2144.94580078125,340
2309,7011.62916419886,7151.48484722057,2144.94580078125,340
2310,7194.24136183462,7147.89331089265,2144.94580078125,340
2311,7166.6393524137,7149.87012153801,2144.94580078125,340
2312,7185.65437951618,7188.59376693987,2144.94580078125,340
2313,7119.93481045983,7191.18366092506,2137.84252929688,340
2314,7056.5505211136,7183.88543231221,2137.84252929688,340
2315,7264.41878061026,7183.83773269248,2137.84252929688,340
2316,7122.57411610982,7179.4733545924,2137.84252929688,340
2317,7247.72130407536,7186.16873856225,2137.84252929688,340
2318,7286.11137090159,7193.55529283396,2137.84252929688,340
2319,7066.19962586935,7194.09097349271,2137.84252929688,340
2320,7250.3743859393,7193.18276741516,2137.84252929688,340
2321,7100.8836299486,7191.89800906432,2138.8203125,340
2322,7238.84597076907,7191.16818416998,2138.8203125,340
2323,7150.71408602295,7186.79193782855,2138.8203125,340
2324,7276.91069461444,7187.00983448141,2138.8203125,340
2325,7033.14790904599,7179.29391860744,2138.8203125,340
2326,7196.8307649436,7178.13548803411,2138.8203125,340
2327,7228.37442974678,7181.36622959878,2138.8203125,340
2328,7133.34669283907,7176.7407936695,2138.8203125,340
2329,7248.6947463294,7177.93425219473,2144.302734375,340
2330,7161.53346210469,7173.82260492932,2144.302734375,340
2331,7284.54816673287,7173.96777245547,2144.302734375,340
2332,7281.56662801069,7174.86171162082,2144.302734375,340
2333,7281.33253682941,7183.5511556392,2144.302734375,340
2334,7168.2174531551,7189.81468719745,2144.302734375,340
2335,7282.47615117904,7193.34407877123,2144.302734375,340
2336,7230.92935218521,7195.91567876209,2144.302734375,340
2337,7279.0367245257,7199.65097256247,2146.28466796875,340
2338,7161.04581141046,7201.2954126005,2146.28466796875,340
2339,7159.92640130338,7205.43044780809,2146.28466796875,340
2340,7255.5003610909,7205.07371102731,2146.28466796875,340
2341,7038.38308761982,7201.70606988771,2146.28466796875,340
2342,7276.50386577825,7202.85737235583,2146.28466796875,340
2343,7186.50552857757,7198.87313866287,2146.28466796875,340
2344,7080.3768442554,7199.44022739831,2146.28466796875,340
2345,7211.40840235684,7197.88158805501,2145.56201171875,340
2346,7297.63405755791,7205.75160515938,2145.56201171875,340
2347,7174.00662505287,7203.15803133073,2145.56201171875,340
2348,7267.0857951043,7207.81289969399,2145.56201171875,340
2349,7292.4185838253,7208.43321526242,2145.56201171875,340
2350,7242.58967961249,7216.81088608508,2145.56201171875,340
2351,7270.33173226088,7219.75092477777,2145.56201171875,340
2352,7199.82118100825,7218.60879482823,2145.56201171875,340
2353,7250.70197856194,7223.30300625715,2145.64038085938,340
2354,7277.54306477062,7224.45693899479,2145.64038085938,340
2355,7259.8430328983,7228.38932182654,2145.64038085938,340
2356,7275.35218423783,7228.02148252674,2145.64038085938,340
2357,7207.87946491558,7225.07399600293,2145.64038085938,340
2358,7246.95067043531,7223.69872134717,2145.64038085938,340
2359,7269.52619892825,7227.7510711781,2145.64038085938,340
2360,7283.25417775023,7227.78219224094,2145.64038085938,340
2361,7256.62643827942,7228.81007568471,2144.67578125,340
2362,7247.64425502275,7227.55437690459,2144.67578125,340
2363,7266.30016810355,7231.76455117232,2144.67578125,340
2364,7268.43471822017,7236.10488384899,2144.67578125,340
2365,7279.14745698243,7237.05076768465,2144.67578125,340
2366,7232.22184899124,7244.80431813951,2144.67578125,340
2367,7263.59077563004,7244.28779453358,2144.67578125,340
2368,7264.7363772975,7247.41702848237,2144.67578125,340
2369,7271.84475288331,7255.07574482749,2143.30981445312,340
2370,7212.59885947844,7255.12336311235,2143.30981445312,340
2371,7273.39430424475,7254.15377297983,2143.30981445312,340
2372,7265.71153068177,7257.82196920499,2143.30981445312,340
2373,7276.71569663578,7258.20716526624,2143.30981445312,340
2374,7286.58473715295,7257.97381139935,2143.30981445312,340
2375,7203.66496758031,7256.41682291806,2143.30981445312,340
2376,7285.26962995032,7257.01433882564,2143.30981445312,340
2377,7270.14207788626,7259.82717470076,2143.64599609375,340
2378,7289.03249442082,7261.36039533512,2143.64599609375,340
2379,7253.65501964384,7260.40487353005,2143.64599609375,340
2380,7261.22359391402,7260.46009597067,2143.64599609375,340
2381,7122.41940327241,7254.34278473206,2143.64599609375,340
2382,7283.63257186622,7257.37290901009,2143.64599609375,340
2383,7242.63976798235,7257.20047291197,2143.64599609375,340
2384,7242.16823273544,7256.10615426425,2143.64599609375,340
2385,7228.24960266894,7253.905971261,2141.42846679688,340
2386,7265.27678987344,7254.25198532476,2141.42846679688,340
2387,7216.88355466274,7253.02155731036,2141.42846679688,340
2388,7260.87392194637,7252.80450746407,2141.42846679688,340
2389,7278.16251741945,7253.19361943205,2141.42846679688,340
2390,7106.65613095687,7246.29396639102,2141.42846679688,340
2391,7255.42093108926,7247.22192967494,2141.42846679688,340
2392,7230.09019642499,7245.88190650674,2141.42846679688,340
2393,7244.52181081646,7245.0733238475,2137.51049804688,340
2394,7231.19129988649,7243.44718572763,2137.51049804688,340
2395,7199.81359629807,7242.93577520041,2137.51049804688,340
2396,7246.74214365982,7241.86968877702,2137.51049804688,340
2397,7194.26054646094,7239.01164940818,2137.51049804688,340
2398,7089.68932766233,7231.53059464925,2137.51049804688,340
2399,7209.85579451067,7228.46143694355,2137.51049804688,340
2400,7098.0448008895,7224.23663027592,2137.51049804688,340
2401,7219.38525149137,7221.60125513756,2134.00805664062,340
2402,7248.27714099915,7220.72665766208,2134.00805664062,340
2403,7243.61448697821,7218.90993736437,2134.00805664062,340
2404,7265.04228261155,7219.36542788308,2134.00805664062,340
2405,7037.08735928579,7210.39997849795,2134.00805664062,340
2406,7154.38754897298,7211.67870432598,2134.00805664062,340
2407,7192.1680045772,7208.02012163441,2134.00805664062,340
2408,7238.73753142539,7207.86403217214,2134.00805664062,340
2409,7251.59286502317,7208.24101746365,2129.22583007812,340
2410,7255.35049287085,7209.32505307172,2129.22583007812,340
2411,7253.13924239846,7208.83955117272,2129.22583007812,340
2412,7267.62002566949,7210.86901001299,2129.22583007812,340
2413,7228.48149255194,7209.57331283721,2129.22583007812,340
2414,7253.5511293866,7208.5888573159,2129.22583007812,340
2415,7243.43296523269,7214.05993068693,2129.22583007812,340
2416,7203.03777792363,7211.96460456031,2129.22583007812,340
2417,7258.66156425311,7213.10745927343,2129.99755859375,340
2418,7203.39175427378,7211.46225701173,2129.99755859375,340
2419,7203.56381921676,7210.35715778494,2129.99755859375,340
2420,7187.04731985381,7209.84650672717,2129.99755859375,340
2421,7259.37251069495,7210.35172140857,2129.99755859375,340
2422,7234.93355609801,7211.97864179405,2129.99755859375,340
2423,7246.81604863644,7218.26371063302,2129.99755859375,340
2424,7204.29112266326,7218.04112375912,2129.99755859375,340
2425,7266.15747394271,7224.76563068125,2132.82397460938,340
2426,7222.78860263007,7224.9017647268,2132.82397460938,340
2427,7278.29168886186,7226.10234664131,2132.82397460938,340
2428,7191.03079918418,7223.99899912955,2132.82397460938,340
2429,7283.15195632274,7224.72338607799,2132.82397460938,340
2430,7214.47469629141,7231.81887955822,2132.82397460938,340
2431,7141.75947755824,7231.31375670163,2132.82397460938,340
2432,7270.99780077973,7234.46694854973,2132.82397460938,340
2433,7251.34649558318,7234.97130711604,2134.59497070312,340
2434,7251.43670331553,7234.96506064774,2134.59497070312,340
2435,7262.15092167673,7235.23707779997,2134.59497070312,340
2436,7271.90807721206,7235.98783119251,2134.59497070312,340
2437,7260.27529094157,7235.6940418034,2134.59497070312,340
2438,7278.13912675891,7237.68034717168,2134.59497070312,340
2439,7266.4812447611,7238.19755178666,2134.59497070312,340
2440,7143.52568644084,7234.20126063498,2134.59497070312,340
2441,7129.3786522363,7231.25489560749,2136.96484375,340
2442,7273.24949392193,7231.83841279424,2136.96484375,340
2443,7250.41149762139,7233.71920252815,2136.96484375,340
2444,7253.15956792751,7235.70303247658,2136.96484375,340
2445,7280.70459166021,7239.44932334883,2136.96484375,340
2446,7254.81206479543,7239.26690551285,2136.96484375,340
2447,7272.00295290743,7240.74968138523,2136.96484375,340
2448,7156.0196074103,7237.11782373618,2136.96484375,340
2449,7238.86699509436,7238.50085863343,2137.20776367188,340
2450,7265.37818958341,7238.46968725905,2137.20776367188,340
2451,7201.81082130283,7237.63057600597,2137.20776367188,340
2452,7288.30650696224,7238.03116872998,2137.20776367188,340
2453,7242.23742391651,7240.07943371928,2137.20776367188,340
2454,7260.13360643032,7239.15869972358,2137.20776367188,340
2455,7263.80663284599,7241.13197718576,2137.20776367188,340
2456,7289.29435975657,7247.0333724737,2137.20776367188,340
2457,7206.22241007373,7244.44235684546,2136.95581054688,340
2458,7216.92891474302,7243.06565361185,2136.95581054688,340
2459,7231.33554171614,7242.26160714787,2136.95581054688,340
2460,7217.99992574063,7240.49556731043,2136.95581054688,340
2461,7255.02365982401,7239.82019061491,2136.95581054688,340
2462,7230.02267144816,7238.61008583517,2136.95581054688,340
2463,7173.68382893673,7234.43187392228,2136.95581054688,340
2464,7266.64817125653,7234.4385509821,2136.95581054688,340
2465,7262.30207734186,7239.18960661814,2138.40063476562,340
2466,7235.30408093422,7243.42662376606,2138.40063476562,340
2467,7251.26959833562,7242.54742794261,2138.40063476562,340
2468,7048.07054038874,7234.4537896533,2138.40063476562,340
2469,7240.09367021488,7233.9311537448,2138.40063476562,340
2470,7277.7167400639,7233.81163968094,2138.40063476562,340
2471,7225.24929417352,7232.62912885607,2138.40063476562,340
2472,7270.84963896133,7232.58299629822,2138.40063476562,340
2473,7187.95002665326,7233.86021306794,2136.87158203125,340
2474,7059.19850959967,7226.67347364815,2136.87158203125,340
2475,7279.12970505276,7227.22353426693,2136.87158203125,340
2476,7307.54012982158,7231.45270660768,2136.87158203125,340
2477,7259.79709790248,7230.31233024529,2136.87158203125,340
2478,7258.23947341234,7230.95241222512,2136.87158203125,340
2479,7220.66963522714,7229.37385337699,2136.87158203125,340
2480,7291.18616528085,7230.46903467439,2136.87158203125,340
2481,7182.26407665894,7226.18782335048,2137.66528320312,340
2482,7202.01508167943,7226.01953021471,2137.66528320312,340
2483,7198.57352765551,7225.28531473121,2137.66528320312,340
2484,7249.16160283233,7225.99835717586,2137.66528320312,340
2485,6945.67047135098,7215.10517900027,2137.66528320312,340
2486,7277.85329891108,7216.01836456375,2137.66528320312,340
2487,7255.59990792834,7217.04145402296,2137.66528320312,340
2488,7247.50737228823,7219.99439575702,2137.66528320312,340
2489,7234.1607966084,7218.6949007711,2137.92504882812,340
2490,7237.54045735866,7217.70443597177,2137.92504882812,340
2491,7282.93577317889,7219.60970366155,2137.92504882812,340
2492,7281.12644068895,7220.80397735569,2137.92504882812,340
2493,7258.33826086074,7229.21468617457,2137.92504882812,340
2494,7255.18770390601,7229.81844752221,2137.92504882812,340
2495,7265.62278752208,7229.33468942054,2137.92504882812,340
2496,7233.06924237406,7229.64748734856,2137.92504882812,340
2497,7192.3106624284,7226.50592828724,2140.56274414062,340
2498,7266.79576895433,7229.65975797929,2140.56274414062,340
2499,7262.8470458099,7237.8056994277,2140.56274414062,340
2500,7149.55333984347,7232.62264481932,2140.56274414062,340
2501,7063.3676233468,7222.85574456033,2140.56274414062,340
2502,7269.94041261382,7223.26147714879,2140.56274414062,340
2503,7217.12842335257,7221.6170351464,2140.56274414062,340
2504,7232.96981726682,7222.10904242798,2140.56274414062,340
2505,7284.83030714302,7221.85480810247,2139.76831054688,340
2506,7153.40102986419,7220.70028623068,2139.76831054688,340
2507,7064.46268047668,7215.19819018257,2139.76831054688,340
2508,7218.84115329239,7216.00889520805,2139.76831054688,340
2509,7266.02897087926,7216.68358992992,2139.76831054688,340
2510,7230.73134004718,7228.08602467777,2139.76831054688,340
2511,7119.91144470909,7221.76835050969,2139.76831054688,340
2512,7264.95597732659,7222.14259328562,2139.76831054688,340
2513,7260.27518423189,7222.65330576337,2137.28881835938,340
2514,7256.48545970785,7223.54629228734,2137.28881835938,340
2515,7260.27457879803,7224.45565714492,2137.28881835938,340
2516,7268.82163190163,7223.89109149383,2137.28881835938,340
2517,7251.89744696761,7222.72193174497,2137.28881835938,340
2518,7260.53432204838,7222.80977419248,2137.28881835938,340
2519,7261.56187551959,7223.06474105702,2137.28881835938,340
2520,7177.50016101936,7219.53983599691,2137.28881835938,340
2521,7236.59646057275,7219.68092472486,2139.99072265625,340
2522,7079.91675486849,7215.18516842246,2139.99072265625,340
2523,7179.78477402496,7211.70472862529,2139.99072265625,340
2524,7210.14997300612,7209.59684571314,2139.99072265625,340
2525,7256.0166232538,7213.85537704955,2139.99072265625,340
2526,7226.52268391355,7220.38157947222,2139.99072265625,340
2527,7181.05954133521,7216.82634462108,2139.99072265625,340
2528,7230.7604841999,7217.37162705497,2139.99072265625,340
2529,7246.4312898469,7217.91008595817,2141.30908203125,340
2530,7276.67024885976,7217.58368362685,2141.30908203125,340
2531,7249.67323562316,7221.4345718572,2141.30908203125,340
2532,7229.56549163652,7228.0386843036,2141.30908203125,340
2533,7233.15673561317,7228.61130759643,2141.30908203125,340
2534,7263.23447166423,7228.49952762783,2141.30908203125,340
2535,7273.73585438776,7230.21970820145,2141.30908203125,340
2536,7215.22789882994,7234.03236636628,2141.30908203125,340
2537,7209.64976540996,7231.82011788962,2139.76196289062,340
2538,7248.55458033909,7231.35129373391,2139.76196289062,340
2539,7256.03115490744,7231.33312154189,2139.76196289062,340
2540,7276.80261599265,7231.99424302968,2139.76196289062,340
2541,7249.75752994746,7231.23167895151,2139.76196289062,340
2542,7252.77234017074,7231.26667467963,2139.76196289062,340
2543,7280.90367082063,7232.08144863053,2139.76196289062,340
2544,7231.27145770546,7230.86983191796,2139.76196289062,340
2545,7131.5519390746,7229.03190304017,2140.1318359375,340
2546,7254.53289220098,7229.7493603053,2140.1318359375,340
2547,7204.78473349687,7234.74407945043,2140.1318359375,340
2548,7225.5108923764,7236.57312418449,2140.1318359375,340
2549,7287.95441005333,7239.68530166638,2140.1318359375,340
2550,7261.034976707,7239.88603580451,2140.1318359375,340
2551,7271.9061026029,7241.70137255208,2140.1318359375,340
2552,7223.12739063619,7243.38408652412,2140.1318359375,340
2553,7131.08483151707,7239.39706041681,2136.73559570312,340
2554,7253.67813925891,7239.68693439329,2136.73559570312,340
2555,7242.72327996713,7238.32905563758,2136.73559570312,340
2556,7268.69142105904,7239.08978305502,2136.73559570312,340
2557,7259.60628689987,7240.29141486555,2136.73559570312,340
2558,7270.73206551836,7241.79442806176,2136.73559570312,340
2559,6416.37035941515,7207.9198635718,2136.73559570312,340
2560,7269.9717332632,7207.76929872681,2136.73559570312,340
2561,7145.42109233588,7204.97702646705,2140.4560546875,340
2562,7203.40932397261,7204.72740880956,2140.4560546875,340
2563,7277.13966595946,7205.87081223437,2140.4560546875,340
2564,7272.55287713199,7206.53168112336,2140.4560546875,340
2565,7210.42585414238,7203.87661064934,2140.4560546875,340
2566,7149.21468281638,7199.8548967641,2140.4560546875,340
2567,7232.3557153663,7199.03823177192,2140.4560546875,340
2568,7294.36680717644,7199.57675722616,2140.4560546875,340
2569,7205.10578463296,7198.53013030326,2136.83032226562,340
2570,7266.34989143705,7203.92204839775,2136.83032226562,340
2571,7249.85223951722,7203.7348222904,2136.83032226562,340
2572,7225.50717765181,7204.5637200566,2136.83032226562,340
2573,7284.13028604304,7206.90849580327,2136.83032226562,340
2574,7231.17507844217,7204.63732253882,2136.83032226562,340
2575,7231.6359138807,7203.46136002577,2136.83032226562,340
2576,7113.43669655275,7197.12258378376,2136.83032226562,340
2577,7173.84417676044,7195.15125522873,2136.470703125,340
2578,6872.6487587966,7184.81381231991,2136.470703125,340
2579,7253.03844135633,7184.78822440381,2136.470703125,340
2580,7198.18215156034,7183.00657926754,2136.470703125,340
2581,7185.44477532861,7179.67671343832,2136.470703125,340
2582,7237.53543617351,7178.79387940927,2136.470703125,340
2583,7257.25171725495,7178.25466547873,2136.470703125,340
2584,7257.23701840501,7211.88933183832,2136.470703125,340
2585,7184.29901399148,7208.46242306746,2138.31640625,340
2586,7242.04654553417,7212.32744119539,2138.31640625,340
2587,7142.09843882614,7209.87500578953,2138.31640625,340
2588,7278.97872422162,7209.94856812001,2138.31640625,340
2589,7087.01268602911,7202.5269604759,2138.31640625,340
2590,7236.04657681139,7203.55178938266,2138.31640625,340
2591,7236.58748321138,7207.04670139846,2138.31640625,340
2592,7220.29056151829,7206.56409524454,2138.31640625,340
2593,7276.80602477545,7205.8616639485,2137.48608398438,340
2594,7229.85058427439,7206.85145593416,2137.48608398438,340
2595,7266.94880310452,7206.87541240085,2137.48608398438,340
2596,7256.98494327331,7207.1607205511,2137.48608398438,340
2597,7200.27589076645,7206.15146907568,2137.48608398438,340
2598,7256.81002181622,7205.05865850661,2137.48608398438,340
2599,7185.99153543135,7203.25131678618,2137.48608398438,340
2600,7240.971861406,7203.62475468719,2137.48608398438,340
2601,7244.63543472468,7208.87270421407,2138.92114257812,340
2602,7225.29177597539,7210.93060818267,2138.92114257812,340
2603,7202.15720991492,7224.1109462274,2138.92114257812,340
2604,7248.95417461903,7223.94757555791,2138.92114257812,340
2605,7010.68815342484,7216.44781563249,2138.92114257812,340
2606,7165.76965229054,7215.66081071097,2138.92114257812,340
2607,7148.65781606992,7212.10570590682,2138.92114257812,340
2608,7083.61563910635,7205.16026278088,2138.92114257812,340
2609,7108.85129734088,7199.22483393831,2142.45825195312,340
2610,7237.7841896336,7201.364240964,2142.45825195312,340
2611,7243.07279760875,7201.40529104698,2142.45825195312,340
2612,7240.46697601908,7205.3400325347,2142.45825195312,340
2613,7262.85444229486,7204.69506125763,2142.45825195312,340
2614,7287.40190432788,7212.71062998958,2142.45825195312,340
2615,7194.13024233881,7211.03397661068,2142.45825195312,340
2616,7202.6243817371,7209.6754525517,2142.45825195312,340
2617,7250.07973108909,7210.86701933454,2142.3525390625,340
2618,7175.54844936753,7206.81671631822,2142.3525390625,340
2619,7233.93127910323,7206.97994411137,2142.3525390625,340
2620,7258.27150962135,7206.63285237204,2142.3525390625,340
2621,7036.34172659304,7197.80712370483,2142.3525390625,340
2622,7260.31609996013,7200.20873207258,2142.3525390625,340
2623,7279.67049867218,7201.12315114682,2142.3525390625,340
2624,7084.10539056254,7197.04770535207,2142.3525390625,340
2625,7226.74025274482,7196.47844100562,2136.61083984375,340
2626,7272.90880318984,7197.60937574423,2136.61083984375,340
2627,7199.35529045807,7196.57191632354,2136.61083984375,340
2628,7265.56965676377,7199.10841419749,2136.61083984375,340
2629,7285.93406874446,7200.58760996251,2136.61083984375,340
2630,7243.23039989104,7209.88929982115,2136.61083984375,340
2631,7248.67221562653,7213.20540235459,2136.61083984375,340
2632,7229.20029626843,7216.42710156254,2136.61083984375,340
2633,7204.7093859496,7221.27085143626,2136.15600585938,340
2634,6997.59888287642,7216.82075485769,2136.15600585938,340
2635,7150.89821203232,7213.34531575364,2136.15600585938,340
2636,7255.5110430379,7213.8428455708,2136.15600585938,340
2637,7244.9764573712,7214.02322482489,2136.15600585938,340
2638,7252.41154985302,7213.60550912721,2136.15600585938,340
2639,7287.91870708143,7213.62618123735,2136.15600585938,340
2640,7167.46067235781,7212.55939843811,2136.15600585938,340
2641,7253.81217732344,7214.60691026157,2136.50756835938,340
2642,7282.84170610389,7215.91738926216,2136.50756835938,340
2643,7166.80226288845,7215.567541803,2136.50756835938,340
2644,7235.90622583896,7215.64653967242,2136.50756835938,340
2645,7231.53923940646,7214.57724886383,2136.50756835938,340
2646,7222.39181539819,7222.01925241603,2136.50756835938,340
2647,7254.78928552774,7221.79817983874,2136.50756835938,340
2648,7242.65925094047,7220.31772992947,2136.50756835938,340
2649,7246.65442159733,7226.81969117086,2142.67138671875,340
2650,7163.05464003574,7224.2722666625,2142.67138671875,340
2651,7253.27555627859,7223.48693678605,2142.67138671875,340
2652,7264.5628387436,7226.09523871747,2142.67138671875,340
2653,7127.29496034714,7220.56425086081,2142.67138671875,340
2654,7239.30081291233,7218.69892062752,2142.67138671875,340
2655,7302.40785359417,7221.06601877564,2142.67138671875,340
2656,7275.05270597695,7222.12123838966,2142.67138671875,340
2657,7191.04455792627,7220.59500885597,2142.20703125,340
2658,7063.73162180931,7214.95589829036,2142.20703125,340
2659,7263.60108814389,7225.59598650106,2142.20703125,340
2660,7258.50281120482,7229.90017046796,2142.20703125,340
2661,7251.88140843759,7229.75498508395,2142.20703125,340
2662,7235.69296773584,7229.38364549853,2142.20703125,340
2663,6992.59094463266,7218.99082128972,2142.20703125,340
2664,7163.10556578024,7213.99829563767,2142.20703125,340
2665,7276.06515846025,7218.34247508177,2138.96606445312,340
2666,7128.77715304029,7213.34107411044,2138.96606445312,340
2667,7241.99481854414,7211.70719860806,2138.96606445312,340
2668,7154.80379137456,7211.2272597475,2138.96606445312,340
2669,7244.82945211086,7211.58418879838,2138.96606445312,340
2670,7158.66018685071,7208.66902669614,2138.96606445312,340
2671,7260.1709666461,7210.18019274606,2138.96606445312,340
2672,7158.73445713517,7206.33799961036,2138.96606445312,340
2673,7159.53988852655,7203.0132251138,2137.38452148438,340
2674,7245.19681584365,7202.95492088366,2137.38452148438,340
2675,7259.98005568895,7206.83193750978,2137.38452148438,340
2676,7260.9340594264,7207.1382776357,2137.38452148438,340
2677,7255.90074556083,7206.79179390839,2137.38452148438,340
2678,7102.12544596198,7205.78501333298,2137.38452148438,340
2679,6963.85947206882,7194.76735969924,2137.38452148438,340
2680,7172.88431749869,7189.58641825542,2137.38452148438,340
2681,7164.4489089184,7185.16226637308,2135.90478515625,340
2682,7208.01899808521,7185.84124397943,2135.90478515625,340
2683,7168.07331112275,7190.01491155197,2135.90478515625,340
2684,7119.65499757018,7184.25706792902,2135.90478515625,340
2685,7260.88663883257,7184.35242103413,2135.90478515625,340
2686,6986.97740488531,7173.75626089204,2135.90478515625,340
2687,7250.12366132568,7174.33348863564,2135.90478515625,340
2688,7239.63532665863,7184.21526391668,2135.90478515625,340
2689,7156.99190238728,7183.97071738096,2134.65063476562,340
2690,7221.49725456896,7181.78800122531,2134.65063476562,340
2691,7180.20188724732,7183.84499059359,2134.65063476562,340
2692,7231.49100010776,7183.42483785613,2134.65063476562,340
2693,7140.97413521734,7182.87165160984,2134.65063476562,340
2694,7220.43674696798,7181.89594340413,2134.65063476562,340
2695,6914.01588093043,7172.11017116732,2134.65063476562,340
2696,7255.97075311415,7171.94216262604,2134.65063476562,340
2697,7117.67981434188,7170.29997691431,2135.97314453125,340
2698,7225.28725744803,7172.92987167117,2135.97314453125,340
2699,7258.52356126817,7173.46294148815,2135.97314453125,340
2700,7094.47640009762,7166.8427952645,2135.97314453125,340
2701,7193.57885450206,7164.14858706752,2135.97314453125,340
2702,7196.0372633869,7161.75404778056,2135.97314453125,340
2703,7238.9368484254,7167.2265038791,2135.97314453125,340
2704,7198.07645030499,7176.59518300855,2135.97314453125,340
2705,7124.40453245246,7174.6559916067,2134.03173828125,340
2706,7167.49903207961,7174.77799653315,2134.03173828125,340
2707,7068.7849685222,7169.20863535063,2134.03173828125,340
2708,7196.86051771184,7170.36012361419,2134.03173828125,340
2709,7048.64474421056,7167.5197134798,2134.03173828125,340
2710,7212.81924398523,7165.59701768591,2134.03173828125,340
2711,7183.85899171599,7173.47228115914,2134.03173828125,340
2712,7192.81557635628,7171.17995776036,2134.03173828125,340
2713,7091.30951361584,7165.24692523865,2131.02197265625,340
2714,7088.44110674571,7162.50489341299,2131.02197265625,340
2715,6873.02409318748,7148.56596695773,2131.02197265625,340
2716,7093.46576815354,7145.09652219398,2131.02197265625,340
2717,7059.08250301703,7138.20018231035,2131.02197265625,340
2718,7053.9081535359,7134.71754304309,2131.02197265625,340
2719,7052.60326557253,7128.00420378727,2131.02197265625,340
2720,6823.22602999387,7124.37260974981,2131.02197265625,340
2721,7198.30713406718,7122.06606498793,2133.42236328125,340
2722,7234.11162555946,7126.72333743664,2133.42236328125,340
2723,7079.7705056394,7120.90266736429,2133.42236328125,340
2724,7134.88923705002,7115.95729439556,2133.42236328125,340
2725,7146.37758906934,7118.03334195443,2133.42236328125,340
2726,7124.70319775615,7115.2783156846,2133.42236328125,340
2727,6942.25281099584,7105.12693758895,2133.42236328125,340
2728,7134.69760752846,7100.95736795308,2133.42236328125,340
2729,7012.35295831611,7093.52842827352,2132.77661132812,340
2730,7140.28437221801,7094.16362186414,2132.77661132812,340
2731,7229.81648958022,7096.65632016417,2132.77661132812,340
2732,6961.14591403283,7092.35075798459,2132.77661132812,340
2733,7231.42893033583,7093.73349448955,2132.77661132812,340
2734,7185.46941849717,7099.20648146102,2132.77661132812,340
2735,7201.02120181576,7098.73455977424,2132.77661132812,340
2736,7251.28220419712,7101.43148827348,2132.77661132812,340
2737,7240.47320525976,7103.33779342962,2134.74536132812,340
2738,7253.64065386735,7109.83103903968,2134.74536132812,340
2739,7268.11668511408,7117.01806217442,2134.74536132812,340
2740,7224.20215424619,7131.06518461677,2134.74536132812,340
2741,7168.36132635289,7134.06100694474,2134.74536132812,340
2742,7191.94851014515,7139.37564722987,2134.74536132812,340
2743,7169.17805198822,7143.98644316796,2134.74536132812,340
2744,7190.58483341423,7149.50570588163,2134.74536132812,340
2745,7104.96828430962,7160.77539605426,2133.45581054688,340
2746,7241.56458753282,7162.50569419288,2133.45581054688,340
2747,7194.49442980297,7160.92100636262,2133.45581054688,340
2748,7206.06114371648,7165.9726318857,2133.45581054688,340
2749,7087.83250866479,7164.0903627503,2133.45581054688,340
2750,7222.49317425386,7167.13498615768,2133.45581054688,340
2751,7196.63996496733,7170.01245684612,2133.45581054688,340
2752,7055.05278352146,7174.52445574715,2133.45581054688,340
2753,7137.55513636116,7174.63875690046,2131.80322265625,340
2754,7266.25216115514,7184.79472501402,2131.80322265625,340
2755,7191.86545957697,7186.85796850838,2131.80322265625,340
2756,7168.9507762658,7184.4233399758,2131.80322265625,340
2757,7245.72594185864,7195.80654108883,2131.80322265625,340
2758,7162.57928331441,7193.05255520797,2131.80322265625,340
2759,7124.47154937029,7190.6126404429,2131.80322265625,340
2760,7145.55139404341,7188.39384813201,2131.80322265625,340
2761,7222.02444027111,7187.22353757496,2130.8125,340
2762,7240.80544034965,7187.23682697856,2130.8125,340
2763,7243.04090186707,7186.81283689855,2130.8125,340
2764,7133.27179208978,7181.41904117758,2130.8125,340
2765,7164.65184965979,7179.03702899412,2130.8125,340
2766,7122.38578968142,7177.19800752726,2130.8125,340
2767,7109.89257669344,7173.9157701892,2130.8125,340
2768,7211.43295870706,7175.60596645795,2130.8125,340
2769,7228.6033488112,7177.12670707383,2127.4775390625,340
2770,7213.49795774067,7181.46789401107,2127.4775390625,340
2771,7181.83548628399,7179.07872996112,2127.4775390625,340
2772,7230.39974239815,7180.51494246493,2127.4775390625,340
2773,7233.85356623529,7181.62663936568,2127.4775390625,340
2774,7185.59643160899,7185.53719628344,2127.4775390625,340
2775,7222.70919712941,7185.54583719847,2127.4775390625,340
2776,7196.89856390075,7185.5561811558,2127.4775390625,340
2777,7038.80592403318,7184.90630677627,2125.44458007812,340
2778,7157.46547183095,7185.70272019506,2125.44458007812,340
2779,7231.8031748833,7184.32476074419,2125.44458007812,340
2780,7209.55112816612,7185.03218748776,2125.44458007812,340
2781,7244.27168425563,7188.04502380735,2125.44458007812,340
2782,7172.05074544683,7185.09801595088,2125.44458007812,340
2783,7241.84387167777,7188.26859948541,2125.44458007812,340
2784,7229.64578606469,7192.47556895319,2125.44458007812,340
2785,7242.30193769394,7196.34559069921,2120.46337890625,340
2786,7209.87386358954,7195.85956763195,2120.46337890625,340
2787,7224.51328806667,7195.20788154063,2120.46337890625,340
2788,7168.41698673263,7192.22292493525,2120.46337890625,340
2789,7146.3791083737,7192.74721758661,2120.46337890625,340
2790,7184.2952649039,7193.53295419637,2120.46337890625,340
2791,7170.83125047981,7195.4707726283,2120.46337890625,340
2792,6970.93057743014,7189.91229265777,2120.46337890625,340
2793,7146.12083887693,7187.29980786457,2119.61669921875,340
2794,7143.93529521565,7183.91308572075,2119.61669921875,340
2795,7251.55910645009,7185.43553166912,2119.61669921875,340
2796,7088.42192478469,7181.69898920915,2119.61669921875,340
2797,7202.30301923538,7180.57512028264,2119.61669921875,340
2798,7207.75128730229,7179.53102912532,2119.61669921875,340
2799,7187.66818985634,7179.61389945521,2119.61669921875,340
2800,7208.99616285877,7179.06537808439,2119.61669921875,340
2801,7079.52093219227,7174.37027281605,2117.9482421875,340
2802,6170.16502271848,7139.62463676346,2117.9482421875,340
2803,7250.73718704535,7143.35550537204,2117.9482421875,340
2804,7242.73529307708,7143.79279009979,2117.9482421875,340
2805,7192.67118071024,7143.11759220155,2117.9482421875,340
2806,7259.69136761497,7143.73437953592,2117.9482421875,340
2807,7164.19971315246,7143.42033824415,2117.9482421875,340
2808,7230.90710814421,7142.98286770281,2117.9482421875,340
2809,7033.26569306824,7135.12766398295,2126.86987304688,340
2810,7251.3859900408,7135.49102607682,2126.86987304688,340
2811,7222.77150588081,7136.00693176848,2126.86987304688,340
2812,7204.02457329647,7135.18738317767,2126.86987304688,340
2813,7217.32718679933,7137.14379118034,2126.86987304688,340
2814,6618.08540332295,7116.01204297831,2126.86987304688,340
2815,7128.08796744776,7113.76375108006,2126.86987304688,340
2816,7224.85504007901,7115.92470266403,2126.86987304688,340
2817,7104.61275250403,7121.27198966699,2123.908203125,340
2818,7236.20066213401,7124.87518259727,2123.908203125,340
2819,7221.22242293911,7127.96666770621,2123.908203125,340
2820,7201.58208491782,7125.96758684491,2123.908203125,340
2821,7221.21561007344,7131.27933425646,2123.908203125,340
2822,7012.55230336967,7123.68930562184,2123.908203125,340
2823,7201.70504002084,7123.44745573058,2123.908203125,340
2824,7108.85734774973,7120.29502204631,2123.908203125,340
2825,7134.55845059617,7117.31751355581,2118.73950195312,340
2826,7179.43841954013,7121.31421304972,2118.73950195312,340
2827,7143.67402246635,7160.25457303964,2118.73950195312,340
2828,7100.44658757838,7154.24294906096,2118.73950195312,340
2829,7101.40002484588,7148.58953833171,2118.73950195312,340
2830,7228.57376335372,7150.02564163745,2118.73950195312,340
2831,7016.36482349592,7140.29257987269,2118.73950195312,340
2832,7175.54614891716,7140.74643730328,2118.73950195312,340
2833,7158.54519881573,7137.85196093014,2119.97314453125,340
2834,7184.60959786077,7143.90571712184,2119.97314453125,340
2835,7056.01648537428,7136.09093693518,2119.97314453125,340
2836,7081.20869248216,7130.42842439923,2119.97314453125,340
2837,7142.58400258375,7127.97080157073,2119.97314453125,340
2838,7153.93450605226,7125.43509434084,2119.97314453125,340
2839,7183.49907274705,7148.05164111781,2119.97314453125,340
2840,7212.76191613882,7151.43859906545,2119.97314453125,340
2841,7168.3639262878,7149.1789545138,2119.75537109375,340
2842,7118.25970487949,7149.72483260882,2119.75537109375,340
2843,7051.38590275268,7142.33224223356,2119.75537109375,340
2844,7182.69428606406,7140.79111675856,2119.75537109375,340
2845,7060.58011081698,7135.15103779453,2119.75537109375,340
2846,7054.96689974675,7128.50108938146,2119.75537109375,340
2847,7136.09329719732,7133.44272913457,2119.75537109375,340
2848,7200.76886849621,7133.40528227358,2119.75537109375,340
2849,7009.84894693826,7129.44494624112,2120.19653320312,340
2850,7128.74362875999,7129.21235336768,2120.19653320312,340
2851,7171.62464624237,7128.89980243577,2120.19653320312,340
2852,7170.86688205792,7129.98751681943,2120.19653320312,340
2853,7138.20383774422,7131.49780682606,2120.19653320312,340
2854,7014.57740392157,7128.02490198909,2120.19653320312,340
2855,7054.99571473681,7121.08178004441,2120.19653320312,340
2856,6955.75191104392,7118.65726354633,2120.19653320312,340
2857,7028.57319360322,7112.77834533378,2119.76953125,340
2858,7089.77727185255,7110.02762825525,2119.76953125,340
2859,6970.66104028196,7101.4696859521,2119.76953125,340
2860,7109.82677793058,7103.62209765435,2119.76953125,340
2861,6970.2452946315,7099.18356174032,2119.76953125,340
2862,6988.546889925,7093.02207723397,2119.76953125,340
2863,7203.3432263322,7094.99842604517,2119.76953125,340
2864,7184.76738743378,7095.04915863264,2119.76953125,340
2865,7081.54465587446,7089.80046822206,2115.3515625,340
2866,6764.68028508669,7073.65312257402,2115.3515625,340
2867,7210.91317592246,7077.35926141574,2115.3515625,340
2868,7001.60654534962,7075.36808711962,2115.3515625,340
2869,7125.86348670461,7073.09485514524,2115.3515625,340
2870,6784.73826663449,7062.06118137794,2115.3515625,340
2871,6893.79399160308,7055.61426505219,2115.3515625,340
2872,7151.17166225288,7056.21739965442,2115.3515625,340
2873,7104.06445806427,7052.34922323714,2115.59619140625,340
2874,7193.79934202863,7059.70723904075,2115.59619140625,340
2875,7135.51827242112,7059.9782247872,2115.59619140625,340
2876,7093.02656228472,7056.83430142889,2115.59619140625,340
2877,7188.12564834766,7057.52465208048,2115.59619140625,340
2878,7193.38962914735,7059.73208373661,2115.59619140625,340
2879,6384.77974258399,7034.5401772831,2115.59619140625,340
2880,7091.07170179101,7035.98321676527,2115.59619140625,340
2881,7193.87255177709,7045.5080423946,2109.86889648438,340
2882,7173.42223966848,7051.30200423721,2109.86889648438,340
2883,7191.55090069558,7055.37294939093,2109.86889648438,340
2884,7155.79166489708,7062.77817437553,2109.86889648438,340
2885,7236.14055535876,7067.83072547266,2109.86889648438,340
2886,6750.14111012357,7059.02655809234,2109.86889648438,340
2887,7176.5183681974,7066.54541722324,2109.86889648438,340
2888,7231.25890340405,7067.66204430611,2109.86889648438,340
2889,6957.62852271066,7058.57648971719,2111.56640625,340
2890,6835.99479326792,7048.75449521293,2111.56640625,340
2891,7090.17122103362,7061.7741326508,2111.56640625,340
2892,7129.87009954508,7058.53240959571,2111.56640625,340
2893,7216.90165088549,7067.14421381714,2111.56640625,340
2894,7194.86698547176,7069.90435376783,2111.56640625,340
2895,7186.86404817171,7085.98938502932,2111.56640625,340
2896,7180.98158523089,7097.47688877443,2111.56640625,340
2897,6740.8764016185,7081.06507834906,2110.46704101562,340
2898,7055.49086084915,7079.12213446045,2110.46704101562,340
2899,6873.57354278766,7066.31310249081,2110.46704101562,340
2900,6840.33282902425,7054.50568475494,2110.46704101562,340
2901,7086.52637239239,7054.24567715924,2110.46704101562,340
2902,7167.65281509797,7053.42676382926,2110.46704101562,340
2903,7099.80395063347,7049.6833366887,2110.46704101562,340
2904,6983.68719306963,7073.63963470813,2110.46704101562,340
2905,7200.43091174504,7078.01400310629,2108.31372070312,340
2906,7080.91469956496,7073.4956890178,2108.31372070312,340
2907,7149.78473151594,7072.5501886917,2108.31372070312,340
2908,7064.35163940254,7067.46221823998,2108.31372070312,340
2909,7129.30747204406,7066.40285052586,2108.31372070312,340
2910,7060.96725802822,7059.39591863264,2108.31372070312,340
2911,7117.91266407708,7074.10678079078,2108.31372070312,340
2912,7078.169022402,7070.17280695896,2108.31372070312,340
2913,7199.49546313586,7068.90226934823,2098.65405273438,340
2914,7120.56770114401,7075.41983648557,2098.65405273438,340
2915,7177.86868987105,7089.09479234969,2098.65405273438,340
2916,6008.83844880406,7045.84148146051,2098.65405273438,340
2917,7156.18953162466,7046.89425874369,2098.65405273438,340
2918,7093.99133152208,7041.97784596916,2098.65405273438,340
2919,6913.86055807784,7030.7375888734,2098.65405273438,340
2920,6996.89390778131,7023.13878325778,2098.65405273438,340
2921,7196.26933101319,7023.75029308908,2099.6279296875,340
2922,7060.58174256713,7036.53850672702,2099.6279296875,340
2923,7159.01555875781,7040.67949464337,2099.6279296875,340
2924,4558.58677982029,6948.08002412467,2099.6279296875,340
2925,6928.60050904076,6951.61073132533,2099.6279296875,340
2926,6976.87342478378,6947.22461342099,2099.6279296875,340
2927,5563.3694480441,6883.05327873884,2099.6279296875,340
2928,7154.29033497143,6885.23273411235,2099.6279296875,340
2929,7054.09576431507,6888.04907696217,2101.18481445312,340
2930,7039.31854609674,6881.60458233624,2101.18481445312,340
2931,7023.32329936155,6879.3009263281,2101.18481445312,340
2932,7177.71009227802,6880.41794075859,2101.18481445312,340
2933,7068.82976539039,6880.5970657981,2101.18481445312,340
2934,6853.96110793982,6869.58321123393,2101.18481445312,340
2935,7006.80755641586,6867.41682316944,2101.18481445312,340
2936,7020.12930883065,6863.50548895958,2101.18481445312,340
2937,6893.90464090859,6856.13491369984,2098.23364257812,340
2938,7111.33507707797,6852.60849825753,2098.23364257812,340
2939,7170.95557903269,6854.62401337307,2098.23364257812,340
2940,6049.28186671877,6809.48054044698,2098.23364257812,340
2941,7157.36789453163,6855.42171827608,2098.23364257812,340
2942,6996.72114375294,6849.04298276122,2098.23364257812,340
2943,7028.66998399148,6846.43012885999,2098.23364257812,340
2944,7127.66981950491,6854.98249931708,2098.23364257812,340
2945,6205.98008379943,6823.3459463578,2102.833984375,340
2946,7162.37512509747,6821.99017812117,2102.833984375,340
2947,7199.30970737977,6827.53929671368,2102.833984375,340
2948,7162.15879568349,6827.6650261907,2102.833984375,340
2949,7073.97311060056,6928.28047942191,2102.833984375,340
2950,7099.24861946726,6935.10640383897,2102.833984375,340
2951,7089.54559111101,6939.61329049206,2102.833984375,340
2952,7135.63348477971,7002.50385196149,2102.833984375,340
2953,7012.0558174627,6996.81447126114,2102.93603515625,340
2954,5947.06524989583,6952.53325068437,2102.93603515625,340
2955,7073.2994200545,6953.89248564268,2102.93603515625,340
2956,7073.58497375417,6955.90295261838,2102.93603515625,340
2957,7094.98412332957,6952.59391386045,2102.93603515625,340
2958,6818.94548992388,6942.59854284179,2102.93603515625,340
2959,7139.05012015127,6954.00210333024,2102.93603515625,340
2960,7180.16698600761,6960.93648051391,2102.93603515625,340
2961,7079.1413156974,6963.29696078858,2101.48852539062,340
2962,6793.17784738049,6959.26788904746,2101.48852539062,340
2963,7128.28075168288,6959.94571603166,2101.48852539062,340
2964,7028.22670884479,6954.23656122414,2101.48852539062,340
2965,7138.9961594078,6997.8251329317,2101.48852539062,340
2966,7090.71615523337,6995.15906335977,2101.48852539062,340
2967,7083.07932540931,6998.61339062603,2101.48852539062,340
2968,7196.09479184271,7005.31038294008,2101.48852539062,340
2969,7184.49932144926,7007.58356301785,2097.97680664062,340
2970,7102.26497067226,7043.43495849276,2097.97680664062,340
2971,6988.13760301281,7036.46545760938,2097.97680664062,340
2972,7121.85843516326,7033.36740672071,2097.97680664062,340
2973,7134.91997117274,7032.27785374028,2097.97680664062,340
2974,7167.10972513633,7036.00331832172,2097.97680664062,340
2975,6989.78841534027,7031.62491015664,2097.97680664062,340
2976,7117.14444947416,7032.72886449116,2097.97680664062,340
2977,7094.56881248749,7031.08627759947,2098.12084960938,340
2978,7033.37439876449,7031.93902085155,2098.12084960938,340
2979,7101.86179590216,7078.1308826918,2098.12084960938,340
2980,7141.09283831196,7080.8426194221,2098.12084960938,340
2981,7150.64682926329,7083.92509364246,2098.12084960938,340
2982,6985.56652132725,7079.54838956237,2098.12084960938,340
2983,7073.60000446705,7089.7345701441,2098.12084960938,340
2984,7212.27651169246,7092.66362580574,2098.12084960938,340
2985,7107.21830979639,7089.74567875729,2100.337890625,340
2986,7143.09058456968,7092.30364951219,2100.337890625,340
2987,6774.61208880063,7091.56101916899,2100.337890625,340
2988,7171.81894394349,7093.30254685942,2100.337890625,340
2989,7053.39157145414,7094.30914136379,2100.337890625,340
2990,7132.93822085762,7094.06682382178,2100.337890625,340
2991,7119.43567831091,7095.21560474488,2100.337890625,340
2992,7178.1855059208,7099.01985196534,2100.337890625,340
2993,6805.82580345399,7083.40909242979,2100.1240234375,340
2994,6903.74122277222,7072.17876848271,2100.1240234375,340
2995,7192.70221305827,7075.79625817815,2100.1240234375,340
2996,6870.72598772427,7071.09979356661,2100.1240234375,340
2997,7113.21611431082,7070.75410073252,2100.1240234375,340
2998,7113.72724477626,7069.90639167666,2100.1240234375,340
2999,6819.01249978316,7055.98250266253,2100.1240234375,340
3000,7163.31285644133,7062.92348030657,2100.1240234375,340
