episode,reward,avg_reward,q0,steps
1,-167.132499122477,-167.132499122477,1.49475072248606e-05,340
2,-238.602290678646,-202.867394900561,1.49475072248606e-05,340
3,-299.877976048332,-235.204255283151,1.49475072248606e-05,340
4,-414.637168787256,-280.062483659178,1.49475072248606e-05,340
5,-366.18351717696,-297.286690362734,1.49475072248606e-05,211
6,-285.133328149088,-295.261129993793,1.49475072248606e-05,340
7,-386.065209221476,-308.233141312033,1.49475072248606e-05,254
8,249.568469441837,-238.5079399678,1.49475072248606e-05,340
9,282.612605734851,-180.60565711195,-12.7237157821655,340
10,-603.643386708497,-222.909430071604,-12.7237157821655,340
11,-599.179790818397,-257.115826503131,-12.7237157821655,340
12,-107.32843151651,-244.633543587579,-12.7237157821655,340
13,-223.745776109214,-243.02679224309,-12.7237157821655,340
14,-669.890671724235,-273.517069348886,-12.7237157821655,340
15,-410.346388483335,-282.639023957849,-12.7237157821655,340
16,-547.765761204028,-299.209445035735,-12.7237157821655,340
17,-595.892549109101,-316.661392334168,-0.12795627117157,340
18,-86.0046577224453,-303.847129300184,-0.12795627117157,340
19,94.4299514195082,-282.885177683358,-0.12795627117157,340
20,-240.867858425215,-280.784311720451,-0.12795627117157,340
21,-328.543483184636,-283.05855798065,-0.12795627117157,340
22,-459.471854039181,-291.077344165129,-0.12795627117157,340
23,-649.086150197518,-306.642944427407,-0.12795627117157,340
24,-446.472401111001,-312.469171789223,-0.12795627117157,340
25,317.56319454672,-287.267877135785,24.6184463500977,340
26,-192.270944338697,-288.273414944434,24.6184463500977,340
27,-391.952977799163,-294.407442429255,24.6184463500977,340
28,-129.681272928548,-287.599574304463,24.6184463500977,340
29,110.357456507317,-266.599789292681,24.6184463500977,155
30,25.8104778580744,-250.920029491279,24.6184463500977,340
31,-334.935215279612,-252.9121049765,24.6184463500977,340
32,-519.121356907554,-258.234350883943,24.6184463500977,340
33,-47.4612715025409,-270.115540521718,60.7501602172852,340
34,-268.535891662735,-292.161480417622,60.7501602172852,340
35,111.64915701913,-263.549778668517,60.7501602172852,340
36,-242.563242038765,-249.285116717331,60.7501602172852,340
37,-42.6033262016764,-246.696112504738,60.7501602172852,340
38,-44.1558756565169,-239.51251648663,60.7501602172852,340
39,-91.6149564004449,-216.381487873679,60.7501602172852,340
40,73.7652500214032,-197.017022333489,60.7501602172852,340
41,390.271489158986,-159.495532318969,106.010688781738,340
42,225.20423885361,-126.65166080046,106.010688781738,340
43,642.954953156319,-97.4932763653096,106.010688781738,340
44,-10.3129988490728,-101.682994376053,106.010688781738,340
45,-20.1247539083082,-92.8532701953765,106.010688781738,340
46,-56.3703996094053,-81.9663468523672,106.010688781738,340
47,73.0639348280111,-60.6649152976796,106.010688781738,340
48,88.4012371915548,-31.1654198021166,106.010688781738,340
49,170.330292720682,-6.49331204884931,151.643325805664,340
50,66.4651471737344,-16.5372339437687,151.643325805664,340
51,116.140462728114,-4.20077766109626,151.643325805664,340
52,161.136841587593,17.922815114374,151.643325805664,340
53,221.354074744691,31.9642290213036,151.643325805664,340
54,183.558492343527,34.8922704547519,151.643325805664,340
55,387.728773650893,49.3690022864647,151.643325805664,340
56,386.275227421885,78.2174199945246,151.643325805664,340
57,1135.04182586881,144.383947305579,196.580657958984,340
58,275.743554266579,157.312140336344,196.580657958984,340
59,944.031547738199,205.814837912381,196.580657958984,340
60,1220.06053658208,250.151293094899,196.580657958984,340
61,405.654143878531,276.079988531591,196.580657958984,340
62,344.565264412387,291.566732156154,196.580657958984,340
63,310.24460893987,305.742751540009,196.580657958984,340
64,260.240829509023,319.816982976388,196.580657958984,340
65,377.717851170867,331.975087022366,249.935607910156,340
66,801.236263774675,348.413678006994,249.935607910156,340
67,666.746924220732,366.075385421679,249.935607910156,340
68,13.2940653910988,340.88894991107,249.935607910156,340
69,552.832630146423,363.41477507089,249.935607910156,340
70,236.183949196359,373.667123195077,249.935607910156,340
71,543.735137175353,397.671344666467,249.935607910156,340
72,531.862031536438,416.023268534804,249.935607910156,340
73,373.362385270737,427.421714457971,305.421783447266,340
74,234.344302074368,429.982274832119,305.421783447266,340
75,393.263947198523,443.05422683311,305.421783447266,340
76,513.826927426609,458.96168542105,305.421783447266,340
77,1545.49817502081,514.336138758379,305.421783447266,340
78,356.618714066748,519.746724331261,305.421783447266,340
79,-175.608372148969,505.380049751561,305.421783447266,305
80,807.226196648155,522.159946671452,305.421783447266,340
81,825.797259685579,539.740827961999,342.633331298828,340
82,201.846971249873,502.413033777242,342.633331298828,340
83,1365.9565356663,546.021553033231,342.633331298828,340
84,461.558460402608,526.722629539807,342.633331298828,340
85,61.0428159861144,480.361920715969,342.633331298828,340
86,283.050101156773,475.457759007098,342.633331298828,340
87,218.544510080478,470.416928833822,342.633331298828,340
88,47.2352631113272,459.89655500068,342.633331298828,340
89,482.726661355081,468.795988274522,394.036560058594,340
90,505.688311661141,473.914806694133,394.036560058594,340
91,941.105177290901,479.509563234783,394.036560058594,248
92,815.524677888561,485.460673381496,394.036560058594,340
93,1547.45286602201,546.827025406732,394.036560058594,340
94,630.379141936755,549.928885878346,394.036560058594,340
95,464.69925271739,559.069498019187,394.036560058594,340
96,152.19587173242,543.40792740147,394.036560058594,340
97,755.67606602842,552.360488781149,435.825500488281,340
98,1487.83367197767,596.939340249426,435.825500488281,340
99,792.935353870265,619.282982321262,435.825500488281,340
100,177.541488631773,610.654083978592,435.825500488281,340
101,691.319242912454,617.753776598026,435.825500488281,340
102,1632.93324333929,621.251179330764,435.825500488281,340
103,1296.46589072194,658.845066396972,435.825500488281,340
104,551.685219695106,687.936810070735,435.825500488281,340
105,1389.99839051744,711.247697825507,471.034027099609,340
106,874.425458370915,713.19282577292,471.034027099609,340
107,1244.97296803403,754.917865644286,471.034027099609,340
108,566.343015290223,722.933324829243,471.034027099609,340
109,998.089627801904,744.394571525215,471.034027099609,340
110,789.220460709736,773.52167731416,471.034027099609,340
111,1224.70547951137,811.187892448344,471.034027099609,340
112,1170.06322251464,849.24864094571,471.034027099609,340
113,1122.09209333239,892.242914154552,486.061706542969,340
114,1524.53585456117,933.915281882796,486.061706542969,340
115,1586.31867557082,977.140496439183,486.061706542969,340
116,813.376367686815,972.03134405502,486.061706542969,340
117,1807.10638917236,1011.69461250637,486.061706542969,340
118,1424.10236842269,1006.7605926024,486.061706542969,340
119,1518.45231024455,1042.28351933471,486.061706542969,340
120,536.694919421456,1045.16334600287,486.061706542969,340
121,2137.57565370461,1124.57853728176,559.741821289062,340
122,3063.9389855712,1216.90905406347,559.741821289062,340
123,1124.46773821829,1202.3744167131,559.741821289062,340
124,1546.71652332011,1232.52566349109,559.741821289062,340
125,1752.66879971192,1295.5307559343,559.741821289062,340
126,2026.71299575371,1348.94650604795,559.741821289062,340
127,1594.63863671655,1347.41472178304,559.741821289062,340
128,1491.70707387804,1355.22436910928,559.741821289062,340
129,982.763896318882,1372.46751617423,620.719909667969,340
130,1380.83864729449,1372.10112644532,620.719909667969,340
131,1160.56688315651,1383.54678343674,620.719909667969,340
132,1918.22871804098,1410.47701343702,620.719909667969,340
133,992.953965812987,1427.54145145793,620.719909667969,340
134,1617.97397875141,1452.33682549591,620.719909667969,340
135,1408.84122779537,1477.12165617933,620.719909667969,340
136,1375.45294741937,1483.15155489565,620.719909667969,340
137,1998.97516658937,1516.30803265864,676.567138671875,340
138,2484.931462521,1570.82160742619,676.567138671875,340
139,1174.40513121316,1556.81637849227,676.567138671875,340
140,1279.0739546006,1544.52658965346,676.567138671875,340
141,1277.64054918369,1563.09715691333,676.567138671875,340
142,1733.55805360981,1560.15522349083,676.567138671875,340
143,3057.26994719569,1625.48192664175,676.567138671875,340
144,1734.1533924037,1634.10996992812,676.567138671875,340
145,2049.6091049188,1694.62653734801,757.19580078125,340
146,2323.47553087561,1702.06253243485,757.19580078125,340
147,1160.93479086573,1625.94236464663,757.19580078125,340
148,1651.77375446314,1647.03460529643,757.19580078125,340
149,1775.09028797303,1656.16955588254,757.19580078125,340
150,1434.43858729695,1643.44034738594,757.19580078125,340
151,2070.96180000138,1645.21029955585,757.19580078125,340
152,2610.76425061524,1685.8553241118,757.19580078125,340
153,2712.13515056373,1734.67244717922,808.739440917969,340
154,1605.07424013273,1759.56486093178,808.739440917969,340
155,3171.92157446633,1831.20817801865,808.739440917969,340
156,2992.07055805054,1904.46832501441,808.739440917969,340
157,3306.27834900272,1959.99031025288,808.739440917969,340
158,2152.91512888612,2006.38875677581,808.739440917969,340
159,1701.40459335878,2009.7259813601,808.739440917969,340
160,3266.7205656367,2084.04115487376,808.739440917969,340
161,2268.30520477067,2119.75524516781,842.910766601562,340
162,3623.78242976965,2184.74753569502,842.910766601562,340
163,3023.07134722486,2206.27313108317,842.910766601562,340
164,3667.41193318776,2305.99340316216,842.910766601562,340
165,3724.44548005576,2403.80826418036,842.910766601562,340
166,2866.35590762249,2467.35687851792,842.910766601562,340
167,2003.16243443131,2478.14105375078,842.910766601562,340
168,2996.31006459325,2475.70265844668,842.910766601562,340
169,3490.31525370019,2545.94913289854,867.588928222656,340
170,3174.29232486422,2590.93646169636,867.588928222656,340
171,3790.25477718939,2649.60763154891,867.588928222656,340
172,2828.82979513633,2716.32343171973,867.588928222656,340
173,2311.67521359499,2742.719490085,867.588928222656,340
174,3208.47116979454,2800.05472535787,867.588928222656,340
175,3161.70855144138,2869.14552392364,867.588928222656,340
176,3042.81270949748,2908.01956030349,867.588928222656,340
177,3144.9435579668,2929.38673259755,893.095764160156,340
178,3708.80551348173,2969.25354711427,893.095764160156,340
179,3875.92309505603,3060.0875013112,893.095764160156,340
180,2701.92461730769,3041.28762302486,893.095764160156,340
181,3945.31679263282,3079.41747240815,893.095764160156,340
182,3162.16439004133,3073.65291404969,893.095764160156,340
183,3606.92498363482,3131.81330823964,893.095764160156,340
184,3564.39968979451,3206.33311209707,893.095764160156,340
185,3249.846402677,3205.65814557868,903.962890625,340
186,3685.09366761227,3262.32968409234,903.962890625,340
187,3777.56062153363,3268.4808117629,903.962890625,340
188,3398.72567213611,3283.50698475935,903.962890625,340
189,4048.52901522984,3298.75166804104,903.962890625,340
190,3834.0594346287,3303.13622622395,903.962890625,340
191,3217.70919493642,3317.19035771651,903.962890625,340
192,3024.76639852625,3358.05451628031,903.962890625,340
193,3744.50653270935,3387.98237500495,947.042419433594,340
194,3882.68859955675,3403.67730883922,947.042419433594,340
195,3305.92920619951,3408.94278409263,947.042419433594,340
196,3915.76617019215,3413.96323981274,947.042419433594,340
197,3883.24523551094,3456.13985742772,947.042419433594,340
198,3495.91569402927,3503.50947664509,947.042419433594,340
199,3066.75039665008,3497.84064571931,947.042419433594,340
200,3443.81942864034,3509.12508080727,947.042419433594,340
201,3698.01318319473,3535.33309975516,977.750122070312,340
202,3623.22347313857,3554.46429636203,977.750122070312,340
203,3511.05574838936,3546.55430575834,977.750122070312,340
204,3300.19264672166,3523.52508782496,977.750122070312,340
205,3221.89561763807,3544.32392783818,977.750122070312,340
206,3850.07875708,3540.51440641607,977.750122070312,340
207,3565.37634805507,3556.64288473662,977.750122070312,340
208,3296.29358793085,3544.21762890846,977.750122070312,340
209,3931.58380448734,3558.90499349617,1006.75177001953,340
210,3412.17815747807,3565.39826368821,1006.75177001953,340
211,3652.26627323985,3564.08516791332,1006.75177001953,340
212,3533.9014529943,3554.33880117174,1006.75177001953,340
213,3295.45074075128,3550.20780391635,1006.75177001953,340
214,3553.22368229643,3530.39559059901,1006.75177001953,340
215,3860.55229515963,3531.45530502025,1006.75177001953,340
216,3064.55587385093,3525.32917217683,1006.75177001953,340
217,3568.59642633437,3547.08237328916,1035.1162109375,340
218,3526.75647595429,3538.37237101895,1035.1162109375,340
219,3494.30389466463,3522.83698282327,1035.1162109375,340
220,2210.7710161377,3479.0306552208,1035.1162109375,340
221,3649.27810181884,3468.37113248587,1035.1162109375,340
222,3137.71980517501,3438.55011527243,1035.1162109375,340
223,3677.82515635699,3445.82649376554,1035.1162109375,340
224,3708.21320094223,3471.48500593722,1035.1162109375,340
225,3942.76094238155,3491.44266648687,1063.84436035156,340
226,3682.02000485751,3490.80293935338,1063.84436035156,340
227,3794.53758570813,3497.65550385616,1063.84436035156,340
228,3811.56236973734,3509.67576871008,1063.84436035156,340
229,3331.80486252983,3510.94025734241,1063.84436035156,340
230,3569.06285590167,3524.82694687295,1063.84436035156,340
231,3870.28065622434,3525.63502283873,1063.84436035156,340
232,3498.05535291608,3522.94218303317,1063.84436035156,340
233,3887.12528755816,3546.57545101826,1082.20141601562,340
234,3688.48729068458,3536.85159046615,1082.20141601562,340
235,3763.25873259983,3550.89481347102,1082.20141601562,340
236,3199.50372649021,3532.78431160103,1082.20141601562,340
237,4043.39580148412,3553.16408554063,1082.20141601562,340
238,4038.96580665825,3582.9046881769,1082.20141601562,340
239,3411.34268525494,3577.22944829524,1082.20141601562,340
240,3620.74525166667,3567.63716655553,1082.20141601562,340
241,3859.24118968105,3599.42457918873,1098.30786132812,340
242,3365.99483160211,3591.32051539944,1098.30786132812,340
243,3650.49929207376,3596.27022804422,1098.30786132812,340
244,3550.7188630588,3598.52682677999,1098.30786132812,340
245,3591.414875712,3653.75258116296,1098.30786132812,340
246,4037.4414716761,3669.27911595725,1098.30786132812,340
247,3559.1181409501,3686.13504938825,1098.30786132812,340
248,3315.8507014569,3671.65607119225,1098.30786132812,340
249,3449.38683499602,3661.3030165544,1107.54260253906,340
250,3852.46987342396,3657.6913737961,1107.54260253906,340
251,3573.81656794643,3653.36323631965,1107.54260253906,340
252,2942.38161218528,3619.27699737874,1107.54260253906,340
253,3819.65504506123,3619.6007043917,1107.54260253906,340
254,3452.87447812698,3624.44348901558,1107.54260253906,340
255,4002.20096901233,3641.76901354001,1107.54260253906,340
256,3540.06025465604,3628.56019747728,1107.54260253906,340
257,3904.43425582551,3644.81535359365,1113.00402832031,340
258,3333.77770016752,3622.68145009803,1113.00402832031,340
259,3747.75531092333,3625.05217090758,1113.00402832031,340
260,3491.35878397819,3614.17617296271,1113.00402832031,340
261,4089.98653102063,3649.79548514393,1113.00402832031,340
262,3813.45017419745,3640.59766005246,1113.00402832031,340
263,3789.07447884274,3630.60200693984,1113.00402832031,340
264,3971.35513750889,3653.00250503,1113.00402832031,340
265,3710.98563963746,3656.61212054883,1119.08544921875,340
266,3443.36389711572,3639.97702884622,1119.08544921875,340
267,3850.59005080428,3659.36083761431,1119.08544921875,340
268,3749.48585357164,3663.32030007422,1119.08544921875,340
269,3299.39439522649,3653.26732136093,1119.08544921875,340
270,3796.26949619087,3661.46150618008,1119.08544921875,340
271,3753.0510009416,3650.0858873507,1119.08544921875,340
272,3529.58765415795,3648.90466787902,1119.08544921875,340
273,2788.95522606442,3627.82884886332,1131.40258789062,340
274,3755.67658558021,3640.08043888669,1131.40258789062,340
275,3762.09466290721,3636.46543046602,1131.40258789062,340
276,3648.49831482873,3639.45270034131,1131.40258789062,340
277,3707.39680668188,3670.05330812117,1131.40258789062,340
278,3712.66039152862,3665.77352197987,1131.40258789062,340
279,3735.06639011693,3677.06119845947,1131.40258789062,340
280,3574.5922505502,3659.95684972098,1131.40258789062,340
281,2526.52246194619,3619.41533801259,1144.04309082031,340
282,3372.35173588238,3598.13203721486,1144.04309082031,340
283,3687.55797859203,3612.28324835184,1144.04309082031,340
284,3594.47833306411,3606.15216923747,1144.04309082031,340
285,3740.70164452844,3616.12588365948,1144.04309082031,340
286,3557.52700046356,3594.8275024372,1144.04309082031,340
287,3521.03249140306,3583.13079512542,1144.04309082031,340
288,3835.68203546332,3584.99509739025,1144.04309082031,340
289,3921.7823539232,3583.01218604682,1159.10900878906,340
290,3613.9735723962,3579.13170335717,1159.10900878906,340
291,3594.06265538144,3585.1596536878,1159.10900878906,340
292,3636.84150251058,3576.60971175605,1159.10900878906,340
293,3557.05226919755,3568.91236838109,1159.10900878906,340
294,3116.9332482866,3561.61392250349,1159.10900878906,340
295,3312.61553060565,3542.26776388008,1159.10900878906,340
296,4017.53578983128,3552.84715543567,1159.10900878906,340
297,3317.11158886328,3544.34811282388,1165.54260253906,340
298,3985.02049081908,3592.19072341407,1165.54260253906,340
299,3607.2114825948,3586.25211929465,1165.54260253906,340
300,3445.59496337414,3573.59213131333,1165.54260253906,340
301,3412.074192186,3564.13516640762,1165.54260253906,340
302,3399.72178517758,3551.82816554745,1165.54260253906,340
303,3548.1579034011,3545.24806602235,1165.54260253906,340
304,2996.3134524569,3515.69794851595,1165.54260253906,340
305,3753.13424253166,3522.83962819521,1170.08325195312,340
306,3367.71625181998,3556.48737979016,1170.08325195312,340
307,3177.25325393741,3548.68344051236,1170.08325195312,340
308,3315.54926348097,3533.80309190792,1170.08325195312,340
309,3181.04967271886,3517.26594549411,1170.08325195312,340
310,3264.91859730255,3498.23462360507,1170.08325195312,340
311,3004.1555215118,3476.099764447,1170.08325195312,340
312,3792.30275785989,3486.95057510527,1170.08325195312,340
313,3027.78801271051,3454.63481419516,1170.98608398438,340
314,3607.04247540419,3442.0452190544,1170.98608398438,340
315,2505.53138654993,3397.70753162055,1170.98608398438,340
316,3340.6753856099,3387.57204082969,1170.98608398438,340
317,3271.77534905952,3372.96939469165,1170.98608398438,340
318,3141.21725666982,3356.33599419054,1170.98608398438,340
319,3470.30638713849,3370.47091974461,1170.98608398438,340
320,3540.95647379536,3379.6045574722,1170.98608398438,340
321,2124.47376177478,3303.88207634994,1180.45532226562,340
322,3187.52888762899,3298.69876830057,1180.45532226562,340
323,3349.45794407219,3273.27626643069,1180.45532226562,340
324,2829.4893484696,3242.16738106568,1180.45532226562,340
325,3255.70523793276,3234.57179204803,1180.45532226562,340
326,2475.84498563114,3197.12262378584,1180.45532226562,340
327,2449.75568884846,3159.12397993267,1180.45532226562,340
328,3342.49804792615,3150.89758571367,1180.45532226562,340
329,3080.99700467575,3154.28492780243,1177.76733398438,340
330,2880.38663841346,3119.3750236377,1177.76733398438,340
331,3264.29115138215,3115.23801962019,1177.76733398438,340
332,2856.50023309366,3102.40789878644,1177.76733398438,340
333,3159.5589766054,3096.16828731141,1177.76733398438,340
334,3073.49138885269,3091.86595595677,1177.76733398438,340
335,2555.29210583277,3063.48089629798,1177.76733398438,340
336,2841.47682964123,3056.97374862315,1177.76733398438,340
337,3594.87411846577,3049.07660304739,1179.65844726562,340
338,3089.40897988047,3051.54144173419,1179.65844726562,340
339,3292.12895653181,3038.94490097929,1179.65844726562,340
340,2937.68003879538,3056.23084706911,1179.65844726562,340
341,3350.3940366441,3056.61959311048,1179.65844726562,340
342,2442.83698074031,3023.46205837771,1179.65844726562,340
343,3414.42111450736,3034.39021269121,1179.65844726562,340
344,3259.49845974999,3025.95789559567,1179.65844726562,340
345,3557.93446467018,3026.63701523066,1184.93359375,340
346,3632.90889425336,3086.97442052981,1184.93359375,340
347,3192.86147472499,3087.18772401365,1184.93359375,340
348,3573.08085811383,3096.13264057531,1184.93359375,340
349,3463.51035084315,3121.49348067025,1184.93359375,340
350,3423.66379440934,3128.21182292932,1184.93359375,340
351,3554.76388196473,3171.36857878266,1184.93359375,340
352,3777.72954818214,3224.48753315601,1184.93359375,340
353,3646.99961266418,3236.66759574553,1179.6279296875,340
354,3686.80345115517,3260.89985360471,1179.6279296875,340
355,3789.79806000614,3297.27631046841,1179.6279296875,340
356,3691.89749927543,3314.38056438415,1179.6279296875,340
357,3800.03488302586,3352.12195038143,1179.6279296875,340
358,3352.72941680874,3359.84876798957,1179.6279296875,340
359,3616.1196187996,3381.55389718744,1179.6279296875,340
360,3298.28366227255,3411.27355944503,1179.6279296875,340
361,3520.86671113261,3438.44915470469,1173.99072265625,340
362,3741.20019170964,3444.30219763444,1173.99072265625,340
363,3775.74558494,3471.75566183682,1173.99072265625,340
364,3671.28197641162,3486.92178263202,1173.99072265625,340
365,3468.91874756228,3508.17133098269,1173.99072265625,340
366,3433.29911851349,3511.48753425747,1173.99072265625,340
367,3943.55025578766,3571.51606525936,1173.99072265625,340
368,3657.0708855017,3581.22205609913,1173.99072265625,340
369,3526.13526514633,3591.88752831499,1180.7685546875,340
370,3288.17869510483,3581.09729753237,1180.7685546875,340
371,3200.27504722944,3563.79194365142,1180.7685546875,340
372,3463.82273279658,3574.63039397428,1180.7685546875,340
373,3806.81126514077,3583.97961025536,1180.7685546875,340
374,3493.18520244071,3585.16660431926,1180.7685546875,340
375,3483.11020710395,3587.54446082705,1180.7685546875,340
376,3351.21602300788,3579.40254646877,1180.7685546875,340
377,3550.48272652547,3570.3126736025,1186.90014648438,340
378,3377.67816583639,3559.53981572939,1186.90014648438,340
379,3666.97400532078,3558.74663789602,1186.90014648438,340
380,3513.56076754881,3547.69714619772,1186.90014648438,340
381,3763.40081118702,3550.55727867419,1186.90014648438,340
382,3639.15192100498,3544.12196019335,1186.90014648438,340
383,3628.4138397885,3555.14933711254,1186.90014648438,340
384,3821.80635314579,3563.37680648639,1186.90014648438,340
385,3840.64491010786,3585.0712563998,1200.79321289062,340
386,3552.74764054899,3586.34649357646,1200.79321289062,340
387,3768.51341203539,3587.43902238949,1200.79321289062,340
388,3123.54487666599,3561.35099405853,1200.79321289062,340
389,3693.75015373232,3562.24972115136,1200.79321289062,340
390,3660.46863942201,3569.91171682574,1200.79321289062,340
391,3585.1199424235,3575.98454978215,1200.79321289062,340
392,3601.66083562113,3562.30897297548,1200.79321289062,340
393,3605.90014968648,3560.26214354288,1210.56604003906,340
394,3778.26045548236,3570.34715115632,1210.56604003906,340
395,3658.28052900013,3585.15122451213,1210.56604003906,340
396,3874.19360168259,3612.10796669025,1210.56604003906,340
397,3533.1874256025,3614.88255440249,1210.56604003906,340
398,3828.40696917894,3615.74638256402,1210.56604003906,340
399,3679.7830230857,3623.21029538982,1210.56604003906,340
400,3734.39898584331,3633.26184653939,1210.56604003906,340
401,3707.76262707545,3647.5237107021,1209.73278808594,340
402,3213.41768177618,3634.04110891212,1209.73278808594,340
403,3653.06422499679,3645.05655127854,1209.73278808594,340
404,3808.40595665264,3650.71382933181,1209.73278808594,340
405,3682.47126045073,3657.47024904789,1209.73278808594,340
406,3662.66349495156,3653.44075639847,1209.73278808594,340
407,3600.55877894189,3651.89703071595,1209.73278808594,340
408,3590.76347909364,3650.39101628815,1209.73278808594,340
409,3703.28308562968,3645.65008558751,1226.64807128906,340
410,3549.12815167311,3633.98941525012,1226.64807128906,340
411,3828.95586269028,3645.03774413577,1226.64807128906,340
412,3664.41332850223,3640.87374079445,1226.64807128906,340
413,3128.18656994816,3641.05940852573,1226.64807128906,340
414,3783.39906248784,3644.64536487595,1226.64807128906,340
415,3625.1383828665,3643.23215461373,1226.64807128906,340
416,3732.25106633726,3649.11739957028,1226.64807128906,340
417,3524.83250859734,3646.04426648933,1251.93676757812,340
418,3586.74799824217,3645.27818043156,1251.93676757812,340
419,3704.40061267737,3642.32378671936,1251.93676757812,340
420,3729.66618514966,3645.17921296534,1251.93676757812,340
421,3477.07643326915,3629.2945262288,1251.93676757812,340
422,3573.73036164769,3630.91624367061,1251.93676757812,340
423,3619.81521105302,3622.57257334557,1251.93676757812,340
424,3612.00630369325,3619.86150456988,1251.93676757812,340
425,3500.4593706543,3610.50391996232,1261.24621582031,340
426,3182.91207172151,3589.50989774816,1261.24621582031,340
427,3330.83632500725,3594.2066434774,1261.24621582031,340
428,3075.44471794756,3571.10186319543,1261.24621582031,340
429,3322.74456423568,3551.67540749875,1261.24621582031,340
430,3296.20459690711,3536.22474095701,1261.24621582031,340
431,3748.32960398349,3539.65138531829,1261.24621582031,340
432,3509.10850721053,3535.99337444903,1261.24621582031,340
433,3615.87301495,3536.99775588329,1287.44091796875,340
434,3325.78535017304,3521.89784646502,1287.44091796875,340
435,3380.41051038368,3515.14914081344,1287.44091796875,340
436,2722.76767728622,3470.90161339728,1287.44091796875,340
437,2761.49887567982,3434.78503528438,1287.44091796875,340
438,3249.9213601999,3439.65442689445,1287.44091796875,340
439,3394.64948859708,3424.10444393882,1287.44091796875,340
440,3402.09642929702,3415.18276579604,1287.44091796875,340
441,2875.09853221017,3380.89666443096,1316.12268066406,340
442,2837.30626716307,3353.39561477359,1316.12268066406,340
443,2974.38930279621,3328.90126695575,1316.12268066406,340
444,2890.85062666414,3296.35926751522,1316.12268066406,340
445,2864.34340434459,3261.74635628302,1316.12268066406,340
446,3266.69542677232,3253.33111602315,1316.12268066406,340
447,2207.66377106074,3198.68845239967,1316.12268066406,340
448,2864.03255747091,3168.45714625638,1316.12268066406,340
449,3126.9514771841,3149.05495319602,1326.92944335938,340
450,3020.35147464119,3129.85063735549,1326.92944335938,340
451,2854.52846730665,3116.7152931789,1326.92944335938,340
452,2777.01245816898,3094.56233850537,1326.92944335938,340
453,2771.05640383736,3082.38680594096,1326.92944335938,340
454,2884.35661968728,3064.85128815902,1326.92944335938,340
455,2517.84448321597,3033.71688361138,1326.92944335938,340
456,2656.03973895093,2990.02528901008,1326.92944335938,340
457,3176.44865159012,2976.71889478526,1334.79370117188,340
458,3174.08998192146,2959.04757346412,1334.79370117188,340
459,3021.58146990938,2946.87941825357,1334.79370117188,340
460,2995.75824673738,2931.49332770772,1334.79370117188,340
461,2869.742094844,2937.37230441003,1334.79370117188,340
462,2707.31857343305,2935.20509232016,1334.79370117188,340
463,3307.14051377619,2937.49385846321,1334.79370117188,340
464,2766.82684881834,2912.38095287206,1334.79370117188,340
465,2934.16142538805,2893.6635527157,1352.28552246094,340
466,2398.7879200813,2874.61112823055,1352.28552246094,340
467,2799.98958579377,2873.11846097578,1352.28552246094,340
468,2824.5322969689,2867.12418074268,1352.28552246094,340
469,2963.6605215255,2870.03657653714,1352.28552246094,340
470,2421.57577799247,2852.32587148305,1352.28552246094,340
471,2569.75901492585,2824.4484150092,1352.28552246094,340
472,2909.14500941695,2852.50766454344,1352.28552246094,340
473,2845.54337415978,2851.768097211,1319.8515625,340
474,2700.76859657292,2834.72078198655,1319.8515625,340
475,2673.96349821322,2820.86526292943,1319.8515625,340
476,3556.63348102437,2848.94946347814,1319.8515625,340
477,3370.32072707996,2872.68179423458,1319.8515625,340
478,3068.24442515316,2884.56931508721,1319.8515625,340
479,3150.72917323295,2895.22421722904,1319.8515625,340
480,3233.38982008867,2923.84603070395,1319.8515625,340
481,2761.75809802002,2928.07476506671,1308.86437988281,340
482,3034.69860272766,2922.40476311221,1308.86437988281,340
483,2816.94444582529,2908.11894166837,1308.86437988281,340
484,3335.0921470647,2920.65936875458,1308.86437988281,340
485,3415.1230151473,2937.43395949098,1308.86437988281,340
486,3336.28756291262,2956.09577821372,1308.86437988281,340
487,2654.50584049417,2953.98326889617,1308.86437988281,340
488,2747.18268166908,2931.58495561188,1308.86437988281,340
489,3858.31386988615,2975.24443645459,1287.60144042969,340
490,2949.48802090223,2975.85750027516,1287.60144042969,340
491,3313.26693981663,3012.43666106457,1287.60144042969,340
492,3135.67192071433,3025.8639544614,1287.60144042969,340
493,2984.08228632696,3032.24595403572,1287.60144042969,340
494,3199.88291793505,3041.6948498921,1287.60144042969,340
495,3126.23635085196,3069.88127280648,1287.60144042969,340
496,3100.96689599762,3091.12958804935,1287.60144042969,340
497,3302.50531012345,3106.86400007761,1268.31628417969,340
498,3855.02820280389,3147.24339322338,1268.31628417969,340
499,3531.56932367452,3180.47542230744,1268.31628417969,340
500,2566.88904223594,3176.19244406835,1268.31628417969,340
501,3846.41688759871,3187.78378033132,1268.31628417969,340
502,3444.9860650101,3190.77039384853,1268.31628417969,340
503,3325.48114932564,3201.05986281543,1268.31628417969,340
504,3358.97931185002,3209.38986836011,1268.31628417969,340
505,3839.40188576814,3233.63035098729,1271.17431640625,340
506,4110.62755799179,3287.58512938616,1271.17431640625,340
507,3856.92317208583,3320.47411216049,1271.17431640625,340
508,3615.45546186844,3352.41455280221,1271.17431640625,340
509,3935.32497071038,3376.42386574804,1271.17431640625,340
510,3522.11548690842,3380.70356461848,1271.17431640625,340
511,3815.79065004857,3399.88368810392,1271.17431640625,340
512,3379.52734042814,3428.88454810128,1271.17431640625,340
513,3852.50376093552,3473.09739127194,1273.4375,340
514,3800.28649754334,3470.77629637822,1273.4375,340
515,3662.49359826008,3499.29651947254,1273.4375,340
516,3072.4577191964,3489.66415064773,1273.4375,340
517,3011.48356304655,3484.69661634102,1273.4375,340
518,3820.19947712912,3518.1413039731,1273.4375,340
519,3540.22048938542,3531.75480683112,1273.4375,340
520,2870.94191765093,3521.54302950308,1273.4375,340
521,3934.44008734664,3554.88195715704,1265.04370117188,340
522,3700.56074706589,3570.80417463474,1265.04370117188,340
523,3810.40731957829,3569.01933930571,1265.04370117188,340
524,3565.23273520387,3570.36587576689,1265.04370117188,340
525,3569.81212587478,3610.48279911244,1265.04370117188,340
526,3878.26566762408,3611.75675031345,1265.04370117188,340
527,3900.75252622934,3629.98740876222,1265.04370117188,340
528,3545.76006193105,3638.79856526644,1265.04370117188,340
529,3933.37766372742,3661.77449934154,1256.33117675781,340
530,3834.88786793932,3661.59393862838,1256.33117675781,340
531,3971.29598941421,3656.02067588528,1256.33117675781,340
532,3338.05413360547,3635.26591434607,1256.33117675781,340
533,4132.58489306548,3655.95109159395,1256.33117675781,340
534,3870.26711664345,3653.34877743127,1256.33117675781,340
535,3553.29625713117,3654.59600824018,1256.33117675781,340
536,4021.23755807911,3662.8138845614,1256.33117675781,340
537,3255.32317844844,3657.84571808221,1240.95141601562,340
538,3489.52317108224,3643.32649448808,1240.95141601562,340
539,3889.60357452513,3646.89917756735,1240.95141601562,340
540,3593.20962032724,3644.12781845004,1240.95141601562,340
541,3667.00158219141,3667.90957296984,1240.95141601562,340
542,3864.26606310708,3702.02087297226,1240.95141601562,340
543,3628.58031787493,3694.3561066021,1240.95141601562,340
544,3668.61595659524,3699.49192529049,1240.95141601562,340
545,3468.15932084531,3723.38062141826,1225.45495605469,340
546,4098.00724517284,3729.92330773131,1225.45495605469,340
547,4017.26019732385,3742.59128574163,1225.45495605469,340
548,3756.35768386445,3740.42930031308,1225.45495605469,340
549,3781.37077006854,3749.07482170766,1225.45495605469,340
550,3879.56467401449,3761.46492363325,1225.45495605469,340
551,3843.59135273974,3760.07795103788,1225.45495605469,340
552,3573.56478863071,3746.99044153393,1225.45495605469,340
553,3823.77027553467,3758.11085007808,1222.20397949219,340
554,3961.04347814038,3759.2174826546,1222.20397949219,340
555,3739.57126790945,3755.4048186534,1222.20397949219,340
556,3672.59912162686,3743.45694394191,1222.20397949219,340
557,4020.69794363548,3770.76269634311,1222.20397949219,340
558,3931.39904934301,3762.71526259421,1222.20397949219,340
559,3940.93704714369,3765.54205981422,1222.20397949219,340
560,3289.3118238446,3754.98268248276,1222.20397949219,340
561,3758.67946330654,3744.48035869185,1219.82141113281,340
562,4079.49343444222,3777.44716893161,1219.82141113281,340
563,3900.37648690141,3793.88130156437,1219.82141113281,340
564,3795.56374584985,3790.11970841736,1219.82141113281,340
565,3947.80431335843,3804.30349613861,1219.82141113281,340
566,3880.86147786588,3812.85789196559,1219.82141113281,340
567,3451.34436761851,3796.34102414604,1219.82141113281,340
568,4040.54389366897,3812.81956717781,1219.82141113281,340
569,4012.47399906692,3826.57388887667,1218.64001464844,340
570,4076.80309421546,3850.91963981148,1218.64001464844,340
571,2883.49843665606,3802.33928747081,1218.64001464844,340
572,3346.00611345958,3775.48912411624,1218.64001464844,340
573,3898.17078722564,3781.16164825069,1218.64001464844,340
574,3992.40838469585,3789.60315283578,1218.64001464844,340
575,3905.20903708988,3790.62892735879,1218.64001464844,340
576,4035.11483370653,3798.28986659746,1218.64001464844,340
577,3973.38717834717,3814.28276218612,1215.38745117188,340
578,3910.79180195245,3817.76362324283,1215.38745117188,340
579,3900.16103938886,3815.32832569277,1215.38745117188,340
580,3901.41605467118,3821.80211716324,1215.38745117188,340
581,3526.81082048765,3815.97058511767,1215.38745117188,340
582,3979.14489041473,3814.30846298884,1215.38745117188,340
583,3871.51013692161,3811.91290649199,1215.38745117188,340
584,3873.75576119773,3809.22565505415,1215.38745117188,340
585,3974.5128750295,3836.63369710154,1217.43347167969,340
586,3856.8719408855,3840.5613962047,1217.43347167969,340
587,3204.59924926784,3805.56562879773,1217.43347167969,340
588,3777.02171297939,3800.63143784085,1217.43347167969,340
589,3913.25425624925,3805.33905825682,1217.43347167969,340
590,4085.641405811,3810.85254195493,1217.43347167969,340
591,4020.74885782699,3816.44803715337,1217.43347167969,340
592,3821.27573224045,3831.24529173825,1217.43347167969,340
593,3893.2707240325,3825.35436495279,1228.42456054688,340
594,3963.14099612872,3823.38104483526,1228.42456054688,340
595,4017.86804070092,3821.02364269468,1228.42456054688,340
596,3958.80037296263,3864.03572014694,1228.42456054688,340
597,3969.10311356876,3888.95960015131,1228.42456054688,340
598,4040.44458526994,3894.65055207308,1228.42456054688,340
599,3730.66960645912,3884.18100094361,1228.42456054688,340
600,4014.40445432807,3888.54881763314,1228.42456054688,340
601,3781.69630794952,3878.41207660286,1237.30322265625,340
602,3704.32013520562,3867.6493948772,1237.30322265625,340
603,4072.49187207746,3874.1173976822,1237.30322265625,340
604,3769.69590508727,3868.89879231013,1237.30322265625,340
605,4156.59411621175,3879.10591477176,1237.30322265625,340
606,4125.47828879451,3903.05261350403,1237.30322265625,340
607,3543.72370748467,3885.63576618683,1237.30322265625,340
608,3843.39044358483,3884.51097845336,1237.30322265625,340
609,3225.85369870707,3858.59489595373,1244.76684570312,340
610,3878.64165179244,3854.76004702425,1244.76684570312,340
611,4128.95334320163,3865.64330311689,1244.76684570312,340
612,3937.69510721315,3894.96713743471,1244.76684570312,340
613,3923.18959260927,3900.8138526199,1244.76684570312,340
614,4133.52383686461,3909.62463584452,1244.76684570312,340
615,3415.37713688612,3882.81406508752,1244.76684570312,340
616,3883.63815199232,3877.32963685413,1244.76684570312,340
617,4135.41046112371,3889.89502600946,1247.69409179688,340
618,3897.611781181,3890.0686682954,1247.69409179688,340
619,3990.91933433317,3891.17980182358,1247.69409179688,340
620,3959.44710471912,3888.84296438431,1247.69409179688,340
621,3942.3908204598,3888.1865822842,1247.69409179688,340
622,3935.52432435879,3886.8434307158,1247.69409179688,340
623,4098.23263650704,3889.15495276528,1247.69409179688,340
624,4042.99944798517,3901.64814642632,1247.69409179688,340
625,3928.86240605244,3898.2264644953,1252.37487792969,340
626,4199.15344998414,3914.92475017668,1252.37487792969,340
627,4107.99120555788,3931.07159299077,1252.37487792969,340
628,3863.10077573363,3922.69594913702,1252.37487792969,340
629,3643.97796124746,3917.66723138343,1252.37487792969,340
630,4063.59202795472,3913.94714785315,1252.37487792969,340
631,4070.82590349582,3911.7610524412,1252.37487792969,340
632,4083.77030633636,3933.36291639527,1252.37487792969,340
633,3878.35933599299,3934.76167209159,1255.97814941406,340
634,3998.21418303002,3965.65609146451,1255.97814941406,340
635,4079.82628762943,3973.70347689799,1255.97814941406,340
636,4119.79955713788,3973.33732545544,1255.97814941406,340
637,3853.82669188743,3969.98258884241,1255.97814941406,340
638,3956.4282012246,3971.31213318703,1255.97814941406,340
639,4059.46940914238,3968.34995607814,1255.97814941406,340
640,3740.65048227817,3981.36088989382,1255.97814941406,340
641,3910.77532109734,3982.44637665802,1255.97595214844,340
642,3749.60387175288,3967.01411308319,1255.97595214844,340
643,4044.37968639631,3972.8848292918,1255.97595214844,340
644,3902.31760422711,3969.34076008756,1255.97595214844,340
645,4052.90596995815,3973.07911469712,1255.97595214844,340
646,3772.3897385535,3966.27907142087,1255.97595214844,340
647,3908.48684373859,3965.19757219606,1255.97595214844,340
648,4201.98657925991,3969.34772990617,1255.97595214844,340
649,4108.04975953963,3971.94974236835,1251.35827636719,340
650,4104.21353486197,3978.96378752073,1251.35827636719,340
651,3585.96279747211,3954.43616142025,1251.35827636719,340
652,4176.16878049033,3957.16326441755,1251.35827636719,340
653,4121.52448956993,3967.500212971,1251.35827636719,340
654,4095.28043995706,3985.55231211939,1251.35827636719,340
655,4121.98979591115,3987.88822283764,1251.35827636719,340
656,3914.78433504034,3981.64656009942,1251.35827636719,340
657,4057.33781012015,3980.58926025077,1249.12646484375,340
658,4135.83577715951,3990.88831789744,1249.12646484375,340
659,3625.19154878568,3975.96741252766,1249.12646484375,340
660,4017.74680657532,3973.4842332855,1249.12646484375,340
661,4055.91340581394,3970.92878723254,1249.12646484375,340
662,4006.62616112879,3977.04076600219,1249.12646484375,340
663,4160.54569285536,3985.20546566742,1249.12646484375,340
664,4104.80047617099,3987.01870834857,1249.12646484375,340
665,4055.5979077899,3999.61660536904,1247.83837890625,340
666,4122.93445675349,4008.10297079528,1247.83837890625,340
667,3999.4060942875,4018.09505969667,1247.83837890625,340
668,4004.29625437325,4016.49172241575,1247.83837890625,340
669,4094.919460356,4024.1957966609,1247.83837890625,340
670,4041.14553124343,4023.72537911231,1247.83837890625,340
671,4059.00069371337,4035.18981731871,1247.83837890625,340
672,4060.52872545017,4041.27149258717,1247.83837890625,340
673,3989.68562080865,4032.77945424912,1252.50915527344,340
674,4090.81245926683,4032.08996223821,1252.50915527344,340
675,3935.56925329095,4025.34419097537,1252.50915527344,340
676,4112.81587030832,4046.41831388882,1252.50915527344,340
677,4154.39669642375,4045.54743052615,1252.50915527344,340
678,4056.21219893757,4042.93493890086,1252.50915527344,340
679,4175.92810590142,4046.16084553863,1252.50915527344,340
680,4215.05375641654,4049.88340395885,1252.50915527344,340
681,4005.33938509694,4053.50560596111,1265.24731445312,340
682,4160.56457070365,4057.63467638445,1265.24731445312,340
683,4210.35928500125,4060.61561669812,1265.24731445312,340
684,3968.07222411559,4074.33084371132,1265.24731445312,340
685,4150.85415434214,4079.65513762199,1265.24731445312,340
686,4061.50699368163,4079.8788811367,1265.24731445312,340
687,4100.74038520651,4083.64345009981,1265.24731445312,340
688,4111.64083482139,4081.68725577845,1265.24731445312,340
689,4114.80177383419,4082.08730768498,1268.41967773438,340
690,3812.27775244949,4072.35450147136,1268.41967773438,340
691,4153.74396158625,4073.58688166467,1268.41967773438,340
692,3960.79124140683,4072.04228754945,1268.41967773438,340
693,4200.92673261788,4079.90750667923,1268.41967773438,340
694,4124.63252400513,4081.0960292252,1268.41967773438,340
695,4140.6998586979,4085.07820232337,1268.41967773438,340
696,4145.63969904354,4088.54376253658,1268.41967773438,340
697,4149.82036697927,4092.11542819774,1265.12109375,340
698,4189.54111716762,4100.1096480521,1265.12109375,340
699,4115.20772744434,4101.0854587792,1265.12109375,340
700,4032.00274018015,4104.94279825477,1265.12109375,340
701,3977.58786618596,4099.53367808988,1265.12109375,340
702,4210.65136397799,4101.78386479205,1265.12109375,340
703,4108.87757000018,4103.89047963455,1265.12109375,340
704,4036.45625706054,4098.31160568092,1265.12109375,340
705,4181.93530774257,4096.98686773396,1265.20129394531,340
706,4190.96897366767,4104.41205127679,1265.20129394531,340
707,4060.73282304024,4100.41878137025,1265.20129394531,340
708,4131.51273233272,4097.26491926351,1265.20129394531,340
709,4132.39265287011,4103.83773641369,1265.20129394531,340
710,4206.85583168503,4106.0778035074,1265.20129394531,340
711,4223.75521238472,4112.56773225553,1265.20129394531,340
712,4181.33430867499,4115.79148919427,1265.20129394531,340
713,4102.90957088609,4115.44223863686,1269.51513671875,340
714,4169.2229399663,4117.61908528214,1269.51513671875,340
715,4148.84910824412,4131.08193951392,1269.51513671875,340
716,3960.16481859826,4123.3387737944,1269.51513671875,340
717,3956.83718360349,4123.18061148227,1269.51513671875,340
718,3881.15043767016,4110.38955968436,1269.51513671875,340
719,4077.85086493953,4108.51829332174,1269.51513671875,340
720,3974.54571805133,4101.87212769588,1269.51513671875,340
721,4129.77545641239,4101.23755799063,1269.99743652344,340
722,4107.9865087524,4099.56420366156,1269.99743652344,340
723,4041.51086251307,4093.64299347537,1269.99743652344,340
724,4076.39019093669,4092.09029201507,1269.99743652344,340
725,4116.57646650575,4095.47324106809,1269.99743652344,340
726,3858.52181195893,4090.71059889901,1269.99743652344,340
727,4094.8376114615,4086.07804879835,1269.99743652344,340
728,4074.52717524347,4084.70403300808,1269.99743652344,340
729,4035.96445674862,4084.6843609956,1271.76403808594,340
730,4022.38769251334,4078.30245638644,1271.76403808594,340
731,4042.99316560173,4072.3834240638,1271.76403808594,340
732,3984.49308245508,4069.33383444039,1271.76403808594,340
733,4004.68952449329,4064.26090612682,1271.76403808594,340
734,4140.05834329068,4064.56753374364,1271.76403808594,340
735,3959.36266648057,4054.66780713546,1271.76403808594,340
736,4134.39785201785,4051.09351272079,1271.76403808594,340
737,3967.03034797904,4042.52135429295,1280.08422851562,340
738,3859.43730372004,4032.78246360631,1280.08422851562,340
739,3989.00637628808,4025.57380105918,1280.08422851562,340
740,3958.41704630474,4017.9565185816,1280.08422851562,340
741,4014.62609473583,4020.1349696271,1280.08422851562,340
742,4127.3942027807,4026.95725039419,1280.08422851562,340
743,3947.70137745845,4029.61928798572,1280.08422851562,340
744,3989.21073013495,4026.07368259354,1280.08422851562,340
745,4142.23642643617,4032.78131092893,1291.22119140625,340
746,4002.48955321395,4027.689874801,1291.22119140625,340
747,4072.80143181932,4026.28247172367,1291.22119140625,340
748,3851.71195944355,4018.69051560089,1291.22119140625,340
749,4152.47452402789,4021.73388892454,1291.22119140625,340
750,4155.88992370024,4023.30642721232,1291.22119140625,340
751,4027.60214759741,4030.06964063786,1291.22119140625,340
752,4083.48179261743,4029.6154078841,1291.22119140625,340
753,3908.04281227792,4022.95603336547,1293.26904296875,340
754,4008.46854061342,4021.85619672007,1293.26904296875,340
755,3936.57538271966,4018.42370432832,1293.26904296875,340
756,3935.31213055406,4014.11646292641,1293.26904296875,340
757,3969.61366761567,4013.52128633284,1293.26904296875,340
758,4023.58811335056,4014.27722988713,1293.26904296875,340
759,3913.69486974715,4005.22269094538,1293.26904296875,340
760,4043.26416434836,4008.5787508601,1293.26904296875,340
761,4140.03034276525,4008.80405048999,1300.98986816406,340
762,4028.75013539509,4011.27284198663,1300.98986816406,340
763,4099.40961950078,4020.87173461786,1300.98986816406,340
764,3870.672134127,4016.13836493142,1300.98986816406,340
765,3950.53732003466,4015.82317588062,1300.98986816406,340
766,4097.88417781406,4019.15349920375,1300.98986816406,340
767,4070.15808721225,4016.86405458101,1300.98986816406,340
768,4034.76422556337,4020.34656850521,1300.98986816406,340
769,4087.88878099432,4024.29369053958,1301.73901367188,340
770,3834.62716186432,4011.98931995671,1301.73901367188,340
771,4060.81684181666,4014.32241150082,1301.73901367188,340
772,3895.00616592207,4007.21060086493,1301.73901367188,340
773,4027.72082558531,4014.2509555106,1301.73901367188,340
774,3830.60948782459,4001.37635406247,1301.73901367188,340
775,4013.68347175689,3995.68809598473,1301.73901367188,340
776,4174.34900756978,4001.55797038363,1301.73901367188,340
777,4093.53383624052,4001.96005212855,1299.96118164062,340
778,3925.29972040416,4002.6503284536,1299.96118164062,340
779,3875.15027686666,3997.31759790373,1299.96118164062,340
780,3871.80043116519,3994.72659984155,1299.96118164062,340
781,4139.97640950093,4002.91317099942,1299.96118164062,340
782,3946.53933452742,4001.99019767589,1299.96118164062,340
783,3892.72679402355,3996.75574490281,1299.96118164062,340
784,3516.43553181145,3980.86537138539,1299.96118164062,340
785,3907.31912008096,3975.42756961469,1299.30139160156,340
786,4097.18584242686,3973.71378960115,1299.30139160156,340
787,4151.81391099084,3978.63634062498,1299.30139160156,340
788,3867.18811359129,3969.3474803886,1299.30139160156,340
789,3899.8506129872,3970.51461954301,1299.30139160156,340
790,4050.92482637776,3974.53011979674,1299.30139160156,340
791,3982.14105300787,3969.90039480449,1299.30139160156,340
792,4095.3635548428,3970.90861350971,1299.30139160156,340
793,3864.80886720733,3964.11039917547,1294.66809082031,340
794,3849.50163841562,3954.57491347232,1294.66809082031,340
795,3878.33828080458,3956.32335822993,1294.66809082031,340
796,3875.34301482543,3948.90440515028,1294.66809082031,340
797,4142.64869528664,3958.81010632486,1294.66809082031,340
798,4118.01325005633,3962.42180330371,1294.66809082031,340
799,3958.14758884166,3967.52332734439,1294.66809082031,340
800,3799.77356884909,3958.96693122808,1294.66809082031,340
801,4060.10249520907,3954.39707073365,1292.25122070312,340
802,4136.91490881492,3956.13231363662,1292.25122070312,340
803,4168.17033010361,3965.8471380246,1292.25122070312,340
804,3861.94515006717,3965.31893295262,1292.25122070312,340
805,3929.95487278113,3967.64511061726,1292.25122070312,340
806,3802.89377608417,3954.16180528059,1292.25122070312,340
807,4079.4834776778,3959.47957100661,1292.25122070312,340
808,4136.52115845981,3969.23134558406,1292.25122070312,340
809,4112.17686000605,3993.06099871184,1294.36779785156,340
810,4084.47540490387,4000.14725010476,1294.36779785156,340
811,4192.31373356682,4003.95236575035,1294.36779785156,340
812,4143.96837351366,4003.63854425127,1294.36779785156,340
813,4081.41987882578,4012.20781486065,1294.36779785156,340
814,4213.12288279996,4024.73870565316,1294.36779785156,340
815,4000.02298483311,4022.70263199137,1294.36779785156,340
816,4010.54568039802,4023.83881708698,1294.36779785156,340
817,4041.65500028062,4021.69047490449,1289.84265136719,340
818,3923.70605350939,4024.04636235657,1289.84265136719,340
819,4166.37758968637,4036.7214004074,1289.84265136719,340
820,3850.25162994798,4035.59793437314,1289.84265136719,340
821,4145.65210534203,4046.4102979938,1289.84265136719,340
822,3917.84955610652,4037.4183324266,1289.84265136719,340
823,4092.45362641777,4036.39594748106,1289.84265136719,340
824,3775.94541899932,4029.10786068736,1289.84265136719,340
825,4188.10220362583,4044.64100607843,1285.27612304688,340
826,3985.59389531662,4041.66066208273,1285.27612304688,340
827,4029.35936596527,4037.35844036875,1285.27612304688,340
828,4191.98331919496,4038.3109599324,1285.27612304688,340
829,3899.40973288795,4039.80954324523,1285.27612304688,340
830,4094.13383313387,4046.37670165934,1285.27612304688,340
831,4004.76786026946,4054.45166502675,1285.27612304688,340
832,3969.46965842099,4050.05111225648,1285.27612304688,340
833,4101.89885530327,4048.66622013022,1277.08020019531,340
834,4093.36924058484,4047.91391535337,1277.08020019531,340
835,3896.13447749629,4040.38027825707,1277.08020019531,340
836,4150.42559777301,4038.70475282531,1277.08020019531,340
837,4197.94382125927,4040.86377073514,1277.08020019531,340
838,4195.28902119907,4045.41853643007,1277.08020019531,340
839,4174.91410834986,4043.89018545207,1277.08020019531,340
840,4085.61825164007,4047.31399612435,1277.08020019531,340
841,4155.67534226755,4053.11918259913,1268.07495117188,340
842,4044.90337272889,4053.24911749706,1268.07495117188,340
843,4124.43727617659,4061.27836640375,1268.07495117188,340
844,4120.30641359429,4059.43551936006,1268.07495117188,340
845,4038.69582480402,4066.9732871543,1268.07495117188,340
846,3997.07748638466,4061.03030239601,1268.07495117188,340
847,4019.34153604953,4065.08998159373,1268.07495117188,340
848,4074.31343742826,4064.36437403415,1268.07495117188,340
849,4019.72235425557,4074.1154514444,1268.70617675781,340
850,4039.85724986982,4068.18565329416,1268.70617675781,340
851,4072.52922542596,4071.66306649853,1268.70617675781,340
852,4037.71836063537,4071.99742628534,1268.70617675781,340
853,4193.15076503569,4072.04412411897,1268.70617675781,340
854,4240.31075246196,4085.68016490193,1268.70617675781,340
855,4190.80609832634,4089.54705550963,1268.70617675781,340
856,3950.79911571353,4087.38830572739,1268.70617675781,340
857,4245.29989016199,4098.42151499703,1259.75341796875,340
858,4145.0451584308,4100.14736712213,1259.75341796875,340
859,4148.0013614675,4102.33265195744,1259.75341796875,340
860,4147.98003017931,4112.40647406476,1259.75341796875,340
861,4088.98810764794,4109.94897445975,1259.75341796875,340
862,4145.41860169219,4107.84796567707,1259.75341796875,340
863,4141.9865480645,4105.71586675169,1259.75341796875,340
864,4021.01883579836,4099.56005584963,1259.75341796875,340
865,4201.1179006504,4104.18004181004,1258.23986816406,340
866,4177.59400884597,4105.05678847318,1258.23986816406,340
867,4241.26739485975,4112.91134935841,1258.23986816406,340
868,4081.56841345978,4111.19659484974,1258.23986816406,340
869,4060.42548266762,4108.80135761267,1258.23986816406,340
870,4053.48685666371,4109.39299888706,1258.23986816406,340
871,3948.03001397432,4107.43109999065,1258.23986816406,340
872,3942.79563831586,4104.3692640813,1258.23986816406,340
873,4107.50940096014,4105.69710262258,1255.64306640625,340
874,4117.29039546018,4109.59982427076,1255.64306640625,340
875,4082.67639920292,4111.31259024408,1255.64306640625,340
876,4189.91356110273,4116.00796367115,1255.64306640625,340
877,4036.36152603679,4115.95369028721,1255.64306640625,340
878,4064.66852593695,4110.81440072326,1255.64306640625,340
879,4031.73776457338,4102.47148120772,1255.64306640625,340
880,4148.95249042317,4100.79733689159,1255.64306640625,340
881,4145.94589080452,4108.60320789523,1259.75451660156,340
882,4092.08487389064,4102.47460724438,1259.75451660156,340
883,4189.23107806021,4104.24204402955,1259.75451660156,340
884,4093.65427522501,4102.06816057985,1259.75451660156,340
885,4069.04939434721,4098.91093514657,1259.75451660156,340
886,4174.03364170559,4102.31275650888,1259.75451660156,340
887,4007.86727271993,4096.81070334999,1259.75451660156,340
888,4092.01361753262,4094.81178612871,1259.75451660156,340
889,4076.38626107283,4097.02648313969,1271.38562011719,340
890,4146.47704550268,4094.84084893378,1271.38562011719,340
891,4030.46904184696,4088.95585025382,1271.38562011719,340
892,4141.12355565125,4084.95009668548,1271.38562011719,340
893,4203.96863014236,4089.84610535278,1271.38562011719,340
894,4065.74132348081,4090.05873898531,1271.38562011719,340
895,4196.47452745296,4095.77824581688,1271.38562011719,340
896,3854.68359297161,4092.04438897677,1271.38562011719,340
897,4018.96655685562,4095.09122571836,1279.8125,340
898,4132.41016914929,4096.08725644593,1279.8125,340
899,4109.7592062258,4095.78600887655,1279.8125,340
900,4156.73145580543,4098.74821114065,1279.8125,340
901,4136.61312891482,4096.61619385314,1279.8125,340
902,3871.30198766625,4090.01381231831,1279.8125,340
903,4177.6880465677,4094.53459314354,1279.8125,340
904,4159.24037973043,4099.63469774983,1279.8125,340
905,4157.92516285844,4099.99360464724,1282.05480957031,340
906,4064.43902874254,4096.73333016476,1282.05480957031,340
907,4090.73744745281,4096.67943310725,1282.05480957031,340
908,3946.81944536706,4086.98296779952,1282.05480957031,340
909,4119.65312834419,4088.02292192429,1282.05480957031,340
910,4027.74862660896,4086.37089121476,1282.05480957031,340
911,3920.9126335232,4076.24605088746,1282.05480957031,340
912,4080.89686506894,4079.16723458142,1282.05480957031,340
913,4065.79773183767,4078.11859915362,1281.73815917969,340
914,4064.02874031051,4077.62429832313,1281.73815917969,340
915,4164.24104424215,4078.33485827271,1281.73815917969,340
916,4169.68196962181,4083.9033753837,1281.73815917969,340
917,4087.50938664847,4081.75880862359,1281.73815917969,340
918,4170.14117203796,4080.40571029942,1281.73815917969,340
919,4094.31240140906,4081.54855341655,1281.73815917969,340
920,4115.18771149235,4078.29708077812,1281.73815917969,340
921,4142.45652397795,4089.80799801838,1281.43920898438,340
922,4197.87291688192,4096.96425241943,1281.43920898438,340
923,3882.80517270784,4086.98005256177,1281.43920898438,340
924,4133.02870761752,4087.91083261744,1281.43920898438,340
925,3934.30069069727,4079.01360201311,1281.43920898438,340
926,3991.69467331175,4073.21686378899,1281.43920898438,340
927,3946.60921037033,4076.22915269715,1281.43920898438,340
928,3903.28220028119,4065.25291884569,1281.43920898438,340
929,4125.20770557494,4063.89161187947,1289.33093261719,340
930,3948.34850398173,4055.50854552441,1289.33093261719,340
931,3782.38916098645,4044.22655081416,1289.33093261719,340
932,4157.36150695301,4046.89151319417,1289.33093261719,340
933,4149.0431146376,4054.98045996499,1289.33093261719,340
934,3905.73950794756,4046.42391514913,1289.33093261719,340
935,4075.09248319818,4048.3176694127,1289.33093261719,340
936,3787.20221998199,4042.96925287105,1289.33093261719,340
937,4032.29548408659,4041.02519763175,1293.8515625,340
938,4067.54343213642,4041.0950256437,1293.8515625,340
939,4130.68317114173,4043.76120287695,1293.8515625,340
940,4125.71518870043,4042.22016865528,1293.8515625,340
941,4114.85518568961,4040.02709729799,1293.8515625,340
942,4146.92426970678,4042.40369262033,1293.8515625,340
943,4161.79595987947,4042.06988413399,1293.8515625,340
944,4070.48613557503,4041.11683350063,1293.8515625,340
945,3897.71392723116,4032.41788213018,1295.49084472656,340
946,4127.74887215117,4031.82957605711,1295.49084472656,340
947,4108.1955727521,4028.24248229191,1295.49084472656,340
948,4053.0375094714,4035.05177576246,1295.49084472656,340
949,4116.07361250155,4034.37357195782,1295.49084472656,340
950,3991.01042453111,4036.64196131117,1295.49084472656,340
951,3997.91919720669,4036.89094226697,1295.49084472656,340
952,3828.95775125187,4032.18488390223,1295.49084472656,340
953,3963.85374442048,4034.6077456678,1297.09594726562,340
954,4043.5795053968,4031.34261766068,1297.09594726562,340
955,4114.06549191988,4037.9712971782,1297.09594726562,340
956,4125.64853851801,4051.70167227946,1297.09594726562,340
957,4151.31217976446,4051.45969919192,1297.09594726562,340
958,4158.61669000601,4051.84264220666,1297.09594726562,340
959,4028.92429562676,4056.77003371383,1297.09594726562,340
960,4026.16397597846,4054.81289342504,1297.09594726562,340
961,4106.30666400861,4067.5770711861,1294.14819335938,340
962,4043.03634693047,4068.00670569986,1294.14819335938,340
963,4113.55739686811,4069.84726428913,1294.14819335938,340
964,3912.25019990764,4061.10994543976,1294.14819335938,340
965,3953.17208722674,4054.20822138082,1294.14819335938,340
966,4144.39383262608,4055.38976725827,1294.14819335938,340
967,4134.84227419709,4054.90648743789,1294.14819335938,340
968,4049.25137255552,4050.40470394493,1294.14819335938,340
969,3924.02285159844,4044.54617258586,1295.5751953125,340
970,4066.10983961442,4051.2820090812,1295.5751953125,340
971,3926.2984256511,4043.22399122119,1295.5751953125,340
972,3965.64059276333,4037.52179202164,1295.5751953125,340
973,4134.57560789973,4040.78331595877,1295.5751953125,340
974,3991.4116835812,4035.79683880196,1295.5751953125,340
975,4139.15957546522,4041.72280483932,1295.5751953125,340
976,4026.61382414414,4042.87058991682,1295.5751953125,340
977,4099.67272839782,4053.69918900266,1290.09875488281,340
978,4154.35110513539,4061.31908343126,1290.09875488281,340
979,4110.58698695669,4063.99938269365,1290.09875488281,340
980,4144.46742343674,4065.21545995433,1290.09875488281,340
981,4045.36017157242,4062.0039252765,1290.09875488281,340
982,4087.47369432142,4059.45038585878,1290.09875488281,340
983,4178.08706298129,4060.22920077779,1290.09875488281,340
984,3938.51327903495,4056.61276011412,1290.09875488281,340
985,3977.12826849757,4054.65133181489,1282.21923828125,340
986,4088.39604164556,4053.93490692036,1282.21923828125,340
987,4168.82745825614,4058.96655137339,1282.21923828125,340
988,3930.21213501854,4051.63274089941,1282.21923828125,340
989,4123.9702195415,4060.10154168476,1282.21923828125,340
990,3933.49902168605,4059.31461906313,1282.21923828125,340
991,4103.95671850074,4057.69713449812,1282.21923828125,340
992,4150.30027609531,4058.31545457405,1282.21923828125,340
993,4110.07753792566,4060.74850118885,1279.970703125,340
994,4147.54828918107,4069.68951869216,1279.970703125,340
995,4038.84372585601,4068.59887414182,1279.970703125,340
996,4043.18249840862,4073.27423705212,1279.970703125,340
997,4128.18272608548,4079.77592238501,1279.970703125,340
998,4147.37505473409,4080.28790025838,1279.970703125,340
999,4061.11933834774,4083.07620644905,1279.970703125,340
1000,4117.13613436437,4082.19526880501,1279.970703125,340
1001,4055.46575114718,4083.34934588513,1278.33142089844,340
1002,4130.91790199972,4084.59915282921,1278.33142089844,340
1003,4042.52825705058,4080.12623890582,1278.33142089844,340
1004,4061.29544315134,4078.1545771536,1278.33142089844,340
1005,4052.78151539024,4074.48714083174,1278.33142089844,340
1006,3918.74028795327,4069.42234548698,1278.33142089844,340
1007,4117.45910798082,4070.62176203335,1278.33142089844,340
1008,4072.66035806248,4066.4046938366,1278.33142089844,340
1009,3830.65994339616,4062.09056041105,1277.98498535156,340
1010,4105.44383255257,4067.22318297325,1277.98498535156,340
1011,4088.11948304612,4067.21212062927,1277.98498535156,340
1012,4107.68754904839,4064.76652426096,1277.98498535156,340
1013,4141.65683671477,4073.22431232881,1277.98498535156,340
1014,3894.91840743157,4064.06223984441,1277.98498535156,340
1015,4111.90700127325,4071.1985590279,1277.98498535156,340
1016,4108.6315742311,4071.38555325712,1277.98498535156,340
1017,4128.82218122918,4070.52642946247,1276.6337890625,340
1018,4111.2674041483,4070.57402411138,1276.6337890625,340
1019,4028.07338565866,4065.79502797048,1276.6337890625,340
1020,4115.96319563604,4068.87980676168,1276.6337890625,340
1021,4024.67637411873,4068.13956179008,1276.6337890625,340
1022,4060.26991486516,4065.42304934127,1276.6337890625,340
1023,3967.48463300395,4058.22743247207,1276.6337890625,340
1024,4024.51486597045,4056.76325357697,1276.6337890625,340
1025,4143.93982332892,4057.83540113556,1272.18359375,340
1026,4034.79628315861,4057.00862241601,1272.18359375,340
1027,4119.57455001811,4056.55488833675,1272.18359375,340
1028,3835.80205599756,4048.28584029463,1272.18359375,340
1029,4045.9019611807,4047.6701010158,1272.18359375,340
1030,4097.39582911258,4049.4546735647,1272.18359375,340
1031,3993.64512058614,4052.45086687001,1272.18359375,340
1032,4175.498740116,4054.77245215542,1272.18359375,340
1033,4112.79649922668,4056.37789780199,1271.58227539062,340
1034,3843.41099728508,4056.88793995754,1271.58227539062,340
1035,4122.72339651475,4057.57912251603,1271.58227539062,340
1036,3947.81192303065,4051.96682011541,1271.58227539062,340
1037,4041.72413145339,4049.32828341161,1271.58227539062,340
1038,4177.90945661724,4050.77838820771,1271.58227539062,340
1039,3840.15971008344,4048.58804031379,1271.58227539062,340
1040,4091.60352096854,4047.7759011016,1271.58227539062,340
1041,3703.96371602807,4031.58918677348,1274.634765625,340
1042,3955.54319244154,4024.65802722197,1274.634765625,340
1043,4145.09820780245,4026.01125936814,1274.634765625,340
1044,4115.28336264753,4029.49965844769,1274.634765625,340
1045,4168.16746728643,4031.58782931371,1274.634765625,340
1046,4151.58424082498,4036.66414398196,1274.634765625,340
1047,4125.11493459064,4039.25794477098,1274.634765625,340
1048,4128.55920950476,4045.70092783101,1274.634765625,340
1049,4162.13872753873,4051.20588229374,1276.89624023438,340
1050,3978.96252236245,4044.60679025508,1276.89624023438,340
1051,4099.65633911775,4047.20119249345,1276.89624023438,340
1052,4050.85122426879,4044.45225946347,1276.89624023438,340
1053,4190.62652804543,4058.64523834539,1276.89624023438,340
1054,4086.2990082354,4060.26112022758,1276.89624023438,340
1055,4178.89253091069,4063.5209882995,1276.89624023438,340
1056,4147.54771337328,4069.67709201099,1276.89624023438,340
1057,4184.5608244915,4070.03957538601,1276.23254394531,340
1058,3663.84891897721,4052.08167217603,1276.23254394531,340
1059,3629.19939510481,4043.51320808882,1276.23254394531,340
1060,3926.34504072351,4035.65807385717,1276.23254394531,340
1061,4134.8939311858,4043.14135418337,1276.23254394531,340
1062,4089.02129087047,4045.03324056006,1276.23254394531,340
1063,3891.24149779888,4033.56652220732,1276.23254394531,340
1064,3974.44192498422,4038.93781080335,1276.23254394531,340
1065,4086.95974272021,4038.75205967342,1277.74169921875,340
1066,4016.67168973061,4051.26037862152,1277.74169921875,340
1067,4089.28541084001,4056.61006735746,1277.74169921875,340
1068,4158.27258765178,4057.13704255143,1277.74169921875,340
1069,4097.56778220118,4056.42841933358,1277.74169921875,340
1070,4117.88021413904,4054.41692920768,1277.74169921875,340
1071,4158.36900187525,4054.6883196497,1277.74169921875,340
1072,4093.92613171342,4053.44076753461,1277.74169921875,340
1073,4144.98273733369,4054.09770864776,1275.02856445312,340
1074,4139.50588604474,4053.192394988,1275.02856445312,340
1075,4107.9199926697,4058.35069380029,1275.02856445312,340
1076,4155.46138152847,4060.58289549672,1275.02856445312,340
1077,4169.01420194371,4065.30941460372,1275.02856445312,340
1078,4077.20642626672,4060.77261053257,1275.02856445312,340
1079,4054.53648242094,4059.50210949999,1275.02856445312,340
1080,4068.86108293668,4055.10085158103,1275.02856445312,340
1081,4128.73532391927,4054.34835600287,1275.21936035156,340
1082,4109.58119847988,4051.34917096241,1275.21936035156,340
1083,4247.19386734521,4074.68296889713,1275.21936035156,340
1084,3940.03330690365,4087.11632536908,1275.21936035156,340
1085,4197.72577015432,4097.97155454631,1275.21936035156,340
1086,4048.32353921846,4094.50873886762,1275.21936035156,340
1087,4179.74486718192,4098.13768192008,1275.21936035156,340
1088,3937.96784191606,4100.00673568476,1275.21936035156,340
1089,4118.36967434584,4105.76384565923,1276.140625,340
1090,4137.25832274968,4107.77578886041,1276.140625,340
1091,4161.65750248846,4113.57522137072,1276.140625,340
1092,4132.60572084814,4115.30803377105,1276.140625,340
1093,4121.86261717529,4113.85163495199,1276.140625,340
1094,4156.9756815173,4116.22795092463,1276.140625,340
1095,4119.6589075107,4116.2990986595,1276.140625,340
1096,4021.05726676619,4110.80662925514,1276.140625,340
1097,4145.68831314194,4112.87711651228,1281.41101074219,340
1098,4147.0181072752,4112.95853130994,1281.41101074219,340
1099,4120.20934225525,4112.18666955836,1281.41101074219,340
1100,4050.30266505415,4109.88197645374,1281.41101074219,340
1101,3938.75026467913,4101.21353177976,1281.41101074219,340
1102,4170.70887751277,4101.28131880253,1281.41101074219,340
1103,4140.69603890239,4103.82090330795,1281.41101074219,340
1104,4061.80538285846,4104.11165932545,1281.41101074219,340
1105,4147.46307962015,4107.25573919279,1285.87585449219,340
1106,4141.47768647346,4107.76543369496,1285.87585449219,340
1107,4161.92722364965,4109.85927470175,1285.87585449219,340
1108,4157.71189227786,4106.27999569906,1285.87585449219,340
1109,3934.75510834601,4106.06886775675,1285.87585449219,340
1110,4062.53473618069,4100.66122639781,1285.87585449219,340
1111,4128.9744819919,4103.88726410874,1285.87585449219,340
1112,4154.42791306103,4102.87458594391,1285.87585449219,340
1113,4130.0912774275,4110.55952336437,1286.04711914062,340
1114,3970.81503746946,4104.65733788931,1286.04711914062,340
1115,4141.90305258392,4104.84312708268,1286.04711914062,340
1116,4179.91431535917,4105.57339959751,1286.04711914062,340
1117,4143.41217427424,4106.00565773455,1286.04711914062,340
1118,4145.60859405011,4106.95549680955,1286.04711914062,340
1119,4133.38530722621,4106.0118818379,1286.04711914062,340
1120,4110.21044486952,4105.63394333225,1286.04711914062,340
1121,4142.80203817016,4110.50373418841,1281.58081054688,340
1122,4079.31895291372,4107.84895977928,1281.58081054688,340
1123,4140.80411698779,4107.60040016779,1281.58081054688,340
1124,4116.29387511922,4107.44378148235,1281.58081054688,340
1125,4198.90786149072,4113.38798933981,1281.58081054688,340
1126,4145.06388295331,4121.64053407078,1281.58081054688,340
1127,4117.97883727365,4119.53133246121,1281.58081054688,340
1128,4180.33498375114,4121.11689025516,1281.58081054688,340
1129,4099.7360460626,4122.63411678333,1278.50024414062,340
1130,4203.23055835622,4124.86481593277,1278.50024414062,340
1131,4197.51738779999,4127.10640398583,1278.50024414062,340
1132,4174.47002038554,4127.60811585527,1278.50024414062,340
1133,4133.36579602217,4126.63427200504,1278.50024414062,340
1134,4187.89301660402,4136.75978833536,1278.50024414062,340
1135,4124.6524896575,4139.24449847443,1278.50024414062,340
1136,4166.90179703866,4140.7615910763,1278.50024414062,340
1137,4142.25622638185,4140.27472360914,1279.76196289062,340
1138,4150.56388845604,4141.09362805028,1279.76196289062,340
1139,4202.10120471174,4150.34507473997,1279.76196289062,340
1140,4139.99823446416,4150.26888201518,1279.76196289062,340
1141,4161.17743041961,4149.5194066176,1279.76196289062,340
1142,3829.25811083683,4136.9532440801,1279.76196289062,340
1143,4131.78163781077,4136.40016583053,1279.76196289062,340
1144,4044.84965346251,4132.85873967998,1279.76196289062,340
1145,4163.17427145273,4134.97729274331,1279.64501953125,340
1146,3973.63400388771,4128.21057137201,1279.64501953125,340
1147,4152.23174134479,4131.12708290925,1279.64501953125,340
1148,4108.33640593457,4129.82837446712,1279.64501953125,340
1149,4072.28150567665,4128.06787968942,1279.64501953125,340
1150,4173.61690393549,4127.05624138721,1279.64501953125,340
1151,4244.83760353616,4131.04719021052,1279.64501953125,340
1152,3877.89541959834,4121.44385350351,1279.64501953125,340
1153,4052.81967069812,4116.34324098139,1281.37365722656,340
1154,4204.77880045176,4120.54495115696,1281.37365722656,340
1155,4152.22403787295,4118.50469033763,1281.37365722656,340
1156,4151.92373448435,4116.680944205,1281.37365722656,340
1157,4143.82323731147,4115.45507288204,1281.37365722656,340
1158,4129.5812138827,4115.30368959646,1281.37365722656,340
1159,4154.00601104206,4113.94820937398,1281.37365722656,340
1160,4058.81617535492,4111.31475680188,1281.37365722656,340
1161,3949.73031921827,4102.62789768906,1285.02844238281,340
1162,3876.179127191,4091.98481372143,1285.02844238281,340
1163,4187.7285343466,4093.47139955705,1285.02844238281,340
1164,4100.08992445465,4089.39094834677,1285.02844238281,340
1165,3985.80045344787,4083.22303710612,1285.02844238281,340
1166,4036.54749319405,4078.23783961709,1285.02844238281,340
1167,4184.08569444622,4092.43094296147,1285.02844238281,340
1168,4028.84655318846,4088.31353957658,1285.02844238281,340
1169,4150.84888382949,4092.55350879126,1284.30871582031,340
1170,4190.74537186708,4093.65635280783,1284.30871582031,340
1171,4107.26753892695,4099.0016942094,1284.30871582031,340
1172,4167.17860026553,4099.59956856623,1284.30871582031,340
1173,4119.79104827149,4100.05775425971,1284.30871582031,340
1174,4180.50085894547,4104.38652839046,1284.30871582031,340
1175,3989.98682301365,4097.04132515358,1284.30871582031,340
1176,4200.82115510943,4095.28066721652,1284.30871582031,340
1177,4147.65785969442,4106.07116482036,1285.18017578125,340
1178,4148.76135575512,4109.90883222264,1285.18017578125,340
1179,4095.15162243067,4105.5237451018,1285.18017578125,340
1180,4164.86818372569,4106.0295109359,1285.18017578125,340
1181,4116.5486266169,4104.61450662121,1285.18017578125,340
1182,4109.01428649478,4103.22214858854,1285.18017578125,340
1183,4107.08879312225,4102.32245175812,1285.18017578125,340
1184,4188.95173160008,4103.72028058044,1285.18017578125,340
1185,4090.51054206295,4104.98805524876,1286.51586914062,340
1186,4163.70854158329,4113.54718414336,1286.51586914062,340
1187,4135.94815903461,4123.93794541711,1286.51586914062,340
1188,4159.64447935146,4122.8145832173,1286.51586914062,340
1189,4174.9289385549,4125.80814378131,1286.51586914062,340
1190,4200.66456491999,4134.4027082402,1286.51586914062,340
1191,4166.53521494942,4139.60221711041,1286.51586914062,340
1192,4169.46090959202,4139.01722571624,1286.51586914062,340
1193,4154.94986887805,4144.06135834383,1290.9970703125,340
1194,3971.68685409811,4136.89487715457,1290.9970703125,340
1195,4114.92091640249,4133.86189893599,1290.9970703125,340
1196,4096.4712746651,4133.43004836552,1290.9970703125,340
1197,4110.70647588839,4131.17116339043,1290.9970703125,340
1198,4080.82355339013,4129.61246359517,1290.9970703125,340
1199,4170.50520369844,4129.21263738529,1290.9970703125,340
1200,4014.96409395207,4130.21172822283,1290.9970703125,340
1201,4143.82795505882,4127.93200022081,1294.20495605469,340
1202,4182.7913206281,4129.33733865815,1294.20495605469,340
1203,4030.64413357621,4124.612649771,1294.20495605469,340
1204,4006.06201920124,4121.04906564182,1294.20495605469,340
1205,3944.20266344636,4112.22244483065,1294.20495605469,340
1206,4050.17287445081,4109.567414744,1294.20495605469,340
1207,4056.8261388915,4107.47988883987,1294.20495605469,340
1208,3971.11638979167,4102.04099270665,1294.20495605469,340
1209,4010.5082918529,4094.90325511676,1290.92175292969,340
1210,4168.77383248957,4098.03378673383,1290.92175292969,340
1211,4061.35098745358,4093.93948456864,1290.92175292969,340
1212,4086.79377168121,4091.9733090745,1290.92175292969,340
1213,4049.67021142885,4087.5743383576,1290.92175292969,340
1214,4048.48002279326,4082.51638172713,1290.92175292969,340
1215,4078.2017887935,4077.61787068207,1290.92175292969,340
1216,4032.13500879282,4072.24186243581,1290.92175292969,340
1217,4154.30819687722,4071.63575392722,1288.90405273438,340
1218,4074.0767669487,4068.40082985004,1288.90405273438,340
1219,4128.39913754996,4074.66932118812,1288.90405273438,340
1220,3666.86676901048,4056.74715529244,1288.90405273438,340
1221,4006.21739781004,4053.13700021823,1288.90405273438,340
1222,3610.00320684868,4033.10886945664,1288.90405273438,340
1223,4099.32858885482,4033.84907087523,1288.90405273438,340
1224,3838.09227677619,4020.55255379834,1288.90405273438,340
1225,4044.37366256947,4021.72893654304,1284.32543945312,340
1226,4124.08538009264,4020.93923354439,1284.32543945312,340
1227,4027.76467395946,4014.73816767764,1284.32543945312,340
1228,3818.0793614666,4006.23557679326,1284.32543945312,340
1229,3888.25839837154,4001.52343196007,1284.32543945312,340
1230,3958.53514556462,4002.0967312448,1284.32543945312,340
1231,4113.6415376181,4004.63547777149,1284.32543945312,340
1232,4222.19301381943,4011.25015276861,1284.32543945312,340
1233,3887.433651519,4007.90284323771,1277.794921875,340
1234,4152.182492944,4013.56981128135,1277.794921875,340
1235,4137.48334852787,4012.31819192288,1277.794921875,340
1236,4174.43745455662,4016.841650607,1277.794921875,340
1237,3953.57180060963,4011.51277176414,1277.794921875,340
1238,4101.52490622827,4013.58695955612,1277.794921875,340
1239,4153.77234245442,4017.79865234256,1277.794921875,340
1240,3998.3788832787,4014.60573612197,1277.794921875,340
1241,4119.04211602723,4018.08202041135,1276.08776855469,340
1242,4159.0052010883,4018.26990057979,1276.08776855469,340
1243,4211.19349737286,4023.75456979676,1276.08776855469,340
1244,4173.2995366986,4025.5505857627,1276.08776855469,340
1245,4042.53851538904,4040.57745561785,1276.08776855469,340
1246,3939.23086374931,4037.89799425542,1276.08776855469,340
1247,4076.6702913687,4056.56467763622,1276.08776855469,340
1248,4188.81014951109,4060.14394006247,1276.08776855469,340
1249,4139.71020539244,4072.20865720712,1279.67993164062,340
1250,3938.67360164992,4067.98065477034,1279.67993164062,340
1251,4172.33116820376,4069.91048629478,1279.67993164062,340
1252,4110.31355051239,4073.2124413569,1279.67993164062,340
1253,4072.64219806646,4083.39495482089,1279.67993164062,340
1254,4128.77532839603,4093.01563202187,1279.67993164062,340
1255,3892.05324367221,4090.35635594618,1279.67993164062,340
1256,4162.99409768782,4092.33045834896,1279.67993164062,340
1257,4125.73061467353,4088.47196238313,1275.75915527344,340
1258,4040.21248546571,4094.583115741,1275.75915527344,340
1259,4153.43025805029,4094.63302634525,1275.75915527344,340
1260,4229.69180844294,4098.32136474185,1275.75915527344,340
1261,4155.65436849565,4097.57004129941,1275.75915527344,340
1262,3983.40828577108,4098.76350070587,1275.75915527344,340
1263,4122.83857575627,4099.61604748699,1275.75915527344,340
1264,4122.80258642073,4098.37725724564,1275.75915527344,340
1265,4177.16416544054,4105.52866853212,1269.19848632812,340
1266,4078.5507464672,4103.90901374972,1269.19848632812,340
1267,4120.99073387087,4102.38843506102,1269.19848632812,340
1268,4061.77471331438,4096.41168369868,1269.19848632812,340
1269,4014.2020933854,4090.04778596615,1269.19848632812,340
1270,4143.13941543916,4094.07182196815,1269.19848632812,340
1271,4134.46652082486,4101.88124825118,1269.19848632812,340
1272,4121.31738100772,4103.66713183674,1269.19848632812,340
1273,4075.95061123071,4099.15275030552,1266.29150390625,340
1274,4136.12824178445,4099.0094717612,1266.29150390625,340
1275,4179.33761172807,4108.63603216433,1266.29150390625,340
1276,3971.07813761791,4100.58591094089,1266.29150390625,340
1277,4159.9415929249,4102.57103263739,1266.29150390625,340
1278,4104.49114873685,4103.84499066421,1266.29150390625,340
1279,4163.57166013685,4105.23684393384,1266.29150390625,340
1280,4149.34712394624,4115.5285991448,1266.29150390625,340
1281,4163.64565006688,4115.55466123997,1263.92810058594,340
1282,4113.13029686135,4115.05064852748,1263.92810058594,340
1283,4134.96658430237,4118.84081248095,1263.92810058594,340
1284,4044.18945290115,4114.47118027498,1263.92810058594,340
1285,4206.21192701999,4113.53198501806,1263.92810058594,340
1286,4116.23819362414,4111.9553380232,1263.92810058594,340
1287,4154.17754618051,4118.78610843958,1263.92810058594,340
1288,4151.24928558131,4119.92253683258,1263.92810058594,340
1289,3978.30921020088,4114.14280178379,1270.34497070312,340
1290,4093.9842849784,4110.8156065653,1270.34497070312,340
1291,4016.04127014231,4108.31522751231,1270.34497070312,340
1292,4178.29212484906,4110.60728315143,1270.34497070312,340
1293,4068.58818036198,4110.87982183334,1270.34497070312,340
1294,4077.28041802292,4113.40295481884,1270.34497070312,340
1295,4129.4239779446,4112.85433731906,1270.34497070312,340
1296,4179.36389172239,4114.65023215496,1270.34497070312,340
1297,4125.91370211533,4114.83408499926,1276.12548828125,340
1298,4125.49012556498,4116.81566557263,1276.12548828125,340
1299,4149.70704766983,4117.35881780805,1276.12548828125,340
1300,4140.98615563189,4115.8247595642,1276.12548828125,340
1301,4082.7363770051,4120.29108913969,1276.12548828125,340
1302,4000.75533975253,4113.92363901279,1276.12548828125,340
1303,4145.29219436222,4115.55568083781,1276.12548828125,340
1304,4108.55517453529,4113.35502141375,1276.12548828125,340
1305,4124.05747065156,4112.34343528196,1274.22619628906,340
1306,4070.21246548867,4108.60610789883,1274.22619628906,340
1307,4147.05990453812,4109.9632922059,1274.22619628906,340
1308,4147.69653050026,4110.47249005382,1274.22619628906,340
1309,4185.48899974836,4116.12447192771,1274.22619628906,340
1310,4041.90881622918,4109.55234749607,1274.22619628906,340
1311,4175.69247571123,4111.93051877956,1274.22619628906,340
1312,4107.88996147831,4110.07901539147,1274.22619628906,340
1313,4199.78014946336,4112.02024994675,1277.84094238281,340
1314,4086.53421829812,4116.34925027064,1277.84094238281,340
1315,4176.93469943433,4119.66726684888,1277.84094238281,340
1316,4106.52403813249,4123.28657756848,1277.84094238281,340
1317,4166.81876006338,4122.82764297706,1277.84094238281,340
1318,4156.20866891123,4126.33246251903,1277.84094238281,340
1319,4113.71538464281,4127.78986118382,1277.84094238281,340
1320,3871.32837092842,4117.46603690318,1277.84094238281,340
1321,4198.12005784295,4118.216283548,1280.52770996094,340
1322,4161.11606288524,4119.62437797879,1280.52770996094,340
1323,4089.47554349935,4118.18379469617,1280.52770996094,340
1324,4157.4992480926,4118.49548271308,1280.52770996094,340
1325,4014.34735863736,4113.4299308333,1280.52770996094,340
1326,3987.52140400168,4109.62133191316,1280.52770996094,340
1327,4118.94305827569,4114.34884065409,1280.52770996094,340
1328,4116.75582146206,4113.20738573808,1280.52770996094,340
1329,4111.44271320296,4113.32288728479,1280.78955078125,340
1330,4127.47955740893,4113.45977075508,1280.78955078125,340
1331,4058.55061413304,4112.99329670086,1280.78955078125,340
1332,4127.1536293632,4112.19704569386,1280.78955078125,340
1333,4123.75800976943,4111.23950486463,1280.78955078125,340
1334,4063.48774025468,4106.35945448488,1280.78955078125,340
1335,4169.27406484738,4111.45406442961,1280.78955078125,340
1336,4176.31873066312,4111.47911462769,1280.78955078125,340
1337,4148.11220786201,4113.08800448303,1276.580078125,340
1338,4152.83385899053,4111.21015286412,1276.580078125,340
1339,4190.69909445828,4115.37674791053,1276.580078125,340
1340,4002.36925236156,4108.39413002762,1276.580078125,340
1341,4140.88848333741,4109.76870783581,1276.580078125,340
1342,4115.30422100181,4107.70812627335,1276.580078125,340
1343,4148.36717606752,4107.3944665596,1276.580078125,340
1344,4061.76530672057,4105.31646344271,1276.580078125,340
1345,4119.70873385332,4115.25167795971,1273.96948242188,340
1346,4021.95104905504,4108.20491760819,1273.96948242188,340
1347,4163.16565201963,4108.28690117357,1273.96948242188,340
1348,3747.50993313647,4094.60827675905,1273.96948242188,340
1349,4014.43905291445,4088.88586895193,1273.96948242188,340
1350,4120.1777999792,4093.1190866056,1273.96948242188,340
1351,4039.06289076474,4095.18074607612,1273.96948242188,340
1352,4135.8185307248,4095.85576497409,1273.96948242188,340
1353,4144.64750161585,4096.97143218024,1280.4833984375,340
1354,4136.72093252538,4097.98256095313,1280.4833984375,340
1355,4115.23010027947,4097.49258266796,1280.4833984375,340
1356,4110.53019517354,4099.57176590958,1280.4833984375,340
1357,4172.87541348096,4101.40063727429,1280.4833984375,340
1358,4133.48290079714,4101.7896329154,1280.4833984375,340
1359,4115.57439138733,4103.8730989607,1280.4833984375,340
1360,4145.00891060517,4102.90249279101,1280.4833984375,340
1361,3965.27590101642,4094.46077960514,1282.63330078125,340
1362,4123.36398751365,4093.47085079121,1282.63330078125,340
1363,4136.729327114,4092.82666951615,1282.63330078125,340
1364,4126.16580649231,4090.24533799751,1282.63330078125,340
1365,4110.98756666589,4094.59007056968,1282.63330078125,340
1366,3876.44389266371,4084.01228694273,1282.63330078125,340
1367,4104.43762870569,4083.57762325089,1282.63330078125,340
1368,4123.71499669812,4082.59153607611,1282.63330078125,340
1369,4005.53008888576,4080.34212736272,1281.01025390625,340
1370,4116.30603704211,4080.20601949027,1281.01025390625,340
1371,4135.35706770051,4084.74226023609,1281.01025390625,340
1372,4105.98789471927,4082.45514994408,1281.01025390625,340
1373,4144.3113201968,4098.32720542649,1281.01025390625,340
1374,4109.84296394294,4102.14336186763,1281.01025390625,340
1375,4123.05166746853,4102.2583165672,1281.01025390625,340
1376,3984.03239402176,4100.05709669749,1281.01025390625,340
1377,4073.44610062845,4097.56219949363,1288.09240722656,340
1378,4106.13721285327,4096.02178794313,1288.09240722656,340
1379,4160.27479049241,4096.96394226181,1288.09240722656,340
1380,3938.26336492819,4089.88527284776,1288.09240722656,340
1381,4099.82967614775,4089.45725208673,1288.09240722656,340
1382,4029.46406070977,4083.72079797588,1288.09240722656,340
1383,4133.2132005645,4083.71000996657,1288.09240722656,340
1384,4147.99159954835,4085.00669829301,1288.09240722656,340
1385,4131.98395926269,4084.48570023932,1288.59313964844,340
1386,4150.58421381799,4091.89803275138,1288.59313964844,340
1387,4124.7854390686,4091.95489081358,1288.59313964844,340
1388,4144.95750768406,4092.28401803638,1288.59313964844,340
1389,3922.78500221576,4084.14878586532,1288.59313964844,340
1390,4144.35466491159,4085.48346979514,1288.59313964844,340
1391,4152.45368516731,4096.52386149529,1288.59313964844,340
1392,4140.31781987397,4097.95906914202,1288.59313964844,340
1393,4123.99957969592,4097.97045246193,1289.84765625,340
1394,4041.37352754444,4099.40419000828,1289.84765625,340
1395,4193.88544525855,4102.50736633693,1289.84765625,340
1396,4017.27933704645,4097.78425711077,1289.84765625,340
1397,4057.67053707318,4095.85156280493,1289.84765625,340
1398,4152.02627400229,4096.16016095715,1289.84765625,340
1399,4124.20283627542,4096.73455585045,1289.84765625,340
1400,4136.03100154461,4097.25372921349,1289.84765625,340
1401,4173.85382517875,4104.84658645977,1288.13317871094,340
1402,4169.12756769137,4108.67384514229,1288.13317871094,340
1403,4190.2193533934,4112.03713076389,1288.13317871094,340
1404,4167.51655103071,4112.32680118542,1288.13317871094,340
1405,4086.99473168756,4118.2760558558,1288.13317871094,340
1406,4127.10522796525,4119.3670779285,1288.13317871094,340
1407,3622.4519337918,4103.08659285178,1288.13317871094,340
1408,3908.33789253993,4094.0915805308,1288.13317871094,340
1409,4188.39989745045,4095.70791244688,1287.50646972656,340
1410,4169.54913230071,4097.2105193684,1287.50646972656,340
1411,4151.08141064805,4097.2304072416,1287.50646972656,340
1412,4143.52376624294,4097.97994032858,1287.50646972656,340
1413,4109.00950494782,4096.54202021913,1287.50646972656,340
1414,4057.67669839121,4101.93768806615,1287.50646972656,340
1415,4149.52863556795,4102.1446468924,1287.50646972656,340
1416,4143.59485400829,4101.79029364604,1287.50646972656,340
1417,4162.06318406133,4102.66010821354,1280.63598632812,340
1418,4119.69187276879,4102.48779993645,1280.63598632812,340
1419,4143.09408712815,4106.5566223198,1280.63598632812,340
1420,4146.04920186986,4104.64317258425,1280.63598632812,340
1421,4129.03274845001,4109.11330904039,1280.63598632812,340
1422,4154.78811637673,4112.99801221254,1280.63598632812,340
1423,4200.51520033263,4114.93756926575,1280.63598632812,340
1424,4128.28987771724,4115.10105092342,1280.63598632812,340
1425,4167.27784731779,4116.35092475435,1280.50463867188,340
1426,3995.83156366282,4109.23003429371,1280.50463867188,340
1427,4056.19509497306,4104.71273538498,1280.50463867188,340
1428,4177.87498775946,4104.21896075962,1280.50463867188,340
1429,4142.30419713243,4103.21046660369,1280.50463867188,340
1430,4133.9292237021,4105.08784628427,1280.50463867188,340
1431,4132.266235904,4105.29428660182,1280.50463867188,340
1432,4205.99599528159,4128.63604906141,1280.50463867188,340
1433,3934.31876661284,4129.67528402433,1287.54956054688,340
1434,3968.95438547877,4120.89746354546,1287.54956054688,340
1435,3983.99282960799,4113.47521143775,1287.54956054688,340
1436,4052.9124121148,4109.54845149642,1287.54956054688,340
1437,4169.15485286253,4110.57369496121,1287.54956054688,340
1438,4169.07748643741,4112.97641422079,1287.54956054688,340
1439,4129.48250996625,4115.84864668379,1287.54956054688,340
1440,4119.77952332149,4114.65868219393,1287.54956054688,340
1441,4094.26450672325,4112.68546830253,1285.91235351562,340
1442,4134.42283324263,4111.57985426978,1285.91235351562,340
1443,4201.00373665727,4114.83232882532,1285.91235351562,340
1444,3929.49541240424,4106.28838183637,1285.91235351562,340
1445,4122.38200603534,4105.34169400299,1285.91235351562,340
1446,4187.9924919175,4107.70008374169,1285.91235351562,340
1447,4189.43312097522,4109.08588392563,1285.91235351562,340
1448,3982.66374900508,4100.37182587252,1285.91235351562,340
1449,4147.58680191135,4101.14370284029,1286.611328125,340
1450,4055.76092725911,4096.68302603794,1286.611328125,340
1451,4104.1035578517,4101.0139058055,1286.611328125,340
1452,4165.99495465357,4105.40590019272,1286.611328125,340
1453,4015.74850605337,4098.92084092447,1286.611328125,340
1454,3904.92444280986,4089.42565075157,1286.611328125,340
1455,4166.48854597425,4090.72802364246,1286.611328125,340
1456,3968.92929296662,4084.19454592496,1286.611328125,340
1457,4203.52492454693,4084.09570309557,1290.72033691406,340
1458,4077.64408001515,4089.82871563167,1290.72033691406,340
1459,4036.20338478859,4092.51867560406,1290.72033691406,340
1460,4127.38785306847,4098.25447654248,1290.72033691406,340
1461,3953.48256737504,4094.27728275289,1290.72033691406,340
1462,4165.47120893595,4094.12993699583,1290.72033691406,340
1463,4044.40999022165,4089.1432371472,1290.72033691406,340
1464,3925.91182794559,4081.00040986637,1290.72033691406,340
1465,3714.43488960389,4064.78662451766,1291.18859863281,340
1466,4069.00936142579,4063.77641870577,1291.18859863281,340
1467,3996.34258215276,4058.25320866217,1291.18859863281,340
1468,3639.02401766954,4035.77401990266,1291.18859863281,340
1469,3953.13872335372,4036.71975234064,1291.18859863281,340
1470,3901.33014464487,4027.87767788502,1291.18859863281,340
1471,4075.11673112497,4023.36264745332,1291.18859863281,340
1472,3970.55707769162,4014.60760572198,1291.18859863281,340
1473,4107.85787068638,4019.61537058923,1288.46435546875,340
1474,4041.35347911529,4015.36603767739,1288.46435546875,340
1475,3980.0867702824,4012.33907139832,1288.46435546875,340
1476,4110.94111411579,4012.61257364888,1288.46435546875,340
1477,4065.21685148569,4008.58144952217,1288.46435546875,340
1478,4040.22605358438,4009.56055142341,1288.46435546875,340
1479,3917.85753523719,4010.0778751205,1288.46435546875,340
1480,4077.76298251552,4006.52885258215,1288.46435546875,340
1481,4106.75570177538,4012.0419089345,1287.68872070312,340
1482,3761.84142302871,3994.37456887377,1287.68872070312,340
1483,3979.87461872042,3990.46379042198,1287.68872070312,340
1484,3877.49337049381,3984.11538985019,1287.68872070312,340
1485,4049.89159398375,3981.0155394868,1287.68872070312,340
1486,3897.14860972657,3978.76218118087,1287.68872070312,340
1487,4083.12396955832,3975.46829160576,1287.68872070312,340
1488,4133.16078216006,3979.0183232833,1287.68872070312,340
1489,3914.42443693216,3978.55882764276,1286.43701171875,340
1490,4137.74370269528,3995.49118016641,1286.43701171875,340
1491,3947.09285234367,3990.61451980313,1286.43701171875,340
1492,3993.41487837528,3990.49741165203,1286.43701171875,340
1493,4015.81874840257,4005.56920088135,1286.43701171875,340
1494,4032.71733863565,4008.75234549263,1286.43701171875,340
1495,4141.35925273889,4018.35350981639,1286.43701171875,340
1496,3962.49070719971,4013.84846885938,1286.43701171875,340
1497,3912.52463100979,4011.52717099211,1279.67810058594,340
1498,4057.93966632281,4009.53044281756,1279.67810058594,340
1499,3925.92360956609,4004.9132480356,1279.67810058594,340
1500,3977.09346011161,4004.79351562876,1279.67810058594,340
1501,4057.17692243523,4002.64294796154,1279.67810058594,340
1502,4070.57299944942,4002.85719388009,1279.67810058594,340
1503,3999.12446569996,4001.21313036471,1279.67810058594,340
1504,4101.0683552929,4008.54156316694,1279.67810058594,340
1505,4112.85841370254,4009.94538041442,1281.9326171875,340
1506,4067.81077254034,4008.38758324502,1281.9326171875,340
1507,3987.80293043253,4017.42604354117,1281.9326171875,340
1508,4059.93495731972,4020.62845708515,1281.9326171875,340
1509,3938.55693635639,4023.07099971965,1281.9326171875,340
1510,4082.47426801078,4024.37430668073,1281.9326171875,340
1511,3998.46897146013,4028.42712115007,1281.9326171875,340
1512,4089.59975360777,4028.68615251205,1281.9326171875,340
1513,3963.1625115231,4021.88622168657,1279.07458496094,340
1514,4093.18531064424,4029.03665663506,1279.07458496094,340
1515,4022.09904063224,4024.41087015253,1279.07458496094,340
1516,4045.68171317505,4028.35442458579,1279.07458496094,340
1517,4072.87595870258,4031.53286779888,1279.07458496094,340
1518,4018.21625535812,4031.6287680771,1279.07458496094,340
1519,3978.8277194197,4029.47318330847,1279.07458496094,340
1520,4083.03686607845,4027.14028784205,1279.07458496094,340
1521,4094.09602003781,4032.40450035557,1282.63464355469,340
1522,4140.69125841736,4041.53116545188,1282.63464355469,340
1523,4159.29565711493,4045.58540508356,1282.63464355469,340
1524,4106.27791771647,4052.79957740957,1282.63464355469,340
1525,4122.55651073012,4058.61809943432,1282.63464355469,340
1526,4060.27525569836,4058.74203276484,1282.63464355469,340
1527,4147.39990190539,4061.81510886308,1282.63464355469,340
1528,4076.09674326863,4064.89399996583,1282.63464355469,340
1529,4183.48329297087,4068.19059747294,1280.31811523438,340
1530,4131.9618526205,4068.95473502966,1280.31811523438,340
1531,4107.5639908107,4070.54486376048,1280.31811523438,340
1532,4139.97415521803,4076.6317127519,1280.31811523438,340
1533,4070.1739520431,4077.04127254083,1280.31811523438,340
1534,4103.88836401544,4083.65452964719,1280.31811523438,340
1535,4091.92691024198,4084.03263533644,1280.31811523438,340
1536,3842.78736658566,4077.80537114147,1280.31811523438,340
1537,4126.6456986247,4079.28720894214,1277.72961425781,340
1538,4145.22123334351,4086.56955781496,1277.72961425781,340
1539,3881.41119567596,4078.09859321623,1277.72961425781,340
1540,4094.33107747076,4080.98787468977,1277.72961425781,340
1541,4098.40093219955,4083.09664345075,1277.72961425781,340
1542,4112.08125336761,4084.66485523735,1277.72961425781,340
1543,4132.83055226784,4089.24942711374,1277.72961425781,340
1544,4075.24504991454,4093.10612033353,1277.72961425781,340
1545,4102.72295633624,4093.89356394384,1273.62268066406,340
1546,4115.43390400028,4094.74707930234,1273.62268066406,340
1547,4016.24997621016,4089.76942801405,1273.62268066406,340
1548,4116.47402281227,4088.05656264195,1273.62268066406,340
1549,4142.21906354588,4089.49420847512,1273.62268066406,340
1550,4102.89612620425,4088.70779309409,1273.62268066406,340
1551,4033.99884862053,4087.65673681098,1273.62268066406,340
1552,4117.90468869972,4086.47692828275,1273.62268066406,340
1553,4095.39038074443,4087.24867378178,1268.53283691406,340
1554,4122.88670821411,4084.82481039151,1268.53283691406,340
1555,4147.54554802113,4085.44815820754,1268.53283691406,340
1556,4142.08238966523,4086.82889416172,1268.53283691406,340
1557,4116.72828347793,4085.89905929211,1268.53283691406,340
1558,4051.02648114409,4085.13316045615,1268.53283691406,340
1559,4114.48061124135,4085.55685034519,1268.53283691406,340
1560,4060.53129084001,4084.30102556911,1268.53283691406,340
1561,4119.0656412511,4095.35215655573,1266.15100097656,340
1562,4134.40772871912,4095.6626377595,1266.15100097656,340
1563,4138.88559359483,4095.40921216956,1266.15100097656,340
1564,4086.70267354806,4103.62087128444,1266.15100097656,340
1565,4143.90796832125,4105.60394691846,1266.15100097656,340
1566,4129.56843234404,4106.85064692424,1266.15100097656,340
1567,4151.3218417939,4108.42027046129,1266.15100097656,340
1568,4118.01538628283,4107.82766382189,1266.15100097656,340
1569,4161.07963272673,4111.26104713438,1263.68103027344,340
1570,4145.21184277193,4112.96060259181,1263.68103027344,340
1571,4166.01129465856,4114.98369821814,1263.68103027344,340
1572,4135.57655322704,4119.75676129881,1263.68103027344,340
1573,4145.4853425815,4120.91721408958,1263.68103027344,340
1574,4084.39256603964,4118.60415418933,1263.68103027344,340
1575,4165.13751949683,4121.09380992104,1263.68103027344,340
1576,3875.55312237565,4114.75598087124,1263.68103027344,340
1577,4139.06769831733,4115.60250125595,1263.73596191406,340
1578,4177.73277070363,4118.89619685431,1263.73596191406,340
1579,4173.50950792716,4120.92110884284,1263.73596191406,340
1580,4075.67145485095,4118.04614511603,1263.73596191406,340
1581,4144.18668132281,4118.13031678233,1263.73596191406,340
1582,4079.8698434562,4116.65597918146,1263.73596191406,340
1583,4154.33584680075,4120.78835380773,1263.73596191406,340
1584,4181.68880249249,4123.47668145777,1263.73596191406,340
1585,4155.18673242232,4127.26289912107,1268.16723632812,340
1586,4104.36518803588,4126.67488099246,1268.16723632812,340
1587,4156.78320199834,4127.56989992363,1268.16723632812,340
1588,4171.89604433189,4128.89031795311,1268.16723632812,340
1589,4155.69484003008,4131.65000461239,1268.16723632812,340
1590,4168.73217206876,4132.64297276229,1268.16723632812,340
1591,4155.79776496477,4133.69214606712,1268.16723632812,340
1592,4168.34924581379,4134.37324222791,1268.16723632812,340
1593,4143.47452994372,4135.39160797435,1270.42895507812,340
1594,4152.78379630197,4135.05977451736,1270.42895507812,340
1595,4161.8444471862,4135.72507869393,1270.42895507812,340
1596,4146.59514133039,4134.9484325608,1270.42895507812,340
1597,4185.40303771259,4136.94149194023,1270.42895507812,340
1598,4140.9692805806,4136.76084946019,1270.42895507812,340
1599,4097.48703560581,4137.28462824284,1270.42895507812,340
1600,4151.86538657562,4136.75374292599,1270.42895507812,340
1601,4126.05745678018,4146.77391630217,1276.23706054688,340
1602,4080.72517391064,4144.4402153259,1276.23706054688,340
1603,4179.43631024949,4144.50835690773,1276.23706054688,340
1604,4225.88832671947,4146.60350965943,1276.23706054688,340
1605,4134.3719910431,4148.95153110711,1276.23706054688,340
1606,4195.54491317064,4151.00586038103,1276.23706054688,340
1607,4170.08446441972,4154.61444521957,1276.23706054688,340
1608,4091.50433057824,4152.10118457067,1276.23706054688,340
1609,4187.06174631221,4152.31610232346,1279.13134765625,340
1610,4168.26287711285,4152.83914811108,1279.13134765625,340
1611,4206.86593019942,4156.93917779762,1279.13134765625,340
1612,4194.44372655927,4158.44559878006,1279.13134765625,340
1613,4202.50347462074,4159.66989599161,1279.13134765625,340
1614,4191.07119257838,4161.08495009354,1279.13134765625,340
1615,4161.32820184092,4160.78879128443,1279.13134765625,340
1616,4142.73735226861,4160.26637477658,1279.13134765625,340
1617,4134.54302546619,4158.91412596268,1278.52514648438,340
1618,4057.51098307915,4155.47558408809,1278.52514648438,340
1619,4086.49613957831,4152.82407781915,1278.52514648438,340
1620,4119.44428602897,4151.12807137286,1278.52514648438,340
1621,4187.73635595458,4152.77371995783,1278.52514648438,340
1622,4118.98776942825,4150.11710922645,1278.52514648438,340
1623,4133.18167948702,4149.80560518271,1278.52514648438,340
1624,4171.3187836722,4152.75887510537,1278.52514648438,340
1625,4191.95063930117,4154.36228521439,1277.82495117188,340
1626,4089.08354242435,4152.88332864016,1277.82495117188,340
1627,4127.89398427348,4154.77008105467,1277.82495117188,340
1628,4132.88666150339,4152.90809510483,1277.82495117188,340
1629,3921.33855127505,4140.72610408705,1277.82495117188,340
1630,4142.7472452581,4141.06111425565,1277.82495117188,340
1631,4240.38227785382,4142.85460884298,1277.82495117188,340
1632,4164.63924555288,4142.6368000883,1277.82495117188,340
1633,4174.44727181137,4145.95451773763,1278.87182617188,340
1634,3934.94348895575,4135.86978744337,1278.87182617188,340
1635,4229.48777100527,4138.31878319907,1278.87182617188,340
1636,3985.08280370368,4129.44745813924,1278.87182617188,340
1637,4166.59195599542,4128.33338731668,1278.87182617188,340
1638,4184.09607184127,4127.5970912055,1278.87182617188,340
1639,4164.09520351411,4126.51805164293,1278.87182617188,340
1640,4115.18554811258,4124.6723454938,1278.87182617188,340
1641,4121.71551848136,4123.83147214231,1278.82373046875,340
1642,4205.14895509861,4126.65570932761,1278.82373046875,340
1643,4115.14982942894,4128.9612631816,1278.82373046875,340
1644,3826.77773369993,4118.57252694646,1278.82373046875,340
1645,4231.97131080623,4123.07360793755,1278.82373046875,340
1646,3957.3065343774,4113.85641507446,1278.82373046875,340
1647,4129.13259121131,4114.26220794579,1278.82373046875,340
1648,4086.17872732528,4112.38208985932,1278.82373046875,340
1649,4210.48044900913,4113.94855647279,1281.00793457031,340
1650,4153.21718302182,4112.39921822162,1281.00793457031,340
1651,4145.44501435213,4114.65367709873,1281.00793457031,340
1652,4205.82136615973,4117.77077237418,1281.00793457031,340
1653,4183.04481842449,4119.77709865103,1281.00793457031,340
1654,4163.33752107495,4129.45705744302,1281.00793457031,340
1655,4182.48754209566,4131.04666931652,1281.00793457031,340
1656,4139.16093630868,4126.99781565472,1281.00793457031,340
1657,4199.64903921287,4128.39820740112,1286.27001953125,340
1658,4164.67458393382,4128.00729988602,1286.27001953125,340
1659,4122.27240402954,4135.50045648897,1286.27001953125,340
1660,4136.87519214597,4131.7959533346,1286.27001953125,340
1661,4168.20394868592,4139.12079913389,1286.27001953125,340
1662,4188.4465886273,4139.99498443916,1286.27001953125,340
1663,4194.99486520124,4140.43093617356,1286.27001953125,340
1664,4246.76886944428,4143.73788281076,1286.27001953125,340
1665,4168.21654272575,4145.85912259529,1284.89599609375,340
1666,4234.76315127548,4150.38102790706,1284.89599609375,340
1667,3735.7553566841,4131.60528397048,1284.89599609375,340
1668,4205.8017786076,4135.23136193762,1284.89599609375,340
1669,4187.18310025332,4149.64757659976,1284.89599609375,340
1670,4144.64419598833,4146.15449200704,1284.89599609375,340
1671,4175.02869000624,4154.8633782322,1284.89599609375,340
1672,4187.48182965627,4157.19734776999,1284.89599609375,340
1673,4065.81252479261,4156.38269966869,1288.59130859375,340
1674,4178.797548814,4155.11538366088,1288.59130859375,340
1675,4203.22589584888,4157.11573217397,1288.59130859375,340
1676,4107.30032680931,4155.58994467225,1288.59130859375,340
1677,4060.76132537292,4149.78754304078,1288.59130859375,340
1678,4040.62009370193,4144.09055405188,1288.59130859375,340
1679,4196.23272432046,4145.4063621817,1288.59130859375,340
1680,4187.15457406343,4145.59304346041,1288.59130859375,340
1681,4107.20741906024,4144.31490277047,1292.13916015625,340
1682,4149.84738182674,4142.32283647503,1292.13916015625,340
1683,4213.0402999057,4144.2574651139,1292.13916015625,340
1684,4165.53625211239,4145.98801903722,1292.13916015625,340
1685,4178.36969084528,4147.64779898519,1292.13916015625,340
1686,4138.88374597378,4146.4749908767,1292.13916015625,340
1687,4164.01640873407,4145.49778368097,1292.13916015625,340
1688,4135.96896102447,4143.1367475139,1292.13916015625,340
1689,4185.15856827343,4140.67233546707,1291.76416015625,340
1690,4244.94112843882,4143.74131889559,1291.76416015625,340
1691,4122.20450365051,4139.23897299059,1291.76416015625,340
1692,4182.82844423568,4157.12189649266,1291.76416015625,340
1693,4194.03549713113,4156.6512452336,1291.76416015625,340
1694,4210.12411483954,4157.56888581705,1291.76416015625,340
1695,4203.53789447642,4159.92463375657,1291.76416015625,340
1696,4175.98003133438,4159.9626874097,1291.76416015625,340
1697,4097.71355421618,4156.37195639209,1288.22106933594,340
1698,4179.13155442618,4160.90471757743,1288.22106933594,340
1699,4182.3821803732,4161.0481028398,1288.22106933594,340
1700,4202.95686078274,4161.03734143716,1288.22106933594,340
1701,4257.02533378096,4167.02634171602,1288.22106933594,340
1702,4215.11099355552,4173.20032844333,1288.22106933594,340
1703,4235.94456450161,4181.01330727531,1288.22106933594,340
1704,4201.5000991365,4181.22400226796,1288.22106933594,340
1705,4212.97843162885,4182.25695657057,1288.171875,340
1706,4174.7943271834,4184.9604328955,1288.171875,340
1707,4238.4250664443,4188.5035402802,1288.171875,340
1708,4108.039613217,4184.30351281265,1288.171875,340
1709,3392.29454432277,4153.37384450107,1288.171875,340
1710,4147.84074111642,4152.15268651191,1288.171875,340
1711,4072.25767809368,4149.48764379671,1288.171875,340
1712,4194.70029573646,4150.71499927681,1288.171875,340
1713,4207.06054352901,4153.55866257699,1286.55334472656,340
1714,4228.10356479996,4155.27646243805,1286.55334472656,340
1715,4165.7725697604,4152.10972009091,1286.55334472656,340
1716,4198.37389379872,4155.15649569684,1286.55334472656,340
1717,4220.97065566877,4156.68218415416,1286.55334472656,340
1718,4249.4982315042,4158.90069352909,1286.55334472656,340
1719,4218.1056545032,4159.21995511563,1286.55334472656,340
1720,4156.27800335026,4157.32955947059,1286.55334472656,340
1721,4222.6407790118,4159.19598937768,1284.08459472656,340
1722,4198.14083433661,4163.2130805825,1284.08459472656,340
1723,4213.01491398201,4164.56841496473,1284.08459472656,340
1724,4166.95705351341,4163.95140989034,1284.08459472656,340
1725,4192.93454019716,4163.55051706692,1284.08459472656,340
1726,4197.94104123795,4161.1871453652,1284.08459472656,340
1727,4202.60902675218,4160.68706669307,1284.08459472656,340
1728,4092.15977188687,4154.93567498847,1284.08459472656,340
1729,4125.56590102137,4151.89830706387,1286.53845214844,340
1730,4055.77239391523,4145.61006555533,1286.53845214844,340
1731,4153.40580412913,4144.75452463315,1286.53845214844,340
1732,4180.08912620648,4142.42108702364,1286.53845214844,340
1733,4183.30497157411,4145.43170135793,1286.53845214844,340
1734,4199.30826420503,4177.71225015322,1286.53845214844,340
1735,4183.81506817062,4179.15122323538,1286.53845214844,340
1736,4020.35295300927,4177.07503423201,1286.53845214844,340
1737,4163.65565120695,4175.83324845083,1287.37231445312,340
1738,4124.89107992136,4172.54646990652,1287.37231445312,340
1739,4134.84296100302,4168.81604575464,1287.37231445312,340
1740,4181.31694037137,4169.43782057908,1287.37231445312,340
1741,4224.66843412583,4170.48960219217,1287.37231445312,340
1742,4162.77085412793,4168.16161013053,1287.37231445312,340
1743,4010.8420768772,4158.61536394545,1287.37231445312,340
1744,4203.41526541341,4158.02774838186,1287.37231445312,340
1745,4103.15093155578,4155.90266551008,1290.76696777344,340
1746,4180.39633028656,4154.21288756107,1290.76696777344,340
1747,4218.53964744665,4155.02884008548,1290.76696777344,340
1748,4179.95062493122,4153.70626852344,1290.76696777344,340
1749,4209.25943274432,4155.39836369268,1290.76696777344,340
1750,4123.64353716629,4152.62672357144,1290.76696777344,340
1751,4208.31429184641,4153.04165359578,1290.76696777344,340
1752,4124.30009321016,4149.9092962541,1290.76696777344,340
1753,4172.61084227701,4153.12733906971,1289.62377929688,340
1754,4194.05406773791,4155.86686573837,1289.62377929688,340
1755,4117.76593185284,4158.34660725587,1289.62377929688,340
1756,4227.70068588901,4161.31840252627,1289.62377929688,340
1757,3915.44259193232,4150.7325411553,1289.62377929688,340
1758,4211.52576023651,4151.8613727018,1289.62377929688,340
1759,4204.06339755469,4152.05157803579,1289.62377929688,340
1760,4160.04961776448,4151.10096001954,1289.62377929688,340
1761,4218.28326845148,4159.01817263723,1290.84655761719,340
1762,4138.46260305159,4158.01045071101,1290.84655761719,340
1763,4206.49285442929,4161.27452169133,1290.84655761719,340
1764,4194.16726557936,4163.64749387438,1290.84655761719,340
1765,4231.34246299953,4165.64851477951,1290.84655761719,340
1766,4193.97620364823,4164.42082556041,1290.84655761719,340
1767,4235.90397366728,4167.34615034198,1290.84655761719,340
1768,4133.43168446749,4172.24973464559,1290.84655761719,340
1769,4210.79075419731,4172.54475419695,1291.68969726562,340
1770,4184.85516580633,4175.81292356697,1291.68969726562,340
1771,4248.78985614051,4178.54866460113,1291.68969726562,340
1772,4171.97691146762,4176.68615516197,1291.68969726562,340
1773,4243.42921946182,4179.22529894319,1291.68969726562,340
1774,4172.14521334632,4177.74073016727,1291.68969726562,340
1775,4118.25236255216,4177.52508318271,1291.68969726562,340
1776,4182.65133402701,4176.49856486993,1291.68969726562,340
1777,4170.8334843565,4178.35990051578,1291.65649414062,340
1778,4185.19401094395,4178.86322726246,1291.65649414062,340
1779,4238.40747004409,4180.63736335471,1291.65649414062,340
1780,4160.2206527451,4182.3355521904,1291.65649414062,340
1781,4206.65394160341,4181.49368241898,1291.65649414062,340
1782,4193.64165732628,4192.62164503473,1291.65649414062,340
1783,4188.68241888455,4191.70791138066,1291.65649414062,340
1784,4200.68586038507,4191.57280989387,1291.65649414062,340
1785,4198.34843969825,4193.10476277122,1292.60278320312,340
1786,4207.25986764447,4192.66382673894,1292.60278320312,340
1787,4219.3175167662,4195.89802328753,1292.60278320312,340
1788,4213.23988587958,4196.16790454554,1292.60278320312,340
1789,4253.89911975,4198.55717871236,1292.60278320312,340
1790,4141.21904272288,4194.9522419013,1292.60278320312,340
1791,4176.75473745389,4194.26338325352,1292.60278320312,340
1792,4224.31264014613,4193.79972991268,1292.60278320312,340
1793,4143.42391873956,4194.19941928356,1295.68334960938,340
1794,4198.84929484567,4193.72176090949,1295.68334960938,340
1795,4234.86746316457,4195.72225280382,1295.68334960938,340
1796,4228.74863097602,4194.92060379724,1295.68334960938,340
1797,4166.42820597094,4194.69865557738,1295.68334960938,340
1798,4184.10591974324,4192.32572358863,1295.68334960938,340
1799,4220.16391433511,4194.24647162818,1295.68334960938,340
1800,4224.70624510872,4198.50462693045,1295.68334960938,340
1801,4218.62886638299,4199.94372822469,1300.07751464844,340
1802,4165.18042794628,4199.71760596828,1300.07751464844,340
1803,4233.96294248872,4201.66836323007,1300.07751464844,340
1804,4205.9708439127,4200.37089818481,1300.07751464844,340
1805,4227.16597659841,4203.04871113895,1300.07751464844,340
1806,4234.90874007505,4204.17890307781,1300.07751464844,340
1807,4244.03354321403,4206.19457851332,1300.07751464844,340
1808,4193.75649580768,4206.39754159025,1300.07751464844,340
1809,4246.6395789748,4208.23569033384,1303.26647949219,340
1810,4217.9885022655,4209.02129283653,1303.26647949219,340
1811,4169.43717268766,4207.50838503825,1303.26647949219,340
1812,4179.21614073723,4205.9043299971,1303.26647949219,340
1813,4206.89268305111,4205.65044188396,1303.26647949219,340
1814,4178.74399468837,4202.64423688149,1303.26647949219,340
1815,4256.22001678302,4207.2442758439,1303.26647949219,340
1816,4194.49440754466,4207.95386264753,1303.26647949219,340
1817,4226.88954751524,4208.05693894229,1303.427734375,340
1818,4218.85382792414,4211.07413530968,1303.427734375,340
1819,4239.58628629069,4212.70361496748,1303.427734375,340
1820,4113.10207701161,4207.83299952136,1303.427734375,340
1821,4085.57728411094,4202.10614564676,1303.427734375,340
1822,4157.80971103375,4201.76140584927,1303.427734375,340
1823,4183.29039428959,4201.72878483112,1303.427734375,340
1824,4111.9103022491,4197.39864034768,1303.427734375,340
1825,4194.87631099118,4196.20544298298,1303.03393554688,340
1826,4223.47622955289,4196.39933750978,1303.03393554688,340
1827,4254.55708605085,4199.97440383396,1303.03393554688,340
1828,4147.83812988152,4196.52941132967,1303.03393554688,340
1829,4240.26637150367,4197.90123243331,1303.03393554688,340
1830,4225.1107721193,4197.81902425414,1303.03393554688,340
1831,4250.7464687205,4198.45253339996,1303.03393554688,340
1832,4210.63003349984,4197.11639301139,1303.03393554688,340
1833,4119.57435650077,4194.14910743912,1304.94982910156,340
1834,4220.02476065837,4193.08451470646,1304.94982910156,340
1835,4222.70506569441,4193.27317724362,1304.94982910156,340
1836,4213.95480852144,4195.05388267697,1304.94982910156,340
1837,4236.188693001,4197.33278476752,1304.94982910156,340
1838,4254.03578067949,4199.21850867265,1304.94982910156,340
1839,4205.33743493357,4200.28224628246,1304.94982910156,340
1840,4163.04816613587,4196.55537225658,1304.94982910156,340
1841,4229.1350665652,4197.9409986174,1307.8916015625,340
1842,3991.04962038433,4188.50740153216,1307.8916015625,340
1843,4098.72270267558,4183.70215652222,1307.8916015625,340
1844,4162.18987791575,4180.60630018722,1307.8916015625,340
1845,4087.48323785145,4179.58154662082,1307.8916015625,340
1846,4236.93055569705,4185.63567748426,1307.8916015625,340
1847,4225.98333415318,4188.36262240904,1307.8916015625,340
1848,4075.13530453665,4184.03641881892,1307.8916015625,340
1849,4075.38731977372,4182.5754995199,1306.9072265625,340
1850,4077.75003569553,4177.89044850808,1306.9072265625,340
1851,4112.6320514125,4173.45668138246,1306.9072265625,340
1852,3996.8097821495,4163.14678922641,1306.9072265625,340
1853,4143.19681954336,4162.96113681288,1306.9072265625,340
1854,4081.2130418614,4156.59900362719,1306.9072265625,340
1855,4038.21708773431,4149.12325625179,1306.9072265625,340
1856,4247.42625187698,4148.99044757805,1306.9072265625,340
1857,4229.22659748896,4149.73431013761,1306.21557617188,340
1858,4138.8600050947,4150.50573608137,1306.21557617188,340
1859,4084.4170978663,4145.08142956969,1306.21557617188,340
1860,4053.15938731919,4138.29960243468,1306.21557617188,340
1861,4264.02972733501,4140.30259918722,1306.21557617188,340
1862,4098.97144332171,4134.81390920005,1306.21557617188,340
1863,4077.44254022638,4127.75017958193,1306.21557617188,340
1864,4219.52288965076,4128.31759777062,1306.21557617188,340
1865,4250.11153314168,4131.80013245085,1306.39782714844,340
1866,4250.55538609399,4132.656945232,1306.39782714844,340
1867,4198.95594627468,4140.97319826761,1306.39782714844,340
1868,4168.28356552004,4143.75563278139,1306.39782714844,340
1869,3986.68091873807,4136.73527441428,1306.39782714844,340
1870,4119.93542172161,4138.03336176909,1306.39782714844,340
1871,4112.88955350772,4133.07172168152,1306.39782714844,340
1872,3981.52661797265,4123.2934530343,1306.39782714844,340
1873,4078.14636416462,4123.41389541941,1304.43029785156,340
1874,4242.69246648291,4130.10610128778,1304.43029785156,340
1875,4206.58437395105,4135.259474818,1304.43029785156,340
1876,4173.08417905882,4137.67755992386,1304.43029785156,340
1877,4235.36980788666,4147.21996095334,1304.43029785156,340
1878,4210.4128883184,4149.90860370434,1304.43029785156,340
1879,4210.60058802001,4155.08410555069,1304.43029785156,340
1880,4152.96872292439,4159.67417095829,1304.43029785156,340
1881,4225.85674278352,4158.81139059455,1306.13952636719,340
1882,4145.86752938141,4155.47702787025,1306.13952636719,340
1883,4249.67691451138,4159.90970424692,1306.13952636719,340
1884,4168.65356392461,4163.27916288925,1306.13952636719,340
1885,4207.3682599792,4169.44751779565,1306.13952636719,340
1886,4201.46196620501,4166.94480735045,1306.13952636719,340
1887,4164.97011168589,4169.58475408502,1306.13952636719,340
1888,4198.17683215222,4174.41412576205,1306.13952636719,340
1889,4238.40223298408,4175.16929949538,1307.564453125,340
1890,4236.78402330359,4174.63619910186,1307.564453125,340
1891,4189.58456652243,4172.197366319,1307.564453125,340
1892,4197.78340660992,4172.15046473241,1307.564453125,340
1893,4225.7102093017,4174.44753048367,1307.564453125,340
1894,4209.61431531875,4183.3648663469,1307.564453125,340
1895,4238.42528733898,4188.1044609716,1307.564453125,340
1896,4239.6296881181,4193.17406635601,1307.564453125,340
1897,4253.12273704379,4204.03791111886,1307.43334960938,340
1898,4229.02297745317,4210.0729756504,1307.43334960938,340
1899,4213.37787125866,4208.90039184143,1307.43334960938,340
1900,4157.98948094612,4206.95659612123,1307.43334960938,340
1901,4169.72551665848,4206.82224962522,1307.43334960938,340
1902,4236.63021113957,4206.87266575534,1307.43334960938,340
1903,4184.51194622205,4205.83662807148,1307.43334960938,340
1904,4176.74924435067,4204.48257432471,1307.43334960938,340
1905,4236.4753082198,4207.82283773652,1305.92199707031,340
1906,4213.27610266738,4207.31961213188,1305.92199707031,340
1907,4199.21992553636,4209.45370797808,1305.92199707031,340
1908,4220.72008334796,4208.29543473154,1305.92199707031,340
1909,4254.19740053377,4211.71718819591,1305.92199707031,340
1910,4257.53638450058,4213.72391317676,1305.92199707031,340
1911,4215.37513519845,4214.2804399365,1305.92199707031,340
1912,4197.19451970888,4215.56941625742,1305.92199707031,340
1913,4148.12093401634,4213.56718033198,1304.70581054688,340
1914,4254.21201883067,4214.19957176585,1304.70581054688,340
1915,4204.80069630184,4212.92023868578,1304.70581054688,340
1916,4221.64014176816,4214.20246169561,1304.70581054688,340
1917,4212.61353794393,4214.79566694897,1304.70581054688,340
1918,4193.30694396208,4213.49953633538,1304.70581054688,340
1919,4188.84689017529,4212.66883932964,1304.70581054688,340
1920,4200.25397736733,4211.14198693078,1304.70581054688,340
1921,4191.2738787626,4209.20775455656,1303.78112792969,340
1922,4173.96188094266,4206.04132031251,1303.78112792969,340
1923,4239.31614894079,4206.45304717202,1303.78112792969,340
1924,4226.49050257455,4206.97755242465,1303.78112792969,340
1925,4245.32077294374,4210.47080410456,1303.78112792969,340
1926,4221.40480141805,4212.53797549494,1303.78112792969,340
1927,4212.76029192298,4211.58317872628,1303.78112792969,340
1928,4230.85684718942,4213.43697476497,1303.78112792969,340
1929,4216.64349435355,4215.03274476509,1308.32775878906,340
1930,4228.75901814106,4214.72409316194,1308.32775878906,340
1931,4257.10577273092,4216.47727996448,1308.32775878906,340
1932,4259.47181316243,4218.88735546952,1308.32775878906,340
1933,4253.78753993338,4220.21005373294,1308.32775878906,340
1934,4231.86317738458,4219.31668480697,1308.32775878906,340
1935,4219.89095307281,4217.81086754986,1308.32775878906,340
1936,4223.29282271758,4218.12757505062,1308.32775878906,340
1937,4182.89337221785,4217.55552915098,1309.71740722656,340
1938,4230.11762219936,4220.8353966783,1309.71740722656,340
1939,4213.27093996872,4219.19775352383,1309.71740722656,340
1940,4245.83198857572,4220.83900521478,1309.71740722656,340
1941,4239.48642237353,4221.552856439,1309.71740722656,340
1942,4228.32348813554,4222.18125444666,1309.71740722656,340
1943,4214.05966637853,4223.01136334332,1309.71740722656,340
1944,4022.59978684045,4216.36147920992,1309.71740722656,340
1945,4247.09925553885,4218.23529033679,1306.78845214844,340
1946,4265.4365945448,4221.20179896807,1306.78845214844,340
1947,4249.94454340542,4224.24110546659,1306.78845214844,340
1948,4244.67429022488,4224.45543111795,1306.78845214844,340
1949,4250.38881947619,4225.41136379401,1306.78845214844,340
1950,4250.63922247925,4225.62410177543,1306.78845214844,340
1951,4226.68522129886,4225.83531857067,1306.78845214844,340
1952,4168.50876142131,4224.0652573506,1306.78845214844,340
1953,4248.37967532884,4224.76617047618,1310.65734863281,340
1954,4226.85836453853,4225.17476528358,1310.65734863281,340
1955,4222.85854214168,4224.9387462436,1310.65734863281,340
1956,4223.68245329314,4223.60181346609,1310.65734863281,340
1957,4230.2046575857,4222.43112724302,1310.65734863281,340
1958,4065.76971137084,4214.91041410052,1310.65734863281,340
1959,4222.27954899321,4214.52706896486,1310.65734863281,340
1960,4203.52355356133,4213.8723729844,1310.65734863281,340
1961,4085.56198947024,4208.36313965451,1310.36791992188,340
1962,4171.0517608248,4207.88947519879,1310.36791992188,340
1963,4227.17076843665,4207.77160104828,1310.36791992188,340
1964,4226.82457759088,4208.31374655317,1310.36791992188,340
1965,4204.37251676904,4206.6553676809,1310.36791992188,340
1966,4246.76853245047,4206.94665208398,1310.36791992188,340
1967,4224.38355623866,4206.7890548081,1310.36791992188,340
1968,4227.1900484994,4207.31427009294,1310.36791992188,340
1969,4209.82694745895,4214.80335651768,1309.14721679688,340
1970,4214.13503174747,4213.48478756602,1309.14721679688,340
1971,4256.69347695784,4213.13506286254,1309.14721679688,340
1972,4217.28268644678,4211.8285885842,1309.14721679688,340
1973,4254.73887110501,4212.2311718194,1309.14721679688,340
1974,4222.83722422335,4211.12910800929,1309.14721679688,340
1975,4223.77266360161,4210.05444565418,1309.14721679688,340
1976,4239.46891106634,4210.56579324488,1309.14721679688,340
1977,4199.31976316484,4211.79823331462,1312.29431152344,340
1978,4237.72074801552,4211.37187622209,1312.29431152344,340
1979,4257.20498250388,4212.58574094071,1312.29431152344,340
1980,4284.47625010571,4215.05044925927,1312.29431152344,340
1981,4264.67571221479,4216.69017961613,1312.29431152344,340
1982,4253.52543045352,4217.62301053085,1312.29431152344,340
1983,4242.42662841815,4224.68928721274,1312.29431152344,340
1984,4263.60325504731,4226.3422354549,1312.29431152344,340
1985,4259.16801640088,4228.56801396848,1312.14086914062,340
1986,4058.25453478834,4227.47571578121,1312.14086914062,340
1987,4207.01566489819,4228.91427194414,1312.14086914062,340
1988,4277.35450502663,4230.92162140774,1312.14086914062,340
1989,4248.12543652693,4231.77365576518,1312.14086914062,340
1990,4244.57237943565,4233.38165027185,1312.14086914062,340
1991,4224.39542649044,4232.48672603345,1312.14086914062,340
1992,4243.90946873201,4233.26776253318,1312.14086914062,340
1993,4173.91657794237,4231.1368237109,1312.72937011719,340
1994,4219.39076520453,4231.51937642072,1312.72937011719,340
1995,4164.88577699039,4229.54940623044,1312.72937011719,340
1996,4238.58814874115,4228.82519310177,1312.72937011719,340
1997,4236.10937478266,4229.57826063521,1312.72937011719,340
1998,4084.13618345463,4222.75415312919,1312.72937011719,340
1999,4292.20877707787,4225.52901524337,1312.72937011719,340
2000,4241.23900473543,4226.22766888873,1312.72937011719,340
2001,4265.0617803293,4227.25138365924,1314.57153320312,340
2002,4240.69010102438,4228.90619717363,1314.57153320312,340
2003,4263.72806911596,4229.94649001764,1314.57153320312,340
2004,4261.75032964658,4230.12830390335,1314.57153320312,340
2005,4250.86018202443,4228.7836611801,1314.57153320312,340
2006,4242.22685622211,4227.88570694039,1314.57153320312,340
2007,4270.03986793174,4228.54628443952,1314.57153320312,340
2008,4292.15303580278,4230.53534073491,1314.57153320312,340
2009,4243.15587464435,4229.71744551879,1312.64282226562,340
2010,4236.87261178013,4228.82562933396,1312.64282226562,340
2011,4254.04630655147,4236.65730020448,1312.64282226562,340
2012,4180.84259996494,4235.61037760715,1312.64282226562,340
2013,4204.38995270542,4232.69179551431,1312.64282226562,340
2014,4093.70233835516,4226.51487158744,1312.64282226562,340
2015,4257.90931870185,4227.04834915808,1312.64282226562,340
2016,4065.79890513885,4220.70448830402,1312.64282226562,340
2017,4255.08384273795,4221.15146326426,1313.87121582031,340
2018,4255.86498964171,4224.42939973223,1313.87121582031,340
2019,4271.47484577099,4226.51276295489,1313.87121582031,340
2020,4266.30195827162,4230.56941020614,1313.87121582031,340
2021,4231.43480795117,4230.28327657454,1313.87121582031,340
2022,4229.59891680578,4230.02285825546,1313.87121582031,340
2023,4254.08970816994,4236.82099924408,1313.87121582031,340
2024,4258.65905644279,4235.47901041867,1313.87121582031,340
2025,4250.03772754788,4235.83095933117,1316.97009277344,340
2026,4237.8337375518,4234.74183762007,1316.97009277344,340
2027,4250.67277981827,4235.14114477183,1316.97009277344,340
2028,4262.08066975561,4235.07524879741,1316.97009277344,340
2029,4227.11577678354,4233.68986668289,1316.97009277344,340
2030,4256.03373925785,4233.89680897223,1316.97009277344,340
2031,4224.09035856446,4233.17134906592,1316.97009277344,340
2032,4193.38219919978,4230.10504231665,1316.97009277344,340
2033,4257.74338097425,4228.7286561235,1316.71801757812,340
2034,4253.21791694908,4229.13113781569,1316.71801757812,340
2035,4272.5649446121,4230.55883112897,1316.71801757812,340
2036,4096.48573535186,4224.25640828099,1316.71801757812,340
2037,4239.83864495136,4226.61625008044,1316.71801757812,340
2038,4259.86968862626,4228.83543951728,1316.71801757812,340
2039,4261.53113232766,4235.54859127618,1316.71801757812,340
2040,4247.62240122927,4235.13711457727,1316.71801757812,340
2041,4232.86160863992,4241.81962271732,1317.31909179688,340
2042,4245.46014446972,4241.43467478659,1317.31909179688,340
2043,4246.33148174322,4241.05333447065,1317.31909179688,340
2044,4237.05053924093,4239.67636220944,1317.31909179688,340
2045,4255.46377673414,4239.24283494795,1317.31909179688,340
2046,4300.42678771446,4242.00251413848,1317.31909179688,340
2047,4269.042118012,4243.58024218673,1317.31909179688,340
2048,4287.74053412506,4244.92627522493,1317.31909179688,340
2049,4249.12375564924,4244.54486319319,1318.37768554688,340
2050,4241.53082228115,4244.20458698252,1318.37768554688,340
2051,4076.3320510012,4237.7445195205,1318.37768554688,340
2052,4251.52535499504,4237.77862252757,1318.37768554688,340
2053,4279.42493096191,4238.47239297582,1318.37768554688,340
2054,4270.59683328719,4240.21163523596,1318.37768554688,340
2055,4280.23921477896,4241.17985425681,1318.37768554688,340
2056,4270.86701818983,4243.05092064182,1318.37768554688,340
2057,4273.66121753668,4246.2620813753,1317.67724609375,340
2058,4266.86109462105,4246.62678992117,1317.67724609375,340
2059,4227.86081707671,4245.61250592628,1317.67724609375,340
2060,4285.48783816613,4246.12942166844,1317.67724609375,340
2061,4272.09626936114,4253.15384302881,1317.67724609375,340
2062,4239.80552117523,4253.15251807776,1317.67724609375,340
2063,4191.24862530357,4250.40767554486,1317.67724609375,340
2064,4230.20614007847,4249.15467585489,1317.67724609375,340
2065,4266.56860423011,4249.91252397492,1317.49438476562,340
2066,4285.59712513736,4252.02194463482,1317.49438476562,340
2067,4278.31639199626,4253.33619453588,1317.49438476562,340
2068,4279.40985462442,4254.65932945113,1317.49438476562,340
2069,4237.78615198019,4254.6887539607,1317.49438476562,340
2070,4249.08143496173,4254.4334602898,1317.49438476562,340
2071,4247.07069622817,4252.29921663035,1317.49438476562,340
2072,4242.88631115293,4251.25298435599,1317.49438476562,340
2073,4271.95178617336,4250.62143443792,1316.48620605469,340
2074,4267.68240466929,4251.36378039872,1316.48620605469,340
2075,3962.53108321293,4240.20379083599,1316.48620605469,340
2076,4287.35662583204,4248.64477382923,1316.48620605469,340
2077,4137.22910782258,4244.07292394233,1316.48620605469,340
2078,4188.45371539336,4240.43407531959,1316.48620605469,340
2079,4055.37266622831,4231.82510863723,1316.48620605469,340
2080,4285.44769103699,4232.03344768755,1316.48620605469,340
2081,4014.89609476445,4221.79461075054,1318.00598144531,340
2082,4266.37191331444,4221.50303858165,1318.00598144531,340
2083,4257.59517012587,4221.13240160184,1318.00598144531,340
2084,3996.86401397502,4211.89252947777,1318.00598144531,340
2085,4227.65824719979,4209.57934583912,1318.00598144531,340
2086,4241.57970299116,4208.35868318432,1318.00598144531,340
2087,4244.35912511722,4208.540827342,1318.00598144531,340
2088,4175.86843937899,4207.92561990502,1318.00598144531,340
2089,4245.45997487243,4208.53577329678,1316.79296875,340
2090,4076.34479706329,4200.9268210101,1316.79296875,340
2091,3986.09991724295,4188.94693269433,1316.79296875,340
2092,4102.22913141293,4181.90344227099,1316.79296875,340
2093,4034.46880162303,4172.10580015094,1316.79296875,340
2094,4226.89460712,4171.67013835653,1316.79296875,340
2095,4222.10136352403,4170.59093549902,1316.79296875,340
2096,4201.12328843728,4168.75303918739,1316.79296875,340
2097,4106.13781985465,4163.28309953546,1313.52966308594,340
2098,4214.11347991082,4160.96956728495,1313.52966308594,340
2099,4035.50406430164,4151.68243367025,1313.52966308594,340
2100,4182.57975125768,4160.48438039204,1313.52966308594,340
2101,4247.64688194831,4158.89599063669,1313.52966308594,340
2102,4195.86305954869,4161.24134870573,1313.52966308594,340
2103,4225.17332008067,4162.71013289323,1313.52966308594,340
2104,4209.96858017369,4168.89396945104,1313.52966308594,340
2105,4005.62058234965,4157.70088510355,1317.04772949219,340
2106,4102.00123772652,4161.18509082203,1317.04772949219,340
2107,4120.43927527126,4155.3477853003,1317.04772949219,340
2108,4248.87579723206,4154.99901038455,1317.04772949219,340
2109,4230.4507023472,4164.34247791944,1317.04772949219,340
2110,4099.96615464974,4159.23479421744,1317.04772949219,340
2111,4266.3755583618,4160.22662843226,1317.04772949219,340
2112,4029.64732973738,4151.63815661707,1317.04772949219,340
2113,4207.32602003868,4152.89645984346,1317.95227050781,340
2114,4174.52986861305,4150.05925559308,1317.95227050781,340
2115,4188.27798424153,4154.53658308021,1317.95227050781,340
2116,4267.35980304853,4165.78697851243,1317.95227050781,340
2117,4189.5723765064,4169.28070831617,1317.95227050781,340
2118,4234.91934178522,4177.29872992266,1317.95227050781,340
2119,4264.52517615311,4178.80395268398,1317.95227050781,340
2120,4262.02504886502,4180.40090009762,1317.95227050781,340
2121,4235.76445496617,4181.78654675878,1317.53881835938,340
2122,4193.87596205481,4185.29607244679,1317.53881835938,340
2123,4068.37883131874,4179.4666865031,1317.53881835938,340
2124,4236.24948487072,4187.49650332587,1317.53881835938,340
2125,4154.09343195376,4186.35705055371,1317.53881835938,340
2126,4210.68037249875,4184.87839017573,1317.53881835938,340
2127,4235.16160907897,4186.45033215694,1317.53881835938,340
2128,4072.03290738689,4180.32471564919,1317.53881835938,340
2129,4151.49228165673,4177.98566370851,1315.67309570312,340
2130,4161.44579602566,4184.21867225555,1315.67309570312,340
2131,4270.04150624025,4190.9402829961,1315.67309570312,340
2132,4158.66747144974,4192.46941084324,1315.67309570312,340
2133,4247.5843393579,4192.41775252827,1315.67309570312,340
2134,4224.72766117653,4192.18883088144,1315.67309570312,340
2135,4178.69893110036,4195.33814193947,1315.67309570312,340
2136,4242.88491945002,4194.398516383,1315.67309570312,340
2137,4193.98919884287,4200.97219114722,1317.83288574219,340
2138,3986.11601107008,4192.12379078847,1317.83288574219,340
2139,4197.92168703313,4193.05946352528,1317.83288574219,340
2140,4229.57092223225,4194.7111810449,1317.83288574219,340
2141,4210.95584627817,4192.45502277409,1317.83288574219,340
2142,4261.34434983261,4195.32590170714,1317.83288574219,340
2143,4200.81983406757,4193.96192139843,1317.83288574219,340
2144,4186.73084728783,4190.85014824382,1317.83288574219,340
2145,4052.64624104507,4182.47499593102,1311.642578125,340
2146,4249.31772276383,4183.01712664293,1311.642578125,340
2147,4224.92925751448,4184.25925846132,1311.642578125,340
2148,4182.03841897321,4188.80564196749,1311.642578125,340
2149,4193.75537382944,4187.10587752584,1311.642578125,340
2150,4233.5872687584,4190.28563099803,1311.642578125,340
2151,4236.62420885052,4191.3233844521,1311.642578125,340
2152,4214.10630319195,4190.48117221662,1311.642578125,340
2153,4218.95920649635,4196.358224181,1311.43493652344,340
2154,4241.96896280703,4199.97729142701,1311.43493652344,340
2155,4152.91372325613,4199.63600851623,1311.43493652344,340
2156,4249.5757878574,4198.81737978092,1311.43493652344,340
2157,4222.14903229153,4201.35664221459,1311.43493652344,340
2158,4251.71766731903,4201.52197533303,1311.43493652344,340
2159,4192.24620501717,4200.22271708666,1311.43493652344,340
2160,4221.10805920121,4201.91908221069,1311.43493652344,340
2161,4229.50932700774,4201.384058513,1315.33801269531,340
2162,4165.08347219872,4200.22782944723,1315.33801269531,340
2163,4149.3144771846,4206.75576809182,1315.33801269531,340
2164,4236.11116973152,4208.28334739975,1315.33801269531,340
2165,4215.53606076334,4207.72195294099,1315.33801269531,340
2166,4261.65314332721,4209.74984482296,1315.33801269531,340
2167,4126.67348550922,4204.36301025002,1315.33801269531,340
2168,4159.64240213249,4202.71591297262,1315.33801269531,340
2169,3984.97390187029,4194.64563515591,1317.01538085938,340
2170,4176.11291340639,4199.58430205037,1317.01538085938,340
2171,4215.27394195843,4198.22255081815,1317.01538085938,340
2172,4074.74097571417,4192.21501954614,1317.01538085938,340
2173,4036.04786993496,4186.37539758461,1317.01538085938,340
2174,4068.77637289835,4181.37623754737,1317.01538085938,340
2175,4201.36306784558,4180.08726951085,1317.01538085938,340
2176,4168.18833709078,4177.34983464046,1317.01538085938,340
2177,4234.92020637974,4178.18239076798,1315.51647949219,340
2178,4252.29337860265,4179.51575765223,1315.51647949219,340
2179,4217.53551095152,4178.53841957801,1315.51647949219,340
2180,4214.19993599969,4180.98986808775,1315.51647949219,340
2181,4220.49212454255,4179.82652155516,1315.51647949219,340
2182,4260.64023386688,4181.36616961817,1315.51647949219,340
2183,4233.63478609584,4180.64285436924,1315.51647949219,340
2184,4250.64601027659,4182.97884657962,1315.51647949219,340
2185,4117.39853516378,4178.83046561812,1316.51647949219,340
2186,4152.18593359894,4175.73752988177,1316.51647949219,340
2187,4222.02856437169,4178.01533356869,1316.51647949219,340
2188,4207.73414579899,4180.35212031326,1316.51647949219,340
2189,4205.95752328649,4179.14597445546,1316.51647949219,340
2190,4247.40063753311,4180.42055752625,1316.51647949219,340
2191,4264.34903175392,4180.52839306332,1316.51647949219,340
2192,4277.36068059006,4186.55588086656,1316.51647949219,340
2193,4262.11411370493,4190.65474932945,1318.52966308594,340
2194,4207.35744391077,4199.55009101107,1318.52966308594,340
2195,4226.70071488714,4201.5736030703,1318.52966308594,340
2196,4253.0511454022,4203.08469120805,1318.52966308594,340
2197,4187.63418218594,4207.60041946692,1318.52966308594,340
2198,4214.53269511932,4214.7398124743,1318.52966308594,340
2199,4218.0239042316,4220.70971372763,1318.52966308594,340
2200,4255.82401986009,4222.88815180821,1318.52966308594,340
2201,4189.21439954619,4223.72919430642,1318.20129394531,340
2202,4224.52646950063,4223.31344483126,1318.20129394531,340
2203,4158.04589137286,4219.54354534207,1318.20129394531,340
2204,4224.14148283761,4219.80778421751,1318.20129394531,340
2205,4152.25089209489,4217.32982246132,1318.20129394531,340
2206,4054.12841381886,4210.67527403237,1318.20129394531,340
2207,4206.03558014611,4208.49108788354,1318.20129394531,340
2208,4187.59367032726,4206.6494432528,1318.20129394531,340
2209,4242.75774622732,4206.33391269083,1321.27868652344,340
2210,4228.68433954669,4210.78534486614,1321.27868652344,340
2211,4170.94357732082,4211.53565061502,1321.27868652344,340
2212,4223.44908761527,4211.59247154476,1321.27868652344,340
2213,4205.13578150534,4211.48853697302,1321.27868652344,340
2214,4129.89624918388,4208.44608600891,1321.27868652344,340
2215,4258.91106880052,4208.90650325961,1321.27868652344,340
2216,4001.42788631519,4198.38965744206,1321.27868652344,340
2217,3874.28849008468,4182.26676982184,1316.66967773438,340
2218,4204.73634563392,4179.971659099,1316.66967773438,340
2219,4224.82763766944,4180.67046684935,1316.66967773438,340
2220,4128.29179766596,4176.7341101605,1316.66967773438,340
2221,4145.84614491591,4172.44591014105,1316.66967773438,340
2222,4165.03055832173,4171.54176518648,1316.66967773438,340
2223,4181.74822449598,4170.23038636155,1316.66967773438,340
2224,4203.55381790948,4169.65158290866,1316.66967773438,340
2225,4253.09095411707,4169.54226027894,1316.64978027344,340
2226,4228.85242773812,4171.12778140662,1316.64978027344,340
2227,4260.08268056866,4172.55002984934,1316.64978027344,340
2228,4243.79342189524,4175.97993107024,1316.64978027344,340
2229,4188.5195093518,4174.55505213081,1316.64978027344,340
2230,4245.6150685345,4178.28961918839,1316.64978027344,340
2231,4183.58395638897,4183.4678408912,1316.64978027344,340
2232,4222.19955982583,4184.11440007838,1316.64978027344,340
2233,4225.46715906505,4185.6293396279,1312.681640625,340
2234,4223.09981343416,4184.84302231617,1312.681640625,340
2235,4089.60964949135,4179.28003471396,1312.681640625,340
2236,4235.81999208418,4181.87509130449,1312.681640625,340
2237,4206.98863020049,4181.2166730079,1312.681640625,340
2238,4257.82949387876,4183.32442150284,1312.681640625,340
2239,4109.28835887632,4182.50010589053,1312.681640625,340
2240,4122.79902089008,4177.05562397412,1312.681640625,340
2241,4224.31118360341,4185.97095586564,1312.46850585938,340
2242,4240.7352229971,4200.62882518214,1312.46850585938,340
2243,4161.08182309448,4198.88264428056,1312.46850585938,340
2244,4083.0043435136,4193.20971251433,1312.46850585938,340
2245,4031.22039704821,4189.32685648962,1312.46850585938,340
2246,4202.07773439221,4191.57612006867,1312.46850585938,340
2247,4176.89572475893,4192.05072672616,1312.46850585938,340
2248,4200.40820694249,4192.79712602402,1312.46850585938,340
2249,4212.55811637869,4193.15729796279,1312.2255859375,340
2250,4248.25907377523,4192.96402274912,1312.2255859375,340
2251,4253.23261063325,4193.93923006492,1312.2255859375,340
2252,4152.41649781565,4189.6325827548,1312.2255859375,340
2253,4131.08120261695,4185.12409398367,1312.2255859375,340
2254,4179.52955750815,4184.76449590992,1312.2255859375,340
2255,4212.55424478649,4183.44206296,1312.2255859375,340
2256,4142.29266229009,4181.79041119605,1312.2255859375,340
2257,4108.5580011486,4177.24474884896,1310.28881835938,340
2258,4255.95818632189,4178.46438993923,1310.28881835938,340
2259,4187.43320741972,4177.03772569865,1310.28881835938,340
2260,4201.29150776814,4181.50500002973,1310.28881835938,340
2261,4179.17271338048,4179.23910888158,1310.28881835938,340
2262,4136.83481461417,4176.43295625813,1310.28881835938,340
2263,4214.40383558161,4174.69592992624,1310.28881835938,340
2264,4123.50700362088,4175.26467571602,1310.28881835938,340
2265,4199.76643278701,4178.3433721919,1304.68395996094,340
2266,4191.69095669591,4177.0385631156,1304.68395996094,340
2267,4226.0533420004,4176.45128787573,1304.68395996094,340
2268,4084.90960221191,4173.40439904043,1304.68395996094,340
2269,4211.21046999551,4178.5326440997,1304.68395996094,340
2270,4186.3395854552,4184.73741163598,1304.68395996094,340
2271,4262.51710124656,4187.15498631016,1304.68395996094,340
2272,4226.17447724061,4189.12613640943,1304.68395996094,340
2273,4130.81188150507,4186.34228339193,1302.8349609375,340
2274,4148.70113426249,4183.78800410728,1302.8349609375,340
2275,4052.55185261253,4175.95971526077,1302.8349609375,340
2276,4204.80940852106,4174.02278717628,1302.8349609375,340
2277,4119.69985569082,4172.71412149129,1302.8349609375,340
2278,4237.81862922322,4176.98361855554,1302.8349609375,340
2279,4012.30089168301,4170.29447192254,1302.8349609375,340
2280,4176.76205773402,4168.86278444044,1302.8349609375,340
2281,4191.03791033035,4170.81259436205,1304.08215332031,340
2282,4176.00226741763,4173.51036501281,1304.08215332031,340
2283,4192.08296024318,4170.95535596966,1304.08215332031,340
2284,4262.12289143395,4173.94294333023,1304.08215332031,340
2285,4178.97377412732,4173.0502339846,1304.08215332031,340
2286,4195.62479655965,4173.70831731176,1304.08215332031,340
2287,4038.35515311468,4169.76913085178,1304.08215332031,340
2288,4061.39656485562,4163.64884002274,1304.08215332031,340
2289,4142.84479054499,4164.42235149971,1305.23034667969,340
2290,4108.25895828474,4160.76205251962,1305.23034667969,340
2291,4173.82578448528,4160.04744563119,1305.23034667969,340
2292,4134.77514654841,4156.39631781311,1305.23034667969,340
2293,4043.20052941743,4154.72795490133,1305.23034667969,340
2294,4110.75172712796,4150.70960518663,1305.23034667969,340
2295,4137.07739348912,4148.73911750799,1305.23034667969,340
2296,4244.46715809796,4148.01711978204,1305.23034667969,340
2297,4140.56609025618,4144.59278430267,1303.17724609375,340
2298,4239.40703897319,4148.93659060139,1303.17724609375,340
2299,4192.90027767621,4150.70455633794,1303.17724609375,340
2300,4033.78747423718,4149.95398120293,1303.17724609375,340
2301,4197.81203615581,4149.67408630832,1303.17724609375,340
2302,4070.22075706341,4147.69492236322,1303.17724609375,340
2303,4145.80914142478,4144.01454285128,1303.17724609375,340
2304,4102.07946624575,4147.60568583379,1303.17724609375,340
2305,4260.61110523995,4150.95964773403,1303.25842285156,340
2306,4231.35594856307,4152.57236926334,1303.25842285156,340
2307,4220.72710250022,4154.36136266664,1303.25842285156,340
2308,4106.3368452095,4150.9315180653,1303.25842285156,340
2309,3761.07185865772,4130.88947675425,1303.25842285156,340
2310,4208.76114765616,4132.0809716954,1303.25842285156,340
2311,4245.29734804414,4134.06787375478,1303.25842285156,340
2312,4147.89215010568,4138.44935363442,1303.25842285156,340
2313,4175.54070086505,4143.0151190748,1302.72155761719,340
2314,4189.7067432265,4144.88959718206,1302.72155761719,340
2315,4202.94267986465,4148.67694604525,1302.72155761719,340
2316,4202.60710228472,4149.82819875723,1302.72155761719,340
2317,4100.64044509183,4148.46281069897,1302.72155761719,340
2318,4179.48907628314,4153.91435257359,1302.72155761719,340
2319,4245.8183046052,4159.31701567268,1302.72155761719,340
2320,4144.77899341281,4159.62507966963,1302.72155761719,340
2321,4238.05471302078,4159.36858186654,1304.45910644531,340
2322,4212.1583587644,4162.23227260687,1304.45910644531,340
2323,4198.06536657652,4160.57860571101,1304.45910644531,340
2324,4211.93048726775,4161.33981409467,1304.45910644531,340
2325,4098.39265087689,4163.92402116026,1304.45910644531,340
2326,4240.44961610303,4165.62952435815,1304.45910644531,340
2327,4222.28298114791,4171.71201332152,1304.45910644531,340
2328,4247.6733668057,4175.78658233676,1304.45910644531,340
2329,4084.72053203574,4175.09222496836,1299.63012695312,340
2330,4229.35708712661,4173.84206424383,1299.63012695312,340
2331,4217.46686466887,4173.28650088806,1299.63012695312,340
2332,4210.511163004,4172.87786330821,1299.63012695312,340
2333,4236.73022614393,4178.09359854559,1299.63012695312,340
2334,4218.11655938088,4196.37538657452,1299.63012695312,340
2335,4198.67179240087,4195.97181236431,1299.63012695312,340
2336,4253.1883875391,4196.2874539441,1299.63012695312,340
2337,4271.12122859633,4201.21661708373,1301.65026855469,340
2338,4193.31671611694,4201.9276576938,1301.65026855469,340
2339,4186.94991852688,4201.81738470582,1301.65026855469,340
2340,4220.22482213299,4202.50867039655,1301.65026855469,340
2341,4236.01342321956,4203.84492323395,1301.65026855469,340
2342,4254.17901157187,4209.98646589315,1301.65026855469,340
2343,4114.16549984403,4207.37352283558,1301.65026855469,340
2344,4219.730644542,4206.33001643306,1301.65026855469,340
2345,4167.70651692722,4207.24711737363,1303.23376464844,340
2346,4204.16712119007,4205.8916137004,1303.23376464844,340
2347,4225.87598133859,4206.44031860337,1303.23376464844,340
2348,4205.04395707322,4206.71946222324,1303.23376464844,340
2349,4184.03020850854,4205.60345107287,1303.23376464844,340
2350,4274.10805352973,4212.63206717898,1303.23376464844,340
2351,4225.32742493891,4212.02717953242,1303.23376464844,340
2352,4254.55101259709,4213.31790079039,1303.23376464844,340
2353,4123.14100194314,4208.33660619588,1299.80529785156,340
2354,4247.90005793146,4214.86378723171,1299.80529785156,340
2355,4248.26286098863,4215.6200181862,1299.80529785156,340
2356,4271.11722987298,4217.76603279436,1299.80529785156,340
2357,4241.28461876665,4218.99697102487,1299.80529785156,340
2358,4174.98685160526,4216.52723604332,1299.80529785156,340
2359,4179.40030900302,4214.9785860282,1299.80529785156,340
2360,4223.62106551052,4215.97655695259,1299.80529785156,340
2361,4246.80700363157,4215.72130159629,1300.76672363281,340
2362,4227.62164371544,4213.98131820105,1300.76672363281,340
2363,4274.58529486556,4217.232061351,1300.76672363281,340
2364,4239.49583136017,4219.33389786433,1300.76672363281,340
2365,4229.34824808088,4219.69883490224,1300.76672363281,340
2366,4275.64485864973,4221.28409231945,1300.76672363281,340
2367,4250.04061916051,4221.118556623,1300.76672363281,340
2368,4214.95120964189,4225.14998501491,1300.76672363281,340
2369,4185.6581465208,4223.78708509406,1301.25744628906,340
2370,4210.26282873463,4225.48933756636,1301.25744628906,340
2371,4238.06695789701,4226.84533103464,1301.25744628906,340
2372,4186.80053464633,4225.28231316695,1301.25744628906,340
2373,4079.26790476015,4220.25127107442,1301.25744628906,340
2374,4121.27766209652,4217.74116921794,1301.25744628906,340
2375,4136.90811825349,4212.25317180689,1301.25744628906,340
2376,4270.11122518525,4214.04452381675,1301.25744628906,340
2377,4159.65676972247,4210.24875410176,1303.69580078125,340
2378,4236.33327793338,4214.77644514137,1303.69580078125,340
2379,4146.58511005885,4210.72384722647,1303.69580078125,340
2380,4068.56796410339,4203.53605135106,1303.69580078125,340
2381,4135.84767272855,4198.12526906528,1303.69580078125,340
2382,4093.73795819854,4192.22340264256,1303.69580078125,340
2383,4136.95638568725,4190.70218400584,1303.69580078125,340
2384,4200.1979355576,4191.53408906802,1303.69580078125,340
2385,4194.02942961086,4190.35042363203,1306.87475585938,340
2386,4274.81574846771,4191.47077342548,1306.87475585938,340
2387,4281.17894997265,4193.61306567577,1306.87475585938,340
2388,4131.85245031519,4187.90375189375,1306.87475585938,340
2389,4205.72035232792,4186.55273273246,1306.87475585938,340
2390,4213.74321473035,4185.92853139844,1306.87475585938,340
2391,4213.81776952498,4183.45544783345,1306.87475585938,340
2392,4263.96436796258,4184.01239778553,1306.87475585938,340
2393,4180.57217982224,4182.63723659275,1308.06506347656,340
2394,4251.02828786158,4185.25204224638,1308.06506347656,340
2395,4226.59244699305,4185.90522697671,1308.06506347656,340
2396,4213.0671221164,4184.90523354549,1308.06506347656,340
2397,4037.04570584882,4178.91504039359,1308.06506347656,340
2398,4257.84510605628,4186.05812844543,1308.06506347656,340
2399,4261.18289829796,4191.65433789349,1308.06506347656,340
2400,4116.23528250821,4190.82742446368,1308.06506347656,340
2401,4165.81256274179,4186.65547796594,1306.90246582031,340
2402,4174.63545100773,4187.25462521735,1306.90246582031,340
2403,4232.86338915341,4187.11582966615,1306.90246582031,340
2404,4265.00775250946,4191.85273536418,1306.90246582031,340
2405,4026.75631878954,4190.18026955163,1306.90246582031,340
2406,4179.33253315737,4191.91966396878,1306.90246582031,340
2407,4160.31481324107,4194.58273817048,1306.90246582031,340
2408,4133.34560910937,4194.43830710736,1306.90246582031,340
2409,4257.35307384722,4196.72451263895,1306.31787109375,340
2410,4290.36796455463,4200.5780540367,1306.31787109375,340
2411,4256.01038419691,4199.82583946587,1306.31787109375,340
2412,4239.21491258211,4198.14727797025,1306.31787109375,340
2413,4199.73672486169,4200.86264895211,1306.31787109375,340
2414,4093.01989075,4196.35463048899,1306.31787109375,340
2415,4202.46886590657,4195.90365653604,1306.31787109375,340
2416,4129.50215164931,4192.53103182101,1306.31787109375,340
2417,4269.01911593423,4192.73322173988,1307.81213378906,340
2418,4246.4660245194,4195.36897552776,1307.81213378906,340
2419,4257.89626088402,4195.64369444866,1307.81213378906,340
2420,4115.52764527401,4191.2011023799,1307.81213378906,340
2421,4265.79325913739,4193.31014786074,1307.81213378906,340
2422,4148.90818614695,4197.78464707266,1307.81213378906,340
2423,4229.85051251633,4196.66486333107,1307.81213378906,340
2424,4241.66342279216,4195.88408431083,1307.81213378906,340
2425,4082.08332953519,4194.51800619191,1309.640625,340
2426,4212.44146599906,4196.3831623222,1309.640625,340
2427,4215.37713976376,4198.01282987245,1309.640625,340
2428,4204.90652197629,4196.89455518536,1309.640625,340
2429,4232.69935245236,4195.60221918308,1309.640625,340
2430,4231.59312072643,4203.79569126055,1309.640625,340
2431,4221.60898418283,4205.48674930157,1309.640625,340
2432,4088.9604810017,4202.632576012,1309.640625,340
2433,4155.07772278991,4203.50186055922,1309.43237304688,340
2434,4153.76064338522,4199.35816334074,1309.43237304688,340
2435,4183.29496944861,4195.0752435365,1309.43237304688,340
2436,4222.64939784085,4193.74080408226,1309.43237304688,340
2437,4068.55895813831,4186.9145659045,1309.43237304688,340
2438,4089.79300403329,4182.51681707137,1309.43237304688,340
2439,4103.91080843332,4182.9524537787,1309.43237304688,340
2440,4140.09551238753,4180.45751963794,1309.43237304688,340
2441,4213.93553990346,4183.83485516811,1308.44775390625,340
2442,4227.29745508248,4182.16598873403,1308.44775390625,340
2443,4255.24275542961,4182.51705797044,1308.44775390625,340
2444,4177.50693388499,4179.30148489048,1308.44775390625,340
2445,4130.94878303835,4179.91833040106,1308.44775390625,340
2446,4211.24330666424,4177.73633230213,1308.44775390625,340
2447,4105.17157952656,4175.98686803731,1308.44775390625,340
2448,4191.58119559202,4174.45609536034,1308.44775390625,340
2449,4200.59674776064,4172.81342835908,1315.3359375,340
2450,4211.67529598503,4177.99710701707,1315.3359375,340
2451,4154.08576686452,4175.66287905169,1315.3359375,340
2452,4143.10048580755,4172.77181289344,1315.3359375,340
2453,4251.14491166533,4174.62134848101,1315.3359375,340
2454,4223.43750632076,4174.25087463574,1315.3359375,340
2455,4243.42733704418,4174.72424328845,1315.3359375,340
2456,4174.5997633171,4172.84387445382,1315.3359375,340
2457,4202.67983512497,4177.39264861875,1313.62255859375,340
2458,4270.57272906093,4182.01244886959,1313.62255859375,340
2459,4243.04392755338,4185.58378023632,1313.62255859375,340
2460,4197.03214920162,4186.13326742644,1313.62255859375,340
2461,4220.5494909578,4186.04927115112,1313.62255859375,340
2462,4207.20072554623,4191.59494184744,1313.62255859375,340
2463,4223.35697746513,4196.93750078471,1313.62255859375,340
2464,4179.5048340456,4199.9612618092,1313.62255859375,340
2465,4255.0383492337,4204.55897528305,1312.02294921875,340
2466,4012.83479861704,4196.51494563159,1312.02294921875,340
2467,4215.40854184236,4196.03938910199,1312.02294921875,340
2468,3903.23137832607,4181.95893401784,1312.02294921875,340
2469,4124.20080274424,4179.82668877221,1312.02294921875,340
2470,4091.71892623023,4178.25749449989,1312.02294921875,340
2471,4207.27079230241,4178.09859392542,1312.02294921875,340
2472,4202.95628391465,4182.00998210094,1312.02294921875,340
2473,4042.00356215125,4176.02687676331,1314.36389160156,340
2474,3944.58161947133,4165.78627163174,1314.36389160156,340
2475,4227.82816988971,4166.43238658792,1314.36389160156,340
2476,4239.28298457966,4169.84027529653,1314.36389160156,340
2477,4254.95814292415,4174.31458158119,1314.36389160156,340
2478,4104.8943406348,4168.46455873997,1314.36389160156,340
2479,4211.73520566443,4167.99646671372,1314.36389160156,340
2480,4182.22733259831,4165.54846653588,1314.36389160156,340
2481,4190.44611096927,4166.18232044197,1318.93908691406,340
2482,4276.64723178076,4169.1410163082,1318.93908691406,340
2483,4236.99713967066,4167.79799273259,1318.93908691406,340
2484,4214.17569544518,4166.64326344826,1318.93908691406,340
2485,4120.86549405753,4163.5965972425,1318.93908691406,340
2486,4250.64693411658,4164.80049496885,1318.93908691406,340
2487,4275.71069708538,4167.54089383042,1318.93908691406,340
2488,4192.91502564304,4166.32321575753,1318.93908691406,340
2489,4145.25521263493,4164.95323090111,1318.13854980469,340
2490,4174.02488997383,4161.71269253071,1318.13854980469,340
2491,4275.96217362332,4172.23778753096,1318.13854980469,340
2492,4272.32548686966,4174.51446533205,1318.13854980469,340
2493,4131.52119710847,4183.64605808335,1318.13854980469,340
2494,4037.73384661828,4180.18737983831,1318.13854980469,340
2495,4259.53671935436,4186.90009156328,1318.13854980469,340
2496,4130.56282841247,4183.83177300768,1318.13854980469,340
2497,4190.60737576405,4183.33781668166,1315.27783203125,340
2498,4163.29938953083,4188.18964977684,1315.27783203125,340
2499,4209.87881853673,4198.80153773946,1315.27783203125,340
2500,4255.59313288027,4199.91213625908,1315.27783203125,340
2501,4113.77485166712,4194.89181094258,1315.27783203125,340
2502,4198.20767606544,4192.62179226823,1315.27783203125,340
2503,4071.3071166642,4191.2783033094,1315.27783203125,340
2504,4263.37723914269,4193.34398464853,1315.27783203125,340
2505,4095.50657189546,4189.87515422042,1314.22009277344,340
2506,3939.57535246657,4179.84032388031,1314.22009277344,340
2507,4061.55629189,4171.23668628468,1314.22009277344,340
2508,4190.28909301353,4169.3683644184,1314.22009277344,340
2509,4271.94765828493,4171.67924293199,1314.22009277344,340
2510,4258.88248743871,4177.19992266723,1314.22009277344,340
2511,4244.00079927382,4176.93407727352,1314.22009277344,340
2512,4233.65417301454,4175.25181631069,1314.22009277344,340
2513,4273.94711654267,4178.49309994668,1314.75500488281,340
2514,4232.22403727751,4181.97185293238,1314.75500488281,340
2515,4207.06216416731,4183.29334390012,1314.75500488281,340
2516,4250.29105583868,4182.26649918873,1314.75500488281,340
2517,4199.42482745941,4179.35047281232,1314.75500488281,340
2518,4162.98604053648,4180.60906654944,1314.75500488281,340
2519,4227.20681567576,4188.18798531174,1314.75500488281,340
2520,4132.96167486531,4183.12498353218,1314.75500488281,340
2521,4271.09739917465,4188.74636636267,1311.38134765625,340
2522,4115.9825554153,4185.76137354872,1311.38134765625,340
2523,4216.31314233586,4187.88192366092,1311.38134765625,340
2524,4107.45974149371,4183.7851605792,1311.38134765625,340
2525,4226.31938610197,4182.61421070806,1311.38134765625,340
2526,4040.49550762188,4179.68303694626,1311.38134765625,340
2527,4222.43498947742,4180.65212948273,1311.38134765625,340
2528,4100.75035684607,4181.82985909001,1311.38134765625,340
2529,4265.39670116745,4181.910637571,1306.47229003906,340
2530,4217.51418628653,4186.79094214664,1306.47229003906,340
2531,4126.89694432716,4194.28380582107,1306.47229003906,340
2532,4254.30327581555,4201.99368517809,1306.47229003906,340
2533,4230.31221893388,4203.5946102149,1306.47229003906,340
2534,4245.88582239676,4202.55213677937,1306.47229003906,340
2535,4113.89268403507,4196.75254464323,1306.47229003906,340
2536,4016.71992461155,4187.66130965674,1306.47229003906,340
2537,4122.06267044151,4183.19764955382,1309.43334960938,340
2538,4158.75889807121,4178.59012081496,1309.43334960938,340
2539,4220.73440212949,4178.13053540904,1309.43334960938,340
2540,4283.59402150246,4181.19180970244,1309.43334960938,340
2541,4246.8535136451,4181.0543080147,1309.43334960938,340
2542,4193.42598020621,4180.81435412457,1309.43334960938,340
2543,4045.84534343885,4176.12872624067,1309.43334960938,340
2544,4238.10191952791,4176.56453039475,1309.43334960938,340
2545,4078.95433458545,4174.40423678356,1309.82763671875,340
2546,4204.39998981657,4171.73634040924,1309.82763671875,340
2547,4244.161113205,4176.86348272082,1309.82763671875,340
2548,4251.40212729955,4178.26704211937,1309.82763671875,340
2549,4245.25322490192,4183.7787814557,1309.82763671875,340
2550,4159.54795915756,4181.10792437792,1309.82763671875,340
2551,4075.39157620633,4182.5037671213,1309.82763671875,340
2552,4178.62289940076,4180.75128351824,1309.82763671875,340
2553,4213.57037640484,4185.26408430059,1311.19848632812,340
2554,4236.3046725603,4184.1004031563,1311.19848632812,340
2555,4198.59173545409,4183.343505123,1311.19848632812,340
2556,4260.27759362794,4188.67873109503,1311.19848632812,340
2557,4243.06760982636,4188.22930445547,1311.19848632812,340
2558,4088.44644660526,4182.55467356232,1311.19848632812,340
2559,4152.03443978867,4178.800618258,1311.19848632812,340
2560,4168.37906674308,4180.98007356632,1311.19848632812,340
2561,4220.57140368887,4189.13413272941,1309.80187988281,340
2562,4210.71927513824,4192.68039691728,1309.80187988281,340
2563,3984.85309677985,4185.72416486563,1309.80187988281,340
2564,4239.1281177117,4186.45991348891,1309.80187988281,340
2565,4159.18873884344,4181.48370218255,1309.80187988281,340
2566,4165.17007085402,4178.21636447091,1309.80187988281,340
2567,4276.50693463426,4181.53960264803,1309.80187988281,340
2568,4056.28384352389,4181.95714265143,1309.80187988281,340
2569,4236.93995750132,4181.91066417037,1308.8779296875,340
2570,4178.14815625117,4185.878417037,1308.8779296875,340
2571,4266.3923092988,4188.35810981629,1308.8779296875,340
2572,4205.68679872605,4186.81913723713,1308.8779296875,340
2573,4194.1647965043,4184.52964400532,1308.8779296875,340
2574,4092.95531305235,4178.43772753134,1308.8779296875,340
2575,4270.44924729601,4182.87377905688,1308.8779296875,340
2576,4101.01307586042,4183.89863904304,1308.8779296875,340
2577,4229.24386823101,4185.92347779625,1309.48852539062,340
2578,4205.1962153002,4185.58851135206,1309.48852539062,340
2579,4172.91655621774,4183.05298669836,1309.48852539062,340
2580,4221.20312328483,4183.95744221159,1309.48852539062,340
2581,4254.97841625249,4183.74547511657,1309.48852539062,340
2582,4173.96504937176,4180.98137269839,1309.48852539062,340
2583,4253.35743404813,4187.5778121961,1309.48852539062,340
2584,4179.10440883822,4188.66061095809,1309.48852539062,340
2585,4182.49059238011,4189.22507198357,1311.07495117188,340
2586,4262.04407954819,4190.88397901794,1311.07495117188,340
2587,4265.02237092204,4193.05610284929,1311.07495117188,340
2588,4217.48697708166,4202.36145806136,1311.07495117188,340
2589,4102.81754128118,4196.90903500414,1311.07495117188,340
2590,4255.74895803086,4200.77144377164,1311.07495117188,340
2591,4190.41342316717,4201.78117786417,1311.07495117188,340
2592,4265.84280826496,4201.35461280939,1311.07495117188,340
2593,4193.45452828218,4206.84144019973,1314.11755371094,340
2594,4093.75539247733,4201.11405759877,1314.11755371094,340
2595,4233.05598050012,4203.31037056872,1314.11755371094,340
2596,4191.94238642266,4200.33237365368,1314.11755371094,340
2597,4255.33221120106,4202.31819015268,1314.11755371094,340
2598,4241.43188539143,4204.20887370816,1314.11755371094,340
2599,4257.3988606513,4210.78661561212,1314.11755371094,340
2600,4261.14318923287,4210.4143732896,1314.11755371094,340
2601,4093.12503209978,4210.09885153917,1318.61804199219,340
2602,4051.09291867032,4202.97281355674,1318.61804199219,340
2603,4205.51602705535,4202.98560602695,1318.61804199219,340
2604,4174.65271436466,4203.05505235283,1318.61804199219,340
2605,4224.54566940764,4203.18875419774,1318.61804199219,340
2606,4223.27872840633,4201.92076668389,1318.61804199219,340
2607,4162.79895113564,4201.47412275445,1318.61804199219,340
2608,4207.82174473052,4199.65269518174,1318.61804199219,340
2609,4263.62380076124,4203.03347085866,1322.28747558594,340
2610,4160.37828220612,4202.1489784517,1322.28747558594,340
2611,4145.22322110636,4197.47614411403,1322.28747558594,340
2612,4255.21778870452,4197.08396082533,1322.28747558594,340
2613,4205.39158634323,4196.60014519579,1322.28747558594,340
2614,4256.43381526069,4202.74479615497,1322.28747558594,340
2615,4247.10973884169,4202.39922738741,1322.28747558594,340
2616,4113.42426952955,4199.3196612419,1322.28747558594,340
2617,4005.83298919751,4188.9192684792,1320.7529296875,340
2618,4129.88167044286,4186.37635416563,1320.7529296875,340
2619,4039.59372464286,4184.20988745225,1320.7529296875,340
2620,4194.36042965733,4182.66206541854,1320.7529296875,340
2621,4017.38450182981,4175.67975003483,1320.7529296875,340
2622,4204.45853214157,4173.64480287245,1320.7529296875,340
2623,4086.11870811404,4167.43227578135,1320.7529296875,340
2624,4253.72797445976,4167.28544033369,1320.7529296875,340
2625,4224.89354285004,4165.83545447838,1320.15698242188,340
2626,4174.66722894052,4169.09714235201,1320.15698242188,340
2627,4241.93480814738,4176.73081793109,1320.15698242188,340
2628,4199.25938747946,4176.48055234805,1320.15698242188,340
2629,4245.34102036244,4179.30808458796,1320.15698242188,340
2630,4259.82324159586,4180.71918747549,1320.15698242188,340
2631,4180.00954819208,4178.98842026692,1320.15698242188,340
2632,4263.23035103379,4183.00567626285,1320.15698242188,340
2633,4284.72955032075,4186.08198848646,1319.05639648438,340
2634,4224.24942818596,4184.50701358345,1319.05639648438,340
2635,4229.45247839627,4187.26998143105,1319.05639648438,340
2636,4231.05560733648,4190.70327688026,1319.05639648438,340
2637,4115.55827904325,4185.11689649381,1319.05639648438,340
2638,4214.45899903113,4185.47959300132,1319.05639648438,340
2639,4027.64424851356,4176.32801033144,1319.05639648438,340
2640,4138.52170402545,4171.98448893879,1319.05639648438,340
2641,4267.87071096735,4178.1623465963,1318.2451171875,340
2642,4195.61421936417,4185.75359580297,1318.2451171875,340
2643,4214.34008498061,4189.13193238448,1318.2451171875,340
2644,4252.70141502312,4197.65623999969,1318.2451171875,340
2645,4263.1836316633,4200.40916807993,1318.2451171875,340
2646,4274.95061237039,4210.71181250155,1318.2451171875,340
2647,3969.29988932941,4201.30546678906,1318.2451171875,340
2648,4013.11181967588,4198.38519125154,1318.2451171875,340
2649,4265.09846006495,4198.84001067574,1315.00256347656,340
2650,4126.74246180919,4194.91396743411,1315.00256347656,340
2651,4252.32994097293,4198.02047591541,1315.00256347656,340
2652,4264.9607506773,4198.9415136166,1315.00256347656,340
2653,4275.64077558539,4201.99676914084,1315.00256347656,340
2654,4257.18975465576,4202.47071851257,1315.00256347656,340
2655,4269.84655121765,4202.87165089744,1315.00256347656,340
2656,4263.6275250943,4206.21636997353,1315.00256347656,340
2657,4258.45598814363,4206.02539545793,1316.61340332031,340
2658,4145.77033826168,4200.46702697556,1316.61340332031,340
2659,4257.8552657066,4201.81126047639,1316.61340332031,340
2660,4176.31947234936,4199.68594023451,1316.61340332031,340
2661,4219.60252236849,4199.22781683579,1316.61340332031,340
2662,4076.66176343651,4197.67195621152,1316.61340332031,340
2663,4233.82303402765,4198.44651761138,1316.61340332031,340
2664,4263.27999521666,4207.87194747951,1316.61340332031,340
2665,4262.16884433778,4212.817833092,1316.171875,340
2666,4253.39655564702,4212.23886687919,1316.171875,340
2667,4219.91130457962,4213.21075028781,1316.171875,340
2668,4277.75659537752,4215.74741070368,1316.171875,340
2669,4238.2363666869,4215.16880877023,1316.171875,340
2670,3969.49871325459,4203.42141203389,1316.171875,340
2671,4274.51318896377,4203.40391509762,1316.171875,340
2672,4236.83097772703,4214.10515863353,1316.171875,340
2673,3992.61848704373,4213.28542532824,1315.189453125,340
2674,4270.23207714093,4213.49077001128,1315.189453125,340
2675,4288.59949824182,4219.96505146858,1315.189453125,340
2676,4199.59518339985,4217.85566116566,1315.189453125,340
2677,4264.22008270399,4217.82603444673,1315.189453125,340
2678,4060.69571103765,4209.22823186482,1315.189453125,340
2679,4248.33563548832,4208.87406709812,1315.189453125,340
2680,4268.90661638443,4208.83646970479,1315.189453125,340
2681,4108.78100520837,4202.64260890936,1319.46618652344,340
2682,4253.51282773241,4202.44488249291,1319.46618652344,340
2683,4264.98052536107,4207.21328997688,1319.46618652344,340
2684,3418.97090448354,4173.65791552796,1319.46618652344,340
2685,4254.47925322559,4176.78430676301,1319.46618652344,340
2686,4271.9208593865,4178.87704024373,1319.46618652344,340
2687,4277.21538474538,4186.89918509608,1319.46618652344,340
2688,4192.10254061637,4185.23036535963,1319.46618652344,340
2689,4283.15700335739,4186.02544568526,1316.55590820312,340
2690,4233.35891838598,4184.87304864719,1316.55590820312,340
2691,4248.68292812301,4184.68450354623,1316.55590820312,340
2692,4163.48162650503,4182.42731642325,1316.55590820312,340
2693,4273.11616938978,4182.24169938374,1316.55590820312,340
2694,4048.63104180569,4174.65748638849,1316.55590820312,340
2695,4104.28928594022,4180.04910929591,1316.55590820312,340
2696,4221.62671505582,4177.9336503396,1316.55590820312,340
2697,4119.94505197306,4173.25821330944,1315.58825683594,340
2698,4171.67982274858,4180.42066673763,1315.58825683594,340
2699,4252.88786582355,4179.72689828494,1315.58825683594,340
2700,4191.48129970677,4175.84217034353,1315.58825683594,340
2701,4283.83510617164,4179.21176725441,1315.58825683594,340
2702,4174.14208195877,4175.6086472246,1315.58825683594,340
2703,4091.48117254253,4176.84006568479,1315.58825683594,340
2704,4249.87047726388,4176.90145935581,1315.58825683594,340
2705,4274.39182538687,4177.12086771591,1317.79467773438,340
2706,4264.71439329173,4183.35820323925,1317.79467773438,340
2707,4081.38275672521,4176.47300039896,1317.79467773438,340
2708,4186.17635355566,4173.32083352674,1317.79467773438,340
2709,4235.10461785361,4205.96618206155,1317.79467773438,340
2710,4281.97188897291,4207.06588749144,1317.79467773438,340
2711,4109.69391638578,4200.57680977141,1317.79467773438,340
2712,4137.94796542239,4195.00611299849,1317.79467773438,340
2713,4261.62768286666,4197.7871186885,1317.29016113281,340
2714,4258.10200312754,4196.78491867931,1317.29016113281,340
2715,4266.5073451551,4198.11085575007,1317.29016113281,340
2716,4238.71330000246,4197.71207062525,1317.29016113281,340
2717,4257.18756347835,4201.46030810418,1317.29016113281,340
2718,4205.75157040798,4198.76572414491,1317.29016113281,340
2719,4267.60337102243,4207.52461731358,1317.29016113281,340
2720,4216.90200249958,4212.02912597596,1317.29016113281,340
2721,4211.73612699657,4211.63350245359,1316.63879394531,340
2722,4154.86914006046,4213.03046597708,1316.63879394531,340
2723,4268.53255236085,4216.90457516157,1316.63879394531,340
2724,4283.32741320235,4218.12215705672,1316.63879394531,340
2725,4110.3250125378,4214.87590556997,1316.63879394531,340
2726,4253.50365433529,4213.66264749651,1316.63879394531,340
2727,4220.51920496365,4215.51773241671,1316.63879394531,340
2728,4257.88278228618,4222.17379680645,1316.63879394531,340
2729,4240.63363058055,4221.80432293912,1317.17407226562,340
2730,4213.03810550543,4219.35017414386,1317.17407226562,340
2731,4141.76874085094,4214.43234804623,1317.17407226562,340
2732,4199.06825316139,4219.13976790368,1317.17407226562,340
2733,3419.27399479235,4188.46367355314,1317.17407226562,340
2734,4121.67131355358,4183.92634138114,1317.17407226562,340
2735,4245.38578939523,4182.46289739804,1317.17407226562,340
2736,4239.35361054437,4187.64928516438,1317.17407226562,340
2737,4259.18833593477,4192.49889998487,1320.16003417969,340
2738,4292.61664367465,4193.7384584172,1320.16003417969,340
2739,4245.84613219266,4193.2482235798,1320.16003417969,340
2740,4127.33078040022,4187.6811609896,1320.16003417969,340
2741,4107.84878005246,4182.4465801916,1320.16003417969,340
2742,4247.90534617592,4182.07529149951,1320.16003417969,340
2743,4120.99474568567,4178.68501851061,1320.16003417969,340
2744,4217.54744772543,4176.68278157873,1320.16003417969,340
2745,4229.68717909351,4177.19418864249,1320.37817382812,340
2746,4109.60127934745,4173.10879473653,1320.37817382812,340
2747,4116.98662517541,4171.59349414112,1320.37817382812,340
2748,4194.82002244149,4168.64499294435,1320.37817382812,340
2749,4203.01997689658,4165.43269549212,1320.37817382812,340
2750,4221.02562112378,4169.86071983556,1320.37817382812,340
2751,4226.72741796183,4168.78967038062,1320.37817382812,340
2752,4239.37894955961,4169.54406016446,1320.37817382812,340
2753,4028.356191831,4160.36299654625,1317.78149414062,340
2754,4243.59454235996,4160.48143301743,1317.78149414062,340
2755,4259.8323794536,4162.35320397535,1317.78149414062,340
2756,4213.2430702441,4165.21217715108,1317.78149414062,340
2757,4117.73857942343,4161.95899020156,1317.78149414062,340
2758,4254.30159218962,4195.36009409745,1317.78149414062,340
2759,4019.70084387956,4191.28127531049,1317.78149414062,340
2760,4094.66510647738,4185.25244799378,1317.78149414062,340
2761,4118.51572515457,4180.41893257819,1320.40356445312,340
2762,4047.8093732741,4171.96377407176,1320.40356445312,340
2763,4117.21394468119,4164.94766611202,1320.40356445312,340
2764,4121.37888838896,4159.96897635987,1320.40356445312,340
2765,4229.26923383131,4164.04651449712,1320.40356445312,340
2766,4204.49169416904,4167.91223106178,1320.40356445312,340
2767,4077.35592826723,4161.09025434543,1320.40356445312,340
2768,4057.56457182553,4158.55304739103,1320.40356445312,340
2769,4155.3742468676,4156.06611935671,1317.58776855469,340
2770,3892.18561811824,4142.5660569177,1317.58776855469,340
2771,4183.89254332839,4145.53770747694,1317.58776855469,340
2772,4137.95601917262,4146.37648323683,1317.58776855469,340
2773,3994.8040465655,4138.37584420179,1317.58776855469,340
2774,4134.61129145071,4135.63949678396,1317.58776855469,340
2775,4046.55450819741,4128.6606522669,1317.58776855469,340
2776,4120.72312543806,4124.42048056595,1317.58776855469,340
2777,3968.41809093921,4113.58204622113,1317.74877929688,340
2778,4027.46454812905,4113.54638047306,1317.74877929688,340
2779,4210.76264645684,4112.23310463693,1317.74877929688,340
2780,4071.29265309759,4104.69151558269,1317.74877929688,340
2781,4031.36001681625,4097.41619344558,1317.74877929688,340
2782,4008.4914782829,4093.04630939995,1317.74877929688,340
2783,4034.85468878957,4084.26843326395,1317.74877929688,340
2784,3999.98209334336,4083.4796832425,1317.74877929688,340
2785,4009.49914457835,4080.07304476654,1315.49670410156,340
2786,4042.98825844538,4077.05194609818,1315.49670410156,340
2787,4142.73324239216,4080.8489008629,1315.49670410156,340
2788,4065.47704718037,4078.77942496287,1315.49670410156,340
2789,4199.71468542899,4081.91285684447,1315.49670410156,340
2790,4065.74790134077,4075.37200354485,1315.49670410156,340
2791,4149.13814146205,4073.15786143657,1315.49670410156,340
2792,4037.96576035462,4071.58225472006,1315.49670410156,340
2793,4025.89913162468,4070.31563711203,1312.04370117188,340
2794,4155.56727498334,4070.32335823666,1312.04370117188,340
2795,4042.86233941173,4076.3504270884,1312.04370117188,340
2796,4085.11473582995,4072.39931478846,1312.04370117188,340
2797,3847.84334392372,4060.7948077785,1312.04370117188,340
2798,4126.00175380235,4066.04271606798,1312.04370117188,340
2799,3918.92992412429,4057.41546137492,1312.04370117188,340
2800,4070.04760646867,4058.35518530577,1312.04370117188,340
2801,3993.56069033972,4053.26868790184,1311.37854003906,340
2802,4223.94361807317,4063.4897089872,1311.37854003906,340
2803,4159.14902725717,4068.75708815232,1311.37854003906,340
2804,4075.92539717849,4063.36359818119,1311.37854003906,340
2805,3195.88803203816,4028.34741333881,1311.37854003906,340
2806,4230.40030013033,4036.30902467137,1311.37854003906,340
2807,4132.89287718172,4041.28508062733,1311.37854003906,340
2808,4138.71049923537,4045.43931304516,1311.37854003906,340
2809,4217.66980041596,4054.14682132806,1308.47412109375,340
2810,4088.79702520012,4057.31873655293,1308.47412109375,340
2811,4140.05070261442,4061.20123431969,1308.47412109375,340
2812,3865.64997019565,4050.11790343183,1308.47412109375,340
2813,4169.12478838648,4054.26381308008,1308.47412109375,340
2814,3677.05830160548,4033.35755772714,1308.47412109375,340
2815,4158.15515157875,4037.05384773666,1308.47412109375,340
2816,4222.11572998174,4039.97295127744,1308.47412109375,340
2817,4134.36352860854,4043.8288620076,1310.19458007812,340
2818,4064.90302171026,4045.38901761102,1310.19458007812,340
2819,4094.77121075818,4042.95717504202,1310.19458007812,340
2820,4089.94593182551,4044.84051873857,1310.19458007812,340
2821,4163.38016984498,4047.97113609917,1310.19458007812,340
2822,4186.70894149763,4061.52576000213,1310.19458007812,340
2823,4087.37506776586,4059.98069256067,1310.19458007812,340
2824,4125.89518914394,4068.25930316145,1310.19458007812,340
2825,4076.43957044811,4068.51498172063,1305.94909667969,340
2826,4184.18874600707,4076.14010394732,1305.94909667969,340
2827,4159.66713209756,4073.5690445083,1305.94909667969,340
2828,4053.84668714056,4069.35695090363,1305.94909667969,340
2829,4208.79445067429,4074.67171304347,1305.94909667969,340
2830,4121.83767836723,4111.70969889663,1305.94909667969,340
2831,3858.42801359001,4096.83080743502,1305.94909667969,340
2832,3554.13273551706,4073.68040176843,1305.94909667969,340
2833,4132.81849579051,4073.44472163064,1305.06262207031,340
2834,4079.68626635651,4067.92538026826,1305.06262207031,340
2835,4050.80101508855,4066.40553986379,1305.06262207031,340
2836,4013.54653179715,4061.3453730311,1305.06262207031,340
2837,4022.30035977902,4067.61138861444,1305.06262207031,340
2838,4119.49692726422,4065.62627416955,1305.06262207031,340
2839,4070.5957617579,4081.36777257564,1305.06262207031,340
2840,4092.69646681933,4078.74942518527,1305.06262207031,340
2841,4152.03792431006,4075.9463129584,1294.72473144531,340
2842,4065.06162427095,4073.1742367849,1294.72473144531,340
2843,4034.82736295685,4071.97121043476,1294.72473144531,340
2844,4191.45041324388,4075.83837853419,1294.72473144531,340
2845,4217.01847716138,4080.92128034762,1294.72473144531,340
2846,4106.51093583304,4078.64651098715,1294.72473144531,340
2847,4042.48952899657,4072.8777344871,1294.72473144531,340
2848,4125.53678085309,4074.40420301059,1294.72473144531,340
2849,4133.062411521,4074.69089190568,1290.72570800781,340
2850,4042.11130373732,4073.31776123724,1290.72570800781,340
2851,4142.1070820571,4071.63449467925,1290.72570800781,340
2852,4155.32073495231,4071.46063879344,1290.72570800781,340
2853,4156.39075984537,4075.56240170163,1290.72570800781,340
2854,4162.60715387789,4073.71490982977,1290.72570800781,340
2855,4171.94695299241,4075.71928081478,1290.72570800781,340
2856,4201.2115518629,4089.4306223457,1290.72570800781,340
2857,3959.75662896345,4105.65557808355,1294.40295410156,340
2858,4143.93901712448,4106.10039893691,1294.40295410156,340
2859,4125.99812183445,4107.95287315603,1294.40295410156,340
2860,4009.53743915547,4106.3023301187,1294.40295410156,340
2861,4152.83192968054,4111.87374603404,1294.40295410156,340
2862,4085.92497643638,4114.41873070033,1294.40295410156,340
2863,4122.74219785776,4114.54854152408,1294.40295410156,340
2864,4089.30425459881,4115.29688123771,1294.40295410156,340
2865,4154.50876524491,4117.76937317474,1293.56567382812,340
2866,4213.66769243027,4120.23456389954,1293.56567382812,340
2867,4128.65835422407,4122.77843309767,1293.56567382812,340
2868,4028.82127000683,4122.53818937967,1293.56567382812,340
2869,4073.07131404049,4117.80302541153,1293.56567382812,340
2870,4114.29509858173,4113.69409026835,1293.56567382812,340
2871,4145.35735713953,4115.24794712061,1293.56567382812,340
2872,4183.67430698591,4120.89533824018,1293.56567382812,340
2873,4122.27278349452,4120.76477834584,1289.23486328125,340
2874,4208.18259353818,4123.76958562652,1289.23486328125,340
2875,3935.33905815806,4119.49869580335,1289.23486328125,340
2876,4085.80435108773,4117.24658656458,1289.23486328125,340
2877,4228.54011852464,4120.17536190747,1289.23486328125,340
2878,4196.83981272003,4121.79332402246,1289.23486328125,340
2879,3979.41435698199,4114.46561214662,1289.23486328125,340
2880,4168.46750595349,4114.32643426507,1289.23486328125,340
2881,4141.58554582042,4111.94139402337,1289.41638183594,340
2882,4213.43687771467,4122.08860397342,1289.41638183594,340
2883,4168.49778587762,4123.07095472354,1289.41638183594,340
2884,4225.57526366693,4127.05404039684,1289.41638183594,340
2885,4154.1150749289,4132.83714582778,1289.41638183594,340
2886,4007.33438042245,4127.01724385745,1289.41638183594,340
2887,4179.40501577328,4130.75644543093,1289.41638183594,340
2888,4043.5199161139,4127.58755416118,1289.41638183594,340
2889,4114.38647884101,4128.59084313086,1287.02880859375,340
2890,4168.69116236766,4129.15813901577,1287.02880859375,340
2891,4086.29113615065,4124.06307676459,1287.02880859375,340
2892,4112.28650873008,4123.40820294483,1287.02880859375,340
2893,3987.67814182172,4121.76247781742,1287.02880859375,340
2894,3972.88676327382,4117.75509578676,1287.02880859375,340
2895,4133.6687113162,4118.53004029614,1287.02880859375,340
2896,4205.89910981368,4120.9517104031,1287.02880859375,340
2897,4218.85294115724,4122.35885576996,1292.7734375,340
2898,4250.23971045462,4127.47753284836,1292.7734375,340
2899,4164.73402794798,4125.73959022475,1292.7734375,340
2900,4226.3533777685,4137.38016300917,1292.7734375,340
2901,4207.43836612677,4142.24552361073,1292.7734375,340
2902,4210.35424464738,4141.51808865564,1292.7734375,340
2903,4250.95190424428,4143.68257231661,1292.7734375,340
2904,4094.51609273308,4148.28664174665,1292.7734375,340
2905,4211.50405638658,4150.00810376398,1297.7890625,340
2906,4127.44118429368,4149.44232930291,1297.7890625,340
2907,3786.05822718508,4132.34718328172,1297.7890625,340
2908,4041.73615353466,4127.27671798801,1297.7890625,340
2909,4193.81079701252,4126.00613932183,1297.7890625,340
2910,4227.4249808649,4128.93853555927,1297.7890625,340
2911,4237.09718655621,4138.12904780462,1297.7890625,340
2912,3990.99303433273,4130.592568547,1297.7890625,340
2913,4213.16435004976,4137.37834590443,1293.67626953125,340
2914,4201.10069667294,4140.84691461771,1293.67626953125,340
2915,4183.06658258118,4141.42193142625,1293.67626953125,340
2916,4070.87397303205,4140.80524490151,1293.67626953125,340
2917,4189.55167376189,4143.89585150278,1293.67626953125,340
2918,4216.50821513865,4153.04905443546,1293.67626953125,340
2919,4111.2782778883,4158.58471502004,1293.67626953125,340
2920,4145.71711847408,4159.06665130635,1293.67626953125,340
2921,4169.20445123002,4157.598864963,1296.22985839844,340
2922,4175.63876729994,4155.87029800871,1296.22985839844,340
2923,4207.98726319649,4154.18020011839,1296.22985839844,340
2924,4009.55639514961,4147.97309480645,1296.22985839844,340
2925,4189.76787470366,4146.50967468386,1296.22985839844,340
2926,4131.08343485952,4143.45547743317,1296.22985839844,340
2927,4211.07459369512,4143.48429139508,1296.22985839844,340
2928,4202.19004746242,4141.5338171238,1296.22985839844,340
2929,4168.27549599341,4144.48419325422,1297.02502441406,340
2930,4150.97186796544,4142.06290571737,1297.02502441406,340
2931,4223.74054366828,4145.91488009235,1297.02502441406,340
2932,4199.32053687509,4162.44537247996,1297.02502441406,340
2933,4206.3036983423,4169.02807427226,1297.02502441406,340
2934,4168.59378562992,4168.01939381696,1297.02502441406,340
2935,4137.96084990457,4164.44082857854,1297.02502441406,340
2936,4245.94581515586,4164.79477372253,1297.02502441406,340
2937,4219.60782271112,4173.93936525766,1295.58605957031,340
2938,4139.97586130731,4171.01182570797,1295.58605957031,340
2939,4244.18608601389,4172.7352412816,1295.58605957031,340
2940,4118.9406066188,4170.17020224311,1295.58605957031,340
2941,4152.26675425387,4173.42591349198,1295.58605957031,340
2942,4163.16736145508,4172.37054099971,1295.58605957031,340
2943,4204.97673956045,4171.90928197658,1295.58605957031,340
2944,4097.37491438037,4171.35314743627,1295.58605957031,340
2945,4189.8892732376,4173.1200336268,1296.45324707031,340
2946,4243.07909951357,4176.07501955815,1296.45324707031,340
2947,4090.56029889863,4172.67188082209,1296.45324707031,340
2948,4103.96240853683,4168.51088663571,1296.45324707031,340
2949,4179.09442124031,4175.29240767934,1296.45324707031,340
2950,4070.46076684978,4170.52012336518,1296.45324707031,340
2951,4166.94085071613,4171.95441999945,1296.45324707031,340
2952,4102.14243993032,4167.59713384885,1296.45324707031,340
2953,4244.77233885497,4169.30042550456,1296.54260253906,340
2954,4092.85523830798,4166.28361519714,1296.54260253906,340
2955,4146.51857528401,4166.10548348988,1296.54260253906,340
2956,4258.79368533725,4167.50760915664,1296.54260253906,340
2957,4257.99255091728,4169.85448971833,1296.54260253906,340
2958,4225.31107089047,4170.61478462026,1296.54260253906,340
2959,4252.31591079742,4173.96366962696,1296.54260253906,340
2960,4270.26070245797,4179.25566372909,1296.54260253906,340
2961,4230.19794000462,4178.62574872304,1300.66540527344,340
2962,4057.28711753503,4172.132920516,1300.66540527344,340
2963,4239.06881065048,4176.09663848973,1300.66540527344,340
2964,4164.90427170985,4172.92536591756,1300.66540527344,340
2965,4227.46938792654,4177.26651716987,1300.66540527344,340
2966,4230.0851439807,4180.37925275895,1300.66540527344,340
2967,4226.73391583057,4182.92191493397,1300.66540527344,340
2968,4189.16102040204,4182.28928616763,1300.66540527344,340
2969,4224.59427672461,4187.3780606614,1297.57739257812,340
2970,4256.95868191319,4190.06083700842,1297.57739257812,340
2971,4227.13981747395,4189.42326572684,1297.57739257812,340
2972,4214.53572440702,4194.38228274717,1297.57739257812,340
2973,4251.06620891462,4200.26643476229,1297.57739257812,340
2974,4249.87702385587,4203.09773886691,1297.57739257812,340
2975,4209.70161570666,4208.66737282118,1297.57739257812,340
2976,4270.55533806367,4212.81195231508,1297.57739257812,340
2977,4219.71685314501,4217.51492884367,1299.12902832031,340
2978,4243.82271313318,4217.4769438148,1299.12902832031,340
2979,4211.44039112421,4222.22034992745,1299.12902832031,340
2980,4184.17367818987,4223.72655404368,1299.12902832031,340
2981,4209.58039621402,4221.75802247876,1299.12902832031,340
2982,4259.27670114858,4221.80938848801,1299.12902832031,340
2983,4195.46358109267,4220.61548889609,1299.12902832031,340
2984,4229.59316471338,4219.70657905273,1299.12902832031,340
2985,4203.92399819329,4217.05311088215,1298.89904785156,340
2986,4182.94289685868,4215.16290915631,1298.89904785156,340
2987,4145.241952958,4218.68110257323,1298.89904785156,340
2988,4253.78017311772,4219.26955707192,1298.89904785156,340
2989,4265.0751238564,4223.27639115778,1298.89904785156,340
2990,4230.93096239876,4223.41485413667,1298.89904785156,340
2991,4209.09926486092,4222.57541897188,1298.89904785156,340
2992,4258.69855111672,4223.85400438332,1298.89904785156,340
2993,4201.85137072751,4224.36161839634,1302.38122558594,340
2994,4223.49750581647,4224.31774756001,1302.38122558594,340
2995,4268.04137504654,4224.76105528535,1302.38122558594,340
2996,4139.68409240547,4221.26282628261,1302.38122558594,340
2997,4238.67628928377,4222.22844887768,1302.38122558594,340
2998,4257.89263338602,4222.50150585654,1302.38122558594,340
2999,4230.81381907058,4221.73897766512,1302.38122558594,340
3000,4269.91183293605,4224.1473863543,1302.38122558594,340
