episode,reward,avg_reward,q0,steps
1,-327.652697726685,-327.652697726685,1.27053808682831e-05,340
2,-379.128600717445,-353.390649222065,1.27053808682831e-05,340
3,-529.249726408231,-412.010341617454,1.27053808682831e-05,340
4,-534.426929852636,-442.614488676249,1.27053808682831e-05,340
5,-1025.82351294342,-559.256293529683,1.27053808682831e-05,340
6,-491.935123355294,-548.036098500618,1.27053808682831e-05,340
7,-878.24964248746,-595.20946192731,1.27053808682831e-05,340
8,-262.223593050608,-553.586228317722,1.27053808682831e-05,340
9,-311.870143486972,-526.72888555875,-20.4354248046875,340
10,-604.051876562911,-534.461184659166,-20.4354248046875,340
11,-865.830215954779,-564.585642049676,-20.4354248046875,340
12,-387.843602991096,-549.857138794795,-20.4354248046875,340
13,-606.780338103135,-554.235846433898,-20.4354248046875,340
14,-1020.01365180022,-587.50568967435,-20.4354248046875,340
15,-437.343460682876,-577.494874408251,-20.4354248046875,340
16,-771.946978297742,-589.648130901345,-20.4354248046875,340
17,-544.068790880467,-586.966993253058,-26.5404853820801,340
18,-244.18349349956,-567.923465488975,-26.5404853820801,340
19,-203.470670246901,-548.741739423602,-26.5404853820801,340
20,-477.709386343827,-545.190121769613,-26.5404853820801,340
21,-24.1658201821607,-520.37944074164,-26.5404853820801,340
22,-528.703834041349,-520.757822255263,-26.5404853820801,340
23,-436.9394853926,-517.113546739495,-26.5404853820801,179
24,-563.403049660059,-519.042276027852,-26.5404853820801,340
25,-151.779460182805,-504.35176339405,-17.6956577301025,340
26,-386.070586198296,-506.688478932914,-17.6956577301025,340
27,-362.436488373624,-506.020794439161,-17.6956577301025,340
28,-299.1875775443,-496.818308484604,-17.6956577301025,284
29,-388.702423329532,-490.98932822368,-17.6956577301025,340
30,-258.167163924157,-460.283074262909,-17.6956577301025,340
31,-479.622590727636,-459.790572957803,-17.6956577301025,340
32,-753.537521153294,-454.802088104436,-17.6956577301025,340
33,-244.137042000597,-454.078626062436,-5.62894248962402,340
34,-362.533177599628,-456.105147426942,-5.62894248962402,340
35,-222.187461984914,-440.830570843822,-5.62894248962402,340
36,-250.196938431586,-416.205239742895,-5.62894248962402,339
37,-390.570958201987,-416.31433395133,-5.62894248962402,340
38,-313.923598685473,-404.600064374624,-5.62894248962402,340
39,-227.828673336881,-372.91266523609,-5.62894248962402,340
40,-237.304106277763,-364.911091059886,-5.62894248962402,340
41,-221.204855079866,-342.881406131171,17.9514808654785,317
42,-181.914331672149,-328.395227762838,17.9514808654785,340
43,-350.592009927081,-332.651568419939,17.9514808654785,340
44,-223.175082645599,-333.439744915887,17.9514808654785,340
45,-461.402517970565,-332.787470180956,17.9514808654785,321
46,-364.798954457715,-346.412795551978,17.9514808654785,340
47,-200.921353560588,-333.301496332748,17.9514808654785,340
48,-250.001214370452,-325.823965491862,17.9514808654785,340
49,-178.917311835564,-310.444535978882,38.4889755249023,340
50,-380.328126642726,-319.586482637279,38.4889755249023,340
51,-248.217735642295,-314.072368615039,38.4889755249023,297
52,-340.798537596681,-313.206850583961,38.4889755249023,340
53,-440.679594080104,-318.866531245393,38.4889755249023,340
54,-339.207707260862,-316.886742602646,38.4889755249023,340
55,-123.05785672214,-311.482370314566,38.4889755249023,340
56,-234.026821296716,-301.658539537329,38.4889755249023,340
57,-421.378928545769,-288.372195833028,48.1183624267578,340
58,-239.035601839528,-288.168138226585,48.1183624267578,323
59,-203.362368762738,-281.80130587311,48.1183624267578,340
60,-72.2744949438306,-275.804787191466,48.1183624267578,340
61,-132.082364695365,-271.080204242017,48.1183624267578,340
62,-246.394068049612,-265.313128635922,48.1183624267578,340
63,-178.695440626035,-259.904002313545,48.1183624267578,340
64,-300.328892580857,-262.804011083304,48.1183624267578,340
65,-237.911871487686,-262.828321691701,66.3497848510742,340
66,-279.704466634547,-265.168306153888,66.3497848510742,340
67,-416.993179107066,-274.571460051285,66.3497848510742,340
68,-319.841421544849,-273.341436515995,66.3497848510742,340
69,-190.010085729656,-272.014836639358,66.3497848510742,340
70,-256.922228702105,-263.835625068619,66.3497848510742,310
71,-319.021954083686,-262.004545053658,66.3497848510742,340
72,-329.009870753512,-267.128085741375,66.3497848510742,340
73,-131.041372202877,-262.369692054672,75.0432891845703,340
74,-88.358938852065,-258.747357135332,75.0432891845703,340
75,-317.402062718836,-256.230314578377,75.0432891845703,340
76,-137.055241574997,-251.783814815685,75.0432891845703,340
77,-245.454580561533,-247.970056534279,75.0432891845703,340
78,-218.898663653358,-239.098819317209,75.0432891845703,267
79,-235.994326848219,-234.970284100703,75.0432891845703,340
80,-272.659118748248,-240.954334581748,75.0432891845703,340
81,-280.928068616431,-242.830384474536,88.1829147338867,340
82,-193.568694573045,-233.717975115627,88.1829147338867,294
83,-148.213680304885,-230.085098254241,88.1829147338867,340
84,-298.548090636161,-233.892527129178,88.1829147338867,340
85,-167.754703243491,-237.711735461165,88.1829147338867,340
86,-191.888499768305,-240.103980864082,88.1829147338867,340
87,-80.2561978048351,-233.458466054291,88.1829147338867,248
88,-342.430377198889,-240.007863517206,88.1829147338867,340
89,-139.925537664841,-233.591729320565,79.6748962402344,306
90,47.1523225145419,-222.189161560476,79.6748962402344,340
91,80.2970754032558,-207.789099878964,79.6748962402344,340
92,-372.120522009533,-205.994193595062,79.6748962402344,340
93,-71.2641027449408,-196.051100843066,79.6748962402344,259
94,-12.9871522037736,-188.970183502031,79.6748962402344,340
95,11.6719248902112,-178.226417358338,79.6748962402344,340
96,-193.846484491321,-173.219398574643,79.6748962402344,269
97,-65.9180491197268,-162.695725709292,104.749923706055,340
98,113.961862912233,-152.895596304688,104.749923706055,340
99,18.3760738543853,-148.62619579643,104.749923706055,230
100,115.183294300675,-131.322781515649,104.749923706055,340
101,89.524162529832,-122.259605351456,104.749923706055,207
102,-237.99551081378,-121.961242561546,104.749923706055,340
103,296.432291592682,-101.348004351704,104.749923706055,340
104,-86.5286417044835,-95.369376945955,104.749923706055,340
105,65.8457789121684,-81.8291810395384,120.227958679199,340
106,14.9143760182045,-69.9954832541529,120.227958679199,340
107,170.128577813927,-55.4475923586741,120.227958679199,340
108,36.5108834985772,-48.0586098065356,120.227958679199,340
109,54.1299037567163,-33.9514900308205,120.227958679199,340
110,136.220275901543,-21.7924908650191,120.227958679199,340
111,-0.731122028642717,-14.1461957554326,120.227958679199,340
112,-4.0786773094654,-11.0990949356178,120.227958679199,340
113,-271.849591788405,-8.27586351919844,128.505004882812,340
114,44.4989607011134,-0.898883584560263,128.505004882812,340
115,119.252986590211,1.9851429784665,128.505004882812,340
116,113.118664718916,3.29800655109291,128.505004882812,340
117,249.153077595522,28.1489505352951,128.505004882812,340
118,292.533546509615,42.7008565054773,128.505004882812,340
119,327.075706686806,56.3033708611005,128.505004882812,340
120,-129.999293623678,50.636522120545,128.505004882812,340
121,14.4804253678729,58.9695985149128,139.969253540039,340
122,-133.57619104333,56.2632728379686,139.969253540039,340
123,196.335508089608,59.5582186450636,139.969253540039,340
124,20.7423770419706,59.652870772567,139.969253540039,340
125,98.1238854546308,58.9704944187253,139.969253540039,340
126,-8.06252374030062,55.06702696792,139.969253540039,340
127,699.380197355758,92.5620552947015,139.969253540039,340
128,174.534347647025,87.6861375368752,139.969253540039,340
129,112.576400183011,95.650339212375,157.696624755859,340
130,506.451072314636,113.274550948474,157.696624755859,340
131,-60.1455279279338,110.272154790628,157.696624755859,340
132,356.75328873773,117.73714322758,157.696624755859,340
133,319.198679735107,129.044655077042,157.696624755859,340
134,440.540689725398,144.501086515789,157.696624755859,340
135,480.152186498327,158.25836293966,157.696624755859,340
136,131.00221457095,163.527696403644,157.696624755859,340
137,626.329194392346,188.744011271716,168.589019775391,340
138,734.567549516997,229.000696923932,168.589019775391,340
139,435.578147171085,244.643864382731,168.589019775391,340
140,464.478545297646,258.452886731029,168.589019775391,340
141,469.354152062931,272.702306224789,168.589019775391,340
142,550.971539757488,284.775044711268,168.589019775391,340
143,498.308172080584,293.006029734107,168.589019775391,340
144,412.191087505195,296.410644966842,168.589019775391,340
145,486.976443198607,321.089674439734,202.556167602539,340
146,315.043847246971,333.112211314897,202.556167602539,340
147,482.399264763661,357.751229547177,202.556167602539,340
148,399.046156362799,365.859655478105,202.556167602539,340
149,657.442077643502,391.327643502166,202.556167602539,340
150,458.770324563991,405.753501066541,202.556167602539,340
151,462.525066279639,424.577004667338,202.556167602539,340
152,797.349540090344,428.495778376722,202.556167602539,340
153,513.766149427755,442.065050447951,228.157409667969,340
154,951.330677236445,475.615221530088,228.157409667969,340
155,537.747016086821,476.867059280976,228.157409667969,340
156,863.651069319222,513.818923170862,228.157409667969,340
157,621.127651066268,524.393897664003,228.157409667969,340
158,548.814483372946,533.578529809517,228.157409667969,340
159,547.494075737652,537.856665250007,228.157409667969,340
160,571.443759966163,541.50832818872,228.157409667969,340
161,501.454281679185,556.32641087305,258.558746337891,340
162,353.411153443041,545.409689235078,258.558746337891,340
163,544.804264450491,537.819157832417,258.558746337891,340
164,900.644819974172,556.421824744541,258.558746337891,340
165,723.828091734186,566.795806602002,258.558746337891,340
166,678.888908944109,575.17719687725,258.558746337891,340
167,386.267976147787,568.589054332861,258.558746337891,340
168,1063.20245067822,591.184825476767,258.558746337891,340
169,687.818040276458,602.209903587617,282.037445068359,340
170,627.297320029834,607.822738660866,282.037445068359,340
171,938.91581787417,632.777617485955,282.037445068359,340
172,832.833764901057,646.79499749145,282.037445068359,340
173,813.723097907109,663.382075153223,282.037445068359,340
174,989.554048367857,676.666553982197,282.037445068359,340
175,813.59499097263,690.859540638543,282.037445068359,340
176,594.252110431565,696.128622404619,282.037445068359,340
177,1075.43044395977,707.251858559397,300.362243652344,340
178,726.166729293299,715.747881754018,300.362243652344,340
179,505.098569627406,697.898597449657,300.362243652344,340
180,880.557381564749,711.611012068774,300.362243652344,340
181,824.161016660871,710.03140996244,300.362243652344,340
182,697.880016356022,713.10150457403,300.362243652344,340
183,1103.49015912416,735.288531604078,300.362243652344,340
184,1084.11814568979,756.753494402164,300.362243652344,340
185,855.04773865329,768.097653549649,324.571685791016,340
186,1088.79155614122,791.59114452813,324.571685791016,340
187,772.717073985483,808.363381349828,324.571685791016,340
188,835.647512770372,819.997111282623,324.571685791016,340
189,1020.46416986381,824.789885278209,324.571685791016,340
190,803.292799002986,827.968473568961,324.571685791016,340
191,985.519627232516,840.233702300497,324.571685791016,340
192,994.805778454324,864.575214392759,324.571685791016,340
193,1225.61345772792,871.071654674747,331.624328613281,340
194,1032.05768196268,884.841240342196,331.624328613281,340
195,946.141981935395,897.595026818418,331.624328613281,340
196,840.300235623075,893.650403528374,331.624328613281,340
197,796.070051442766,892.179854990043,331.624328613281,340
198,1101.41033111848,903.687344318497,331.624328613281,340
199,668.797355473762,890.857076602734,331.624328613281,340
200,952.834085850426,896.426640397846,331.624328613281,340
201,652.804157864064,898.768722295145,347.368072509766,340
202,739.313735292981,885.324053948474,347.368072509766,340
203,1110.53587793221,900.69881989403,347.368072509766,340
204,846.613806236695,914.359429358402,347.368072509766,340
205,781.476544115264,910.396195860422,347.368072509766,340
206,761.325443819944,907.882772946785,347.368072509766,340
207,929.677593871795,917.154676047416,347.368072509766,340
208,529.06827258821,894.177800585978,347.368072509766,340
209,797.778786893938,882.724226234144,358.101409912109,340
210,1033.43545273243,889.85973479731,358.101409912109,340
211,898.700054993371,882.256074751396,358.101409912109,340
212,724.823705252694,880.340340002084,358.101409912109,340
213,1052.93366803235,889.031786212563,358.101409912109,340
214,903.370124157546,884.348024384313,358.101409912109,340
215,917.418958381478,888.913070759452,358.101409912109,340
216,1179.96280467854,896.690797857293,358.101409912109,340
217,1128.2295507543,902.027748749292,369.033111572266,340
218,879.521611347577,888.184074894079,369.033111572266,340
219,568.561191469891,869.644215274367,369.033111572266,340
220,740.939768501407,861.436126737007,369.033111572266,340
221,1166.59878551658,874.488068732748,369.033111572266,340
222,1033.65942756319,883.991643777565,369.033111572266,340
223,899.879119821342,875.930395325679,369.033111572266,340
224,1059.72021247603,891.56730960577,369.033111572266,340
225,1088.05252575615,896.976047201999,376.994598388672,340
226,946.408291349604,908.72021254142,376.994598388672,340
227,869.685572980577,913.935086048924,376.994598388672,340
228,984.760581607005,908.904074195916,376.994598388672,340
229,861.629993900877,909.504721702483,376.994598388672,340
230,1075.12871210971,921.250808422261,376.994598388672,340
231,928.598535372143,927.941732084349,376.994598388672,340
232,859.095869635133,925.118463114883,376.994598388672,340
233,1125.7646308146,948.986317443938,384.070159912109,340
234,954.410488125733,955.25158549321,384.070159912109,340
235,1162.63535645094,960.419581641951,384.070159912109,340
236,1014.28257611532,965.042882486829,384.070159912109,340
237,1056.10292806594,978.294051399359,384.070159912109,340
238,1155.22865053334,982.385850699398,384.070159912109,340
239,1112.77292832174,990.761962865966,384.070159912109,340
240,1172.92406468635,1000.98216711816,384.070159912109,340
241,735.131694539165,983.188922712586,393.930450439453,340
242,918.560380367509,974.802155897114,393.930450439453,340
243,1101.54226509397,983.68298204697,393.930450439453,340
244,1121.21653838786,1005.78919592369,393.930450439453,340
245,1000.6949402816,1016.1794027949,393.930450439453,340
246,1047.43854243184,1011.41299307151,393.930450439453,340
247,876.865852365833,1005.14125006361,393.930450439453,340
248,927.928354216826,1006.26321943943,393.930450439453,340
249,1085.82004428203,1007.30721271167,405.281402587891,340
250,1117.62658387823,1008.49017503655,405.281402587891,340
251,1152.51077379066,1016.7342743342,405.281402587891,340
252,946.220968971057,1019.79569017382,405.281402587891,340
253,1093.63515978763,1024.15067330104,405.281402587891,340
254,871.478209057719,1024.54460190731,405.281402587891,340
255,966.44058757587,1020.19707692596,405.281402587891,340
256,1115.32123067659,1027.66598473814,405.281402587891,340
257,1124.16305548081,1038.26867217197,418.715179443359,340
258,1020.39601303875,1034.05392746093,418.715179443359,340
259,1181.08975815827,1043.12109826223,418.715179443359,340
260,1084.4816840675,1039.9949513669,418.715179443359,340
261,1077.28332390963,1042.51498127867,418.715179443359,340
262,1150.97362321793,1046.30980908475,418.715179443359,340
263,1108.91638219392,1044.45731835117,418.715179443359,340
264,1105.03867226307,1044.14794810882,418.715179443359,340
265,1119.57704844307,1042.01406745909,426.842132568359,340
266,1106.40437357225,1056.86497462042,426.842132568359,340
267,1151.12377814029,1066.16751053133,426.842132568359,340
268,1113.53655837433,1066.64728226254,426.842132568359,340
269,1152.01416288371,1067.87918724238,426.842132568359,340
270,1181.72162222547,1075.12025452013,426.842132568359,340
271,1212.35666205628,1081.71697930511,426.842132568359,340
272,1219.96021049361,1095.44075363022,426.842132568359,340
273,1171.44049214043,1105.18123914716,434.498901367188,340
274,1163.06606552362,1108.27107999683,434.498901367188,340
275,926.583501971454,1100.62935672056,434.498901367188,340
276,1136.95438181473,1100.00710104152,434.498901367188,340
277,1120.83338575392,1106.99159771283,434.498901367188,340
278,1137.95079974277,1108.76422331104,434.498901367188,340
279,1107.65495240944,1118.21129304511,434.498901367188,340
280,938.145096732415,1117.07947341137,434.498901367188,340
281,1133.81103656227,1117.8190656468,441.421264648438,340
282,1331.70573102511,1126.12077266857,441.421264648438,340
283,1313.31271078438,1137.83744057839,441.421264648438,340
284,1209.61426475636,1138.97842084232,441.421264648438,340
285,1356.47582842928,1149.85818661679,441.421264648438,340
286,1175.69144529433,1153.79451147218,441.421264648438,340
287,1261.04849167957,1158.19750621064,441.421264648438,340
288,1121.99218113492,1158.72053816828,441.421264648438,340
289,1194.55159904841,1162.3010552397,449.090240478516,340
290,1114.78266129252,1162.10927975368,449.090240478516,340
291,1347.91109587944,1171.76954864596,449.090240478516,340
292,1155.10520645477,1171.92880577854,449.090240478516,340
293,1055.54031040317,1169.6089558597,449.090240478516,340
294,1241.81019466969,1173.20079713114,449.090240478516,340
295,1085.71911309692,1169.36069676599,449.090240478516,340
296,1371.64032603012,1175.73204332495,449.090240478516,340
297,1008.44491021321,1167.27143131373,455.085968017578,340
298,1355.64408388673,1174.63957498358,455.085968017578,340
299,1323.08872620944,1181.04048141101,455.085968017578,340
300,1247.84797865846,1193.8910604785,455.085968017578,340
301,1276.54879500549,1199.47483700613,455.085968017578,340
302,1197.9689349609,1202.5602589744,455.085968017578,340
303,1143.26377073341,1202.77277781403,455.085968017578,340
304,1107.87209307688,1202.78146344073,455.085968017578,340
305,1228.08339466884,1214.37899535818,459.100494384766,340
306,1574.30640788345,1231.99881021103,459.100494384766,340
307,1267.74261455774,1229.44028555234,459.100494384766,340
308,1129.80500901176,1222.09997748143,459.100494384766,340
309,1295.09740348525,1225.51930303059,459.100494384766,340
310,1258.75644060082,1221.61052751745,459.100494384766,340
311,1584.89174580604,1237.97853953792,459.100494384766,340
312,1394.10643050131,1243.30085709079,459.100494384766,340
313,1305.99669564321,1250.66103767112,465.227600097656,340
314,1290.61356467912,1254.50351629635,465.227600097656,340
315,1240.06586924442,1259.51484461442,465.227600097656,340
316,1491.87953901395,1265.2735823398,465.227600097656,340
317,1183.04718730738,1266.39126157391,465.227600097656,340
318,1251.49802800347,1274.22957027792,465.227600097656,340
319,1328.32299480648,1277.69008228339,465.227600097656,340
320,1222.49048325135,1283.16093708957,465.227600097656,340
321,1265.31720759235,1278.90801235206,471.848266601562,340
322,1015.77521106552,1279.20122438615,471.848266601562,340
323,1488.72791991134,1284.52457782713,471.848266601562,340
324,1291.94575404376,1283.27885894051,471.848266601562,340
325,1455.87971427783,1291.60012836528,471.848266601562,340
326,986.929820675652,1280.01536939209,471.848266601562,340
327,1364.91264309519,1286.69311771746,471.848266601562,340
328,1060.39707914421,1283.37845005389,471.848266601562,340
329,1430.1636839926,1296.27011369052,475.674346923828,340
330,1463.70648159935,1305.69503716774,475.674346923828,340
331,1404.2549525171,1298.89297895309,475.674346923828,340
332,1468.08359683637,1306.90661824423,475.674346923828,340
333,1243.59660094707,1311.45828192165,475.674346923828,340
334,1511.00234643349,1320.09447963957,475.674346923828,340
335,1152.83081011751,1315.85745442024,475.674346923828,340
336,1126.12572374498,1297.5068135378,475.674346923828,340
337,1314.12261862094,1294.30746106259,480.221557617188,340
338,1179.38513192914,1289.24299851402,480.221557617188,340
339,1327.48977491034,1290.71804692327,480.221557617188,340
340,1324.04478542904,1294.07720357066,480.221557617188,340
341,1351.23788101322,1288.45153725063,480.221557617188,340
342,1277.97769234776,1292.24875745224,480.221557617188,340
343,1304.10752346421,1294.35313727067,480.221557617188,340
344,1298.26589419859,1293.15085324636,480.221557617188,340
345,1123.3782169738,1289.18636259525,482.326812744141,340
346,1449.06030575002,1296.53608652156,482.326812744141,340
347,1247.59616840808,1305.80892481526,482.326812744141,340
348,1241.1498362252,1295.90580146782,482.326812744141,340
349,1580.01652047411,1307.42863212503,482.326812744141,340
350,1254.8928018124,1299.38915562641,482.326812744141,340
351,1394.82977263578,1315.70515370482,482.326812744141,340
352,1513.6454758172,1321.6544670137,482.326812744141,340
353,1219.50927912983,1328.01895501312,490.606689453125,340
354,1303.23716230562,1322.94189414565,490.606689453125,340
355,1330.7750120473,1317.62463536356,490.606689453125,340
356,1453.98819762401,1319.61396516784,490.606689453125,340
357,1296.71245829648,1312.75911962624,490.606689453125,340
358,1399.52105955573,1318.99609797059,490.606689453125,340
359,1377.14524527132,1313.6418139241,490.606689453125,340
360,1511.86644653652,1328.00323938086,490.606689453125,340
361,1359.90425018638,1337.35438043852,492.547576904297,340
362,1357.71046589557,1339.09789432951,492.547576904297,340
363,1400.45252285543,1347.94058996656,492.547576904297,340
364,1450.44738032382,1352.8588941831,492.547576904297,340
365,1450.95893306878,1357.93546008869,492.547576904297,340
366,1280.01959862098,1355.086728793,492.547576904297,340
367,1429.89531057523,1361.1634335221,492.547576904297,340
368,1319.29535253547,1361.77094668495,492.547576904297,340
369,1428.09143839556,1366.96396845282,494.008728027344,340
370,1402.1960917567,1378.11668344414,494.008728027344,340
371,1325.70483199347,1373.18246449388,494.008728027344,340
372,1403.58239529573,1379.42191356938,494.008728027344,340
373,1592.0713686941,1393.45877486814,494.008728027344,340
374,1414.27784539233,1386.82922786487,494.008728027344,340
375,1529.20138168531,1397.80157105979,494.008728027344,340
376,1307.09725204695,1394.29227023623,494.008728027344,340
377,1476.06417369409,1392.78901815131,496.094055175781,340
378,1503.29969043981,1404.14063460371,496.094055175781,340
379,1475.2819065603,1411.0224243739,496.094055175781,340
380,1602.10718639532,1421.87571134782,496.094055175781,340
381,1448.30420991848,1421.6483518396,496.094055175781,340
382,1526.51614052474,1430.84049912873,496.094055175781,340
383,1566.4430441475,1437.5173785124,496.094055175781,340
384,1599.01796154023,1446.39228716315,496.094055175781,340
385,1302.14670870454,1438.00349764987,500.638916015625,340
386,1471.40839847893,1442.46366358158,500.638916015625,340
387,1520.3184860448,1448.96798438755,500.638916015625,340
388,1412.81429245397,1449.46245517149,500.638916015625,340
389,1580.29127250592,1454.65621085877,500.638916015625,340
390,1315.82388094936,1449.25080877399,500.638916015625,340
391,1372.99201169011,1452.96970529676,500.638916015625,340
392,1496.27165859091,1455.62475921739,500.638916015625,340
393,1500.89755265799,1462.88884722229,507.969451904297,340
394,1480.85440403693,1464.99936584794,507.969451904297,340
395,1515.16250232547,1469.51802227069,507.969451904297,340
396,1404.65770812941,1472.67613731613,507.969451904297,340
397,1540.96869745006,1478.1715894023,507.969451904297,340
398,1382.29927779538,1469.78070576635,507.969451904297,340
399,1558.45697290191,1475.54787086674,507.969451904297,340
400,1517.12610975879,1475.06485998968,507.969451904297,340
401,1534.32000050783,1484.15376992811,514.302978515625,340
402,1545.11325117424,1486.91573302732,514.302978515625,340
403,1598.04241235822,1490.70544190405,514.302978515625,340
404,1374.87698411218,1486.68924500613,514.302978515625,340
405,1501.1278033452,1482.65006968412,514.302978515625,340
406,1582.5859330142,1488.02133860795,514.302978515625,340
407,1555.84422247866,1489.19446188611,514.302978515625,340
408,1521.73131878064,1487.40599287143,514.302978515625,340
409,1494.22628197884,1483.21432568898,518.903198242188,340
410,1349.08714588755,1485.0919431763,518.903198242188,340
411,1529.93351527929,1487.43294784831,518.903198242188,340
412,1495.45710603824,1486.43849264805,518.903198242188,340
413,1408.40796841626,1486.26223968654,518.903198242188,340
414,1614.79969824283,1487.64257671602,518.903198242188,340
415,1574.57033778707,1497.99243498953,518.903198242188,340
416,1537.78776550934,1504.5842651423,518.903198242188,340
417,1356.18292477824,1498.98071578979,522.392639160156,340
418,1569.71784952346,1501.73352766441,522.392639160156,340
419,1619.02753907727,1507.26045306602,522.392639160156,340
420,1581.63911949037,1509.91951775262,522.392639160156,340
421,1409.27589701473,1510.10424530803,522.392639160156,340
422,1439.99662629057,1506.06536246165,522.392639160156,340
423,1427.30167369345,1507.86545829758,522.392639160156,340
424,1539.40958240466,1507.10356267769,522.392639160156,340
425,1482.94391836892,1505.73627502209,523.064270019531,340
426,1326.71440805583,1497.43205132401,523.064270019531,340
427,1507.03382383213,1495.90887423033,523.064270019531,340
428,1367.61843445445,1486.69191511418,523.064270019531,340
429,1427.27807784818,1488.78795886362,523.064270019531,340
430,1607.60908569523,1493.04721015762,523.064270019531,340
431,1589.89919736995,1493.33974073185,523.064270019531,340
432,1532.32382882446,1492.39892498568,523.064270019531,340
433,1550.48735304419,1493.54916635622,522.845642089844,340
434,1610.98378153702,1498.21946633855,522.845642089844,340
435,1552.8866184285,1506.37144524019,522.845642089844,340
436,1476.8050878445,1504.2463081428,522.845642089844,340
437,1445.7825544949,1502.25932608106,522.845642089844,340
438,1548.54039732798,1507.86462323753,522.845642089844,340
439,1505.81378530388,1503.50518671997,522.845642089844,340
440,1571.33785733707,1503.37588750197,522.845642089844,340
441,1502.91330577159,1501.98090911246,524.832275390625,340
442,1460.79928387644,1506.16556347639,524.832275390625,340
443,1611.21957776777,1507.82563260616,524.832275390625,340
444,1611.24325967905,1507.51426143023,524.832275390625,340
445,1531.27234578026,1505.49959048183,524.832275390625,340
446,1651.69904096241,1515.19651623974,524.832275390625,340
447,1460.15209684045,1516.00273506173,524.832275390625,340
448,1498.73656876933,1518.86013086477,524.832275390625,340
449,1575.38255992243,1520.29904996548,527.911865234375,340
450,1431.45171629775,1518.23936188263,527.911865234375,340
451,1616.27204603718,1529.82166740188,527.911865234375,340
452,1618.26468915306,1534.27090201472,527.911865234375,340
453,1585.15200148721,1542.97224469603,527.911865234375,340
454,1512.57439397329,1546.38409734104,527.911865234375,340
455,1569.75643825056,1544.86999144325,527.911865234375,340
456,1604.60524087503,1545.45823318345,527.911865234375,340
457,1581.93607152592,1547.44272289151,531.580017089844,340
458,1502.43290094872,1545.52054480769,531.580017089844,340
459,1633.23392992218,1546.4105507431,531.580017089844,340
460,1512.70548857985,1544.80330554915,531.580017089844,340
461,1585.94306350485,1549.16882457557,531.580017089844,340
462,1571.75994931724,1554.20792036846,531.580017089844,340
463,1551.02130648904,1554.3071567349,531.580017089844,340
464,1601.80948199718,1558.14698460264,531.580017089844,340
465,1476.91868919938,1554.37021787713,531.269592285156,340
466,1537.04783105183,1555.73559888834,531.269592285156,340
467,1614.16018683782,1561.87003500679,531.269592285156,340
468,1602.60374370895,1561.52540164444,531.269592285156,340
469,1621.11366709155,1561.92021794094,531.269592285156,340
470,1546.46488063438,1562.5279193351,531.269592285156,340
471,1567.42998637773,1559.15715715172,531.269592285156,340
472,1520.55124586465,1561.57312311269,531.269592285156,340
473,1553.06801906466,1563.7463811245,534.327575683594,340
474,1498.24990402356,1560.66107488854,534.327575683594,340
475,1551.78968453689,1565.47459361811,534.327575683594,340
476,1629.05777622813,1565.98602282575,534.327575683594,340
477,1633.52173457421,1566.59630464259,534.327575683594,340
478,1590.49792351896,1566.81014152386,534.327575683594,340
479,1558.36403870749,1568.64172731323,534.327575683594,340
480,1612.2488598649,1570.3414241778,534.327575683594,340
481,1545.99610123968,1567.99705859239,535.809143066406,340
482,1542.24452618822,1566.40939677888,535.809143066406,340
483,1661.70161373766,1572.78014529044,535.809143066406,340
484,1598.72820936983,1571.39991646835,535.809143066406,340
485,1647.21372177854,1576.78024579629,535.809143066406,340
486,1597.82313066761,1577.2554484828,535.809143066406,340
487,1535.77441871737,1575.81602725881,535.809143066406,340
488,1616.17540839649,1578.42219133511,535.809143066406,340
489,1446.57851763723,1572.21295276071,537.152770996094,340
490,1513.51418354587,1573.67677253457,537.152770996094,340
491,1637.29771294947,1577.68676781047,537.152770996094,340
492,1656.70448512559,1579.38853974199,537.152770996094,340
493,1639.85219293023,1580.87847771084,537.152770996094,340
494,1600.32508358306,1580.0469343705,537.152770996094,340
495,1659.3848464059,1584.56373300136,537.152770996094,340
496,1640.76886662178,1587.49728821112,537.152770996094,340
497,1584.20848403156,1590.0435777378,540.354431152344,340
498,1628.71150972975,1593.0693173644,540.354431152344,340
499,1568.99197134398,1595.89900005722,540.354431152344,340
500,1615.42275665097,1598.44432294178,540.354431152344,340
501,1561.02732563165,1595.72310491792,540.354431152344,340
502,1651.9789660922,1596.46139417864,540.354431152344,340
503,1593.23690592392,1596.57095347484,540.354431152344,340
504,1662.65496359594,1600.74259047038,540.354431152344,340
505,1607.56806759844,1600.55535877972,541.447021484375,340
506,1629.81937805209,1603.90828985221,541.447021484375,340
507,1630.8916353058,1607.45417421692,541.447021484375,340
508,1631.6530988322,1606.2522336207,541.447021484375,340
509,1569.07108321816,1605.06594857463,541.447021484375,340
510,1629.79564601085,1604.36922554392,541.447021484375,340
511,1645.42782352463,1606.27341325821,541.447021484375,340
512,1491.06709569478,1604.4851203373,541.447021484375,340
513,1610.79515816782,1604.26991032816,542.65087890625,340
514,1648.32611331265,1612.33981415517,542.65087890625,340
515,1600.63015159558,1615.82445287716,542.65087890625,340
516,1563.69607844928,1612.88038749715,542.65087890625,340
517,1622.18572956542,1611.49963727475,542.65087890625,340
518,1624.46989304274,1610.88434527925,542.65087890625,340
519,1454.70088763899,1605.05937744148,542.65087890625,340
520,1516.12701674949,1599.32906425523,542.65087890625,340
521,1682.44306623373,1600.9960322397,546.489440917969,340
522,1479.20455819482,1596.79587520623,546.489440917969,340
523,1659.93781197476,1598.04492729603,546.489440917969,340
524,1575.70591224659,1598.31348493214,546.489440917969,340
525,1494.17656455723,1593.46363724839,546.489440917969,340
526,1541.88054356324,1592.69776596565,546.489440917969,340
527,1560.92733244491,1589.05570061976,546.489440917969,340
528,1649.36398377998,1591.30078373401,546.489440917969,340
529,1651.31594697031,1590.84722306898,549.005920410156,340
530,1649.03726021212,1592.50599077353,549.005920410156,340
531,1689.20337979145,1594.8813508431,549.005920410156,340
532,1394.98453858297,1585.44506697419,549.005920410156,340
533,1674.69698035744,1587.1668222352,549.005920410156,340
534,1691.53722073163,1592.06546773574,549.005920410156,340
535,1596.89191859648,1590.74931863916,549.005920410156,340
536,1610.39416787675,1589.34797241325,549.005920410156,340
537,1545.0756811491,1591.50831583142,548.840026855469,340
538,1621.51701215416,1591.93718999087,548.840026855469,340
539,1649.01605916958,1591.96478782515,548.840026855469,340
540,1488.28238324246,1587.47087709103,548.840026855469,340
541,1669.52378381757,1591.70398530576,548.840026855469,340
542,1687.63247811207,1594.32185524762,548.840026855469,340
543,1635.83088132354,1594.77629477886,548.840026855469,340
544,1688.38506965673,1604.12366205957,548.840026855469,340
545,1617.19768910943,1608.16648895396,548.047912597656,340
546,1592.0246974284,1604.54975420175,548.047912597656,340
547,1406.55032034629,1601.64358468781,548.047912597656,340
548,1571.15026229744,1598.09208270072,548.047912597656,340
549,1520.37873043553,1595.87899542827,548.047912597656,340
550,1557.16123326932,1598.39838217676,548.047912597656,340
551,1664.84147779559,1603.31681954605,548.047912597656,340
552,1630.31979683807,1606.09251812178,548.047912597656,340
553,1677.20913120271,1607.20632401869,548.747985839844,340
554,1651.85182991514,1607.22775933648,548.747985839844,340
555,1671.29359029012,1608.1180125396,548.747985839844,340
556,1682.94166430791,1607.86754392026,548.747985839844,340
557,1611.23458617271,1616.51754582385,548.747985839844,340
558,1673.31281385836,1616.46217916388,548.747985839844,340
559,1676.67575325961,1615.867720465,548.747985839844,340
560,1687.45570982784,1619.49027211426,548.747985839844,340
561,1608.71487200028,1619.4231002792,551.123107910156,340
562,1673.33950844871,1624.55365337118,551.123107910156,340
563,1592.42791278963,1623.3900893966,551.123107910156,340
564,1623.78071590042,1622.38067566584,551.123107910156,340
565,1678.20874590365,1629.97773017228,551.123107910156,340
566,1633.08537860476,1628.52019396377,551.123107910156,340
567,1671.87037765475,1627.88970994548,551.123107910156,340
568,1683.86868540773,1629.81122210884,551.123107910156,340
569,1654.9865292189,1628.47528049133,552.045959472656,340
570,1615.39200993434,1628.40305332433,552.045959472656,340
571,1655.52654572123,1630.94312725604,552.045959472656,340
572,1673.53592180528,1641.6225513144,552.045959472656,340
573,1623.46113799935,1643.71498634248,552.045959472656,340
574,1662.66935725406,1649.40661141522,552.045959472656,340
575,1603.78760829342,1651.27166641618,552.045959472656,340
576,1681.59567317434,1651.94183423133,552.045959472656,340
577,1679.09266334243,1653.89274889151,552.137145996094,340
578,1572.7332477673,1649.71371355409,552.137145996094,340
579,1634.39978215317,1649.01563164361,552.137145996094,340
580,1635.67508968997,1647.59089161961,552.137145996094,340
581,1665.12943245756,1646.87840234559,552.137145996094,340
582,1667.33390948122,1649.12237527793,552.137145996094,340
583,1673.22909955509,1649.1190267058,552.137145996094,340
584,1619.1975419496,1646.8198982534,552.137145996094,340
585,1666.9659331757,1646.00030718732,551.963928222656,340
586,1641.56122126905,1647.31416115807,551.963928222656,340
587,1556.83948777235,1642.65416033101,551.963928222656,340
588,1665.59163620891,1645.58070926778,551.963928222656,340
589,1637.93733808097,1646.14697415501,551.963928222656,340
590,1425.55567244531,1636.04085121667,551.963928222656,340
591,1613.4073197957,1635.25372886431,551.963928222656,340
592,1566.9237820531,1631.05586504024,551.963928222656,340
593,1615.28685810384,1628.31259194809,552.066101074219,340
594,1610.63648628471,1626.53859023072,552.066101074219,340
595,1630.56046599615,1627.14532847319,552.066101074219,340
596,1633.03946129047,1626.24584509596,552.066101074219,340
597,1638.92283609482,1624.86132166754,552.066101074219,340
598,1637.90535311059,1625.43909027199,552.066101074219,340
599,1547.12027112595,1620.81712682687,552.066101074219,340
600,1618.5544187474,1621.40779924503,552.066101074219,340
601,1566.12684994086,1616.78904631569,551.368835449219,340
602,1644.07150545554,1615.38820000021,551.368835449219,340
603,1685.69469405537,1619.90665785174,551.368835449219,340
604,1565.03099359173,1617.13190630928,551.368835449219,340
605,1514.48264158284,1612.28420838499,551.368835449219,340
606,1656.76348957884,1611.94957066984,551.368835449219,340
607,1617.6192796812,1609.96098547784,551.368835449219,340
608,1582.36294381281,1606.32633924815,551.368835449219,340
609,1580.82151527225,1604.79129818106,552.594116210938,340
610,1696.62965937114,1605.97784722888,552.594116210938,340
611,1617.90512576937,1605.03160340889,552.594116210938,340
612,1534.18848473169,1604.12556328726,552.594116210938,340
613,1678.99945212138,1604.66187592376,552.594116210938,340
614,1648.0597030248,1605.06677052151,552.594116210938,340
615,1590.07716843868,1611.64763036125,552.594116210938,340
616,1607.80234573295,1611.42343139874,552.594116210938,340
617,1652.53587126565,1614.84791496724,553.760925292969,340
618,1607.4628028949,1614.53495275888,553.760925292969,340
619,1584.26605981585,1613.48013570013,553.760925292969,340
620,1465.8690217576,1606.89247793059,553.760925292969,340
621,1617.61411427046,1606.27546404979,553.760925292969,340
622,1498.5423440353,1600.66024436741,553.760925292969,340
623,1658.48673776607,1601.48349975362,553.760925292969,340
624,1686.06898492746,1607.04144830568,553.760925292969,340
625,1628.55634458608,1607.44152533923,552.164184570312,340
626,1531.13855181537,1606.04199341421,552.164184570312,340
627,1691.71587331719,1607.94776812868,552.164184570312,340
628,1680.92392360928,1607.75693731083,552.164184570312,340
629,1692.72315609234,1612.86462381086,552.164184570312,340
630,1695.60233701918,1620.10941162831,552.164184570312,340
631,1609.7642849172,1618.22944344185,552.164184570312,340
632,1691.68950048199,1621.19225227388,552.164184570312,340
633,1604.43510501016,1622.07513872177,553.548950195312,340
634,1667.77062952175,1625.55310329175,553.548950195312,340
635,1578.29944928467,1620.81989488829,553.548950195312,340
636,1551.8422665172,1618.17738051821,553.548950195312,340
637,1616.86335629816,1621.48437538087,553.548950195312,340
638,1610.33505413837,1618.73779946155,553.548950195312,340
639,1648.84344329441,1618.76914907233,553.548950195312,340
640,1497.20818831334,1615.05438986732,553.548950195312,340
641,1689.71043655707,1618.33071350028,554.313293457031,340
642,1636.94553676267,1617.70710012016,554.313293457031,340
643,1550.2089302537,1615.41694521451,554.313293457031,340
644,1408.77794276746,1608.39742053258,554.313293457031,340
645,1548.77214484459,1611.71354545606,554.313293457031,340
646,1600.30587976962,1611.02121607603,554.313293457031,340
647,1707.75948412351,1619.38990167955,554.313293457031,340
648,1654.00926413438,1619.21080273429,554.313293457031,340
649,1489.87084113033,1611.3628769824,552.626098632812,340
650,1511.42401465845,1606.6775837853,552.626098632812,340
651,1703.16139878076,1613.55849766391,552.626098632812,340
652,1646.05408021995,1611.73202594002,552.626098632812,340
653,1680.6385101895,1611.72060940323,552.626098632812,340
654,1716.86024125506,1612.68609280974,552.626098632812,340
655,1653.05027907948,1610.98401049215,552.626098632812,340
656,1663.06018346174,1613.11584643393,552.626098632812,340
657,1665.65882642217,1612.07461947154,554.388000488281,340
658,1599.23156717176,1611.866477958,554.388000488281,340
659,1517.3279951109,1605.84877258157,554.388000488281,340
660,1598.3621692264,1606.65128137924,554.388000488281,340
661,1562.59858817704,1607.08153424563,554.388000488281,340
662,1650.26939601321,1608.41777583423,554.388000488281,340
663,1501.59731788423,1604.06826638407,554.388000488281,340
664,1445.64218341247,1595.94021598879,554.388000488281,340
665,1653.40254772676,1602.18799036533,555.142456054688,340
666,1463.74738821476,1593.14946843163,555.142456054688,340
667,1550.34183360433,1589.6853203053,555.142456054688,340
668,1693.59497552755,1595.42076211626,555.142456054688,340
669,1555.81643710468,1601.30230188974,555.142456054688,340
670,1618.40778844771,1604.08772763387,555.142456054688,340
671,1578.23548876222,1603.20491199357,555.142456054688,340
672,1597.09599466092,1598.77837241507,555.142456054688,340
673,1650.17006611939,1598.62480449447,556.661499023438,340
674,1589.50378690851,1602.6101223256,556.661499023438,340
675,1672.34974017557,1609.04715134628,556.661499023438,340
676,1690.26586031027,1608.53132980746,556.661499023438,340
677,1655.64562223569,1608.91499148809,556.661499023438,340
678,1664.6553511982,1608.27566512844,556.661499023438,340
679,1640.74983361973,1605.23124882303,556.661499023438,340
680,1595.42404189894,1602.92619933581,556.661499023438,340
681,1528.51747286024,1597.54449091175,556.7177734375,340
682,1616.17414079131,1595.56510348651,556.7177734375,340
683,1639.04981502558,1597.15783340066,556.7177734375,340
684,1489.39664993771,1596.04057959374,556.7177734375,340
685,1554.31886623443,1594.27884747406,556.7177734375,340
686,1512.1826069367,1592.26220822444,556.7177734375,340
687,1621.97765910439,1591.13053874809,556.7177734375,340
688,1611.70319688594,1595.53477390816,556.7177734375,340
689,1401.6840940775,1593.77645033476,557.072021484375,340
690,1636.13946591831,1593.08592706242,557.072021484375,340
691,1519.39872359654,1595.3119804777,557.072021484375,340
692,1498.33914312319,1593.23187285845,557.072021484375,340
693,1552.25757217687,1587.57837672442,557.072021484375,340
694,1423.65295574695,1582.29183747011,557.072021484375,340
695,1410.01083191548,1573.95595920882,557.072021484375,340
696,1586.3534808572,1574.28067889262,557.072021484375,340
697,1644.75993940465,1576.18723668237,558.022216796875,340
698,1481.44067093826,1569.43806087513,558.022216796875,340
699,1666.57888931813,1572.52106497151,558.022216796875,340
700,1546.34848852897,1567.48101490565,558.022216796875,340
701,1655.96808827662,1566.1091040243,558.022216796875,340
702,1645.48534642332,1565.70269299181,558.022216796875,340
703,1649.77864244011,1565.10762464148,558.022216796875,340
704,1385.70770956407,1554.90593967926,558.022216796875,340
705,1526.80514293092,1552.16118372054,557.45703125,340
706,1548.55352355352,1552.96262574827,557.45703125,340
707,1342.1022192186,1541.99974888536,557.45703125,340
708,1471.08520917904,1535.2811646515,557.45703125,340
709,1694.22389465045,1543.47425444001,557.45703125,340
710,1467.28178808318,1539.99277131396,557.45703125,340
711,1424.46852267797,1536.48420794361,557.45703125,340
712,1483.28975904429,1530.9366919412,557.45703125,340
713,1651.58084089536,1532.53179770158,553.056945800781,340
714,1669.58963809126,1543.24801946213,553.056945800781,340
715,1684.84226144045,1545.19613128302,553.056945800781,340
716,1680.24548848029,1551.63000187837,553.056945800781,340
717,1645.54634611502,1557.51828999804,553.056945800781,340
718,1673.36848547086,1562.3627265298,553.056945800781,340
719,1679.57266690104,1572.59951497596,553.056945800781,340
720,1675.22501441957,1583.20808227613,553.056945800781,340
721,1616.56898175294,1584.41670231196,553.904113769531,340
722,1703.34750065277,1586.76020476188,553.904113769531,340
723,1685.33487736276,1594.91597301886,553.904113769531,340
724,1524.2048909919,1589.22101308581,553.904113769531,340
725,1637.90492876536,1592.88327069527,553.904113769531,340
726,1659.52209476081,1593.02543095463,553.904113769531,340
727,1681.93937601088,1594.48359213814,553.904113769531,340
728,1672.72353862379,1595.40138798548,553.904113769531,340
729,1613.00698145479,1604.49335886111,553.275939941406,340
730,1680.58464646465,1610.64453900246,553.275939941406,340
731,1686.76645547508,1616.17305627932,553.275939941406,340
732,1675.56841997042,1629.5117043094,553.275939941406,340
733,1698.7784425424,1638.61943364393,553.275939941406,340
734,1677.10476291024,1637.93466837432,553.275939941406,340
735,1687.28869357564,1646.73494459402,553.275939941406,340
736,1686.53753752688,1657.21770518798,553.275939941406,340
737,1560.73415604972,1660.31548106819,555.740783691406,340
738,1687.54391237593,1661.75400392742,555.740783691406,340
739,1695.87749526476,1662.80551821436,555.740783691406,340
740,1628.15329632636,1660.53795960979,555.740783691406,340
741,1646.79710324603,1659.20002420042,555.740783691406,340
742,1618.52779095808,1658.11928199415,555.740783691406,340
743,1685.17604553733,1658.5915843968,555.740783691406,340
744,1658.72159636841,1657.7575415755,555.740783691406,340
745,1659.45069312647,1657.12656872377,556.326843261719,340
746,1635.7871893087,1657.89529702601,556.326843261719,340
747,1654.23606853895,1655.93083974145,556.326843261719,340
748,1667.43238898743,1655.21474020644,556.326843261719,340
749,1674.25701035875,1661.21682498111,556.326843261719,340
750,1655.19905022527,1661.90858983951,556.326843261719,340
751,1658.47895465251,1661.86686423518,556.326843261719,340
752,1600.45990113523,1658.60768524015,556.326843261719,340
753,1688.70420198887,1659.24691177476,556.971984863281,340
754,1681.03912202966,1661.96819739775,556.971984863281,340
755,1687.78275577286,1662.25612177008,556.971984863281,340
756,1665.8046972845,1661.41765144246,556.971984863281,340
757,1621.00103064632,1659.23495586949,556.971984863281,340
758,1677.30392025787,1658.37597497811,556.971984863281,340
759,1670.33467636371,1658.10517151625,556.971984863281,340
760,1653.93809003897,1656.77114737478,556.971984863281,340
761,1660.98689614738,1655.7491217196,556.747009277344,340
762,1694.65053376617,1661.10577682826,556.747009277344,340
763,1679.76633152554,1660.79467359425,556.747009277344,340
764,1678.51030685,1660.09998605766,556.747009277344,340
765,1677.41572162563,1662.07048306963,556.747009277344,340
766,1647.71799206418,1662.10731862235,556.747009277344,340
767,1686.59173909439,1664.8298765478,556.747009277344,340
768,1617.74145290283,1662.13249284242,556.747009277344,340
769,1673.88166660753,1662.73889565199,554.1875,340
770,1663.92367119475,1662.91781477472,554.1875,340
771,1683.36045750027,1664.82074550238,554.1875,340
772,1668.93288801682,1665.4086182815,554.1875,340
773,1655.20544317283,1664.91954044891,554.1875,340
774,1589.48719824118,1661.52874796421,554.1875,340
775,1610.29645395154,1659.73264411326,554.1875,340
776,1659.10383001474,1659.75763912775,554.1875,340
777,1580.17532362634,1658.94625602739,551.450256347656,340
778,1678.06854965657,1658.5208299341,551.450256347656,340
779,1592.66205110946,1654.98574709729,551.450256347656,340
780,1661.30038984206,1653.92645246006,551.450256347656,340
781,1665.81756706741,1653.92696725138,551.450256347656,340
782,1601.62021553302,1653.15173464685,551.450256347656,340
783,1614.08872166961,1650.62312670332,551.450256347656,340
784,1677.47896012897,1650.90889805393,551.450256347656,340
785,1687.11386134794,1652.23592890629,548.172973632812,340
786,1634.68141025166,1651.18370947046,548.172973632812,340
787,1613.87547635913,1647.95270717417,548.172973632812,340
788,1613.69120462465,1645.30970209814,548.172973632812,340
789,1682.13910601295,1645.45485406466,548.172973632812,340
790,1549.55429019059,1640.34039680726,548.172973632812,340
791,1572.9694301233,1637.35045432962,548.172973632812,340
792,1646.21681248026,1635.73545726506,548.172973632812,340
793,1693.82606700204,1638.77884182902,549.022583007812,340
794,1578.72755526473,1634.97267737531,549.022583007812,340
795,1653.76573885231,1634.56636008161,549.022583007812,340
796,1662.51569019109,1633.73256938925,549.022583007812,340
797,1636.01608682538,1632.41589734159,549.022583007812,340
798,1637.67408246693,1631.71464291335,549.022583007812,340
799,1611.90563093076,1632.61138022094,549.022583007812,340
800,1692.42580832564,1635.8965543959,549.022583007812,340
801,1681.72153541672,1636.80126261198,551.668212890625,340
802,1695.22920617445,1641.40341791391,551.668212890625,340
803,1682.47889263624,1641.57983163309,551.668212890625,340
804,1636.45653633764,1643.33161104222,551.668212890625,340
805,1701.02766384102,1644.92070200218,551.668212890625,340
806,1695.36419963361,1646.10256730483,551.668212890625,340
807,1691.91093964748,1649.7141962694,551.668212890625,340
808,1693.45717816105,1652.88893452906,551.668212890625,340
809,1697.58320279092,1653.69310423554,552.781005859375,340
810,1698.0842841674,1654.13192114832,552.781005859375,340
811,1598.63881937078,1652.69021751308,552.781005859375,340
812,1692.01953867234,1655.81598000561,552.781005859375,340
813,1692.69853911582,1658.97627338526,552.781005859375,340
814,1678.89244399387,1658.8464069045,552.781005859375,340
815,1701.92781983594,1664.94134809031,552.781005859375,340
816,1691.18915952088,1669.67013726621,552.781005859375,340
817,1693.13872577502,1671.547013798,553.794372558594,340
818,1701.4719122573,1671.85284760821,553.794372558594,340
819,1591.17304162546,1672.35066706264,553.794372558594,340
820,1702.92299429612,1674.31695728039,553.794372558594,340
821,1699.65729331722,1675.80262140544,553.794372558594,340
822,1715.43503294226,1678.97937925012,553.794372558594,340
823,1695.82534187627,1681.30542962649,553.794372558594,340
824,1672.09323459411,1683.71293377302,553.794372558594,340
825,1707.66718244258,1684.3225887377,556.118286132812,340
826,1703.47981455556,1685.19291990325,556.118286132812,340
827,1699.58898607572,1685.3673110993,556.118286132812,340
828,1705.6559479977,1686.29439331376,556.118286132812,340
829,1704.43310664865,1689.0134561262,556.118286132812,340
830,1699.67913115029,1688.95951481857,556.118286132812,340
831,1703.18785322131,1689.27246096208,556.118286132812,340
832,1659.38773683096,1687.97153284942,556.118286132812,340
833,1679.76778851912,1687.42395726374,557.827087402344,340
834,1700.46488638434,1687.53922460748,557.827087402344,340
835,1723.74946675969,1688.56583191117,557.827087402344,340
836,1722.82322465344,1693.53320812248,557.827087402344,340
837,1706.39158586699,1694.10809001026,557.827087402344,340
838,1712.99257827108,1694.91985157648,557.827087402344,340
839,1719.6421588439,1696.54984017048,557.827087402344,340
840,1720.33928344821,1697.28629871497,557.827087402344,340
841,1713.16356135067,1698.16527478816,559.047058105469,340
842,1715.0258895342,1699.04076133853,559.047058105469,340
843,1689.39732225212,1698.55777773832,559.047058105469,340
844,1714.48219878403,1703.49014402466,559.047058105469,340
845,1706.81501049016,1703.64582467242,559.047058105469,340
846,1601.41377478112,1699.71608393098,559.047058105469,340
847,1672.97910052464,1698.01784663427,559.047058105469,340
848,1669.57305657322,1696.96775522215,559.047058105469,340
849,1700.36425340532,1698.0985959746,562.874145507812,340
850,1727.04295846457,1698.87362701548,562.874145507812,340
851,1717.19548848958,1699.42225397284,562.874145507812,340
852,1729.84220846259,1700.63238286832,562.874145507812,340
853,1714.67732495928,1700.99323794678,562.874145507812,340
854,1710.86224823912,1701.2504036104,562.874145507812,340
855,1699.20466279134,1701.23142487604,562.874145507812,340
856,1679.95075413939,1700.30194091276,562.874145507812,340
857,1724.81409005956,1702.91899504191,562.794189453125,340
858,1708.17393206303,1704.05524078366,562.794189453125,340
859,1728.83943788192,1705.19022284357,562.794189453125,340
860,1717.78385485326,1704.95159836731,562.794189453125,340
861,1727.35746366789,1705.13296792789,562.794189453125,340
862,1726.53239848605,1705.93860043265,562.794189453125,340
863,1734.40978011698,1706.79528850649,562.794189453125,340
864,1712.78878471323,1706.52115354126,562.794189453125,340
865,1749.43594485244,1707.68501999743,563.034606933594,340
866,1711.77608542068,1707.62952096023,563.034606933594,340
867,1714.6733461677,1707.61541922557,563.034606933594,340
868,1728.00589252922,1709.15976203665,563.034606933594,340
869,1738.62598687058,1710.12551356012,563.034606933594,340
870,1673.87074097946,1708.80774277969,563.034606933594,340
871,1731.04960004196,1713.99317579012,563.034606933594,340
872,1735.86329857146,1716.50854371199,563.034606933594,340
873,1728.23305383078,1718.8549436023,563.515075683594,340
874,1732.05394506895,1720.12253126884,563.515075683594,340
875,1718.9453508977,1719.79862696617,563.515075683594,340
876,1726.63686484398,1720.17628202034,563.515075683594,340
877,1728.1604170231,1720.10901036276,563.515075683594,340
878,1637.05236087978,1717.00401179958,563.515075683594,340
879,1698.81678213672,1716.52219315549,563.515075683594,340
880,1722.66393119503,1717.46056389164,563.515075683594,340
881,1742.82095978499,1719.97537211746,565.321716308594,340
882,1721.68396560849,1719.85016713942,565.321716308594,340
883,1726.85634224229,1720.59746354659,565.321716308594,340
884,1740.74600486078,1721.07372622574,565.321716308594,340
885,1731.40464401931,1721.61855779238,565.321716308594,340
886,1712.27314621175,1721.01518509414,565.321716308594,340
887,1654.7329748622,1718.14320814918,565.321716308594,340
888,1747.18694603739,1718.654294786,565.321716308594,340
889,1722.99846711986,1719.06268208226,566.749084472656,340
890,1746.50301253777,1718.94536478968,566.749084472656,340
891,1729.90462523075,1719.67050638208,566.749084472656,340
892,1729.83110122661,1720.27681658444,566.749084472656,340
893,1723.134630423,1720.08196610019,566.749084472656,340
894,1700.68401711827,1718.5642873101,566.749084472656,340
895,1720.23895739298,1720.41901596664,566.749084472656,340
896,1739.4036160632,1720.75317660749,566.749084472656,340
897,1706.05243480986,1719.56074205702,567.779479980469,340
898,1720.43585379042,1719.24885405541,567.779479980469,340
899,1744.34592440639,1719.7405332289,567.779479980469,340
900,1743.65396030278,1720.72887760511,567.779479980469,340
901,1744.75158785951,1721.45346652573,567.779479980469,340
902,1659.68403941387,1718.71441142136,567.779479980469,340
903,1666.06499423791,1719.87491675568,567.779479980469,340
904,1723.27326341805,1720.85317600694,567.779479980469,340
905,1742.09964417008,1721.63060452594,568.30419921875,340
906,1708.7111516637,1720.26621220109,568.30419921875,340
907,1734.21687790883,1720.7675286931,568.30419921875,340
908,1741.9967407128,1721.37314463192,568.30419921875,340
909,1728.64589089091,1720.88914007313,568.30419921875,340
910,1725.32525890316,1720.64596466848,568.30419921875,340
911,1720.40100137786,1720.97107887513,568.30419921875,340
912,1681.79096092849,1722.05339831778,568.30419921875,340
913,1663.99253787031,1718.72562199109,567.670043945312,340
914,1746.46597477778,1719.66432229741,567.670043945312,340
915,1672.61418070278,1716.70876902401,567.670043945312,340
916,1720.32482752126,1716.32557711563,567.670043945312,340
917,1743.57628838855,1716.87538460211,567.670043945312,340
918,1743.71777369745,1717.69871033309,567.670043945312,340
919,1744.99622418797,1719.47119861588,567.670043945312,340
920,1677.35201800932,1717.75572104053,567.670043945312,340
921,1760.68866091108,1718.60712283444,567.041931152344,340
922,1744.06084690516,1720.12745931826,567.041931152344,340
923,1754.9251942967,1721.50703293851,567.041931152344,340
924,1741.11531123286,1721.37780841157,567.041931152344,340
925,1736.97169672315,1721.11051786838,567.041931152344,340
926,1768.43901867572,1722.05801510103,567.041931152344,340
927,1753.59171513572,1725.8143221299,567.041931152344,340
928,1763.86736747925,1729.72641705956,567.041931152344,340
929,1750.95474504917,1730.8336763248,567.261352539062,340
930,1712.33695188191,1729.64316863328,567.261352539062,340
931,1730.74844950087,1730.52466054676,567.261352539062,340
932,1734.18608733413,1730.52342892377,567.261352539062,340
933,1760.42367477056,1731.26050628608,567.261352539062,340
934,1729.68783577084,1731.30218408128,567.261352539062,340
935,1726.93890915658,1731.36673009142,567.261352539062,340
936,1744.19041610709,1732.31830668059,567.261352539062,340
937,1727.61324348151,1734.15119798271,566.481018066406,340
938,1734.3864450624,1736.96695427039,566.481018066406,340
939,1715.92045428353,1735.74513345062,566.481018066406,340
940,1755.48193896563,1739.05984378114,566.481018066406,340
941,1762.64838651464,1740.75278614087,566.481018066406,340
942,1702.55020601935,1739.1117428461,566.481018066406,340
943,1748.25616025894,1739.29327830856,566.481018066406,340
944,1758.91970996261,1739.85021773955,566.481018066406,340
945,1695.7028226584,1740.58424992551,564.318786621094,340
946,1720.88644601432,1738.99216132964,564.318786621094,340
947,1770.77079462537,1740.06055923845,564.318786621094,340
948,1768.99760669618,1740.62345573443,564.318786621094,340
949,1753.22196897154,1741.10772204398,564.318786621094,340
950,1711.76997108137,1740.0996530183,564.318786621094,340
951,1694.22978531302,1737.1312836838,564.318786621094,340
952,1707.78223467439,1735.29890446534,564.318786621094,340
953,1716.78498932235,1733.41560933907,563.795349121094,340
954,1766.07273559535,1734.02032896091,563.795349121094,340
955,1719.39773368313,1734.30276023296,563.795349121094,340
956,1666.37997016944,1731.72802105971,563.795349121094,340
957,1706.05799984367,1730.60289756009,563.795349121094,340
958,1745.08864380726,1729.98949632156,563.795349121094,340
959,1765.29237788326,1731.41367800605,563.795349121094,340
960,1612.4741239753,1726.8350865988,563.795349121094,340
961,1739.24226159616,1726.63716041836,565.001037597656,340
962,1746.54648259701,1727.39448998298,565.001037597656,340
963,1718.98235279527,1726.7783262923,565.001037597656,340
964,1662.6942348351,1724.64927751436,565.001037597656,340
965,1712.31645676292,1722.92265822625,565.001037597656,340
966,1669.06741136437,1719.17941922024,565.001037597656,340
967,1759.99864927743,1721.47735695057,565.001037597656,340
968,1717.16399912134,1720.23367050506,565.001037597656,340
969,1670.57211808959,1716.69976683014,565.716491699219,340
970,1768.52469818456,1719.61264185119,565.716491699219,340
971,1730.68121165848,1720.00443247695,565.716491699219,340
972,1515.89282829161,1709.8093138236,565.716491699219,340
973,1612.97757706563,1703.56851263838,565.716491699219,340
974,1724.19621425975,1702.40748244991,565.716491699219,340
975,1751.51523828751,1703.99729313816,565.716491699219,340
976,1732.1466218117,1705.5139665981,565.716491699219,340
977,1692.61572664547,1704.90730627695,567.630859375,340
978,1631.74185109,1701.50558074765,567.630859375,340
979,1752.32690137234,1700.95574737873,567.630859375,340
980,1757.27939527442,1702.47101384238,567.630859375,340
981,1627.77359849007,1700.92675897521,567.630859375,340
982,1737.27464401375,1702.17542474201,567.630859375,340
983,1738.33417878887,1701.90524614128,567.630859375,340
984,1614.6344840401,1695.87893038755,567.630859375,340
985,1752.32157322765,1701.47282835764,568.647094726562,340
986,1747.74131447756,1701.8127904729,568.647094726562,340
987,1755.17458843982,1702.15791470661,568.647094726562,340
988,1714.57338255136,1701.98155589686,568.647094726562,340
989,1734.18915076857,1704.84135253419,568.647094726562,340
990,1727.62400940741,1705.45365463997,568.647094726562,340
991,1762.95254301707,1709.20905990608,568.647094726562,340
992,1755.33352284475,1709.02245484877,568.647094726562,340
993,1736.28860978282,1709.78743927523,568.193115234375,340
994,1713.05317927995,1711.48668172285,568.193115234375,340
995,1692.09543195036,1708.42951107348,568.193115234375,340
996,1734.72298694479,1708.59118208493,568.193115234375,340
997,1705.79701886625,1716.18734970792,568.193115234375,340
998,1731.300565394,1720.92026924105,568.193115234375,340
999,1734.85777885875,1721.34673182501,568.193115234375,340
1000,1743.38720649404,1721.02161055327,568.193115234375,340
1001,1747.16077541308,1721.62217669733,566.874633789062,340
1002,1766.75370534149,1724.58769584517,566.874633789062,340
1003,1727.29290543027,1728.40973801878,566.874633789062,340
1004,1745.03458593858,1728.11804540143,566.874633789062,340
1005,1713.70781913491,1726.37518235585,566.874633789062,340
1006,1714.85874708482,1729.85858829964,566.874633789062,340
1007,1737.20415074509,1729.85576856889,566.874633789062,340
1008,1705.49122736623,1728.54205051199,566.874633789062,340
1009,1670.16762208612,1730.76337603383,566.471496582031,340
1010,1751.12079040029,1730.71534472073,566.471496582031,340
1011,1718.94143766005,1729.56334964803,566.471496582031,340
1012,1748.43312029137,1729.2936909221,566.471496582031,340
1013,1742.32175572923,1730.40362584921,566.471496582031,340
1014,1598.65022979962,1724.98206901045,566.471496582031,340
1015,1661.28321952435,1722.32843741513,566.471496582031,340
1016,1678.40291156738,1718.94645215714,566.471496582031,340
1017,1709.54416104477,1717.11487768514,567.402465820312,340
1018,1743.58604473635,1717.40677508329,567.402465820312,340
1019,1732.26819330679,1718.17537564436,567.402465820312,340
1020,1739.73241064058,1720.08085479197,567.402465820312,340
1021,1703.75090430109,1718.84197148622,567.402465820312,340
1022,1736.6982858344,1720.07802216495,567.402465820312,340
1023,1736.53922527023,1720.28756856,567.402465820312,340
1024,1739.1131162065,1720.45778205391,567.402465820312,340
1025,1733.99467386632,1720.0820807488,567.412780761719,340
1026,1742.98852739241,1719.91519082797,567.412780761719,340
1027,1726.78610113895,1718.31648665987,567.412780761719,340
1028,1721.78141504474,1718.09602704445,567.412780761719,340
1029,1733.02612287987,1717.6156885221,567.412780761719,340
1030,1719.40251657486,1717.8434764197,567.412780761719,340
1031,1715.91244703808,1717.88562441783,567.412780761719,340
1032,1720.07173794614,1717.20032790587,567.412780761719,340
1033,1716.92116333402,1717.65752534458,567.200927734375,340
1034,1736.6792468431,1720.31799033486,567.200927734375,340
1035,1744.73252415855,1720.06245968519,567.200927734375,340
1036,1748.01821047012,1721.22553059759,567.200927734375,340
1037,1708.53422941351,1719.62957496248,567.200927734375,340
1038,1684.43694735736,1717.3141826276,567.200927734375,340
1039,1727.83138474988,1722.48142882561,567.200927734375,340
1040,1724.18683538294,1724.99757345996,567.200927734375,340
1041,1753.60154027881,1728.00551860841,565.902404785156,340
1042,1737.86778573037,1729.13846359584,565.902404785156,340
1043,1742.08989493474,1729.07861760377,565.902404785156,340
1044,1766.89955838011,1730.46387220671,565.902404785156,340
1045,1748.14428322786,1730.8003471102,565.902404785156,340
1046,1727.33416425665,1731.74367750842,565.902404785156,340
1047,1696.58042257363,1730.13896297799,565.902404785156,340
1048,1742.48142251056,1730.3766508676,565.902404785156,340
1049,1746.7421113386,1730.68181067289,565.831604003906,340
1050,1748.40814285206,1731.25834943232,565.831604003906,340
1051,1755.72755760339,1731.76791064076,565.831604003906,340
1052,1754.56924239466,1732.87923629098,565.831604003906,340
1053,1742.19968638027,1733.6959671444,565.831604003906,340
1054,1751.71502441564,1734.44352320584,565.831604003906,340
1055,1743.38330654708,1735.40275480472,565.831604003906,340
1056,1737.62390258613,1736.27121302665,565.831604003906,340
1057,1757.37462172344,1737.76332837774,566.926940917969,340
1058,1750.73586020967,1739.11591625276,566.926940917969,340
1059,1742.75847968504,1739.35908556644,566.926940917969,340
1060,1760.34985797235,1739.98377891899,566.926940917969,340
1061,1747.90838661417,1739.97938596476,566.926940917969,340
1062,1631.7351048389,1736.90742098177,566.926940917969,340
1063,1688.1607002072,1737.05637109577,566.926940917969,340
1064,1738.50412697524,1737.48328078478,566.926940917969,340
1065,1755.58173333972,1738.73907670305,565.951599121094,340
1066,1750.21343699482,1738.60355257169,565.951599121094,340
1067,1732.7362427904,1738.39829085409,565.951599121094,340
1068,1742.29522136177,1738.40650391117,565.951599121094,340
1069,1770.70153841712,1738.55858311266,565.951599121094,340
1070,1711.05065040965,1737.07483779993,565.951599121094,340
1071,1725.33075634446,1736.99470148344,565.951599121094,340
1072,1751.96776363262,1739.2101951258,565.951599121094,340
1073,1771.16378609249,1740.35748966908,568.124633789062,340
1074,1752.22853721033,1740.57694670394,568.124633789062,340
1075,1758.99729644544,1741.00051284768,568.124633789062,340
1076,1695.53497534017,1738.59280955715,568.124633789062,340
1077,1770.37336498506,1739.22497446077,568.124633789062,340
1078,1752.04588303654,1739.61882232702,568.124633789062,340
1079,1748.20831052709,1739.47855377148,568.124633789062,340
1080,1730.94215864871,1738.98090785554,568.124633789062,340
1081,1747.62133890955,1739.38080530848,568.674072265625,340
1082,1751.89605979277,1739.16166283125,568.674072265625,340
1083,1748.1887856817,1739.05977985013,568.674072265625,340
1084,1756.07028946285,1739.59225224124,568.674072265625,340
1085,1762.32326955391,1739.67118870451,568.674072265625,340
1086,1738.02894106265,1739.27601088245,568.674072265625,340
1087,1730.17827721994,1743.21373777769,568.674072265625,340
1088,1755.74363220691,1745.91705505768,568.674072265625,340
1089,1768.69877481027,1747.12484097108,569.601135253906,340
1090,1731.39289093552,1746.15728727491,569.601135253906,340
1091,1766.72855306827,1746.81789191785,569.601135253906,340
1092,1766.85478272551,1748.18263351525,569.601135253906,340
1093,1750.1980164623,1748.49874531927,569.601135253906,340
1094,1753.69875278228,1747.81863389388,569.601135253906,340
1095,1759.72578332924,1749.76563921066,569.601135253906,340
1096,1769.15823269577,1751.51873826472,569.601135253906,340
1097,1745.83063214147,1751.27325300507,570.52001953125,340
1098,1759.49532662149,1750.80651462623,570.52001953125,340
1099,1778.2711964023,1751.84822099391,570.52001953125,340
1100,1707.10364094057,1749.77247477371,570.52001953125,340
1101,1760.32962048617,1752.36426057955,570.52001953125,340
1102,1719.16518305042,1750.31593330217,570.52001953125,340
1103,1723.93448032497,1749.1914771937,570.52001953125,340
1104,1757.78414892399,1749.57451072958,570.52001953125,340
1105,1708.30793576293,1748.66914181415,569.792846679688,340
1106,1637.77658490053,1744.27535165379,569.792846679688,340
1107,1748.8683140956,1744.1542418259,569.792846679688,340
1108,1715.7013031074,1742.85474252293,569.792846679688,340
1109,1700.7847701755,1740.64332175144,569.792846679688,340
1110,1752.70611267764,1740.25863547639,569.792846679688,340
1111,1736.67711358097,1740.20456237712,569.792846679688,340
1112,1724.74312038514,1739.98715610373,569.792846679688,340
1113,1756.07610950165,1740.00045519552,570.062927246094,340
1114,1754.53457357965,1739.43388714629,570.062927246094,340
1115,1766.52779020146,1740.83928311693,570.062927246094,340
1116,1700.22526154325,1738.17915145593,570.062927246094,340
1117,1749.32847562226,1737.4780991718,570.062927246094,340
1118,1760.32401937138,1737.88313928816,570.062927246094,340
1119,1748.69948303452,1737.68316849825,570.062927246094,340
1120,1760.61167358623,1737.71860410853,570.062927246094,340
1121,1762.81036979337,1737.46468959243,570.752197265625,340
1122,1749.24421638514,1737.60123296218,570.752197265625,340
1123,1752.00883675429,1737.30177336749,570.752197265625,340
1124,1695.02758966243,1733.9720290979,570.752197265625,340
1125,1772.34908714725,1736.58184694617,570.752197265625,340
1126,1771.98418413192,1737.048029492,570.752197265625,340
1127,1759.45304844556,1738.6595441078,570.752197265625,340
1128,1760.62017001322,1740.12697169533,570.752197265625,340
1129,1635.90748113323,1735.2519049837,570.95166015625,340
1130,1758.39087317396,1737.25522248014,570.95166015625,340
1131,1786.82712294927,1743.21724400209,570.95166015625,340
1132,1670.80519101155,1740.09471907873,570.95166015625,340
1133,1772.25593600094,1742.35690439447,570.95166015625,340
1134,1768.42113394629,1745.0623589453,570.95166015625,340
1135,1774.12416142343,1745.91908089513,570.95166015625,340
1136,1748.45910239112,1746.39036044754,570.95166015625,340
1137,1768.79702568855,1748.15251665968,570.352722167969,340
1138,1782.2608689531,1749.19990703774,570.352722167969,340
1139,1777.19414755623,1750.1062899968,570.352722167969,340
1140,1763.32007918349,1749.97798155608,570.352722167969,340
1141,1763.73225400646,1752.51826125461,570.352722167969,340
1142,1695.96355013935,1750.38366423529,570.352722167969,340
1143,1789.60590543331,1751.55493967777,570.352722167969,340
1144,1760.79709371276,1752.0388441049,570.352722167969,340
1145,1692.76386125082,1749.32493161148,571.00341796875,340
1146,1687.655744647,1746.31874660563,571.00341796875,340
1147,1628.37238753838,1741.48387345176,571.00341796875,340
1148,1706.23881348624,1739.65307252103,571.00341796875,340
1149,1493.83281754234,1731.60528163623,571.00341796875,340
1150,1664.42742052037,1727.28841497116,571.00341796875,340
1151,1605.24597694256,1720.61888668358,571.00341796875,340
1152,1745.13172272142,1720.04603365462,571.00341796875,340
1153,1082.0016510083,1692.90129289442,571.017028808594,340
1154,1124.8592598861,1672.45936404453,571.017028808594,340
1155,1143.8663945411,1647.87838489922,571.017028808594,340
1156,1232.64595304936,1625.71113810322,571.017028808594,340
1157,1065.75039517499,1601.50894626976,571.017028808594,340
1158,1220.62180655895,1579.44358109208,571.017028808594,340
1159,1133.09299142184,1554.0304553911,571.017028808594,340
1160,1165.51975131135,1529.68627898662,571.017028808594,340
1161,1204.02307520982,1507.90883789937,569.408447265625,340
1162,983.277419294829,1476.48805364362,569.408447265625,340
1163,1192.12123164091,1452.88246815113,569.408447265625,340
1164,1227.57417415113,1430.89766921493,569.408447265625,340
1165,882.22748062725,1395.65396527268,569.408447265625,340
1166,1132.56813998832,1370.40740071195,569.408447265625,340
1167,1106.95030524644,1346.84687091624,569.408447265625,340
1168,1108.20473874558,1319.59082424873,569.408447265625,340
1169,1315.95638109148,1301.79719574388,570.440185546875,340
1170,1259.84787108352,1284.48055613718,570.440185546875,340
1171,1215.30534387167,1265.58654010617,570.440185546875,340
1172,1258.29493939563,1250.78344218046,570.440185546875,340
1173,1272.76446021465,1233.4444680496,570.440185546875,340
1174,1195.24654001376,1221.50101694845,570.440185546875,340
1175,1137.44811347229,1200.42184466653,570.440185546875,340
1176,1183.67431755761,1183.55897829113,570.440185546875,340
1177,1204.23377147252,1161.92306024118,564.525939941406,340
1178,1197.78091066254,1166.55423062735,564.525939941406,340
1179,1327.32101567863,1174.65270085905,564.525939941406,340
1180,1252.71509962641,1179.00664906246,564.525939941406,340
1181,1221.13699301185,1178.54629066096,564.525939941406,340
1182,1276.2203161294,1186.96508749913,564.525939941406,340
1183,1173.16161964157,1185.06668002244,564.525939941406,340
1184,1262.6202435531,1190.24777010769,564.525939941406,340
1185,1371.58389892524,1198.49033601225,559.410034179688,340
1186,1174.76822445222,1197.32014198194,559.410034179688,340
1187,1387.96298403882,1213.5075645717,559.410034179688,340
1188,1183.61117457478,1213.16716228906,559.410034179688,340
1189,1280.01872087533,1215.26494415802,559.410034179688,340
1190,1288.68131281402,1231.52309744549,559.410034179688,340
1191,1305.142042061,1238.4260535284,559.410034179688,340
1192,1363.35464225735,1248.68222700884,559.410034179688,340
1193,1211.8592723411,1252.82840835266,550.225646972656,340
1194,989.206408890643,1239.75840946463,550.225646972656,340
1195,1227.90452995352,1238.48067581943,550.225646972656,340
1196,1198.59689472765,1237.81233785367,550.225646972656,340
1197,1237.36176450104,1236.97501085788,550.225646972656,340
1198,1159.83649661631,1232.45789231395,550.225646972656,340
1199,1165.64423305461,1231.27380003558,550.225646972656,340
1200,1221.78970767568,1234.64746380372,550.225646972656,340
1201,1274.54672561523,1238.28236012602,542.220520019531,340
1202,1185.21849293384,1237.52174898448,542.220520019531,340
1203,1295.3307637795,1241.42374310915,542.220520019531,340
1204,1145.51598947184,1234.15154206088,542.220520019531,340
1205,1303.55159508173,1236.18500187909,542.220520019531,340
1206,1274.29586160492,1238.31135662282,542.220520019531,340
1207,1190.74122734867,1234.89219307159,542.220520019531,340
1208,1284.04433127563,1239.32750153695,542.220520019531,340
1209,1178.62541690444,1235.967708471,532.333862304688,340
1210,1269.61492792448,1231.88894963097,532.333862304688,340
1211,1196.22831749491,1232.74735335268,532.333862304688,340
1212,1313.17130546118,1229.75568620958,532.333862304688,340
1213,1336.20848203438,1235.85957850796,532.333862304688,340
1214,1380.84048923102,1239.89244924219,532.333862304688,340
1215,1279.97945642143,1239.54437498648,532.333862304688,340
1216,1343.02301898882,1241.0596140636,532.333862304688,340
1217,1487.90248026599,1246.04152758394,524.801086425781,340
1218,1448.07943121822,1255.49033393903,524.801086425781,340
1219,1443.5004781225,1273.6620967083,524.801086425781,340
1220,1482.21948770365,1283.83469501831,524.801086425781,340
1221,1629.87275393711,1301.08572938668,524.801086425781,340
1222,1287.40014268123,1303.08726451389,524.801086425781,340
1223,1474.24669892305,1315.66367260616,524.801086425781,340
1224,1349.40445493681,1323.01408148145,524.801086425781,340
1225,1481.55748721601,1333.40479266306,522.895446777344,340
1226,1476.86368952928,1341.49747121962,522.895446777344,340
1227,1452.45506190584,1352.1869339785,522.895446777344,340
1228,1302.52430359542,1352.47467557114,522.895446777344,340
1229,1345.74286339993,1360.48375052826,522.895446777344,340
1230,1345.34428559464,1362.15545814878,522.895446777344,340
1231,1538.66462323697,1372.73020861406,522.895446777344,340
1232,1533.63419640027,1386.44592737613,522.895446777344,340
1233,1347.86744876816,1388.99885207583,524.456726074219,340
1234,1576.77818644197,1404.92496285733,524.456726074219,340
1235,1499.03787170216,1414.10188060844,524.456726074219,340
1236,1577.13810369327,1429.33827205637,524.456726074219,340
1237,1514.01674776649,1437.37208974858,524.456726074219,340
1238,1517.79003917046,1444.63535203403,524.456726074219,340
1239,1557.2263955556,1451.69078828701,524.456726074219,340
1240,1588.28755429105,1464.0231122018,524.456726074219,340
1241,1227.6881851014,1459.4097188463,523.544555664062,340
1242,1468.31011233423,1458.62602412903,523.544555664062,340
1243,1493.85341461691,1460.45698346498,523.544555664062,340
1244,1546.90422408271,1464.59313330338,523.544555664062,340
1245,1504.74034095085,1465.49396743327,523.544555664062,340
1246,1437.22586064907,1457.78809170175,523.544555664062,340
1247,1472.06894142775,1465.17484365161,523.544555664062,340
1248,1646.6379873397,1472.07049518828,523.544555664062,340
1249,1643.54593268005,1483.83615429801,522.518737792969,340
1250,1624.21318979002,1489.54238240097,522.518737792969,340
1251,1623.20064893001,1495.395860777,522.518737792969,340
1252,1589.39283420188,1500.87337166884,522.518737792969,340
1253,1567.81338059489,1511.48493474882,522.518737792969,340
1254,1614.12331273773,1522.22015272233,522.518737792969,340
1255,1504.01396952124,1528.56694007939,522.518737792969,340
1256,1562.48653544535,1529.51981656773,522.518737792969,340
1257,1601.34726109063,1532.22833915534,524.962463378906,340
1258,1620.201301868,1543.12169327934,524.962463378906,340
1259,1632.95177121,1545.36863667006,524.962463378906,340
1260,1604.33229777004,1549.58041371277,524.962463378906,340
1261,1631.46601209762,1551.75353004895,524.962463378906,340
1262,1394.10475635386,1546.95705039244,524.962463378906,340
1263,1507.66875054786,1546.55219884754,524.962463378906,340
1264,1615.12660723285,1548.86820731463,524.962463378906,340
1265,1593.02360130836,1549.05764919532,530.182922363281,340
1266,1619.04698861181,1564.71200133574,530.182922363281,340
1267,1517.20680505299,1566.66786904449,530.182922363281,340
1268,1565.44160202056,1569.53139654063,530.182922363281,340
1269,1620.12883886706,1572.46038113201,530.182922363281,340
1270,1572.61173458911,1575.17523687754,530.182922363281,340
1271,1568.86308945149,1580.44072602963,530.182922363281,340
1272,1624.69093686437,1586.5456058471,530.182922363281,340
1273,1325.66812406827,1573.70681131624,533.143737792969,340
1274,1617.32994893043,1572.65817196626,533.143737792969,340
1275,1543.31948528518,1569.42242378606,533.143737792969,340
1276,1615.30661113416,1569.10666227423,533.143737792969,340
1277,1602.98574312535,1569.65037863117,533.143737792969,340
1278,1564.69361650829,1569.5255880677,533.143737792969,340
1279,1573.17626054523,1567.88770598,533.143737792969,340
1280,1438.05939283215,1565.24952291244,533.143737792969,340
1281,1618.47912091204,1567.48922633111,537.926452636719,340
1282,1525.53282164201,1564.45664875316,537.926452636719,340
1283,1221.2597013876,1548.49898473395,537.926452636719,340
1284,1319.217658959,1535.94962024391,537.926452636719,340
1285,1530.6857254783,1533.00375735224,537.926452636719,340
1286,1547.18062837275,1529.63234200324,537.926452636719,340
1287,1552.1002395258,1535.95216133012,537.926452636719,340
1288,1591.78914091489,1539.3169769448,537.926452636719,340
1289,1499.24076082218,1534.68154308838,542.084045410156,340
1290,1369.15843666142,1525.7269365025,542.084045410156,340
1291,1304.19296071819,1513.13277538675,542.084045410156,340
1292,1367.56872305063,1507.14725210666,542.084045410156,340
1293,1629.66417083105,1509.71615485908,542.084045410156,340
1294,1375.0983575484,1499.91493560633,542.084045410156,340
1295,1354.7981125554,1491.20239072498,542.084045410156,340
1296,1446.00941612917,1486.28824379209,542.084045410156,340
1297,1620.00870146488,1486.10095437611,546.98779296875,340
1298,1522.69038313646,1493.98184473884,546.98779296875,340
1299,1543.55020438963,1491.03065495721,546.98779296875,340
1300,1603.34299741246,1493.4315954423,546.98779296875,340
1301,1569.74632365742,1491.60918394323,546.98779296875,340
1302,1537.20892532225,1488.9781112311,546.98779296875,340
1303,1284.39210121519,1477.76605061938,546.98779296875,340
1304,1628.41491013766,1479.97559660308,546.98779296875,340
1305,1615.32625979538,1487.06627128161,548.837829589844,340
1306,1624.98197541376,1487.32638546167,548.837829589844,340
1307,1576.93122134537,1489.38232144981,548.837829589844,340
1308,1596.43916343562,1504.38949993173,548.837829589844,340
1309,1428.54135540759,1508.76244778967,548.837829589844,340
1310,1575.76592684009,1510.56565584414,548.837829589844,340
1311,1617.34841678902,1513.3723673808,548.837829589844,340
1312,1644.23594057768,1517.05779542287,548.837829589844,340
1313,1635.54083585553,1518.8078632205,546.72607421875,340
1314,1524.01262996522,1519.79873798622,546.72607421875,340
1315,1647.39476444861,1530.92819109771,546.72607421875,340
1316,1627.07761488538,1543.84357726439,546.72607421875,340
1317,1587.84849322272,1552.65476807128,546.72607421875,340
1318,1630.62012310497,1552.69300616223,546.72607421875,340
1319,1622.88312624393,1562.60439691006,546.72607421875,340
1320,1616.16747761648,1573.0591715125,546.72607421875,340
1321,1608.82625575523,1579.57184509754,546.527709960938,340
1322,1546.35353927825,1576.62563861008,546.527709960938,340
1323,1623.67330540163,1580.66495550068,546.527709960938,340
1324,1647.56939573901,1584.82572315466,546.527709960938,340
1325,1585.5592525991,1584.11437336212,546.527709960938,340
1326,1393.95285272576,1577.08263452486,546.527709960938,340
1327,1634.64245771498,1580.97997582057,546.527709960938,340
1328,1625.827501943,1594.63739184968,546.527709960938,340
1329,1611.24560141779,1593.95061950088,547.700988769531,340
1330,1647.50184022031,1595.23764271788,547.700988769531,340
1331,1642.40124761655,1595.93441360599,547.700988769531,340
1332,1622.07315503175,1597.74009095345,547.700988769531,340
1333,1437.75822573699,1591.3928534455,547.700988769531,340
1334,1626.53254370272,1599.31250097731,547.700988769531,340
1335,1638.00119557804,1601.80191172683,547.700988769531,340
1336,1623.08177618473,1602.03124610265,547.700988769531,340
1337,1669.20492192538,1603.03000535656,547.066589355469,340
1338,1654.41241837439,1603.78486865732,547.066589355469,340
1339,1638.83256392371,1608.37766601566,547.066589355469,340
1340,1267.54384000819,1593.18362903804,547.066589355469,340
1341,1623.68234587223,1593.04781827751,547.066589355469,340
1342,1640.44904262973,1595.15184025379,547.066589355469,340
1343,1625.79644211814,1594.95889301432,547.066589355469,340
1344,1637.31330040932,1595.53609998094,547.066589355469,340
1345,1428.48776266784,1588.02891138299,545.982849121094,340
1346,1639.8587445282,1589.27021093391,545.982849121094,340
1347,1622.14006272025,1592.30167187159,545.982849121094,340
1348,1532.72249639074,1588.66363951115,545.982849121094,340
1349,1608.00084833427,1587.08089761497,545.982849121094,340
1350,1451.82258082273,1581.73143074391,545.982849121094,340
1351,1617.03607132781,1590.65475948799,545.982849121094,340
1352,1648.73660979709,1591.21852557128,545.982849121094,340
1353,1640.3946703047,1591.80121230574,545.636535644531,340
1354,1642.33946920114,1593.04496701708,545.636535644531,340
1355,1644.93217009976,1592.94218021226,545.636535644531,340
1356,1439.09289577661,1584.80984613866,545.636535644531,340
1357,1654.22246848539,1586.09581867681,545.636535644531,340
1358,1624.70327430074,1593.57362061935,545.636535644531,340
1359,1670.02301452455,1595.31323945223,545.636535644531,340
1360,1483.87611931052,1589.14823640153,545.636535644531,340
1361,1646.4132036373,1590.08149349963,546.685485839844,340
1362,1608.62177350049,1587.65816756263,546.685485839844,340
1363,1643.15105618222,1587.20771307495,546.685485839844,340
1364,1637.98147068157,1587.17366934526,546.685485839844,340
1365,1487.47663742266,1595.97098124184,546.685485839844,340
1366,1640.60889871045,1596.64804335537,546.685485839844,340
1367,1655.51106448792,1597.2505242297,546.685485839844,340
1368,1676.39985957017,1599.27466092778,546.685485839844,340
1369,1617.90647516299,1598.49838791792,547.557922363281,340
1370,1653.32592720635,1607.49191449946,547.557922363281,340
1371,1676.48103068368,1608.95680594568,547.557922363281,340
1372,1642.64572420941,1609.77703240525,547.557922363281,340
1373,1633.56695258016,1613.81081065283,547.557922363281,340
1374,1642.08790388502,1615.17429287486,547.557922363281,340
1375,1643.24562028432,1622.83121445332,547.557922363281,340
1376,1645.59574736356,1623.97360149475,547.557922363281,340
1377,1655.2152973737,1624.23274899782,549.342041015625,340
1378,1657.27646199208,1624.90802066531,549.342041015625,340
1379,1633.76347682138,1624.56498097012,549.342041015625,340
1380,1666.12817701365,1625.41282124668,549.342041015625,340
1381,1665.24512767294,1634.45891052253,549.342041015625,340
1382,1641.04968745746,1633.93199928141,549.342041015625,340
1383,1575.6955262326,1631.97168935869,549.342041015625,340
1384,1658.41507856523,1631.50737192031,549.342041015625,340
1385,1650.51596405772,1638.1729657102,550.412780761719,340
1386,1656.27642182792,1638.56749443783,550.412780761719,340
1387,1663.72581038936,1640.77165591338,550.412780761719,340
1388,1651.97367550457,1641.12456068627,550.412780761719,340
1389,1666.73938544,1642.27487727661,550.412780761719,340
1390,1658.81215933822,1649.12829815323,550.412780761719,340
1391,1632.57396614946,1648.80690085079,550.412780761719,340
1392,1662.55367126845,1649.08860512202,550.412780761719,340
1393,1679.45308479058,1649.21073413083,551.128173828125,340
1394,1616.96181008161,1649.17294752758,551.128173828125,340
1395,1632.79388199548,1648.35166571914,551.128173828125,340
1396,1663.81045833572,1647.84484282522,551.128173828125,340
1397,1676.56163088978,1649.20147909244,551.128173828125,340
1398,1653.13417077907,1649.98416782039,551.128173828125,340
1399,1680.06913888781,1651.50341722051,551.128173828125,340
1400,1655.77648193363,1652.00465168648,551.128173828125,340
1401,1651.46982982492,1652.23961498493,552.143676757812,340
1402,1655.03230259467,1652.23229519377,552.143676757812,340
1403,1668.3642801798,1652.67580792128,552.143676757812,340
1404,1513.60063514458,1647.86929425421,552.143676757812,340
1405,1642.10340301958,1646.90830329445,552.143676757812,340
1406,1677.28443765625,1647.38987569378,552.143676757812,340
1407,1631.78009759519,1647.01909209929,552.143676757812,340
1408,1667.28119262707,1650.68251875507,552.143676757812,340
1409,1675.32215548509,1651.35880183186,554.465148925781,340
1410,1633.02532125953,1650.65917611993,554.465148925781,340
1411,1612.27561746924,1648.89914394559,554.465148925781,340
1412,1663.27920515496,1648.88127973621,554.465148925781,340
1413,1655.63296244448,1649.02765121381,554.465148925781,340
1414,1611.32700017836,1646.81115580334,554.465148925781,340
1415,1615.63671318573,1645.08413795724,554.465148925781,340
1416,1666.77533976212,1646.45219290175,554.465148925781,340
1417,1605.42521381663,1644.16705460368,555.075805664062,340
1418,1676.32738687661,1644.04202668712,555.075805664062,340
1419,1680.06604026955,1646.56619589463,555.075805664062,340
1420,1663.19844311891,1647.78237833957,555.075805664062,340
1421,1654.71734544783,1647.41865382406,555.075805664062,340
1422,1659.58652655039,1646.73964965048,555.075805664062,340
1423,1652.6071522572,1646.71856890961,555.075805664062,340
1424,1672.30881223795,1646.40815584361,555.075805664062,340
1425,1673.84492251427,1647.13089346684,555.227294921875,340
1426,1613.84453243384,1645.62588157119,555.227294921875,340
1427,1675.28300221993,1646.4359095562,555.227294921875,340
1428,1620.36210339593,1644.51582248485,555.227294921875,340
1429,1654.55973784778,1650.15418659298,555.227294921875,340
1430,1684.70001786237,1651.85805118669,555.227294921875,340
1431,1671.64015987863,1651.63228007558,555.227294921875,340
1432,1677.90642797496,1653.47733329077,555.227294921875,340
1433,1659.53221239814,1653.16737408162,556.0908203125,340
1434,1573.58472441054,1649.09787683864,556.0908203125,340
1435,1679.14627180375,1650.9427148604,556.0908203125,340
1436,1616.72408567616,1651.12065358868,556.0908203125,340
1437,1673.03524234507,1651.51089507629,556.0908203125,340
1438,1680.69744541279,1652.51347439502,556.0908203125,340
1439,1667.35629249911,1654.75464608785,556.0908203125,340
1440,1582.7297677698,1653.43836827121,556.0908203125,340
1441,1679.8384922507,1653.96089437075,557.860778808594,340
1442,1659.47650889138,1656.12294617374,557.860778808594,340
1443,1682.28009090183,1656.36105433475,557.860778808594,340
1444,1673.70008066323,1656.1064159505,557.860778808594,340
1445,1678.12256335631,1656.70338076,557.860778808594,340
1446,1674.36326360285,1657.4892174862,557.860778808594,340
1447,1690.11663187383,1658.71042169913,557.860778808594,340
1448,1689.41585354267,1660.18276975055,557.860778808594,340
1449,1594.09283036325,1657.05413047557,558.184265136719,340
1450,1614.51652219817,1654.68099446292,558.184265136719,340
1451,1686.32536848574,1657.580227905,558.184265136719,340
1452,1588.82029715379,1654.12171970235,558.184265136719,340
1453,1684.36691241364,1656.68191206306,558.184265136719,340
1454,1586.08091028482,1653.94275896054,558.184265136719,340
1455,1711.3712688764,1655.0096090011,558.184265136719,340
1456,1662.95429993671,1654.66217460343,558.184265136719,340
1457,1689.18174463952,1655.11318727001,558.472045898438,340
1458,1693.438284604,1656.46943015824,558.472045898438,340
1459,1517.79858948303,1654.23798476114,558.472045898438,340
1460,1652.47681888022,1653.1712066442,558.472045898438,340
1461,1638.81796825035,1654.05496194717,558.472045898438,340
1462,1653.65497887061,1653.27975140819,558.472045898438,340
1463,1679.16081584445,1653.21828622546,558.472045898438,340
1464,1693.26702844037,1654.25471566311,558.472045898438,340
1465,1649.61787169245,1656.93023982001,559.167358398438,340
1466,1642.44184904692,1655.43437409186,559.167358398438,340
1467,1696.52527872324,1656.91632488514,559.167358398438,340
1468,1695.23242711205,1657.43441833355,559.167358398438,340
1469,1639.44566189708,1656.0642415829,559.167358398438,340
1470,1609.12132426544,1653.30419201926,559.167358398438,340
1471,1618.59476294293,1651.07345199287,559.167358398438,340
1472,1570.64154668943,1646.29444858549,559.167358398438,340
1473,1681.6367564338,1645.98328470114,559.602111816406,340
1474,1641.10050133709,1647.86359154009,559.602111816406,340
1475,1670.39963442169,1650.09891602903,559.602111816406,340
1476,1686.29376828193,1650.09765202088,559.602111816406,340
1477,1699.50012536691,1654.5248451494,559.602111816406,340
1478,1684.55705881775,1654.53245100557,559.602111816406,340
1479,1547.4986280526,1652.98915971628,559.602111816406,340
1480,1688.62543934112,1652.07932653487,559.602111816406,340
1481,1541.87129902207,1647.23600649828,560.378112792969,340
1482,1707.18761279584,1647.95624122454,560.378112792969,340
1483,1696.7674859056,1648.0894092766,560.378112792969,340
1484,1688.02385146268,1654.89841975579,560.378112792969,340
1485,1681.16135959786,1656.04580138449,560.378112792969,340
1486,1611.78855845442,1654.96462499265,560.378112792969,340
1487,1700.8866104651,1656.85389025643,560.378112792969,340
1488,1697.89643321076,1657.60331495109,560.378112792969,340
1489,1703.98231367722,1658.03192636056,560.646179199219,340
1490,1682.00404967593,1659.3273734799,560.646179199219,340
1491,1611.89718183282,1658.10558679133,560.646179199219,340
1492,1682.62601393823,1657.54961619993,560.646179199219,340
1493,1686.59257980011,1657.20402230746,560.646179199219,340
1494,1626.75624763468,1656.69644573696,560.646179199219,340
1495,1682.57253049358,1659.63449398609,560.646179199219,340
1496,1699.66233080847,1662.87719670071,560.646179199219,340
1497,1685.43423681692,1667.46890430581,560.570922851562,340
1498,1670.56720776296,1667.02612235897,560.570922851562,340
1499,1700.81675647321,1669.41477256442,560.570922851562,340
1500,1478.99067817216,1661.75841431444,560.570922851562,340
1501,1642.02330842736,1659.98759592025,560.570922851562,340
1502,1667.83619144511,1658.72103856338,560.570922851562,340
1503,1587.81452583665,1654.85133724414,560.570922851562,340
1504,1695.93508734787,1660.78879561595,560.570922851562,340
1505,1689.29728004782,1660.81566924422,560.989135742188,340
1506,1557.84909280839,1661.45478099567,560.989135742188,340
1507,1698.16354203298,1661.09381816516,560.989135742188,340
1508,1692.81803208238,1660.93584001223,560.989135742188,340
1509,1698.43985531285,1661.35248016623,560.989135742188,340
1510,1693.64389812934,1661.85178170749,560.989135742188,340
1511,1695.34783574534,1665.19415279913,560.989135742188,340
1512,1697.87917083286,1665.07385521384,560.989135742188,340
1513,1693.28326670724,1664.8893285537,561.821472167969,340
1514,1678.69928277886,1663.87800731777,561.821472167969,340
1515,1691.24146875911,1664.24750408109,561.821472167969,340
1516,1693.41158338661,1667.50808014324,561.821472167969,340
1517,1692.85939143505,1667.91741524312,561.821472167969,340
1518,1684.38900698164,1667.82927233038,561.821472167969,340
1519,1684.09255679944,1670.12272469697,561.821472167969,340
1520,1606.76890828209,1667.09057980851,561.821472167969,340
1521,1697.59616784201,1667.00793328985,562.447692871094,340
1522,1702.96301170935,1667.70908428555,562.447692871094,340
1523,1697.42959258744,1668.78357967853,562.447692871094,340
1524,1685.01549227517,1668.15152911061,562.447692871094,340
1525,1680.2145132431,1676.20048251344,562.447692871094,340
1526,1684.45504803666,1677.89775209782,562.447692871094,340
1527,1700.84280688032,1679.21801671522,562.447692871094,340
1528,1700.88281889445,1683.74074843754,562.447692871094,340
1529,1579.61937255239,1679.08811984572,563.493774414062,340
1530,1679.05302243817,1678.67834954133,563.493774414062,340
1531,1707.04448522977,1684.64616523819,563.493774414062,340
1532,1690.15677206236,1684.32589443936,563.493774414062,340
1533,1667.52260569148,1683.31407738373,563.493774414062,340
1534,1649.84537530014,1681.37029818322,563.493774414062,340
1535,1686.26381343285,1681.07509479536,563.493774414062,340
1536,1686.1772214826,1680.70827022485,563.493774414062,340
1537,1670.07633176005,1679.59615666193,563.490539550781,340
1538,1669.95307643121,1678.66294905089,563.490539550781,340
1539,1710.96096198531,1679.95341621915,563.490539550781,340
1540,1697.77235168063,1680.21465153601,563.490539550781,340
1541,1683.51149490537,1679.81864799676,563.490539550781,340
1542,1693.82133631561,1679.85712579199,563.490539550781,340
1543,1678.30544022745,1679.61378312182,563.490539550781,340
1544,1689.99147610608,1679.84973989408,563.490539550781,340
1545,1720.68356544617,1684.40632618065,562.636779785156,340
1546,1698.48770207434,1684.44198754994,562.636779785156,340
1547,1707.1757867237,1684.61049855051,562.636779785156,340
1548,1710.16587001715,1685.1199496477,562.636779785156,340
1549,1636.97418794993,1683.19829747469,562.636779785156,340
1550,1693.43419079494,1683.72708457677,562.636779785156,340
1551,1729.37510964008,1685.5238870409,562.636779785156,340
1552,1591.35961955876,1681.14455954804,562.636779785156,340
1553,1168.28664047674,1659.84071241133,564.347229003906,340
1554,1371.92991709539,1651.53313419305,564.347229003906,340
1555,1201.86698733817,1632.44569278905,564.347229003906,340
1556,1241.31789073885,1613.81662900942,564.347229003906,340
1557,1173.61129524359,1593.15480993666,564.347229003906,340
1558,1216.00971873039,1575.09429445822,564.347229003906,340
1559,1199.66176830285,1557.08695017833,564.347229003906,340
1560,1252.68780045812,1539.74390965934,564.347229003906,340
1561,1646.85698420276,1538.17110016815,562.37255859375,340
1562,1482.26361822463,1530.65859162673,562.37255859375,340
1563,1696.33766225146,1531.71397505954,562.37255859375,340
1564,1712.46083043523,1531.77396979754,562.37255859375,340
1565,1637.47089186291,1529.36191140483,562.37255859375,340
1566,1587.50828833856,1525.52178314216,562.37255859375,340
1567,1513.5586330992,1518.3112750135,562.37255859375,340
1568,1708.17498201091,1519.50605668484,562.37255859375,340
1569,1701.0847372099,1519.94978712899,560.864868164062,340
1570,1703.04910916387,1519.2444088777,560.864868164062,340
1571,1679.08797908289,1518.46841995804,560.864868164062,340
1572,1405.46678300893,1506.40005980945,560.864868164062,340
1573,1541.95597068142,1499.67166383602,560.864868164062,340
1574,1568.62364343748,1496.93764205552,560.864868164062,340
1575,1676.57457625868,1496.26325747407,560.864868164062,340
1576,1676.53762427365,1494.14975805941,560.864868164062,340
1577,1615.78600338604,1495.12681341251,557.057678222656,340
1578,1692.65059497262,1516.10137159234,557.057678222656,340
1579,1700.12426258114,1529.22914541177,557.057678222656,340
1580,1630.38324879552,1546.36979587006,557.057678222656,340
1581,1678.13552748092,1563.84250133975,557.057678222656,340
1582,1677.66404587929,1584.00461136518,557.057678222656,340
1583,1680.50756674851,1602.5845252859,557.057678222656,340
1584,1689.50995221038,1622.1784526422,557.057678222656,340
1585,1686.7865331834,1639.54240195121,554.468933105469,340
1586,1595.73684384313,1637.49759633683,554.468933105469,340
1587,1661.00774335687,1644.64736134212,554.468933105469,340
1588,1647.86557600155,1642.70847789212,554.468933105469,340
1589,1574.16507431319,1637.17664764724,554.468933105469,340
1590,1689.63834370278,1639.26334572083,554.468933105469,340
1591,1693.47778821222,1643.50212571578,554.468933105469,340
1592,1567.51965593041,1645.66056662903,554.468933105469,340
1593,1614.57427831687,1641.91653848127,547.964233398438,340
1594,1682.9716597163,1641.19201538152,547.964233398438,340
1595,1529.09374041021,1634.23380063138,547.964233398438,340
1596,1667.24490556752,1633.76007769076,547.964233398438,340
1597,1684.43576133797,1644.91883682392,547.964233398438,340
1598,1689.81378272022,1650.83314930548,547.964233398438,340
1599,1505.89167171016,1648.32387043638,547.964233398438,340
1600,1611.49649588016,1645.72074722124,547.964233398438,340
1601,1572.44282364365,1641.55695519604,549.071350097656,340
1602,1456.10527836011,1635.16972619501,549.071350097656,340
1603,1541.22970927442,1629.11289076708,549.071350097656,340
1604,1640.78022368906,1626.73912921139,549.071350097656,340
1605,1446.15910858812,1619.3701636031,549.071350097656,340
1606,1455.13545041295,1610.45016052038,549.071350097656,340
1607,1504.97498790538,1603.54259820142,549.071350097656,340
1608,1390.80217638479,1591.95438258687,549.071350097656,340
1609,1389.09804889483,1579.93790645425,550.963317871094,340
1610,1682.51409698867,1579.76700900646,550.963317871094,340
1611,1657.15842903983,1582.22387241433,550.963317871094,340
1612,1609.17811045724,1580.15068709835,550.963317871094,340
1613,1401.39964322298,1570.2920497872,550.963317871094,340
1614,1665.16959625426,1573.93223066485,550.963317871094,340
1615,1595.78594241891,1570.17813461349,550.963317871094,340
1616,1456.5450903494,1560.70082669898,550.963317871094,340
1617,1675.90860265743,1565.03638456806,553.114990234375,340
1618,1590.34826013422,1564.06734384075,553.114990234375,340
1619,1573.57002608682,1559.69127849557,553.114990234375,340
1620,1402.27278555074,1554.61844030119,553.114990234375,340
1621,1358.40274371958,1542.26475382728,553.114990234375,340
1622,1639.23674518921,1540.45679318133,553.114990234375,340
1623,1670.71831355099,1539.69297441456,553.114990234375,340
1624,1672.57132915632,1546.3601607124,553.114990234375,340
1625,1657.60315199101,1548.20442695684,554.743408203125,340
1626,1667.06266895639,1551.98922076935,554.743408203125,340
1627,1673.44750581649,1560.6829098676,554.743408203125,340
1628,1624.64817416583,1564.01964846326,554.743408203125,340
1629,1622.60720074485,1563.29272754549,554.743408203125,340
1630,1564.57266502619,1568.02926980301,554.743408203125,340
1631,1688.34174776943,1577.35752169727,554.743408203125,340
1632,1687.90314351368,1584.6746479216,554.743408203125,340
1633,1584.41080295274,1592.41899298432,556.788635253906,340
1634,1709.25593421667,1605.2253083972,556.788635253906,340
1635,1657.75618761135,1604.2349920221,556.788635253906,340
1636,1652.25980896624,1604.03904721916,556.788635253906,340
1637,1665.25288482446,1606.28203819385,556.788635253906,340
1638,1688.14396242991,1617.75181096212,556.788635253906,340
1639,1701.31306615785,1619.19754975827,556.788635253906,340
1640,1457.19952716132,1613.65409314796,556.788635253906,340
1641,1693.48873626313,1623.13183898451,558.011840820312,340
1642,1700.35476695213,1624.1096855563,558.011840820312,340
1643,1665.87381675654,1627.13070782119,558.011840820312,340
1644,1689.04653247061,1631.74976807655,558.011840820312,340
1645,1637.24045883065,1641.14847500774,558.011840820312,340
1646,1719.29688130568,1655.58424051119,558.011840820312,340
1647,1590.22491802565,1653.62376742464,558.011840820312,340
1648,1699.38262897405,1654.77034004157,558.011840820312,340
1649,1692.88877631058,1655.58303792774,559.930114746094,340
1650,1665.76679434527,1655.90958362191,559.930114746094,340
1651,1589.18424768742,1652.79444677115,559.930114746094,340
1652,1682.19281292174,1653.14425905536,559.930114746094,340
1653,1712.281815007,1656.649604689,559.930114746094,340
1654,1549.23445563809,1653.71469488473,559.930114746094,340
1655,1649.2411627705,1657.10143479451,559.930114746094,340
1656,1643.80657654504,1655.32002794553,559.930114746094,340
1657,1692.33617457621,1655.49734918803,562.315063476562,340
1658,1670.33299962732,1658.93423705502,562.315063476562,340
1659,1449.04175212181,1648.52566977122,562.315063476562,340
1660,1590.02564412017,1645.81644803157,562.315063476562,340
1661,1673.49169691305,1646.66572354945,562.315063476562,340
1662,1621.52995305261,1644.91680627857,562.315063476562,340
1663,1469.18511853657,1636.15845252284,562.315063476562,340
1664,1368.96947355307,1622.86470881865,562.315063476562,340
1665,1676.82860619942,1631.64987198017,563.624938964844,340
1666,1654.43035553169,1630.08753675092,563.624938964844,340
1667,1708.67261655543,1630.42025073505,563.624938964844,340
1668,1694.91263721529,1631.5818035534,563.624938964844,340
1669,1669.6130848307,1630.8044656478,563.624938964844,340
1670,1688.98033632625,1632.87406074762,563.624938964844,340
1671,1671.90316550549,1630.97831211562,563.624938964844,340
1672,1666.26163007971,1634.01978059778,563.624938964844,340
1673,1692.93447823002,1633.76185456802,563.999389648438,340
1674,1685.59071236605,1633.46993201024,563.999389648438,340
1675,1607.98200385997,1631.15854039083,563.999389648438,340
1676,1682.45788182543,1634.88948575635,563.999389648438,340
1677,1657.53479499741,1633.90316503937,563.999389648438,340
1678,1665.14751795777,1632.0177931574,563.999389648438,340
1679,1678.7062290099,1637.19666409228,563.999389648438,340
1680,1673.78247961455,1638.17831676604,563.999389648438,340
1681,1669.69952936319,1639.21403487876,564.199462890625,340
1682,1685.79174219056,1638.95225758334,564.199462890625,340
1683,1618.76812503493,1636.88966259964,564.199462890625,340
1684,1655.41323128672,1645.14452176624,564.199462890625,340
1685,1683.43291290586,1648.88081251767,564.199462890625,340
1686,1670.77937377678,1648.77231959222,564.199462890625,340
1687,1678.54343918188,1651.05285903739,564.199462890625,340
1688,1696.10282772902,1660.12956740508,564.199462890625,340
1689,1661.69977758013,1671.83877956617,564.838012695312,340
1690,1647.39435692488,1670.66140959518,564.838012695312,340
1691,1684.27570357384,1671.85522351687,564.838012695312,340
1692,1656.22880806607,1669.7574711773,564.838012695312,340
1693,1661.35976492208,1668.41535628557,564.838012695312,340
1694,1620.836324914,1666.4642858889,564.838012695312,340
1695,1519.72185905142,1659.69394679791,564.838012695312,340
1696,1648.01415769314,1658.73838648541,564.838012695312,340
1697,1674.14178491619,1659.05359267887,564.604614257812,340
1698,1654.41242963281,1657.51271073498,564.604614257812,340
1699,1650.30948118857,1656.10146148788,564.604614257812,340
1700,1399.2975554429,1647.7540835512,564.604614257812,340
1701,1553.62270800588,1642.60067659842,564.604614257812,340
1702,1621.41969953038,1641.15607277974,564.604614257812,340
1703,1674.58605563521,1641.53361428684,564.604614257812,340
1704,1682.99376661824,1641.70511579117,564.604614257812,340
1705,1570.20251950869,1637.56191738694,564.062316894531,340
1706,1532.96571329458,1632.09256474419,564.062316894531,340
1707,1496.38713447618,1624.51638043562,564.062316894531,340
1708,1599.12146768709,1623.7305141417,564.062316894531,340
1709,1367.42736548196,1612.21107950951,564.062316894531,340
1710,1681.71520030346,1612.14237100542,564.062316894531,340
1711,1611.40490948636,1609.7673924338,564.062316894531,340
1712,1674.42157975055,1609.60251805655,564.062316894531,340
1713,1633.18330195677,1607.08573702566,565.808227539062,340
1714,1612.39174416945,1605.11341568923,565.808227539062,340
1715,1685.40263778465,1606.63374692362,565.808227539062,340
1716,1686.33066856643,1606.71594552332,565.808227539062,340
1717,1643.9065148319,1606.22305379396,565.808227539062,340
1718,1674.88033895793,1606.76387675539,565.808227539062,340
1719,1672.72107000227,1608.83926655892,565.808227539062,340
1720,1673.2746778994,1614.98137931284,565.808227539062,340
1721,1677.45581773027,1616.15904571432,563.488891601562,340
1722,1668.78753597766,1615.94487575678,563.488891601562,340
1723,1677.61976205633,1616.87316905372,563.488891601562,340
1724,1668.20753223992,1617.58909109578,563.488891601562,340
1725,1673.73412903039,1628.56655403928,563.488891601562,340
1726,1679.09516797109,1633.58545243789,563.488891601562,340
1727,1650.10043791486,1634.73268197327,563.488891601562,340
1728,1705.79027367271,1635.98085069477,563.488891601562,340
1729,1674.52457279484,1635.64208294183,563.847839355469,340
1730,1666.78993447533,1639.5055795405,563.847839355469,340
1731,1669.21746015278,1644.95564941482,563.847839355469,340
1732,1663.83581493901,1651.65359663334,563.847839355469,340
1733,1668.61519906281,1654.43334588837,563.847839355469,340
1734,1677.19215314149,1666.82393739475,563.847839355469,340
1735,1673.09770686113,1666.47923765705,563.847839355469,340
1736,1661.67250489958,1668.48994147358,563.847839355469,340
1737,1667.32794182212,1668.20619595645,564.252990722656,340
1738,1680.25044635614,1670.08888173242,564.252990722656,340
1739,1678.77437306071,1672.74418688807,564.252990722656,340
1740,1660.58472737012,1671.75147047149,564.252990722656,340
1741,1575.43431312577,1667.31561625386,564.252990722656,340
1742,1620.79716790984,1666.39124237698,564.252990722656,340
1743,1689.83874687033,1666.98957869348,564.252990722656,340
1744,1681.54154727844,1667.34239778452,564.252990722656,340
1745,1670.48399859404,1667.23077061231,564.444702148438,340
1746,1683.85639338775,1667.48679363861,564.444702148438,340
1747,1612.75516259098,1665.24549870314,564.444702148438,340
1748,1644.71136164869,1663.92916268684,564.444702148438,340
1749,1636.68196702858,1662.66814007838,564.444702148438,340
1750,1647.40911590949,1661.61513955355,564.444702148438,340
1751,1534.52117856431,1655.83217997727,564.444702148438,340
1752,1609.01936920789,1654.188937229,564.444702148438,340
1753,1671.25273858723,1652.80743582558,562.26611328125,340
1754,1667.30645325064,1652.51871104381,562.26611328125,340
1755,1467.48741543051,1644.54661028202,562.26611328125,340
1756,1668.85914249789,1644.53227757582,562.26611328125,340
1757,1660.43819871344,1644.3963729268,562.26611328125,340
1758,1600.56760312126,1641.67446908914,562.26611328125,340
1759,1666.04538895117,1641.22859852152,562.26611328125,340
1760,1666.72349159281,1640.97362991079,562.26611328125,340
1761,1655.47931366344,1640.72590226134,553.399475097656,340
1762,1594.32793723605,1637.8059020779,553.399475097656,340
1763,1626.67717442378,1635.66297120061,553.399475097656,340
1764,1450.51138825414,1626.53245180834,553.399475097656,340
1765,1658.73873606542,1626.45861215616,553.399475097656,340
1766,1649.12021616781,1629.40604827784,553.399475097656,340
1767,1551.18167843615,1626.62142869889,553.399475097656,340
1768,1653.69626657489,1625.17572948707,553.399475097656,340
1769,1592.88280779749,1621.62937990783,541.670104980469,340
1770,1609.12914954783,1619.17518594599,541.670104980469,340
1771,1651.79023483016,1617.89253960368,541.670104980469,340
1772,1519.55869068966,1614.16468072763,541.670104980469,340
1773,1643.13057617149,1614.10144930854,541.670104980469,340
1774,1658.10794245062,1614.95848832542,541.670104980469,340
1775,1420.09989955511,1605.86611967125,541.670104980469,340
1776,1635.28441132094,1609.89664898151,541.670104980469,340
1777,1604.47688161698,1609.71494947788,527.223999023438,340
1778,1648.18584071581,1608.79227356302,527.223999023438,340
1779,1150.5341231761,1588.12138036004,527.223999023438,340
1780,1466.79882698176,1588.09383682209,527.223999023438,340
1781,1608.89532818755,1585.69528424968,527.223999023438,340
1782,1645.61449510145,1585.1023361052,527.223999023438,340
1783,1466.78644168814,1579.75108964787,527.223999023438,340
1784,1508.44731847346,1573.44716682876,527.223999023438,340
1785,1556.68599140543,1569.04566682127,517.341735839844,340
1786,1384.80061761354,1558.21851897927,517.341735839844,340
1787,1646.01490834568,1560.28599782366,517.341735839844,340
1788,1632.05614656176,1560.50115670918,517.341735839844,340
1789,1634.7043823163,1567.86887647166,517.341735839844,340
1790,1455.14820651713,1559.72525528973,517.341735839844,340
1791,1518.59387322248,1554.50420157192,517.341735839844,340
1792,1443.16027185974,1550.18334530886,517.341735839844,340
1793,1586.91188159591,1547.5119699097,514.907287597656,340
1794,1658.89624250606,1550.15250729804,514.907287597656,340
1795,1638.15486978742,1551.31353610763,514.907287597656,340
1796,1631.47687675591,1550.50100178466,514.907287597656,340
1797,1570.10756351004,1552.52295669747,514.907287597656,340
1798,1584.9374371596,1550.195231137,514.907287597656,340
1799,1647.5497368874,1549.77290291447,514.907287597656,340
1800,1613.38071122841,1557.5041353814,514.907287597656,340
1801,1631.32237862016,1557.34565407337,523.806396484375,340
1802,1536.19723358316,1554.61446815202,523.806396484375,340
1803,1674.21919564734,1555.65580234928,523.806396484375,340
1804,1623.8060209912,1574.58667826188,523.806396484375,340
1805,1655.76713749175,1582.14541068228,523.806396484375,340
1806,1628.47832294626,1582.92873047263,523.806396484375,340
1807,1637.20946532269,1582.59252928148,523.806396484375,340
1808,1607.69413015479,1588.22883682014,523.806396484375,340
1809,1660.96435213137,1594.32951816646,530.060852050781,340
1810,1659.52567040414,1598.44310532641,530.060852050781,340
1811,1637.22622211237,1608.54012950636,530.060852050781,340
1812,1653.05652509924,1608.8217941765,530.060852050781,340
1813,1571.09563481187,1606.38337370651,530.060852050781,340
1814,1637.30990833617,1606.4875947473,530.060852050781,340
1815,1651.01682120891,1614.32233933498,530.060852050781,340
1816,1660.7473877216,1620.00847991494,530.060852050781,340
1817,1660.94184043387,1628.71974265791,533.609741210938,340
1818,1648.28057542861,1631.17449041121,533.609741210938,340
1819,1638.78556801872,1630.37006343172,533.609741210938,340
1820,1647.65959393129,1630.75025239747,533.609741210938,340
1821,1646.55543345919,1631.35339466561,533.609741210938,340
1822,1641.86429717611,1634.22366401225,533.609741210938,340
1823,1660.48057963171,1637.24538971113,533.609741210938,340
1824,1645.77497728575,1637.17439932707,533.609741210938,340
1825,1673.37190718598,1639.57404716537,535.545043945312,340
1826,1637.61229991559,1639.82564401719,535.545043945312,340
1827,1654.18549949191,1644.54517465354,535.545043945312,340
1828,1678.90350063538,1644.73254685306,535.545043945312,340
1829,1624.96658527095,1644.77896942425,535.545043945312,340
1830,1636.22470389676,1643.99727208045,535.545043945312,340
1831,1557.6794651093,1641.16531776697,535.545043945312,340
1832,1654.68669406725,1641.86440691675,535.545043945312,340
1833,1656.95133313373,1643.83469503591,539.620300292969,340
1834,1660.31379693698,1643.80867282813,539.620300292969,340
1835,1645.30370070356,1643.23979404011,539.620300292969,340
1836,1667.04037125221,1644.43236000571,539.620300292969,340
1837,1616.19223639709,1642.95778845762,539.620300292969,340
1838,1660.88980967688,1646.54955545222,539.620300292969,340
1839,1671.61542811981,1647.92177624357,539.620300292969,340
1840,1657.19709865286,1648.16898734132,539.620300292969,340
1841,1652.20854014366,1647.82743343821,538.471618652344,340
1842,1646.57267373711,1647.25266677034,538.471618652344,340
1843,1660.55346039201,1647.74358216887,538.471618652344,340
1844,1691.1265398983,1649.83722104405,538.471618652344,340
1845,1656.09510162311,1650.17464135173,538.471618652344,340
1846,1668.64402574788,1651.05818504327,538.471618652344,340
1847,1669.25766848331,1652.15391989556,538.471618652344,340
1848,1638.78206453378,1651.28597929165,538.471618652344,340
1849,1637.80941203918,1650.96735668178,540.888000488281,340
1850,1652.77653024299,1650.14354160406,540.888000488281,340
1851,1674.61530436029,1651.62366178185,540.888000488281,340
1852,1613.94605410966,1650.01408396656,540.888000488281,340
1853,1671.66262863669,1649.72444908661,540.888000488281,340
1854,1646.27389271357,1650.57674138432,540.888000488281,340
1855,1601.16555362367,1649.17437537339,540.888000488281,340
1856,1682.69476986267,1654.17498756353,540.888000488281,340
1857,1653.76761352904,1654.138224342,542.294128417969,340
1858,1665.97903227474,1654.49933230764,542.294128417969,340
1859,1634.93818389894,1653.48430778612,542.294128417969,340
1860,1668.68251155433,1654.41946022015,542.294128417969,340
1861,1664.20139522312,1654.30590117899,542.294128417969,340
1862,1663.83279165347,1656.21152338924,542.294128417969,340
1863,1574.39802318534,1652.75185192958,542.294128417969,340
1864,1696.22596917837,1653.73627357192,542.294128417969,340
1865,1583.15487306886,1650.77458454856,543.552001953125,340
1866,1661.2575665373,1651.13654560431,543.552001953125,340
1867,1675.74600424982,1652.30347882482,543.552001953125,340
1868,1644.45771023483,1651.65964881853,543.552001953125,340
1869,1679.28704206129,1651.18606890505,543.552001953125,340
1870,1697.07809814181,1652.8253887658,543.552001953125,340
1871,1667.90003188751,1652.79562901138,543.552001953125,340
1872,1619.34189665492,1650.79899813825,543.552001953125,340
1873,1655.82023940448,1651.48052513308,546.642883300781,340
1874,1647.55460692395,1651.87033292847,546.642883300781,340
1875,1645.96701158142,1651.597952182,546.642883300781,340
1876,1582.37239616613,1647.90823585424,546.642883300781,340
1877,1661.61506954352,1649.81499647159,546.642883300781,340
1878,1607.96472753561,1647.26708042755,546.642883300781,340
1879,1644.07596482572,1647.17916331204,546.642883300781,340
1880,1663.29587469588,1649.66437615492,546.642883300781,340
1881,1379.85065453007,1637.55061154162,549.674987792969,340
1882,1570.7945547071,1634.23168918874,549.674987792969,340
1883,1607.56482275046,1631.89512080777,549.674987792969,340
1884,1667.95242431264,1633.21569042432,549.674987792969,340
1885,1668.97067070438,1633.22721679032,549.674987792969,340
1886,1678.56379117503,1633.8017126284,549.674987792969,340
1887,1613.36853112024,1631.78314220707,549.674987792969,340
1888,1327.42796466805,1621.90433986638,549.674987792969,340
1889,1681.68126568013,1621.32255172645,553.989624023438,340
1890,1541.38413403053,1619.65172216491,553.989624023438,340
1891,1646.51143137929,1619.06187675859,553.989624023438,340
1892,1698.09266535944,1619.95574320298,553.989624023438,340
1893,1692.94604748933,1621.89527669316,553.989624023438,340
1894,1688.45427077493,1622.2619658417,553.989624023438,340
1895,1670.41871742882,1621.19559061318,553.989624023438,340
1896,1700.12154263866,1622.48445104323,553.989624023438,340
1897,1600.49803815313,1621.73069670316,556.211120605469,340
1898,1683.75170904775,1622.84795548889,556.211120605469,340
1899,1691.94679254959,1624.62364291391,556.211120605469,340
1900,1696.46460971001,1626.64354683906,556.211120605469,340
1901,1701.02511557407,1631.38965561538,556.211120605469,340
1902,1708.8325425817,1633.2783545369,556.211120605469,340
1903,1702.03342757339,1637.04110253841,556.211120605469,340
1904,1680.52386797169,1638.49901866425,556.211120605469,340
1905,1693.09096977243,1639.69082246732,556.192077636719,340
1906,1692.89351528634,1652.21253689757,556.192077636719,340
1907,1656.19211890947,1655.62843946566,556.192077636719,340
1908,1682.78467710224,1658.63723363973,556.192077636719,340
1909,1482.43979345958,1651.21672840561,556.192077636719,340
1910,1683.96566373495,1651.81652812683,556.192077636719,340
1911,1678.73078956792,1651.82320806255,556.192077636719,340
1912,1569.89553975711,1650.08428840802,556.192077636719,340
1913,1653.27748724074,1663.11826931093,560.046997070312,340
1914,1684.06237635526,1663.21351373793,560.046997070312,340
1915,1702.36358287937,1669.65269169189,560.046997070312,340
1916,1657.64538517358,1670.09804984366,560.046997070312,340
1917,1690.78279799602,1669.80565514912,560.046997070312,340
1918,1709.92671661834,1670.48488191428,560.046997070312,340
1919,1672.33997134602,1669.84030993713,560.046997070312,340
1920,1674.685281007,1670.01097248025,560.046997070312,340
1921,1558.53922685637,1664.34767984896,555.185729980469,340
1922,1682.71597983225,1667.63639751613,555.185729980469,340
1923,1480.25636758282,1659.49658385753,555.185729980469,340
1924,1618.9440172013,1656.5764728436,555.185729980469,340
1925,1702.96647418844,1656.83654742274,555.185729980469,340
1926,1691.32007213222,1656.44834568506,555.185729980469,340
1927,1636.08236584699,1653.53833861567,555.185729980469,340
1928,1692.08497318331,1653.14040044007,555.185729980469,340
1929,1707.98607709915,1654.23888880517,561.342346191406,340
1930,1715.28622771377,1655.12669912282,561.342346191406,340
1931,1674.77261402959,1654.40186307255,561.342346191406,340
1932,1687.66992211291,1655.66097520069,561.342346191406,340
1933,1688.49879114978,1655.88953976259,561.342346191406,340
1934,1683.12546059804,1663.91696644813,561.342346191406,340
1935,1683.81576072248,1663.91097032763,561.342346191406,340
1936,1689.54350064331,1664.34347877065,561.342346191406,340
1937,1669.03199946341,1668.3089371589,558.537414550781,340
1938,1738.71908807463,1671.72660119225,558.537414550781,340
1939,1712.3746626454,1672.85909264386,558.537414550781,340
1940,1466.50778953813,1663.42486091021,558.537414550781,340
1941,1628.72561769139,1662.26807021092,558.537414550781,340
1942,1587.18362862475,1658.12410343607,558.537414550781,340
1943,1660.35797587895,1656.1413538065,558.537414550781,340
1944,1626.248491972,1654.29769463153,558.537414550781,340
1945,1681.82048769932,1654.58310289923,561.706848144531,340
1946,1700.95277733126,1660.27964491822,561.706848144531,340
1947,1706.96608260325,1661.24964902906,561.706848144531,340
1948,1702.90570210633,1670.15562241,561.706848144531,340
1949,1680.8590006491,1672.63222174792,561.706848144531,340
1950,1677.93470775164,1671.63095109044,561.706848144531,340
1951,1609.88739884536,1668.37364415897,561.706848144531,340
1952,1622.84752657869,1667.84425058824,561.706848144531,340
1953,1715.43365612339,1668.77819790584,562.299438476562,340
1954,1705.3168535416,1668.67142896354,562.299438476562,340
1955,1664.94009173196,1666.65758352427,562.299438476562,340
1956,1700.10278051318,1667.67079018361,562.299438476562,340
1957,1660.59719040604,1666.58788091534,562.299438476562,340
1958,1698.30465947241,1666.98011564824,562.299438476562,340
1959,1706.77959625053,1667.92628107434,562.299438476562,340
1960,1697.92658367345,1668.49071399238,562.299438476562,340
1961,1675.6080986894,1667.93329791422,562.58154296875,340
1962,1686.74034781372,1668.64163184823,562.58154296875,340
1963,1708.74806062315,1667.44279075018,562.58154296875,340
1964,1577.41578941052,1662.04443582078,562.58154296875,340
1965,1677.79334196323,1670.49585791778,562.58154296875,340
1966,1676.64542984898,1672.41265040409,562.58154296875,340
1967,1682.77746340048,1676.23640379512,562.58154296875,340
1968,1664.63445266799,1676.40746286668,562.58154296875,340
1969,1701.6717602701,1679.4243935986,556.708557128906,340
1970,1688.52573889636,1679.69260364648,556.708557128906,340
1971,1687.81370975037,1679.16704094325,556.708557128906,340
1972,1715.89376205884,1679.52414812147,556.708557128906,340
1973,1575.39281209484,1674.42363252101,556.708557128906,340
1974,1707.86617213687,1675.50391938052,556.708557128906,340
1975,1710.54014114493,1676.80813671626,556.708557128906,340
1976,1700.93403039262,1680.45000197815,556.708557128906,340
1977,1689.82052941211,1683.12892209148,559.477844238281,340
1978,1569.32418629517,1677.28454329835,559.477844238281,340
1979,1695.39860228492,1676.88781324809,559.477844238281,340
1980,1689.3535371613,1677.86435106526,559.477844238281,340
1981,1669.2537736487,1676.63039079068,559.477844238281,340
1982,1712.65513475727,1678.71270856473,559.477844238281,340
1983,1687.15881210242,1678.26687466993,559.477844238281,340
1984,1710.45683742012,1678.41396431672,559.477844238281,340
1985,1679.68665307032,1677.68436709259,560.573852539062,340
1986,1573.270401096,1673.59085918885,560.573852539062,340
1987,1618.26159660649,1670.85170914056,560.573852539062,340
1988,1688.83925636932,1670.05535697041,560.573852539062,340
1989,1684.98126117398,1674.35797584095,560.573852539062,340
1990,1616.62371917797,1671.91119092954,560.573852539062,340
1991,1674.4416712927,1671.82304058729,560.573852539062,340
1992,1660.32073060558,1670.92477127549,560.573852539062,340
1993,1678.52715548276,1671.48047938808,561.205139160156,340
1994,1712.59850432778,1671.91754915039,561.205139160156,340
1995,1677.92975312139,1671.49370971939,561.205139160156,340
1996,1692.51328764063,1671.681692835,561.205139160156,340
1997,1676.53690263646,1670.10741845811,561.205139160156,340
1998,1688.25183750513,1674.62177947452,561.205139160156,340
1999,1665.42196617875,1672.92401123619,561.205139160156,340
2000,1672.15699765065,1671.38868549642,561.205139160156,340
2001,1611.2456357177,1667.80114970943,562.700073242188,340
2002,1686.47480773314,1667.66732084227,562.700073242188,340
2003,1623.28738127681,1669.82584864153,562.700073242188,340
2004,1702.84106123612,1670.12354699958,562.700073242188,340
2005,1691.18340597435,1670.1967417521,562.700073242188,340
2006,1698.42925865042,1671.36376115217,562.700073242188,340
2007,1682.59635533121,1670.16140997513,562.700073242188,340
2008,1692.54986764481,1670.37705219682,562.700073242188,340
2009,1734.45884391932,1671.33713245679,559.965148925781,340
2010,1691.20723561301,1671.7979557585,559.965148925781,340
2011,1682.73320076367,1676.17646774521,559.965148925781,340
2012,1713.79220156751,1679.99769194365,559.965148925781,340
2013,1714.49921650539,1681.02409034909,559.965148925781,340
2014,1663.69093888064,1680.17247745736,559.965148925781,340
2015,1695.54223745001,1683.32921818824,559.965148925781,340
2016,1724.41649804276,1685.32821125824,559.965148925781,340
2017,1743.96667702258,1688.67404911492,559.712341308594,340
2018,1702.60417386638,1689.63712985026,559.712341308594,340
2019,1720.88967910663,1689.96877684142,559.712341308594,340
2020,1717.3395512375,1691.54516876606,559.712341308594,340
2021,1729.1618546872,1693.01111144793,559.712341308594,340
2022,1665.1704986316,1692.55645528773,559.712341308594,340
2023,1656.90013932115,1691.30238736037,559.712341308594,340
2024,1721.16097017132,1693.53194752008,559.712341308594,340
2025,1694.97149640007,1694.44452747005,558.775756835938,340
2026,1645.26817011698,1695.80542884602,558.775756835938,340
2027,1728.5863789822,1697.48989169599,558.775756835938,340
2028,1721.42627988904,1701.41544764047,558.775756835938,340
2029,1712.5172320416,1701.80249447269,558.775756835938,340
2030,1700.74575280989,1702.18498834612,558.775756835938,340
2031,1668.31314504203,1700.98034380178,558.775756835938,340
2032,1640.52282440269,1699.29740256464,558.775756835938,340
2033,1586.41380049939,1695.05195987882,559.389282226562,340
2034,1725.01293698535,1694.67412360146,559.389282226562,340
2035,1732.45544166882,1696.3240518437,559.389282226562,340
2036,1475.22390461414,1688.02367999771,559.389282226562,340
2037,1704.91997453711,1687.6687909165,559.389282226562,340
2038,1685.0936365314,1686.49256771754,559.389282226562,340
2039,1707.57682429883,1688.24800313427,559.389282226562,340
2040,1659.23701938448,1686.79579441165,559.389282226562,340
2041,1631.62105370089,1683.08397663797,556.276672363281,340
2042,1686.80842712052,1680.79764664189,556.276672363281,340
2043,1707.70108422311,1681.00152305616,556.276672363281,340
2044,1702.65419758312,1680.27210379522,556.276672363281,340
2045,1680.43982726164,1678.79611483618,556.276672363281,340
2046,1663.45954364441,1676.16802239447,556.276672363281,340
2047,1716.94780644933,1678.23911470718,556.276672363281,340
2048,1707.39618465644,1680.25895652059,556.276672363281,340
2049,1586.12930619284,1674.85768996145,560.486083984375,340
2050,1700.76609741876,1675.0894740022,560.486083984375,340
2051,1706.73031627442,1677.5479598485,560.486083984375,340
2052,1658.68423144492,1674.75187394701,560.486083984375,340
2053,1694.03558794773,1673.65624626935,560.486083984375,340
2054,1697.45605909048,1673.05379935131,560.486083984375,340
2055,1705.61745999948,1673.24866763889,560.486083984375,340
2056,1689.79388212596,1674.10789712225,560.486083984375,340
2057,1679.08986264436,1675.65057865192,561.231811523438,340
2058,1698.10168972688,1680.11809422102,561.231811523438,340
2059,1708.08364415188,1679.44092250768,561.231811523438,340
2060,1690.64888223595,1677.76866013036,561.231811523438,340
2061,1682.82355995334,1686.07264634393,561.231811523438,340
2062,1684.93293959405,1685.27316494621,561.231811523438,340
2063,1699.66277224875,1685.8559303749,561.231811523438,340
2064,1684.95233215198,1684.95095068903,561.231811523438,340
2065,1637.90085573062,1684.09750414287,563.375793457031,340
2066,1679.36454609749,1686.00724383874,563.375793457031,340
2067,1663.83398390072,1685.08826610995,563.375793457031,340
2068,1719.23261772318,1685.54952744995,563.375793457031,340
2069,1720.77056539009,1686.27418216223,563.375793457031,340
2070,1721.20884533142,1687.90494288502,563.375793457031,340
2071,1697.05002145842,1689.24856199758,563.375793457031,340
2072,1681.34982418884,1687.82464270716,563.375793457031,340
2073,1676.5787989778,1686.59194728001,562.9609375,340
2074,1722.95532319673,1692.06498796017,562.9609375,340
2075,1488.2236654939,1683.56329068317,562.9609375,340
2076,1730.94072268279,1684.53170693951,562.9609375,340
2077,1684.68258396062,1685.57164104014,562.9609375,340
2078,1704.67626026859,1685.99726793297,562.9609375,340
2079,1704.51827065197,1686.27975639543,562.9609375,340
2080,1724.00561182484,1687.01528246845,562.9609375,340
2081,1629.08052228934,1684.58674807498,565.580688476562,340
2082,1716.02505317383,1686.06415569616,565.580688476562,340
2083,1715.31067912503,1686.75251527209,565.580688476562,340
2084,1679.1791689017,1685.59633626208,565.580688476562,340
2085,1729.89975693153,1687.1663712499,565.580688476562,340
2086,1706.40713669119,1688.10971431942,565.580688476562,340
2087,1670.23626474634,1687.52184732551,565.580688476562,340
2088,1668.13503276285,1686.26073774607,565.580688476562,340
2089,1686.20140055272,1686.3107004821,562.463623046875,340
2090,1704.6592333865,1688.98103558834,562.463623046875,340
2091,1698.32262941103,1689.73935892088,562.463623046875,340
2092,1662.61489149356,1689.69059522459,562.463623046875,340
2093,1705.7145884392,1689.14987405323,562.463623046875,340
2094,1711.18151615215,1688.76631208371,562.463623046875,340
2095,1688.33950882431,1687.45153862343,562.463623046875,340
2096,1694.43596325148,1687.34697629515,562.463623046875,340
2097,1703.24023369499,1688.2225926754,557.7607421875,340
2098,1692.81693833804,1688.87211824981,557.7607421875,340
2099,1713.69444275167,1688.50168303201,557.7607421875,340
2100,1698.3265773981,1696.90579950817,557.7607421875,340
2101,1703.26772561492,1695.79887962546,557.7607421875,340
2102,1699.07233298232,1696.37446958633,557.7607421875,340
2103,1637.72435119325,1693.69639322331,557.7607421875,340
2104,1651.92608459601,1691.59270578108,557.7607421875,340
2105,1698.90086320892,1690.58851583644,557.749877929688,340
2106,1730.72709903503,1694.65437890627,557.749877929688,340
2107,1622.41054697753,1690.90979865841,557.749877929688,340
2108,1700.69035555185,1690.32498571549,557.749877929688,340
2109,1666.87275416255,1689.83272912592,557.749877929688,340
2110,1642.99808227654,1686.35666213972,557.749877929688,340
2111,1717.04186873787,1686.78205142159,557.749877929688,340
2112,1628.77441087447,1685.12357726671,557.749877929688,340
2113,1584.86451183176,1681.79275642947,561.007202148438,340
2114,1612.74573457649,1678.85452979042,561.007202148438,340
2115,1536.47519460823,1672.12716823929,561.007202148438,340
2116,1697.52816754774,1672.09538976476,561.007202148438,340
2117,1704.90685999641,1673.78706850487,561.007202148438,340
2118,1709.15362578149,1673.92462999856,561.007202148438,340
2119,1704.13858755268,1673.64291285459,561.007202148438,340
2120,1703.6351099584,1674.25473689995,561.007202148438,340
2121,1702.65958583206,1674.58368180317,562.955993652344,340
2122,1709.84256191564,1674.847774932,562.955993652344,340
2123,1708.74028408877,1675.48470876203,562.955993652344,340
2124,1712.57691407739,1675.44000761506,562.955993652344,340
2125,1698.47780197072,1675.44605659796,562.955993652344,340
2126,1674.09885725772,1674.27930186367,562.955993652344,340
2127,1672.27429527159,1673.20738035524,562.955993652344,340
2128,1702.9319996288,1675.81568629267,562.955993652344,340
2129,1723.8264817288,1678.69170217798,561.839965820312,340
2130,1676.39016494824,1677.79127424755,561.839965820312,340
2131,1688.17384086434,1676.08914392072,561.839965820312,340
2132,1716.30609179463,1679.84496571341,561.839965820312,340
2133,1702.48524888147,1679.91676144659,561.839965820312,340
2134,1705.36463455273,1681.4564366622,561.839965820312,340
2135,1707.92958730532,1684.05369686335,561.839965820312,340
2136,1662.71400511417,1681.8805823184,561.839965820312,340
2137,1719.41610167852,1685.50624995056,562.951477050781,340
2138,1712.47780002331,1690.61078147823,562.951477050781,340
2139,1633.20740172107,1691.42924816401,562.951477050781,340
2140,1695.37695741385,1697.78531867623,562.951477050781,340
2141,1713.60668620614,1698.42845942257,562.951477050781,340
2142,1707.15048162382,1698.51820428767,562.951477050781,340
2143,1657.488048432,1696.45158119369,562.951477050781,340
2144,1715.22969239265,1696.89522538729,562.951477050781,340
2145,1727.67488009657,1697.85681619281,561.494506835938,340
2146,1717.32514874462,1698.44343870932,561.494506835938,340
2147,1655.0654959055,1696.25235606891,561.494506835938,340
2148,1739.54965100002,1697.48473074536,561.494506835938,340
2149,1700.20403963503,1696.98981576767,561.494506835938,340
2150,1680.59439326666,1696.2744794195,561.494506835938,340
2151,1676.5467773616,1696.37239622366,561.494506835938,340
2152,1695.37877013823,1697.29657521832,561.494506835938,340
2153,1729.3158324903,1698.35192853278,561.516723632812,340
2154,1624.59658105373,1694.38273250578,561.516723632812,340
2155,1642.37556664998,1693.02214857385,561.516723632812,340
2156,1703.54681046844,1693.63706735801,561.516723632812,340
2157,1716.07680745662,1693.62789598449,561.516723632812,340
2158,1703.42936063729,1693.66566045473,561.516723632812,340
2159,1742.33318232096,1695.14440236546,561.516723632812,340
2160,1722.56091407083,1695.72965543608,561.516723632812,340
2161,1695.54962794973,1697.0430803495,564.064819335938,340
2162,1722.86395905871,1697.18099464471,564.064819335938,340
2163,1730.09546110115,1697.88570108782,564.064819335938,340
2164,1732.415458686,1701.85402336642,564.064819335938,340
2165,1682.51685336947,1701.33961920464,564.064819335938,340
2166,1713.1683246105,1701.32208474082,564.064819335938,340
2167,1720.13988624473,1701.84166092565,564.064819335938,340
2168,1732.54439657076,1704.8439148512,564.064819335938,340
2169,1705.30324127946,1704.44685680668,562.467102050781,340
2170,1733.05080969422,1704.66189399058,562.467102050781,340
2171,1697.87260374764,1703.8837921907,562.467102050781,340
2172,1696.85515244792,1705.5553784524,562.467102050781,340
2173,1703.86650129442,1704.12805246418,562.467102050781,340
2174,1713.26172167122,1704.65035974562,562.467102050781,340
2175,1671.43590624718,1704.28402026484,562.467102050781,340
2176,1730.89855214768,1706.45809125629,562.467102050781,340
2177,1739.9734919421,1708.24188012844,563.640075683594,340
2178,1721.78137278609,1707.94050174027,563.640075683594,340
2179,1702.96505653071,1711.07524075935,563.640075683594,340
2180,1721.13550908208,1714.22563845664,563.640075683594,340
2181,1687.14056108837,1713.56938848143,563.640075683594,340
2182,1655.32962201596,1711.13950106381,563.640075683594,340
2183,1742.77403908336,1712.71328820165,563.640075683594,340
2184,1677.59974203827,1710.12395059034,563.640075683594,340
2185,1685.44654238176,1708.63937572278,562.741088867188,340
2186,1722.77507795378,1709.72839372294,562.741088867188,340
2187,1706.28707920705,1709.06531852888,562.741088867188,340
2188,1675.58098106377,1706.88473932738,562.741088867188,340
2189,1664.01323153289,1704.14865024126,562.741088867188,340
2190,1730.91164417191,1706.08444187335,562.741088867188,340
2191,1730.13401598118,1706.76306952818,562.741088867188,340
2192,1714.12555788402,1706.52249639375,562.741088867188,340
2193,1690.22333943108,1704.82965410816,561.890625,340
2194,1542.63843542144,1698.32306187384,561.890625,340
2195,1675.49189373855,1696.02070523562,561.890625,340
2196,1733.47600663271,1697.44484135102,561.890625,340
2197,1749.32784451842,1699.54374903384,561.890625,340
2198,1731.31092696654,1700.64152606072,561.890625,340
2199,1726.13554062607,1701.15647881892,561.890625,340
2200,1706.63670568669,1702.5645107965,561.890625,340
2201,1746.39294393046,1703.18428646781,564.086791992188,340
2202,1738.04471297264,1703.10713530903,564.086791992188,340
2203,1721.94364148411,1703.11362605695,564.086791992188,340
2204,1715.04265023064,1703.59672980495,564.086791992188,340
2205,1674.19446242314,1701.71908793859,564.086791992188,340
2206,1704.23819706032,1702.40299337747,564.086791992188,340
2207,1691.8326403707,1703.86311411166,564.086791992188,340
2208,1685.84256734558,1701.58585524215,564.086791992188,340
2209,1737.45042235011,1703.97988245462,563.588562011719,340
2210,1754.59826432338,1706.74595133229,563.588562011719,340
2211,1718.34887875148,1706.5689033642,563.588562011719,340
2212,1736.3148467535,1707.77001406605,563.588562011719,340
2213,1730.45007096047,1709.96477766192,563.588562011719,340
2214,1573.28211357695,1706.33553294368,563.588562011719,340
2215,1745.41810681749,1706.91579144951,563.588562011719,340
2216,1746.88104282442,1707.58567252324,563.588562011719,340
2217,1657.17162202743,1705.30751508897,562.823608398438,340
2218,1731.61429183202,1706.96315318501,562.823608398438,340
2219,1735.76455592088,1714.68819800499,562.823608398438,340
2220,1738.9038416061,1717.22467591969,562.823608398438,340
2221,1716.59974336236,1716.54962538888,562.823608398438,340
2222,1687.99516155532,1714.09631807035,562.823608398438,340
2223,1738.21528183754,1714.37249226519,562.823608398438,340
2224,1693.45657335581,1713.06533357438,562.823608398438,340
2225,1749.57810905131,1714.78298970897,565.1962890625,340
2226,1753.11372869541,1715.05182109957,565.1962890625,340
2227,1765.42696235544,1716.14711107488,565.1962890625,340
2228,1716.69003208284,1715.93696669883,565.1962890625,340
2229,1716.934460455,1716.0126391078,565.1962890625,340
2230,1705.85675939716,1717.27913098676,565.1962890625,340
2231,1749.82165241414,1719.10246920091,565.1962890625,340
2232,1725.86836777551,1720.46389829711,565.1962890625,340
2233,1722.42351446717,1721.92713618197,567.518981933594,340
2234,1742.40167415081,1722.125186254,567.518981933594,340
2235,1759.35556076019,1722.31547811147,567.518981933594,340
2236,1772.74447692906,1724.49130203857,567.518981933594,340
2237,1725.26756393273,1724.04941072574,567.518981933594,340
2238,1749.74193350446,1724.8210852275,567.518981933594,340
2239,1746.08336875618,1731.73313543467,567.518981933594,340
2240,1759.5428806463,1732.29812638782,567.518981933594,340
2241,1756.12688474477,1732.66796006464,566.796447753906,340
2242,1747.54946284869,1736.28307369749,566.796447753906,340
2243,1761.06099304094,1737.46094174585,566.796447753906,340
2244,1751.31757619624,1738.08306255686,566.796447753906,340
2245,1620.05646321334,1733.32916742115,566.796447753906,340
2246,1759.55088039693,1735.04721290253,566.796447753906,340
2247,1541.58664007884,1729.19087204347,566.796447753906,340
2248,1735.926418475,1729.09931750897,566.796447753906,340
2249,1764.00638366531,1731.92130992135,564.977478027344,340
2250,1756.8821373768,1732.21347105437,564.977478027344,340
2251,1754.205751569,1732.25715196931,564.977478027344,340
2252,1707.86465902089,1729.95465983593,564.977478027344,340
2253,1763.42092839998,1731.82389568862,564.977478027344,340
2254,1727.39762790453,1732.2424223866,564.977478027344,340
2255,1761.12519469908,1734.45315979868,564.977478027344,340
2256,1744.88211956771,1734.25557848482,564.977478027344,340
2257,1737.18154271641,1734.70810548246,565.439331054688,340
2258,1737.92685357076,1735.3282390466,565.439331054688,340
2259,1748.11866036975,1735.55691849536,565.439331054688,340
2260,1737.17729211382,1734.6697877495,565.439331054688,340
2261,1743.85814466545,1733.51433445896,565.439331054688,340
2262,1736.80752547028,1733.97593292046,565.439331054688,340
2263,1746.54159564675,1733.84791940615,565.439331054688,340
2264,1746.67643301454,1733.87164197649,565.439331054688,340
2265,1689.99607550515,1731.08976977084,567.631469726562,340
2266,1747.33930234995,1730.73826647505,567.631469726562,340
2267,1753.60967871831,1730.98067510983,567.631469726562,340
2268,1736.20257295194,1729.98633830627,567.631469726562,340
2269,1749.62865004175,1729.91878126009,567.631469726562,340
2270,1742.09094699472,1734.80016061135,567.631469726562,340
2271,1731.78626128699,1733.68957584695,567.631469726562,340
2272,1678.4163894969,1739.16276582367,567.631469726562,340
2273,1676.76942557593,1736.79648610771,567.0283203125,340
2274,1726.94572161968,1735.31405962588,567.0283203125,340
2275,1731.37711619032,1734.29385877842,567.0283203125,340
2276,1751.18347020656,1734.17296752393,567.0283203125,340
2277,1749.15615413223,1735.82462732838,567.0283203125,340
2278,1735.2484309264,1734.69772742944,567.0283203125,340
2279,1712.43202120211,1734.09910316134,567.0283203125,340
2280,1740.76525943001,1733.28470575058,567.0283203125,340
2281,1747.68608237157,1733.39686426273,566.052734375,340
2282,1775.55311104608,1734.93172699592,566.052734375,340
2283,1747.32683880116,1735.30772640513,566.052734375,340
2284,1756.66829472003,1735.64971177915,566.052734375,340
2285,1753.43273379284,1736.29992944631,566.052734375,340
2286,1753.99993103584,1736.70560090112,566.052734375,340
2287,1743.80322325476,1736.9854288125,566.052734375,340
2288,1755.2278878877,1737.33288050214,566.052734375,340
2289,1752.80808453571,1737.57814656299,568.541931152344,340
2290,1743.68108272103,1739.72554685162,568.541931152344,340
2291,1726.89447826844,1738.90775388836,568.541931152344,340
2292,1743.29214918946,1738.49505270721,568.541931152344,340
2293,1752.45392144175,1739.1451066468,568.541931152344,340
2294,1754.10985578516,1739.32435487654,568.541931152344,340
2295,1740.06521661493,1739.24332566134,568.541931152344,340
2296,1768.36735431326,1740.70656938239,568.541931152344,340
2297,1754.4927620733,1743.74962428545,568.346496582031,340
2298,1742.46409899524,1746.37741122222,568.346496582031,340
2299,1746.94508926729,1747.17738592813,568.346496582031,340
2300,1754.86554176395,1748.11692295107,568.346496582031,340
2301,1754.38467637656,1748.24497119787,568.346496582031,340
2302,1746.95369305617,1748.15687275483,568.346496582031,340
2303,1761.10051567544,1749.19095614479,568.346496582031,340
2304,1730.85515056343,1749.92788131924,568.346496582031,340
2305,1772.55032249523,1751.19928384185,569.106323242188,340
2306,1768.9115863211,1752.04830399983,569.106323242188,340
2307,1772.54086521047,1751.92781416641,569.106323242188,340
2308,1755.32916847306,1752.24790735329,569.106323242188,340
2309,1758.46202323964,1752.31965649407,569.106323242188,340
2310,1765.01973083851,1752.7831363759,569.106323242188,340
2311,1751.97985197046,1752.70233321328,569.106323242188,340
2312,1740.70381032331,1752.57835669602,569.106323242188,340
2313,1752.56326550374,1752.47177180067,569.852355957031,340
2314,1752.51703048482,1752.46012963863,569.852355957031,340
2315,1759.55968264414,1753.09527363555,569.852355957031,340
2316,1774.74688513346,1755.00936991015,569.852355957031,340
2317,1762.42738074418,1755.77477917234,569.852355957031,340
2318,1748.25164685276,1755.60668818878,569.852355957031,340
2319,1739.45216689121,1755.02038063303,569.852355957031,340
2320,1747.71487396151,1755.32636692689,569.852355957031,340
2321,1729.33678546662,1753.76514417302,570.3701171875,340
2322,1726.51410592231,1752.64599792698,570.3701171875,340
2323,1731.62693249421,1752.21251126694,570.3701171875,340
2324,1749.62065793983,1752.31953401384,570.3701171875,340
2325,1742.66150493592,1751.83137254072,570.3701171875,340
2326,1773.62037129631,1752.60080033751,570.3701171875,340
2327,1756.96465279308,1753.00123872699,570.3701171875,340
2328,1740.72324667761,1752.18614796708,570.3701171875,340
2329,1764.18246371348,1753.51924049308,571.495239257812,340
2330,1738.97094090159,1752.17606522933,571.495239257812,340
2331,1764.6867479439,1752.00707169425,571.495239257812,340
2332,1764.6041460083,1751.68960292616,571.495239257812,340
2333,1731.04272950695,1750.71814536751,571.495239257812,340
2334,1753.81429786921,1750.5322363527,571.495239257812,340
2335,1780.28950635224,1751.14302737325,571.495239257812,340
2336,1744.50069769565,1750.84386120225,571.495239257812,340
2337,1772.65618987064,1752.12195638415,570.669067382812,340
2338,1741.66637868421,1751.68608091136,570.669067382812,340
2339,1732.54212005659,1750.88708449424,570.669067382812,340
2340,1764.04226414311,1751.06638775419,570.669067382812,340
2341,1779.73171055331,1751.26578077099,570.669067382812,340
2342,1774.13461013473,1751.73406994661,570.669067382812,340
2343,1757.60119661268,1752.10805193701,570.669067382812,340
2344,1709.80601689275,1750.92220593707,570.669067382812,340
2345,1759.18090577866,1751.38084720976,571.490966796875,340
2346,1724.11105394595,1751.17181794893,571.490966796875,340
2347,1733.04174410403,1751.4329234762,571.490966796875,340
2348,1765.50279498479,1752.78795797582,571.490966796875,340
2349,1776.84445576841,1753.87690988896,571.490966796875,340
2350,1758.83564354207,1754.52387543321,571.490966796875,340
2351,1759.12881512154,1753.94421318622,571.490966796875,340
2352,1711.28931938277,1752.11719984981,571.490966796875,340
2353,1780.51736966459,1753.70896476929,571.924987792969,340
2354,1781.52268413493,1754.40257358614,571.924987792969,340
2355,1783.339720773,1756.177324781,571.924987792969,340
2356,1765.83045122386,1756.2230729122,571.924987792969,340
2357,1770.19440475885,1756.44668326222,571.924987792969,340
2358,1777.37689146885,1758.3000497407,571.924987792969,340
2359,1777.49263489028,1759.24718322154,571.924987792969,340
2360,1772.21775951417,1758.92431334802,571.924987792969,340
2361,1770.89313401858,1759.98001080094,572.196044921875,340
2362,1772.71374079411,1759.98231283787,572.196044921875,340
2363,1783.71435156991,1761.6642317533,572.196044921875,340
2364,1772.0829218162,1763.24586382369,572.196044921875,340
2365,1786.04515132176,1764.12597931083,572.196044921875,340
2366,1775.23806047173,1763.94623330757,572.196044921875,340
2367,1675.6196091347,1760.00563326757,572.196044921875,340
2368,1770.94557800034,1760.53940852307,572.196044921875,340
2369,1678.67963595902,1759.29435328572,571.876770019531,340
2370,1779.23501390871,1760.09651761093,571.876770019531,340
2371,1776.66153020081,1762.19853666112,571.876770019531,340
2372,1771.987416853,1763.75636357108,571.876770019531,340
2373,1779.19422681511,1764.30402084429,571.876770019531,340
2374,1782.85233753255,1764.54433611486,571.876770019531,340
2375,1772.27905588369,1765.08207260852,571.876770019531,340
2376,1784.78942465999,1766.10849699006,571.876770019531,340
2377,1780.98495374562,1768.89632236457,571.174987792969,340
2378,1764.96398533464,1768.27418699138,571.174987792969,340
2379,1761.37538113558,1767.4682948714,571.174987792969,340
2380,1782.96118119448,1767.45315328826,571.174987792969,340
2381,1781.4430106763,1768.07765566636,571.174987792969,340
2382,1741.73394466994,1766.9392372628,571.174987792969,340
2383,1782.09598411107,1767.12800096849,571.174987792969,340
2384,1784.46747049419,1767.40699439265,571.174987792969,340
2385,1784.07480990585,1767.88127640831,571.742858886719,340
2386,1778.44845690667,1768.18348932384,571.742858886719,340
2387,1763.74386455953,1767.82469427445,571.742858886719,340
2388,1768.49800748918,1767.21604051123,571.742858886719,340
2389,1762.73310876564,1766.8420479892,571.742858886719,340
2390,1772.70592339598,1766.30847887217,571.742858886719,340
2391,1763.42073846571,1765.83578599193,571.742858886719,340
2392,1767.02901125757,1769.49216207685,571.742858886719,340
2393,1764.40513610288,1769.23054440095,572.035766601562,340
2394,1737.842710746,1771.59706739243,572.035766601562,340
2395,1767.23039555963,1771.11688265846,572.035766601562,340
2396,1789.13821808627,1771.61595017388,572.035766601562,340
2397,1708.4079437567,1769.07277125003,572.035766601562,340
2398,1757.63683510555,1768.21047558165,572.035766601562,340
2399,1764.2445940034,1767.46616584048,572.035766601562,340
2400,1792.72260826658,1768.2839079358,572.035766601562,340
2401,1773.14259928394,1767.81803492076,572.131713867188,340
2402,1793.2422876096,1768.30832827532,572.131713867188,340
2403,1622.19077267287,1762.59739976884,572.131713867188,340
2404,1779.34157076718,1763.31604735411,572.131713867188,340
2405,1669.49872443489,1758.77754908372,572.131713867188,340
2406,1790.24042277891,1759.12944556783,572.131713867188,340
2407,1775.90987021751,1760.49648258973,572.131713867188,340
2408,1784.3941371105,1760.58840870971,572.131713867188,340
2409,1773.40948142139,1760.1460891468,571.283813476562,340
2410,1767.85129653328,1759.49714861189,571.283813476562,340
2411,1777.04355299161,1759.44095245529,571.283813476562,340
2412,1792.59520098514,1760.59500591232,571.283813476562,340
2413,1795.60663622784,1761.67935106186,571.283813476562,340
2414,1749.41189559549,1761.14650253506,571.283813476562,340
2415,1784.6166838141,1761.62293295178,571.283813476562,340
2416,1778.74907235179,1762.23606630723,571.283813476562,340
2417,1786.59743457123,1763.01880323977,572.014404296875,340
2418,1768.01775710052,1763.16330807968,572.014404296875,340
2419,1777.53925657333,1764.75116991277,572.014404296875,340
2420,1772.3474211199,1764.95585093518,572.014404296875,340
2421,1787.5804531659,1764.89354033837,572.014404296875,340
2422,1778.36300935344,1767.69174296224,572.014404296875,340
2423,1782.51347363548,1768.68680850343,572.014404296875,340
2424,1773.95490351159,1769.07522088376,572.014404296875,340
2425,1773.02973937435,1768.28750612807,571.937927246094,340
2426,1802.34739367703,1769.45569790379,571.937927246094,340
2427,1765.24994755196,1768.33600430149,571.937927246094,340
2428,1771.32399515802,1774.3013332009,571.937927246094,340
2429,1722.08665060555,1772.01113639443,571.937927246094,340
2430,1783.20737980381,1776.55948260919,571.937927246094,340
2431,1765.64174202091,1775.57553537887,571.937927246094,340
2432,1790.01656989851,1776.13980336611,571.937927246094,340
2433,1638.55653295176,1770.30629919976,573.72119140625,340
2434,1775.86512734699,1770.40452503678,573.72119140625,340
2435,1783.34423629411,1771.02424262722,573.72119140625,340
2436,1640.07367158912,1765.54544737112,573.72119140625,340
2437,1754.93679132494,1764.03911098471,573.72119140625,340
2438,1773.90734509691,1763.17113933947,573.72119140625,340
2439,1769.52121017373,1763.9755119226,573.72119140625,340
2440,1662.60360453843,1759.09498875157,573.72119140625,340
2441,1772.27891633197,1758.83618251078,574.185241699219,340
2442,1782.5718062973,1758.67515737982,574.185241699219,340
2443,1779.34398349737,1759.1282064357,574.185241699219,340
2444,1786.89755720906,1759.50253846113,574.185241699219,340
2445,1775.02152044789,1759.60950243425,574.185241699219,340
2446,1792.5510571438,1759.80832659336,574.185241699219,340
2447,1798.55229866718,1760.61589816591,574.185241699219,340
2448,1782.57094273892,1760.61819693005,574.185241699219,340
2449,1746.73258394965,1759.52930414757,573.189697265625,340
2450,1801.07578555853,1760.65114599494,573.189697265625,340
2451,1772.52972170878,1759.45843911621,573.189697265625,340
2452,1800.81285595918,1760.8809554525,573.189697265625,340
2453,1776.56568259937,1761.09062295015,573.189697265625,340
2454,1779.62407564985,1763.39211995192,573.189697265625,340
2455,1792.28356028567,1763.7551671712,573.189697265625,340
2456,1794.38941092915,1764.90507392753,573.189697265625,340
2457,1799.70517144173,1765.29261798926,574.295227050781,340
2458,1778.05622211582,1770.87260555582,574.295227050781,340
2459,1751.8395976124,1769.91158436644,574.295227050781,340
2460,1751.79972134817,1768.6498037686,574.295227050781,340
2461,1797.79153416514,1774.95851827164,574.295227050781,340
2462,1803.76461132173,1776.91163107151,574.295227050781,340
2463,1789.01024181259,1777.51574694014,574.295227050781,340
2464,1799.3403447469,1778.70851232306,574.295227050781,340
2465,1794.95454012884,1784.00254974668,575.356140136719,340
2466,1802.59102226165,1785.21503398387,575.356140136719,340
2467,1769.09142918448,1784.67581889935,575.356140136719,340
2468,1793.91550570333,1785.25867978759,575.356140136719,340
2469,1778.10905572325,1784.90713972816,575.356140136719,340
2470,1782.54821488685,1785.20820750572,575.356140136719,340
2471,1795.16524705589,1785.3127751022,575.356140136719,340
2472,1777.91751588952,1784.4873837911,575.356140136719,340
2473,1797.85808942347,1785.09886965848,575.949340820312,340
2474,1775.83279902797,1786.26287826161,575.949340820312,340
2475,1798.59129100879,1786.16349847962,575.949340820312,340
2476,1745.17454524982,1785.06929142126,575.949340820312,340
2477,1782.05821924389,1784.31910595265,575.949340820312,340
2478,1790.23800571173,1784.86599887715,575.949340820312,340
2479,1773.75242192511,1784.63113272816,575.949340820312,340
2480,1795.79724488083,1784.77168011196,575.949340820312,340
2481,1780.81215634959,1784.22858992878,574.382629394531,340
2482,1793.68414740215,1783.9877489672,574.382629394531,340
2483,1801.21778053232,1784.91421130386,574.382629394531,340
2484,1799.87005042312,1786.83542941629,574.382629394531,340
2485,1806.47481095786,1789.02243300067,574.382629394531,340
2486,1610.79072250156,1781.54240053413,574.382629394531,340
2487,1750.73517234244,1779.42122297496,574.382629394531,340
2488,1720.7402175448,1776.69042200425,574.382629394531,340
2489,1801.56906524001,1776.77957082397,574.182312011719,340
2490,1797.77109889961,1776.8922331748,574.182312011719,340
2491,1798.86636290107,1776.74324680038,574.182312011719,340
2492,1784.02740557122,1777.34068585585,574.182312011719,340
2493,1650.39219750753,1771.59975352802,574.182312011719,340
2494,1808.88565736088,1772.83081759352,574.182312011719,340
2495,1762.7229489195,1772.03780695483,574.182312011719,340
2496,1759.14783393721,1770.59711043008,574.182312011719,340
2497,1784.20859321819,1770.84875352323,574.435424804688,340
2498,1797.27832998803,1770.82556314581,574.435424804688,340
2499,1792.74516497853,1771.50205778383,574.435424804688,340
2500,1774.53835308309,1770.5399402668,574.435424804688,340
2501,1771.7015914667,1771.60102211548,574.435424804688,340
2502,1779.31304987435,1771.4912153407,574.435424804688,340
2503,1794.96451279846,1771.68027562417,574.435424804688,340
2504,1780.67907056613,1771.95734156981,574.435424804688,340
2505,1797.05066869501,1772.00747852237,574.465759277344,340
2506,1789.45593007873,1772.35322947154,574.465759277344,340
2507,1785.0140355831,1772.00642499878,574.465759277344,340
2508,1802.93656152832,1772.07517623862,574.465759277344,340
2509,1794.22451075982,1771.84935465209,574.465759277344,340
2510,1791.101848101,1771.23443613781,574.465759277344,340
2511,1781.43990944305,1778.06040361547,574.465759277344,340
2512,1787.04731406324,1779.5128892843,574.465759277344,340
2513,1798.31134118875,1782.61573423006,574.737609863281,340
2514,1790.95671671337,1782.191240289,574.737609863281,340
2515,1795.35127607546,1782.09444737603,574.737609863281,340
2516,1795.5040375805,1781.95995436321,574.737609863281,340
2517,1793.50099489794,1782.33889793628,574.737609863281,340
2518,1796.56184332021,1788.18568376878,574.737609863281,340
2519,1793.5447636885,1787.57204802189,574.737609863281,340
2520,1776.41656010663,1788.11979246937,574.737609863281,340
2521,1760.31111856635,1788.16632385454,575.045471191406,340
2522,1789.74566567445,1788.38780675279,575.045471191406,340
2523,1800.22606032623,1788.50571596632,575.045471191406,340
2524,1804.55127182434,1788.97796024015,575.045471191406,340
2525,1809.06802521136,1790.35914712528,575.045471191406,340
2526,1798.95652659635,1791.44934453047,575.045471191406,340
2527,1808.62262502768,1792.6217275366,575.045471191406,340
2528,1795.36526423439,1792.63775759404,575.045471191406,340
2529,1784.50190346368,1792.79067090994,575.467651367188,340
2530,1797.69822385811,1792.81657311646,575.467651367188,340
2531,1797.12555121833,1793.12335796205,575.467651367188,340
2532,1800.0047863088,1793.72298799107,575.467651367188,340
2533,1802.83262087005,1793.71883036474,575.467651367188,340
2534,1801.72741324902,1794.01894646431,575.467651367188,340
2535,1805.33700120966,1794.58835258866,575.467651367188,340
2536,1800.10274163271,1795.33486587625,575.467651367188,340
2537,1773.21691684366,1794.78164998746,575.801635742188,340
2538,1787.13411643168,1794.33456099718,575.801635742188,340
2539,1789.81698095331,1794.28897156678,575.801635742188,340
2540,1804.98585203991,1794.67435460535,575.801635742188,340
2541,1788.89789061045,1794.41010872655,575.801635742188,340
2542,1793.36215068014,1794.40455495784,575.801635742188,340
2543,1768.25793617912,1793.2723986722,575.801635742188,340
2544,1786.81628674772,1793.00325959457,575.801635742188,340
2545,1790.74311816944,1793.57632191708,576.296325683594,340
2546,1796.65113685289,1795.02992264854,576.296325683594,340
2547,1790.84330700087,1795.0738283016,576.296325683594,340
2548,1796.31614056465,1794.91743151113,576.296325683594,340
2549,1732.96716462381,1792.05406722311,576.296325683594,340
2550,1790.13580317143,1791.29677834152,576.296325683594,340
2551,1789.16994560115,1790.90531510171,576.296325683594,340
2552,1795.72181152039,1790.38928256142,576.296325683594,340
2553,1801.47858413281,1790.63381535735,576.1552734375,340
2554,1804.44634723149,1791.43159310806,576.1552734375,340
2555,1808.5418703992,1791.86533896971,576.1552734375,340
2556,1788.13858842209,1791.50586045786,576.1552734375,340
2557,1810.5067987685,1791.92594095625,576.1552734375,340
2558,1767.75864731013,1790.52298201385,576.1552734375,340
2559,1793.21212850502,1790.18237062409,576.1552734375,340
2560,1807.76491291448,1790.27948709228,576.1552734375,340
2561,1793.72189961592,1790.02425341161,576.970703125,340
2562,1790.39929654078,1790.7115485995,576.970703125,340
2563,1794.3065307581,1790.99844517255,576.970703125,340
2564,1802.24664140233,1791.49563159051,576.970703125,340
2565,1808.34274020631,1791.62990711717,576.970703125,340
2566,1773.49803050618,1791.013912713,576.970703125,340
2567,1791.51274103439,1790.93993632717,576.970703125,340
2568,1786.48858461612,1791.66916226465,576.970703125,340
2569,1766.04538270605,1790.83832610298,577.697265625,340
2570,1799.61620694966,1791.19324965419,577.697265625,340
2571,1802.41245372471,1791.42370232906,577.697265625,340
2572,1796.70635701029,1791.65822432944,577.697265625,340
2573,1802.49260833568,1791.90528304028,577.697265625,340
2574,1787.58730455106,1794.09008863737,577.697265625,340
2575,1779.17623280726,1793.6517058228,577.697265625,340
2576,1809.25634334629,1794.45516173261,577.697265625,340
2577,1793.88131505955,1794.38154187417,577.43798828125,340
2578,1704.44135346091,1790.5000526473,577.43798828125,340
2579,1800.94811817716,1790.36012348513,577.43798828125,340
2580,1755.14167288568,1788.22411558458,577.43798828125,340
2581,1787.90745868931,1788.21487039527,577.43798828125,340
2582,1810.4400449716,1788.2122002434,577.43798828125,340
2583,1798.96085899576,1789.46028871082,577.43798828125,340
2584,1797.16358225812,1789.61834686095,577.43798828125,340
2585,1810.89868869984,1789.74369789236,577.929809570312,340
2586,1819.09549124178,1790.7586415574,577.929809570312,340
2587,1806.46724940109,1791.40135967181,577.929809570312,340
2588,1796.82086344097,1791.50193297912,577.929809570312,340
2589,1811.18942250701,1791.85964422331,577.929809570312,340
2590,1804.40739328024,1791.70223034627,577.929809570312,340
2591,1804.42541854888,1792.93932586798,577.929809570312,340
2592,1799.89425483658,1793.27458642006,577.929809570312,340
2593,1783.92518537742,1793.17205045052,577.703063964844,340
2594,1808.67868706137,1794.87738262473,577.703063964844,340
2595,1797.24749142492,1794.78263400374,577.703063964844,340
2596,1793.63370196126,1794.4314839332,577.703063964844,340
2597,1778.31590434079,1793.69586582642,577.703063964844,340
2598,1780.7451745453,1792.82596847481,577.703063964844,340
2599,1801.78621621943,1793.39392494154,577.703063964844,340
2600,1799.02720836755,1794.18796396395,577.703063964844,340
2601,1781.88464842959,1793.09309616728,577.000549316406,340
2602,1811.25491608725,1793.78804020839,577.000549316406,340
2603,1807.32269817496,1797.90329399695,577.000549316406,340
2604,1798.70036795238,1797.81338398796,577.000549316406,340
2605,1796.75417300619,1799.47788399278,577.000549316406,340
2606,1802.31489785602,1800.05418155945,577.000549316406,340
2607,1781.30691609525,1798.8888564044,577.000549316406,340
2608,1806.63752026851,1799.19592285531,577.000549316406,340
2609,1799.9942501883,1799.30914957252,575.941833496094,340
2610,1717.3906360481,1795.56882746645,575.941833496094,340
2611,1752.35345348057,1792.899145956,575.941833496094,340
2612,1801.51219440855,1792.7009437563,575.941833496094,340
2613,1770.28344645204,1791.63944707674,575.941833496094,340
2614,1808.14697201882,1791.51774905721,575.941833496094,340
2615,1754.69972749608,1789.52944242584,575.941833496094,340
2616,1818.51006689857,1790.09282835983,575.941833496094,340
2617,1815.14999776086,1790.7030580768,577.838073730469,340
2618,1809.76986218134,1791.73684514896,577.838073730469,340
2619,1813.97990340206,1791.94889380259,577.838073730469,340
2620,1794.35062892978,1791.83301930278,577.838073730469,340
2621,1804.07563510464,1792.25069662852,577.838073730469,340
2622,1806.67109690542,1793.3849043311,577.838073730469,340
2623,1807.13879460018,1794.4406491333,577.838073730469,340
2624,1803.93620816296,1794.52664881104,577.838073730469,340
2625,1819.29495007065,1795.33735847916,577.56103515625,340
2626,1813.10411643705,1796.58613719946,577.56103515625,340
2627,1811.39549543976,1796.59176037356,577.56103515625,340
2628,1815.1727754021,1796.90576346265,577.56103515625,340
2629,1806.08063691997,1797.20097422135,577.56103515625,340
2630,1815.62991875291,1797.95600405122,577.56103515625,340
2631,1815.96672423382,1798.50207710633,577.56103515625,340
2632,1814.5091083236,1799.83016479547,577.56103515625,340
2633,1791.00744069786,1799.20496161264,577.121154785156,340
2634,1809.07652537688,1799.56825262018,577.121154785156,340
2635,1780.1811818315,1802.07987445152,577.121154785156,340
2636,1799.98483382056,1803.98512966512,577.121154785156,340
2637,1823.89982928839,1804.88063506031,577.121154785156,340
2638,1820.23604358001,1806.87873894543,577.121154785156,340
2639,1814.47856480806,1807.132002657,577.121154785156,340
2640,1804.60409074396,1809.12817718692,577.121154785156,340
2641,1805.3661473269,1808.60242040405,577.746276855469,340
2642,1802.00630799291,1808.07667281333,577.746276855469,340
2643,1815.74908893562,1808.3158418835,577.746276855469,340
2644,1812.89516169376,1808.27245221517,577.746276855469,340
2645,1798.45596720288,1808.43666574609,577.746276855469,340
2646,1806.92819393986,1808.5507680995,577.746276855469,340
2647,1798.20145430165,1808.21198239535,577.746276855469,340
2648,1805.35237923026,1808.14052578056,577.746276855469,340
2649,1795.56962453008,1807.80586243524,578.541687011719,340
2650,1811.12430680776,1807.47903670473,578.541687011719,340
2651,1792.84870236509,1806.66882014185,578.541687011719,340
2652,1798.11441374729,1806.13757687415,578.541687011719,340
2653,1782.36001760859,1804.82506656241,578.541687011719,340
2654,1799.6236767767,1804.56678815668,578.541687011719,340
2655,1804.31973727479,1804.11438089755,578.541687011719,340
2656,1808.99800031356,1803.83563194074,578.541687011719,340
2657,1775.32454129798,1802.26824925972,578.437744140625,340
2658,1814.35430149764,1803.20212369171,578.437744140625,340
2659,1825.35568955826,1803.85329025896,578.437744140625,340
2660,1813.38343924414,1805.18138055547,578.437744140625,340
2661,1817.11391349785,1805.86654374256,578.437744140625,340
2662,1816.00290309705,1805.55066669491,578.437744140625,340
2663,1811.86727141646,1805.21591580836,578.437744140625,340
2664,1824.90388637071,1805.63292867087,578.437744140625,340
2665,1816.09942831199,1806.09274217359,578.461486816406,340
2666,1818.65059597198,1806.62412011939,578.461486816406,340
2667,1816.07971256621,1807.18705630233,578.461486816406,340
2668,1818.22999070967,1807.28629237329,578.461486816406,340
2669,1825.4238677525,1807.78744061564,578.461486816406,340
2670,1801.17618644379,1807.89624938527,578.461486816406,340
2671,1811.51373411791,1808.0796709924,578.461486816406,340
2672,1814.35630154227,1808.72586488202,578.461486816406,340
2673,1811.38935644045,1808.96734397043,579.151916503906,340
2674,1804.72219500011,1809.33344678923,579.151916503906,340
2675,1809.71480978067,1809.27706690815,579.151916503906,340
2676,1824.18668982225,1810.53058640643,579.151916503906,340
2677,1828.46910323949,1811.74477398612,579.151916503906,340
2678,1821.0779047139,1813.29348947033,579.151916503906,340
2679,1800.97735447487,1813.34763657826,579.151916503906,340
2680,1829.55562024466,1814.35707189705,579.151916503906,340
2681,1818.13349162649,1814.72249154957,579.317687988281,340
2682,1800.2826274448,1815.72081499544,579.317687988281,340
2683,1830.60146617474,1816.37070158253,579.317687988281,340
2684,1819.72924060201,1816.14564362428,579.317687988281,340
2685,1818.06941303749,1816.33308257601,579.317687988281,340
2686,1808.77028098293,1815.99933727542,579.317687988281,340
2687,1820.10916072781,1816.16358758065,579.317687988281,340
2688,1819.11124935215,1816.45334669807,579.317687988281,340
2689,1790.02013156589,1815.05799650588,577.679565429688,340
2690,1794.19022698089,1814.18162845264,577.679565429688,340
2691,1779.26987321821,1812.60639954249,577.679565429688,340
2692,1808.06569480807,1812.28583883216,577.679565429688,340
2693,1786.59870968795,1811.02058759129,577.679565429688,340
2694,1794.95240150297,1809.80172894131,577.679565429688,340
2695,1788.30245471426,1809.28677967213,577.679565429688,340
2696,1792.48747813432,1808.52572943279,577.679565429688,340
2697,1764.64239068092,1806.53717299833,577.914916992188,340
2698,1791.27443078946,1805.73257597229,577.914916992188,340
2699,1706.76704701268,1801.81437005279,577.914916992188,340
2700,1774.95660794439,1800.42404197934,577.914916992188,340
2701,1782.12046218823,1798.74139287398,577.914916992188,340
2702,1777.12075701749,1796.6874590251,577.914916992188,340
2703,1794.78833867162,1795.63587638341,577.914916992188,340
2704,1783.58078084606,1794.94001343826,577.914916992188,340
2705,1789.55926196488,1793.34015910707,577.317504882812,340
2706,1786.706654577,1792.08308562509,577.317504882812,340
2707,1792.26557436236,1791.76240350179,577.317504882812,340
2708,1759.12057236994,1788.9031677496,577.317504882812,340
2709,1781.18115785457,1787.3612444397,577.317504882812,340
2710,1789.54242428351,1786.22016488954,577.317504882812,340
2711,1749.40561014457,1783.84557805601,577.317504882812,340
2712,1785.59894272093,1782.46516933573,577.317504882812,340
2713,1763.36909072472,1780.23548299064,578.750183105469,340
2714,1767.1880654696,1779.32220034678,578.750183105469,340
2715,1761.91762876924,1778.03129641832,578.750183105469,340
2716,1781.55739540318,1778.12279730572,578.750183105469,340
2717,1780.36907166657,1777.01493238006,578.750183105469,340
2718,1766.13032439391,1776.1961969683,578.750183105469,340
2719,1794.06314752959,1776.16062680936,578.750183105469,340
2720,1769.69389957273,1775.4162846037,578.750183105469,340
2721,1767.11526421071,1774.40139604675,579.480590820312,340
2722,1772.16712832349,1774.70238555246,579.480590820312,340
2723,1737.65170895362,1772.55747667902,579.480590820312,340
2724,1666.47312728025,1770.94571988973,579.480590820312,340
2725,1773.14820194265,1770.87338364966,579.480590820312,340
2726,1766.24661552223,1770.23842978302,579.480590820312,340
2727,1760.5377260614,1769.57510854477,579.480590820312,340
2728,1756.67248793653,1768.05047451537,579.480590820312,340
2729,1801.11343652465,1768.75178074251,578.966552734375,340
2730,1789.49302754177,1768.74913136559,578.966552734375,340
2731,1779.12582125432,1768.44589803268,578.966552734375,340
2732,1787.54180881823,1768.25694741092,578.966552734375,340
2733,1801.18958384076,1769.93970786975,578.966552734375,340
2734,1654.88221455187,1764.88775013764,578.966552734375,340
2735,1785.08869237485,1764.70960086129,578.966552734375,340
2736,1761.90804017854,1765.20969806265,578.966552734375,340
2737,1791.92843885463,1765.462877908,578.69921875,340
2738,1789.49358869753,1766.50785782691,578.69921875,340
2739,1709.97289509907,1764.21925101209,578.69921875,340
2740,1578.58965162613,1756.88613192637,578.69921875,340
2741,1608.55865506479,1749.96618231283,578.69921875,340
2742,1741.22670347902,1748.40048758533,578.69921875,340
2743,1640.5339095189,1743.37663099033,578.69921875,340
2744,1639.91408936602,1737.21066866379,578.69921875,340
2745,1618.28904826399,1731.15447461144,581.108642578125,340
2746,1825.75924773527,1733.50023395242,581.108642578125,340
2747,1558.01720567005,1724.93423704628,581.108642578125,340
2748,1694.62584530072,1723.21320250017,581.108642578125,340
2749,1779.92445592204,1727.75125564584,581.108642578125,340
2750,1801.02965830467,1728.86651390032,581.108642578125,340
2751,1668.40209533592,1724.95273309287,581.108642578125,340
2752,1547.5317912269,1716.43249569949,581.108642578125,340
2753,1773.96302478538,1717.12411717344,580.602355957031,340
2754,1795.13371923724,1716.88492848194,580.602355957031,340
2755,1807.50974140124,1717.60559703632,580.602355957031,340
2756,1782.48690512388,1717.74004039111,580.602355957031,340
2757,1791.87074632268,1717.91319789128,580.602355957031,340
2758,1796.88998841476,1717.74121407424,580.602355957031,340
2759,1785.70969295481,1722.97431321036,580.602355957031,340
2760,1783.39675149866,1722.90663557531,580.602355957031,340
2761,1536.99060948405,1713.90993834753,578.682556152344,340
2762,1741.52207427265,1711.89368376426,578.682556152344,340
2763,1772.95027633598,1711.23195126979,578.682556152344,340
2764,1742.56572235089,1712.53566435987,578.682556152344,340
2765,1789.32013032762,1720.96488350792,578.682556152344,340
2766,1739.14717198496,1726.18842418473,578.682556152344,340
2767,1699.70041615852,1724.52737269191,578.682556152344,340
2768,1765.90851769569,1729.54235701898,578.682556152344,340
2769,1552.96249312085,1726.06429316918,580.126586914062,340
2770,1719.23240072074,1730.10202726745,580.126586914062,340
2771,1576.34614562492,1720.12550318303,580.126586914062,340
2772,1578.64474532419,1720.9506047692,580.126586914062,340
2773,1528.71693986939,1714.31424855194,580.126586914062,340
2774,1804.45371344206,1715.29541885275,580.126586914062,340
2775,1777.23572652233,1714.34366158145,580.126586914062,340
2776,1604.66381008215,1711.7941301713,580.126586914062,340
2777,1804.71406870404,1722.08142127039,575.892822265625,340
2778,1800.72595006494,1723.15193828157,575.892822265625,340
2779,1795.41653507998,1723.16325091528,575.892822265625,340
2780,1707.41812663925,1719.1595863248,575.892822265625,340
2781,1813.42577793887,1720.3971412374,575.892822265625,340
2782,1799.33384909811,1720.69566534842,575.892822265625,340
2783,1686.0975435638,1716.26396755438,575.892822265625,340
2784,1799.43646639018,1716.81303849179,575.892822265625,340
2785,1745.94991194212,1715.31516490953,573.456298828125,340
2786,1775.05896513012,1724.83789913537,573.456298828125,340
2787,1606.30129061991,1719.42906778926,573.456298828125,340
2788,1792.28750735808,1720.20255703015,573.456298828125,340
2789,1822.87774495749,1723.41503793441,573.456298828125,340
2790,1748.88868880632,1721.79778027356,573.456298828125,340
2791,1807.99742391291,1724.55179035068,573.456298828125,340
2792,1785.44609824354,1727.98161763408,573.456298828125,340
2793,1819.41851326438,1730.12201745683,570.610473632812,340
2794,1815.10253012463,1740.60761893698,570.610473632812,340
2795,1802.64644496914,1743.94418070691,570.610473632812,340
2796,1752.32205658174,1750.98321714519,570.610473632812,340
2797,1556.17803704144,1750.08454881388,570.610473632812,340
2798,1803.22570411973,1761.06489938389,570.610473632812,340
2799,1736.83044511211,1758.35996865069,570.610473632812,340
2800,1779.0812404772,1758.43378920889,570.610473632812,340
2801,1798.92430327642,1766.20420893666,570.392333984375,340
2802,1807.3563898219,1766.30990178137,570.392333984375,340
2803,1790.6474830864,1765.90676310223,570.392333984375,340
2804,1794.90954850782,1765.88648363934,570.392333984375,340
2805,1795.13809353179,1769.39528231504,570.392333984375,340
2806,1807.75317550834,1769.16837821782,570.392333984375,340
2807,1798.2653073763,1769.12563654895,570.392333984375,340
2808,1806.93435644551,1773.95910906422,570.392333984375,340
2809,1781.63023123665,1773.24685965808,569.184753417969,340
2810,1800.76391112259,1775.4394196253,569.184753417969,340
2811,1817.92314300711,1777.15398674038,569.184753417969,340
2812,1796.59502684817,1784.76573618951,569.184753417969,340
2813,1810.30425985144,1785.48640628924,569.184753417969,340
2814,1793.01238001039,1784.29179169136,569.184753417969,340
2815,1809.85676160301,1786.73051460323,569.184753417969,340
2816,1807.0399089607,1786.69221400514,569.184753417969,340
2817,1821.07854802831,1788.11751199653,569.985473632812,340
2818,1817.98340781958,1788.06010777874,569.985473632812,340
2819,1812.6196163133,1787.96079122628,569.985473632812,340
2820,1786.53694234459,1787.3164111213,569.985473632812,340
2821,1783.83275085771,1788.57683889234,569.985473632812,340
2822,1795.4695427488,1798.14849912063,569.985473632812,340
2823,1779.47731616888,1797.1985636026,569.985473632812,340
2824,1811.34019382948,1800.1789535513,569.985473632812,340
2825,1814.78540122238,1801.6071199811,571.734069824219,340
2826,1837.44407795068,1803.14791096807,571.734069824219,340
2827,1770.05747164851,1801.65595424114,571.734069824219,340
2828,1806.50555588513,1802.29027715309,571.734069824219,340
2829,1799.82886495998,1802.48704981117,571.734069824219,340
2830,1819.99510601609,1803.48133031054,571.734069824219,340
2831,1803.20545714229,1803.2994215759,571.734069824219,340
2832,1814.90529832933,1803.96502121402,571.734069824219,340
2833,1791.45771900668,1803.34595571647,572.839233398438,340
2834,1570.3074049362,1794.89304266445,572.839233398438,340
2835,1657.9556376384,1789.18071172508,572.839233398438,340
2836,1593.25061028331,1780.19381041613,572.839233398438,340
2837,1520.24272494577,1769.13971834004,572.839233398438,340
2838,1796.71571303415,1768.59617646734,572.839233398438,340
2839,1682.58811912031,1764.17920603174,572.839233398438,340
2840,1524.73160085136,1752.77419960168,572.839233398438,340
2841,1432.21691899161,1737.78128000291,572.1923828125,340
2842,1699.37706538456,1732.91322069716,572.1923828125,340
2843,1678.51798611359,1727.33460382892,572.1923828125,340
2844,1598.16009550661,1718.75622299665,572.1923828125,340
2845,1529.02781897469,1708.45585806186,572.1923828125,340
2846,1821.18883286861,1709.9501013423,572.1923828125,340
2847,1815.60107132645,1710.7553624854,572.1923828125,340
2848,1825.47539062935,1712.59528546382,572.1923828125,340
2849,1496.20129975651,1699.9897297009,573.541809082031,340
2850,1355.80794906351,1681.63063161455,573.541809082031,340
2851,1447.3197594668,1666.02565887519,573.541809082031,340
2852,1726.9778162686,1664.30247265999,573.541809082031,340
2853,1558.37863015558,1654.37739563081,573.541809082031,340
2854,1449.20455339706,1640.3524231683,573.541809082031,340
2855,1445.75862774247,1625.38296403735,573.541809082031,340
2856,1486.82078452655,1612.72757713272,573.541809082031,340
2857,1349.66271382243,1594.11787375245,574.779968261719,340
2858,1756.80272658089,1592.73167405541,574.779968261719,340
2859,1345.6832003819,1583.74670587324,574.779968261719,340
2860,1393.34730120257,1573.16237241581,574.779968261719,340
2861,1494.827863487,1569.22546254396,574.779968261719,340
2862,1471.318337416,1567.26848704277,574.779968261719,340
2863,1373.84511012257,1550.3536629263,574.779968261719,340
2864,1801.7470899685,1555.12002176023,574.779968261719,340
2865,1487.92214017288,1553.64764333309,575.173095703125,340
2866,1478.77934594829,1555.51014041136,575.173095703125,340
2867,1494.69920026177,1547.32302580645,575.173095703125,340
2868,1722.24910424846,1549.07227053184,575.173095703125,340
2869,1468.64806045044,1543.89178912959,575.173095703125,340
2870,1463.26744520437,1541.26137417878,575.173095703125,340
2871,1498.03307033146,1528.3351436773,575.173095703125,340
2872,1783.01756750715,1527.03180352452,575.173095703125,340
2873,1740.99739430455,1523.65268367153,575.766967773438,340
2874,1792.44491760786,1535.50242838559,575.766967773438,340
2875,1794.82699412543,1553.06319018806,575.766967773438,340
2876,1781.35176959138,1566.42447059305,575.766967773438,340
2877,1783.54997308885,1568.68735686586,575.766967773438,340
2878,1714.86879164534,1574.94696332545,575.766967773438,340
2879,1785.16345368646,1588.38531933702,575.766967773438,340
2880,1768.7483501378,1601.30490823284,575.766967773438,340
2881,1760.96636929161,1612.27073162344,575.712463378906,340
2882,1786.0550373725,1629.72642456544,575.712463378906,340
2883,1787.01969065441,1630.93510312838,575.712463378906,340
2884,1763.09154982159,1647.63143710597,575.712463378906,340
2885,1795.11229436908,1663.70203683263,575.712463378906,340
2886,1726.18054927432,1672.95614426412,575.712463378906,340
2887,1791.61703727061,1685.76809225831,575.712463378906,340
2888,1800.57320240815,1702.83721594973,575.712463378906,340
2889,1796.33200054564,1702.62061237282,577.123107910156,340
2890,1779.91094545879,1714.30016458425,577.123107910156,340
2891,1535.59737589852,1716.57288578226,577.123107910156,340
2892,1531.07332508562,1718.02785077522,577.123107910156,340
2893,1709.89095666401,1717.53352487184,577.123107910156,340
2894,1755.59223380717,1729.01129180611,577.123107910156,340
2895,1425.29963033674,1727.4925792114,577.123107910156,340
2896,1370.96490651471,1722.40985265873,577.123107910156,340
2897,1581.51175514027,1714.34962016406,577.010986328125,340
2898,1729.72473309058,1713.8987137155,577.010986328125,340
2899,1788.89131519435,1713.75656961896,577.010986328125,340
2900,1795.54365281799,1713.78523596666,577.010986328125,340
2901,1793.36573378731,1714.2657945345,577.010986328125,340
2902,1735.1334794852,1712.32913479035,577.010986328125,340
2903,1768.81990306357,1714.48717924708,577.010986328125,340
2904,1791.27362242784,1714.73158599674,577.010986328125,340
2905,1802.94803800602,1716.09957351146,577.936157226562,340
2906,1664.97019017287,1712.25972634671,577.936157226562,340
2907,1785.41444489537,1712.23410264763,577.936157226562,340
2908,1724.36467757368,1709.7279021244,577.936157226562,340
2909,1787.97266181839,1710.72314660427,577.936157226562,340
2910,1786.91833538793,1710.39538824503,577.936157226562,340
2911,1796.77964119072,1713.21935192168,577.936157226562,340
2912,1784.35968665078,1712.92905789689,577.936157226562,340
2913,1794.59124444178,1712.68977957823,578.59130859375,340
2914,1787.66136143906,1712.34295401397,578.59130859375,340
2915,1794.38251506331,1712.92181679815,578.59130859375,340
2916,1780.40423679974,1722.7140912342,578.59130859375,340
2917,1769.82726369542,1732.26424877859,578.59130859375,340
2918,1801.03363806765,1735.90995603474,578.59130859375,340
2919,1781.27410753212,1736.93723098374,578.59130859375,340
2920,1797.45925901588,1751.8236161309,578.59130859375,340
2921,1798.28340360662,1768.91635601458,578.483093261719,340
2922,1810.98136530738,1778.09514042126,578.483093261719,340
2923,1806.4183714883,1781.16288595717,578.483093261719,340
2924,1787.95880805225,1781.12558567149,578.483093261719,340
2925,1802.46614290393,1781.40248527492,578.483093261719,340
2926,1793.88922135476,1781.42342477762,578.483093261719,340
2927,1821.61206832705,1784.8825683313,578.483093261719,340
2928,1778.71721160225,1785.27846067284,578.483093261719,340
2929,1807.60201323714,1785.93159630522,578.213745117188,340
2930,1824.39522144056,1786.7894836426,578.213745117188,340
2931,1817.73449466733,1792.90005582238,578.213745117188,340
2932,1813.53776042453,1794.02498844354,578.213745117188,340
2933,1806.4995042053,1797.31038150881,578.213745117188,340
2934,1714.40309577664,1794.36759886714,578.213745117188,340
2935,1810.58783915048,1795.31437901764,578.213745117188,340
2936,1812.83822627384,1795.95672242096,578.213745117188,340
2937,1808.30721835647,1796.91462368919,577.056335449219,340
2938,1817.83027535965,1797.84418492591,577.056335449219,340
2939,1819.16005526881,1799.1041326791,577.056335449219,340
2940,1743.76207611065,1797.07931512099,577.056335449219,340
2941,1832.00300659075,1799.14326591263,577.056335449219,340
2942,1760.36948498888,1798.76495476437,577.056335449219,340
2943,1817.25802466845,1799.4139302284,577.056335449219,340
2944,1812.15297394635,1800.64908488497,577.056335449219,340
2945,1824.68961989216,1801.73829932002,576.898315429688,340
2946,1813.48590975782,1802.34639956607,576.898315429688,340
2947,1815.76519234972,1802.53775264776,576.898315429688,340
2948,1814.66366198476,1802.86756426762,576.898315429688,340
2949,1802.54683720801,1803.45108543385,576.898315429688,340
2950,1815.51574412162,1803.97306948256,576.898315429688,340
2951,1783.46419064355,1803.55606825411,576.898315429688,340
2952,1821.14506805563,1803.53738824325,576.898315429688,340
2953,1815.61329000433,1805.01323137934,577.272399902344,340
2954,1807.39042344814,1805.00476778778,577.272399902344,340
2955,1730.76723316192,1801.25964825663,577.272399902344,340
2956,1809.90531094642,1800.94648090779,577.272399902344,340
2957,1827.36650325364,1801.49963062096,577.272399902344,340
2958,1825.29454226456,1802.25143214333,577.272399902344,340
2959,1823.15671432472,1806.60157688525,577.272399902344,340
2960,1796.60681732563,1806.04233601226,577.272399902344,340
2961,1825.26239454158,1806.53930274297,576.606018066406,340
2962,1843.5379517353,1807.94853207812,576.606018066406,340
2963,1815.91065902396,1807.87174742469,576.606018066406,340
2964,1806.85703049585,1807.37962643378,576.606018066406,340
2965,1821.17753927704,1810.47624496043,576.606018066406,340
2966,1808.61421322918,1809.54069322597,576.606018066406,340
2967,1824.2739630398,1812.096872348,576.606018066406,340
2968,1834.90135866574,1812.8026057079,576.606018066406,340
2969,1804.7991266901,1812.50845181765,576.377075195312,340
2970,1831.94476184321,1812.79865749569,576.377075195312,340
2971,1822.69740169114,1813.16711717302,576.377075195312,340
2972,1816.02954827834,1813.17769141017,576.377075195312,340
2973,1811.70777870984,1813.05945607917,576.377075195312,340
2974,1824.95064531694,1813.95560840353,576.377075195312,340
2975,1835.41341098858,1814.75151507821,576.377075195312,340
2976,1836.01756147449,1816.85364991144,576.377075195312,340
2977,1845.08301969372,1817.81116797697,575.348571777344,340
2978,1830.31047143867,1818.39905523434,575.348571777344,340
2979,1826.38975011553,1819.15902830104,575.348571777344,340
2980,1838.45798983894,1823.46665856812,575.348571777344,340
2981,1826.38563544533,1824.12587154807,575.348571777344,340
2982,1835.21372243157,1824.43976031519,575.348571777344,340
2983,1815.0637711827,1824.03052947192,575.348571777344,340
2984,1821.09444296304,1823.94803861745,575.348571777344,340
2985,1814.72640724238,1824.67282221412,576.660095214844,340
2986,1818.32947936669,1824.39550560712,576.660095214844,340
2987,1757.08724931367,1820.93747751026,576.660095214844,340
2988,1826.07943984457,1821.34422874308,576.660095214844,340
2989,1819.18458419142,1821.8373308909,576.660095214844,340
2990,1837.2879490377,1822.48174728133,576.660095214844,340
2991,1793.41918602735,1821.87394619326,576.660095214844,340
2992,1815.78545473435,1821.53440586104,576.660095214844,340
2993,1794.00546029735,1819.8985699263,578.505920410156,340
2994,1790.71203950461,1819.33508643889,578.505920410156,340
2995,1837.58846660164,1819.56083462922,578.505920410156,340
2996,1788.74346534187,1818.20267717525,578.505920410156,340
2997,1788.26952857515,1817.09227638712,578.505920410156,340
2998,1799.09873904089,1816.58791480037,578.505920410156,340
2999,1805.78192296137,1815.82116590614,578.505920410156,340
3000,1806.45128135462,1814.66268072078,578.505920410156,340
