episode,reward,avg_reward,q0,steps
1,4.43303871120132,4.43303871120132,-3.51672242686618e-05,340
2,-56.3686416948373,-25.967801491818,-3.51672242686618e-05,340
3,-91.954324820583,-47.963309268073,-3.51672242686618e-05,340
4,-357.566338822539,-125.36406665669,-3.51672242686618e-05,340
5,-837.753335385484,-267.841920402448,-3.51672242686618e-05,340
6,-103.778073595065,-240.497945934551,-3.51672242686618e-05,340
7,-627.698426183738,-295.812300255864,-3.51672242686618e-05,340
8,334.190189066866,-217.061989090522,-3.51672242686618e-05,340
9,270.914040686927,-162.842430226361,-8.65164756774902,340
10,-492.05402779781,-195.763589983506,-8.65164756774902,340
11,-647.658370031682,-236.84493362425,-8.65164756774902,340
12,136.029976976165,-205.772024407548,-8.65164756774902,340
13,-469.636398389712,-226.069283944638,-8.65164756774902,340
14,-754.143901130907,-263.788899457943,-8.65164756774902,340
15,-87.4276018029217,-252.031479614275,-8.65164756774902,340
16,-605.63926772547,-274.131966371224,-8.65164756774902,340
17,-698.406549384872,-299.089294783792,4.89917325973511,340
18,-65.6089403835702,-286.11816398378,4.89917325973511,340
19,283.712417983544,-256.127080722342,4.89917325973511,340
20,-177.316488232996,-252.186551097874,4.89917325973511,340
21,-99.0346007588369,-244.89360108173,4.89917325973511,340
22,-448.537029082412,-254.150120536306,4.89917325973511,340
23,-466.809147522252,-263.396165187869,4.89917325973511,205
24,-338.898120321822,-266.542079985117,4.89917325973511,340
25,529.203901544104,-234.712240723948,35.2218627929688,340
26,-152.182536902116,-240.976863748481,35.2218627929688,340
27,-303.381689640404,-250.857385666304,35.2218627929688,340
28,139.624851254921,-241.594218623283,35.2218627929688,334
29,-192.4487777738,-234.989516181334,35.2218627929688,340
30,213.8417359729,-192.925713326998,35.2218627929688,340
31,238.636182162438,-179.229143096698,35.2218627929688,340
32,-392.490866353728,-169.820840703498,35.2218627929688,340
33,7.07571409282138,-182.90541970246,89.5194625854492,340
34,-199.311118479379,-201.714426069112,89.5194625854492,340
35,378.369553640827,-166.897482811566,89.5194625854492,340
36,174.953260674459,-133.993017583321,89.5194625854492,340
37,-136.734622284692,-144.903601553755,89.5194625854492,340
38,134.385818978151,-120.742712859041,89.5194625854492,340
39,223.961037189169,-81.6185153262375,89.5194625854492,340
40,170.261812961747,-71.3109387356507,89.5194625854492,340
41,325.761697920222,-34.054900109823,152.809417724609,340
42,449.16529905504,11.8479738277735,152.809417724609,340
43,859.33854285817,48.845873157443,152.809417724609,340
44,47.0587029067292,39.3797245543704,152.809417724609,340
45,-234.990386420535,37.0727686268689,152.809417724609,340
46,-148.015781809487,35.1135213848429,152.809417724609,340
47,319.571295986629,65.8378543876045,152.809417724609,340
48,52.9426234314269,86.6279252257516,152.809417724609,340
49,-29.869755542646,98.9890598169187,195.934982299805,340
50,-192.857140829807,70.1066181219622,195.934982299805,340
51,559.097532449484,98.5578208960263,195.934982299805,340
52,101.30752984567,114.745389675469,195.934982299805,340
53,4.76181941546474,109.350868401891,195.934982299805,340
54,44.3528466098261,118.822933377236,195.934982299805,340
55,20.4801269500317,111.088469016321,195.934982299805,340
56,279.736091663805,112.732465396376,195.934982299805,340
57,-125.407657844476,123.415793736746,222.494338989258,340
58,262.877060818126,133.647847605758,222.494338989258,340
59,256.176242289444,151.867342036511,222.494338989258,340
60,1222.92085976983,185.649394281671,222.494338989258,340
61,257.281296113413,188.942515699229,222.494338989258,340
62,258.878756668017,204.767050857338,222.494338989258,340
63,512.648540294895,219.897559710007,222.494338989258,340
64,53.8098990380696,213.091514183963,222.494338989258,340
65,534.407140667709,227.657327292202,261.159942626953,340
66,832.812715079486,247.939367978572,261.159942626953,340
67,642.972894289492,255.69167178795,261.159942626953,340
68,123.58303484844,226.261451467561,261.159942626953,340
69,679.139741949245,251.544693029262,261.159942626953,340
70,227.699194192556,270.052276253786,261.159942626953,312
71,739.730952205074,305.562145614368,261.159942626953,340
72,439.530919393149,310.360530550629,261.159942626953,340
73,592.937417101495,331.960322297432,357.275787353516,340
74,538.214014211768,354.683673087608,357.275787353516,340
75,412.802445452654,378.910056538907,357.275787353516,340
76,535.837015386612,377.979635856392,357.275787353516,340
77,312.302972416209,386.419453559213,357.275787353516,340
78,517.903632924197,406.945126099563,357.275787353516,340
79,715.539372048758,433.79258711712,357.275787353516,340
80,777.235850952277,464.06281607721,357.275787353516,340
81,547.995637990426,474.793197930274,431.356567382812,340
82,438.570976396036,497.352343299895,431.356567382812,340
83,1342.46295181093,540.535778939607,431.356567382812,340
84,687.03150651543,557.769989508647,431.356567382812,340
85,920.00696224125,545.653433607504,431.356567382812,340
86,648.81587127758,561.31481661407,431.356567382812,340
87,482.767513402294,570.270366883442,431.356567382812,340
88,469.19567095243,568.532252109743,431.356567382812,340
89,504.964177188554,586.578423235762,460.308532714844,340
90,913.501754872086,601.742207803937,460.308532714844,340
91,722.531147761089,597.330945111201,460.308532714844,340
92,777.921081455591,602.728872597845,460.308532714844,340
93,728.294197279472,626.917319095087,460.308532714844,340
94,669.372263697145,626.526619965003,460.308532714844,340
95,393.252874843902,633.148767191056,460.308532714844,340
96,380.875250653284,618.794539128985,460.308532714844,340
97,603.004916581151,625.333499016505,519.4169921875,340
98,921.994085314024,638.495765745006,519.4169921875,340
99,295.936510445174,628.804665594342,519.4169921875,340
100,1178.29285571104,659.424282004678,519.4169921875,340
101,750.509685579259,668.011188812384,519.4169921875,340
102,721.163849360953,684.365623890173,519.4169921875,340
103,947.453382193808,701.547613860958,519.4169921875,340
104,665.891326001762,699.561692019078,519.4169921875,340
105,888.154359490375,703.998432360602,542.024597167969,340
106,1216.190487212,730.726226329465,542.024597167969,340
107,841.088028735792,746.826908423055,542.024597167969,340
108,801.159217422592,725.174759047522,542.024597167969,340
109,1483.80970582053,757.045887019726,542.024597167969,340
110,538.56095061397,741.788046554635,542.024597167969,340
111,1271.82772635587,766.708520757766,542.024597167969,340
112,908.545624971179,783.739645220521,542.024597167969,340
113,1046.99661725191,806.851683072501,567.286865234375,340
114,1122.60704992395,831.557397981916,567.286865234375,340
115,1059.29964300487,837.389313507228,567.286865234375,340
116,796.462678490107,840.346574736388,567.286865234375,340
117,1100.53070664009,853.250959743768,567.286865234375,340
118,2072.9622451958,907.037681660421,567.286865234375,340
119,1481.39324791781,939.518521029248,567.286865234375,340
120,464.39030113,942.364018080692,567.286865234375,340
121,903.719923946734,963.27780501243,627.081237792969,340
122,1297.58907169886,991.061171217138,627.081237792969,340
123,1444.7116076304,1011.96987210979,627.081237792969,340
124,1165.51365019488,1046.75295769978,627.081237792969,340
125,1388.67479614047,1055.16823531696,627.081237792969,340
126,1362.20460579176,1079.63603212546,627.081237792969,340
127,1458.66360735627,1109.13602244527,627.081237792969,340
128,1231.54110445959,1120.4995313359,627.081237792969,340
129,1212.35098630705,1142.35791774811,655.401550292969,340
130,1856.16033514749,1181.0781567744,655.401550292969,340
131,976.121941767305,1171.47541495661,655.401550292969,340
132,1416.90731268449,1194.50818631456,655.401550292969,340
133,1624.20474457801,1227.43000740077,655.401550292969,340
134,1549.36606022425,1230.05226157692,655.401550292969,340
135,1105.95173088934,1252.74789278794,655.401550292969,340
136,775.536416858648,1232.89624040805,655.401550292969,340
137,1869.50443056055,1271.33459263162,693.8369140625,340
138,2116.99592427825,1314.13456491268,693.8369140625,340
139,1424.42404553125,1326.20724473697,693.8369140625,340
140,1824.8216301131,1356.8281242213,693.8369140625,340
141,1998.01212578922,1404.89010211326,693.8369140625,340
142,1873.78627362341,1435.8203247926,693.8369140625,340
143,1716.26349226598,1421.5523746754,693.8369140625,340
144,1420.52706300465,1419.11772727888,693.8369140625,340
145,1332.12535612729,1453.82712947877,749.164001464844,340
146,1895.40517345802,1493.49453945922,749.164001464844,340
147,2022.92163840713,1522.50784212755,749.164001464844,340
148,1482.19792721532,1524.00729491095,749.164001464844,340
149,1648.62973655743,1543.33193836545,749.164001464844,340
150,1475.32839804443,1546.79808244161,749.164001464844,340
151,2058.16459358841,1574.63648195347,749.164001464844,340
152,1434.87205405991,1573.68481982162,749.164001464844,340
153,2072.46447892556,1607.32175480026,779.991577148438,340
154,2151.07955528067,1644.8708975592,779.991577148438,340
155,1945.35730274341,1648.43877626304,779.991577148438,340
156,1808.77947328791,1681.74507752387,779.991577148438,340
157,1591.42278837294,1688.7256965514,779.991577148438,340
158,1716.10709834321,1692.40179070201,779.991577148438,340
159,1875.92196096314,1705.46402673157,779.991577148438,340
160,1786.91911071041,1732.70272192441,779.991577148438,340
161,2024.29864095614,1782.65321088831,815.900817871094,340
162,1938.74619399915,1785.42288142585,815.900817871094,340
163,2034.35479587907,1782.11723628989,815.900817871094,340
164,1949.82869800196,1803.13342238872,815.900817871094,340
165,2252.37103010128,1820.23539838824,815.900817871094,340
166,1883.74733129418,1815.66480660844,815.900817871094,340
167,1735.73462126186,1810.14274051398,815.900817871094,340
168,2695.42700909252,1849.30928118704,815.900817871094,340
169,1740.46010385477,1862.10660282105,851.715087890625,340
170,1765.72728627216,1879.45068002684,851.715087890625,340
171,1710.80365352751,1872.06661922962,851.715087890625,340
172,1812.27906486717,1863.64091628802,851.715087890625,340
173,2027.53508129797,1885.45440245133,851.715087890625,340
174,2132.17562029978,1904.79623780102,851.715087890625,340
175,2249.32452821608,1935.75608300789,851.715087890625,340
176,2327.37702358069,1946.52458020758,851.715087890625,340
177,2200.5589725734,1977.15205694812,909.279907226562,340
178,1701.20377612778,1962.30162883621,909.279907226562,340
179,1879.42000521063,1951.43524683341,909.279907226562,340
180,2571.68296120569,1976.4882731719,909.279907226562,340
181,1891.33555585756,1979.79051647468,909.279907226562,340
182,1685.73247519301,1983.56290394748,909.279907226562,340
183,2152.59039811878,2001.02223593851,909.279907226562,340
184,2008.3555188753,2006.31957825499,909.279907226562,340
185,2547.40019519444,2036.73882163436,945.4833984375,340
186,1995.93467694068,2035.60426307374,945.4833984375,340
187,1819.39830926445,2030.83034768435,945.4833984375,340
188,1610.6999796098,2013.88415503358,945.4833984375,340
189,1609.4410766222,2000.26865017839,945.4833984375,340
190,1729.73503923225,1979.36321054363,945.4833984375,340
191,1707.13846343635,1972.29885582931,945.4833984375,340
192,1435.59697084727,1960.29334981273,945.4833984375,340
193,2869.95404702783,1967.27443133014,989.558654785156,340
194,2562.79351209541,2000.16776765977,989.558654785156,340
195,2703.64416171867,2037.68444267763,989.558654785156,340
196,2246.18365101864,2059.09964257727,989.558654785156,340
197,2598.66523362617,2090.55508932763,989.558654785156,340
198,2777.68791912908,2120.56120284088,989.558654785156,340
199,2181.63632004628,2122.53963083074,989.558654785156,340
200,2673.8101367588,2139.51905517245,989.558654785156,340
201,3007.79512954679,2166.73577941109,1006.19378662109,340
202,2645.47881208044,2184.53257299137,1006.19378662109,340
203,2478.21871012981,2215.61317035145,1006.19378662109,340
204,2555.06713722907,2242.63905563219,1006.19378662109,340
205,2449.70511528261,2237.75994179527,1006.19378662109,340
206,3209.48432294381,2290.48589247872,1006.19378662109,340
207,2480.88284435553,2322.29190724522,1006.19378662109,340
208,2535.75825370242,2337.61862146856,1006.19378662109,340
209,3074.47802654836,2380.26352177549,1036.65270996094,340
210,2921.1825916106,2395.21481763213,1036.65270996094,340
211,2884.84670341937,2430.77129869128,1036.65270996094,340
212,2278.52210032192,2449.13625033358,1036.65270996094,340
213,2989.76568298655,2504.29887846865,1036.65270996094,340
214,2368.29902722499,2534.65319649276,1036.65270996094,340
215,3152.32725373341,2591.55688507281,1036.65270996094,340
216,3173.76394204024,2650.22190421696,1036.65270996094,340
217,2994.3681463472,2712.57275123696,1051.72570800781,340
218,2956.78450900404,2716.04596971601,1051.72570800781,340
219,3077.60484624213,2736.63842308188,1051.72570800781,340
220,2794.24322448884,2740.26238559268,1051.72570800781,340
221,2992.26067018763,2770.10546635944,1051.72570800781,340
222,2663.18773514462,2772.68636642018,1051.72570800781,340
223,3332.32270555602,2794.87175787726,1051.72570800781,340
224,3184.78561977258,2834.99772986631,1051.72570800781,340
225,2783.79811267435,2839.39724890293,1065.23266601562,340
226,3244.23630241368,2848.85489581761,1065.23266601562,340
227,2736.30426657167,2852.48791399726,1065.23266601562,340
228,2905.05116920057,2869.56121236009,1065.23266601562,340
229,3048.45638535879,2889.29678228528,1065.23266601562,340
230,3048.49358594939,2913.24832111195,1065.23266601562,340
231,3172.9315577155,2911.78621050282,1065.23266601562,340
232,3361.98573862675,2947.03032627366,1065.23266601562,340
233,3137.52573821794,2971.10102565428,1071.38537597656,340
234,2903.1006603218,2964.24593100522,1071.38537597656,340
235,2978.82005598768,2966.55142958031,1071.38537597656,340
236,3154.388612087,2977.33310592701,1071.38537597656,340
237,3370.00228313034,3020.99231323935,1071.38537597656,340
238,3012.40104747761,3021.89772781899,1071.38537597656,340
239,2839.08630512344,3040.72921893493,1071.38537597656,340
240,3136.66201909244,3040.10260954929,1071.38537597656,340
241,3475.25520079018,3052.16225989929,1080.59680175781,340
242,3629.48653037902,3077.56699526056,1080.59680175781,340
243,3112.52769585601,3083.79672273464,1080.59680175781,340
244,3069.43593518159,3083.46996629222,1080.59680175781,340
245,3480.42130657161,3110.91708957553,1080.59680175781,340
246,3388.00569801683,3126.7468906887,1080.59680175781,340
247,3383.69871903833,3155.56733004444,1080.59680175781,340
248,2945.4829215826,3140.09373868551,1080.59680175781,340
249,3274.28760152797,3143.67381795572,1087.4560546875,340
250,3214.50413786814,3160.90205896348,1087.4560546875,340
251,3463.7009872767,3169.680646358,1087.4560546875,340
252,3205.1340619413,3188.43383817278,1087.4560546875,340
253,3333.74926209953,3205.58176188874,1087.4560546875,340
254,3572.93130629644,3226.56075872625,1087.4560546875,340
255,3241.5582362766,3234.28334473934,1087.4560546875,340
256,3311.66500389115,3239.83268258636,1087.4560546875,340
257,3439.19145737442,3242.92091133627,1097.27966308594,340
258,3583.38649583476,3260.75534164094,1097.27966308594,340
259,2925.8043479219,3261.66348914494,1097.27966308594,340
260,2972.56345532888,3261.41322511859,1097.27966308594,340
261,3702.86121242289,3283.35212913203,1097.27966308594,340
262,3331.52769080646,3281.81314543907,1097.27966308594,340
263,3516.52680933161,3301.97817591323,1097.27966308594,340
264,3441.2282818151,3326.0638549809,1097.27966308594,340
265,3224.93522685158,3329.59478329126,1105.56066894531,340
266,3399.1722040826,3326.55146342296,1105.56066894531,340
267,3620.18644197271,3326.17945988671,1105.56066894531,340
268,3422.25049929547,3338.56837202429,1105.56066894531,340
269,3472.31376411111,3354.68348518147,1105.56066894531,340
270,3638.7971284027,3361.01851805471,1105.56066894531,340
271,3370.80294256384,3360.33040783659,1105.56066894531,340
272,3219.70953643203,3353.77084053234,1105.56066894531,340
273,3469.95282334695,3374.74963660291,1119.33728027344,340
274,3520.79691752393,3384.61000924275,1119.33728027344,340
275,3593.71130944176,3399.7782961057,1119.33728027344,340
276,3116.5654200236,3385.89287341557,1119.33728027344,340
277,3433.54765810182,3395.02941726199,1119.33728027344,340
278,3251.8339971144,3391.75280666259,1119.33728027344,340
279,3467.35615346913,3387.5298005495,1119.33728027344,340
280,3546.35103021969,3399.72151230722,1119.33728027344,340
281,3348.18956437683,3401.18249472665,1129.98181152344,340
282,3439.94125032146,3401.21248644453,1129.98181152344,340
283,3035.80435486808,3379.30920080586,1129.98181152344,340
284,2919.24139134588,3379.04668254282,1129.98181152344,340
285,3373.5222161587,3395.08503297601,1129.98181152344,340
286,3036.32813984995,3368.42371007309,1129.98181152344,340
287,3393.22595333736,3370.89164057433,1129.98181152344,340
288,3052.85265669969,3352.34467446905,1129.98181152344,340
289,3316.58094793905,3347.35878111401,1144.107421875,340
290,3352.11527682671,3352.44598311302,1144.107421875,340
291,3579.08530971926,3359.64250733848,1144.107421875,340
292,3000.04008818965,3334.83665318716,1144.107421875,340
293,3470.66606034756,3336.77327562925,1144.107421875,340
294,3375.94280914064,3332.91843743043,1144.107421875,340
295,3407.93230960753,3323.68384467862,1144.107421875,340
296,3667.12728404722,3335.53681833796,1144.107421875,340
297,3091.58974037014,3330.41202649548,1153.642578125,340
298,3725.66304000751,3340.6404351619,1153.642578125,340
299,3636.96988114161,3345.28735370661,1153.642578125,340
300,3292.23530603689,3333.22831357041,1153.642578125,340
301,3295.41667297051,3340.38236368829,1153.642578125,340
302,3403.73898620924,3339.19001681259,1153.642578125,340
303,3323.72542542825,3342.06567394514,1153.642578125,340
304,3212.38613940086,3331.86687338241,1153.642578125,340
305,4078.94961285244,3353.17081668772,1156.77380371094,340
306,3697.76594538299,3367.15387192797,1156.77380371094,340
307,3780.5201656035,3380.77702853925,1156.77380371094,340
308,3992.33237873213,3419.03814949381,1156.77380371094,340
309,4073.20892606852,3465.19685088272,1156.77380371094,340
310,3612.06895184474,3474.73872031016,1156.77380371094,340
311,3640.22465886797,3498.89458107088,1156.77380371094,340
312,4135.68441037278,3528.5929193523,1156.77380371094,340
313,4031.6233809135,3567.74374832085,1158.59375,340
314,3982.42875663577,3594.37766066872,1158.59375,340
315,3720.35115577547,3609.10709582667,1158.59375,340
316,4159.62704798357,3632.32876535724,1158.59375,340
317,3682.27295422483,3659.61807999865,1158.59375,340
318,3923.42185811318,3677.72831190927,1158.59375,340
319,3898.65791792742,3698.63691626074,1158.59375,340
320,3886.18114414083,3717.76686964208,1158.59375,340
321,3807.65965895851,3723.38816463853,1170.67041015625,340
322,3589.96303315991,3743.32309635012,1170.67041015625,340
323,4111.71605272163,3758.76521685868,1170.67041015625,340
324,3680.09264716339,3760.49012749955,1170.67041015625,340
325,4019.58840537832,3789.58425147321,1170.67041015625,340
326,3640.91057529203,3803.40400756607,1170.67041015625,340
327,3975.24390877763,3826.26420446881,1170.67041015625,340
328,3856.45110563033,3847.57323167689,1170.67041015625,340
329,4117.02797252754,3883.75890500196,1184.12463378906,340
330,3681.14956620237,3867.84690313595,1184.12463378906,340
331,3860.64297015088,3874.36198412667,1184.12463378906,340
332,3899.05981843785,3879.10357024004,1184.12463378906,340
333,3765.49113405587,3870.02992045299,1184.12463378906,340
334,3983.85919844046,3866.45593134787,1184.12463378906,340
335,3848.06254228363,3875.89567496543,1184.12463378906,340
336,3776.97050604347,3881.36550885245,1184.12463378906,340
337,4177.13895730057,3883.02369072956,1196.2490234375,340
338,3951.69152407899,3879.82641645618,1196.2490234375,340
339,3992.39094564804,3880.22490401667,1196.2490234375,340
340,3832.45333788597,3884.70899130109,1196.2490234375,340
341,3510.430237586,3858.74111888518,1196.2490234375,340
342,3714.08166014127,3860.01346712184,1196.2490234375,340
343,3813.45573989149,3855.61482239297,1196.2490234375,340
344,4208.82330468689,3868.02143786335,1196.2490234375,340
345,4211.34421252037,3881.02796059853,1203.19836425781,340
346,4076.85087304369,3891.79560916194,1203.19836425781,340
347,3655.39701821998,3894.41296856434,1203.19836425781,340
348,4122.37169733622,3894.83919434893,1203.19836425781,340
349,4216.55612288717,3916.29773337788,1203.19836425781,340
350,3968.61727139384,3914.2588880185,1203.19836425781,340
351,4014.03028457437,3929.18367638979,1203.19836425781,340
352,4122.4237156942,3935.07086866646,1203.19836425781,340
353,3994.71247076114,3940.60132327169,1209.49572753906,340
354,3935.07570237027,3933.3232324654,1209.49572753906,340
355,4018.35697189976,3946.81152869329,1209.49572753906,340
356,3899.16621325189,3948.35245841733,1209.49572753906,340
357,3512.59823252779,3932.89399498093,1209.49572753906,340
358,4020.91516084146,3943.11095605236,1209.49572753906,340
359,4041.36696845974,3945.41126685313,1209.49572753906,340
360,3899.45611975457,3947.46700995196,1209.49572753906,340
361,4130.65561520798,3961.61441431855,1214.07604980469,340
362,3806.21266069962,3946.77736245451,1214.07604980469,340
363,4003.79888032283,3948.86165670426,1214.07604980469,340
364,4044.87127531096,3950.96086989078,1214.07604980469,340
365,4181.99038535098,3964.94235178938,1214.07604980469,340
366,4077.94750201342,3987.64304236648,1214.07604980469,340
367,3701.32961137222,3987.13296041571,1214.07604980469,340
368,4122.22625727489,3999.48378111105,1214.07604980469,340
369,3670.45398078731,3977.94900815507,1221.44360351562,340
370,3969.99492535976,3968.29503666864,1221.44360351562,340
371,4164.51256056136,3971.80150416935,1221.44360351562,340
372,4184.13278644033,3992.95093489816,1221.44360351562,340
373,4110.58812453473,3992.4795919861,1221.44360351562,340
374,4051.30181059644,3985.86941949447,1221.44360351562,340
375,3933.14856000265,3984.45067103883,1221.44360351562,340
376,4003.30767798419,3984.02176677522,1221.44360351562,340
377,3688.05804615525,3966.64713999366,1230.13684082031,340
378,3855.1735425355,3961.06558286464,1230.13684082031,340
379,3790.02305485267,3955.26347696393,1230.13684082031,340
380,4024.62329688725,3955.51412996343,1230.13684082031,340
381,3670.93388681999,3946.38483690616,1230.13684082031,340
382,3883.47314192535,3961.21983328206,1230.13684082031,340
383,4063.79714895364,3962.93511280655,1230.13684082031,340
384,3820.62767928759,3954.10554123966,1230.13684082031,340
385,3373.02864144608,3933.04844210732,1233.55395507812,340
386,3864.95610490326,3922.42046169513,1233.55395507812,340
387,3554.2498137971,3912.34194781903,1233.55395507812,340
388,3678.84128031984,3899.34364381891,1233.55395507812,340
389,3761.38725300205,3888.00428292655,1233.55395507812,340
390,3578.5484819505,3863.86660679053,1233.55395507812,340
391,3314.61434508418,3833.33328051337,1233.55395507812,340
392,3456.47677467381,3823.53916704543,1233.55395507812,340
393,4214.90815604029,3827.24644299605,1253.72290039062,340
394,3612.87547318317,3824.94330269188,1253.72290039062,340
395,3794.1311216018,3817.90875054156,1253.72290039062,340
396,3121.94529852784,3776.20606006022,1253.72290039062,340
397,3314.09688500576,3741.40462400284,1253.72290039062,340
398,3676.99418562919,3724.06086644662,1253.72290039062,340
399,3827.49405765955,3715.10855632914,1253.72290039062,340
400,3661.45787624905,3704.240928979,1253.72290039062,340
401,3513.94075587482,3684.66625209462,1275.07592773438,340
402,3374.87167723052,3672.13879733763,1275.07592773438,340
403,3514.06906935008,3658.49461841022,1275.07592773438,340
404,3542.74780587616,3648.60360845116,1275.07592773438,340
405,2709.77309819309,3596.00960050339,1275.07592773438,340
406,3381.47305157665,3584.43116709366,1275.07592773438,340
407,3423.74967311001,3566.04222834104,1275.07592773438,340
408,3827.82801335335,3556.60346291703,1275.07592773438,340
409,3233.42804573723,3533.11547757502,1295.62438964844,340
410,3356.82069607781,3532.46715976029,1295.62438964844,340
411,3039.62487973557,3499.45391075358,1295.62438964844,340
412,3465.44122755568,3495.90156730392,1295.62438964844,340
413,3163.38082127728,3475.28314894222,1295.62438964844,340
414,3203.136556176,3452.95312106918,1295.62438964844,340
415,3584.63186851991,3453.19645653195,1295.62438964844,340
416,3599.04021962055,3464.57349151341,1295.62438964844,340
417,3594.47810328086,3470.09354465769,1304.947265625,340
418,3252.27066546239,3431.58804503457,1304.947265625,340
419,3488.94012167881,3426.6306309744,1304.947265625,340
420,3343.65195636795,3408.61146436504,1304.947265625,340
421,2854.40113646687,3397.90969788261,1304.947265625,340
422,3579.15368125936,3408.51196973275,1304.947265625,340
423,3441.70417066861,3399.10036913433,1304.947265625,340
424,3448.17720357928,3383.92769497111,1304.947265625,340
425,3378.37222481599,3372.60426891379,1324.49523925781,340
426,3193.32888423973,3359.77979404839,1324.49523925781,340
427,3845.00742692251,3378.58522403607,1324.49523925781,340
428,3636.01815927172,3383.46318763293,1324.49523925781,340
429,3168.0702280228,3368.4760845188,1324.49523925781,340
430,3562.74187582778,3402.59483562419,1324.49523925781,340
431,3461.62481695184,3405.80090623919,1324.49523925781,340
432,3669.08497091664,3415.61431815146,1324.49523925781,340
433,3713.57148792522,3411.04405713433,1341.1826171875,340
434,3497.16346918263,3421.59347407215,1341.1826171875,340
435,3339.08858409641,3420.88418959289,1341.1826171875,340
436,3378.42261323863,3434.43609893302,1341.1826171875,340
437,3809.15087752476,3448.18448493178,1341.1826171875,340
438,3570.7358583666,3464.47868641535,1341.1826171875,340
439,3059.9934463883,3458.75296202385,1341.1826171875,340
440,3377.37373596517,3450.46263672166,1341.1826171875,340
441,3392.20615344041,3442.18927407445,1346.5302734375,340
442,3660.910961278,3444.84658839434,1346.5302734375,340
443,3261.26638628453,3445.20641722722,1346.5302734375,340
444,3306.84652027726,3437.92267317116,1346.5302734375,340
445,3580.16262659678,3447.38309998031,1346.5302734375,340
446,3521.52825635424,3474.06818477581,1346.5302734375,340
447,3461.40577546146,3469.35826854389,1346.5302734375,340
448,3316.17490134222,3464.33709777084,1346.5302734375,340
449,2750.14399045594,3436.4157692459,1357.88891601562,340
450,3305.18034457361,3433.48809403621,1357.88891601562,340
451,3360.00989429856,3440.15533443856,1357.88891601562,340
452,3344.72756687385,3420.14414003661,1357.88891601562,340
453,3236.04625716842,3404.14526395248,1357.88891601562,340
454,3249.89304540566,3407.4181766478,1357.88891601562,340
455,3168.45148613435,3391.64656106006,1357.88891601562,340
456,3062.27577426367,3375.67259935253,1357.88891601562,340
457,3036.45464977914,3350.36738650703,1368.34228515625,340
458,3117.84052975705,3326.53814818031,1368.34228515625,340
459,3145.75629614058,3312.48186125862,1368.34228515625,340
460,3342.72732882746,3312.62741104787,1368.34228515625,340
461,3155.56251940084,3303.71300729435,1368.34228515625,340
462,3079.46112547684,3274.52541721244,1368.34228515625,340
463,2943.39130117816,3249.4316349249,1368.34228515625,340
464,3135.98207762609,3252.47118017441,1368.34228515625,340
465,3191.75143171104,3245.04628800425,1362.14770507812,340
466,2624.900006564,3214.35404212919,1362.14770507812,340
467,2686.39794957558,3175.37352166109,1362.14770507812,340
468,2868.74768816063,3159.67277373614,1362.14770507812,340
469,3064.02913738128,3149.9600784203,1362.14770507812,340
470,2921.04986316713,3123.59556788311,1362.14770507812,340
471,2817.43315412188,3095.43176379382,1362.14770507812,340
472,2700.88448314721,3065.01091210125,1362.14770507812,340
473,2659.01627794349,3038.7245671653,1356.95251464844,340
474,2349.6885616634,3022.7063500136,1356.95251464844,340
475,2595.33164773081,2994.31240213989,1356.95251464844,340
476,2940.46917367793,2977.53077331506,1356.95251464844,340
477,2320.89589646139,2936.57750649856,1356.95251464844,340
478,2370.1217602752,2901.94052662283,1356.95251464844,340
479,2532.85255733108,2873.25890709985,1356.95251464844,340
480,2986.19521315554,2865.9686561807,1356.95251464844,340
481,2579.4316937494,2846.65489296013,1339.97375488281,340
482,2973.82627292482,2844.14975788595,1339.97375488281,340
483,2405.12855378342,2815.64127884701,1339.97375488281,340
484,2801.48942942061,2801.87060417821,1339.97375488281,340
485,2622.85096930376,2773.07554979726,1339.97375488281,340
486,2437.38446137816,2744.34842747635,1339.97375488281,340
487,2464.08630688829,2719.73343473281,1339.97375488281,340
488,2478.34673460177,2701.13165206976,1339.97375488281,340
489,2967.54693550299,2694.39424638483,1330.3369140625,340
490,2878.6164434073,2681.86884685268,1330.3369140625,340
491,2838.88856338571,2690.42838912555,1330.3369140625,340
492,3166.4893064375,2709.63204340003,1330.3369140625,340
493,3042.06929855574,2716.56490781583,1330.3369140625,340
494,2990.246305313,2713.6135945331,1330.3369140625,340
495,3058.54148302513,2719.11325932742,1330.3369140625,340
496,3164.83210064164,2733.00921718821,1330.3369140625,340
497,3297.37512333022,2756.86884279553,1320.1015625,340
498,3467.69299053583,2789.21591129923,1320.1015625,340
499,3318.71106208301,2827.97681131601,1320.1015625,340
500,2934.98913145128,2841.56311066483,1320.1015625,340
501,3127.58339627879,2849.04767956886,1320.1015625,340
502,2951.2232843724,2874.2607750853,1320.1015625,340
503,2820.05280606473,2892.25801691689,1320.1015625,340
504,3192.28840414374,2918.63545078939,1320.1015625,340
505,3285.5763205076,2930.61069508347,1303.26477050781,340
506,3438.11576557537,2964.95805795651,1303.26477050781,340
507,3167.16040539616,2972.69142325537,1303.26477050781,340
508,3076.16655504515,2999.53294330584,1303.26477050781,340
509,3506.86906113285,3027.74812857433,1303.26477050781,340
510,3251.49855361212,3052.89403194666,1303.26477050781,340
511,3294.35656282919,3087.1729160047,1303.26477050781,340
512,3292.09169386334,3120.2931314837,1303.26477050781,340
513,3415.93445113499,3157.79664014503,1293.18249511719,340
514,3236.90960330873,3168.57114685726,1293.18249511719,340
515,3226.99049235964,3182.50610881536,1293.18249511719,340
516,3208.56587976164,3197.29320147039,1293.18249511719,340
517,2867.20439430807,3185.32180498521,1293.18249511719,340
518,3029.52155384186,3184.81989519666,1293.18249511719,340
519,3435.15936839082,3202.61641771977,1293.18249511719,340
520,2706.47996893727,3188.53395715626,1293.18249511719,340
521,3322.37298141358,3194.83559238714,1280.01574707031,340
522,3174.81310406699,3189.93311161661,1280.01574707031,340
523,3260.64632734083,3181.65124508881,1280.01574707031,340
524,3058.8079468422,3171.25512047917,1280.01574707031,340
525,3482.70200914348,3193.16363558686,1280.01574707031,340
526,3158.2207294642,3194.38912891428,1280.01574707031,340
527,3051.95197509569,3198.41827654321,1280.01574707031,340
528,3240.62697341931,3215.24124323739,1280.01574707031,340
529,3407.08791669791,3223.83322373956,1271.19567871094,340
530,3307.69222559801,3224.71785994318,1271.19567871094,340
531,3494.37123152036,3226.96807858098,1271.19567871094,340
532,3327.98123489792,3233.40091176105,1271.19567871094,340
533,3508.01506597262,3250.67485219814,1271.19567871094,340
534,3344.05614083759,3244.16233538633,1271.19567871094,340
535,3305.40798964762,3246.31871282775,1271.19567871094,340
536,3443.73213785072,3252.29373582862,1271.19567871094,340
537,3305.85485796994,3252.84426239288,1275.63928222656,340
538,3030.16828986276,3237.41361594199,1275.63928222656,340
539,3465.43900409862,3246.55479197359,1275.63928222656,340
540,2969.49886644674,3236.25512693707,1275.63928222656,340
541,3258.14918855723,3238.23845928889,1275.63928222656,340
542,3355.10146020573,3257.7543419248,1275.63928222656,340
543,3074.60502323775,3259.55768070064,1275.63928222656,340
544,3455.40420737325,3260.36747425993,1275.63928222656,340
545,3012.78574643485,3272.61970535984,1274.71362304688,340
546,3415.40899474286,3276.34114589301,1274.71362304688,340
547,3128.15580553129,3274.47485395158,1274.71362304688,340
548,3162.29931526002,3270.54097346835,1274.71362304688,340
549,3348.16120573283,3282.11510382397,1274.71362304688,340
550,3111.26130859604,3267.25747580207,1274.71362304688,340
551,3015.29533793305,3261.54046014083,1274.71362304688,340
552,3381.64303840434,3274.72810267317,1274.71362304688,340
553,3159.84129812686,3271.49667566148,1278.05737304688,340
554,3314.26655295749,3267.78382111186,1278.05737304688,340
555,3267.33941610153,3266.169708732,1278.05737304688,340
556,3306.04584137386,3258.63669312614,1278.05737304688,340
557,2924.63718757135,3242.50293123308,1278.05737304688,340
558,3260.47359326426,3232.60127232474,1278.05737304688,340
559,3254.4593069825,3229.01739897054,1278.05737304688,340
560,3211.78183130583,3225.27235263687,1278.05737304688,340
561,3438.08507669036,3225.04647019045,1274.73107910156,340
562,3391.54108913096,3228.47391943689,1274.73107910156,340
563,3517.15601566725,3247.95342846907,1274.73107910156,340
564,3333.25258048413,3242.6659715245,1274.73107910156,340
565,3279.35530460815,3255.06022905095,1274.73107910156,340
566,3313.21066576947,3257.26268813944,1274.73107910156,340
567,2904.46144816321,3239.23708765774,1274.73107910156,340
568,3291.43941492188,3247.9104633251,1274.73107910156,340
569,3184.74741967035,3237.08419181699,1269.5595703125,340
570,3350.61912162653,3250.59752682466,1269.5595703125,340
571,2989.55868183337,3233.56351430828,1269.5595703125,340
572,3227.84932331067,3237.55125501945,1269.5595703125,340
573,3207.32571746437,3239.35231110763,1269.5595703125,340
574,2910.00326807474,3221.8259936013,1269.5595703125,340
575,2910.75621803013,3213.80578997866,1269.5595703125,340
576,2932.80574114054,3210.50620610696,1269.5595703125,340
577,3206.89403189823,3203.51624584672,1263.48962402344,340
578,3085.07280966147,3200.5255063081,1263.48962402344,340
579,3262.88675169489,3198.4703142576,1263.48962402344,340
580,3191.78306710235,3195.44806029763,1263.48962402344,340
581,3222.04557700095,3192.08804972272,1263.48962402344,340
582,3324.39461714466,3208.07834690565,1263.48962402344,340
583,3313.07898392301,3210.182562532,1263.48962402344,340
584,3306.00232230325,3212.24428314483,1263.48962402344,340
585,3207.07583193214,3212.05604316988,1261.16723632812,340
586,3430.48812550974,3211.75216512266,1261.16723632812,340
587,3080.58520475544,3199.31392974764,1261.16723632812,340
588,3198.72261420247,3186.57659368905,1261.16723632812,340
589,3256.32360623461,3183.49943471906,1261.16723632812,340
590,3328.80663062451,3185.47748775972,1261.16723632812,340
591,3228.82628294414,3182.10211244671,1261.16723632812,340
592,3141.80092128364,3191.59569137152,1261.16723632812,340
593,3112.33745688926,3184.43161305022,1258.95690917969,340
594,3046.77704271302,3178.91279797193,1258.95690917969,340
595,3228.96450309714,3174.04661323075,1258.95690917969,340
596,3151.94193719148,3180.54194344507,1258.95690917969,340
597,3132.77549005773,3176.73899011496,1258.95690917969,340
598,3122.79789752828,3173.35787731751,1258.95690917969,340
599,2922.84349664147,3173.87148646018,1258.95690917969,340
600,3138.79500666386,3182.99303800553,1258.95690917969,340
601,3136.8565146567,3191.15506894618,1256.53991699219,340
602,3088.71088366684,3186.42774301692,1256.53991699219,340
603,3113.77760006328,3187.57593463299,1256.53991699219,340
604,2985.59697405668,3176.48434352747,1256.53991699219,340
605,3129.78537216071,3174.0044357298,1256.53991699219,340
606,3151.31284957633,3171.17512663282,1256.53991699219,340
607,3074.72481167809,3161.18833441415,1256.53991699219,340
608,2948.59171122715,3146.60884350632,1256.53991699219,340
609,2882.89768413344,3129.68465797953,1258.029296875,340
610,3000.10773336033,3121.40593403665,1258.029296875,340
611,3136.28101274196,3109.63764952594,1258.029296875,340
612,3062.64919665156,3108.92020920179,1258.029296875,340
613,2950.91119793421,3099.00775255106,1258.029296875,340
614,3056.20699843351,3091.00308823901,1258.029296875,340
615,3036.90598051613,3079.32706223468,1258.029296875,340
616,3064.60624822484,3072.75826084591,1258.029296875,340
617,3132.93159778714,3072.40348790605,1258.8779296875,340
618,2932.86006970792,3065.22439241879,1258.8779296875,340
619,2992.75131379781,3063.06336326218,1258.8779296875,340
620,3034.8596009321,3055.29916717558,1258.8779296875,340
621,2990.44254492621,3048.83919148497,1258.8779296875,340
622,3146.73316213942,3049.39749836824,1258.8779296875,340
623,3065.02671378871,3047.08665101866,1258.8779296875,340
624,3022.30370103133,3051.06505919425,1258.8779296875,340
625,2985.10644630563,3044.91751677992,1260.0771484375,340
626,3044.53330029163,3041.22458820532,1260.0771484375,340
627,3073.91482408603,3040.63274582209,1260.0771484375,340
628,3077.3489877673,3039.17560133025,1260.0771484375,340
629,3108.00743904926,3044.07201992995,1260.0771484375,340
630,3030.17083800465,3040.08743856371,1260.0771484375,340
631,3024.64259205052,3035.02062826267,1260.0771484375,340
632,2833.35518172683,3025.36584306462,1260.0771484375,340
633,3082.83570036729,3030.73560263023,1261.85961914062,340
634,2978.095467088,3034.54351394841,1261.85961914062,340
635,3070.31074779782,3037.35163452591,1261.85961914062,340
636,2992.35264690658,3031.5944998925,1261.85961914062,340
637,2985.7925559365,3028.52023426389,1261.85961914062,340
638,3027.30172140643,3031.57585520278,1261.85961914062,340
639,3090.73453586166,3032.95695669991,1261.85961914062,340
640,3011.74375421571,3031.95046764789,1261.85961914062,340
641,3101.02412397807,3033.40718267802,1263.61169433594,340
642,2989.90868581206,3027.68626619902,1263.61169433594,340
643,3106.75063837644,3034.64188894576,1263.61169433594,340
644,2850.73018844558,3028.96104393167,1263.61169433594,340
645,3038.13361989341,3029.09200469012,1263.61169433594,340
646,3184.71854604248,3036.86304473477,1263.61169433594,340
647,2903.68804581229,3027.14124008169,1263.61169433594,340
648,3217.79353333821,3033.25191286367,1263.61169433594,340
649,3193.37762127678,3040.09486967349,1261.701171875,340
650,3175.0782091139,3047.69374018582,1261.701171875,340
651,2977.46561256284,3045.01103267667,1261.701171875,340
652,3165.69290233629,3048.68215580668,1261.701171875,340
653,3220.88265158668,3054.42350235945,1261.701171875,340
654,3064.16164035832,3052.66967041181,1261.701171875,340
655,3031.413548694,3052.71937883939,1261.701171875,340
656,3295.79488340978,3063.56547049376,1261.701171875,340
657,3099.97215171911,3074.23014929345,1262.92553710938,340
658,3268.47818168177,3081.65584854603,1262.92553710938,340
659,3177.23709966644,3089.62151384917,1262.92553710938,340
660,3250.08281770858,3096.8123966456,1262.92553710938,340
661,3172.92782085737,3104.03540360363,1262.92553710938,340
662,3179.00755887751,3111.76400372127,1262.92553710938,340
663,3218.24626858265,3119.40178560832,1262.92553710938,340
664,3304.26045234545,3127.94282226767,1262.92553710938,340
665,3194.29117624858,3135.24471914898,1260.66625976562,340
666,3217.05303619372,3139.88587563761,1260.66625976562,340
667,3287.7599746863,3151.79992719258,1260.66625976562,340
668,3273.9557055129,3158.48812987804,1260.66625976562,340
669,3263.55781592965,3175.0012349774,1260.66625976562,340
670,3124.0568846129,3178.43816556618,1260.66625976562,340
671,3299.02193772112,3183.01030123333,1260.66625976562,340
672,3284.7383841151,3198.25231476544,1260.66625976562,340
673,3320.37932624336,3202.35574648164,1257.46118164062,340
674,3290.06662092645,3206.22330646763,1257.46118164062,340
675,3429.0900269336,3216.38377918042,1257.46118164062,340
676,3295.47479193574,3229.10414635533,1257.46118164062,340
677,3349.40432379226,3236.45260321357,1257.46118164062,340
678,3180.25515689628,3234.82750342596,1257.46118164062,340
679,3320.97293243329,3245.09995510896,1257.46118164062,340
680,3301.27159334869,3255.89427689514,1257.46118164062,340
681,3152.92281554147,3250.17939418041,1257.85888671875,340
682,3202.24370947294,3254.27025649056,1257.85888671875,340
683,3323.92864244209,3256.48827492098,1257.85888671875,340
684,3303.02723113155,3261.51988017958,1257.85888671875,340
685,3349.63951769709,3265.50214817912,1257.85888671875,340
686,3370.00878923569,3273.38538691425,1257.85888671875,340
687,3366.77621189047,3280.89613303477,1257.85888671875,340
688,3373.6145391072,3287.11086385575,1257.85888671875,340
689,3240.49451396149,3284.5602263204,1257.2978515625,340
690,3270.25556495537,3287.59880186867,1257.2978515625,340
691,3341.27637803066,3292.56773554214,1257.2978515625,340
692,3100.5182850109,3285.07806795513,1257.2978515625,340
693,3454.08674067194,3292.28330936149,1257.2978515625,340
694,3302.69942396985,3293.8489736831,1257.2978515625,340
695,3163.25394808513,3295.41685622199,1257.2978515625,340
696,3408.96002213974,3299.81437959873,1257.2978515625,340
697,3234.414918342,3297.80144096781,1254.48217773438,340
698,3418.51681370685,3301.72694046635,1254.48217773438,340
699,3277.17482276593,3301.21126853993,1254.48217773438,340
700,3422.01682877658,3300.92834061365,1254.48217773438,340
701,3278.74420706307,3300.25911721874,1254.48217773438,340
702,3310.81549104689,3298.71556390893,1254.48217773438,340
703,3351.10705162417,3305.54963969804,1254.48217773438,340
704,3400.10856950254,3308.71506518081,1254.48217773438,340
705,3365.22160356932,3311.27306558964,1256.39672851562,340
706,3326.19731910468,3318.20404573217,1256.39672851562,340
707,3379.03339839494,3325.27563328905,1256.39672851562,340
708,3380.32123015235,3327.53133679746,1256.39672851562,340
709,3326.87142007867,3328.48510435534,1256.39672851562,340
710,3333.7457029126,3327.84935176396,1256.39672851562,340
711,3352.53605956535,3327.15044257715,1256.39672851562,340
712,3431.55007642154,3329.74139715839,1256.39672851562,340
713,3389.08528104471,3330.36022683589,1259.94775390625,340
714,3132.85188519784,3326.05452168535,1259.94775390625,340
715,2967.73815047328,3313.95382510606,1259.94775390625,340
716,3221.94142957832,3309.18042716797,1259.94775390625,340
717,3009.01529695998,3305.52030764593,1259.94775390625,340
718,3224.66769182403,3296.34354569201,1259.94775390625,340
719,3217.78310129777,3292.94689278513,1259.94775390625,340
720,3203.65383093135,3294.56288809898,1259.94775390625,340
721,2969.83408954802,3276.99785079531,1265.47131347656,340
722,3315.18137399704,3280.22850902151,1265.47131347656,340
723,3370.09994922493,3278.29183444224,1265.47131347656,340
724,3267.84489415735,3277.91863729789,1265.47131347656,340
725,3152.21184479864,3267.12643793878,1265.47131347656,340
726,3098.32262201566,3259.90957453688,1265.47131347656,340
727,3116.25660316697,3252.12721902168,1265.47131347656,340
728,3120.8931418444,3242.91866263049,1265.47131347656,340
729,3437.31303177168,3244.40684112126,1271.34191894531,340
730,2970.18550330983,3228.60539711088,1271.34191894531,340
731,3154.60008030202,3221.74150755877,1271.34191894531,340
732,3078.80440055134,3209.73234764503,1271.34191894531,340
733,3212.17118277247,3203.00634574983,1271.34191894531,340
734,3263.82926916139,3200.48465971314,1271.34191894531,340
735,3379.21270376431,3202.30333974721,1271.34191894531,340
736,3216.11874438554,3196.84664714002,1271.34191894531,340
737,3052.04572173048,3181.66647295237,1279.84924316406,340
738,3229.74903271259,3175.29302301909,1279.84924316406,340
739,3260.33916760497,3180.39251431537,1279.84924316406,340
740,3323.29825790672,3194.61491861271,1279.84924316406,340
741,3298.71665313611,3197.68592755502,1279.84924316406,340
742,3235.14788610165,3206.73123112069,1279.84924316406,340
743,3214.74201054152,3206.33420386939,1279.84924316406,340
744,3228.24121260908,3206.75252832184,1279.84924316406,340
745,3372.33886340741,3213.49992962088,1286.85498046875,340
746,3184.70899503661,3222.09492584043,1286.85498046875,340
747,3364.3498603145,3224.06166529313,1286.85498046875,340
748,3362.69786880382,3223.76558207628,1286.85498046875,340
749,3125.11808910718,3218.05650987427,1286.85498046875,340
750,3179.11875940579,3219.13278645856,1286.85498046875,340
751,3224.39859880689,3224.17582553021,1286.85498046875,340
752,3451.2561195118,3237.575806184,1286.85498046875,340
753,3399.20766439219,3248.70838708591,1288.72619628906,340
754,3204.7424030618,3239.40556193752,1288.72619628906,340
755,3486.01179936038,3260.03861377954,1288.72619628906,340
756,3363.07296874393,3268.37752931722,1288.72619628906,340
757,3403.28857029675,3281.35689610703,1288.72619628906,340
758,3191.20262671833,3280.51815386487,1288.72619628906,340
759,3140.49740160046,3275.58487916243,1288.72619628906,340
760,3535.64120102197,3281.84201905274,1288.72619628906,340
761,3465.87378181878,3291.83222055007,1288.82116699219,340
762,3353.29543302829,3303.88220900198,1288.82116699219,340
763,3613.40459675992,3319.22843156387,1288.82116699219,340
764,3215.56683970243,3317.43753844777,1288.82116699219,340
765,3305.6123940769,3316.73010389458,1288.82116699219,340
766,3678.39844990377,3331.91737576529,1288.82116699219,340
767,3499.10209627393,3342.47554417218,1288.82116699219,340
768,3403.06885689468,3350.0086180263,1288.82116699219,340
769,3239.24444247786,3350.44874722105,1288.7353515625,340
770,3293.79254408021,3347.30689444797,1288.7353515625,340
771,3380.7264456931,3355.14759247423,1288.7353515625,340
772,3165.63736504195,3347.19909266333,1288.7353515625,340
773,3553.91374298643,3354.84772763063,1288.7353515625,340
774,3244.54991227052,3359.62500055716,1288.7353515625,340
775,3255.23310120964,3362.66957422932,1288.7353515625,340
776,3434.06294339782,3371.05614801295,1288.7353515625,340
777,3728.33323067207,3382.13923245937,1285.52380371094,340
778,3416.93787678275,3382.84844095499,1285.52380371094,340
779,3381.52962087488,3389.91992966751,1285.52380371094,340
780,3338.68302552067,3384.02677871392,1285.52380371094,340
781,3487.75653552549,3389.01412138518,1285.52380371094,340
782,3613.16491406241,3397.40917513581,1285.52380371094,340
783,3510.83656760761,3410.19453277138,1285.52380371094,340
784,3475.57689778211,3423.59771261865,1285.52380371094,340
785,3420.84369639391,3419.00581243353,1276.30639648438,340
786,3496.16298686478,3420.21738063537,1276.30639648438,340
787,3649.34096852618,3432.05920205528,1276.30639648438,340
788,3300.12501851622,3419.52801892553,1276.30639648438,340
789,3618.75473216168,3435.6555346239,1276.30639648438,340
790,3650.33923394353,3449.44460821857,1276.30639648438,340
791,3660.24038041496,3448.71828543902,1276.30639648438,340
792,3574.98141605946,3451.75345823044,1276.30639648438,340
793,3627.6957194759,3460.73853273369,1270.57189941406,340
794,3662.62965533955,3477.67394124815,1270.57189941406,340
795,3565.27053258054,3488.53306078817,1270.57189941406,340
796,3717.20389342821,3501.99215869757,1270.57189941406,340
797,3568.89898899565,3518.12262365572,1270.57189941406,340
798,3647.32264029711,3521.85897954814,1270.57189941406,340
799,3685.75845915478,3539.50732142352,1270.57189941406,340
800,3479.7600203858,3548.48839819056,1270.57189941406,340
801,3719.94263023632,3559.9235856641,1266.04272460938,340
802,3553.77882392886,3552.94140939437,1266.04272460938,340
803,3642.54933300489,3561.96586764326,1266.04272460938,340
804,3617.36215919517,3571.39916917607,1266.04272460938,340
805,3747.2024391417,3587.73994572091,1266.04272460938,340
806,3485.59731466457,3587.65357688648,1266.04272460938,340
807,3623.01412753932,3588.04754542555,1266.04272460938,340
808,3690.44674296042,3595.23195243967,1266.04272460938,340
809,3894.50715756395,3611.98916283094,1268.48059082031,340
810,3863.71067952511,3629.70384215619,1268.48059082031,340
811,3778.17452524635,3640.98430369145,1268.48059082031,340
812,3841.77322709523,3648.68159403421,1268.48059082031,340
813,3774.29000628425,3667.64819354493,1268.48059082031,340
814,3743.55945933089,3672.6403826317,1268.48059082031,340
815,3651.94348802159,3672.70455279482,1268.48059082031,340
816,3760.30373683628,3676.70708705168,1268.48059082031,340
817,3884.69286766427,3689.09554511587,1271.37585449219,340
818,3788.7333984893,3695.53705227641,1271.37585449219,340
819,3596.81005001494,3692.90426806342,1271.37585449219,340
820,3754.61567475216,3700.47807375029,1271.37585449219,340
821,3814.20046099252,3704.35793645286,1271.37585449219,340
822,3719.05324678799,3710.36410676455,1271.37585449219,340
823,3808.68928601802,3716.81877259339,1271.37585449219,340
824,3767.58182122589,3720.09170707623,1271.37585449219,340
825,3794.17456636746,3732.6682889155,1272.26965332031,340
826,3732.14235947269,3733.15627808495,1272.26965332031,340
827,3794.44694945441,3742.78300310598,1272.26965332031,340
828,3820.1323603398,3749.88632419937,1272.26965332031,340
829,3771.0193057977,3756.03261006347,1272.26965332031,340
830,3740.96123043988,3755.7829617154,1272.26965332031,340
831,3756.62107528537,3766.62391214023,1272.26965332031,340
832,3797.60463739703,3773.60753253454,1272.26965332031,340
833,3776.52625106076,3777.05071285855,1277.4384765625,340
834,3723.85149403032,3770.22448631721,1277.4384765625,340
835,3903.15253145819,3771.80216039453,1277.4384765625,340
836,3765.72446109225,3771.30415782837,1277.4384765625,340
837,3819.61804760748,3770.41795064886,1277.4384765625,340
838,3781.89548323513,3770.72216972689,1277.4384765625,340
839,3649.34573880256,3766.95362090576,1277.4384765625,340
840,3796.50823010656,3772.73621058916,1277.4384765625,340
841,3906.0287945645,3778.56521289829,1282.20288085938,340
842,3761.37448202693,3773.63247747279,1282.20288085938,340
843,3828.76207693694,3775.2336246107,1282.20288085938,340
844,3815.53900497954,3783.98278280928,1282.20288085938,340
845,3861.79139875153,3788.26981176926,1282.20288085938,340
846,3690.52215350699,3783.32267946984,1282.20288085938,340
847,3854.26460702156,3788.73113387918,1282.20288085938,340
848,3775.20787478606,3787.3918774299,1282.20288085938,340
849,3855.45024314764,3790.90661430677,1287.9033203125,340
850,3828.57662335734,3792.28269658637,1287.9033203125,340
851,3797.70117366861,3794.9050491542,1287.9033203125,340
852,3767.3130880757,3793.81969469905,1287.9033203125,340
853,3834.23890766959,3794.38395659225,1287.9033203125,340
854,3827.64490161003,3796.64898042474,1287.9033203125,340
855,3920.73314824113,3803.83985713679,1287.9033203125,340
856,3539.378315528,3795.15014674649,1287.9033203125,340
857,3787.74238786174,3794.75565676508,1295.0693359375,340
858,3816.98456702968,3796.37398940384,1295.0693359375,340
859,3778.75196492395,3798.57000823958,1295.0693359375,340
860,3828.09428178284,3795.56767825257,1295.0693359375,340
861,3829.25786837851,3798.10901454402,1295.0693359375,340
862,3805.79445402132,3797.55607080057,1295.0693359375,340
863,3616.69985442201,3790.94824564805,1295.0693359375,340
864,3794.76189795337,3796.76489201408,1295.0693359375,340
865,3799.93828870757,3796.90209435812,1300.57629394531,340
866,3822.72304560869,3793.56986439989,1300.57629394531,340
867,3575.80909478024,3786.14724891002,1300.57629394531,340
868,3784.42376279625,3784.37371634439,1300.57629394531,340
869,3854.18725510384,3785.91964634937,1300.57629394531,340
870,3672.73612004184,3778.35743520098,1300.57629394531,340
871,3668.38272490631,3777.47185805695,1300.57629394531,340
872,3837.07581842143,3776.78430651295,1300.57629394531,340
873,3802.20127620019,3777.86404256951,1307.21484375,340
874,3714.6987068868,3772.23398111908,1307.21484375,340
875,3722.37559044172,3767.98593980245,1307.21484375,340
876,3678.45383358871,3763.21604619926,1307.21484375,340
877,3416.03796545548,3749.16504129445,1307.21484375,340
878,3687.23946650131,3743.28506364772,1307.21484375,340
879,3692.32819905728,3737.87239554561,1307.21484375,340
880,3774.35005984838,3732.0170720099,1307.21484375,340
881,3786.88256069149,3741.91724181644,1309.52514648438,340
882,3715.17194789209,3739.01442421765,1309.52514648438,340
883,3623.16188308878,3731.26151686002,1309.52514648438,340
884,3747.33594118073,3730.00487591029,1309.52514648438,340
885,3923.41440524141,3733.81768084863,1309.52514648438,340
886,3821.92492811677,3733.52436323816,1309.52514648438,340
887,3705.98363371323,3729.53193042584,1309.52514648438,340
888,3740.85580768118,3734.4981685562,1309.52514648438,340
889,3835.85509538718,3736.14189645356,1315.97009277344,340
890,3721.91300574459,3733.02088513504,1315.97009277344,340
891,3715.77533709942,3728.74297679467,1315.97009277344,340
892,3794.54147963839,3737.49227218899,1315.97009277344,340
893,3792.28062486581,3737.80654667177,1315.97009277344,340
894,3741.15819832336,3733.28538440055,1315.97009277344,340
895,3731.49377707304,3735.6356906818,1315.97009277344,340
896,3793.84342341435,3740.65411862212,1315.97009277344,340
897,3728.35822434669,3736.30541485914,1317.18713378906,340
898,3800.93544529562,3736.25478162295,1317.18713378906,340
899,3712.54889717981,3736.16878923467,1317.18713378906,340
900,3790.17529989653,3738.88077761287,1317.18713378906,340
901,3763.15543692577,3742.26884174635,1317.18713378906,340
902,3480.41263607696,3744.84382857121,1317.18713378906,340
903,3830.40930797472,3750.57062223014,1317.18713378906,340
904,3742.9454722468,3752.59531315772,1317.18713378906,340
905,3719.24402882615,3750.39107191683,1320.75366210938,340
906,3731.86367700052,3748.1903165692,1320.75366210938,340
907,3765.13136535658,3750.18869326778,1320.75366210938,340
908,3770.63874084391,3756.08776757798,1320.75366210938,340
909,3731.07636921132,3755.4373846992,1320.75366210938,340
910,3742.11227322759,3748.18529941865,1320.75366210938,340
911,3631.72991362593,3740.57749883902,1320.75366210938,340
912,3744.67792288933,3742.12527040606,1320.75366210938,340
913,3810.47870130188,3744.91018615089,1323.89477539062,340
914,3828.656863188,3744.62225686292,1323.89477539062,340
915,3729.10272974967,3744.90984582313,1323.89477539062,340
916,3865.51000709392,3750.89923262291,1323.89477539062,340
917,3785.00196911612,3750.51765220202,1323.89477539062,340
918,3821.17661613117,3751.67349185263,1323.89477539062,340
919,3786.43850376053,3753.48470407012,1323.89477539062,340
920,3848.89311741581,3758.18067768383,1323.89477539062,340
921,3837.66527508565,3759.93355175068,1325.09692382812,340
922,3809.27933748797,3763.17039627633,1325.09692382812,340
923,3639.93165400501,3756.73024462471,1325.09692382812,340
924,3929.12454152475,3765.3932703985,1325.09692382812,340
925,3930.21495890808,3770.99485675897,1325.09692382812,340
926,3800.17056170515,3772.47546175014,1325.09692382812,340
927,3797.44815088682,3785.15688234254,1325.09692382812,340
928,3707.79258457711,3780.25221340663,1325.09692382812,340
929,3904.74783967917,3786.72430810393,1325.48693847656,340
930,3757.0659016578,3788.23718301719,1325.48693847656,340
931,3886.03165602272,3794.40390217808,1325.48693847656,340
932,3821.01548532849,3796.63926697696,1325.48693847656,340
933,3849.04455151551,3799.77549940382,1325.48693847656,340
934,3699.28224127601,3798.50373428641,1325.48693847656,340
935,3762.28933983783,3799.31081695082,1325.48693847656,340
936,3906.21874722447,3810.29037029476,1325.48693847656,340
937,3690.06322193171,3808.10578225645,1325.10778808594,340
938,3768.16466904702,3806.41322096626,1325.10778808594,340
939,3805.03473156021,3805.46833570115,1325.10778808594,340
940,3799.24781254354,3808.2741390129,1325.10778808594,340
941,3685.00561911107,3801.05396349359,1325.10778808594,340
942,3915.98474906465,3806.29327469153,1325.10778808594,340
943,3882.21647811168,3808.73486917075,1325.10778808594,340
944,3759.65087388202,3807.66336397561,1325.10778808594,340
945,3746.85812398632,3803.58196423843,1326.66796875,340
946,3722.39692890661,3798.97123039127,1326.66796875,340
947,3825.81068237006,3799.63248418655,1326.66796875,340
948,3805.67337543161,3806.26215304361,1326.66796875,340
949,3750.93500251452,3799.13457148321,1326.66796875,340
950,3898.40862295726,3797.86231804517,1326.66796875,340
951,3807.17883855997,3798.14264911937,1326.66796875,340
952,3947.26604488543,3804.13536487931,1326.66796875,340
953,3501.02437865066,3795.86463664225,1326.23034667969,340
954,3639.34295103715,3785.24844109657,1326.23034667969,340
955,3963.90459059005,3793.52198865386,1326.23034667969,340
956,3863.2942413043,3792.61249206513,1326.23034667969,340
957,3771.56406770861,3790.63443536033,1326.23034667969,340
958,3883.83269516833,3792.02596110644,1326.23034667969,340
959,3654.43405404934,3790.23203361738,1326.23034667969,340
960,3870.64509125096,3794.5662636739,1326.23034667969,340
961,3840.08126604895,3791.92076442688,1323.24462890625,340
962,3760.72503661659,3794.74723701428,1323.24462890625,340
963,3845.17813000537,3797.82777545261,1323.24462890625,340
964,3609.17370631089,3789.99333444264,1323.24462890625,340
965,3658.84001951433,3784.37702272147,1323.24462890625,340
966,3488.03640564148,3776.49825418268,1323.24462890625,340
967,3825.87494589073,3772.89386205573,1323.24462890625,340
968,3778.81962970355,3768.7579881194,1323.24462890625,340
969,3669.63443225455,3765.1573304543,1322.07702636719,340
970,3821.81326541109,3768.1555361113,1322.07702636719,340
971,3917.89963672062,3775.97564442386,1322.07702636719,340
972,3821.34733596476,3775.79711056764,1322.07702636719,340
973,3841.58244772563,3777.2334734594,1322.07702636719,340
974,3833.50021410053,3780.53608192285,1322.07702636719,340
975,3884.42906777411,3779.97689971552,1322.07702636719,340
976,3834.91823408736,3781.08647553661,1322.07702636719,340
977,3916.00681024894,3779.83610615116,1322.32189941406,340
978,3884.2787716723,3795.16628187202,1322.32189941406,340
979,3640.43864294391,3795.21010954829,1322.32189941406,340
980,3819.01888544103,3789.41468134233,1322.32189941406,340
981,3854.36765323801,3789.05761781968,1322.32189941406,340
982,3890.02122058495,3793.79590393473,1322.32189941406,340
983,3867.45383943069,3793.14074970523,1322.32189941406,340
984,3741.87735511722,3796.63848174794,1322.32189941406,340
985,3751.39574941326,3791.86850807443,1317.93029785156,340
986,3838.71869477663,3791.81400522354,1317.93029785156,340
987,3939.38723035057,3798.9604929729,1317.93029785156,340
988,3943.20515417877,3802.88157393984,1317.93029785156,340
989,3912.91837333816,3815.03136062093,1317.93029785156,340
990,4009.57257706597,3829.06066292299,1317.93029785156,340
991,3838.59637460309,3843.08306168146,1317.93029785156,340
992,3978.9553576663,3849.20627815248,1317.93029785156,340
993,3965.63023459251,3856.67870234804,1317.02770996094,340
994,3818.04895126371,3862.61528310841,1317.02770996094,340
995,3839.31593961649,3863.31539007662,1317.02770996094,340
996,3857.70034678544,3860.90741847921,1317.02770996094,340
997,3781.50665034303,3859.31379105434,1317.02770996094,340
998,3754.31850596647,3855.82323338398,1317.02770996094,340
999,3747.3036332537,3852.37537015011,1317.02770996094,340
1000,3807.07132085913,3849.28106027351,1317.02770996094,340
1001,3723.24420122065,3844.81409895884,1315.3642578125,340
1002,3788.43812652763,3839.71135160999,1315.3642578125,340
1003,3572.9988890707,3827.26015630592,1315.3642578125,340
1004,3755.68146658666,3831.86986925163,1315.3642578125,340
1005,3949.69077294648,3837.09674475185,1315.3642578125,340
1006,3769.5585744606,3833.70438160075,1315.3642578125,340
1007,3616.82096570526,3822.77637140556,1315.3642578125,340
1008,3895.82104003933,3823.91105942991,1315.3642578125,340
1009,3789.04207642417,3825.79764828219,1309.67468261719,340
1010,3901.55329681122,3831.80395017811,1309.67468261719,340
1011,3889.43326120987,3833.83253283544,1309.67468261719,340
1012,3836.36011115382,3829.71144806757,1309.67468261719,340
1013,3748.85522421888,3821.93745086917,1309.67468261719,340
1014,3716.6881864159,3814.08824339228,1309.67468261719,340
1015,3816.56823144112,3806.36806956729,1309.67468261719,340
1016,3582.79781056265,3796.13612700567,1309.67468261719,340
1017,3700.2225013219,3784.98681275189,1308.35546875,340
1018,3850.13460156123,3780.36698743064,1308.35546875,340
1019,3719.1906752637,3776.41265639064,1308.35546875,340
1020,3787.44262760384,3774.33772391014,1308.35546875,340
1021,3900.84827138466,3776.0636408941,1308.35546875,340
1022,3877.06312559042,3779.885899904,1308.35546875,340
1023,3933.25798202086,3787.04347894617,1308.35546875,340
1024,3847.94852244438,3791.0692745138,1308.35546875,340
1025,3875.62579007145,3793.8114532823,1307.86193847656,340
1026,3708.52033808232,3793.22249875676,1307.86193847656,340
1027,3896.57788806505,3797.54808921826,1307.86193847656,340
1028,3856.44938396958,3808.88610901421,1307.86193847656,340
1029,3764.78255483157,3809.25015254401,1307.86193847656,340
1030,3831.44229049375,3804.5202132459,1307.86193847656,340
1031,3797.2948210068,3805.62966310775,1307.86193847656,340
1032,3655.72858012918,3807.18596768471,1307.86193847656,340
1033,3926.5671405718,3808.41581170601,1306.85510253906,340
1034,3844.27291219186,3810.62504513671,1306.85510253906,340
1035,3816.92947101432,3807.24009210484,1306.85510253906,340
1036,3849.18801207624,3805.63028213949,1306.85510253906,340
1037,3969.41626303916,3810.9525282149,1306.85510253906,340
1038,3944.02639151383,3818.7593749067,1306.85510253906,340
1039,4008.68863365486,3830.43939279626,1306.85510253906,340
1040,3891.7839580604,3833.44802186103,1306.85510253906,340
1041,3925.86661008157,3847.17077384179,1305.42028808594,340
1042,3937.33438088724,3856.6552490244,1305.42028808594,340
1043,3909.87843155289,3859.04500222407,1305.42028808594,340
1044,3835.62596657767,3863.70241387663,1305.42028808594,340
1045,3959.11589435972,3870.56934454686,1305.42028808594,340
1046,3924.6743340306,3871.5223870527,1305.42028808594,340
1047,3906.40538553428,3872.69607745045,1305.42028808594,340
1048,3991.30062313148,3875.01778309488,1305.42028808594,340
1049,4057.50323231939,3883.39997148988,1308.17761230469,340
1050,3904.56494591307,3884.55753772354,1308.17761230469,340
1051,3803.79126950444,3888.36837498043,1308.17761230469,340
1052,3946.02313519827,3890.34618486576,1308.17761230469,340
1053,3977.61101802603,3895.19265022802,1308.17761230469,340
1054,3954.52616410632,3902.78239459901,1308.17761230469,340
1055,3861.72172568719,3903.99357200674,1308.17761230469,340
1056,3902.49710564351,3908.20166339221,1308.17761230469,340
1057,3855.80256649586,3916.20462284688,1310.11120605469,340
1058,4004.47819855986,3919.3210651664,1310.11120605469,340
1059,4010.89870972263,3925.98609706763,1310.11120605469,340
1060,3975.90383478342,3932.3450716184,1310.11120605469,340
1061,3905.59273634959,3934.60126058933,1310.11120605469,340
1062,3900.68478507356,3931.85200147071,1310.11120605469,340
1063,3624.91428330565,3919.08751714238,1310.11120605469,340
1064,3843.95321979994,3912.49810058818,1310.11120605469,340
1065,4055.82838980849,3919.05987785811,1316.69274902344,340
1066,3967.05043341365,3920.70723079139,1316.69274902344,340
1067,3949.66339972869,3921.20039154505,1316.69274902344,340
1068,3966.89607158161,3923.4810971462,1316.69274902344,340
1069,4054.45782146508,3932.23437134169,1316.69274902344,340
1070,3878.38618545146,3929.00518298536,1316.69274902344,340
1071,4045.40719232832,3933.83449731727,1316.69274902344,340
1072,3976.85431247396,3936.65245439486,1316.69274902344,340
1073,3971.79132706861,3935.87208255234,1317.01037597656,340
1074,3931.31438753135,3930.82452876082,1317.01037597656,340
1075,3977.38036861035,3933.73714566871,1317.01037597656,340
1076,4026.44428887774,3942.64326644365,1317.01037597656,340
1077,4005.13824622549,3945.00787088473,1317.01037597656,340
1078,3979.62836442171,3945.08856474056,1317.01037597656,340
1079,3966.24399300602,3945.55727789655,1317.01037597656,340
1080,4033.402534579,3952.42451025222,1317.01037597656,340
1081,4037.76197843396,3957.83510516384,1319.16296386719,340
1082,3961.71172582207,3962.07147153689,1319.16296386719,340
1083,4015.93276456741,3962.52965417719,1319.16296386719,340
1084,3907.21120962364,3958.38215417323,1319.16296386719,340
1085,4099.09878663626,3963.30995224734,1319.16296386719,340
1086,4015.21374777175,3967.69479270423,1319.16296386719,340
1087,3999.85132392577,3971.66145425832,1319.16296386719,340
1088,4117.47929397468,3991.36405468508,1319.16296386719,340
1089,4040.82364941104,3999.23887186952,1320.79321289062,340
1090,3888.34195406968,3992.53941443997,1320.79321289062,340
1091,3937.70334303869,3991.36553082497,1320.79321289062,340
1092,4099.47434886188,3997.3579687903,1320.79321289062,340
1093,3883.71367599981,3994.03067296703,1320.79321289062,340
1094,3980.87351811224,3991.08730083291,1320.79321289062,340
1095,3994.24457705223,3995.72163649695,1320.79321289062,340
1096,3651.89921649836,3979.98131746375,1320.79321289062,340
1097,4127.78816362948,3986.01867150997,1322.76904296875,340
1098,3779.81166721288,3978.33948511574,1322.76904296875,340
1099,4010.45720736105,3981.50519790893,1322.76904296875,340
1100,3850.69325495745,3976.43771336281,1322.76904296875,340
1101,3975.12490422358,3974.38493797664,1322.76904296875,340
1102,3636.21400949321,3959.62796850735,1322.76904296875,340
1103,3906.47153450103,3956.70169531053,1322.76904296875,340
1104,3979.48576405291,3957.2313661524,1322.76904296875,340
1105,4150.17653853683,3961.90232631071,1323.4697265625,340
1106,4062.05943742091,3962.87422467019,1323.4697265625,340
1107,4117.25620637404,3969.09600389227,1323.4697265625,340
1108,4164.01722788188,3975.01938242485,1323.4697265625,340
1109,4060.42801239248,3981.1480545356,1323.4697265625,340
1110,4036.50872956687,3978.64445225283,1323.4697265625,340
1111,4133.65052062243,3983.38192316686,1323.4697265625,340
1112,4147.61084676426,3989.2923040804,1323.4697265625,340
1113,4087.73255921758,3988.10243469011,1323.78845214844,340
1114,4115.66726518051,3991.09617932089,1323.78845214844,340
1115,4116.76293173818,4000.23301842763,1323.78845214844,340
1116,4162.51164279341,4009.22535041782,1323.78845214844,340
1117,4013.48342871164,4005.78571361181,1323.78845214844,340
1118,4112.62200440283,4014.94204674793,1323.78845214844,340
1119,4024.66546065528,4016.69372444965,1323.78845214844,340
1120,4060.6420518354,4019.34962344098,1323.78845214844,340
1121,4165.94466859337,4039.91144152478,1322.74182128906,340
1122,4160.34887549359,4041.21386999934,1322.74182128906,340
1123,4086.97840277622,4053.50053942188,1322.74182128906,340
1124,3967.00287270439,4051.76236603561,1322.74182128906,340
1125,4080.6662504287,4060.96128585446,1322.74182128906,340
1126,4270.14637006455,4072.7621444881,1322.74182128906,340
1127,4171.49396097818,4094.1733425475,1322.74182128906,340
1128,4285.90733090953,4109.35077440384,1322.74182128906,340
1129,3646.49171725471,4096.03101253191,1324.36657714844,340
1130,4154.3645986754,4096.19853493745,1324.36657714844,340
1131,4152.56816525208,4099.8188840507,1324.36657714844,340
1132,4219.77761226515,4103.91974028634,1324.36657714844,340
1133,4123.99175987839,4102.3187215662,1324.36657714844,340
1134,4092.8868125475,4103.61707357241,1324.36657714844,340
1135,4079.49919657951,4105.33669225291,1324.36657714844,340
1136,4119.99445634616,4104.79044968186,1324.36657714844,340
1137,3973.43071540784,4097.8232444276,1326.37634277344,340
1138,3975.29211674605,4093.32562672874,1326.37634277344,340
1139,4108.98171151136,4093.05820458198,1326.37634277344,340
1140,4142.36445720074,4094.08226560048,1326.37634277344,340
1141,3805.0639164372,4079.78435654623,1326.37634277344,340
1142,3889.16447881057,4074.81159855019,1326.37634277344,340
1143,4113.11159494485,4074.83118217187,1326.37634277344,340
1144,3895.49120479449,4069.66421193744,1326.37634277344,340
1145,4185.69363287182,4074.66627517889,1326.72741699219,340
1146,4020.6968045166,4068.85636061582,1326.72741699219,340
1147,4148.07853553461,4068.36554701746,1326.72741699219,340
1148,4087.00710054989,4068.36669492841,1326.72741699219,340
1149,3982.74345084958,4068.99631805422,1326.72741699219,340
1150,4110.8626740682,4070.2041749998,1326.72741699219,340
1151,4093.26784439706,4063.1290339731,1326.72741699219,340
1152,3996.26262298046,4056.11978045319,1326.72741699219,340
1153,4038.32748495661,4046.21658661507,1328.53369140625,340
1154,4098.14179629111,4064.28258977653,1328.53369140625,340
1155,4115.65494339567,4062.73420356534,1328.53369140625,340
1156,4247.4445713486,4066.5292598092,1328.53369140625,340
1157,4183.2868959675,4065.06963115729,1328.53369140625,340
1158,4202.47567043448,4068.20898757954,1328.53369140625,340
1159,4226.85400398335,4073.56767523697,1328.53369140625,340
1160,4257.68929042375,4080.69527899074,1328.53369140625,340
1161,4241.97260585782,4085.57440497121,1329.52868652344,340
1162,4229.03235757821,4095.79847065802,1329.52868652344,340
1163,4234.93056008822,4106.18400839171,1329.52868652344,340
1164,4249.35693336355,4111.7990172658,1329.52868652344,340
1165,4280.89445016441,4117.34021698434,1329.52868652344,340
1166,4199.36544460865,4133.1122781112,1329.52868652344,340
1167,4250.40132460656,4147.56175194304,1329.52868652344,340
1168,4288.86221143547,4154.59177660267,1329.52868652344,340
1169,4264.88381687466,4169.36748108587,1329.76928710938,340
1170,4265.99568063933,4172.57956299658,1329.76928710938,340
1171,4263.61684136753,4182.29636447061,1329.76928710938,340
1172,4249.55281451481,4186.35533562982,1329.76928710938,340
1173,4052.27598295996,4184.96609092622,1329.76928710938,340
1174,4272.1438160124,4196.54210553273,1329.76928710938,340
1175,4261.18503624185,4202.55500001968,1329.76928710938,340
1176,4244.75673124728,4208.61455549369,1329.76928710938,340
1177,4210.40434409188,4217.18022433815,1329.53112792969,340
1178,4234.58463141439,4225.03051019646,1329.53112792969,340
1179,4230.47406060644,4230.32380076907,1329.53112792969,340
1180,4270.77856986088,4236.52874582768,1329.53112792969,340
1181,4273.77925407644,4237.58213313679,1329.53112792969,340
1182,4217.58907334543,4238.95422023191,1329.53112792969,340
1183,4221.70252549344,4239.72329443427,1329.53112792969,340
1184,4231.22821793212,4239.89826299222,1329.53112792969,340
1185,4250.28639696003,4239.60214725367,1329.98217773438,340
1186,4269.31581105114,4240.6958754614,1329.98217773438,340
1187,4251.53575257571,4241.5960112613,1329.98217773438,340
1188,4214.40719301654,4240.77507657844,1329.98217773438,340
1189,4282.37156537935,4242.09566185907,1329.98217773438,340
1190,4264.01422016091,4241.42045265893,1329.98217773438,340
1191,4254.18960238365,4243.61341896993,1329.98217773438,340
1192,4268.87405583817,4244.35232821919,1329.98217773438,340
1193,4286.89650961709,4244.27370014646,1330.94848632812,340
1194,4048.78738700539,4235.62984295169,1330.94848632812,340
1195,4242.47751439937,4234.68911630209,1330.94848632812,340
1196,4257.38507271752,4234.43984555609,1330.94848632812,340
1197,4226.8967682074,4233.53360370379,1330.94848632812,340
1198,4228.4580803147,4240.58088759798,1330.94848632812,340
1199,4198.45537024181,4237.63334976716,1330.94848632812,340
1200,4270.55961758627,4238.00833302093,1330.94848632812,340
1201,4294.39748811667,4239.99396329571,1332.58801269531,340
1202,4223.52508347437,4240.51879287101,1332.58801269531,340
1203,4239.9428465407,4240.73312147606,1332.58801269531,340
1204,4172.06274085173,4238.39666868587,1332.58801269531,340
1205,4253.63469309196,4237.71091361512,1332.58801269531,340
1206,4265.44644695874,4237.37760133041,1332.58801269531,340
1207,4250.16821579296,4238.68076702831,1332.58801269531,340
1208,4244.81984353528,4239.60545974998,1332.58801269531,340
1209,4264.6782272844,4240.94346012407,1333.54113769531,340
1210,4297.43905130985,4242.82956629807,1333.54113769531,340
1211,4028.9226508697,4233.21383989081,1333.54113769531,340
1212,3868.87166855061,4217.90727652981,1333.54113769531,340
1213,4274.28358390431,4220.30233216532,1333.54113769531,340
1214,4192.39366083092,4216.70321598338,1333.54113769531,340
1215,4070.99637215062,4208.98250206297,1333.54113769531,340
1216,4103.36556557627,4202.94954059067,1333.54113769531,340
1217,4260.91142289333,4202.63103527288,1335.03332519531,340
1218,4157.67420291576,4197.46214300483,1335.03332519531,340
1219,4246.12538001499,4205.35566272521,1335.03332519531,340
1220,4214.9587945097,4204.25491392962,1335.03332519531,340
1221,4249.91837336891,4203.95624595568,1335.03332519531,340
1222,4242.03016783363,4204.56158194073,1335.03332519531,340
1223,4064.18501216825,4197.99065921487,1335.03332519531,340
1224,4243.20666850515,4199.7807111454,1335.03332519531,340
1225,4238.97791666996,4198.51744310875,1337.01647949219,340
1226,4222.92232003203,4195.65843638537,1337.01647949219,340
1227,4250.66285687938,4196.74394732157,1337.01647949219,340
1228,4252.92330882825,4197.26316581307,1337.01647949219,340
1229,4228.89720879594,4199.53654453084,1337.01647949219,340
1230,4200.1838665881,4197.39851147068,1337.01647949219,340
1231,4232.99013524516,4196.10025900214,1337.01647949219,340
1232,4237.64468451561,4195.59931775105,1337.01647949219,340
1233,4074.87115461361,4188.80137019418,1336.87915039062,340
1234,4209.15162727289,4186.58030619372,1336.87915039062,340
1235,4192.69997434342,4182.39074311506,1336.87915039062,340
1236,4247.01289387013,4191.11435283508,1336.87915039062,340
1237,4196.17329076375,4204.2064177236,1336.87915039062,340
1238,4197.3722214305,4201.12996322465,1336.87915039062,340
1239,4272.92868333758,4204.35136412492,1336.87915039062,340
1240,4274.68046528297,4212.49872785021,1336.87915039062,340
1241,4197.80428352095,4216.276276568,1338.09899902344,340
1242,4244.19465081676,4215.60760568494,1338.09899902344,340
1243,4245.03790141415,4219.10215362487,1338.09899902344,340
1244,4188.83592709672,4216.81057550814,1338.09899902344,340
1245,4254.14152621875,4218.3778847765,1338.09899902344,340
1246,4041.39252612148,4210.0368508866,1338.09899902344,340
1247,4237.52165207149,4209.85651025612,1338.09899902344,340
1248,4236.55153299622,4216.75117108924,1338.09899902344,340
1249,4241.72412360638,4216.69186929329,1340.63684082031,340
1250,4250.97407709483,4217.17171571028,1340.63684082031,340
1251,4271.24120811662,4219.10447123367,1340.63684082031,340
1252,4229.96484599292,4218.27655079821,1340.63684082031,340
1253,4234.48714901555,4217.5391044057,1340.63684082031,340
1254,4253.91828683456,4218.53994752724,1340.63684082031,340
1255,4244.63695412373,4220.31807102867,1340.63684082031,340
1256,4099.37760443598,4214.9735697963,1340.63684082031,340
1257,4244.00981955988,4215.22817519807,1341.57116699219,340
1258,4250.25737838895,4222.24362414909,1341.57116699219,340
1259,4258.05783063695,4224.19987228365,1341.57116699219,340
1260,4291.15372892823,4228.13802246704,1341.57116699219,340
1261,4262.47768085932,4228.75661394661,1341.57116699219,340
1262,4175.91627945755,4227.94633349436,1341.57116699219,340
1263,4239.17540705019,4229.61846091915,1341.57116699219,340
1264,4206.14693772711,4226.94719109473,1341.57116699219,340
1265,4275.63031818857,4226.98518521095,1342.58154296875,340
1266,4235.9781065728,4228.51213813303,1342.58154296875,340
1267,4184.81040458312,4226.13676828368,1342.58154296875,340
1268,4136.19834415759,4221.78318599342,1342.58154296875,340
1269,4148.31778250124,4220.1624602096,1342.58154296875,340
1270,4231.7544977132,4219.26697906938,1342.58154296875,340
1271,4326.15091304729,4230.65731454641,1342.58154296875,340
1272,4274.03827973591,4232.11797965299,1342.58154296875,340
1273,4244.61784047011,4232.44063195194,1344.38159179688,340
1274,4266.17570346264,4233.41869514619,1344.38159179688,340
1275,4234.19910004581,4232.74769606423,1344.38159179688,340
1276,4279.20193972505,4233.06612532857,1344.38159179688,340
1277,4191.96662514358,4231.5461964946,1344.38159179688,340
1278,4061.85044925355,4224.64072850412,1344.38159179688,340
1279,4239.40434023935,4224.06017064031,1344.38159179688,340
1280,4170.97235225726,4221.11358656565,1344.38159179688,340
1281,4189.98124632449,4224.73773224119,1346.81359863281,340
1282,4246.19712209281,4224.82522434251,1346.81359863281,340
1283,4201.21769059651,4222.86363683081,1346.81359863281,340
1284,4096.19392441639,4216.38908058199,1346.81359863281,340
1285,4244.89322367425,4214.53866037183,1346.81359863281,340
1286,4167.8446184979,4210.75333787737,1346.81359863281,340
1287,4247.65205715946,4213.62276898545,1346.81359863281,340
1288,4215.54750440031,4212.67765287945,1346.81359863281,340
1289,3988.95419438433,4203.98994314574,1347.51123046875,340
1290,3867.68754711232,4187.67223230269,1347.51123046875,340
1291,3790.63044517227,4169.85832584667,1347.51123046875,340
1292,3886.63405191781,4157.93127174006,1347.51123046875,340
1293,3846.5391320786,4146.3449032569,1347.51123046875,340
1294,3930.34259468463,4137.62589574423,1347.51123046875,340
1295,3726.70146239509,4117.42377433151,1347.51123046875,340
1296,3775.27108195266,4095.38858108772,1347.51123046875,340
1297,4188.6159891916,4091.97168946595,1347.96936035156,340
1298,4022.93322914265,4083.10430501285,1347.96936035156,340
1299,4165.88005610782,4079.09247911866,1347.96936035156,340
1300,4201.64059891831,4077.79013907356,1347.96936035156,340
1301,4003.53437963644,4066.76343667002,1347.96936035156,340
1302,4140.1977629002,4064.69268218028,1347.96936035156,340
1303,4055.94782422931,4064.45657717931,1347.96936035156,340
1304,3991.08706289594,4054.52388608558,1347.96936035156,340
1305,4240.58359593694,4057.30833583276,1347.92797851562,340
1306,4215.39613965238,4058.32493156588,1347.92797851562,340
1307,4208.7854926701,4056.82846638897,1347.92797851562,340
1308,4234.0394734531,4058.14133770323,1347.92797851562,340
1309,4256.13880530451,4064.53913293876,1347.92797851562,340
1310,4218.59389246772,4063.4871596905,1347.92797851562,340
1311,4171.25932301275,4063.62374787109,1347.92797851562,340
1312,4135.84835510717,4059.151599789,1347.92797851562,340
1313,4283.36162067122,4061.86416443984,1346.46044921875,340
1314,4296.7213082105,4074.17484899288,1346.46044921875,340
1315,4280.94087150985,4090.70498196878,1346.46044921875,340
1316,4143.0232788477,4104.8006953158,1346.46044921875,340
1317,4143.29552633908,4115.06715429265,1346.46044921875,340
1318,4225.398037355,4130.22151050371,1346.46044921875,340
1319,4253.0919189504,4143.13148347434,1346.46044921875,340
1320,3775.1032200841,4145.0675537819,1346.46044921875,340
1321,4127.81782392987,4159.16942346099,1349.33129882812,340
1322,4152.74839816285,4157.73471981984,1349.33129882812,340
1323,4268.71996831636,4167.56618938679,1349.33129882812,340
1324,4117.49447887923,4165.63076629764,1349.33129882812,340
1325,4182.38825282538,4164.86067245392,1349.33129882812,340
1326,3697.51501440827,4152.6198978448,1349.33129882812,340
1327,4210.36862865899,4155.42673247515,1349.33129882812,340
1328,3662.40404416159,4139.68498127244,1349.33129882812,340
1329,4209.18708346217,4148.40898209509,1351.5634765625,340
1330,4114.60044308934,4143.36965598119,1351.5634765625,340
1331,4176.79070263414,4141.82543850046,1351.5634765625,340
1332,4125.20121068994,4138.48206722125,1351.5634765625,340
1333,4281.96654408941,4140.3991500467,1351.5634765625,340
1334,4121.50281398269,4135.01371039383,1351.5634765625,340
1335,4176.8376345815,4133.34346007838,1351.5634765625,340
1336,4217.70081708674,4135.20111984134,1351.5634765625,340
1337,4266.46347932011,4140.42572480986,1345.10546875,340
1338,4224.53542573309,4138.07267701233,1345.10546875,340
1339,4259.18490457067,4136.57122086674,1345.10546875,340
1340,4093.71860303138,4129.0823301276,1345.10546875,340
1341,4239.22897175127,4132.93055784375,1345.10546875,340
1342,4185.44586613644,4134.61657143564,1345.10546875,340
1343,4178.42230480228,4132.73754213353,1345.10546875,340
1344,4210.83009556895,4131.04706919827,1345.10546875,340
1345,4136.25714298052,4145.49322611413,1342.83471679688,340
1346,4041.78159352958,4142.05177689812,1342.83471679688,340
1347,4142.80214901654,4141.65392693226,1342.83471679688,340
1348,3911.00357027435,4127.34527101058,1342.83471679688,340
1349,4164.2334279825,4129.21482897471,1342.83471679688,340
1350,4043.35504534948,4123.65350067568,1342.83471679688,340
1351,4038.21192417383,4137.2813770663,1342.83471679688,340
1352,4052.36485191592,4130.96122599658,1342.83471679688,340
1353,4118.55179523518,4149.20713603952,1342.01049804688,340
1354,4133.6447675133,4146.18544340157,1342.01049804688,340
1355,4182.72883406943,4148.91057904077,1342.01049804688,340
1356,4138.60933310841,4147.38332425974,1342.01049804688,340
1357,4091.32589255647,4146.0283115344,1342.01049804688,340
1358,4210.46971630362,4143.16843842297,1342.01049804688,340
1359,4116.27467908066,4142.95931302689,1342.01049804688,340
1360,4137.98023328597,4141.40501697507,1342.01049804688,340
1361,3769.0540001051,4123.4591442958,1340.08740234375,340
1362,3805.42321609371,4105.01753376675,1340.08740234375,340
1363,3982.00595519082,4095.31635494506,1340.08740234375,340
1364,4068.36723317225,4087.68364808912,1340.08740234375,340
1365,3956.93249217492,4082.21220365486,1340.08740234375,340
1366,4073.03018117985,4075.564252032,1340.08740234375,340
1367,3832.86559124363,4061.46104103629,1340.08740234375,340
1368,4012.7074384836,4054.83244638354,1340.08740234375,340
1369,4000.9268129527,4046.43631507889,1339.72436523438,340
1370,4151.37768611511,4047.04113680428,1339.72436523438,340
1371,3745.56630500996,4035.19252526349,1339.72436523438,340
1372,3919.74943496037,4026.27041670124,1339.72436523438,340
1373,3917.1899764875,4026.51787294977,1339.72436523438,340
1374,4199.84600261848,4027.94237593521,1339.72436523438,340
1375,4080.56337784059,4029.43070923485,1339.72436523438,340
1376,3801.93479127875,4019.97962391905,1339.72436523438,340
1377,3871.01175610086,4012.72550008645,1340.01489257812,340
1378,4005.99856717767,4008.22337096415,1340.01489257812,340
1379,4067.07462093676,4005.56056510109,1340.01489257812,340
1380,4081.30937961847,4001.50378692305,1340.01489257812,340
1381,3906.04000972181,3992.20101398758,1340.01489257812,340
1382,4173.49937317893,3995.48795321248,1340.01489257812,340
1383,4242.28152731291,3996.76042565285,1340.01489257812,340
1384,3964.5348813406,3990.69083374325,1340.01489257812,340
1385,4093.48968496298,3988.91121181033,1343.13928222656,340
1386,4008.60692340618,3998.49332874237,1343.13928222656,340
1387,4069.30845497282,4009.04873829754,1343.13928222656,340
1388,4007.82004565858,4010.08130191625,1343.13928222656,340
1389,3957.25005599912,4005.63661482932,1343.13928222656,340
1390,4158.09264841786,4013.68302107904,1343.13928222656,340
1391,4171.73630583193,4017.63126606513,1343.13928222656,340
1392,3947.77224747686,4022.22753231445,1343.13928222656,340
1393,4069.35195084005,4024.49331280871,1344.02673339844,340
1394,4148.07111957165,4030.37908507347,1344.02673339844,340
1395,4095.53025766669,4028.14518793553,1344.02673339844,340
1396,4107.36579747596,4042.61716763417,1344.02673339844,340
1397,4209.14079185052,4054.19282190978,1344.02673339844,340
1398,4189.09271712098,4065.06893153512,1344.02673339844,340
1399,4198.03243217699,4064.99638871746,1344.02673339844,340
1400,4050.36754936552,4063.78855557846,1344.02673339844,340
1401,4233.70568186052,4081.05939120173,1347.17211914062,340
1402,4144.12135952829,4091.98377533882,1347.17211914062,340
1403,4138.72474661695,4097.2928225164,1347.17211914062,340
1404,4129.26956765474,4099.78062038512,1347.17211914062,340
1405,4094.06560450279,4100.29086938049,1347.17211914062,340
1406,3907.18317631378,4100.33659604417,1347.17211914062,340
1407,4004.82355822403,4093.58956344597,1347.17211914062,340
1408,4051.37908743704,4085.95346585094,1347.17211914062,340
1409,4140.91082751693,4093.00850369799,1348.88500976562,340
1410,4118.13165838486,4093.99418263487,1348.88500976562,340
1411,4198.04116468723,4101.57155228611,1348.88500976562,340
1412,4200.31835411906,4106.81194825196,1348.88500976562,340
1413,4133.90052218118,4111.85516731286,1348.88500976562,340
1414,4214.44546158623,4122.14298353635,1348.88500976562,340
1415,4234.81709113064,4125.21196124486,1348.88500976562,340
1416,4096.11960691025,4122.18729328799,1348.88500976562,340
1417,4154.59252292347,4130.46010430585,1350.99084472656,340
1418,4227.69437096086,4136.79380111069,1350.99084472656,340
1419,4228.87493671168,4140.02595379629,1350.99084472656,340
1420,4144.71656947087,4141.99340626846,1350.99084472656,340
1421,4225.21679864751,4146.70744631532,1350.99084472656,340
1422,4052.54494262395,4140.44361234625,1350.99084472656,340
1423,4095.08855508497,4136.68344586481,1350.99084472656,340
1424,4172.45435753719,4135.66032287922,1350.99084472656,340
1425,4206.38593570633,4141.90105833285,1351.9423828125,340
1426,3994.11313907677,4132.3173566215,1351.9423828125,340
1427,4215.32207490544,4135.16538523659,1351.9423828125,340
1428,4216.88756951899,4138.29189815267,1351.9423828125,340
1429,3445.31684054599,4110.93378906832,1351.9423828125,340
1430,4184.29178945029,4114.54283646622,1351.9423828125,340
1431,4081.0647496774,4121.49809940077,1351.9423828125,340
1432,4021.80812066972,4122.17748189859,1351.9423828125,340
1433,3741.77343169084,4109.79325566875,1352.18762207031,340
1434,4206.72714019561,4112.42590817589,1352.18762207031,340
1435,3778.1590432582,4098.82700357083,1352.18762207031,340
1436,3764.38325469159,4081.480687171,1352.18762207031,340
1437,3881.88769237948,4068.74346070142,1352.18762207031,340
1438,3880.49819537796,4058.60736762929,1352.18762207031,340
1439,4210.01531840364,4058.43016190199,1352.18762207031,340
1440,4221.45427120883,4057.89564910511,1352.18762207031,340
1441,3836.60684891115,4047.51513878515,1350.1767578125,340
1442,4161.12292886331,4047.77635502274,1350.1767578125,340
1443,4267.3190746396,4049.36134316989,1350.1767578125,340
1444,4222.67999505979,4049.11354550382,1350.1767578125,340
1445,4205.76792832723,4051.55559985807,1350.1767578125,340
1446,3936.39712181819,4040.0028127849,1350.1767578125,340
1447,4149.32839116237,4043.87415072644,1350.1767578125,340
1448,4153.74078319473,4046.22023985083,1350.1767578125,340
1449,4175.37232882144,4046.3369587022,1348.6875,340
1450,4239.00948174897,4047.6419005439,1348.6875,340
1451,4203.50308636534,4056.01749843544,1348.6875,340
1452,4114.8062221637,4051.99686432577,1348.6875,340
1453,4150.36168894777,4049.33582910293,1348.6875,340
1454,4205.72175802281,4079.752025802,1348.6875,340
1455,4193.78821799768,4080.13188294389,1348.6875,340
1456,4267.83222381087,4087.60258190923,1348.6875,340
1457,4003.02412608443,4086.85122212582,1346.115234375,340
1458,4271.31153024634,4108.03274606804,1346.115234375,340
1459,3949.57475806563,4097.74665078284,1346.115234375,340
1460,3967.15217094492,4105.30637589031,1346.115234375,340
1461,4144.09444669933,4120.49482357062,1346.115234375,340
1462,4156.92139388496,4131.49617163084,1346.115234375,340
1463,4133.34366986441,4141.6099906103,1346.115234375,340
1464,4228.48246704974,4142.34867655614,1346.115234375,340
1465,3839.36281151338,4127.06501816832,1347.11535644531,340
1466,4126.09233815011,4138.64443773788,1347.11535644531,340
1467,4250.86511323537,4142.23412511276,1347.11535644531,340
1468,3942.54912232388,4129.24332702014,1347.11535644531,340
1469,3688.53488920599,4107.87752278598,1347.11535644531,340
1470,4145.38001485295,4105.46200624701,1347.11535644531,340
1471,3649.38009934995,4093.98132534828,1347.11535644531,340
1472,4056.26467460108,4090.25877668583,1347.11535644531,340
1473,4293.70603189056,4095.85738663366,1347.02099609375,340
1474,4200.76781468828,4096.87320606834,1347.02099609375,340
1475,4205.4956152747,4095.53265140937,1347.02099609375,340
1476,4135.13094678751,4092.79776582625,1347.02099609375,340
1477,4179.66021882389,4095.39192569266,1347.02099609375,340
1478,4161.06439654035,4095.82003399636,1347.02099609375,340
1479,3618.97750040898,4072.35026369181,1347.02099609375,340
1480,3806.19299096787,4056.84645461062,1347.02099609375,340
1481,3786.32038863568,4037.58598120361,1344.37414550781,340
1482,4234.54331620914,4046.8467488086,1344.37414550781,340
1483,4160.59033179564,4042.41790087057,1344.37414550781,340
1484,4071.22750005176,4047.28401055002,1344.37414550781,340
1485,4150.70312805711,4054.62604883451,1344.37414550781,340
1486,4163.62105038173,4055.4071129818,1344.37414550781,340
1487,4204.68327798665,4057.31758834587,1344.37414550781,340
1488,4154.52818427279,4058.1649689222,1344.37414550781,340
1489,4186.98035901602,4056.50488460085,1342.99572753906,340
1490,4079.86200306107,4066.12485226276,1342.99572753906,340
1491,4225.76689750229,4070.11183463685,1342.99572753906,340
1492,4246.64162013205,4069.94289491272,1342.99572753906,340
1493,4169.43562187708,4079.01835489484,1342.99572753906,340
1494,3972.13856715552,4090.36250201283,1342.99572753906,340
1495,4046.25001368632,4086.39730196616,1342.99572753906,340
1496,4144.82946622655,4106.21527664123,1342.99572753906,340
1497,4201.98529663255,4112.04410152248,1344.40734863281,340
1498,4210.24015917629,4108.70546661391,1344.40734863281,340
1499,4256.58494781198,4110.93815193886,1344.40734863281,340
1500,4126.6875450331,4107.7858291292,1344.40734863281,340
1501,4194.80200210862,4110.17267134204,1344.40734863281,340
1502,4039.9884673623,4104.58580128358,1344.40734863281,340
1503,4200.3778865957,4106.15834088579,1344.40734863281,340
1504,4180.2871564557,4128.61072712766,1344.40734863281,340
1505,4203.39690852759,4144.49888383005,1341.73889160156,340
1506,4191.33298278823,4160.69938759615,1341.73889160156,340
1507,4110.3863169451,4155.73310762559,1341.73889160156,340
1508,4179.50072958042,4156.48952353698,1341.73889160156,340
1509,4294.44822934104,4165.41835270855,1341.73889160156,340
1510,4150.81348534133,4165.42276699992,1341.73889160156,340
1511,4235.39087105654,4168.29355982691,1341.73889160156,340
1512,4210.96500902843,4168.54482906858,1341.73889160156,340
1513,4148.35344394887,4168.29783945563,1339.63793945312,340
1514,4213.95599953545,4169.3768650764,1339.63793945312,340
1515,4200.30945111699,4174.19476299864,1339.63793945312,340
1516,4205.35169409327,4173.37815486228,1339.63793945312,340
1517,4296.03890206749,4175.3540461397,1339.63793945312,340
1518,4268.73784612905,4179.32613510978,1339.63793945312,340
1519,4317.73883818061,4193.15014595078,1339.63793945312,340
1520,4174.80898522665,4198.29250481239,1339.63793945312,340
1521,4192.67358826014,4200.20626969374,1338.12902832031,340
1522,4212.55988157158,4200.6292530913,1338.12902832031,340
1523,4269.10197286269,4202.98372563875,1338.12902832031,340
1524,3801.19795155515,4184.76824578848,1338.12902832031,340
1525,4190.74002009646,4187.33034479101,1338.12902832031,340
1526,4174.70771400386,4186.52657326682,1338.12902832031,340
1527,4197.13336049227,4192.81236899202,1338.12902832031,340
1528,4162.00039655272,4191.2772693903,1338.12902832031,340
1529,4146.35434576229,4189.91995696257,1338.74328613281,340
1530,4239.17513032181,4191.35108583434,1338.74328613281,340
1531,3702.64408716208,4171.80353000929,1338.74328613281,340
1532,3962.25520252328,4165.87828543242,1338.74328613281,340
1533,4185.69980806318,4166.12624857173,1338.74328613281,340
1534,4174.94357720903,4161.34606248645,1338.74328613281,340
1535,4171.68865055173,4162.18106909486,1338.74328613281,340
1536,4253.73831005256,4162.9149666547,1338.74328613281,340
1537,4313.74877514449,4167.02631729935,1341.43884277344,340
1538,4199.29837514807,4169.06411454732,1341.43884277344,340
1539,4190.64068738506,4168.1315020613,1341.43884277344,340
1540,4177.83107167948,4167.2323668838,1341.43884277344,340
1541,4231.77448295756,4168.28927843837,1341.43884277344,340
1542,4208.97691505498,4164.80679895787,1341.43884277344,340
1543,4260.4593347044,4164.47565850088,1341.43884277344,340
1544,4187.64578129605,4159.2719362255,1341.43884277344,340
1545,4211.44975570581,4160.73756704467,1342.37609863281,340
1546,4274.21850050073,4163.99936353429,1342.37609863281,340
1547,4185.0966296446,4162.90083345721,1342.37609863281,340
1548,4288.21072868895,4163.66518369026,1342.37609863281,340
1549,4104.05897358758,4175.77962457156,1342.37609863281,340
1550,4139.70313653774,4173.73814922921,1342.37609863281,340
1551,4258.41095643968,4177.08627892664,1342.37609863281,340
1552,4305.16516989958,4181.40755130294,1342.37609863281,340
1553,4150.06292287223,4180.93005235572,1339.74633789062,340
1554,4092.48677873613,4178.77534967467,1339.74633789062,340
1555,4165.53390028965,4175.82970047338,1339.74633789062,340
1556,4288.00975340278,4199.24432712301,1339.74633789062,340
1557,4180.42553513516,4207.97114042749,1339.74633789062,340
1558,4200.37180283807,4208.55802021848,1339.74633789062,340
1559,4169.20168221856,4208.32834441886,1339.74633789062,340
1560,4336.03195067823,4214.90207642392,1339.74633789062,340
1561,4171.87202263028,4211.62742492703,1344.68115234375,340
1562,4263.78818855657,4209.62900146352,1344.68115234375,340
1563,4168.64980869801,4208.40305880552,1344.68115234375,340
1564,4268.26087838286,4211.50786644543,1344.68115234375,340
1565,4071.25208549902,4207.24470699821,1344.68115234375,340
1566,3675.78787449656,4185.00524265977,1344.68115234375,340
1567,4132.41474816474,4181.94275598416,1344.68115234375,340
1568,4151.46236174193,4177.58287706566,1344.68115234375,340
1569,4195.01517011476,4177.87765261841,1343.27221679688,340
1570,4248.90063364854,4179.37568773612,1343.27221679688,340
1571,4127.51319362139,4173.50747546094,1343.27221679688,340
1572,3880.50440212416,4161.32378636013,1343.27221679688,340
1573,4291.12980775538,4161.44054952278,1343.27221679688,340
1574,4056.61548518522,4159.54280998669,1343.27221679688,340
1575,4197.88950042328,4161.87026454211,1343.27221679688,340
1576,4250.12645493188,4161.5388844818,1343.27221679688,340
1577,4302.00748109488,4161.41257692961,1341.58801269531,340
1578,4227.79040391775,4164.52167617143,1341.58801269531,340
1579,4160.03084395193,4167.22343878006,1341.58801269531,340
1580,3902.54940426388,4156.70405893903,1341.58801269531,340
1581,4292.9012919286,4156.89972048007,1341.58801269531,340
1582,4312.41323014941,4162.17922828063,1341.58801269531,340
1583,4189.50848457317,4161.74469555004,1341.58801269531,340
1584,4194.39747851306,4162.75252740182,1341.58801269531,340
1585,4203.43343007874,4157.44858657784,1343.14306640625,340
1586,4248.63852749392,4160.51924677239,1343.14306640625,340
1587,4298.35414920954,4161.9018851985,1343.14306640625,340
1588,4296.1220716337,4167.00077571593,1343.14306640625,340
1589,4237.79802586839,4165.78226161535,1343.14306640625,340
1590,4327.49981648403,4176.03217085475,1343.14306640625,340
1591,4278.00122016558,4200.12070468151,1343.14306640625,340
1592,4302.84699401984,4206.93799451572,1343.14306640625,340
1593,4307.12591158406,4213.1645365094,1342.94934082031,340
1594,4280.05839732726,4216.5662655979,1342.94934082031,340
1595,4307.76520332347,4218.9208483849,1342.94934082031,340
1596,4219.08211353879,4222.5836051816,1342.94934082031,340
1597,4261.46756035273,4237.82213151074,1342.94934082031,340
1598,4336.44217663244,4239.63462626582,1342.94934082031,340
1599,4184.38331405775,4244.74533942072,1342.94934082031,340
1600,4192.60906263024,4244.534121909,1342.94934082031,340
1601,4292.6296894414,4246.23425128938,1342.904296875,340
1602,4293.11863432493,4245.87869741859,1342.904296875,340
1603,4223.64575158736,4245.71291132537,1342.904296875,340
1604,4279.6487525235,4250.49762766823,1342.904296875,340
1605,4256.70289827364,4264.66376742862,1342.904296875,340
1606,4261.62106698756,4263.41255843098,1342.904296875,340
1607,4364.55365189148,4265.49817530067,1342.904296875,340
1608,4198.69673010782,4265.86570512205,1342.904296875,340
1609,4288.65203381193,4269.63588733401,1344.68896484375,340
1610,4263.87894937621,4272.0537081059,1344.68896484375,340
1611,4286.67618188477,4273.57521428154,1344.68896484375,340
1612,4100.70759455611,4265.6693520954,1344.68896484375,340
1613,4220.87113364689,4262.65931457593,1344.68896484375,340
1614,4293.26346218284,4264.87793202851,1344.68896484375,340
1615,4311.88479937148,4264.253331344,1344.68896484375,340
1616,4243.32441307203,4262.86625906026,1344.68896484375,340
1617,4315.29702317523,4263.36426022648,1344.77429199219,340
1618,4225.40352704767,4260.09536484502,1344.77429199219,340
1619,4307.71945308063,4261.20180707516,1344.77429199219,340
1620,4212.93604429433,4257.40864071399,1344.77429199219,340
1621,4289.89428572841,4260.24112760158,1344.77429199219,340
1622,4290.83892135993,4261.41598204186,1344.77429199219,340
1623,4310.24354498014,4260.36803677577,1344.77429199219,340
1624,4291.36976839463,4264.64749494925,1344.77429199219,340
1625,4325.77378327234,4269.97408377493,1345.03723144531,340
1626,4268.38577816604,4269.00432732392,1345.03723144531,340
1627,4249.84446119395,4267.27336039868,1345.03723144531,340
1628,4319.2265406523,4271.09659196128,1345.03723144531,340
1629,4323.3658472091,4272.8452757487,1345.03723144531,340
1630,4238.4614615264,4272.11561827881,1345.03723144531,340
1631,4301.29373127286,4273.70252485022,1345.03723144531,340
1632,4284.21829054889,4270.48911039652,1345.03723144531,340
1633,4300.32209575529,4274.55412502242,1346.02661132812,340
1634,4161.1393870678,4269.45361915265,1346.02661132812,340
1635,4275.58828053587,4269.92199239904,1346.02661132812,340
1636,4196.03916794789,4266.29651184156,1346.02661132812,340
1637,4317.46235222056,4274.96670214814,1346.02661132812,340
1638,4247.10172179408,4276.01592567403,1346.02661132812,340
1639,4242.2710793786,4273.97623036186,1346.02661132812,340
1640,4195.96050298165,4269.33925850627,1346.02661132812,340
1641,4267.70895810754,4270.31464030769,1347.44580078125,340
1642,4308.42059538981,4270.03958319627,1347.44580078125,340
1643,4309.87564847126,4273.41846805321,1347.44580078125,340
1644,4174.74094731912,4268.09932782275,1347.44580078125,340
1645,4280.08754502708,4270.78538785206,1347.44580078125,340
1646,4239.18085365567,4268.75685056915,1347.44580078125,340
1647,4327.60537504848,4270.2275087167,1347.44580078125,340
1648,4197.90432727064,4265.73394000832,1347.44580078125,340
1649,4301.12477040788,4266.12414008885,1348.6533203125,340
1650,4268.26664486525,4263.82385455256,1348.6533203125,340
1651,4284.5107216158,4264.46885229055,1348.6533203125,340
1652,4329.03638429807,4267.63652921472,1348.6533203125,340
1653,4269.42065396245,4265.64429374712,1348.6533203125,340
1654,4268.43851472204,4263.44720044764,1348.6533203125,340
1655,4190.04408941933,4261.51050556336,1348.6533203125,340
1656,4310.76262890944,4261.88926146882,1348.6533203125,340
1657,4282.77226728301,4261.83142053819,1349.27746582031,340
1658,4324.11827144197,4262.78326756565,1349.27746582031,340
1659,4248.98433319305,4266.29706541066,1349.27746582031,340
1660,4302.10481387965,4267.35772674441,1349.27746582031,340
1661,4279.78329672924,4270.70749189567,1349.27746582031,340
1662,4267.57431638047,4268.71197046206,1349.27746582031,340
1663,4285.09821522303,4270.23183019922,1349.27746582031,340
1664,4277.67400826458,4271.64794735466,1349.27746582031,340
1665,4321.72327964854,4276.67845842134,1349.76208496094,340
1666,4314.75588463722,4278.56033548252,1349.76208496094,340
1667,4305.31083319322,4278.43594499466,1349.76208496094,340
1668,4241.44649968649,4275.69877904327,1349.76208496094,340
1669,4264.58353224026,4279.29248244011,1349.76208496094,340
1670,4291.9588399806,4279.76733423825,1349.76208496094,340
1671,4327.36594216991,4283.29473777882,1349.76208496094,340
1672,4349.1216538876,4284.15538893239,1349.76208496094,340
1673,4314.66507169571,4288.82581870939,1349.95190429688,340
1674,4078.80789714031,4279.93314377869,1349.95190429688,340
1675,4287.53721249559,4280.7039664839,1349.95190429688,340
1676,4320.2997204181,4282.13552643599,1349.95190429688,340
1677,4303.34471614814,4281.10785971,1349.95190429688,340
1678,4290.90850920157,4281.96737391956,1349.95190429688,340
1679,4287.30513058587,4282.72203855411,1349.95190429688,340
1680,4316.62032415014,4287.78508794335,1349.95190429688,340
1681,4311.51406191375,4287.81514526352,1350.58288574219,340
1682,4332.66173039799,4289.81072378812,1350.58288574219,340
1683,4298.27366125585,4288.77693938067,1350.58288574219,340
1684,4346.63021379269,4292.68277460466,1350.58288574219,340
1685,4308.01697307453,4292.91926097246,1350.58288574219,340
1686,4292.85267548755,4293.44203612279,1350.58288574219,340
1687,4287.69026787755,4294.24667418267,1350.58288574219,340
1688,4278.2982710742,4293.97467641672,1350.58288574219,340
1689,4303.86016043993,4295.02212250373,1351.95043945312,340
1690,4310.4772053103,4294.5722795302,1351.95043945312,340
1691,4312.34911465359,4294.47600873086,1351.95043945312,340
1692,4324.38702040495,4295.23905621933,1351.95043945312,340
1693,4337.51625076499,4299.08184626247,1351.95043945312,340
1694,4330.32352983963,4301.71144616644,1351.95043945312,340
1695,4301.66859489126,4302.09983636287,1351.95043945312,340
1696,4298.38272121153,4300.94050752453,1351.95043945312,340
1697,4291.34541073981,4298.62945779862,1351.56677246094,340
1698,4299.96803007415,4298.04157613376,1351.56677246094,340
1699,4101.22870730716,4298.93840854043,1351.56677246094,340
1700,4240.06045734735,4297.0393383345,1351.56677246094,340
1701,4242.30546101021,4293.91956795819,1351.56677246094,340
1702,4311.65822840273,4294.25210844837,1351.56677246094,340
1703,4384.3256630308,4297.98879460154,1351.56677246094,340
1704,4231.7947203574,4295.7683781924,1351.56677246094,340
1705,4370.33668324693,4297.91703255627,1351.18933105469,340
1706,4275.34375281917,4296.47022019249,1351.18933105469,340
1707,4297.38466940039,4295.05913775259,1351.18933105469,340
1708,4267.28060187902,4293.81941537751,1351.18933105469,340
1709,4368.61030505998,4294.69861902821,1351.18933105469,340
1710,4340.99720455593,4296.01782828746,1351.18933105469,340
1711,4264.30500281803,4294.87592138068,1351.18933105469,340
1712,4242.04740149993,4293.05020672558,1351.18933105469,340
1713,4330.12654786496,4295.12333779721,1351.26306152344,340
1714,4360.73843141981,4297.3984686364,1351.26306152344,340
1715,4274.47829591422,4295.95851226056,1351.26306152344,340
1716,4309.954265108,4295.86271827873,1351.26306152344,340
1717,4330.41761548271,4296.10394208184,1351.26306152344,340
1718,4302.7983243284,4294.71522502438,1351.26306152344,340
1719,4324.19129838983,4294.46993576639,1351.26306152344,340
1720,4313.66246707411,4294.9496906537,1351.26306152344,340
1721,4325.41572260287,4296.03101070936,1350.50317382812,340
1722,4363.5562643282,4298.91944485289,1350.50317382812,340
1723,4329.81517457318,4300.11333063285,1350.50317382812,340
1724,4291.39608038075,4307.7200255558,1350.50317382812,340
1725,4347.53754071136,4312.01910889036,1350.50317382812,340
1726,4301.50256177226,4314.38699292084,1350.50317382812,340
1727,4325.56566396662,4314.94329034339,1350.50317382812,340
1728,4332.89762141298,4312.88616867868,1350.50317382812,340
1729,4374.55999342192,4318.59677960126,1351.87646484375,340
1730,4340.60304720359,4317.40743415953,1351.87646484375,340
1731,4334.63550530378,4319.77910425891,1351.87646484375,340
1732,4275.73381110017,4318.9130699269,1351.87646484375,340
1733,4337.10195750164,4321.70592415181,1351.87646484375,340
1734,4343.79765582792,4320.71341818253,1351.87646484375,340
1735,4324.28765823911,4320.04503632985,1351.87646484375,340
1736,4343.44839520274,4323.21077202524,1351.87646484375,340
1737,4370.66565017291,4328.35550197216,1352.90869140625,340
1738,4268.82731263387,4325.90353256292,1352.90869140625,340
1739,4335.19073329093,4324.88162463776,1352.90869140625,340
1740,4325.51973115105,4326.92328204724,1352.90869140625,340
1741,4372.88096841186,4329.44035017939,1352.90869140625,340
1742,4338.41806605803,4329.7603682024,1352.90869140625,340
1743,4279.13463213937,4328.81382051484,1352.90869140625,340
1744,4347.11481298124,4329.7307610985,1352.90869140625,340
1745,4372.56095704568,4332.08670069736,1353.98547363281,340
1746,4334.99605100483,4332.46991383344,1353.98547363281,340
1747,4376.9102771684,4333.00407434705,1353.98547363281,340
1748,4154.42108679433,4325.98831083589,1353.98547363281,340
1749,4105.99590441364,4318.57230379721,1353.98547363281,340
1750,4276.6377738826,4315.73631312406,1353.98547363281,340
1751,4337.73394976724,4317.18556864386,1353.98547363281,340
1752,4376.1621245803,4319.20942706841,1353.98547363281,340
1753,4360.0564608991,4320.29578064785,1355.18688964844,340
1754,4283.16739111243,4316.64007655547,1355.18688964844,340
1755,4338.84640860181,4316.5698110114,1355.18688964844,340
1756,4310.7328155618,4315.61370342172,1355.18688964844,340
1757,4387.33648006417,4320.07781018028,1355.18688964844,340
1758,4209.85153749576,4314.98779338004,1355.18688964844,340
1759,4277.1255490621,4312.32090910941,1355.18688964844,340
1760,4361.18281472194,4313.79671536873,1355.18688964844,340
1761,4319.54709491356,4312.84066335716,1355.10717773438,340
1762,4231.70437652786,4307.28221241136,1355.10717773438,340
1763,4349.05815850238,4310.4914462461,1355.10717773438,340
1764,4380.84191060019,4312.31749333847,1355.10717773438,340
1765,4190.05523613595,4306.89891353786,1355.10717773438,340
1766,4352.55194795956,4306.08575271977,1355.10717773438,340
1767,4244.35802507365,4302.3233510804,1355.10717773438,340
1768,4332.29340597282,4304.44970203373,1355.10717773438,340
1769,4338.85053387292,4304.1191308694,1357.90124511719,340
1770,4316.39773477297,4301.87260197849,1357.90124511719,340
1771,4294.70044135951,4300.26077759268,1357.90124511719,340
1772,4377.72572062887,4300.2933953311,1357.90124511719,340
1773,4345.14616336529,4307.92239839394,1357.90124511719,340
1774,4371.59216312248,4318.54624874229,1357.90124511719,340
1775,4380.83864488773,4322.7142835825,1357.90124511719,340
1776,4361.8429743878,4323.67864456732,1357.90124511719,340
1777,4342.93234302556,4322.34945330513,1357.36962890625,340
1778,4342.17047277207,4321.63401378005,1357.36962890625,340
1779,4371.66228881609,4325.17380968819,1357.36962890625,340
1780,4328.71088477695,4324.7683887352,1357.36962890625,340
1781,4358.32225934615,4326.67196648657,1357.36962890625,340
1782,4390.70828893126,4326.80683884126,1357.36962890625,340
1783,4360.54459099524,4332.83456098124,1357.36962890625,340
1784,4363.51046280758,4336.28995753105,1357.36962890625,340
1785,4220.00463169699,4330.64283021006,1357.77661132812,340
1786,4298.21631732509,4329.78959910652,1357.77661132812,340
1787,4383.41915733664,4335.85819033887,1357.77661132812,340
1788,4316.65280388021,4334.56197615398,1357.77661132812,340
1789,4375.77411560225,4334.35926435407,1357.77661132812,340
1790,4358.08548012993,4341.08047411382,1357.77661132812,340
1791,4372.24403634629,4341.86815764929,1357.77661132812,340
1792,4326.29906019525,4345.14579905416,1357.77661132812,340
1793,4391.21958552645,4347.5028462363,1357.34838867188,340
1794,4362.47631256243,4348.44787738388,1357.34838867188,340
1795,4371.26542723493,4350.64258508236,1357.34838867188,340
1796,4393.39089190084,4354.59020310401,1357.34838867188,340
1797,4390.55725452091,4355.10346445969,1357.34838867188,340
1798,4378.75513746452,4356.44782342366,1357.34838867188,340
1799,4385.77060582602,4357.01496113181,1357.34838867188,340
1800,4364.05932261154,4356.34378824076,1357.34838867188,340
1801,4279.67757645961,4353.05717232363,1357.72546386719,340
1802,4337.27778844756,4352.83099014051,1357.72546386719,340
1803,4361.45007800663,4353.60217434989,1357.72546386719,340
1804,4374.27721976165,4353.70677158772,1357.72546386719,340
1805,4369.12174827404,4355.3232061276,1357.72546386719,340
1806,4390.42366985925,4356.60726254812,1357.72546386719,340
1807,4242.37604201599,4350.67397267151,1357.72546386719,340
1808,4380.19963772289,4351.46017454062,1357.72546386719,340
1809,4379.40615436037,4352.09600220273,1358.1259765625,340
1810,4343.33436072144,4357.02919136371,1358.1259765625,340
1811,4281.56081371109,4356.36297121915,1358.1259765625,340
1812,4354.19754445406,4355.19410670385,1358.1259765625,340
1813,4356.66829484707,4356.79472634252,1358.1259765625,340
1814,4272.13804399659,4352.64928347829,1358.1259765625,340
1815,4400.35670215837,4354.34013235943,1358.1259765625,340
1816,4342.93058899162,4353.16759446524,1358.1259765625,340
1817,4322.25250575114,4353.00573228748,1361.38061523438,340
1818,4351.24920995337,4351.40691726456,1361.38061523438,340
1819,4139.72993012655,4342.49706196712,1361.38061523438,340
1820,4279.49385021733,4338.82619888642,1361.38061523438,340
1821,4360.80853979805,4337.52290480231,1361.38061523438,340
1822,4327.38591979162,4334.99605141313,1361.38061523438,340
1823,4351.29422595355,4333.8976149527,1361.38061523438,340
1824,4366.24942103477,4333.11676756105,1361.38061523438,340
1825,3995.46534002679,4318.37300825766,1362.99609375,340
1826,4316.46728792323,4319.8445967162,1362.99609375,340
1827,4143.03417411599,4312.07485214294,1362.99609375,340
1828,4225.09452250479,4306.62062992286,1362.99609375,340
1829,4044.27999380495,4293.4207408846,1362.99609375,340
1830,4267.10841203747,4289.34020743513,1362.99609375,340
1831,4337.80702380755,4287.23554159307,1362.99609375,340
1832,4286.78889995017,4289.01205591043,1362.99609375,340
1833,4344.44792857963,4287.5819875447,1364.84106445312,340
1834,4332.50998541597,4285.70614078693,1364.84106445312,340
1835,4332.87128137809,4285.28761761319,1364.84106445312,340
1836,4211.43530293017,4282.48259718196,1364.84106445312,340
1837,4371.92726955931,4283.19178618617,1364.84106445312,340
1838,4318.45106221473,4281.66309688087,1364.84106445312,340
1839,4345.92538021223,4284.6145903295,1364.84106445312,340
1840,4376.11607071953,4283.64496507195,1364.84106445312,340
1841,4329.0456618745,4283.08956798726,1366.82836914062,340
1842,4276.95065287103,4281.27749387206,1366.82836914062,340
1843,4268.84175499278,4277.98119567363,1366.82836914062,340
1844,4307.64425181728,4284.69776854126,1366.82836914062,340
1845,4257.41272858807,4283.81452367609,1366.82836914062,340
1846,4248.4565598258,4279.3204444772,1366.82836914062,340
1847,4342.46162364073,4279.92347263116,1366.82836914062,340
1848,4340.92076099274,4279.50853403273,1366.82836914062,340
1849,4266.04646188801,4275.50041566686,1367.77783203125,340
1850,4204.59322808079,4283.86553118902,1367.77783203125,340
1851,4326.26945537168,4284.25761788696,1367.77783203125,340
1852,4171.66635004778,4285.40290492423,1367.77783203125,340
1853,4326.60716172807,4289.46341049316,1367.77783203125,340
1854,4292.47451325753,4299.39119127127,1367.77783203125,340
1855,4133.67437676725,4294.05382986046,1367.77783203125,340
1856,4348.86231597873,4294.4960415473,1367.77783203125,340
1857,4303.07957544584,4295.14766856713,1368.64074707031,340
1858,4372.80877282686,4296.28210233702,1368.64074707031,340
1859,4354.07309046527,4297.14462653899,1368.64074707031,340
1860,4266.74660964635,4294.49963966972,1368.64074707031,340
1861,4143.8545924395,4291.7964112501,1368.64074707031,340
1862,4349.45456347076,4290.89750300655,1368.64074707031,340
1863,4225.81223434026,4287.19194989158,1368.64074707031,340
1864,4344.88535528154,4287.15034889435,1368.64074707031,340
1865,4361.66741358172,4286.57240260884,1368.03369140625,340
1866,4306.901490995,4285.68663577366,1368.03369140625,340
1867,4367.57829812878,4289.31174158397,1368.03369140625,340
1868,4313.73749175392,4291.10757105441,1368.03369140625,340
1869,4343.78191410033,4292.55307754573,1368.03369140625,340
1870,4359.52678551765,4296.63763982292,1368.03369140625,340
1871,4366.4712035614,4301.35822557234,1368.03369140625,340
1872,4279.13086754978,4298.8249953287,1368.03369140625,340
1873,4141.03610002838,4290.82960889013,1368.34240722656,340
1874,4322.19499482296,4293.07555020753,1368.34240722656,340
1875,4203.99095101373,4293.05145912484,1368.34240722656,340
1876,4213.23860219059,4288.5302249976,1368.34240722656,340
1877,4330.56446129215,4294.88614944737,1368.34240722656,340
1878,4071.45835752443,4284.68019727923,1368.34240722656,340
1879,4317.54128067513,4285.68286797593,1368.34240722656,340
1880,4210.79733642884,4288.7677863624,1368.34240722656,340
1881,4338.77931737481,4288.36446641824,1367.81665039062,340
1882,4233.0399355325,4285.56288082171,1367.81665039062,340
1883,4243.68135418783,4280.39778407615,1367.81665039062,340
1884,4339.35157585017,4279.80892349154,1367.81665039062,340
1885,4349.95999844198,4283.13745904337,1367.81665039062,340
1886,4348.73252247397,4291.33257624474,1367.81665039062,340
1887,4303.04825418499,4289.47632387331,1367.81665039062,340
1888,4343.26475478389,4294.17442469106,1367.81665039062,340
1889,4327.46873580923,4293.47775991217,1368.7724609375,340
1890,4280.01486591987,4290.21165800569,1368.7724609375,340
1891,4335.00665669547,4291.33586463371,1368.7724609375,340
1892,4128.44126604021,4281.77038335017,1368.7724609375,340
1893,4295.84904627381,4281.05484553096,1368.7724609375,340
1894,4350.7433607961,4281.33330339879,1368.7724609375,340
1895,4183.89145441945,4274.30789015487,1368.7724609375,340
1896,4258.10177761203,4269.97311311689,1368.7724609375,340
1897,4335.52332870874,4272.22881156325,1368.33715820312,340
1898,4329.94676685242,4279.78523823621,1368.33715820312,340
1899,4331.42996845228,4280.15463718138,1368.33715820312,340
1900,4320.36518843281,4284.80960667815,1368.33715820312,340
1901,4346.54383549874,4290.14181601047,1368.33715820312,340
1902,4340.20390872336,4290.52739390772,1368.33715820312,340
1903,4309.65525926615,4300.05526997739,1368.33715820312,340
1904,4309.75238369632,4299.74371409824,1368.33715820312,340
1905,4278.11866713888,4302.43656732664,1368.8154296875,340
1906,4336.45310265513,4302.34351873785,1368.8154296875,340
1907,4344.06992382651,4306.78471826961,1368.8154296875,340
1908,4366.764534052,4311.70804546418,1368.8154296875,340
1909,4304.77243288103,4310.32487974542,1368.8154296875,340
1910,4231.56262904684,4305.58898496961,1368.8154296875,340
1911,4344.88071051026,4305.43491249106,1368.8154296875,340
1912,4331.73731747259,4306.58247502256,1368.8154296875,340
1913,4346.21902026173,4306.70064564168,1367.85583496094,340
1914,4381.10711914599,4308.84618097515,1367.85583496094,340
1915,4323.57972253899,4310.58877523991,1367.85583496094,340
1916,4344.41651705037,4310.96516965411,1367.85583496094,340
1917,4308.25650456299,4318.15777919502,1367.85583496094,340
1918,4326.42926363923,4319.38098788964,1367.85583496094,340
1919,4334.05175467606,4318.71332364484,1367.85583496094,340
1920,4297.71664956609,4323.2663314507,1367.85583496094,340
1921,4314.42549319738,4325.51928007411,1365.83459472656,340
1922,4337.77375332357,4325.60929705871,1365.83459472656,340
1923,4309.73773630392,4324.80093583677,1365.83459472656,340
1924,4302.75767398676,4323.65404405815,1365.83459472656,340
1925,4281.63444534862,4322.10481433478,1365.83459472656,340
1926,4333.25975339628,4321.57345105068,1365.83459472656,340
1927,4313.7787875796,4320.51644620493,1365.83459472656,340
1928,4328.07418343572,4321.25320317171,1365.83459472656,340
1929,4365.39547557886,4323.47892684701,1363.25708007812,340
1930,4304.03107562525,4324.51542318647,1363.25708007812,340
1931,4283.44649379572,4322.39515883209,1363.25708007812,340
1932,4325.86823138891,4321.66709113459,1363.25708007812,340
1933,4343.27365236796,4320.72745586723,1363.25708007812,340
1934,4363.87409878176,4323.09152250326,1363.25708007812,340
1935,4326.42044540901,4326.88583515774,1363.25708007812,340
1936,4350.63096429745,4327.11584530923,1363.25708007812,340
1937,4308.93240095459,4326.20364864851,1355.27514648438,340
1938,4351.42305145963,4326.41180989643,1355.27514648438,340
1939,4314.63604405564,4323.75296689281,1355.27514648438,340
1940,4239.68310460552,4320.39710217548,1355.27514648438,340
1941,4238.1846494269,4316.14782747054,1355.27514648438,340
1942,4152.86591312658,4309.93220381308,1355.27514648438,340
1943,4323.94197898708,4309.83271242699,1355.27514648438,340
1944,4309.45631215736,4308.84889472625,1355.27514648438,340
1945,4324.6765500051,4309.92729074381,1350.85888671875,340
1946,4240.44322824663,4306.96800014578,1350.85888671875,340
1947,4335.34632679689,4306.87090308471,1350.85888671875,340
1948,4283.33672561274,4305.81486265706,1350.85888671875,340
1949,4260.41327167117,4304.12108656444,1350.85888671875,340
1950,4357.26516998312,4307.14631554982,1350.85888671875,340
1951,4335.97625733596,4307.2549757074,1350.85888671875,340
1952,4299.83119270586,4306.69707191246,1350.85888671875,340
1953,4292.48899228688,4305.2736642665,1354.80249023438,340
1954,4352.26666942191,4304.74851202022,1354.80249023438,340
1955,4267.57168427946,4303.29013636639,1354.80249023438,340
1956,4328.83507111053,4305.10567945898,1354.80249023438,340
1957,4344.87735640575,4305.86604445966,1354.80249023438,340
1958,4215.99408110501,4300.77486160914,1354.80249023438,340
1959,4338.24770814122,4299.74980598352,1354.80249023438,340
1960,4347.05187541206,4300.57506318364,1354.80249023438,340
1961,4342.12633302928,4300.23487793292,1358.8876953125,340
1962,4276.08906497959,4298.92114449392,1358.8876953125,340
1963,4256.75659010859,4295.13448603987,1358.8876953125,340
1964,4332.31161592796,4295.84150891477,1358.8876953125,340
1965,4346.88931676913,4300.12975740131,1358.8876953125,340
1966,4189.75930418118,4298.19274359148,1358.8876953125,340
1967,4310.45542526425,4304.49632407699,1358.8876953125,340
1968,4228.00721421133,4300.65893348596,1358.8876953125,340
1969,4294.0105419285,4300.04110267681,1360.79919433594,340
1970,4196.76373859112,4294.92459022025,1360.79919433594,340
1971,4326.55564761708,4298.36908699506,1360.79919433594,340
1972,4224.80465708785,4293.9474202067,1360.79919433594,340
1973,4318.5401476207,4295.35555708702,1360.79919433594,340
1974,4248.26412560254,4294.86959124428,1360.79919433594,340
1975,4353.33718737279,4294.71247193986,1360.79919433594,340
1976,4306.51746618679,4293.5341202939,1360.79919433594,340
1977,4194.83017504444,4289.33407958744,1364.14538574219,340
1978,4191.42128620319,4285.29137134409,1364.14538574219,340
1979,4211.50670858816,4279.66097291074,1364.14538574219,340
1980,4203.48345588679,4277.09744377503,1364.14538574219,340
1981,4382.21940678029,4279.23281720182,1364.14538574219,340
1982,4312.87340210613,4277.95265902984,1364.14538574219,340
1983,4302.74527543217,4281.42270680293,1364.14538574219,340
1984,4282.70399661656,4279.20095834194,1364.14538574219,340
1985,4205.41765170893,4273.53558939381,1362.49621582031,340
1986,4292.92657756048,4271.56759917506,1362.49621582031,340
1987,4199.85251487625,4268.51813717093,1362.49621582031,340
1988,4357.71987056267,4272.55666838909,1362.49621582031,340
1989,4336.05332249751,4272.70633665187,1362.49621582031,340
1990,4272.16580074965,4269.71739601109,1362.49621582031,340
1991,4320.36000822544,4274.94142417287,1362.49621582031,340
1992,4336.30992074266,4275.975603992,1362.49621582031,340
1993,4297.08940087293,4278.73889145847,1361.56762695312,340
1994,4257.70984244576,4277.28686347916,1361.56762695312,340
1995,4237.67624156235,4278.923363598,1361.56762695312,340
1996,4245.43671505269,4275.67860629543,1361.56762695312,340
1997,4239.36536393238,4276.26103456921,1361.56762695312,340
1998,4306.61610864016,4275.78407300999,1361.56762695312,340
1999,4204.54805533996,4274.03543019948,1361.56762695312,340
2000,4306.90254652118,4272.17804456542,1361.56762695312,340
2001,3948.37488005935,4257.85234112032,1361.36218261719,340
2002,4308.12450546871,4262.38411433729,1361.36218261719,340
2003,4308.16871613444,4267.05401153454,1361.36218261719,340
2004,4294.28670442597,4270.36521136806,1361.36218261719,340
2005,4348.5427682575,4276.16758386289,1361.36218261719,340
2006,4262.90911406581,4271.39517215431,1361.36218261719,340
2007,4209.78946054341,4267.2718144918,1361.36218261719,340
2008,4213.62910206641,4263.70716755717,1361.36218261719,340
2009,4325.02259002852,4265.39991129364,1360.59069824219,340
2010,4186.63739984493,4264.64870121908,1360.59069824219,340
2011,4237.79713310073,4262.4435234407,1360.59069824219,340
2012,4368.27073549891,4269.1802522656,1360.59069824219,340
2013,4143.1465938686,4260.59732119784,1360.59069824219,340
2014,4179.1436753014,4254.32093530999,1360.59069824219,340
2015,4338.63496457079,4256.97970186284,1360.59069824219,340
2016,4201.28504272121,4252.21670324267,1360.59069824219,340
2017,4366.7369053594,4253.43378262734,1361.53454589844,340
2018,4360.74205930358,4255.97988896457,1361.53454589844,340
2019,4280.63875989957,4256.89704566272,1361.53454589844,340
2020,4285.10407708284,4258.79415908354,1361.53454589844,340
2021,4285.6675101003,4260.40339088544,1361.53454589844,340
2022,4344.04941763687,4264.59075303362,1361.53454589844,340
2023,4332.09902139379,4265.61006954377,1361.53454589844,340
2024,4351.15189462314,4271.47422311509,1361.53454589844,340
2025,4334.89167639918,4272.59378831021,1361.05297851562,340
2026,4329.25831105879,4287.82912555019,1361.05297851562,340
2027,4293.90487868827,4287.26034047897,1361.05297851562,340
2028,4335.11991166616,4288.33838830024,1361.05297851562,340
2029,4320.03267486427,4289.36822711777,1361.05297851562,340
2030,4315.02246931504,4288.02741516008,1361.05297851562,340
2031,4222.86228654595,4286.42554205928,1361.05297851562,340
2032,4279.08588749406,4289.19739913731,1361.05297851562,340
2033,4318.21066130093,4293.38066150669,1360.19274902344,340
2034,4146.65462691433,4286.24594298212,1360.19274902344,340
2035,4250.48568210837,4288.79987427266,1360.19274902344,340
2036,4150.57823738458,4285.31111844401,1360.19274902344,340
2037,4247.01572936942,4280.46091819883,1360.19274902344,340
2038,4323.92216270629,4287.69194095234,1360.19274902344,340
2039,4260.68410611193,4290.95355818476,1360.19274902344,340
2040,4273.67808128498,4288.35528285333,1360.19274902344,340
2041,4337.53186741507,4293.80515584108,1362.43334960938,340
2042,4385.51475082916,4294.55626965987,1362.43334960938,340
2043,4291.02592877861,4291.76762443888,1362.43334960938,340
2044,4305.56978787659,4292.76486555796,1362.43334960938,340
2045,4238.60446373423,4290.90488102401,1362.43334960938,340
2046,4297.69080120541,4291.38581266822,1362.43334960938,340
2047,4303.51605905878,4289.76447832509,1362.43334960938,340
2048,4286.51056924945,4287.94094023932,1362.43334960938,340
2049,4320.1711295965,4286.70170963826,1363.43701171875,340
2050,4335.78033496898,4286.73725598105,1363.43701171875,340
2051,4247.77337431749,4283.47785851139,1363.43701171875,340
2052,4310.76471071071,4284.15225179229,1363.43701171875,340
2053,4344.37532321516,4284.52246825425,1363.43701171875,340
2054,4251.43467738452,4281.77854835506,1363.43701171875,340
2055,4231.41187558023,4278.43412460567,1363.43701171875,340
2056,4324.83439647254,4282.51300900273,1363.43701171875,340
2057,4345.26167697096,4285.16004058181,1365.31005859375,340
2058,4329.54807938794,4285.61353730529,1365.31005859375,340
2059,4266.6652731092,4290.41396315308,1365.31005859375,340
2060,4342.9174445327,4294.11123365006,1365.31005859375,340
2061,4330.18028766285,4301.29531566119,1365.31005859375,340
2062,4281.86499467579,4302.68928627344,1365.31005859375,340
2063,4303.83736691786,4301.88589444191,1365.31005859375,340
2064,4293.08100208172,4303.1817702807,1365.31005859375,340
2065,4326.32265206644,4305.28755311196,1364.35034179688,340
2066,4346.61422669448,4305.65084748313,1364.35034179688,340
2067,4294.22493301516,4301.99925477057,1364.35034179688,340
2068,4339.04119175939,4303.9198652898,1364.35034179688,340
2069,4273.01328621706,4302.61760522342,1364.35034179688,340
2070,4293.53135895761,4304.81468103236,1364.35034179688,340
2071,4297.04163911094,4304.78871454858,1364.35034179688,340
2072,4306.87861711316,4304.92321687075,1364.35034179688,340
2073,4277.696306863,4304.57064637529,1364.08068847656,340
2074,4290.00314762909,4303.3639270966,1364.08068847656,340
2075,4355.62592397771,4304.15775065695,1364.08068847656,340
2076,4319.43905165568,4307.02437775047,1364.08068847656,340
2077,4339.6243871354,4308.17876480746,1364.08068847656,340
2078,4036.44266600621,4295.8614585191,1364.08068847656,340
2079,4314.11102331136,4298.36851235618,1364.08068847656,340
2080,4265.07154928257,4299.71489930427,1364.08068847656,340
2081,4285.52339387972,4298.14245920056,1362.96264648438,340
2082,4321.24128639689,4297.1816435776,1362.96264648438,340
2083,4358.93560094489,4298.35714443987,1362.96264648438,340
2084,4069.70504440334,4290.47873529164,1362.96264648438,340
2085,4307.98963346773,4289.08162284904,1362.96264648438,340
2086,4187.01244234094,4283.35490903617,1362.96264648438,340
2087,4296.65251059436,4283.94640967291,1362.96264648438,340
2088,4180.27183614002,4279.00378844179,1362.96264648438,340
2089,4338.46046880093,4280.81896711056,1361.27392578125,340
2090,4304.96825462732,4279.964791213,1361.27392578125,340
2091,4365.06204085767,4280.70270377953,1361.27392578125,340
2092,4269.36160144649,4279.70817051678,1361.27392578125,340
2093,4373.66745546288,4281.09322106492,1361.27392578125,340
2094,4317.7455819663,4282.88251289489,1361.27392578125,340
2095,4270.8626618452,4281.97576501039,1361.27392578125,340
2096,4301.9175540216,4282.17080160682,1361.27392578125,340
2097,4172.20205745414,4276.78373922046,1360.56909179688,340
2098,4241.53007686365,4275.33709002048,1360.56909179688,340
2099,4320.82257540437,4276.56986713149,1360.56909179688,340
2100,4343.76306279305,4276.09535268411,1360.56909179688,340
2101,4329.00615991438,4276.47803701446,1360.56909179688,340
2102,4333.0860885759,4276.21650507208,1360.56909179688,340
2103,4289.31874993975,4286.33154842942,1360.56909179688,340
2104,4334.24860625432,4287.13705174714,1360.56909179688,340
2105,4301.51153277791,4288.59465108695,1358.27331542969,340
2106,4312.77282349074,4289.68462827139,1358.27331542969,340
2107,4274.67078246544,4287.82180811413,1358.27331542969,340
2108,4317.39973110884,4286.16037332069,1358.27331542969,340
2109,4211.72983475862,4291.8413649349,1358.27331542969,340
2110,4290.25339222871,4291.13191528534,1358.27331542969,340
2111,4352.874708388,4297.76640592722,1358.27331542969,340
2112,4317.15682946192,4298.58657868192,1358.27331542969,340
2113,4351.04200894083,4305.41738559396,1357.0849609375,340
2114,4334.60082717651,4305.26299992898,1357.0849609375,340
2115,4335.44493686272,4306.4820672184,1357.0849609375,340
2116,4352.78694113034,4305.9910632293,1357.0849609375,340
2117,4350.81379624594,4309.24915102128,1357.0849609375,340
2118,4309.96889413001,4306.70120856797,1357.0849609375,340
2119,4336.94786979037,4307.46930008093,1357.0849609375,340
2120,4303.84110430983,4308.78843777952,1357.0849609375,340
2121,4332.02274199288,4309.99264529837,1356.38134765625,340
2122,4335.4419443126,4316.52224077271,1356.38134765625,340
2123,4345.8555358096,4320.69525913054,1356.38134765625,340
2124,4359.94316952774,4322.26008289548,1356.38134765625,340
2125,4328.40306502988,4321.64568298495,1356.38134765625,340
2126,4338.26042441031,4322.01585356479,1356.38134765625,340
2127,4332.01043556962,4321.97282744454,1356.38134765625,340
2128,4278.72766452283,4321.54918402786,1356.38134765625,340
2129,4317.31619252228,4320.87188747858,1356.01745605469,340
2130,4260.94768401936,4319.24933352824,1356.01745605469,340
2131,4373.59088393826,4321.68205594614,1356.01745605469,340
2132,4312.23721993326,4323.18471344485,1356.01745605469,340
2133,4320.59546312137,4323.31254272535,1356.01745605469,340
2134,4341.39008671591,4328.49895280364,1356.01745605469,340
2135,4340.42874472793,4330.50596690361,1356.01745605469,340
2136,4349.53317213597,4330.37230545353,1356.01745605469,340
2137,4366.80527819958,4332.35824340304,1357.38977050781,340
2138,4346.6910012347,4332.18420309479,1357.38977050781,340
2139,4331.5515046227,4332.06223019264,1357.38977050781,340
2140,4316.07958537702,4331.28761613321,1357.38977050781,340
2141,4346.83752503582,4331.04963948943,1357.38977050781,340
2142,4356.55660455468,4331.27935182178,1357.38977050781,340
2143,4333.05896894549,4332.2029548144,1357.38977050781,340
2144,4352.37566184942,4332.82006649676,1357.38977050781,340
2145,4156.77227303388,4326.93731324572,1358.64245605469,340
2146,4356.81841899667,4327.92914032587,1358.64245605469,340
2147,4377.56152123078,4329.6139234026,1358.64245605469,340
2148,4327.91366882987,4328.89624872341,1358.64245605469,340
2149,4350.64654279646,4328.52438365416,1358.64245605469,340
2150,4343.71072607318,4329.13669009589,1358.64245605469,340
2151,4332.15983779051,4328.8926666311,1358.64245605469,340
2152,4353.48450160327,4329.75162927245,1358.64245605469,340
2153,4346.69793667134,4332.47044015839,1360.13317871094,340
2154,4356.59272294829,4334.04150137543,1360.13317871094,340
2155,4303.81502825259,4335.75619514476,1360.13317871094,340
2156,4388.89776690414,4336.36847046339,1360.13317871094,340
2157,4242.88653253514,4333.59444296747,1360.13317871094,340
2158,4326.98869416783,4333.85017220933,1360.13317871094,340
2159,4394.64310419937,4335.98029290867,1360.13317871094,340
2160,4334.54778989733,4335.74505471544,1360.13317871094,340
2161,4128.92714185129,4326.92081350405,1359.26599121094,340
2162,3921.30222203657,4309.10069125753,1359.26599121094,340
2163,4313.5306413869,4307.77427686362,1359.26599121094,340
2164,4324.42150231848,4307.48907677145,1359.26599121094,340
2165,4215.54108475303,4303.46753674649,1359.26599121094,340
2166,4357.7587919586,4303.9043874234,1359.26599121094,340
2167,4325.25119054791,4302.65217086313,1359.26599121094,340
2168,4347.74447316444,4303.23959103189,1359.26599121094,340
2169,4297.92809763808,4301.06168846344,1360.86694335938,340
2170,4350.47881483346,4308.80995013542,1360.86694335938,340
2171,4368.898825814,4309.29316640811,1360.86694335938,340
2172,4301.29861470993,4306.24265014728,1360.86694335938,340
2173,4377.18151242471,4308.21336389107,1360.86694335938,340
2174,4254.31881762296,4304.36025488413,1360.86694335938,340
2175,4367.39988256788,4305.30782114392,1360.86694335938,340
2176,4331.20634769798,4305.26968154022,1360.86694335938,340
2177,4142.25971614417,4296.82069012186,1358.34545898438,340
2178,4340.56199261901,4296.57525235976,1358.34545898438,340
2179,4163.40091074307,4288.84757987155,1358.34545898438,340
2180,4374.7582237863,4291.6853076929,1358.34545898438,340
2181,4179.87030143153,4283.324209074,1358.34545898438,340
2182,4233.0555649901,4282.9309703722,1358.34545898438,340
2183,4354.30665335683,4284.02368873976,1358.34545898438,340
2184,4246.50661195528,4278.09822904999,1358.34545898438,340
2185,4313.57032265069,4277.25913036013,1359.2890625,340
2186,4216.79985753979,4280.77403898767,1359.2890625,340
2187,4234.8806340758,4293.31717546924,1359.2890625,340
2188,4301.03786993073,4292.81746461099,1359.2890625,340
2189,4311.20679609141,4292.28887636191,1359.2890625,340
2190,4283.22807672585,4294.99635604082,1359.2890625,340
2191,4336.46315933921,4294.14453073604,1359.2890625,340
2192,4364.67011920992,4295.72128788252,1359.2890625,340
2193,4325.26895763555,4294.82226726137,1361.39709472656,340
2194,4299.05124515766,4294.86719316215,1361.39709472656,340
2195,4253.67342626667,4290.99497761948,1361.39709472656,340
2196,4376.13068470849,4291.28425197526,1361.39709472656,340
2197,4227.49685749887,4288.33218168682,1361.39709472656,340
2198,4268.3000011763,4283.97692123688,1361.39709472656,340
2199,4331.05350103679,4287.04630857344,1361.39709472656,340
2200,4366.03211437408,4286.99159784568,1361.39709472656,340
2201,4264.74743511985,4284.33324134256,1361.380859375,340
2202,4303.70294685874,4290.79097057114,1361.380859375,340
2203,4377.67379332842,4292.27544259952,1361.380859375,340
2204,4321.26031651956,4298.58981883058,1361.380859375,340
2205,4325.71655351772,4296.62815201983,1361.380859375,340
2206,4133.44140904057,4294.7709963242,1361.380859375,340
2207,4253.39206079912,4295.58445615656,1361.380859375,340
2208,4299.11048432079,4293.37660939512,1361.380859375,340
2209,4370.26922843203,4298.32711405419,1362.89978027344,340
2210,4332.91883769828,4299.10105465609,1362.89978027344,340
2211,4288.5882993867,4301.97259232996,1362.89978027344,340
2212,4331.08742427577,4305.82086393796,1362.89978027344,340
2213,4353.65612380665,4307.925594093,1362.89978027344,340
2214,4311.10228987305,4307.92141384427,1362.89978027344,340
2215,4365.54943885542,4311.21426832945,1362.89978027344,340
2216,4326.70985812653,4310.82413628094,1362.89978027344,340
2217,4280.99850451104,4307.47727169299,1362.91430664062,340
2218,4301.24243329595,4306.5162107194,1362.91430664062,340
2219,4339.35072527113,4308.12818992394,1362.91430664062,340
2220,4309.98425237291,4310.38062296819,1362.91430664062,340
2221,4338.94930604311,4308.89336782158,1362.91430664062,340
2222,4309.09153866003,4312.15715506802,1362.91430664062,340
2223,4314.3689768724,4313.99991409587,1362.91430664062,340
2224,4338.8883648088,4314.31330864675,1362.91430664062,340
2225,4348.24610472633,4313.60186826084,1362.62670898438,340
2226,4312.98075001728,4315.53120085673,1362.62670898438,340
2227,4349.11999774215,4317.34788289207,1362.62670898438,340
2228,4266.77791963779,4312.91204794444,1362.62670898438,340
2229,4314.5522795293,4312.64372646483,1362.62670898438,340
2230,4352.26558133372,4313.70568757747,1362.62670898438,340
2231,4319.20681659815,4321.13630387978,1362.62670898438,340
2232,4331.34692560209,4324.2544984719,1362.62670898438,340
2233,4313.33069478755,4324.82330689057,1362.20227050781,340
2234,4204.67350863774,4318.1994780988,1362.20227050781,340
2235,4332.46173837398,4318.18119412582,1362.20227050781,340
2236,4339.3528847277,4320.21177753946,1362.20227050781,340
2237,4346.46409581052,4320.82684440085,1362.20227050781,340
2238,4332.47449873797,4319.97957939811,1362.20227050781,340
2239,4329.68495582087,4320.72288603602,1362.20227050781,340
2240,4305.71196762058,4318.32938718662,1362.20227050781,340
2241,4320.54615068441,4318.08283888894,1362.07897949219,340
2242,4346.42854323248,4320.7000404378,1362.07897949219,340
2243,4282.85538283283,4319.96455841927,1362.07897949219,340
2244,4343.21578556197,4320.11916083091,1362.07897949219,340
2245,4250.57575926222,4317.74282110648,1362.07897949219,340
2246,4287.60129371128,4315.68890061321,1362.07897949219,340
2247,4355.1831151629,4317.53256367332,1362.07897949219,340
2248,4320.08566011066,4317.76123100285,1362.07897949219,340
2249,4300.24099381982,4316.21533616329,1362.36804199219,340
2250,4338.06618319295,4315.80813930196,1362.36804199219,340
2251,4340.40234727502,4316.90500319227,1362.36804199219,340
2252,4290.77762578565,4314.57130831401,1362.36804199219,340
2253,4315.33034424725,4316.51340529838,1362.36804199219,340
2254,4339.91450853233,4317.52789445851,1362.36804199219,340
2255,4350.32761806931,4317.45037592793,1362.36804199219,340
2256,4336.42491425489,4318.1390998342,1362.36804199219,340
2257,4157.08815746319,4311.16874910864,1362.39514160156,340
2258,4350.53093270495,4312.65675862534,1362.39514160156,340
2259,4311.19723221698,4316.91770756851,1362.39514160156,340
2260,4327.07373119245,4316.70218728125,1362.39514160156,340
2261,4295.24985479525,4314.93806608395,1362.39514160156,340
2262,4297.02275456201,4312.96041243401,1362.39514160156,340
2263,4312.17928542356,4312.14860390143,1362.39514160156,340
2264,4348.30717814483,4312.89349279439,1362.39514160156,340
2265,4339.62383508223,4314.24996749286,1362.22387695312,340
2266,4339.58538505024,4315.01153686749,1362.22387695312,340
2267,4335.09340779794,4314.55813145011,1362.22387695312,340
2268,4269.24693743018,4314.013793634,1362.22387695312,340
2269,4331.51487135316,4313.54575706565,1362.22387695312,340
2270,4313.18957300194,4316.05030961524,1362.22387695312,340
2271,4113.86212939655,4309.10074304265,1362.22387695312,340
2272,4348.68149788171,4308.8406783514,1362.22387695312,340
2273,4354.64287654502,4310.22296700878,1363.25073242188,340
2274,4319.90669363142,4311.00959500124,1363.25073242188,340
2275,4301.58243843299,4309.55024521084,1363.25073242188,340
2276,4286.1870967541,4307.38163519,1363.25073242188,340
2277,4347.63376212094,4309.65588064342,1363.25073242188,340
2278,4227.35858579755,4306.13701030543,1363.25073242188,340
2279,4334.05765847679,4305.90273630321,1363.25073242188,340
2280,4314.40712186045,4304.46591645485,1363.25073242188,340
2281,4251.87836391431,4301.08405444123,1362.31457519531,340
2282,4321.93792206506,4307.6780450253,1362.31457519531,340
2283,4185.80419091054,4301.08897535353,1362.31457519531,340
2284,4201.84113163701,4296.71473133033,1362.31457519531,340
2285,4319.29440724613,4296.40355837248,1362.31457519531,340
2286,4337.15830131641,4298.07989623332,1362.31457519531,340
2287,4290.8202091651,4297.83179441745,1362.31457519531,340
2288,4324.89030451524,4298.34023518111,1362.31457519531,340
2289,4338.95735892963,4297.96624241251,1359.99328613281,340
2290,4343.87258368522,4298.13619235662,1359.99328613281,340
2291,4279.17300625083,4295.71969720465,1359.99328613281,340
2292,4322.57964542657,4295.21914670979,1359.99328613281,340
2293,4290.63042517712,4296.07448621967,1359.99328613281,340
2294,4335.87783719935,4296.24900485352,1359.99328613281,340
2295,4262.7519743424,4294.23150090714,1359.99328613281,340
2296,4318.01347837133,4302.39755486613,1359.99328613281,340
2297,4242.68525835499,4298.15770528506,1361.05053710938,340
2298,4289.26839343348,4295.5427259606,1361.05053710938,340
2299,4326.48989555859,4295.80605403768,1361.05053710938,340
2300,4320.28200421943,4296.55403666914,1361.05053710938,340
2301,4237.35638461812,4294.6008081837,1361.05053710938,340
2302,4352.24237204339,4294.7851525806,1361.05053710938,340
2303,4306.30299291561,4297.94292886532,1361.05053710938,340
2304,4334.20081215418,4297.94865501242,1361.05053710938,340
2305,4262.23004328775,4295.86157186951,1363.19616699219,340
2306,4258.72362262012,4296.13538221774,1363.19616699219,340
2307,4265.87599967478,4293.89290532213,1363.19616699219,340
2308,4242.11433284602,4296.14531099955,1363.19616699219,340
2309,4377.87567739281,4303.18669282978,1363.19616699219,340
2310,4363.05419087977,4304.93708417513,1363.19616699219,340
2311,4246.21998798576,4301.2995516419,1363.19616699219,340
2312,4338.35444244153,4303.20092097296,1363.19616699219,340
2313,4186.07967538304,4297.64849580767,1361.07543945312,340
2314,4240.65933869271,4293.7165749982,1361.07543945312,340
2315,4254.49675448049,4290.14154183001,1361.07543945312,340
2316,4129.66821460942,4284.16135016435,1361.07543945312,340
2317,4300.23226560707,4283.26745497157,1361.07543945312,340
2318,4069.86329788223,4274.43676987978,1361.07543945312,340
2319,4251.10968652845,4271.04604385294,1361.07543945312,340
2320,4287.12042124339,4272.02078172898,1361.07543945312,340
2321,4278.42059177985,4270.43706626532,1363.59606933594,340
2322,4337.65303371161,4274.23577727958,1363.59606933594,340
2323,4352.585703217,4276.76846967092,1363.59606933594,340
2324,4312.56367573106,4276.21142087782,1363.59606933594,340
2325,4253.9313337977,4273.55739406095,1363.59606933594,340
2326,4393.61402021904,4279.80769948499,1363.59606933594,340
2327,4313.84118137115,4278.2716518581,1363.59606933594,340
2328,4347.64153371115,4279.92519348992,1363.59606933594,340
2329,4305.45441107813,4278.77533744688,1364.13159179688,340
2330,4285.41608536602,4279.70277913001,1364.13159179688,340
2331,4240.52334788119,4278.97476814046,1364.13159179688,340
2332,4377.26706185809,4283.43041062779,1364.13159179688,340
2333,4271.7019467148,4284.61391518254,1364.13159179688,340
2334,4198.77688502947,4277.44996348801,1364.13159179688,340
2335,4331.33934710691,4276.18136973709,1364.13159179688,340
2336,4166.00990236354,4272.9729663122,1364.13159179688,340
2337,4309.02802694484,4271.79990969233,1365.59594726562,340
2338,4245.70418801207,4274.1848901975,1365.59594726562,340
2339,4082.42406797601,4267.85547936883,1365.59594726562,340
2340,4341.89534314888,4271.35142291556,1365.59594726562,340
2341,4324.56813232136,4279.14741962404,1365.59594726562,340
2342,4265.30464270865,4277.7503147081,1365.59594726562,340
2343,4224.3705971034,4283.93060667695,1365.59594726562,340
2344,4246.49398185291,4283.74597848993,1365.59594726562,340
2345,4314.84459736953,4284.85494553497,1364.482421875,340
2346,4234.88709815698,4283.11360579006,1364.482421875,340
2347,4274.17405983108,4280.57444683484,1364.482421875,340
2348,4283.75092553595,4277.8210557276,1364.482421875,340
2349,4180.706844249,4272.54678246831,1364.482421875,340
2350,4290.51680957355,4274.01020149935,1364.482421875,340
2351,4304.52707400392,4270.44672365074,1364.482421875,340
2352,4319.71534301484,4270.68169011649,1364.482421875,340
2353,4214.163162893,4265.34255528377,1362.40014648438,340
2354,4231.13782755027,4262.36989194265,1362.40014648438,340
2355,4256.44381284118,4261.21100104166,1362.40014648438,340
2356,4171.69166372394,4258.45773367537,1362.40014648438,340
2357,4333.78409168865,4256.71841486859,1362.40014648438,340
2358,4256.95251601584,4256.12843764063,1362.40014648438,340
2359,4188.50417570616,4255.7175292677,1362.40014648438,340
2360,4182.5579941655,4249.76627515004,1362.40014648438,340
2361,4247.9441429019,4253.04364477158,1362.94409179688,340
2362,4210.58562076259,4249.10594852429,1362.94409179688,340
2363,4191.3197053104,4246.93056921622,1362.94409179688,340
2364,4179.8450590162,4250.82740885783,1362.94409179688,340
2365,4181.49735888641,4244.41148948733,1362.94409179688,340
2366,4330.12746107929,4244.63386263765,1362.94409179688,340
2367,4175.89865261407,4241.05762303386,1362.94409179688,340
2368,4223.23557897743,4241.01222230882,1362.94409179688,340
2369,4177.18336339263,4238.23979757041,1362.6025390625,340
2370,4315.85800775215,4238.28033398572,1362.6025390625,340
2371,4273.06176039272,4239.80732047515,1362.6025390625,340
2372,4255.76444905251,4239.070936044,1362.6025390625,340
2373,4195.75652733209,4235.55116011585,1362.6025390625,340
2374,4054.51925037699,4230.50365636097,1362.6025390625,340
2375,4242.16712915,4228.56966914403,1362.6025390625,340
2376,4316.70910307422,4229.05695030684,1362.6025390625,340
2377,4331.96574579154,4229.54696641791,1363.90161132812,340
2378,4131.08447478783,4226.2238188937,1363.90161132812,340
2379,4278.83310863056,4228.13163013691,1363.90161132812,340
2380,4316.01030347488,4230.51428976226,1363.90161132812,340
2381,4321.69609545334,4236.51446703144,1363.90161132812,340
2382,4185.54723288156,4230.58499267915,1363.90161132812,340
2383,4321.89656765892,4233.18275474487,1363.90161132812,340
2384,4184.39624533082,4233.01843752986,1363.90161132812,340
2385,4299.19886829513,4237.68407249505,1363.06140136719,340
2386,4317.74143389774,4240.47596413488,1363.06140136719,340
2387,4292.6373198298,4243.75803209757,1363.06140136719,340
2388,4222.11411924264,4244.98980865486,1363.06140136719,340
2389,4123.2529331736,4242.72612362115,1363.06140136719,340
2390,4166.63294880082,4242.13154721773,1363.06140136719,340
2391,4299.61991925733,4240.91124554485,1363.06140136719,340
2392,4240.8432652081,4243.50903004861,1363.06140136719,340
2393,4288.89418614456,4246.1353743353,1360.81091308594,340
2394,4207.04294086812,4247.32975743432,1360.81091308594,340
2395,4323.07669886358,4247.61850507878,1360.81091308594,340
2396,4327.80326804783,4249.80816538498,1360.81091308594,340
2397,4173.69879955786,4246.52553940519,1360.81091308594,340
2398,4279.00978190924,4249.85566958828,1360.81091308594,340
2399,4240.20766533775,4257.28320618671,1360.81091308594,340
2400,4267.06495636304,4258.27911927523,1360.81091308594,340
2401,4328.97397910761,4258.76971431657,1360.81604003906,340
2402,4260.42648982647,4255.90814407796,1360.81604003906,340
2403,4270.85068771273,4261.49879259496,1360.81604003906,340
2404,4309.00272720293,4262.70557733786,1360.81604003906,340
2405,4254.5564030089,4260.24742131922,1360.81604003906,340
2406,4260.3688237455,4257.7943304509,1360.81604003906,340
2407,4270.96128582898,4261.2108925688,1360.81604003906,340
2408,4281.82927098238,4259.60820070174,1360.81604003906,340
2409,4226.84357494469,4261.30609388629,1360.0927734375,340
2410,4331.45939948088,4262.59651513372,1360.0927734375,340
2411,4300.83726897511,4261.92034853682,1360.0927734375,340
2412,4192.95024727746,4257.93286563472,1360.0927734375,340
2413,4335.9014221797,4262.48435775221,1360.0927734375,340
2414,3993.75807226843,4257.304563316,1360.0927734375,340
2415,4286.88189097359,4262.11452100291,1360.0927734375,340
2416,4296.99008363895,4262.00932757818,1360.0927734375,340
2417,4306.5613368201,4264.63805044266,1355.22729492188,340
2418,4302.80874390551,4265.19463275309,1355.22729492188,340
2419,4310.34131728465,4269.32656780976,1355.22729492188,340
2420,4273.47441992263,4267.34247665212,1355.22729492188,340
2421,4316.96457965655,4266.90892911647,1355.22729492188,340
2422,4258.37437984199,4270.29595232783,1355.22729492188,340
2423,4337.58002544873,4272.63876206941,1355.22729492188,340
2424,4275.29123047192,4274.04210467478,1355.22729492188,340
2425,4308.19370642978,4275.68725467745,1352.68933105469,340
2426,4303.82075067792,4274.68112554026,1352.68933105469,340
2427,4279.97599394459,4275.46310570498,1352.68933105469,340
2428,4283.50323464006,4275.96920758208,1352.68933105469,340
2429,4274.75464639351,4274.5992843497,1352.68933105469,340
2430,4259.00613752528,4274.77727373035,1352.68933105469,340
2431,4293.1243956203,4276.08749660535,1352.68933105469,340
2432,4251.86125135661,4275.32349522645,1352.68933105469,340
2433,4318.43319852496,4276.78765232816,1357.01000976562,340
2434,4303.92601462488,4279.87094991536,1357.01000976562,340
2435,4301.72382859483,4278.68152707992,1357.01000976562,340
2436,4183.18301814285,4273.97535704663,1357.01000976562,340
2437,4239.73921948504,4275.84691593493,1357.01000976562,340
2438,4322.85636821466,4275.32511377633,1357.01000976562,340
2439,4280.62853809834,4286.79993240953,1357.01000976562,340
2440,4253.11122420369,4285.44910573873,1357.01000976562,340
2441,4329.04791548588,4286.73141901261,1354.09802246094,340
2442,4304.74513882737,4286.6587710929,1354.09802246094,340
2443,4255.92225058006,4284.78331135988,1354.09802246094,340
2444,4308.37016083864,4284.70446510204,1354.09802246094,340
2445,4190.41983633391,4281.38228175849,1354.09802246094,340
2446,4298.04606006618,4280.62554097488,1354.09802246094,340
2447,4247.37936544521,4280.18574039901,1354.09802246094,340
2448,4319.31459229048,4279.45512307268,1354.09802246094,340
2449,4184.97482645485,4275.84246691199,1353.07543945312,340
2450,4255.74779407309,4273.74463041773,1353.07543945312,340
2451,4344.42120962565,4275.36864877564,1353.07543945312,340
2452,4147.74481816832,4270.07940174459,1353.07543945312,340
2453,4193.89942671004,4266.49524942739,1353.07543945312,340
2454,4276.3013115854,4266.55711603506,1353.07543945312,340
2455,4326.62571626282,4269.26189918456,1353.07543945312,340
2456,4207.22532687294,4265.82593643467,1353.07543945312,340
2457,4057.5662147238,4258.05413496936,1352.30041503906,340
2458,3968.33231014935,4244.05009943433,1352.30041503906,340
2459,4320.71381344904,4244.7216113873,1352.30041503906,340
2460,4286.73131647623,4244.12191090255,1352.30041503906,340
2461,4303.30736657715,4248.92688483993,1352.30041503906,340
2462,4317.79493884642,4252.04911361438,1352.30041503906,340
2463,4295.12582845186,4250.93989202387,1352.30041503906,340
2464,4213.25585793874,4248.24498481748,1352.30041503906,340
2465,4294.00797382268,4249.88085480224,1348.44470214844,340
2466,4261.75810661072,4247.18926244724,1348.44470214844,340
2467,4267.52261307528,4245.70036141715,1348.44470214844,340
2468,4275.72780001961,4246.49258339474,1348.44470214844,340
2469,4317.79870277693,4246.86972507227,1348.44470214844,340
2470,4314.05471421887,4251.81512018767,1348.44470214844,340
2471,4297.70294829423,4251.80139571679,1348.44470214844,340
2472,4255.71598956043,4252.1348606814,1348.44470214844,340
2473,4331.97013442749,4252.64108236688,1348.92517089844,340
2474,4285.09207637808,4256.64577236381,1348.92517089844,340
2475,4314.96703219966,4259.01454188887,1348.92517089844,340
2476,4347.08318171069,4259.12102077227,1348.92517089844,340
2477,4276.10357039299,4264.25537086126,1348.92517089844,340
2478,4299.81916444566,4268.49216037068,1348.92517089844,340
2479,4311.75824424143,4269.91043767692,1348.92517089844,340
2480,4241.91476439099,4266.52199960205,1348.92517089844,340
2481,4313.30003509681,4270.76498793101,1348.82788085938,340
2482,4307.26921132028,4280.75310779487,1348.82788085938,340
2483,4306.99815627685,4294.29974163996,1348.82788085938,340
2484,4318.49051090669,4294.21080953827,1348.82788085938,340
2485,4315.03913257145,4295.34312218208,1348.82788085938,340
2486,4342.24025883088,4296.90043787223,1348.82788085938,340
2487,4268.94446838881,4294.94641905392,1348.82788085938,340
2488,4291.48149850856,4294.80064585619,1348.82788085938,340
2489,4313.82559860545,4298.82343548286,1350.06359863281,340
2490,4330.6622784013,4300.28960766601,1350.06359863281,340
2491,4268.23560593877,4300.54870763913,1350.06359863281,340
2492,4252.51441735856,4299.94837981046,1350.06359863281,340
2493,4296.37223014789,4300.77415701559,1350.06359863281,340
2494,4298.98952882023,4300.02179005732,1350.06359863281,340
2495,4297.44781230294,4299.35751398069,1350.06359863281,340
2496,4208.26732884409,4295.78008920268,1350.06359863281,340
2497,4252.14263259947,4295.63715492424,1352.42810058594,340
2498,4300.75495763137,4294.3885478524,1352.42810058594,340
2499,4332.02985489629,4296.26605899313,1352.42810058594,340
2500,4317.91098368372,4296.38381705249,1352.42810058594,340
2501,4213.70889975533,4291.04884577427,1352.42810058594,340
2502,4324.57975019237,4292.98789296625,1352.42810058594,340
2503,4262.69591937498,4291.50296316342,1352.42810058594,340
2504,4299.91920889751,4291.02940174966,1352.42810058594,340
2505,4263.7725487906,4291.90371312565,1352.12719726562,340
2506,4273.99127601617,4290.33136276242,1352.12719726562,340
2507,4256.51448962392,4288.30117389457,1352.12719726562,340
2508,4244.73776092963,4285.81075808068,1352.12719726562,340
2509,4237.0455357171,4282.5529590731,1352.12719726562,340
2510,4255.7888141507,4280.18294633627,1352.12719726562,340
2511,4350.94109256542,4280.53097968565,1352.12719726562,340
2512,4316.56732657591,4282.43589401313,1352.12719726562,340
2513,4328.2540070914,4283.90679435645,1353.84582519531,340
2514,4340.73725032881,4284.98326042538,1353.84582519531,340
2515,4305.67387630356,4283.98372434147,1353.84582519531,340
2516,4298.97329908372,4285.21323206727,1353.84582519531,340
2517,4336.19391700557,4288.56041205315,1353.84582519531,340
2518,4255.12338114622,4286.91045809308,1353.84582519531,340
2519,3955.7413581247,4273.18053126526,1353.84582519531,340
2520,4283.5326864776,4272.62392623225,1353.84582519531,340
2521,4292.18925879873,4275.98080343043,1353.67431640625,340
2522,4191.0001102593,4273.53510253683,1353.67431640625,340
2523,4319.91776501029,4274.30161483198,1353.67431640625,340
2524,4330.01226158051,4274.22091109935,1353.67431640625,340
2525,4283.55844992546,4272.84680974902,1353.67431640625,340
2526,4263.50235066898,4274.83854778557,1353.67431640625,340
2527,4256.13609229146,4272.10080146953,1353.67431640625,340
2528,4314.36042386071,4274.16738164896,1353.67431640625,340
2529,4348.86985041747,4276.12540730976,1354.0908203125,340
2530,4285.92943557002,4277.01168278094,1354.0908203125,340
2531,4347.94514380823,4279.96983749262,1354.0908203125,340
2532,4352.78411927389,4283.82062267862,1354.0908203125,340
2533,4223.05982552709,4282.95350526252,1354.0908203125,340
2534,4242.19356332368,4283.15942636678,1354.0908203125,340
2535,4296.28829169947,4284.77940546873,1354.0908203125,340
2536,4232.0444820252,4280.02354104712,1354.0908203125,340
2537,4264.31348530333,4277.93338739622,1354.1318359375,340
2538,4338.70745523262,4278.35152532187,1354.1318359375,340
2539,4320.72399593991,4277.55099514631,1354.1318359375,340
2540,4251.61473983138,4275.38862968742,1354.1318359375,340
2541,4285.83500251118,4274.86309782452,1354.1318359375,340
2542,4288.03280010772,4272.93665314861,1354.1318359375,340
2543,4240.30682481177,4272.34399089523,1354.1318359375,340
2544,4298.15882588788,4286.04068960575,1354.1318359375,340
2545,4324.55307401265,4287.68150510716,1353.53369140625,340
2546,4320.27059281395,4288.80475846777,1353.53369140625,340
2547,4256.72150398907,4291.43361421696,1353.53369140625,340
2548,4216.64072024872,4287.30253242649,1353.53369140625,340
2549,4373.59244374467,4289.04573971306,1353.53369140625,340
2550,4294.93328054658,4289.50073293791,1353.53369140625,340
2551,4307.02289011019,4291.24155451555,1353.53369140625,340
2552,4263.22283454429,4291.52502420567,1353.53369140625,340
2553,4304.48232324065,4291.12990018086,1353.85681152344,340
2554,4318.8353850832,4289.92852156749,1353.85681152344,340
2555,4340.11491146201,4292.09594060317,1353.85681152344,340
2556,4352.69623513269,4292.28598425615,1353.85681152344,340
2557,4361.70350736556,4292.64275977982,1353.85681152344,340
2558,4313.93773466699,4296.27787614541,1353.85681152344,340
2559,4329.7676904309,4299.7808412297,1353.85681152344,340
2560,4367.88879289569,4302.64486127755,1353.85681152344,340
2561,4336.5098395253,4306.82347557756,1354.61987304688,340
2562,4214.2158414017,4304.81956982149,1354.61987304688,340
2563,4304.95422585941,4303.46944064656,1354.61987304688,340
2564,4306.34605572817,4302.89432303809,1354.61987304688,340
2565,4272.85183093358,4303.74380668218,1354.61987304688,340
2566,4331.21315650687,4305.55893284201,1354.61987304688,340
2567,4379.31662417381,4309.21028580465,1354.61987304688,340
2568,4299.25248166178,4311.56811207865,1354.61987304688,340
2569,4299.09990169054,4311.60575511076,1352.19860839844,340
2570,4358.74523697317,4312.97344162918,1352.19860839844,340
2571,4359.33089885158,4314.53585387069,1352.19860839844,340
2572,4293.28764855716,4315.99849965341,1352.19860839844,340
2573,4310.96799947843,4319.7715908226,1352.19860839844,340
2574,4350.72933019676,4318.85706628068,1352.19860839844,340
2575,4346.12296653262,4320.90465372012,1352.19860839844,340
2576,3946.5230589162,4306.48466047236,1352.19860839844,340
2577,4299.7225296643,4307.94464827716,1351.49548339844,340
2578,4304.414865622,4307.94194997242,1351.49548339844,340
2579,4321.72647090976,4308.05759340548,1351.49548339844,340
2580,4341.48999781835,4308.11259685973,1351.49548339844,340
2581,4274.39337328183,4304.9804823857,1351.49548339844,340
2582,4336.63540047884,4303.97775811023,1351.49548339844,340
2583,4119.0671003657,4296.18293273818,1351.49548339844,340
2584,4342.00981928399,4296.6726178923,1351.49548339844,340
2585,4359.50098215942,4296.33710546285,1353.5859375,340
2586,4341.01094853003,4296.51714982304,1353.5859375,340
2587,4326.69181994849,4301.01618896491,1353.5859375,340
2588,4327.83569128617,4301.93144758198,1353.5859375,340
2589,4345.61113291651,4303.50205066952,1353.5859375,340
2590,4292.37582007129,4304.28301023502,1353.5859375,340
2591,4300.48717200723,4303.05397085504,1353.5859375,340
2592,4385.51282623938,4303.30181893766,1353.5859375,340
2593,4249.0951666726,4301.2955263381,1353.09008789062,340
2594,4219.57615650324,4298.1145765306,1353.09008789062,340
2595,4271.78007836674,4294.63597018635,1353.09008789062,340
2596,4338.45167697465,4293.80080131127,1353.09008789062,340
2597,4291.66967445074,4293.73608234701,1353.09008789062,340
2598,4244.10242344722,4291.06145930576,1353.09008789062,340
2599,4379.14209285758,4292.1979698122,1353.09008789062,340
2600,4294.73031623324,4290.14226380022,1353.09008789062,340
2601,4250.96415048656,4302.31990746304,1352.37683105469,340
2602,4387.90299292387,4305.84712599342,1352.37683105469,340
2603,4314.31962550627,4306.24331638879,1352.37683105469,340
2604,4260.59977007366,4303.79824835534,1352.37683105469,340
2605,4188.88933328471,4297.694221774,1352.37683105469,340
2606,4278.11052965788,4297.84290802904,1352.37683105469,340
2607,4332.1247421809,4297.66248169712,1352.37683105469,340
2608,4289.27253981508,4304.4706992751,1352.37683105469,340
2609,4341.04626972948,4304.43215729292,1352.68298339844,340
2610,4382.24059606351,4305.34174184908,1352.68298339844,340
2611,4381.06299378276,4306.94382365919,1352.68298339844,340
2612,4340.19291399033,4307.48386742086,1352.68298339844,340
2613,4264.03879691597,4304.93199164606,1352.68298339844,340
2614,4291.94731003813,4302.78543873092,1352.68298339844,340
2615,4347.76881455087,4305.0011585101,1352.68298339844,340
2616,4269.75912115317,4303.77203647594,1352.68298339844,340
2617,4385.57543794065,4303.77454094399,1354.25341796875,340
2618,4317.07863635585,4306.49387973132,1354.25341796875,340
2619,4303.0046327168,4309.83101877987,1354.25341796875,340
2620,4382.94903114668,4314.27777689106,1354.25341796875,340
2621,4331.53449239415,4314.00108950784,1354.25341796875,340
2622,4296.10905925566,4314.17866490004,1354.25341796875,340
2623,4364.34140129773,4318.98822401406,1354.25341796875,340
2624,4315.87527004349,4316.4575511015,1354.25341796875,340
2625,4389.08149683818,4320.23159832569,1356.53161621094,340
2626,4393.71740926198,4325.94172867671,1356.53161621094,340
2627,4304.97558927523,4322.62463253077,1356.53161621094,340
2628,4296.63610709641,4321.91729179437,1356.53161621094,340
2629,4390.51570035945,4327.1139290058,1356.53161621094,340
2630,4250.29028743257,4329.56996717172,1356.53161621094,340
2631,4369.11807168354,4333.21026885274,1356.53161621094,340
2632,4367.80047447403,4334.63729814447,1356.53161621094,340
2633,4368.32517508304,4337.79940355519,1356.59948730469,340
2634,4247.12125513202,4334.04240297129,1356.59948730469,340
2635,4324.61179529545,4331.73725094057,1356.59948730469,340
2636,4368.52746618448,4331.23582983664,1356.59948730469,340
2637,4393.97604584748,4333.38715511092,1356.59948730469,340
2638,4356.41062598325,4337.08202827361,1356.59948730469,340
2639,4388.15819167212,4340.93046353897,1356.59948730469,340
2640,4270.20232598319,4337.82780399627,1356.59948730469,340
2641,4380.6024673088,4342.26153784249,1357.66967773438,340
2642,4043.7272995225,4328.58761230576,1357.66967773438,340
2643,4303.41851653335,4328.04120751286,1357.66967773438,340
2644,4389.6478459977,4331.5069360441,1357.66967773438,340
2645,4362.37423724309,4330.68394428796,1357.66967773438,340
2646,4377.46307898531,4332.5210877516,1357.66967773438,340
2647,4313.25462945914,4333.20691055974,1357.66967773438,340
2648,4389.69895835702,4334.22121284211,1357.66967773438,340
2649,4384.57260544587,4336.96910625821,1355.28796386719,340
2650,3941.3322089009,4319.05913474072,1355.28796386719,340
2651,4303.45629250983,4315.44869007063,1355.28796386719,340
2652,4377.957865032,4318.3679811009,1355.28796386719,340
2653,4278.61540726023,4317.64715310745,1355.28796386719,340
2654,4388.02092801657,4317.54736221374,1355.28796386719,340
2655,4259.7155616638,4317.92437318299,1355.28796386719,340
2656,4299.95507358215,4315.15785325893,1355.28796386719,340
2657,4341.38908489245,4314.10139767567,1357.97387695312,340
2658,4305.29759358096,4311.58029441559,1357.97387695312,340
2659,4311.32061093308,4314.14826864763,1357.97387695312,340
2660,4397.75832138828,4317.07412969134,1357.97387695312,340
2661,4359.34685719256,4316.70690533167,1357.97387695312,340
2662,4339.82518561105,4314.54087092221,1357.97387695312,340
2663,4363.40101057647,4314.82048630594,1357.97387695312,340
2664,4347.55060949201,4313.19618301873,1357.97387695312,340
2665,4358.72766956154,4316.73719676187,1359.35754394531,340
2666,4219.56758798508,4310.29580158892,1359.35754394531,340
2667,4283.31164696354,4319.87917548656,1359.35754394531,340
2668,4328.32199582711,4320.87531465831,1359.35754394531,340
2669,4345.98311537677,4319.12872543347,1359.35754394531,340
2670,4349.76820646525,4318.62448420236,1359.35754394531,340
2671,4368.62950285332,4318.27114115708,1359.35754394531,340
2672,4362.34532886003,4320.23476913311,1359.35754394531,340
2673,4177.90917639394,4311.76317785459,1362.96008300781,340
2674,4223.60458691245,4305.32445711325,1362.96008300781,340
2675,4358.77632992295,4322.02222195414,1362.96008300781,340
2676,4373.15403312667,4324.81013157881,1362.96008300781,340
2677,4346.91862863486,4323.56856212292,1362.96008300781,340
2678,4226.58921397856,4321.48751439166,1362.96008300781,340
2679,4361.81257354336,4320.43918021273,1362.96008300781,340
2680,4347.59882191976,4323.95451062297,1362.96008300781,340
2681,4157.38207358629,4318.25159062313,1361.11401367188,340
2682,4336.22677863296,4318.04509837275,1361.11401367188,340
2683,4246.51650796562,4315.69385494814,1361.11401367188,340
2684,4296.87560374338,4315.11605466055,1361.11401367188,340
2685,4200.24542692746,4307.21553888212,1361.11401367188,340
2686,4046.17405309491,4294.68862671821,1361.11401367188,340
2687,4340.64636439906,4294.72147386973,1361.11401367188,340
2688,4248.88095991481,4290.14067184327,1361.11401367188,340
2689,4248.37545134406,4286.17366551735,1363.412109375,340
2690,4297.27087454491,4283.71539371668,1363.412109375,340
2691,4129.64520691995,4280.11849847408,1363.412109375,340
2692,4297.15737991425,4280.67232779211,1363.412109375,340
2693,4133.81338354692,4272.8919833009,1363.412109375,340
2694,4312.55033634892,4271.55467213979,1363.412109375,340
2695,4006.88119090187,4257.83919151725,1363.412109375,340
2696,4242.04337420347,4252.77574637126,1363.412109375,340
2697,4337.14274600887,4251.76764305721,1363.59020996094,340
2698,4076.72425816521,4247.72024632806,1363.59020996094,340
2699,4360.71162424495,4253.20452782136,1363.59020996094,340
2700,4251.6439553104,4248.91923283686,1363.59020996094,340
2701,4207.44144920401,4242.29072947995,1363.59020996094,340
2702,4357.34350618202,4242.70772458184,1363.59020996094,340
2703,4049.50431118247,4235.62432846999,1363.59020996094,340
2704,4365.88746772354,4235.7873242372,1363.59020996094,340
2705,4293.20162766499,4233.61143646701,1364.93713378906,340
2706,4357.81394801468,4241.62871144415,1364.93713378906,340
2707,4315.9635183999,4240.81818103483,1364.93713378906,340
2708,4254.53818229249,4241.1390480079,1364.93713378906,340
2709,4335.73029107265,4242.69323550107,1364.93713378906,340
2710,4362.38349246604,4249.17875812261,1364.93713378906,340
2711,4357.129377739,4261.61697110838,1364.93713378906,340
2712,4291.04232305489,4259.63280945461,1364.93713378906,340
2713,4339.05665919545,4263.23983742583,1365.28002929688,340
2714,4356.78239137107,4267.57611502692,1365.28002929688,340
2715,4273.4135862635,4266.62182349566,1365.28002929688,340
2716,4260.49640898122,4271.85587157811,1365.28002929688,340
2717,4373.54974658322,4274.91156624487,1365.28002929688,340
2718,4321.65887087983,4282.42538573819,1365.28002929688,340
2719,4279.25349934659,4281.09351225809,1365.28002929688,340
2720,4347.36759404469,4294.71296838381,1365.28002929688,340
2721,4323.06973727489,4297.95402290667,1365.43823242188,340
2722,4254.6315782382,4294.65357619584,1365.43823242188,340
2723,4326.73717955068,4304.65409305126,1365.43823242188,340
2724,4363.42407134771,4304.76259093537,1365.43823242188,340
2725,4262.20328124241,4305.18496397265,1365.43823242188,340
2726,4311.86760432424,4309.36201017746,1365.43823242188,340
2727,4342.89810980959,4308.78419432256,1365.43823242188,340
2728,4345.70717565958,4320.63230890164,1365.43823242188,340
2729,4200.90505292911,4314.03301230987,1366.94384765625,340
2730,4127.6293164752,4307.41011986228,1366.94384765625,340
2731,4380.42175617591,4308.31443218872,1366.94384765625,340
2732,4253.678027836,4305.82301256617,1366.94384765625,340
2733,4316.74770695482,4308.31139355266,1366.94384765625,340
2734,4341.33135811827,4308.53543623449,1366.94384765625,340
2735,4353.82283802605,4308.19301005689,1366.94384765625,340
2736,4360.23148542409,4308.31709436429,1366.94384765625,340
2737,4340.290460833,4310.28701987542,1367.06506347656,340
2738,4298.11714205608,4308.64943918984,1367.06506347656,340
2739,4331.45949799365,4307.63652345474,1367.06506347656,340
2740,4338.89613849705,4310.25582554408,1367.06506347656,340
2741,4218.01784002158,4308.5566827857,1367.06506347656,340
2742,4290.6691500846,4305.24145892575,1367.06506347656,340
2743,4327.95519146658,4305.49331174922,1367.06506347656,340
2744,4343.21339028652,4308.05170738682,1367.06506347656,340
2745,4204.95625981658,4302.3552540177,1365.22290039062,340
2746,4234.0931223153,4298.79618941931,1365.22290039062,340
2747,4357.18793979911,4302.89844388175,1365.22290039062,340
2748,4320.16990086705,4302.6357527344,1365.22290039062,340
2749,4293.84425634342,4299.85256013423,1365.22290039062,340
2750,4325.2497454549,4302.37441870273,1365.22290039062,340
2751,4328.59129980117,4303.04336652181,1365.22290039062,340
2752,4307.67559650905,4301.63446598979,1365.22290039062,340
2753,4363.53619723554,4302.34762685283,1362.8642578125,340
2754,4351.67727414354,4308.3785157014,1362.8642578125,340
2755,4324.5996199657,4316.25732784102,1362.8642578125,340
2756,4333.0518889856,4314.36253315341,1362.8642578125,340
2757,4169.77009801769,4311.00621596068,1362.8642578125,340
2758,4243.93779706068,4308.09381956491,1362.8642578125,340
2759,4361.20715806977,4308.88885156297,1362.8642578125,340
2760,4328.99603545767,4307.89577946024,1362.8642578125,340
2761,4347.80336601095,4307.39865468371,1363.02990722656,340
2762,4244.6807420577,4303.5742659327,1363.02990722656,340
2763,4294.15386432524,4303.41573482347,1363.02990722656,340
2764,4268.92705057691,4300.9144369268,1363.02990722656,340
2765,4277.40407060456,4298.4547542111,1363.02990722656,340
2766,4345.09500311774,4303.53784073494,1363.02990722656,340
2767,4320.74044063078,4304.74069235679,1363.02990722656,340
2768,4185.47345736157,4299.04142299259,1363.02990722656,340
2769,4282.95557731301,4296.63111047365,1358.39868164062,340
2770,3905.1836787282,4284.64020723011,1358.39868164062,340
2771,4241.63350972643,4284.94182272656,1358.39868164062,340
2772,4321.25223041516,4283.5043943512,1358.39868164062,340
2773,4275.22311715874,4281.70652300287,1358.39868164062,340
2774,3875.41782531038,4264.96946576155,1358.39868164062,340
2775,4214.13190101902,4260.52475198411,1358.39868164062,340
2776,4306.73973347085,4259.6506893309,1358.39868164062,340
2777,4152.43399502847,4253.44102527168,1357.18530273438,340
2778,4065.81337860363,4241.5321125264,1357.18530273438,340
2779,4298.59547275325,4239.40884047079,1357.18530273438,340
2780,4257.20728398552,4236.71314703158,1357.18530273438,340
2781,4328.168917199,4236.51782816012,1357.18530273438,340
2782,4348.36841857568,4243.66176098244,1357.18530273438,340
2783,4191.94077494132,4241.58188009766,1357.18530273438,340
2784,4273.78267535938,4238.08490078925,1357.18530273438,340
2785,3884.19564731509,4220.29288526354,1355.82116699219,340
2786,4355.2769934176,4220.59183035981,1355.82116699219,340
2787,4340.62375640417,4224.42955093367,1355.82116699219,340
2788,4373.49328271406,4227.60312766922,1355.82116699219,340
2789,4215.33002604319,4225.45924668787,1355.82116699219,340
2790,4289.26507630852,4225.93368691603,1355.82116699219,340
2791,4352.36530531816,4226.22449900405,1355.82116699219,340
2792,4216.25934516517,4222.04525518542,1355.82116699219,340
2793,4267.0024759767,4225.30641593003,1355.16125488281,340
2794,4290.5469455817,4225.61007066078,1355.16125488281,340
2795,4312.52182013578,4241.90359631708,1355.16125488281,340
2796,4257.8486404305,4242.55220154524,1355.16125488281,340
2797,4172.24866277899,4236.59205883979,1355.16125488281,340
2798,4323.39040563585,4238.51875037888,1355.16125488281,340
2799,4262.63895290831,4254.0075954828,1355.16125488281,340
2800,4334.8391021012,4258.83588352608,1355.16125488281,340
2801,4253.6880740209,4256.71381714809,1355.28479003906,340
2802,4276.30707632358,4261.66874039989,1355.28479003906,340
2803,4207.509288464,4267.33657679431,1355.28479003906,340
2804,4331.77170789897,4268.66362620013,1355.28479003906,340
2805,4242.56319074331,4268.07786247045,1355.28479003906,340
2806,4350.03537788917,4268.95252089805,1355.28479003906,340
2807,4286.83354437586,4266.49112593006,1355.28479003906,340
2808,4333.42870939905,4272.15064330837,1355.28479003906,340
2809,4205.02484827468,4269.40033022498,1355.74755859375,340
2810,4317.17735866302,4286.7195986789,1355.74755859375,340
2811,4274.46492970298,4283.48711613031,1355.74755859375,340
2812,4197.23788580778,4277.75168130646,1355.74755859375,340
2813,4286.88984538822,4274.28754381342,1355.74755859375,340
2814,4220.41694209998,4274.4910204557,1355.74755859375,340
2815,4312.40918931911,4275.41678497612,1355.74755859375,340
2816,4312.66122857526,4273.8286219064,1355.74755859375,340
2817,4285.66797631272,4276.6049671523,1355.8095703125,340
2818,4297.34855806656,4277.8188104359,1355.8095703125,340
2819,4304.01577024898,4278.35756342259,1355.8095703125,340
2820,4327.71331161475,4278.96522308175,1355.8095703125,340
2821,4326.572800519,4281.71418948529,1355.8095703125,340
2822,4258.05862601775,4285.14658801484,1355.8095703125,340
2823,4304.56633433647,4284.39362516286,1355.8095703125,340
2824,4286.97834511552,4285.36720085115,1355.8095703125,340
2825,4318.7033363369,4284.72177022058,1354.8974609375,340
2826,4183.12947689682,4281.89942633562,1354.8974609375,340
2827,4295.69759322661,4282.67504701174,1354.8974609375,340
2828,4333.67027124577,4287.72148632301,1354.8974609375,340
2829,4309.03006928037,4286.81182077827,1354.8974609375,340
2830,4277.94489580521,4288.22708898074,1354.8974609375,340
2831,4228.32546713598,4283.35869255061,1354.8974609375,340
2832,4301.70077746688,4283.95338187425,1354.8974609375,340
2833,4338.83409002275,4284.1695970992,1353.08959960938,340
2834,4286.04111262431,4287.41024767319,1353.08959960938,340
2835,4212.68520147008,4283.23056138547,1353.08959960938,340
2836,4229.52713517284,4281.43304960426,1353.08959960938,340
2837,4331.99989937257,4286.82353014686,1353.08959960938,340
2838,4301.52789233699,4287.40905202481,1353.08959960938,340
2839,4221.33634133459,4287.44582799419,1353.08959960938,340
2840,4261.52486128087,4285.41045487266,1353.08959960938,340
2841,4231.29543768037,4282.15582323687,1354.34216308594,340
2842,4288.1571552354,4282.25539039377,1354.34216308594,340
2843,4270.56291478341,4281.18396466245,1354.34216308594,340
2844,4185.53396096211,4276.44469229097,1354.34216308594,340
2845,4273.71053307334,4274.28458114932,1354.34216308594,340
2846,4305.56898483169,4273.44442852182,1354.34216308594,340
2847,4338.86335124491,4276.67661753091,1354.34216308594,340
2848,4077.34753425053,4267.58786552747,1354.34216308594,340
2849,4295.21320998385,4267.91726012221,1352.6875,340
2850,4235.49671832453,4264.58899540171,1352.6875,340
2851,4146.53494588617,4263.12521416128,1352.6875,340
2852,4284.10374049408,4262.66146005198,1352.6875,340
2853,4290.2471004343,4260.92453321953,1352.6875,340
2854,4075.29251736634,4251.57503114296,1352.6875,340
2855,4073.47804445502,4243.39635708896,1352.6875,340
2856,4323.08923060206,4247.1869076276,1352.6875,340
2857,3936.5505759556,4232.58089956715,1351.79028320312,340
2858,4269.87139197353,4229.82239164518,1351.79028320312,340
2859,3939.28178212208,4215.95201842509,1351.79028320312,340
2860,3912.9392952069,4203.96218217456,1351.79028320312,340
2861,4063.54582165138,4197.3229296337,1351.79028320312,340
2862,4244.86606069328,4193.83757608653,1351.79028320312,340
2863,4223.08278142693,4190.69977165013,1351.79028320312,340
2864,4257.47920224005,4192.14548608635,1351.79028320312,340
2865,4002.93907577686,4181.80205466619,1350.12109375,340
2866,4071.65432954146,4175.41641034063,1350.12109375,340
2867,4096.50286765933,4167.75023883759,1350.12109375,340
2868,4042.96215133513,4158.64620829966,1350.12109375,340
2869,4256.76196111466,4161.49532830576,1350.12109375,340
2870,4280.25426337272,4161.75707751774,1350.12109375,340
2871,4003.43630091389,4149.67177016102,1350.12109375,340
2872,4111.91506714,4140.59383879683,1350.12109375,340
2873,4197.57238902663,4145.40283298787,1352.7255859375,340
2874,4098.6038966237,4137.53846045347,1352.7255859375,340
2875,4090.00162359376,4131.71865666423,1352.7255859375,340
2876,3765.49086893236,4116.47689358608,1352.7255859375,340
2877,4238.25639988636,4114.64299996177,1352.7255859375,340
2878,4209.30934931198,4111.40548991688,1352.7255859375,340
2879,4087.10468337786,4111.87797655734,1352.7255859375,340
2880,4140.14330412001,4114.54458694394,1352.7255859375,340
2881,4080.25899799792,4104.83137763978,1352.12951660156,340
2882,4197.2398453788,4115.2589484167,1352.12951660156,340
2883,4216.95583808803,4113.14232626128,1352.12951660156,340
2884,4268.446992711,4126.30893468484,1352.12951660156,340
2885,3677.10454485965,4116.87554467095,1352.12951660156,340
2886,4105.74222954635,4118.56340098675,1352.12951660156,340
2887,4272.91034764646,4119.68517246488,1352.12951660156,340
2888,4124.35364497666,4115.73600700686,1352.12951660156,340
2889,4147.53694650457,4111.33831677745,1351.28845214844,340
2890,4225.92846711755,4120.25789243107,1351.28845214844,340
2891,4153.68884465542,4123.53927303563,1351.28845214844,340
2892,4207.01948404212,4127.95993769094,1351.28845214844,340
2893,4085.43145129754,4129.65870968944,1351.28845214844,340
2894,4240.50275586067,4129.00834147928,1351.28845214844,340
2895,4289.46652828675,4129.37683207584,1351.28845214844,340
2896,4225.14122729204,4138.24502913097,1351.28845214844,340
2897,4141.35777851121,4139.42273758582,1352.98107910156,340
2898,4156.15183867997,4137.76591557195,1352.98107910156,340
2899,4023.97932098192,4134.78093254628,1352.98107910156,340
2900,4095.1942547387,4134.98863779208,1352.98107910156,340
2901,4120.40470642433,4149.18519129175,1352.98107910156,340
2902,4135.8967422741,4145.09080498726,1352.98107910156,340
2903,4173.92287238674,4143.67534591025,1352.98107910156,340
2904,4152.29400550514,4146.28291879535,1352.98107910156,340
2905,4220.6129801892,4149.50170583811,1350.37231445312,340
2906,3741.95662655812,4135.96961098052,1350.37231445312,340
2907,4042.15689360006,4129.76629290937,1350.37231445312,340
2908,4126.10604849035,4126.13230132546,1350.37231445312,340
2909,4270.33477159092,4126.20781248066,1350.37231445312,340
2910,4259.8284272419,4149.51676777595,1350.37231445312,340
2911,4155.76407971026,4151.51764178251,1350.37231445312,340
2912,4124.87187824433,4145.59610300642,1350.37231445312,340
2913,4260.29416664458,4151.03372387314,1345.97131347656,340
2914,4164.88407306763,4151.72760893566,1345.97131347656,340
2915,4179.26003825811,4149.86087178128,1345.97131347656,340
2916,4194.87146318593,4151.5081765225,1345.97131347656,340
2917,4242.3084287281,4152.91973430994,1345.97131347656,340
2918,4314.54240948871,4162.08417263759,1345.97131347656,340
2919,4278.04111853924,4163.58570714473,1345.97131347656,340
2920,4007.31223254173,4152.29953531493,1345.97131347656,340
2921,4226.96521198429,4152.37249470262,1341.24353027344,340
2922,4267.36435719034,4157.41275784979,1341.24353027344,340
2923,4078.99183068607,4154.32635753003,1341.24353027344,340
2924,3907.74241893366,4149.6768814481,1341.24353027344,340
2925,4284.8923066575,4157.26480352485,1341.24353027344,340
2926,4267.62425142087,4163.15358532472,1341.24353027344,340
2927,4053.41281139528,4159.85422808956,1341.24353027344,340
2928,4166.1828002431,4159.54462520382,1341.24353027344,340
2929,4106.82145484027,4157.72572317722,1339.27575683594,340
2930,4090.37300857076,4152.51612431248,1339.27575683594,340
2931,4155.83807060633,4169.07138207441,1339.27575683594,340
2932,4096.75794124348,4171.25542398015,1339.27575683594,340
2933,4073.96447730034,4169.16976113255,1339.27575683594,340
2934,4066.81062694362,4161.02879534666,1339.27575683594,340
2935,4159.37236608957,4157.01055290056,1339.27575683594,340
2936,4283.70743797088,4162.12828723099,1339.27575683594,340
2937,4202.10353167471,4165.2175533682,1339.24963378906,340
2938,4231.96056918894,4164.08420946998,1339.24963378906,340
2939,4133.84279226208,4162.84255823776,1339.24963378906,340
2940,4031.3718380176,4156.92703022813,1339.24963378906,340
2941,3942.50392541786,4146.83232871741,1339.24963378906,340
2942,4318.96213592698,4149.89847700537,1339.24963378906,340
2943,4315.94965576977,4149.95476685661,1339.24963378906,340
2944,3972.1496269219,4137.71910719192,1339.24963378906,340
2945,4209.88911125815,4145.82218234057,1338.8291015625,340
2946,3869.74169293187,4131.53324157848,1338.8291015625,340
2947,4180.18651527289,4128.04612790178,1338.8291015625,340
2948,4042.74235179254,4126.59614874604,1338.8291015625,340
2949,4279.23404710579,4141.45581387292,1338.8291015625,340
2950,4216.53031730267,4138.72133429873,1338.8291015625,340
2951,4198.84882911765,4135.9703174066,1338.8291015625,340
2952,4092.37856666854,4137.52894761753,1338.8291015625,340
2953,4238.60721458625,4140.42592419126,1333.361328125,340
2954,4198.55899259149,4144.09542570131,1333.361328125,340
2955,4253.66140395696,4150.62696151675,1333.361328125,340
2956,4102.70656736364,4148.50170138705,1333.361328125,340
2957,4133.48569014869,4149.97081134325,1333.361328125,340
2958,4190.56049187205,4154.63465192612,1333.361328125,340
2959,4330.96097407316,4165.20066581131,1333.361328125,340
2960,4002.2456839763,4158.91559852677,1333.361328125,340
2961,4284.20605764307,4158.93554331366,1334.8623046875,340
2962,4131.33645105174,4156.10486008874,1334.8623046875,340
2963,4198.36408323534,4154.7610006506,1334.8623046875,340
2964,4210.40704250209,4157.8235706602,1334.8623046875,340
2965,4278.70680835794,4167.71696947381,1334.8623046875,340
2966,4125.74500793439,4175.04661277447,1334.8623046875,340
2967,4125.76634169934,4167.31878100537,1334.8623046875,340
2968,4200.61298482589,4162.70531416761,1334.8623046875,340
2969,4256.73093876969,4174.08856664152,1335.77673339844,340
2970,4240.15916145474,4175.29936864939,1335.77673339844,340
2971,4319.24793130767,4193.27961818442,1335.77673339844,340
2972,4282.98345268397,4197.39149568086,1335.77673339844,340
2973,4284.02518140225,4207.04280886525,1335.77673339844,340
2974,4218.76664233699,4204.6241126745,1335.77673339844,340
2975,4089.83639901424,4199.55635594296,1335.77673339844,340
2976,4216.70564158657,4200.27062844172,1335.77673339844,340
2977,4267.25852130371,4207.26582662713,1336.73718261719,340
2978,4247.65260895521,4207.62764240188,1336.73718261719,340
2979,4291.38807404362,4211.34080565997,1336.73718261719,340
2980,4320.5899319904,4214.01794678131,1336.73718261719,340
2981,4336.27808808758,4223.36080761027,1336.73718261719,340
2982,4281.55672213112,4229.28364888956,1336.73718261719,340
2983,4179.75808048176,4228.85155243395,1336.73718261719,340
2984,4187.19834860675,4223.1010474153,1336.73718261719,340
2985,4308.22446727634,4235.3401987473,1339.8173828125,340
2986,4247.25445972775,4233.86213483068,1339.8173828125,340
2987,4188.90912890724,4236.1650419449,1339.8173828125,340
2988,4248.64274569944,4238.17618844347,1339.8173828125,340
2989,4221.29338110365,4238.61164198753,1339.8173828125,340
2990,4331.29430087179,4240.71514168808,1339.8173828125,340
2991,4287.51343165953,4247.18587863709,1339.8173828125,340
2992,4227.71459678396,4251.26380884047,1339.8173828125,340
2993,4270.70281681739,4254.06740212013,1342.49035644531,340
2994,4259.59298081085,4254.18188380178,1342.49035644531,340
2995,4310.49515034008,4256.99532335719,1342.49035644531,340
2996,4228.68395789126,4253.37276442054,1342.49035644531,340
2997,4255.73072176931,4252.28265518395,1342.49035644531,340
2998,4161.31446494727,4247.37422652575,1342.49035644531,340
2999,4285.69281773876,4250.05127354182,1342.49035644531,340
3000,4307.27934466811,4258.74899136798,1342.49035644531,340
