episode,reward,avg_reward,q0,steps
1,-199.933610191927,-199.933610191927,1.27053808682831e-05,340
2,-279.159595934681,-239.546603063304,1.27053808682831e-05,340
3,-373.412305552312,-284.168503892974,1.27053808682831e-05,340
4,-470.498291095125,-330.750950693511,1.27053808682831e-05,340
5,-957.887083242545,-456.178177203318,1.27053808682831e-05,340
6,-352.034685106912,-438.820928520584,1.27053808682831e-05,340
7,-782.309728467029,-487.890757084362,1.27053808682831e-05,340
8,22.2634539553537,-424.121480704397,1.27053808682831e-05,340
9,18.442391356055,-374.947717142125,-15.6580276489258,340
10,-620.151875109271,-399.468132938839,-15.6580276489258,340
11,-813.039082301405,-437.0654919718,-15.6580276489258,340
12,-270.431424202458,-423.179319657688,-15.6580276489258,340
13,-563.390149028094,-433.964768070796,-15.6580276489258,340
14,-269.025460928689,-422.183388989217,-15.6580276489258,157
15,-289.882131501877,-413.363305156728,-15.6580276489258,340
16,-799.939733246344,-437.524331912329,-15.6580276489258,340
17,-593.096615351249,-446.675642702854,-12.2910070419312,340
18,-169.553859287434,-431.279988068664,-12.2910070419312,340
19,-16.6241267028854,-409.455995365202,-12.2910070419312,340
20,-461.552582246419,-412.060824709262,-12.2910070419312,340
21,59.7729965658293,-389.592547505687,-12.2910070419312,340
22,-187.105896966419,-380.388608844811,-12.2910070419312,340
23,-222.75735541146,-373.535076086839,-12.2910070419312,143
24,-615.98566303746,-383.637183876448,-12.2910070419312,340
25,219.38251530406,-359.516395909228,10.3658685684204,340
26,-281.979563888506,-362.798234057091,10.3658685684204,340
27,-302.031953788131,-363.713128371229,10.3658685684204,340
28,-173.111492185729,-355.701095836566,10.3658685684204,327
29,-279.311580869174,-348.053627427528,10.3658685684204,340
30,-174.040361860158,-316.699758572232,10.3658685684204,340
31,-271.001326420491,-313.458424224775,10.3658685684204,340
32,-515.873788742499,-302.800986635794,10.3658685684204,340
33,25.7362559442869,-302.662074556237,35.5920333862305,340
34,-326.65000921943,-316.465770579256,35.5920333862305,340
35,86.6662759236918,-288.193044537938,35.5920333862305,340
36,97.2196201980631,-251.782696437959,35.5920333862305,340
37,-245.823635676455,-250.798384896919,35.5920333862305,340
38,-139.320938893741,-233.835616491545,35.5920333862305,340
39,-346.146734894834,-236.920467450191,35.5920333862305,340
40,-51.2667650065868,-227.375852790379,35.5920333862305,340
41,-0.198677069879135,-195.38621054332,75.7318267822266,340
42,57.0592948145263,-169.379974136689,75.7318267822266,340
43,-148.137853307411,-168.523333897488,75.7318267822266,326
44,-82.2785167898993,-171.149509500969,75.7318267822266,340
45,-53.1807409927894,-154.814635850824,75.7318267822266,340
46,-35.9844369771499,-158.644933192543,75.7318267822266,340
47,103.956240796427,-147.002447682029,75.7318267822266,340
48,-108.978120087357,-142.451278269065,75.7318267822266,340
49,-125.247996791433,-122.821771619224,132.126647949219,340
50,-441.694135049131,-149.264837633352,132.126647949219,340
51,-174.376431639527,-144.960712343392,132.126647949219,338
52,114.287779913615,-128.307922995323,132.126647949219,340
53,-317.93348437344,-134.100802682831,132.126647949219,340
54,-224.001505876865,-131.888399683139,132.126647949219,308
55,177.855957508663,-117.812546908386,132.126647949219,340
56,-125.439972353353,-111.9900927457,132.126647949219,340
57,-248.329000408099,-101.288301212324,151.880706787109,340
58,203.158395035447,-94.1914156486778,151.880706787109,287
59,68.8821793040934,-78.3701281077369,151.880706787109,340
60,177.399349663948,-74.7408051581267,151.880706787109,340
61,-218.097553011097,-87.3534920864931,151.880706787109,340
62,-79.0890422132588,-80.6841083479652,151.880706787109,340
63,-162.271599861381,-81.6021347866708,151.880706787109,326
64,-183.431054474141,-75.0935075698431,151.880706787109,322
65,123.74610554219,-68.092992747892,185.078948974609,224
66,52.9449676039246,-65.9672469609399,185.078948974609,340
67,-138.132919604654,-73.7749355377071,185.078948974609,333
68,-75.5655243077894,-70.8720423777222,185.078948974609,276
69,62.2688338392454,-65.0901483525564,185.078948974609,340
70,-90.3055988336885,-66.5751426661924,185.078948974609,340
71,92.6608366892642,-61.4293317195358,185.078948974609,204
72,17.7606400536547,-64.8771557492467,185.078948974609,204
73,-89.7170998660357,-64.1067149403938,207.648345947266,340
74,-224.616872700688,-68.0814699767641,207.648345947266,340
75,-188.118871558551,-57.9384594371409,207.648345947266,264
76,59.7011371810748,-48.5753566843168,207.648345947266,251
77,-55.4781502310796,-55.3659938901046,207.648345947266,209
78,4.97751345302396,-42.449553977046,207.648345947266,184
79,-199.358100545622,-41.4638177637963,207.648345947266,302
80,-69.8059012879141,-51.3702921156594,207.648345947266,202
81,-23.36754866409,-47.2873951680889,225.915908813477,299
82,-113.952157490301,-41.912321451377,225.915908813477,174
83,-180.220490358578,-57.247476867138,225.915908813477,340
84,-25.9352183948391,-61.0401727750953,225.915908813477,277
85,-271.098632902813,-78.9800920777657,225.915908813477,340
86,-528.119570716168,-91.3809727859685,225.915908813477,284
87,108.142592234665,-83.8917074080516,225.915908813477,252
88,-144.75654848739,-83.191105353092,225.915908813477,340
89,18.9925507839183,-75.0941611427696,239.339462280273,213
90,231.913151656576,-70.7674792981941,239.339462280273,180
91,-275.32625603576,-83.8983282437815,239.339462280273,340
92,237.063111733054,-68.8904869902732,239.339462280273,250
93,91.85027904242,-62.1938548562649,239.339462280273,251
94,137.413247710917,-59.188078301398,239.339462280273,266
95,154.553846614731,-49.3937004834612,239.339462280273,199
96,234.98123857089,-43.7008844081962,239.339462280273,207
97,249.605890249232,-34.4270744003731,242.692932128906,224
98,7.03697327598081,-30.5569114746924,242.692932128906,340
99,158.553763273589,-15.2300860357213,242.692932128906,239
100,-118.06553671998,-12.4279526421785,242.692932128906,340
101,-61.9220406399598,-17.2928797550199,242.692932128906,244
102,-86.0181704115493,-18.5144805622387,242.692932128906,340
103,115.513965652534,-14.0930224742583,242.692932128906,340
104,266.865122164317,4.55590643413928,242.692932128906,220
105,108.970242357969,11.7069521799746,245.831085205078,216
106,-33.5050459493203,11.3014522885654,245.831085205078,278
107,116.471313550597,20.5183911302013,245.831085205078,181
108,162.280089637554,34.2184143300466,245.831085205078,340
109,2.49728076091586,35.3557142962768,245.831085205078,275
110,119.462553870782,50.9781617672206,245.831085205078,213
111,90.7102844818122,75.7313559751398,245.831085205078,224
112,287.238442736297,82.8951899952051,245.831085205078,181
113,216.816912900043,97.3581284507024,245.451843261719,203
114,122.346776494368,101.49229747912,245.451843261719,189
115,-26.3939971848541,91.1600115254632,245.451843261719,250
116,171.800946803177,109.045099639021,245.451843261719,220
117,-30.1315175532477,98.3573144675686,245.451843261719,216
118,230.851317876249,103.917356020922,245.451843261719,340
119,114.800065403415,103.012828728622,245.451843261719,228
120,-247.245635131298,86.9408494587806,245.451843261719,340
121,-26.0646186428751,76.4990151702299,239.793762207031,235
122,138.066357230857,72.0374338494949,239.793762207031,340
123,267.613340439668,82.4604885360424,239.793762207031,193
124,231.749130008801,85.3883032054509,239.793762207031,196
125,45.8540905556014,91.9450882964742,239.793762207031,247
126,-112.347890009949,89.9280543216746,239.793762207031,280
127,186.564542010112,100.831362818541,239.793762207031,239
128,17.019667211669,96.8915908809064,239.793762207031,210
129,-7.44083778355527,85.9193524829915,237.015869140625,340
130,235.222194187344,90.9694305561666,237.015869140625,221
131,63.8827179496712,94.8649411121262,237.015869140625,230
132,63.5276532684067,92.7471947008386,237.015869140625,197
133,169.969709040955,93.0547794769746,237.015869140625,201
134,-64.381306872408,90.3796359716417,237.015869140625,278
135,619.906579984926,110.397397016207,237.015869140625,340
136,6.2445531620048,107.018767763415,237.015869140625,223
137,184.059539898949,102.891611649921,240.124130249023,340
138,266.903515808605,104.895075766264,240.124130249023,214
139,235.45152369829,109.419265654421,240.124130249023,198
140,30.6551593050616,111.701231914017,240.124130249023,205
141,-431.635669856555,87.5637672476279,240.124130249023,340
142,193.128091795653,96.4941516215839,240.124130249023,192
143,150.183667415085,93.2674456031373,240.124130249023,253
144,200.958398196728,96.7137789148699,240.124130249023,207
145,147.349193004905,112.497572040318,253.558654785156,231
146,71.4670084699677,116.398837124832,253.558654785156,256
147,162.479784510838,117.375374216031,253.558654785156,176
148,188.277523105692,114.201941522672,253.558654785156,185
149,-112.626968422589,100.426897585416,253.558654785156,340
150,197.443988713258,106.490493511723,253.558654785156,207
151,179.388247826851,118.159939025195,253.558654785156,225
152,173.002103566599,117.617441487454,253.558654785156,204
153,193.587658520965,124.680161139826,277.852661132812,191
154,228.201890948233,134.105870289097,277.852661132812,340
155,-71.7552649828366,121.82677192229,277.852661132812,340
156,257.827681917544,129.584570481005,277.852661132812,340
157,133.971740565429,132.402333972886,277.852661132812,208
158,359.774777970386,139.994536730063,277.852661132812,340
159,29.3210930281507,143.742632726086,277.852661132812,340
160,104.61738705699,123.131065008968,277.852661132812,289
161,388.978703708196,138.440431030816,286.294982910156,340
162,11.4329556655364,131.535367661479,286.294982910156,257
163,121.997480262321,125.739126239628,286.294982910156,242
164,416.823092088032,132.993988975218,286.294982910156,340
165,110.641391695015,136.193438270816,286.294982910156,340
166,-37.1617897305566,151.972393475856,286.294982910156,311
167,546.647923304663,166.113186736216,286.294982910156,340
168,334.047263798238,173.467730591542,286.294982910156,340
169,174.097740880553,172.393304298895,302.281066894531,340
170,145.029340975168,172.300510217706,302.281066894531,340
171,204.601480158916,177.625889085264,302.281066894531,308
172,194.639029377575,178.912258879933,302.281066894531,337
173,247.612192002682,181.285645635813,302.281066894531,340
174,149.601706291035,191.774792624358,302.281066894531,340
175,433.074857826658,201.200027388894,302.281066894531,340
176,157.085408237348,200.307913805314,302.281066894531,340
177,397.041530068664,209.269490865396,323.966644287109,340
178,-39.7863450600885,199.934530722154,323.966644287109,340
179,412.126207447732,207.291503382134,323.966644287109,340
180,372.319851747723,225.054508051356,323.966644287109,326
181,213.598809935146,223.285353172061,323.966644287109,340
182,84.4078814626653,221.30279880795,323.966644287109,282
183,396.486009024789,222.771248050126,323.966644287109,284
184,457.8049256647,239.910601355588,323.966644287109,340
185,501.989335396419,255.805479289165,334.770446777344,340
186,219.482701236651,249.025639190303,334.770446777344,228
187,393.034035887956,264.2896823992,334.770446777344,320
188,254.780369275536,269.600997959729,334.770446777344,311
189,447.124740017931,270.813063876925,334.770446777344,303
190,381.515151421646,281.64801426599,334.770446777344,340
191,357.429521178135,297.431666702338,334.770446777344,283
192,617.182649531966,300.25305575143,334.770446777344,340
193,146.406347750764,292.747419109531,362.558807373047,219
194,324.61058122964,298.767932723494,362.558807373047,296
195,334.34970438982,306.34074726008,362.558807373047,285
196,36.8310015747995,299.629928116716,362.558807373047,340
197,372.894595082976,306.760150744932,362.558807373047,281
198,492.684641985849,316.563048744259,362.558807373047,265
199,169.237390229124,317.348476101782,362.558807373047,307
200,492.458669766494,319.723828579376,362.558807373047,332
201,339.978023730776,327.039533199113,394.212310791016,331
202,535.782932832002,332.589189309646,394.212310791016,303
203,404.950093151922,350.378646838127,394.212310791016,243
204,245.36796018025,343.708316947427,394.212310791016,270
205,290.237213973232,340.425011436448,394.212310791016,271
206,137.249198230245,337.371026968252,394.212310791016,248
207,342.722587162976,347.703615196264,394.212310791016,294
208,467.331329598882,350.537428019228,394.212310791016,308
209,352.302601285885,346.317335044075,422.091339111328,226
210,256.872565536514,336.512664249679,422.091339111328,274
211,231.79128548447,337.005007619592,422.091339111328,321
212,261.638450495387,331.749184203889,422.091339111328,331
213,275.081365464784,332.561224051459,422.091339111328,242
214,-132.425182354499,309.379227156562,422.091339111328,340
215,194.549215111503,301.900589704156,422.091339111328,300
216,348.868584515931,301.558152237668,422.091339111328,336
217,697.23179749985,304.760118156383,447.025939941406,340
218,409.901836604863,315.299937710547,447.025939941406,306
219,20.7108736373764,303.143949406856,447.025939941406,232
220,276.871685973498,300.844828670203,447.025939941406,286
221,326.551991909552,312.433668283594,447.025939941406,254
222,513.645547198452,318.063706368213,447.025939941406,287
223,230.132846574249,307.561634551749,447.025939941406,239
224,377.94065168229,315.909765009875,447.025939941406,258
225,465.681882486911,314.838693518692,459.498748779297,310
226,267.677531765523,311.946673840082,459.498748779297,340
227,744.121855138926,320.280230732359,459.498748779297,340
228,525.065824558755,325.084859988632,459.498748779297,319
229,509.92441691975,335.667118258212,459.498748779297,302
230,520.211817090283,344.866102382894,459.498748779297,340
231,114.551499198648,343.95819442163,459.498748779297,336
232,317.026739675835,342.930360522145,459.498748779297,340
233,400.294659606263,340.24889372244,479.6142578125,335
234,259.749117246981,336.546754360884,479.6142578125,283
235,606.473184310029,350.530779111824,479.6142578125,340
236,446.107833093949,359.103441016204,479.6142578125,310
237,517.867399339975,369.352598969987,479.6142578125,340
238,830.969960778203,391.588142782524,479.6142578125,340
239,382.838222564452,412.198678979282,479.6142578125,340
240,387.923551871123,419.933652449667,479.6142578125,336
241,845.551163002669,439.800955589136,491.650024414062,340
242,371.584206458919,426.775051947499,491.650024414062,301
243,414.379743651322,426.954168229357,491.650024414062,332
244,437.465761036921,443.624363725339,491.650024414062,310
245,569.509099079089,455.329860249563,491.650024414062,293
246,590.531380259115,465.889035783545,491.650024414062,340
247,292.16987815218,457.030009021694,491.650024414062,340
248,404.552767458951,464.006805857082,491.650024414062,340
249,809.228429615719,481.25831697442,497.906921386719,340
250,863.138372800689,497.156576586971,497.906921386719,340
251,638.683468820871,511.996814069185,497.906921386719,340
252,470.922032222632,501.068821152533,497.906921386719,275
253,1217.12970586929,528.751376404954,497.906921386719,340
254,543.548244364882,530.09632950276,497.906921386719,340
255,710.874456100191,537.722835063156,497.906921386719,340
256,814.478740583202,565.719924718538,497.906921386719,340
257,804.460093238157,585.217258861031,501.204254150391,340
258,488.527732255983,588.74658176702,501.204254150391,302
259,664.893657192151,604.952363364826,501.204254150391,340
260,1090.32660123936,624.306500042,501.204254150391,340
261,758.987704385357,636.821694893656,501.204254150391,340
262,158.884663892108,622.462385475741,501.204254150391,340
263,885.170741641041,624.630416710255,501.204254150391,340
264,422.972497360438,626.235787702094,501.204254150391,340
265,852.780481832115,644.830064900534,509.949951171875,340
266,1095.12278933326,654.812929953758,509.949951171875,340
267,693.47452538981,667.688542710993,509.949951171875,340
268,873.823582040654,686.066296246567,509.949951171875,340
269,746.448882102582,698.425621089193,509.949951171875,340
270,516.055136660855,696.287462592464,509.949951171875,340
271,1173.24647635822,719.596066436428,509.949951171875,340
272,492.565337353157,727.611884804467,509.949951171875,340
273,984.004312119434,750.789946590886,528.794311523438,340
274,1198.69290447677,766.368525585328,528.794311523438,340
275,752.790028057683,761.954591795608,528.794311523438,340
276,773.022912637143,767.328169548259,528.794311523438,340
277,875.9499706952,783.529287087162,528.794311523438,340
278,840.346705294304,768.457967064162,528.794311523438,340
279,986.365303629039,786.170649434729,528.794311523438,340
280,1291.40117272024,809.391718099531,528.794311523438,340
281,1261.50577324858,827.272799406146,538.037658691406,340
282,1089.12428323813,838.659367006145,538.037658691406,340
283,907.539182337728,855.419825009414,538.037658691406,340
284,1330.55331335723,882.046211256018,538.037658691406,340
285,1197.49952383155,886.333128159705,538.037658691406,340
286,1561.65081594133,918.439652621944,538.037658691406,340
287,746.819371632893,941.957040931576,538.037658691406,340
288,968.679246579468,945.297381129113,538.037658691406,340
289,1221.86828206789,977.253212517411,548.610778808594,340
290,1052.36745597712,985.236691483211,548.610778808594,340
291,1117.09682129326,986.115652761611,548.610778808594,340
292,779.410379528623,989.553086927163,548.610778808594,340
293,1739.59721550601,1024.18403226578,548.610778808594,340
294,1152.11758841893,1040.41078051843,548.610778808594,340
295,1368.48017304985,1074.50778197399,548.610778808594,340
296,1172.1349232741,1074.46331985063,548.610778808594,340
297,1561.41366114936,1117.21725280248,557.298950195312,340
298,1494.03275474749,1137.6183905076,557.298950195312,340
299,1743.4223388811,1159.40756788377,557.298950195312,340
300,1469.75140049613,1188.08602278131,557.298950195312,340
301,1894.07332214693,1232.9280391617,557.298950195312,340
302,1633.5596656572,1263.23242696018,557.298950195312,340
303,1506.48356602782,1289.87790138952,557.298950195312,340
304,1454.76874114853,1308.6140388903,557.298950195312,340
305,1586.99294611414,1320.43770982606,571.072265625,340
306,1286.34193350064,1321.43115623614,571.072265625,340
307,1522.29162127849,1338.75784975775,571.072265625,340
308,1198.66968386573,1350.40306981887,571.072265625,340
309,1433.42809325715,1354.51806101487,571.072265625,340
310,1442.52658930075,1364.31914363364,571.072265625,340
311,1408.98558214528,1358.21253428179,571.072265625,340
312,1288.61369811374,1379.88430734103,571.072265625,340
313,1621.68555442758,1406.00455965495,589.426208496094,340
314,1755.42024870908,1427.3466383206,589.426208496094,340
315,1623.48132095397,1450.19119291967,589.426208496094,340
316,1462.74074977008,1464.01695005875,589.426208496094,340
317,1579.89966380208,1496.03652142969,589.426208496094,340
318,1399.56435587968,1482.43520704463,589.426208496094,340
319,1723.72082953381,1505.29933668923,589.426208496094,340
320,761.423080810773,1481.01705299966,589.426208496094,340
321,1361.82546019651,1488.60467447656,603.235412597656,340
322,1802.71179340149,1498.25659976665,603.235412597656,340
323,1574.30614273771,1501.46753528625,603.235412597656,340
324,1510.9855471713,1492.17006361786,603.235412597656,340
325,1533.37610342216,1494.7150517349,603.235412597656,340
326,1494.95160068936,1478.7501828766,603.235412597656,340
327,1562.43781753311,1475.90530895164,603.235412597656,340
328,1478.26047567577,1474.77638533756,603.235412597656,340
329,1919.52350920724,1493.3665760599,619.872375488281,340
330,2098.90696719581,1513.84313690317,619.872375488281,340
331,1261.43656593639,1512.8469222006,619.872375488281,340
332,1840.31675146398,1525.56792740802,619.872375488281,340
333,1616.18416457686,1542.26850663647,619.872375488281,340
334,1334.92147788206,1538.32824202146,619.872375488281,340
335,1725.01692360485,1549.62785539363,619.872375488281,340
336,1310.02648127856,1545.66949135896,619.872375488281,340
337,1718.08311053042,1562.84826785562,637.512817382812,340
338,1936.23629123888,1575.43029732808,637.512817382812,340
339,1810.62125429553,1577.63833755153,637.512817382812,340
340,1442.90276988291,1570.41519550869,637.512817382812,340
341,1819.36934868268,1584.6803394652,637.512817382812,340
342,1665.20744712067,1588.09265079794,637.512817382812,340
343,1730.06179739777,1601.31254845866,637.512817382812,340
344,1688.33936669464,1599.8972899451,637.512817382812,340
345,1593.83597159739,1633.19380557656,651.094177246094,340
346,1445.5195955886,1636.54157099225,651.094177246094,340
347,1552.36416709612,1626.52766594003,651.094177246094,340
348,2103.82867622717,1647.70856727961,651.094177246094,340
349,1710.9333848517,1655.70648078683,651.094177246094,340
350,1739.61686884837,1663.95611140387,651.094177246094,340
351,1822.36017641065,1677.05245443273,651.094177246094,340
352,1813.48868734536,1687.09448922522,651.094177246094,340
353,1532.89813061664,1689.27999542285,664.251831054688,340
354,1870.30833537794,1687.31138846968,664.251831054688,340
355,2252.79815027536,1693.46703579286,664.251831054688,340
356,1869.17867256342,1717.77672005794,664.251831054688,340
357,1918.26227082733,1720.89454083248,664.251831054688,340
358,1936.16567951687,1733.69380143008,664.251831054688,340
359,1803.18273668836,1752.42425178233,664.251831054688,340
360,2241.41240432492,1773.08007101113,664.251831054688,340
361,2095.7596433123,1804.50939749248,680.31640625,340
362,1739.61334041847,1805.370606688,680.31640625,340
363,1997.19342074417,1807.80889186821,680.31640625,340
364,1943.69268759326,1813.13174920012,680.31640625,340
365,1728.14819402992,1824.541566166,680.31640625,340
366,1952.06368386828,1829.84933957343,680.31640625,340
367,1963.08815463588,1841.76456787404,680.31640625,340
368,1785.82577115965,1843.99512682451,680.31640625,340
369,1855.25903194015,1850.67191343433,702.548095703125,340
370,2105.79933910308,1871.15044813456,702.548095703125,340
371,2173.2771433293,1900.26075004419,702.548095703125,340
372,2163.86599471585,1924.72082314898,702.548095703125,340
373,1986.29478612063,1920.01946754471,702.548095703125,340
374,1940.6301427237,1929.20733785959,702.548095703125,340
375,1733.49565434696,1928.96248927954,702.548095703125,340
376,1760.44449162529,1926.48586188812,702.548095703125,340
377,1930.26548853526,1931.15693393572,718.125793457031,340
378,2153.92944820712,1955.99818663934,718.125793457031,340
379,2121.0835290832,1966.02919438755,718.125793457031,340
380,2306.82678524277,1968.19033978625,718.125793457031,340
381,2196.36734112725,1981.2778865288,718.125793457031,340
382,2261.85089214394,1995.02143138146,718.125793457031,340
383,2143.41728938059,2003.31149577601,718.125793457031,340
384,2257.81802829655,2021.49690744034,718.125793457031,340
385,2083.94311397339,2015.19813582628,730.427185058594,340
386,2168.72394025442,2018.11670770396,730.427185058594,340
387,2095.81816722423,2032.36490077619,730.427185058594,340
388,2052.85306289943,2034.5912864624,730.427185058594,340
389,2153.34274028913,2042.97728857024,730.427185058594,340
390,2055.77243322978,2056.08225813823,730.427185058594,340
391,1967.55324277968,2056.70184049469,730.427185058594,340
392,2061.39147636869,2060.633973364,730.427185058594,340
393,2193.4151330104,2076.93754783803,747.640563964844,340
394,1819.07742824866,2075.49028369037,747.640563964844,340
395,2209.17508129862,2079.62531337819,747.640563964844,340
396,2482.43154346434,2091.9914893836,747.640563964844,340
397,2328.74611142913,2098.58669405213,747.640563964844,340
398,2313.62674174153,2111.67997227696,747.640563964844,340
399,2223.96464003067,2123.01335216924,747.640563964844,340
400,2116.1702114011,2138.32033445141,747.640563964844,340
401,2056.1068111105,2150.14682723082,765.0166015625,340
402,1879.30681053866,2148.10848011095,765.0166015625,340
403,1630.50794359354,2127.17161992641,765.0166015625,340
404,2268.52688932341,2133.06935433602,765.0166015625,340
405,2516.53937308856,2141.45785784985,765.0166015625,340
406,2252.53283050968,2143.70447742515,765.0166015625,340
407,2207.99178460883,2141.55011312374,765.0166015625,340
408,2039.27308313964,2137.3843448741,765.0166015625,340
409,2522.98811647654,2147.9911484013,777.375549316406,340
410,2369.99267281025,2159.43313075478,777.375549316406,340
411,2449.04871905366,2170.64612190675,777.375549316406,340
412,2476.3285242617,2185.86653618825,777.375549316406,340
413,2279.74529587408,2194.94222550723,777.375549316406,340
414,2175.54423377811,2195.83028524679,777.375549316406,340
415,2255.31674516836,2203.81205772433,777.375549316406,340
416,2522.33812787607,2226.00345312819,777.375549316406,340
417,2470.91380630842,2242.38434632578,789.39453125,340
418,2425.11219852902,2251.65222894652,789.39453125,340
419,2334.98716245278,2272.28861831469,789.39453125,340
420,2105.7273280996,2268.15070818673,789.39453125,340
421,2143.99909108922,2254.61341009172,789.39453125,340
422,2349.02380238779,2255.42451773007,789.39453125,340
423,2278.9271116434,2254.03653252614,789.39453125,340
424,2081.0221280586,2248.31883204726,789.39453125,340
425,2387.3035372259,2259.16416508025,800.202819824219,340
426,2347.56572071183,2270.82252146431,800.202819824219,340
427,2378.88314657717,2290.80557490585,800.202819824219,340
428,2545.45912638008,2327.40362221731,800.202819824219,340
429,2469.28652473975,2335.43400763396,800.202819824219,340
430,2291.97550690043,2326.45145298644,800.202819824219,340
431,2595.02935698274,2340.15131404536,800.202819824219,340
432,2275.07008370055,2342.83444600903,800.202819824219,340
433,2260.84222052581,2351.69721150448,807.783569335938,340
434,2175.38944911088,2337.79326480985,807.783569335938,340
435,2278.37593839347,2334.12859543318,807.783569335938,340
436,2413.16282081128,2332.69315950348,807.783569335938,340
437,2655.41742189466,2339.8567154088,807.783569335938,340
438,2629.95060463661,2353.8649277593,807.783569335938,340
439,2334.61692927858,2360.22783557932,807.783569335938,340
440,2376.61341621603,2365.07970242123,807.783569335938,340
441,2367.61156237681,2358.89063980126,817.212280273438,340
442,2627.78894609409,2365.16564539268,817.212280273438,340
443,2678.92940634617,2375.31833370537,817.212280273438,340
444,2407.16324569389,2378.20537703501,817.212280273438,340
445,2464.04310458004,2392.53800809423,817.212280273438,340
446,2512.60473640528,2407.28223390687,817.212280273438,340
447,2406.47032308956,2409.58009473494,817.212280273438,340
448,2255.84427582865,2408.65678130235,817.212280273438,340
449,2695.61535150032,2433.24051024002,821.0439453125,340
450,2617.84654787015,2442.46223066579,821.0439453125,340
451,2651.01226468442,2454.6000924247,821.0439453125,340
452,2733.94669177401,2468.80263423257,821.0439453125,340
453,2608.87955573794,2471.33945140688,821.0439453125,340
454,2439.51184835215,2470.14846435138,821.0439453125,340
455,2573.62202998402,2481.41432527472,821.0439453125,340
456,2497.84096555214,2477.5267896175,821.0439453125,340
457,2540.43656122727,2488.14144871857,827.467834472656,340
458,2537.14132705207,2499.19341297962,827.467834472656,340
459,2483.2848577116,2511.50922932365,827.467834472656,340
460,2545.85000524645,2522.20819199777,827.467834472656,340
461,2337.50976415948,2519.18206973169,827.467834472656,340
462,2632.87080869803,2518.28020520383,827.467834472656,340
463,2205.33595252476,2501.29561911936,827.467834472656,340
464,2461.10864501842,2506.35528774895,827.467834472656,340
465,2043.26708599174,2493.02143453998,838.2529296875,340
466,2556.92501042383,2500.59397246186,838.2529296875,340
467,2349.88170805855,2489.47768294044,838.2529296875,340
468,2119.06894388796,2467.08326444211,838.2529296875,340
469,2202.22773285828,2458.88584392868,838.2529296875,340
470,2154.01328220144,2446.48465103354,838.2529296875,340
471,2086.71993595235,2429.44925901542,838.2529296875,340
472,2634.33448076292,2438.56382532236,838.2529296875,340
473,2623.63076711508,2453.27528497381,848.631286621094,340
474,2631.61062718086,2450.71509600104,848.631286621094,340
475,2740.60583064064,2455.62546731186,848.631286621094,340
476,2500.70975164866,2449.61336679043,848.631286621094,340
477,2284.92425742854,2431.65246941661,848.631286621094,340
478,2496.58267513286,2427.1605941924,848.631286621094,340
479,2599.43092257986,2433.55735716151,848.631286621094,340
480,2627.71521881186,2435.72108471463,848.631286621094,340
481,2539.76577602379,2437.39807713349,855.620788574219,340
482,2436.35303370765,2433.23473603271,855.620788574219,340
483,2642.77625859532,2437.46013329444,855.620788574219,340
484,2369.82214911875,2432.92162495072,855.620788574219,340
485,2387.79242018602,2426.5993215483,855.620788574219,340
486,2674.43821558222,2440.07645960521,855.620788574219,340
487,2516.22928861383,2435.41079880185,855.620788574219,340
488,2420.40939646223,2444.01373655935,855.620788574219,340
489,2542.42421303632,2447.26635928006,858.611267089844,340
490,2580.24894652175,2468.74563370126,858.611267089844,340
491,2590.53304637429,2470.08995513928,858.611267089844,340
492,2645.45121182521,2481.91273528995,858.611267089844,340
493,2758.6814696178,2507.49723631914,858.611267089844,340
494,2620.76398611917,2524.23868644958,858.611267089844,340
495,2473.74154642279,2537.02781701843,858.611267089844,340
496,2698.85446218992,2561.51319806793,858.611267089844,340
497,2706.86619705091,2564.41446671945,864.243896484375,340
498,2488.0443637533,2558.99101058498,864.243896484375,340
499,2538.831009984,2555.27982589711,864.243896484375,340
500,2632.97174387522,2550.97446242649,864.243896484375,340
501,2669.71303562779,2557.73459378566,864.243896484375,340
502,2586.3191214205,2569.79038834533,864.243896484375,340
503,2686.9317949343,2577.40435313739,864.243896484375,340
504,2690.26866660138,2581.03786289825,864.243896484375,340
505,2687.72857654134,2583.43839720743,868.691772460938,340
506,2677.71198748649,2588.95624566594,868.691772460938,340
507,2776.8613152406,2602.57657692726,868.691772460938,340
508,2695.60564554307,2604.68975240517,868.691772460938,340
509,2679.72257756168,2617.08576954288,868.691772460938,340
510,2736.18363537475,2631.02141815043,868.691772460938,340
511,2746.49369514935,2633.90363733312,868.691772460938,340
512,2747.18566616751,2643.14189243527,868.691772460938,340
513,2729.39965178723,2655.50150264827,875.102233886719,340
514,2688.11895623407,2661.32929237618,875.102233886719,340
515,2788.53575051618,2669.66076453595,875.102233886719,340
516,2717.22584275613,2674.72847639123,875.102233886719,340
517,2612.83346778172,2673.42376662949,875.102233886719,340
518,2806.53185117951,2675.33778189196,875.102233886719,340
519,2813.97540689226,2683.06623872288,875.102233886719,340
520,2768.28820723153,2694.84810515523,875.102233886719,340
521,2649.86329664523,2692.88845853344,878.950988769531,340
522,2676.67288412909,2691.68072601657,878.950988769531,340
523,2740.48732717984,2701.77844455363,878.950988769531,340
524,2781.32245833339,2711.47810248761,878.950988769531,340
525,2737.07733535422,2715.64232614677,878.950988769531,340
526,2811.86903029399,2721.32856593341,878.950988769531,340
527,2560.79487891438,2720.30759623317,878.950988769531,340
528,2763.473479452,2723.36926361388,878.950988769531,340
529,2777.38579004293,2726.85394855154,885.059814453125,340
530,2826.06642768351,2732.38746259723,885.059814453125,340
531,2833.70441833063,2738.62715983099,885.059814453125,340
532,2739.03173585225,2737.11397665546,885.059814453125,340
533,2560.76862782294,2731.72049594665,885.059814453125,340
534,2806.23870943937,2736.78114122176,885.059814453125,340
535,2654.70432739679,2733.52196890264,885.059814453125,340
536,2738.60476313449,2733.20641162205,885.059814453125,340
537,2813.68916874237,2735.86655172504,890.659301757812,340
538,2621.16528056389,2731.53717687611,890.659301757812,340
539,2786.3653553855,2735.46703284217,890.659301757812,340
540,2756.52618598978,2734.18665026111,890.659301757812,340
541,2621.80389828355,2730.36977248221,890.659301757812,340
542,2559.02885091958,2728.21758780772,890.659301757812,340
543,2776.58956221532,2727.01989624915,890.659301757812,340
544,2628.16560743967,2719.58750427105,890.659301757812,340
545,2762.5840833372,2719.35933931528,898.453979492188,340
546,2834.116328301,2726.72946058151,898.453979492188,340
547,2829.65934048694,2732.84891883582,898.453979492188,340
548,2677.78510726913,2730.34083003939,898.453979492188,340
549,2697.83152806223,2727.00119282855,898.453979492188,340
550,2809.15559832103,2729.88432334722,898.453979492188,340
551,2730.65621960778,2726.63581091977,898.453979492188,340
552,2693.31913193136,2731.93678104045,898.453979492188,340
553,2799.31817739802,2733.37056895829,903.37744140625,340
554,2745.03836703789,2732.07667203809,903.37744140625,340
555,2782.98535861115,2730.3534292752,903.37744140625,340
556,2803.3635059421,2729.13979277966,903.37744140625,340
557,2777.49359676247,2730.67826721606,903.37744140625,340
558,2806.06943275527,2740.49029941336,903.37744140625,340
559,2806.2670288561,2740.49143219003,903.37744140625,340
560,2837.91624909823,2747.81990905808,903.37744140625,340
561,2813.06260280772,2750.79822264501,905.273071289062,340
562,2784.90687877456,2749.6469310463,905.273071289062,340
563,2811.17639791594,2757.24737574038,905.273071289062,340
564,2835.81705920005,2759.22544389296,905.273071289062,340
565,2774.74937506187,2759.95437145585,905.273071289062,340
566,2849.7329368543,2769.07153299868,905.273071289062,340
567,2782.27270289508,2778.0012870777,905.273071289062,340
568,2801.86787304143,2779.01241951074,905.273071289062,340
569,2833.96440518919,2787.24437142072,906.143920898438,340
570,2859.34015144798,2791.11461414515,906.143920898438,340
571,2825.0176081951,2790.75066534092,906.143920898438,340
572,2839.2743626903,2791.13526622905,906.143920898438,340
573,2824.75398341286,2797.0140212748,906.143920898438,340
574,2844.27026386627,2802.87157070696,906.143920898438,340
575,2828.33224629075,2803.63863662575,906.143920898438,340
576,2742.69433098294,2804.12016108076,906.143920898438,340
577,2782.93943016607,2807.70497301015,907.473876953125,340
578,2768.61034610671,2806.47665975849,907.473876953125,340
579,2744.67134067251,2806.46197870388,907.473876953125,340
580,2859.29870512166,2809.5145125643,907.473876953125,340
581,2766.85077007628,2808.05400312967,907.473876953125,340
582,2897.59980948777,2812.85825163868,907.473876953125,340
583,2855.64965696344,2814.841460607,907.473876953125,340
584,2811.22891265797,2815.03993595908,907.473876953125,340
585,2884.91848800476,2816.92002551534,909.79931640625,340
586,2859.09747507491,2818.76142040603,909.79931640625,340
587,2859.90590156933,2821.76138131782,909.79931640625,340
588,2898.81772983211,2825.26703459447,909.79931640625,340
589,2888.76723691453,2827.38504170304,909.79931640625,340
590,2745.55253386937,2826.21716805534,909.79931640625,340
591,2877.046707833,2827.30971889449,909.79931640625,340
592,2839.37048429705,2829.59363015057,909.79931640625,340
593,2938.7610048212,2835.06935542176,912.453002929688,340
594,2875.83014905521,2836.7439851764,912.453002929688,340
595,2881.61674004289,2837.6350487202,912.453002929688,340
596,2884.16230555656,2840.00083661466,912.453002929688,340
597,2866.29658259661,2841.08172541091,912.453002929688,340
598,2855.62148916,2842.3164256408,912.453002929688,340
599,2788.05583139703,2840.06784834203,912.453002929688,340
600,2899.694334246,2842.92233186024,912.453002929688,340
601,2870.60365393042,2848.03870477814,913.778991699219,340
602,2886.0128362537,2852.16164102164,913.778991699219,340
603,2780.79508798799,2852.64903069689,913.778991699219,340
604,2907.54124752442,2859.16382697097,913.778991699219,340
605,2950.83944116595,2862.82545641274,913.778991699219,340
606,2912.42504969228,2868.64842759738,913.778991699219,340
607,2742.28415686828,2862.4358014926,913.778991699219,340
608,2917.15215779418,2864.89590152583,913.778991699219,340
609,2929.13664132457,2869.61221067249,914.341003417969,340
610,2850.52793738884,2868.23658864786,914.341003417969,340
611,2940.31472811864,2871.48527876961,914.341003417969,340
612,2931.7600967972,2874.35944657872,914.341003417969,340
613,2894.8941762719,2874.20250443631,914.341003417969,340
614,2918.29941625066,2875.38379160976,914.341003417969,340
615,2875.61824790358,2880.58642017113,914.341003417969,340
616,2910.5887065863,2881.92810012126,914.341003417969,340
617,2903.61927551848,2884.49805177012,915.835266113281,340
618,2910.66813699199,2883.37433705695,915.835266113281,340
619,2928.11894762944,2885.46588899992,915.835266113281,340
620,2919.58006625466,2886.98442204839,915.835266113281,340
621,2911.57756523261,2888.08103243543,915.835266113281,340
622,2904.74240216258,2889.61886521807,915.835266113281,340
623,2884.24629870825,2890.7638576,915.835266113281,340
624,2923.44603835385,2896.17946587827,915.835266113281,340
625,2923.0039644638,2897.11185108698,916.638000488281,340
626,2830.47655604328,2895.5067671715,916.638000488281,340
627,2946.72909650947,2897.93541758173,916.638000488281,340
628,2939.58262733864,2904.28691915575,916.638000488281,340
629,2811.14858756684,2900.43121275745,916.638000488281,340
630,2956.6392106513,2900.66320353687,916.638000488281,340
631,2981.15550911154,2903.41242191364,916.638000488281,340
632,2947.10853529763,2911.60539705081,916.638000488281,340
633,2942.03300673373,2912.60063100839,920.723571777344,340
634,2956.23600995694,2913.68460575369,920.723571777344,340
635,2954.21003786286,2917.83188977265,920.723571777344,340
636,2919.63234429352,2917.00459441964,920.723571777344,340
637,2960.55712648105,2918.156475607,920.723571777344,340
638,2919.54250838516,2919.14240889153,920.723571777344,340
639,2945.78127530365,2920.24168325365,920.723571777344,340
640,2951.33284185053,2923.27026701152,920.723571777344,340
641,2978.15073760676,2925.97274825234,921.138061523438,340
642,2996.27714286516,2929.67906294621,921.138061523438,340
643,2954.81009718686,2931.444741354,921.138061523438,340
644,2959.99833424565,2932.71991681865,921.138061523438,340
645,2974.8707578506,2934.93154448249,921.138061523438,340
646,2950.14872935169,2936.47439104725,921.138061523438,340
647,2989.03450435672,2939.84607513502,921.138061523438,340
648,2968.4088922357,2943.21257887612,921.138061523438,340
649,2932.77764585628,2943.58584317621,924.731079101562,340
650,2942.36241067038,2944.36018102448,924.731079101562,340
651,3015.55328552141,2951.7632502036,924.731079101562,340
652,2796.1452325608,2945.73989564566,924.731079101562,340
653,2951.38705381181,2946.21207270458,924.731079101562,340
654,2861.04339082632,2948.20786483496,924.731079101562,340
655,2732.29264953919,2939.23400239048,924.731079101562,340
656,2887.54945905447,2935.48976038819,924.731079101562,340
657,2687.80403555236,2925.11758039838,927.305053710938,340
658,2819.31603223932,2920.20890141861,927.305053710938,340
659,2960.18892428893,2920.36701799189,927.305053710938,340
660,2893.94435920315,2917.9563908455,927.305053710938,340
661,2972.30336832386,2920.06323180671,927.305053710938,340
662,2973.92212064005,2920.59783157307,927.305053710938,340
663,2889.45549741611,2919.39435113431,927.305053710938,340
664,2705.91048528305,2909.79951953349,927.305053710938,340
665,2955.5932432094,2909.96993558784,928.328918457031,340
666,2836.33602808644,2904.29734720703,928.328918457031,340
667,2972.2954312537,2903.33807874257,928.328918457031,340
668,2924.94754722164,2902.14357674396,928.328918457031,340
669,2950.25938533182,2901.75401878741,928.328918457031,340
670,2952.19077516259,2900.84681947989,928.328918457031,340
671,2856.18384925599,2897.08822427606,928.328918457031,340
672,2989.05894239484,2897.08920179758,928.328918457031,340
673,2980.64707372634,2897.57872905721,928.506652832031,340
674,2950.55948097315,2898.29000246188,928.506652832031,340
675,2863.5556582923,2895.13773236676,928.506652832031,340
676,2861.75428991225,2888.98577254239,928.506652832031,340
677,2892.81555395075,2892.85258539799,928.506652832031,340
678,2926.70070144197,2891.8651313032,928.506652832031,340
679,2829.58591581418,2890.60683230271,928.506652832031,340
680,2953.91787849686,2899.47184146102,928.506652832031,340
681,2940.54611763,2901.59170780404,926.335510253906,340
682,2904.20842631947,2910.24788343473,926.335510253906,340
683,2901.00020717722,2913.51525043224,926.335510253906,340
684,2981.85977008344,2914.38208426402,926.335510253906,340
685,2974.47133987206,2917.60316349078,926.335510253906,340
686,2961.86248603534,2917.18552819924,926.335510253906,340
687,2927.88397939623,2915.34400254949,926.335510253906,340
688,2937.89547098311,2917.28160149217,926.335510253906,340
689,2941.65894918796,2926.71154004836,928.303527832031,340
690,2958.66209780107,2926.83429423203,928.303527832031,340
691,2953.55570378938,2931.52308126015,928.303527832031,340
692,2958.75658605668,2930.98152745227,928.303527832031,340
693,2908.5244432375,2930.3246032929,928.303527832031,340
694,2948.55688063468,2930.25650310501,928.303527832031,340
695,2936.18738606382,2929.61636754106,928.303527832031,340
696,3017.89705409684,2936.0848957347,928.303527832031,340
697,2979.06348886963,2935.68507759369,928.9931640625,340
698,2951.44603361892,2934.51703598939,928.9931640625,340
699,2940.97007493387,2934.13345974782,928.9931640625,340
700,2918.77392335848,2936.34219035047,928.9931640625,340
701,2954.46286828939,2940.05053348555,928.9931640625,340
702,2870.50318218717,2939.15803861501,928.9931640625,340
703,2997.33191287365,2941.98328707228,928.9931640625,340
704,2973.88560804582,2947.75527476154,928.9931640625,340
705,2710.69148229302,2938.02621891339,930.225952148438,340
706,2933.34587760041,2937.73820931221,930.225952148438,340
707,2960.6641503346,2939.99643827281,930.225952148438,340
708,2860.19984864582,2938.36442393156,930.225952148438,340
709,2941.19394970561,2936.73779111644,930.225952148438,340
710,2876.41517501078,2932.81554452199,930.225952148438,340
711,2943.50926580214,2932.08141571266,930.225952148438,340
712,2975.9153385487,2934.00267007876,930.225952148438,340
713,2751.79404252858,2926.55861294058,931.364013671875,340
714,2970.02226947098,2927.6931457519,931.364013671875,340
715,2858.06171125792,2923.66913029018,931.364013671875,340
716,2812.99837724673,2918.04683722847,931.364013671875,340
717,2679.86160008066,2906.89103778943,931.364013671875,340
718,2905.13900637165,2906.7556203148,931.364013671875,340
719,2693.73693266064,2896.56282239583,931.364013671875,340
720,2854.24317553066,2893.28505397451,931.364013671875,340
721,2937.47702990456,2890.06825300682,934.645874023438,340
722,2912.36348903667,2887.4002530135,934.645874023438,340
723,2942.78493805408,2887.0538091909,934.645874023438,340
724,2852.3047603958,2883.50719660938,934.645874023438,340
725,2967.0233594004,2885.43717405106,934.645874023438,340
726,2889.24772081488,2882.82856815208,934.645874023438,340
727,2818.26680278331,2880.73911297592,934.645874023438,340
728,2930.19974915853,2878.05382642732,934.645874023438,340
729,2940.63276668881,2876.72371277304,936.679443359375,340
730,2909.14745266671,2884.66195158799,936.679443359375,340
731,2921.60366315672,2884.19226301024,936.679443359375,340
732,2947.21367099639,2883.65424383671,936.679443359375,340
733,2986.49720714924,2888.70613817685,936.679443359375,340
734,2926.38147323531,2888.11363911804,936.679443359375,340
735,2938.84177434448,2890.61070309138,936.679443359375,340
736,2966.2600795335,2891.52073564064,936.679443359375,340
737,2991.2255406943,2892.13314372646,936.890747070312,340
738,2896.42142827721,2897.91823915641,936.890747070312,340
739,2957.95487651569,2897.4355434382,936.890747070312,340
740,2896.44850819287,2898.97101531559,936.890747070312,340
741,3026.18521740538,2907.49848892194,936.890747070312,340
742,2849.40314940123,2914.28015089476,936.890747070312,340
743,2896.15915661967,2913.92095690468,936.890747070312,340
744,2812.65011078301,2918.67748402958,936.890747070312,340
745,2749.4853346507,2914.48717039438,940.107055664062,340
746,2853.68413786449,2911.13545471278,940.107055664062,340
747,2821.29275104658,2907.49262519317,940.107055664062,340
748,2877.82459582916,2904.89421150418,940.107055664062,340
749,2733.10772214402,2900.1263299741,940.107055664062,340
750,2828.50383365948,2894.58554894447,940.107055664062,340
751,2619.35997420999,2883.79003908027,940.107055664062,340
752,2785.74987643676,2882.48936202641,940.107055664062,340
753,2674.61374459947,2872.26592184405,946.03564453125,340
754,2666.34830063464,2861.29454320188,946.03564453125,340
755,2467.40970592088,2843.62503333205,946.03564453125,340
756,2743.86033485348,2836.51530019992,946.03564453125,340
757,2754.37703749853,2828.80183486,946.03564453125,340
758,2392.70732994451,2805.05023977181,946.03564453125,340
759,2610.26886325383,2792.40573537255,946.03564453125,340
760,2741.45949596848,2784.51044423751,946.03564453125,340
761,2563.08631404436,2768.38349361795,935.193054199219,340
762,2585.25273963678,2752.14458157565,935.193054199219,340
763,2449.04885897701,2734.24967880364,935.193054199219,340
764,2623.66239318402,2720.87797947037,935.193054199219,340
765,2697.42757299849,2712.9171420626,935.193054199219,340
766,2460.05063468871,2690.27175875393,935.193054199219,340
767,2324.97010754386,2669.29443707964,935.193054199219,340
768,2571.67216012116,2656.3149572197,935.193054199219,340
769,1701.31094966791,2611.86139077509,942.40771484375,340
770,2099.74610923448,2585.87182175844,942.40771484375,340
771,2278.2404737741,2562.85407519483,942.40771484375,340
772,1932.31518355043,2527.29497249498,942.40771484375,340
773,1866.89210766396,2486.85767296837,942.40771484375,340
774,2320.98340193295,2470.37270015993,942.40771484375,340
775,2090.82224234649,2440.86543650741,942.40771484375,340
776,2081.27628346842,2419.34208887775,942.40771484375,340
777,1694.91038081114,2375.70850905272,941.966979980469,340
778,1964.45876219784,2347.30230975666,941.966979980469,340
779,1668.41749229506,2307.38507742308,941.966979980469,340
780,1873.85493174784,2283.64288645615,941.966979980469,340
781,1954.46246043249,2252.06697147931,941.966979980469,340
782,2170.78349833171,2228.72322991264,941.966979980469,340
783,1755.09593941624,2203.21877429151,941.966979980469,340
784,1745.34366492337,2168.62176635829,941.966979980469,340
785,1706.06453946819,2127.20596809828,945.429260253906,340
786,1820.39796381398,2097.49843408906,945.429260253906,340
787,1813.08422646397,2066.61169356215,945.429260253906,340
788,1919.76283140691,2045.44025245935,945.429260253906,340
789,1578.86006100258,2003.64815917209,945.429260253906,340
790,1856.65679323168,1970.01732798142,945.429260253906,340
791,1809.78744558924,1944.00680041744,945.429260253906,340
792,1934.86952097975,1928.40277695488,945.429260253906,340
793,1607.66860318976,1889.84263467762,948.227172851562,340
794,1866.290793221,1896.44182841974,948.227172851562,340
795,1688.77841197185,1880.00312052924,948.227172851562,340
796,1762.77761459028,1859.38460616189,948.227172851562,340
797,1829.7235148709,1855.2809394147,948.227172851562,340
798,1806.507278083,1852.86554623147,948.227172851562,340
799,1824.27825986261,1832.99734054865,948.227172851562,340
800,1655.19158699821,1815.57211433472,948.227172851562,340
801,2069.01266774638,1815.08156970584,951.922058105469,340
802,1775.3884862096,1818.30069392178,951.922058105469,340
803,2034.10301941134,1821.08646421032,951.922058105469,340
804,1850.08153939717,1828.3530260944,951.922058105469,340
805,2069.09573908939,1836.16265838806,951.922058105469,340
806,2034.87424484264,1839.37912976447,951.922058105469,340
807,1927.76716802106,1829.65847655204,951.922058105469,340
808,2127.14483539311,1844.54043239112,951.922058105469,340
809,2001.7934790496,1854.79842495617,947.739685058594,340
810,1956.90788970628,1864.83215896569,947.739685058594,340
811,1942.36168732264,1869.71070790604,947.739685058594,340
812,1766.30583880022,1867.83957239949,947.739685058594,340
813,1644.97102538653,1856.84790015867,947.739685058594,340
814,1825.89279677301,1866.72920958949,947.739685058594,340
815,1654.88732324337,1858.65843078996,947.739685058594,340
816,2002.63394300915,1866.37229068675,947.739685058594,340
817,1760.89361191579,1859.4132543242,942.874694824219,340
818,1904.7613914468,1871.29696585448,942.874694824219,340
819,1336.47392036129,1850.10429094009,942.874694824219,340
820,1844.45449996306,1856.33133445974,942.874694824219,340
821,1634.91229390666,1851.21672163239,942.874694824219,340
822,1781.03521903079,1849.26918979879,942.874694824219,340
823,2149.61485624492,1862.99349292526,942.874694824219,340
824,1676.65195174035,1857.08844060037,942.874694824219,340
825,584.266348031065,1814.25143104169,907.52392578125,340
826,1033.10439015173,1772.8150999379,907.52392578125,340
827,627.163746555135,1726.88611035172,907.52392578125,340
828,619.410474172108,1670.29840854215,907.52392578125,340
829,813.099805984963,1628.81913920567,907.52392578125,340
830,988.152570409661,1585.58141245848,907.52392578125,340
831,485.921499468621,1523.62330264352,907.52392578125,340
832,737.729287597805,1476.02178742659,907.52392578125,340
833,-623.125445869765,1366.01097617607,765.408264160156,340
834,-772.680585203352,1255.03201360595,765.408264160156,340
835,-829.096841889675,1143.59182434211,765.408264160156,340
836,-497.718391207548,1045.98862120091,765.408264160156,340
837,-557.540787487786,953.034756149387,765.408264160156,340
838,-976.71866178541,848.16716866251,765.408264160156,340
839,-742.530910274825,745.430220380596,765.408264160156,340
840,-739.559455439173,649.652349233294,765.408264160156,340
841,-701.487641027638,541.487485871823,561.535339355469,340
842,-491.817027554228,451.379060293022,561.535339355469,340
843,-577.15216630044,352.102517983133,561.535339355469,340
844,-548.90502461325,276.687360184151,561.535339355469,340
845,-573.79643375369,179.957322835481,561.535339355469,340
846,-682.958639009837,87.2424855188213,561.535339355469,340
847,-682.056404611895,-11.2811794268859,561.535339355469,340
848,-364.719887131665,-111.854569161949,561.535339355469,340
849,-221.792428091003,-187.792344355204,352.861785888672,340
850,-394.757458403454,-226.953296612584,352.861785888672,340
851,-237.398002984543,-277.773392338035,352.861785888672,340
852,-552.782904271965,-324.971258371119,352.861785888672,340
853,-299.714061265089,-361.736239788607,352.861785888672,340
854,-312.50087295292,-406.760266946123,352.861785888672,340
855,-358.076172338636,-460.609416656054,352.861785888672,340
856,-405.443301152115,-496.264008680884,352.861785888672,340
857,-222.160418169028,-534.659596911557,247.46076965332,340
858,-245.688301865935,-519.562111151404,247.46076965332,340
859,-269.143095047249,-499.42061154516,247.46076965332,340
860,-215.734843382932,-474.88613160489,247.46076965332,340
861,-217.440162152082,-463.675002442671,247.46076965332,340
862,-198.719124118378,-449.322135907895,247.46076965332,340
863,-224.885513182572,-419.248809963782,247.46076965332,340
864,-193.684767855245,-397.294964266998,247.46076965332,340
865,-187.370834956558,-375.207419447694,158.606353759766,340
866,-185.197821064619,-354.555826649173,158.606353759766,340
867,-169.051909907355,-341.645221943298,158.606353759766,340
868,-193.854717905467,-326.313324007499,158.606353759766,340
869,-301.557947816488,-316.419440935629,158.606353759766,340
870,-277.214478976418,-304.556162744538,158.606353759766,340
871,-150.242707451544,-283.247525482206,158.606353759766,340
872,-185.509082516498,-263.38563259839,158.606353759766,340
873,61.6492085995206,-246.330868769143,89.4659729003906,340
874,-93.7683710458127,-241.209906487335,89.4659729003906,340
875,-141.461905188687,-231.078084358745,89.4659729003906,340
876,-153.177060682249,-227.709246666653,89.4659729003906,340
877,51.705999864079,-203.529690501211,89.4659729003906,340
878,169.807117080802,-184.748843367376,89.4659729003906,340
879,-148.168602069084,-178.175552532022,89.4659729003906,340
880,-184.775983449179,-171.243544976444,89.4659729003906,340
881,9.39649132886159,-154.649953277205,56.5414619445801,340
882,-159.941944168596,-152.161214317188,56.5414619445801,340
883,460.306240266669,-123.921432631883,56.5414619445801,340
884,73.936220017587,-110.19826002929,56.5414619445801,340
885,-154.245796186604,-107.738698141437,56.5414619445801,340
886,-169.745712394283,-105.830920151125,56.5414619445801,340
887,-161.327602569167,-104.335259289156,56.5414619445801,340
888,-143.585232082293,-101.083248045145,56.5414619445801,340
889,136.380937293549,-87.8806198391934,46.3993530273438,340
890,97.704045228798,-76.4776246317792,46.3993530273438,340
891,-170.282818579625,-75.8810245323794,46.3993530273438,340
892,187.273149773054,-61.6280221451631,46.3993530273438,340
893,519.651104242756,-33.0877892592342,46.3993530273438,340
894,-153.798794125024,-27.1774231115756,46.3993530273438,340
895,225.737182076639,-7.05935666945328,46.3993530273438,340
896,-36.1112459216269,-2.49409820825659,46.3993530273438,340
897,254.03629044099,15.0877167100429,53.5535736083984,340
898,308.858154057902,24.9760745283782,53.5535736083984,340
899,486.826158910981,48.1998557266499,53.5535736083984,340
900,477.772768304363,72.9692426663719,53.5535736083984,340
901,313.411234253984,91.6327744638212,53.5535736083984,340
902,237.285233820478,99.0559438220772,53.5535736083984,340
903,338.743328391519,105.813392274506,53.5535736083984,340
904,256.280617710554,121.991361065691,53.5535736083984,340
905,282.038182216579,140.663927692322,83.0622711181641,340
906,370.799124044983,155.120033000967,83.0622711181641,340
907,192.319087375421,169.210474262727,83.0622711181641,340
908,-139.748732606812,145.208275347788,83.0622711181641,340
909,399.852942320686,158.244944239912,83.0622711181641,340
910,508.989157623914,184.774342392333,83.0622711181641,340
911,383.051828136323,206.886244013557,83.0622711181641,340
912,-123.078767092384,208.416197432628,83.0622711181641,340
913,574.712387751952,237.148102225998,150.732528686523,340
914,476.337748457664,250.746374672563,150.732528686523,340
915,361.847172673249,261.312099770341,150.732528686523,340
916,178.06288181523,275.245927786135,150.732528686523,340
917,313.632439082124,280.300299358498,150.732528686523,340
918,390.72041130879,275.143071641139,150.732528686523,340
919,146.243436395921,287.144760861977,150.732528686523,340
920,599.566208006644,302.097921899177,150.732528686523,340
921,447.141905708279,321.428047964373,189.047576904297,340
922,462.280968555924,329.757835088971,189.047576904297,340
923,775.600815413385,348.42754154319,189.047576904297,340
924,568.102122615291,351.678580091362,189.047576904297,340
925,471.050649179429,351.409695326365,189.047576904297,340
926,473.939673090034,357.830832879807,189.047576904297,340
927,556.018584299542,370.58016689897,189.047576904297,340
928,558.348449018735,379.364371724058,189.047576904297,340
929,461.464187469275,387.571714514407,227.963577270508,340
930,543.671606837443,398.037051499242,227.963577270508,340
931,511.148455072305,403.651024740335,227.963577270508,340
932,235.774862198523,405.389255733259,227.963577270508,340
933,644.281546502135,436.750466897617,227.963577270508,340
934,277.707582205492,431.864652493009,227.963577270508,340
935,297.287025668076,423.396567214775,227.963577270508,340
936,484.845338033796,427.468307610674,227.963577270508,340
937,525.302849487149,453.403572273856,255.510604858398,340
938,341.913999950075,444.09163676178,255.510604858398,340
939,719.870707095931,453.832955107311,255.510604858398,340
940,595.45417127752,463.177235051482,255.510604858398,340
941,504.029043483313,476.215881518205,255.510604858398,340
942,775.884856327056,494.705978208003,255.510604858398,340
943,500.715618373811,499.105786490603,255.510604858398,340
944,724.947968651398,522.253967780822,255.510604858398,340
945,644.299082591527,524.043282764218,282.629821777344,340
946,549.561338799306,528.140060087859,282.629821777344,340
947,577.123218844894,532.733750099418,282.629821777344,340
948,432.335966466506,519.003156141542,282.629821777344,340
949,663.479991503905,522.818270897087,282.629821777344,340
950,879.601584053664,539.160308292056,282.629821777344,340
951,758.254154169183,550.532887535222,282.629821777344,340
952,648.618523503215,554.236885103369,282.629821777344,340
953,847.537940094621,565.804464746405,303.149200439453,340
954,655.569322136975,573.568670133113,303.149200439453,340
955,584.169592178738,575.188589546765,303.149200439453,340
956,709.274103742897,583.113615493588,303.149200439453,340
957,1456.62107313559,631.947463931071,303.149200439453,340
958,658.059521058009,632.498582913306,303.149200439453,340
959,516.528004279829,642.051399796279,303.149200439453,340
960,751.751951662234,660.229996836046,303.149200439453,340
961,804.419584279025,673.012966685855,325.160064697266,340
962,564.807106616703,674.593136971037,325.160064697266,340
963,613.695421874818,685.464393848027,325.160064697266,340
964,556.207430942184,678.917862801877,325.160064697266,340
965,693.003505537866,682.819836172291,325.160064697266,340
966,643.84532668515,688.412487500364,325.160064697266,340
967,550.35584781535,679.391327159896,325.160064697266,340
968,698.173485052455,687.289641827042,325.160064697266,340
969,438.685324957621,675.839136079291,352.191467285156,340
970,1412.60642605162,706.571429817695,352.191467285156,340
971,426.732129575317,701.658261448735,352.191467285156,340
972,390.117182768101,694.178020005663,352.191467285156,340
973,806.630986627197,709.149820812091,352.191467285156,340
974,845.551298844974,716.432673105734,352.191467285156,340
975,1017.19040326962,721.936225874372,352.191467285156,340
976,439.421561911716,709.182922184073,352.191467285156,340
977,704.991840468288,711.437854862676,364.109924316406,340
978,853.49434825644,711.676111189149,364.109924316406,340
979,1515.77192732325,746.0842153966,364.109924316406,340
980,1948.5541191058,800.659596473682,364.109924316406,340
981,847.959395495882,806.207008143802,364.109924316406,340
982,1383.71092904932,803.290602380351,364.109924316406,340
983,840.795754434605,810.600051715415,364.109924316406,340
984,1742.67067867268,859.645758691129,364.109924316406,340
985,1575.59186062201,892.59935504952,384.177825927734,340
986,754.472241255255,890.601461328569,384.177825927734,340
987,1827.92732992123,941.12627026075,384.177825927734,340
988,1649.81311135541,982.570977839974,384.177825927734,340
989,648.005363156762,986.242895128557,384.177825927734,340
990,1713.91636210784,1027.07940939136,384.177825927734,340
991,629.162060481093,1026.49207874319,384.177825927734,340
992,1518.79929873555,1065.22981678,384.177825927734,340
993,1238.1118424841,1086.82735107727,407.859375,340
994,1720.1258485391,1138.08497202053,407.859375,340
995,775.55141297154,1112.60277149732,407.859375,340
996,1291.95800923611,1147.21180668376,407.859375,340
997,1143.70963272079,1177.35550468186,407.859375,340
998,490.481622811697,1164.70953012924,407.859375,340
999,797.995743991527,1162.8073079351,407.859375,340
1000,767.015940228448,1152.80032941346,407.859375,340
1001,1059.69539880682,1177.61128288926,420.846038818359,340
1002,1714.09381401042,1217.97536183095,420.846038818359,340
1003,1793.55789857926,1255.57790384386,420.846038818359,340
1004,681.688246364201,1222.2145566055,420.846038818359,340
1005,1360.21986352925,1198.68118638244,420.846038818359,340
1006,973.811956559258,1203.71528882497,420.846038818359,340
1007,1191.60684799246,1196.0311255827,420.846038818359,340
1008,1778.00295906793,1233.51941376803,420.846038818359,340
1009,1382.43838315044,1219.11012194714,435.477569580078,340
1010,1761.33174087217,1226.53971715715,435.477569580078,340
1011,1578.9267336473,1259.51789685283,435.477569580078,340
1012,1994.54514587647,1266.18260949104,435.477569580078,340
1013,1752.53624663559,1270.29153490224,435.477569580078,340
1014,2479.28087792862,1343.54255549312,435.477569580078,340
1015,868.956407446918,1309.74415730668,435.477569580078,340
1016,1216.33074172309,1333.23090455636,435.477569580078,340
1017,1701.03970372941,1340.52052075612,459.162536621094,340
1018,1784.82897456781,1362.38920603946,459.162536621094,340
1019,1838.10124138556,1367.10822175332,459.162536621094,340
1020,1281.87302211085,1387.36108611889,459.162536621094,340
1021,1854.52846653569,1409.86390441088,459.162536621094,340
1022,2404.88996099414,1460.31111754181,459.162536621094,340
1023,2031.05681193722,1521.93412510683,459.162536621094,340
1024,2397.00871357485,1585.89464389017,459.162536621094,340
1025,2073.64344728146,1638.15974417229,472.237060546875,340
1026,1249.53853282953,1645.75346953319,472.237060546875,340
1027,1329.05130776274,1630.35176928329,472.237060546875,340
1028,1593.30087259109,1622.34148824376,472.237060546875,340
1029,1868.45684193187,1669.81223206647,472.237060546875,340
1030,1709.27282221879,1683.77435041405,472.237060546875,340
1031,1333.78976807655,1698.17346287474,472.237060546875,340
1032,1828.14770893671,1723.63509731251,472.237060546875,340
1033,1694.59607333103,1720.29882188304,488.023681640625,340
1034,1679.8578185352,1732.19559929843,488.023681640625,340
1035,1115.25499338137,1706.35252939879,488.023681640625,340
1036,2091.62131307652,1726.86031257596,488.023681640625,340
1037,1453.0834588149,1705.2018450935,488.023681640625,340
1038,1208.68729580254,1683.44788706018,488.023681640625,340
1039,1306.56630975585,1636.53930433327,488.023681640625,340
1040,1939.06484359844,1679.34364177933,488.023681640625,340
1041,1366.42221585273,1685.34730074451,499.889495849609,340
1042,1851.92229441315,1691.38260437186,499.889495849609,340
1043,1809.60670169137,1692.37371345681,499.889495849609,340
1044,1855.20185650747,1693.05773806168,499.889495849609,340
1045,1493.91907633138,1701.5395802305,499.889495849609,340
1046,1200.51556441371,1675.37906414562,499.889495849609,340
1047,1954.28554710229,1657.35488758995,499.889495849609,340
1048,1154.16792458133,1622.27933209571,499.889495849609,340
1049,2293.71475018107,1618.14757355996,515.745483398438,340
1050,2074.47422235068,1618.18080456273,515.745483398438,340
1051,1656.11940003177,1634.44403925082,515.745483398438,340
1052,1499.55634921471,1641.2642409089,515.745483398438,340
1053,2466.67452785305,1676.19918711938,515.745483398438,340
1054,1404.40268393289,1657.63702079942,515.745483398438,340
1055,1940.45920035021,1666.88447592468,515.745483398438,340
1056,2124.59819318029,1698.51681292883,515.745483398438,340
1057,2180.48677151947,1712.61037543214,526.485534667969,340
1058,1854.48985912586,1719.00612686393,526.485534667969,340
1059,1517.12145982141,1712.49667251538,526.485534667969,340
1060,1621.63073696521,1732.75170225873,526.485534667969,340
1061,1377.80134294236,1704.19890345336,526.485534667969,340
1062,1455.67477499446,1704.30255610055,526.485534667969,340
1063,2540.94007485623,1757.59266726269,526.485534667969,340
1064,1548.3702331111,1767.2648241969,526.485534667969,340
1065,2714.69811399871,1798.29015501292,545.606262207031,340
1066,2094.02933459074,1827.39443976244,545.606262207031,340
1067,1584.0792260349,1816.68071702731,545.606262207031,340
1068,1861.9553883071,1818.77466449194,545.606262207031,340
1069,1666.12203637572,1811.21147168666,545.606262207031,340
1070,1378.06330108558,1806.57724067683,545.606262207031,340
1071,1186.19634455443,1806.00447188246,545.606262207031,340
1072,1044.84121791262,1769.62669871488,545.606262207031,340
1073,2110.14954309329,1807.86596345535,560.501831054688,340
1074,2055.84126949377,1798.35102422786,560.501831054688,340
1075,1960.88526497926,1793.807465933,560.501831054688,340
1076,543.861534515069,1749.31715131234,560.501831054688,340
1077,2002.40860794915,1769.43124166171,560.501831054688,340
1078,2318.86986036013,1763.519054962,560.501831054688,340
1079,1961.59067409368,1785.80657456843,560.501831054688,340
1080,2309.30222560663,1800.56029557869,560.501831054688,340
1081,2128.7298562158,1800.72556210011,574.449645996094,340
1082,2364.50150981424,1808.0861516319,574.449645996094,340
1083,1113.92687625406,1778.46363231703,574.449645996094,340
1084,2076.67614956279,1800.84581990668,574.449645996094,340
1085,1863.2338143598,1810.50994300247,574.449645996094,340
1086,2478.7828280868,1854.54920240824,574.449645996094,340
1087,2491.38622676562,1895.97766047909,574.449645996094,340
1088,2033.65100269715,1875.68609759273,574.449645996094,340
1089,2353.69781390237,1907.89920082438,568.937683105469,340
1090,2509.13857503598,1899.67681926587,568.937683105469,340
1091,1675.73041891256,1882.94486263874,568.937683105469,340
1092,2306.41880048807,1911.83844561687,568.937683105469,340
1093,1600.70423209505,1901.38839936838,568.937683105469,340
1094,1555.46776948492,1896.96222869275,568.937683105469,340
1095,1749.95873665364,1911.83804611548,568.937683105469,340
1096,1996.99923706608,1944.27016181594,568.937683105469,340
1097,1811.31612269575,1974.92915800727,579.318908691406,340
1098,1962.44713050943,1969.02106150391,579.318908691406,340
1099,1702.19869807421,1954.87535864713,579.318908691406,340
1100,2297.05316572233,1968.32207467685,579.318908691406,340
1101,2191.1542278925,2034.21378241195,579.318908691406,340
1102,2195.09028055792,2041.9210493163,579.318908691406,340
1103,2290.49524129148,2040.78606455355,579.318908691406,340
1104,2098.70103030597,2046.27047880205,579.318908691406,340
1105,2425.60320277793,2050.9225178889,601.553100585938,340
1106,2273.18392555715,2056.70068066255,601.553100585938,340
1107,2011.54732415333,2042.58251323612,601.553100585938,340
1108,1808.511886556,2070.36591364819,601.553100585938,340
1109,1675.63924599296,2054.3244375054,601.553100585938,340
1110,2477.50989752968,2078.8954808322,601.553100585938,340
1111,2439.80570315264,2077.33639583483,601.553100585938,340
1112,2216.04985734544,2066.32294105802,601.553100585938,340
1113,2483.3001118494,2084.30890542411,619.252502441406,340
1114,2484.93242972741,2089.55829005711,619.252502441406,340
1115,1804.79268704987,2061.38445453767,619.252502441406,340
1116,2521.05026851202,2095.19724852165,619.252502441406,340
1117,2600.09606139113,2106.94433895777,619.252502441406,340
1118,2039.12932815315,2124.48134280009,619.252502441406,340
1119,2671.51293133913,2169.12314927426,619.252502441406,340
1120,1718.06123779902,2167.84724932008,619.252502441406,340
1121,2287.34532253112,2179.46109273868,627.953063964844,340
1122,2403.7460895588,2203.1582914132,627.953063964844,340
1123,2021.70325694462,2205.52853647061,627.953063964844,340
1124,2714.37801795735,2246.01570926593,627.953063964844,340
1125,1644.80106644161,2219.9256252947,627.953063964844,340
1126,1493.48552708904,2192.01887726257,627.953063964844,340
1127,2507.11041591327,2204.49968267678,627.953063964844,340
1128,1556.09144061194,2175.1235306496,627.953063964844,340
1129,2417.19989628105,2187.8634852886,638.056640625,340
1130,2512.30081026995,2191.33138958828,638.056640625,340
1131,1419.19675861129,2157.17190291045,638.056640625,340
1132,2416.18863963011,2173.35755552952,638.056640625,340
1133,2360.98738458593,2195.45657545072,638.056640625,340
1134,2459.34101713501,2226.8046462964,638.056640625,340
1135,2330.00508529543,2220.90445380703,638.056640625,340
1136,2008.52960614784,2203.65340992684,638.056640625,340
1137,1875.5298614825,2190.03261009232,646.064025878906,340
1138,2588.28482819565,2194.23199874617,646.064025878906,340
1139,2704.37798301181,2203.00982087755,646.064025878906,340
1140,2324.78979163278,2223.80970506086,646.064025878906,340
1141,2323.07450058686,2215.89067434386,646.064025878906,340
1142,2248.25142877401,2201.81688903917,646.064025878906,340
1143,2170.21468151181,2207.06030317352,646.064025878906,340
1144,1990.8933054055,2179.83551813617,646.064025878906,340
1145,2120.83319902953,2195.94639658539,643.577697753906,340
1146,2367.91262917985,2199.16908885134,643.577697753906,340
1147,2506.03547693807,2203.26066434651,643.577697753906,340
1148,2265.05943812809,2212.99491159385,643.577697753906,340
1149,2041.35742692923,2186.07408795273,643.577697753906,340
1150,2168.59532244982,2207.02585819306,643.577697753906,340
1151,2656.13029879226,2253.53164906118,643.577697753906,340
1152,2136.50335930338,2238.70736679679,643.577697753906,340
1153,1985.7216409774,2255.89257481141,660.247741699219,340
1154,2251.30377507744,2249.25672996326,660.247741699219,340
1155,2232.2771424144,2238.05578324904,660.247741699219,340
1156,2098.10047745206,2265.21193200267,660.247741699219,340
1157,1918.87613952399,2245.31943199843,660.247741699219,340
1158,2192.2454387863,2238.56975416644,660.247741699219,340
1159,2576.28136038196,2243.24736789632,660.247741699219,340
1160,2472.2294893076,2248.93634405681,660.247741699219,340
1161,2398.18819731823,2264.52268770362,660.958862304688,340
1162,1870.21498187123,2264.31009251917,660.958862304688,340
1163,2466.55828029899,2259.4410306033,660.958862304688,340
1164,1880.39493176072,2226.48170855326,660.958862304688,340
1165,2627.68546578925,2238.59753551952,660.958862304688,340
1166,2235.78893568931,2235.10611292362,660.958862304688,340
1167,2427.38805509179,2242.27157797633,660.958862304688,340
1168,2481.71134371526,2254.73144446447,660.958862304688,340
1169,2405.22354053469,2271.30465386963,670.48583984375,340
1170,2474.65450266171,2285.45750601492,670.48583984375,340
1171,2378.8348996339,2285.89439683308,670.48583984375,340
1172,2641.26320398838,2291.3035059151,670.48583984375,340
1173,2217.06945031654,2289.38390640263,670.48583984375,340
1174,2194.87101059654,2295.52444974933,670.48583984375,340
1175,2321.72932638408,2301.6498099067,670.48583984375,340
1176,2502.10506861125,2295.48880069946,670.48583984375,340
1177,2777.89846471728,2321.14460491601,680.034362792969,340
1178,2203.72251196121,2329.86463975536,680.034362792969,340
1179,1628.19734518688,2304.94038255974,680.034362792969,340
1180,1817.86396802183,2288.36385558404,680.034362792969,340
1181,2700.30851685297,2312.45217716008,680.034362792969,340
1182,2503.6059659804,2335.84137021833,680.034362792969,340
1183,2484.21396151876,2347.52011112763,680.034362792969,340
1184,1506.07752994596,2304.71195791019,680.034362792969,340
1185,2351.03038637389,2299.86399379284,679.503662109375,340
1186,2439.11880125416,2301.50121795028,679.503662109375,340
1187,2511.02601217181,2327.1336591623,679.503662109375,340
1188,2511.34004830485,2328.92492988254,679.503662109375,340
1189,2008.09931255847,2334.03310511445,679.503662109375,340
1190,2242.26292499768,2318.61620348278,679.503662109375,340
1191,2471.66740572224,2328.0513422841,679.503662109375,340
1192,2480.19576115374,2330.16365052658,679.503662109375,340
1193,1900.03513038422,2306.89660199334,682.322387695312,340
1194,1932.66893291139,2287.99441768841,682.322387695312,340
1195,2303.930467609,2281.1654562863,682.322387695312,340
1196,2802.33323249623,2298.10538960079,682.322387695312,340
1197,2244.85997181788,2282.24926031397,682.322387695312,340
1198,2812.10683976172,2306.05075589178,682.322387695312,340
1199,2302.77856923789,2310.36705823743,682.322387695312,340
1200,2365.44271264735,2312.11559368796,682.322387695312,340
1201,2604.8439271913,2316.22514803116,695.203369140625,340
1202,2245.09524431527,2294.91301921508,695.203369140625,340
1203,2808.72450411945,2319.11309890141,695.203369140625,340
1204,2586.50531664737,2357.44541775983,695.203369140625,340
1205,2392.09895046376,2380.41481705751,695.203369140625,340
1206,2866.43055779821,2387.05969869532,695.203369140625,340
1207,2579.45908663524,2390.09382352151,695.203369140625,340
1208,2100.71928380194,2374.75403641284,695.203369140625,340
1209,2392.12165567857,2410.19580144215,698.020385742188,340
1210,2520.01001520123,2416.95498659524,698.020385742188,340
1211,2428.78147624115,2416.54149359472,698.020385742188,340
1212,2350.77413366703,2410.13141845453,698.020385742188,340
1213,2500.37394224243,2409.69277421203,698.020385742188,340
1214,2273.66925195472,2420.31557178788,698.020385742188,340
1215,1513.70809165913,2391.17337845434,698.020385742188,340
1216,2434.35114490055,2389.68072802147,698.020385742188,340
1217,2593.44478699238,2394.21068905502,697.361572265625,340
1218,2400.31509575639,2414.2218876699,697.361572265625,340
1219,2087.1984036794,2420.40306650062,697.361572265625,340
1220,2567.73785913971,2430.95536216185,697.361572265625,340
1221,2490.34497866774,2418.47583200871,697.361572265625,340
1222,2540.47489122427,2430.30042878497,697.361572265625,340
1223,2285.79368467277,2409.24790258141,697.361572265625,340
1224,2659.9846578683,2423.53614612663,697.361572265625,340
1225,2638.10587443306,2434.44267259806,715.9150390625,340
1226,1758.58442316569,2400.59229243703,715.9150390625,340
1227,2711.38114331408,2419.24372839698,715.9150390625,340
1228,2668.8891788682,2413.65031538693,715.9150390625,340
1229,2708.5025201335,2418.53020352638,715.9150390625,340
1230,2729.01976011624,2432.00703591248,715.9150390625,340
1231,2738.0083146622,2426.87014618704,715.9150390625,340
1232,2314.34791605895,2416.26569936399,715.9150390625,340
1233,2019.88400137089,2413.03228806674,727.297119140625,340
1234,2649.81660191761,2423.3400859163,727.297119140625,340
1235,2172.46113641875,2409.43813076501,727.297119140625,340
1236,2338.34580440198,2405.82070389144,727.297119140625,340
1237,2733.79885905633,2421.14169290701,727.297119140625,340
1238,2857.90674643256,2435.44300507462,727.297119140625,340
1239,2571.62039758211,2447.36105089971,727.297119140625,340
1240,2700.30041155559,2494.82474369557,727.297119140625,340
1241,2538.92036635606,2499.00751255379,732.444763183594,340
1242,2732.49378511562,2504.56947247872,732.444763183594,340
1243,2574.30426597777,2511.52903928758,732.444763183594,340
1244,2196.10408605014,2515.88526658241,732.444763183594,340
1245,2519.07363746114,2513.93869771526,732.444763183594,340
1246,2596.83717209214,2518.19838545224,732.444763183594,340
1247,2611.41249615419,2521.03588964943,732.444763183594,340
1248,2756.56264419812,2539.86664803045,732.444763183594,340
1249,2621.67744201691,2538.33435939639,734.013916015625,340
1250,2237.10436841307,2522.29429915559,734.013916015625,340
1251,2173.03077358312,2538.87215317229,734.013916015625,340
1252,2850.4683244615,2544.43564041819,734.013916015625,340
1253,2361.0711196217,2532.12291804833,734.013916015625,340
1254,2257.52052047423,2514.08363806196,734.013916015625,340
1255,2299.01541763705,2496.88346436279,734.013916015625,340
1256,2554.64654806449,2489.54899369888,734.013916015625,340
1257,2832.94095169105,2510.29271512417,743.418090820312,340
1258,2809.63412292329,2541.88271998626,743.418090820312,340
1259,2861.09137574977,2550.33371093955,743.418090820312,340
1260,2007.5453944563,2543.73708126105,743.418090820312,340
1261,2564.34324169145,2552.77697875263,743.418090820312,340
1262,2460.15862555895,2541.83136941273,743.418090820312,340
1263,2556.78358438914,2529.786442931,743.418090820312,340
1264,3028.46179726372,2548.06009891826,743.418090820312,340
1265,1890.13108371708,2515.65332580472,751.1455078125,340
1266,2793.68418476385,2525.84387854103,751.1455078125,340
1267,2745.91352437353,2526.38066811135,751.1455078125,340
1268,3017.48076435519,2544.10772804644,751.1455078125,340
1269,2866.18087541377,2570.91079962099,751.1455078125,340
1270,2643.25001595003,2575.87785476055,751.1455078125,340
1271,2972.72872960146,2590.91351706092,751.1455078125,340
1272,2786.79977388295,2597.92900817007,751.1455078125,340
1273,2799.42293600672,2599.64341984241,763.618896484375,340
1274,2349.02294510783,2588.73723996605,763.618896484375,340
1275,2717.95163485708,2607.97113062381,763.618896484375,340
1276,2807.96444862378,2633.36847762544,763.618896484375,340
1277,2454.50883910824,2617.53009821131,763.618896484375,340
1278,2857.84933164581,2637.40122669227,763.618896484375,340
1279,2423.59690485753,2644.0442820676,763.618896484375,340
1280,2630.77163021279,2657.31453057063,763.618896484375,340
1281,2851.75598242394,2669.19890794501,776.741821289062,340
1282,2721.83940532956,2664.75484609055,776.741821289062,340
1283,2524.80065453212,2653.3615073549,776.741821289062,340
1284,2928.80398775753,2656.07001183521,776.741821289062,340
1285,2919.80461101689,2692.56038049764,776.741821289062,340
1286,2762.09476865272,2700.47044157609,776.741821289062,340
1287,2582.59617351831,2705.36794349446,776.741821289062,340
1288,2398.46853069277,2699.03534134661,776.741821289062,340
1289,2849.621670058,2691.88173625838,786.336486816406,340
1290,2999.34524695593,2736.25030278793,786.336486816406,340
1291,2903.35515317012,2740.63714152418,786.336486816406,340
1292,2891.6307609683,2746.46583098797,786.336486816406,340
1293,2783.79470125615,2737.11838846401,786.336486816406,340
1294,2650.12001729058,2728.47595413909,786.336486816406,340
1295,2808.82171163879,2735.09882196664,786.336486816406,340
1296,2576.17306214048,2719.2365952682,786.336486816406,340
1297,2779.58241208717,2718.94790079637,792.266845703125,340
1298,2981.81515172414,2726.24358942506,792.266845703125,340
1299,2643.72171150533,2738.03154008096,792.266845703125,340
1300,2619.31817982424,2734.08620187965,792.266845703125,340
1301,2916.90211539584,2738.44370855053,792.266845703125,340
1302,2657.13208334551,2746.54863832002,792.266845703125,340
1303,2476.07782537079,2731.27777806902,792.266845703125,340
1304,2846.20928638735,2748.18227333021,792.266845703125,340
1305,2691.2782141319,2750.60253668698,803.526916503906,340
1306,2970.51965266898,2755.35308349678,803.526916503906,340
1307,2659.41527853348,2752.85611842494,803.526916503906,340
1308,2870.78189283949,2766.69536795723,803.526916503906,340
1309,2911.50278052176,2766.0033196678,803.526916503906,340
1310,2588.8875196032,2752.76663601125,803.526916503906,340
1311,2869.65001515358,2757.06884587129,803.526916503906,340
1312,2747.26617003625,2763.65564573201,803.526916503906,340
1313,2936.19005698006,2785.1645067835,812.316650390625,340
1314,2981.44047966476,2790.43725916777,812.316650390625,340
1315,2677.47589267763,2777.56248499664,812.316650390625,340
1316,2891.12305421311,2777.07320103836,812.316650390625,340
1317,2708.2361568454,2769.73741687344,812.316650390625,340
1318,2870.43036569747,2773.20284345109,812.316650390625,340
1319,2914.65433100139,2783.78421599953,812.316650390625,340
1320,2897.83221322431,2787.34463606295,812.316650390625,340
1321,3020.01148168027,2805.09817284454,824.721313476562,340
1322,2703.66301280625,2802.0613968733,824.721313476562,340
1323,2483.71068988212,2782.13721839962,824.721313476562,340
1324,2992.50385161954,2796.08850400419,824.721313476562,340
1325,2866.56643315386,2805.97843413737,824.721313476562,340
1326,2591.5856588609,2792.96577587597,824.721313476562,340
1327,3016.10196865465,2807.32457128834,824.721313476562,340
1328,2348.73580465055,2802.23089045953,824.721313476562,340
1329,2636.27401608035,2793.83347964725,830.555297851562,340
1330,2912.90522362346,2802.69856002691,830.555297851562,340
1331,2983.17366958329,2803.20472070349,830.555297851562,340
1332,2802.29784475522,2808.92002335235,830.555297851562,340
1333,2442.93465826186,2791.80613396925,830.555297851562,340
1334,2754.55690032473,2785.52829876137,830.555297851562,340
1335,2869.82319302387,2796.7657256982,830.555297851562,340
1336,2626.11772185251,2787.02443396615,830.555297851562,340
1337,2831.98145910979,2790.41304552909,830.798767089844,340
1338,2693.98164803717,2780.72470917138,830.798767089844,340
1339,2876.99321706325,2776.54681866732,830.798767089844,340
1340,2960.08296508389,2787.85110156357,830.798767089844,340
1341,2729.46472464133,2781.3847683807,830.798767089844,340
1342,2927.39539800406,2790.15113802704,830.798767089844,340
1343,2741.95176900483,2785.01199415934,830.798767089844,340
1344,2840.58326262957,2782.04915142446,830.798767089844,340
1345,2961.62879615361,2784.60101474164,826.894104003906,340
1346,2717.95013562726,2772.51856089952,826.894104003906,340
1347,2950.06810521322,2782.37476459579,826.894104003906,340
1348,2869.44354286674,2797.80407871518,826.894104003906,340
1349,2899.30357356597,2794.07606759304,826.894104003906,340
1350,3041.95937502879,2801.09178526803,826.894104003906,340
1351,2988.3800501778,2816.96356092071,826.894104003906,340
1352,2675.68428418456,2803.34685354191,826.894104003906,340
1353,2852.11298940008,2823.48194093189,836.262817382812,340
1354,2776.09874804478,2829.07493021047,836.262817382812,340
1355,2884.14933610195,2827.92469470961,836.262817382812,340
1356,2946.36511647147,2826.45235258513,836.262817382812,340
1357,2908.78645499934,2830.7118969949,836.262817382812,340
1358,2816.76363706247,2845.66505614692,836.262817382812,340
1359,2981.78282258897,2854.75409303749,836.262817382812,340
1360,2961.33061608105,2858.41438995978,836.262817382812,340
1361,2755.51783893542,2863.5903946431,840.757446289062,340
1362,2689.5935607514,2857.89487870876,840.757446289062,340
1363,2896.83563965245,2866.00903837337,840.757446289062,340
1364,2771.46602360873,2861.78795063519,840.757446289062,340
1365,2650.40096192585,2849.40067050887,840.757446289062,340
1366,2943.12491074483,2857.94707795301,840.757446289062,340
1367,2961.51928543068,2859.31203345007,840.757446289062,340
1368,2920.54196691275,2866.45564136639,840.757446289062,340
1369,2895.34010072484,2868.6459148902,840.961547851562,340
1370,2660.66818377743,2856.60749039515,840.961547851562,340
1371,2917.76494079111,2864.60008260171,840.961547851562,340
1372,2982.07492066555,2865.8803552198,840.961547851562,340
1373,2704.40929385336,2859.27898525927,840.961547851562,340
1374,2727.74122561667,2852.41649134129,840.961547851562,340
1375,2992.96827706396,2850.4568474227,840.961547851562,340
1376,2961.2784223263,2849.37278230864,840.961547851562,340
1377,2626.37132468963,2847.40026392884,840.34423828125,340
1378,3011.33595115769,2853.76918239915,840.34423828125,340
1379,2977.82331369331,2861.83816502509,840.34423828125,340
1380,2794.33373207908,2858.24554086418,840.34423828125,340
1381,2857.17012693788,2854.67774128283,840.34423828125,340
1382,2905.36296081769,2854.54080151557,840.34423828125,340
1383,3010.12398757398,2862.27521553603,840.34423828125,340
1384,2971.45128833858,2861.86195416601,840.34423828125,340
1385,2905.65642725,2859.63498661277,842.932983398438,340
1386,2878.46398485669,2864.55283244962,842.932983398438,340
1387,2914.03280574228,2873.53040224925,842.932983398438,340
1388,2748.72545997072,2867.60599506198,842.932983398438,340
1389,2950.22207386615,2874.75623707228,842.932983398438,340
1390,2933.40214854367,2886.07628453699,842.932983398438,340
1391,2570.51808290511,2871.17201142341,842.932983398438,340
1392,3007.13050028254,2872.99646001748,842.932983398438,340
1393,3002.04981262316,2876.2567738459,843.686767578125,340
1394,2929.96266979761,2877.64167660881,843.686767578125,340
1395,2905.19982603179,2887.42294229898,843.686767578125,340
1396,2839.84245103087,2884.30604270857,843.686767578125,340
1397,2854.79030113293,2879.21465792727,843.686767578125,340
1398,2754.90491547203,2881.23448279201,843.686767578125,340
1399,3018.45413529461,2892.86299917913,843.686767578125,340
1400,2982.67308594318,2892.4511915343,843.686767578125,340
1401,2896.85368455271,2889.87420202336,846.886840820312,340
1402,2707.88104845381,2893.13459097392,846.886840820312,340
1403,2789.60318026091,2884.26528013805,846.886840820312,340
1404,2992.31052997076,2884.84476878915,846.886840820312,340
1405,2909.57880991065,2889.45457190241,846.886840820312,340
1406,2846.37040146946,2889.02258288368,846.886840820312,340
1407,2896.22871945359,2888.65721322911,846.886840820312,340
1408,3002.82186217796,2888.36512821327,846.886840820312,340
1409,2871.5142883057,2884.36764821196,851.660522460938,340
1410,3023.70148397777,2889.08945048107,851.660522460938,340
1411,2985.69285719178,2893.37860537447,851.660522460938,340
1412,2880.67357980061,2892.0442363368,851.660522460938,340
1413,2803.82687709749,2894.24829302188,851.660522460938,340
1414,2938.51398159436,2893.779969331,851.660522460938,340
1415,2944.69610755746,2894.23172769156,851.660522460938,340
1416,3058.8592374441,2913.76537387311,851.660522460938,340
1417,2844.63306377976,2907.265476413,855.290405273438,340
1418,2945.29213895657,2904.99516946634,855.290405273438,340
1419,2993.96626219341,2907.55531316217,855.290405273438,340
1420,2782.77755716191,2902.65842240738,855.290405273438,340
1421,2829.46322544528,2902.24325338395,855.290405273438,340
1422,2657.54218946552,2894.35332891726,855.290405273438,340
1423,2976.37261929638,2903.21203707023,855.290405273438,340
1424,2826.96571392173,2895.55250021531,855.290405273438,340
1425,2579.74365265303,2879.43532288371,856.329833984375,340
1426,2926.0548212929,2880.60336835332,856.329833984375,340
1427,2687.24919166483,2879.77809408176,856.329833984375,340
1428,2994.32661296555,2887.96703138994,856.329833984375,340
1429,2939.37487108894,2885.84960503467,856.329833984375,340
1430,2771.49429003656,2880.32622423971,856.329833984375,340
1431,3006.58304541093,2886.73472999737,856.329833984375,340
1432,3023.94612928859,2891.84342639077,856.329833984375,340
1433,3033.95655612648,2893.08881414871,860.723266601562,340
1434,2986.31240729496,2897.68073890828,860.723266601562,340
1435,2972.92952834031,2895.64986068278,860.723266601562,340
1436,2973.16619387448,2895.14879415009,860.723266601562,340
1437,2813.2173832506,2892.45054628809,860.723266601562,340
1438,2974.28659140546,2899.2689348604,860.723266601562,340
1439,2776.4607682731,2892.78680632755,860.723266601562,340
1440,2814.14125827439,2887.56461235623,860.723266601562,340
1441,3003.88712384392,2885.36572781222,855.532531738281,340
1442,3061.11931395672,2894.0251778193,855.532531738281,340
1443,3008.69895013641,2896.56145026649,855.532531738281,340
1444,3001.00543616602,2896.8430172254,855.532531738281,340
1445,2972.66596116448,2904.4385533855,855.532531738281,340
1446,2951.67191401274,2909.3269009282,855.532531738281,340
1447,3054.60372499696,2925.20936234946,855.532531738281,340
1448,3046.47413991963,2928.01342317439,855.532531738281,340
1449,3006.05239775136,2935.17689052757,857.397155761719,340
1450,3075.91149048477,2955.02360404084,857.397155761719,340
1451,2950.04747882337,2955.98331034206,857.397155761719,340
1452,2989.29604681152,2968.06518454793,857.397155761719,340
1453,3007.73711083293,2968.60160446262,857.397155761719,340
1454,2975.61285283504,2970.05112373247,857.397155761719,340
1455,2969.73574801098,2977.98078205145,857.397155761719,340
1456,3002.09388110143,2977.80121547906,857.397155761719,340
1457,3032.60413872691,2978.1475358566,864.101745605469,340
1458,2883.80557375547,2972.14149656176,864.101745605469,340
1459,3024.07471133161,2973.65198872322,864.101745605469,340
1460,2611.77827014513,2959.20593839542,864.101745605469,340
1461,3060.99981793312,2962.71928335776,864.101745605469,340
1462,2968.94482897286,2968.94838118665,864.101745605469,340
1463,2971.5279865605,2968.83803699285,864.101745605469,340
1464,3054.68672720232,2979.96707535002,864.101745605469,340
1465,3044.01435483891,2989.1619992126,870.926940917969,340
1466,3025.47070363969,2990.02534240443,870.926940917969,340
1467,3037.22776847087,2989.069680585,870.926940917969,340
1468,3014.58300552771,2989.30504280065,870.926940917969,340
1469,2934.85855499462,2986.6591675538,870.926940917969,340
1470,3044.71871618248,2989.54127775452,870.926940917969,340
1471,2978.46513486962,2990.61300658879,870.926940917969,340
1472,2973.48626282479,2987.36830810191,870.926940917969,340
1473,3008.86611653676,2985.86398716659,871.469970703125,340
1474,3015.33330061715,2986.23522328122,871.469970703125,340
1475,2996.94859420361,2983.07670742998,871.469970703125,340
1476,3014.72689488684,2985.66388407251,871.469970703125,340
1477,2875.0692064103,2981.09481045647,871.469970703125,340
1478,2934.99406618096,2978.18508867039,871.469970703125,340
1479,2921.1930626424,2976.00829706268,871.469970703125,340
1480,2815.02320506248,2969.81979534474,871.469970703125,340
1481,2947.24988747278,2967.6260355996,872.967407226562,340
1482,2917.80986004239,2963.03426445222,872.967407226562,340
1483,2917.10249516829,2964.36614130873,872.967407226562,340
1484,3061.79991727243,2965.87514954636,872.967407226562,340
1485,2887.83173240571,2976.91728803678,872.967407226562,340
1486,2897.74390623057,2970.38705156868,872.967407226562,340
1487,2990.34295825398,2971.24297673993,872.967407226562,340
1488,2917.75324462518,2969.09198706251,872.967407226562,340
1489,3030.51280649733,2968.12503023431,873.089172363281,340
1490,3044.66828399083,2968.15118740039,873.089172363281,340
1491,2932.93170213689,2964.44962734028,873.089172363281,340
1492,3026.84517776524,2964.03432371205,873.089172363281,340
1493,2966.34019803085,2962.10461141218,873.089172363281,340
1494,3060.29208576308,2967.12195264292,873.089172363281,340
1495,3033.42837589534,2966.67033903143,873.089172363281,340
1496,3027.3196382354,2968.62451916606,873.089172363281,340
1497,2876.86388939551,2964.75962422889,875.675415039062,340
1498,3027.42759685937,2965.5020834418,875.675415039062,340
1499,2990.21980872294,2964.49754376603,875.675415039062,340
1500,2781.20204234233,2955.86768169158,875.675415039062,340
1501,3008.69954098279,2955.62658753541,875.675415039062,340
1502,3041.55134570233,2962.2858731071,875.675415039062,340
1503,2949.25873924378,2962.85646002961,875.675415039062,340
1504,2791.83332864802,2957.68207066983,875.675415039062,340
1505,3013.72511452209,2965.63014704822,881.08984375,340
1506,2759.53073961616,2958.12138113395,881.08984375,340
1507,3017.07009652639,2962.09179059331,881.08984375,340
1508,2969.81439297956,2964.20026650576,881.08984375,340
1509,2930.0880624963,2958.93179231472,881.08984375,340
1510,2896.86552678818,2959.29314409002,881.08984375,340
1511,3070.46446380535,2966.20196639301,881.08984375,340
1512,2864.30652605048,2961.16050910487,881.08984375,340
1513,2807.09306287972,2956.73410183505,883.7890625,340
1514,3041.20534433389,2957.16180334851,883.7890625,340
1515,2944.55555366471,2953.15729413547,883.7890625,340
1516,3043.21625698693,2957.56867632947,883.7890625,340
1517,3029.2430928756,2957.66459293388,883.7890625,340
1518,2945.09101777121,2956.8146257235,883.7890625,340
1519,2956.64986125622,2952.66893674322,883.7890625,340
1520,2984.99221641871,2950.73149036416,883.7890625,340
1521,3061.08812832668,2952.08222996781,884.613891601562,340
1522,3090.79484109492,2960.63946803579,884.613891601562,340
1523,3039.00506282951,2961.10256667459,884.613891601562,340
1524,3049.44211723884,2963.47145901523,884.613891601562,340
1525,3044.27541296023,2973.99439383994,884.613891601562,340
1526,3007.16746748884,2973.93311090019,884.613891601562,340
1527,2988.21100503602,2971.79949727353,884.613891601562,340
1528,3030.75093165749,2975.05918497008,884.613891601562,340
1529,3064.53982281515,2985.96744473677,883.164245605469,340
1530,2978.89138676624,2984.57409562653,883.164245605469,340
1531,2960.30103415616,2992.60490740813,883.164245605469,340
1532,2895.56973560544,2987.7448929713,883.164245605469,340
1533,2902.42071018087,2985.04914565935,883.164245605469,340
1534,2920.12442811719,2984.65060028418,883.164245605469,340
1535,3075.82742561247,2991.80907623715,883.164245605469,340
1536,2971.67506531395,2987.8575002975,883.164245605469,340
1537,3008.34516849895,2993.61904599544,884.935852050781,340
1538,2940.87747049927,2998.97042230022,884.935852050781,340
1539,2897.82450629238,2993.23518877856,884.935852050781,340
1540,2915.34230115917,2992.06665867834,884.935852050781,340
1541,2877.47142265266,2985.43686530497,884.935852050781,340
1542,2828.61812223426,2977.41186647931,884.935852050781,340
1543,2943.10345197041,2977.33236384728,884.935852050781,340
1544,3093.91785090756,2982.82308343334,884.935852050781,340
1545,3073.33090344416,2986.35663091435,887.578430175781,340
1546,3075.13842218959,2986.91864266887,887.578430175781,340
1547,3045.91385924766,2985.12340339498,887.578430175781,340
1548,2874.87697639805,2978.55827993772,887.578430175781,340
1549,2947.9679850909,2974.4993146518,887.578430175781,340
1550,3065.02874645439,2975.32944799157,887.578430175781,340
1551,2933.93829993046,2972.40028128923,887.578430175781,340
1552,3042.55114111462,2974.57388673238,887.578430175781,340
1553,2993.23661764938,2973.07331417205,890.261596679688,340
1554,2709.20446343522,2958.85989979686,890.261596679688,340
1555,3084.64293572431,2963.08996175518,890.261596679688,340
1556,2923.54383000078,2961.61967358896,890.261596679688,340
1557,2984.53188580058,2965.17815959677,890.261596679688,340
1558,2886.66189986791,2964.54780718425,890.261596679688,340
1559,3031.37984433357,2968.99802383291,890.261596679688,340
1560,3021.21702161083,2966.81360767284,890.261596679688,340
1561,2945.62660527387,2965.77166927124,890.390502929688,340
1562,3062.31922225286,2967.93063142139,890.390502929688,340
1563,3015.90432765032,2970.93170570744,890.390502929688,340
1564,2963.43140719222,2973.55598174343,890.390502929688,340
1565,2873.78705583613,2971.89377193051,890.390502929688,340
1566,3054.81719216353,2978.98760271094,890.390502929688,340
1567,2853.1204148151,2979.96769441418,890.390502929688,340
1568,2863.85851100308,2976.79789677548,890.390502929688,340
1569,3111.62892697478,2977.50633981817,890.573608398438,340
1570,3056.20040538315,2976.82111989573,890.573608398438,340
1571,3049.0441475353,2975.77734890956,890.573608398438,340
1572,2790.7767724475,2965.57186543755,890.573608398438,340
1573,3011.26549644542,2971.02740623945,890.573608398438,340
1574,3076.50440847807,2976.16886317494,890.573608398438,340
1575,2806.99863686207,2965.84765879124,890.573608398438,340
1576,3006.03069638009,2968.73135464923,890.573608398438,340
1577,3099.5032214775,2971.00943786374,890.958129882812,340
1578,2988.76443563911,2970.83055058333,890.958129882812,340
1579,3029.38637000385,2983.63782684608,890.958129882812,340
1580,2954.40564254202,2978.42833511879,890.958129882812,340
1581,3112.24171256877,2985.97625042151,890.958129882812,340
1582,3057.81826398669,2988.90770554895,890.958129882812,340
1583,2965.27510427319,2992.05223372516,890.958129882812,340
1584,3014.48460053748,2991.37642397332,890.958129882812,340
1585,2913.93697502571,2987.08522210991,895.758666992188,340
1586,3029.64447330043,2990.44593683098,895.758666992188,340
1587,2815.13689140639,2980.55864359712,895.758666992188,340
1588,3019.49975069003,2980.7024605187,895.758666992188,340
1589,2959.58494715274,2980.54860211713,895.758666992188,340
1590,3103.74407382613,2989.74688283673,895.758666992188,340
1591,2978.12215626842,2986.67908140092,895.758666992188,340
1592,3042.57533052785,2994.25727802943,895.758666992188,340
1593,3053.09289429888,3001.82665336126,894.424926757812,340
1594,3103.39603087343,3001.49733751721,894.424926757812,340
1595,2882.66005367343,2994.55572344882,894.424926757812,340
1596,2929.97182937241,2989.79283072231,894.424926757812,340
1597,3026.72970171445,2999.23094789298,894.424926757812,340
1598,3123.70557738695,3003.72855113064,894.424926757812,340
1599,3071.15368666947,3003.5145222583,894.424926757812,340
1600,2965.48896189186,3009.85413525949,894.424926757812,340
1601,3059.29132636281,3011.9845604588,892.386352539062,340
1602,3026.45864813446,3009.06277752508,892.386352539062,340
1603,3054.05606823151,3011.67444282877,892.386352539062,340
1604,3017.2027682137,3011.18709875717,892.386352539062,340
1605,3078.44043365578,3016.14849040172,892.386352539062,340
1606,2898.53145352471,3007.60008003996,892.386352539062,340
1607,3075.01780979219,3008.28806187218,892.386352539062,340
1608,2857.38518324882,3003.9724650312,892.386352539062,340
1609,2842.64202346322,2997.09876194823,895.183959960938,340
1610,3061.66197970352,3003.00776213534,895.183959960938,340
1611,2846.37441848269,2995.67695994263,895.183959960938,340
1612,3042.48386330316,3004.7708388185,895.183959960938,340
1613,2954.40161964465,3002.16691357669,895.183959960938,340
1614,2875.517489327,2998.80421526366,895.183959960938,340
1615,3038.70887764682,2996.20280741649,895.183959960938,340
1616,3006.44075247186,2997.33555126463,895.183959960938,340
1617,3104.81955488504,2999.82532023891,898.108642578125,340
1618,2786.41142052233,2989.15806128785,898.108642578125,340
1619,2824.31744330475,2977.9949177851,898.108642578125,340
1620,3027.37955397283,2983.78369779708,898.108642578125,340
1621,3005.42687902138,2986.80189978304,898.108642578125,340
1622,2994.63882950001,2985.51826489446,898.108642578125,340
1623,3002.01040846421,2980.65045813755,898.108642578125,340
1624,3057.54558971616,2980.10613425942,898.108642578125,340
1625,3049.76902292962,2983.47733670093,899.877624511719,340
1626,3122.56243176903,2986.00818091718,899.877624511719,340
1627,2772.06224968038,2975.83232497901,899.877624511719,340
1628,3094.46488806871,2977.4486777725,899.877624511719,340
1629,3042.69962138506,2978.46855189936,899.877624511719,340
1630,3111.43883101372,2979.78848779367,899.877624511719,340
1631,2836.76261659013,2977.31773431629,899.877624511719,340
1632,3070.19995997274,2977.12502032351,899.877624511719,340
1633,2975.7898223211,2981.86120588641,900.362182617188,340
1634,3074.80938630223,2991.14790039997,900.362182617188,340
1635,3072.56202932308,2991.58390238475,900.362182617188,340
1636,2882.71178616967,2993.03739709223,900.362182617188,340
1637,3126.72432678385,2996.40701563145,900.362182617188,340
1638,2971.08968746432,2997.07453834424,900.362182617188,340
1639,2932.34214823436,2999.34752470054,900.362182617188,340
1640,3116.30328382503,3002.45130094766,900.362182617188,340
1641,2850.0997821001,2996.19766213279,904.098510742188,340
1642,3062.68026104378,2994.51209037914,904.098510742188,340
1643,2896.16719746484,2998.90232145684,904.098510742188,340
1644,2931.33180381371,3003.1828958772,904.098510742188,340
1645,2357.19163231433,2976.37537901086,904.098510742188,340
1646,3010.98139196698,2976.59755952869,904.098510742188,340
1647,2961.6867821151,2975.27947763329,904.098510742188,340
1648,2857.67266915382,2969.50596806087,904.098510742188,340
1649,3055.95941302739,2969.44252099332,906.30615234375,340
1650,2836.48537269231,2960.91117498383,906.30615234375,340
1651,2760.36583754729,2946.42331121496,906.30615234375,340
1652,3010.86658038112,2955.97548444299,906.30615234375,340
1653,2981.89283614058,2951.47260236586,906.30615234375,340
1654,3063.28163158062,2952.29588277369,906.30615234375,340
1655,3118.00225372685,2952.55841968221,906.30615234375,340
1656,2839.04412145607,2952.64967987685,906.30615234375,340
1657,3097.6570994374,2953.74796545544,908.259887695312,340
1658,2875.36329179377,2949.73090423434,908.259887695312,340
1659,2956.72632572657,2945.00758181132,908.259887695312,340
1660,2674.7195948601,2929.0938844328,908.259887695312,340
1661,3115.71366530164,2938.41395959808,908.259887695312,340
1662,2706.81116437288,2921.61743310164,908.259887695312,340
1663,3121.7671084781,2927.64452994219,908.259887695312,340
1664,3045.93185415159,2932.18811817888,908.259887695312,340
1665,3073.21730885596,2930.46467918012,912.390686035156,340
1666,2998.56293300069,2936.40320521614,912.390686035156,340
1667,3073.18151462091,2936.82325535922,912.390686035156,340
1668,2967.78006151538,2939.68776992125,912.390686035156,340
1669,3109.07948376212,2946.79767711918,912.390686035156,340
1670,3066.24909909771,2975.15997579052,912.390686035156,340
1671,3005.23285592646,2974.9300343489,912.390686035156,340
1672,2893.68955911584,2972.21014542893,912.390686035156,340
1673,3038.62642267688,2979.44829556985,911.036193847656,340
1674,3115.06270296068,2981.81242716718,911.036193847656,340
1675,3033.59493247754,2989.69680955859,911.036193847656,340
1676,2795.9399608972,2991.11977449259,911.036193847656,340
1677,2912.87653715726,2987.20017276363,911.036193847656,340
1678,3010.69815603617,2988.35238555945,911.036193847656,340
1679,3099.82843168772,2989.81425756374,911.036193847656,340
1680,3047.19427931433,2986.98193858724,911.036193847656,340
1681,3104.21845976645,2997.58891211965,910.782409667969,340
1682,3072.71797032915,2996.59134695532,910.782409667969,340
1683,3069.38151059769,3004.35207570748,910.782409667969,340
1684,3052.78274421301,3008.19433244694,910.782409667969,340
1685,3120.63792553126,3026.03106567378,910.782409667969,340
1686,3112.9377487067,3025.92002900999,910.782409667969,340
1687,2983.34252234344,3036.98128332881,910.782409667969,340
1688,2853.25493154909,3026.24079625165,910.782409667969,340
1689,3109.82233776452,3028.79641559617,912.639709472656,340
1690,3094.74800057818,3029.65764326505,912.639709472656,340
1691,3092.1121388516,3033.39961149909,912.639709472656,340
1692,3098.637442802,3034.41784862633,912.639709472656,340
1693,3066.8557709322,3038.38087700301,912.639709472656,340
1694,3146.79277064592,3039.88940847836,912.639709472656,340
1695,2813.57954768557,3029.78262642187,912.639709472656,340
1696,2946.309339531,3027.42568576606,912.639709472656,340
1697,2871.78898439665,3026.54966277729,911.628173828125,340
1698,2967.53511682459,3023.7060105432,911.628173828125,340
1699,3052.57357073869,3021.20644525432,911.628173828125,340
1700,3075.91805039326,3022.89936997095,911.628173828125,340
1701,3084.80398457667,3034.45393091813,911.628173828125,340
1702,3132.123146837,3043.22379530531,911.628173828125,340
1703,2742.81696583509,3032.50854769727,911.628173828125,340
1704,2934.21225074669,3025.88390045963,911.628173828125,340
1705,3003.65818496655,3024.14245668572,910.381103515625,340
1706,3110.23954092479,3024.38329993205,910.381103515625,340
1707,3016.21883954549,3022.12333470071,910.381103515625,340
1708,3095.83026403375,3023.18128483815,910.381103515625,340
1709,3065.1522434371,3023.67606480711,910.381103515625,340
1710,3099.69333962311,3022.83828137079,910.381103515625,340
1711,3083.0137686375,3021.64132216802,910.381103515625,340
1712,3035.74978552602,3023.73761269532,910.381103515625,340
1713,3116.36514802041,3034.26202135417,912.36767578125,340
1714,2976.86670888321,3028.94379619892,912.36767578125,340
1715,2968.77658873948,3023.90493972537,912.36767578125,340
1716,2998.65191195468,3020.1665306495,912.36767578125,340
1717,3030.09282135303,3017.42474579154,912.36767578125,340
1718,2937.14744172617,3012.2364126233,912.36767578125,340
1719,3114.90862372473,3010.96104674645,912.36767578125,340
1720,3067.84805605353,3021.13178708117,912.36767578125,340
1721,3003.04679317573,3023.40128522696,916.885681152344,340
1722,3075.21920463076,3031.53849403632,916.885681152344,340
1723,3082.99765527167,3036.1569955742,916.885681152344,340
1724,3046.63050189465,3035.91927282044,916.885681152344,340
1725,3100.06264939637,3036.88505678057,916.885681152344,340
1726,2843.39334703385,3027.22863127885,916.885681152344,340
1727,3136.27888483434,3027.39486079875,916.885681152344,340
1728,3111.92623045501,3042.15923138355,916.885681152344,340
1729,2866.62037745823,3039.45555645201,915.439147949219,340
1730,3043.81310081404,3041.06175308591,915.439147949219,340
1731,2682.06622731691,3023.93482054159,915.439147949219,340
1732,2992.28947535168,3022.97764597384,915.439147949219,340
1733,2774.03863401041,3010.10598077291,915.439147949219,340
1734,3024.40944602216,3008.47626887631,915.439147949219,340
1735,3082.64536268697,3007.79434979886,915.439147949219,340
1736,3032.82016925198,3005.78660582344,915.439147949219,340
1737,2957.46024521912,3002.65502421117,915.361938476562,340
1738,3001.55163594602,2998.06248372819,915.361938476562,340
1739,3012.48871129257,2999.48736382456,915.361938476562,340
1740,3115.86697759319,3005.37097937871,915.361938476562,340
1741,3094.29967504106,3009.19688990217,915.361938476562,340
1742,2862.4410792424,3002.49082021774,915.361938476562,340
1743,3048.31856279692,3006.93766506057,915.361938476562,340
1744,3016.71168492759,3003.00978750869,915.361938476562,340
1745,2910.67769125772,2996.72297291685,917.448303222656,340
1746,2857.97929766497,2990.92027309642,917.448303222656,340
1747,3070.82794275513,2990.7446226214,917.448303222656,340
1748,3101.05600184827,2991.46695648446,917.448303222656,340
1749,2539.33048334526,2971.17495574249,917.448303222656,340
1750,3083.03727084363,2970.49394060038,917.448303222656,340
1751,3031.79170859329,2978.02987506275,917.448303222656,340
1752,3041.49894651574,2974.23867753001,917.448303222656,340
1753,3101.43189268482,2973.8189040192,914.034912109375,340
1754,2983.51456629321,2978.4946715726,914.034912109375,340
1755,3098.54081436655,2980.6837801147,914.034912109375,340
1756,3086.86770913735,2996.87583938752,914.034912109375,340
1757,3072.21097980243,3000.07269956555,914.034912109375,340
1758,3050.44805214813,3011.12907629106,914.034912109375,340
1759,3101.7031453705,3014.22082426499,914.034912109375,340
1760,2694.35412068347,2998.68917458485,914.034912109375,340
1761,3089.79817523986,3000.96829482437,911.993774414062,340
1762,3036.84446060327,3004.14366343973,911.993774414062,340
1763,3029.50518148516,3005.2618052613,911.993774414062,340
1764,3018.33062626853,3005.49548186034,911.993774414062,340
1765,2982.50753072539,3000.16110398563,911.993774414062,340
1766,3061.6660659735,2998.85575962292,911.993774414062,340
1767,3029.06635463056,3005.52077063845,911.993774414062,340
1768,3100.10664347774,3007.59229386568,911.993774414062,340
1769,3085.26292652592,3010.33434352962,911.729248046875,340
1770,3060.30769306,3016.31954360171,911.729248046875,340
1771,3011.39305923198,3022.45609406439,911.729248046875,340
1772,2826.279477291,3012.67415544582,911.729248046875,340
1773,3056.42909655288,3010.88907923401,911.729248046875,340
1774,2727.06194700306,3018.39833778032,911.729248046875,340
1775,2900.95779332833,3011.11515867971,911.729248046875,340
1776,3087.92788923035,3013.36060590519,911.729248046875,340
1777,3053.00123883312,3013.82069759788,911.670715332031,340
1778,3007.13961537787,3010.04900650561,911.670715332031,340
1779,3024.9739166371,3011.70738051936,911.670715332031,340
1780,2872.11272024217,3002.65025675439,911.670715332031,340
1781,2998.60476810499,2999.11973911309,911.670715332031,340
1782,2859.81968546824,2990.62408733972,911.670715332031,340
1783,3071.28175577856,2991.45743548494,911.670715332031,340
1784,2979.25963017849,2986.55969487726,911.670715332031,340
1785,3108.32505046642,3003.11853206858,911.122680664062,340
1786,3097.8219778187,3003.43948417173,911.122680664062,340
1787,3061.26490264337,3004.41630185334,911.122680664062,340
1788,3065.21984679393,3005.84488846569,911.122680664062,340
1789,3050.26291378835,3007.12217996648,911.122680664062,340
1790,3104.45856978643,3012.00022152892,911.122680664062,340
1791,3014.8710816103,3010.12842215439,911.122680664062,340
1792,3089.22348001339,3012.53470716971,911.122680664062,340
1793,3027.73908804019,3009.6400049522,911.230285644531,340
1794,2999.32533662138,3006.20250135602,911.230285644531,340
1795,3028.99049823888,3004.94981356318,911.230285644531,340
1796,3002.74753577489,3004.60399262489,911.230285644531,340
1797,3096.20855365239,3015.40115567935,911.230285644531,340
1798,3109.26158263958,3017.51445512282,911.230285644531,340
1799,3067.25532158173,3031.12219010597,911.230285644531,340
1800,3080.90917424093,3038.32024534247,911.230285644531,340
1801,2989.72815283174,3034.39225588653,909.354064941406,340
1802,3122.67330225931,3037.17913842357,909.354064941406,340
1803,3099.27041793415,3040.86437052582,909.354064941406,340
1804,3097.1330311266,3043.7507351054,909.354064941406,340
1805,3127.65724997573,3053.97251629475,909.354064941406,340
1806,3072.33618376409,3056.92177292111,909.354064941406,340
1807,3043.12063413665,3064.25381086785,909.354064941406,340
1808,3119.47003089958,3066.18134187269,909.354064941406,340
1809,3059.4862027247,3069.39040477454,908.926513671875,340
1810,3069.34569881556,3067.8312307085,908.926513671875,340
1811,3071.73734787168,3066.78784551062,908.926513671875,340
1812,3082.60877609491,3067.64160044868,908.926513671875,340
1813,3140.34430767421,3070.6465788839,908.926513671875,340
1814,2966.58255927639,3067.29936470342,908.926513671875,340
1815,2882.84768662045,3058.43492937678,908.926513671875,340
1816,3051.22609723775,3059.88913000188,908.926513671875,340
1817,3021.34068025823,3057.17381801167,912.204162597656,340
1818,3137.62071347583,3061.5690830291,912.204162597656,340
1819,3099.16619179834,3065.56271723617,912.204162597656,340
1820,3088.8305541342,3067.95631947199,912.204162597656,340
1821,2983.07377046101,3067.16936885943,912.204162597656,340
1822,3014.97359672138,3063.91997058219,912.204162597656,340
1823,3060.69160484534,3061.97717147042,912.204162597656,340
1824,3046.13922378091,3061.13252755839,912.204162597656,340
1825,3071.6551302023,3060.76236579684,914.044494628906,340
1826,3131.11410490225,3066.41780387966,914.044494628906,340
1827,3063.83608528049,3064.06431520051,914.044494628906,340
1828,3085.92140423801,3063.53035465266,914.044494628906,340
1829,3149.48871258815,3065.62458191113,914.044494628906,340
1830,2972.52404369849,3059.41925366004,914.044494628906,340
1831,3089.24375873633,3060.09555665893,914.044494628906,340
1832,3133.41527170232,3063.70734216155,914.044494628906,340
1833,3041.59794144475,3060.59245858336,916.789611816406,340
1834,2916.17689495432,3054.86008627255,916.789611816406,340
1835,3080.98084507529,3055.32549212293,916.789611816406,340
1836,2988.49731210404,3051.99589069223,916.789611816406,340
1837,2836.46167594248,3042.15000668613,916.789611816406,340
1838,3103.42535573019,3040.67324860837,916.789611816406,340
1839,3147.79854165899,3047.92188790367,916.789611816406,340
1840,2924.97413106163,3049.60694568132,916.789611816406,340
1841,3074.09060571864,3050.52152602056,918.623352050781,340
1842,3127.64672580037,3054.77376784224,918.623352050781,340
1843,3127.18656860368,3054.35640204736,918.623352050781,340
1844,2998.19099334944,3050.3173941094,918.623352050781,340
1845,3062.16372160622,3049.25072080828,918.623352050781,340
1846,3031.32594800909,3051.1808079102,918.623352050781,340
1847,3075.62090899627,3053.6067004012,918.623352050781,340
1848,2799.83862661065,3043.17258127181,918.623352050781,340
1849,3105.55287670315,3045.5491273887,921.276184082031,340
1850,3082.39014139473,3045.9785278364,921.276184082031,340
1851,3136.33486614979,3046.1873582863,921.276184082031,340
1852,3114.51562767382,3048.21453998203,921.276184082031,340
1853,3091.59511047776,3048.44148823162,921.276184082031,340
1854,3049.71655592971,3044.45060196529,921.276184082031,340
1855,3138.19596362939,3051.07747876252,921.276184082031,340
1856,2868.26251422864,3042.23822898221,921.276184082031,340
1857,3118.77495843123,3041.65261645137,920.18310546875,340
1858,2981.70874938947,3039.25704876916,920.18310546875,340
1859,3086.99865511617,3046.08991917563,920.18310546875,340
1860,3100.69539451198,3046.8785011531,920.18310546875,340
1861,3114.96434372592,3051.93718241798,920.18310546875,340
1862,3097.26061215781,3062.36913986659,920.18310546875,340
1863,3128.33206971779,3063.36540842609,920.18310546875,340
1864,3145.76761118036,3063.28417120695,920.18310546875,340
1865,3116.08751767609,3070.92870667153,919.911865234375,340
1866,3121.26699958939,3072.81576242636,919.911865234375,340
1867,2984.67789506216,3067.09700919683,919.911865234375,340
1868,2925.00500109832,3059.00974649661,919.911865234375,340
1869,3124.79891941837,3064.07406353937,919.911865234375,340
1870,2977.66573159768,3060.69414393903,919.911865234375,340
1871,3113.48178156492,3063.98037728126,919.911865234375,340
1872,3139.27242155879,3066.52643778376,919.911865234375,340
1873,3132.0754828481,3079.81591203326,923.098571777344,340
1874,3069.47944888451,3078.37297492052,923.098571777344,340
1875,3154.05358022158,3081.23951247359,923.098571777344,340
1876,3127.10852921322,3080.87045899613,923.098571777344,340
1877,3095.71759686594,3080.11853776381,923.098571777344,340
1878,3102.86599287663,3080.56937305977,923.098571777344,340
1879,3047.47096910458,3080.47954958676,923.098571777344,340
1880,3147.09026943229,3080.83532181888,923.098571777344,340
1881,3079.38535083996,3089.28023528333,925.065734863281,340
1882,3075.61908449603,3087.55400032592,925.065734863281,340
1883,3099.19422386901,3092.2534193051,925.065734863281,340
1884,3097.88234237977,3092.68876679565,925.065734863281,340
1885,3161.96939049384,3095.13972663492,925.065734863281,340
1886,3160.99919724867,3096.98112077583,925.065734863281,340
1887,3008.7909950443,3093.44233609129,925.065734863281,340
1888,3156.29346352087,3094.56079184341,925.065734863281,340
1889,3129.85296041795,3093.92420581292,924.477478027344,340
1890,3053.07975694991,3091.40389538387,924.477478027344,340
1891,3102.22644326313,3090.64227313082,924.477478027344,340
1892,3141.93150190538,3096.93241740455,924.477478027344,340
1893,3086.40396997808,3103.38837615974,924.477478027344,340
1894,3035.1255078522,3099.80143969709,924.477478027344,340
1895,3001.55569579798,3100.75703826511,924.477478027344,340
1896,3163.15792717317,3102.74408408944,924.477478027344,340
1897,3154.14562411316,3103.33901219161,922.379943847656,340
1898,3016.96852537503,3098.73473389269,922.379943847656,340
1899,3150.42314505201,3101.97248173939,922.379943847656,340
1900,3154.31595440236,3101.98297670662,922.379943847656,340
1901,3113.12060443046,3101.42345971531,922.379943847656,340
1902,3119.46313776437,3102.37328135125,922.379943847656,340
1903,3143.42118419146,3103.99548900384,922.379943847656,340
1904,3143.73103137377,3107.84589149461,922.379943847656,340
1905,3152.07338615993,3108.04521616371,924.31591796875,340
1906,3128.4688207956,3110.00855496194,924.31591796875,340
1907,3107.07748333947,3111.26689091568,924.31591796875,340
1908,3136.2087498535,3112.74747195505,924.31591796875,340
1909,3157.85516591798,3115.14638489658,924.31591796875,340
1910,2925.78381546233,3105.69896189532,924.31591796875,340
1911,3120.98598168572,3104.09843327281,924.31591796875,340
1912,2890.1749288099,3099.35379062343,924.31591796875,340
1913,3128.87674818439,3098.25712200997,925.578918457031,340
1914,3133.11068161027,3098.38743085766,925.578918457031,340
1915,2871.09036716184,3091.10785526614,925.578918457031,340
1916,3165.36691433668,3093.63347410908,925.578918457031,340
1917,3192.61549321679,3095.66083376154,925.578918457031,340
1918,3146.85731622185,3098.07896761129,925.578918457031,340
1919,3140.63016220589,3102.29915378544,925.578918457031,340
1920,3133.66634684452,3107.5835798273,925.578918457031,340
1921,2897.48853271964,3096.95680404916,931.755798339844,340
1922,2988.84219135639,3090.34466673889,931.755798339844,340
1923,3145.78328432685,3095.49725709696,931.755798339844,340
1924,2984.47149417106,3088.85919106172,931.755798339844,340
1925,3127.9936613782,3087.80629934076,931.755798339844,340
1926,3106.17452110367,3087.52845600768,931.755798339844,340
1927,3072.86251636727,3085.6644311518,931.755798339844,340
1928,3183.1361186709,3087.25302853098,931.755798339844,340
1929,2957.08922273696,3079.7873561855,931.288818359375,340
1930,3120.17394515876,3078.51137854546,931.288818359375,340
1931,2976.95436317505,3072.45080024064,931.288818359375,340
1932,3125.44280518561,3073.18541311448,931.288818359375,340
1933,3041.56280303808,3069.39957524187,931.288818359375,340
1934,3125.7146320392,3068.11395388671,931.288818359375,340
1935,3088.51198393769,3074.62308062573,931.288818359375,340
1936,3068.33512443327,3072.51704633563,931.288818359375,340
1937,3044.9957532296,3078.70987931242,934.939453125,340
1938,2839.41389314243,3067.13136511074,934.939453125,340
1939,3018.4974771593,3062.5468369327,934.939453125,340
1940,2786.32746387186,3059.1563208011,934.939453125,340
1941,3038.39100728696,3054.07728451911,934.939453125,340
1942,2811.95346687657,3038.8508034655,934.939453125,340
1943,2962.82654736697,3031.48957271131,934.939453125,340
1944,3127.62185421233,3030.96924039157,934.939453125,340
1945,2870.8520618159,3020.45666899042,930.467346191406,340
1946,3083.08407737941,3027.88049077681,930.467346191406,340
1947,2993.60985649395,3028.07119738231,930.467346191406,340
1948,2810.86984303168,3014.67465973051,930.467346191406,340
1949,2976.01834806552,3014.33653388628,930.467346191406,340
1950,2990.79381284768,3008.84853994506,930.467346191406,340
1951,2865.89674392829,2999.23742885805,930.467346191406,340
1952,2968.63949925561,2995.06850817358,930.467346191406,340
1953,2904.95827585617,2983.94139446099,930.648132324219,340
1954,3140.5518731983,2991.27990047945,930.648132324219,340
1955,2846.89792364453,2980.34885961888,930.648132324219,340
1956,3145.39224359965,2987.08637483586,930.648132324219,340
1957,3048.29617629103,2984.00050968008,930.648132324219,340
1958,2948.52182671083,2980.27887062699,930.648132324219,340
1959,2881.38826688708,2970.50581602091,930.648132324219,340
1960,3059.45967622692,2969.34372371247,930.648132324219,340
1961,3103.37839756764,2970.74545463785,929.808349609375,340
1962,2840.83961509201,2962.57920911235,929.808349609375,340
1963,3059.0022191409,2971.36274215228,929.808349609375,340
1964,3074.54534561572,2973.60465689054,929.808349609375,340
1965,2988.06413154428,2981.67412359744,929.808349609375,340
1966,3015.85494330904,2980.77268103832,929.808349609375,340
1967,2842.83959688976,2982.00812623885,929.808349609375,340
1968,3027.79268650101,2984.60677180421,929.808349609375,340
1969,3111.8383751428,2983.97543264143,931.672485351562,340
1970,2910.54273399681,2985.56305952867,931.672485351562,340
1971,2887.17861330084,2977.72684096552,931.672485351562,340
1972,2882.70491374329,2973.2906432555,931.672485351562,340
1973,2799.47124379658,2972.83469928609,931.672485351562,340
1974,3141.7612615431,2979.46441582519,931.672485351562,340
1975,3095.1164293293,2983.63732048446,931.672485351562,340
1976,2879.33500006396,2984.17485072989,931.672485351562,340
1977,3109.82748743684,2989.82237025714,928.842163085938,340
1978,2883.0581334949,2988.94636456268,928.842163085938,340
1979,3039.08437117416,2984.88766448172,928.842163085938,340
1980,3153.93983828926,2997.16934106751,928.842163085938,340
1981,2998.83396919112,2991.30701009117,928.842163085938,340
1982,3135.14943893634,2994.78114059698,928.842163085938,340
1983,3050.81838221506,2998.87300281715,928.842163085938,340
1984,2651.25365179514,2989.66761821347,928.842163085938,340
1985,3075.79331742915,2990.32096386156,924.49560546875,340
1986,2904.60406305151,2982.36999048092,924.49560546875,340
1987,3018.78165900973,2989.48767223762,924.49560546875,340
1988,2818.28885630331,2979.85913772412,924.49560546875,340
1989,3146.63931810211,2982.74289662358,924.49560546875,340
1990,3064.04833941609,2985.78226493845,924.49560546875,340
1991,3158.71182284381,2991.49654011984,924.49560546875,340
1992,3118.63432945559,3002.52832942247,924.49560546875,340
1993,3120.3684182701,3006.23135869324,926.354431152344,340
1994,3159.25180074646,3008.12789571738,926.354431152344,340
1995,3079.71478913437,3014.89477792288,926.354431152344,340
1996,3129.66055806127,3024.5940557133,926.354431152344,340
1997,3145.11072397599,3035.09028812261,926.354431152344,340
1998,3138.42167797287,3048.64830548966,926.354431152344,340
1999,3138.11785113743,3048.50256907343,926.354431152344,340
2000,3071.71673641678,3047.56658135693,926.354431152344,340
2001,3152.91597998788,3058.50982055389,925.230407714844,340
2002,3114.12932659565,3058.68189412024,925.230407714844,340
2003,3138.35954513175,3068.89395058572,925.230407714844,340
2004,3132.76792362637,3072.64129268381,925.230407714844,340
2005,3138.32724458369,3072.01678893558,925.230407714844,340
2006,3001.58172251867,3072.12669906868,925.230407714844,340
2007,2865.28065847752,3061.33194785033,925.230407714844,340
2008,3144.6599821854,3065.08561184915,925.230407714844,340
2009,2990.28886259288,3078.64702028106,924.842407226562,340
2010,3119.81938138052,3080.40806283911,924.842407226562,340
2011,3099.25874311983,3088.19425004184,924.842407226562,340
2012,3147.15017632242,3093.32899073435,924.842407226562,340
2013,3129.32942308122,3105.77061340547,924.842407226562,340
2014,3092.71141399383,3103.61349724114,924.842407226562,340
2015,3129.81650820164,3106.24422399256,924.842407226562,340
2016,3092.71027556679,3103.60416210148,924.842407226562,340
2017,3111.36466683844,3103.31337559679,923.186584472656,340
2018,2853.37043677952,3092.63345633717,923.186584472656,340
2019,3151.67466970967,3092.3303710957,923.186584472656,340
2020,3037.26821840343,3090.63250826646,923.186584472656,340
2021,3142.01786180963,3091.12680041639,923.186584472656,340
2022,3160.14549332117,3091.7281911902,923.186584472656,340
2023,3078.76560431822,3089.34194824401,923.186584472656,340
2024,3076.89944002246,3086.89321179942,923.186584472656,340
2025,3167.54188595733,3090.72621778104,922.705017089844,340
2026,3028.43119272627,3085.74682629057,922.705017089844,340
2027,3084.00137718134,3084.541708314,922.705017089844,340
2028,3138.88498458004,3084.56272589193,922.705017089844,340
2029,3147.23176800803,3085.1412796672,922.705017089844,340
2030,3103.01394877289,3083.72874783477,922.705017089844,340
2031,3121.18211784632,3088.51276364787,922.705017089844,340
2032,3133.50450191574,3099.2417173854,922.705017089844,340
2033,2927.38419014961,3090.55068570397,923.618103027344,340
2034,3157.53040698368,3097.2403474796,923.618103027344,340
2035,3144.25742032366,3098.21786903733,923.618103027344,340
2036,3151.67685427105,3100.31459348338,923.618103027344,340
2037,3145.59946021979,3100.25256483927,923.618103027344,340
2038,3164.63200597591,3101.66466815506,923.618103027344,340
2039,3183.57734504812,3105.29930539723,923.618103027344,340
2040,3146.5360611633,3105.9680875157,923.618103027344,340
2041,3171.68538458297,3109.12709187634,922.625915527344,340
2042,3082.43277754084,3107.96981630444,922.625915527344,340
2043,3011.54043991985,3114.29661643005,922.625915527344,340
2044,3085.82601884218,3111.66267039535,922.625915527344,340
2045,3026.54178850841,3111.23361319955,922.625915527344,340
2046,3142.43820300107,3111.25042684721,922.625915527344,340
2047,3158.29869915165,3111.17655508043,922.625915527344,340
2048,3026.07691093717,3109.06900734519,922.625915527344,340
2049,2964.10645454523,3104.5572879261,923.967407226562,340
2050,3120.74616271524,3102.68545899641,923.967407226562,340
2051,3166.8978473817,3108.22412518263,923.967407226562,340
2052,2733.65290464009,3094.21018628098,923.967407226562,340
2053,3125.22286489842,3093.66370149372,923.967407226562,340
2054,3128.02016946332,3092.89523755193,923.967407226562,340
2055,2858.73934605473,3083.1242534432,923.967407226562,340
2056,3186.50091451063,3085.73700530977,923.967407226562,340
2057,3144.30279367772,3086.16893698025,926.146179199219,340
2058,3028.03969682674,3090.19515724734,926.146179199219,340
2059,3135.77796829114,3089.32505969964,926.146179199219,340
2060,3155.87377331275,3089.7897138192,926.146179199219,340
2061,2940.66918043463,3081.34940686574,926.146179199219,340
2062,3052.4200790259,3077.62223161799,926.146179199219,340
2063,2975.09915626696,3070.04091762963,926.146179199219,340
2064,3022.38769150442,3063.59333148788,926.146179199219,340
2065,3090.76628073761,3061.36254027085,927.496398925781,340
2066,3029.37634992975,3055.67017888472,927.496398925781,340
2067,3142.563094973,3058.07539158201,927.496398925781,340
2068,3163.54008177363,3064.15537725616,927.496398925781,340
2069,3119.52547931982,3065.50335567527,927.496398925781,340
2070,3135.48823729426,3069.8612136267,927.496398925781,340
2071,3061.39306902192,3066.61940826754,927.496398925781,340
2072,2979.46326111226,3059.46599074596,927.496398925781,340
2073,3004.16335220463,3058.58944839666,927.506164550781,340
2074,3100.5299181382,3064.04638694038,927.506164550781,340
2075,2791.46122098336,3050.8749892711,927.506164550781,340
2076,3065.97467286529,3046.83806229045,927.506164550781,340
2077,3164.74710448591,3064.08183028428,927.506164550781,340
2078,3113.66870258236,3063.61966379164,927.506164550781,340
2079,3081.58533860932,3061.76227055748,927.506164550781,340
2080,3027.81358971579,3068.52524030392,927.506164550781,340
2081,3141.16249413577,3066.71170348892,928.941711425781,340
2082,3081.93955904616,3064.21717410366,928.941711425781,340
2083,2987.44910360916,3062.59355037496,928.941711425781,340
2084,3082.58772357815,3060.46594058644,928.941711425781,340
2085,3124.64424269219,3059.21675936162,928.941711425781,340
2086,2911.14500700474,3058.03579242442,928.941711425781,340
2087,3066.00037523109,3058.57900427263,928.941711425781,340
2088,3158.57168489292,3065.91790541767,928.941711425781,340
2089,3155.52522444967,3071.24340673548,929.480651855469,340
2090,3137.04419865066,3073.094523452,929.480651855469,340
2091,3028.97594693797,3073.07850733233,929.480651855469,340
2092,3121.05909881638,3072.21834748606,929.480651855469,340
2093,3155.46700076648,3071.89542424578,929.480651855469,340
2094,3149.81626453611,3073.10705565443,929.480651855469,340
2095,3139.74108463741,3073.27716954816,929.480651855469,340
2096,3001.60785091623,3070.88576082393,929.480651855469,340
2097,3014.86900099894,3072.3019904194,930.813415527344,340
2098,3164.96848241746,3078.73419562791,930.813415527344,340
2099,3090.38794787047,3078.3285168172,930.813415527344,340
2100,3171.6107333032,3093.53449730999,930.813415527344,340
2101,3084.76815385531,3094.28623654959,930.813415527344,340
2102,3115.46625822023,3092.31500269897,930.813415527344,340
2103,3054.41118405761,3089.94470195798,930.813415527344,340
2104,3170.90192965487,3093.5173655998,930.813415527344,340
2105,3106.15232621029,3096.65091505958,931.800170898438,340
2106,3137.6485129383,3096.51035581168,931.800170898438,340
2107,3053.88650036206,3095.38823346432,931.800170898438,340
2108,3150.34869143881,3101.9042169775,931.800170898438,340
2109,3104.9012228098,3102.79675694677,931.800170898438,340
2110,3163.12587306088,3104.33602216151,931.800170898438,340
2111,2946.7714077579,3105.76107819164,931.800170898438,340
2112,3076.22533759416,3106.17007668616,931.800170898438,340
2113,3169.19236606411,3106.59490393301,933.731567382812,340
2114,3155.22336385588,3106.58282950926,933.731567382812,340
2115,3078.422768463,3104.23797230175,933.731567382812,340
2116,3023.65095362775,3104.02497256934,933.731567382812,340
2117,3106.20412433409,3103.43077359005,933.731567382812,340
2118,3156.27705896969,3103.46317591818,933.731567382812,340
2119,3038.42488108464,3099.00752058012,933.731567382812,340
2120,3053.71596549229,3095.56651581432,933.731567382812,340
2121,2829.39277953773,3088.67791295918,933.749389648438,340
2122,3015.06934536415,3088.68592673379,933.749389648438,340
2123,3091.02108016788,3085.7280306438,933.749389648438,340
2124,3116.8132247426,3086.78504171869,933.749389648438,340
2125,3141.02693042239,3085.56168960346,933.749389648438,340
2126,3181.78819702743,3089.44249133034,933.749389648438,340
2127,3139.61796584301,3090.40855963525,933.749389648438,340
2128,3053.26523734492,3090.36272176674,933.749389648438,340
2129,3205.59091906529,3091.75028134316,934.050048828125,340
2130,3138.55919306462,3093.04655601734,934.050048828125,340
2131,3164.58886205728,3094.12416998209,934.050048828125,340
2132,3171.77042092597,3098.83952680465,934.050048828125,340
2133,3140.4252389955,3098.44258870692,934.050048828125,340
2134,3137.65328793566,3099.75267131195,934.050048828125,340
2135,2992.7422103794,3092.93732480469,934.050048828125,340
2136,3049.72184162113,3097.05534215922,934.050048828125,340
2137,2997.68571881481,3093.91375740805,935.943176269531,340
2138,3153.5146996684,3093.28665075222,935.943176269531,340
2139,3119.72792191642,3091.86683307464,935.943176269531,340
2140,3158.06387850588,3095.05247747636,935.943176269531,340
2141,3183.82553379131,3101.4594606829,935.943176269531,340
2142,3124.39962893896,3102.1872808671,935.943176269531,340
2143,3179.65164892761,3103.12226446541,935.943176269531,340
2144,3137.89517939121,3107.10107639768,935.943176269531,340
2145,3132.92996066005,3110.26963620439,935.406555175781,340
2146,3058.75703545258,3119.44420644098,935.406555175781,340
2147,3161.50720565261,3125.30172085252,935.406555175781,340
2148,3148.99950959339,3127.62085802954,935.406555175781,340
2149,3133.79542670723,3128.30014610812,935.406555175781,340
2150,3156.17106806848,3128.90591161397,935.406555175781,340
2151,3183.29817191863,3128.96631060961,935.406555175781,340
2152,3184.60850025921,3130.76593198626,935.406555175781,340
2153,3193.97394896113,3136.39428045091,938.670349121094,340
2154,3182.90947848833,3135.48702282783,938.670349121094,340
2155,3111.24517542365,3134.39446212219,938.670349121094,340
2156,3145.29348040486,3133.6226468561,938.670349121094,340
2157,3157.47901606884,3133.05099066181,938.670349121094,340
2158,3093.42750153386,3131.17108116335,938.670349121094,340
2159,3141.94066557204,3131.3425762688,938.670349121094,340
2160,3101.48176107823,3135.69215829675,938.670349121094,340
2161,3107.81259291791,3138.01578834863,939.248718261719,340
2162,3190.00111814264,3145.70840432174,939.248718261719,340
2163,3135.11324440929,3144.97234611137,939.248718261719,340
2164,3104.87728322414,3144.37832056368,939.248718261719,340
2165,3002.1624210351,3138.14226226485,939.248718261719,340
2166,3178.97251109586,3137.94814135703,939.248718261719,340
2167,3168.1135748181,3139.6966991922,939.248718261719,340
2168,3128.50565269779,3137.65085934301,939.248718261719,340
2169,3059.48309685455,3134.51437604154,943.761352539062,340
2170,3137.27671503307,3134.68824621646,943.761352539062,340
2171,3191.04441333674,3139.97974133183,943.761352539062,340
2172,3124.41734674233,3138.49614697542,943.761352539062,340
2173,3161.16861301878,3138.98291111243,943.761352539062,340
2174,3182.7750957837,3140.94209787549,943.761352539062,340
2175,3162.41641805359,3141.1919118749,943.761352539062,340
2176,3143.63265147903,3139.60529105731,943.761352539062,340
2177,3183.64583255397,3139.5667843491,945.433532714844,340
2178,3180.82487854763,3139.04082153256,945.433532714844,340
2179,3145.37377234007,3137.53939328663,945.433532714844,340
2180,3191.52632735291,3140.7506393638,945.433532714844,340
2181,3169.96853351874,3141.73764148836,945.433532714844,340
2182,3019.3592360152,3136.21285028621,945.433532714844,340
2183,3191.60815124718,3140.14007627474,945.433532714844,340
2184,3156.42847314627,3140.71958857771,945.433532714844,340
2185,3186.54254145827,3144.12201979292,945.75732421875,340
2186,3154.27416897747,3145.9804828353,945.75732421875,340
2187,3105.51888386448,3142.60119346417,945.75732421875,340
2188,3152.46508465404,3143.29526707396,945.75732421875,340
2189,3134.39529707531,3144.47598762801,945.75732421875,340
2190,3159.72055421953,3150.77831295538,945.75732421875,340
2191,3169.16605765158,3150.38605481761,945.75732421875,340
2192,3157.22568872592,3149.95053937393,945.75732421875,340
2193,3208.88111060113,3153.16555769006,948.190551757812,340
2194,3164.02966940778,3157.34742059219,948.190551757812,340
2195,3037.73107991397,3153.36559518743,948.190551757812,340
2196,3174.82213979912,3152.71670424592,948.190551757812,340
2197,3183.50806245455,3155.08033287441,948.190551757812,340
2198,3178.56222281541,3155.77607726627,948.190551757812,340
2199,3171.302379147,3155.31716860081,948.190551757812,340
2200,3150.77650452007,3154.85157205947,948.190551757812,340
2201,3197.23219451179,3156.99555378078,945.992309570312,340
2202,3135.08676160313,3155.05319094274,945.992309570312,340
2203,3070.69563941776,3150.64802137755,945.992309570312,340
2204,3135.99323856523,3150.27280002655,945.992309570312,340
2205,3159.60408108752,3148.99591017594,945.992309570312,340
2206,3184.4409932078,3149.5748085635,945.992309570312,340
2207,3140.27527324101,3154.41145005253,945.992309570312,340
2208,3140.53497006833,3152.36852280538,945.992309570312,340
2209,3165.35868418346,3152.72573124687,942.9638671875,340
2210,3172.78747944807,3152.17552876646,942.9638671875,340
2211,3185.60941571876,3153.42893863611,942.9638671875,340
2212,3165.1549047642,3155.8143794721,942.9638671875,340
2213,3118.63605683588,3154.46121835937,942.9638671875,340
2214,3169.99009429326,3155.88501024809,942.9638671875,340
2215,3180.22536150092,3156.70520253935,942.9638671875,340
2216,3167.06119153979,3156.62100789487,942.9638671875,340
2217,3191.31710188456,3157.98466442122,939.9912109375,340
2218,3135.10008193929,3155.03342327475,939.9912109375,340
2219,3151.15800231014,3154.51855659084,939.9912109375,340
2220,3102.94826896248,3157.12724415278,939.9912109375,340
2221,3183.62896038061,3157.47951697604,939.9912109375,340
2222,3190.48097033043,3157.75843329108,939.9912109375,340
2223,3094.31616511817,3154.38859098319,939.9912109375,340
2224,3198.01003397066,3155.45689717613,939.9912109375,340
2225,3149.70865443613,3155.41418317278,938.7783203125,340
2226,3164.32695236361,3154.09797348685,938.7783203125,340
2227,3146.90732355672,3154.57079596499,938.7783203125,340
2228,3169.47435967058,3158.5219447751,938.7783203125,340
2229,3170.08670942035,3159.88568360931,938.7783203125,340
2230,3120.68624270047,3158.32897007383,938.7783203125,340
2231,3110.43498512324,3155.36872975044,938.7783203125,340
2232,3145.67117357683,3155.58456576388,938.7783203125,340
2233,3145.87827767725,3155.79829806823,939.828369140625,340
2234,3084.35981847485,3152.55834343989,939.828369140625,340
2235,3149.20464086844,3151.6150298967,939.828369140625,340
2236,3102.53120944444,3148.29190164573,939.828369140625,340
2237,3085.86786432068,3145.12042002799,939.828369140625,340
2238,3015.02368992943,3140.97592535173,939.828369140625,340
2239,3145.32353356857,3139.98926292275,939.828369140625,340
2240,3173.13171874442,3139.70551721249,939.828369140625,340
2241,3191.43525904844,3140.68047991283,938.768432617188,340
2242,3150.42484942331,3139.04478981438,938.768432617188,340
2243,3169.55567558826,3140.42301356034,938.768432617188,340
2244,3179.22585637733,3141.54572772303,938.768432617188,340
2245,3013.48986110642,3137.96739140879,938.768432617188,340
2246,3041.2726824411,3132.27314029121,938.768432617188,340
2247,2987.03000795186,3124.13510179606,938.768432617188,340
2248,3155.10602012095,3126.56669599617,938.768432617188,340
2249,3127.55410975602,3123.74845902759,938.269775390625,340
2250,3193.05071892061,3125.48214160697,938.269775390625,340
2251,3146.69985840601,3124.77705784866,938.269775390625,340
2252,3147.61316009441,3124.80529131017,938.269775390625,340
2253,3095.24771418514,3121.83622549075,938.269775390625,340
2254,3198.69064701597,3122.98038299458,938.269775390625,340
2255,3119.06096419281,3122.91537185427,938.269775390625,340
2256,3126.27534721736,3123.54898633804,938.269775390625,340
2257,3166.51175952558,3124.38260977599,940.22216796875,340
2258,3140.90620697855,3124.18372694804,940.22216796875,340
2259,3054.13939998443,3122.97491020842,940.22216796875,340
2260,3071.0207064228,3119.8475528306,940.22216796875,340
2261,2920.27310549382,3112.55722867257,940.22216796875,340
2262,3178.16485032043,3116.24910811256,940.22216796875,340
2263,3147.1031629866,3121.53228703485,940.22216796875,340
2264,3114.63460948939,3120.30473007168,940.22216796875,340
2265,3173.27256581821,3120.31036395463,942.273742675781,340
2266,3158.93513927365,3119.01035916364,942.273742675781,340
2267,3162.56827733945,3119.49609628029,942.273742675781,340
2268,3095.52509832541,3116.53487318977,942.273742675781,340
2269,2998.65687588533,3109.31211397009,942.273742675781,340
2270,3151.39144376804,3114.82817727656,942.273742675781,340
2271,3127.45442551383,3118.27544699947,942.273742675781,340
2272,3062.23817274768,3121.2837735913,942.273742675781,340
2273,3156.49996135174,3121.33953124053,939.199096679688,340
2274,3031.13321522571,3117.48269545932,939.199096679688,340
2275,3141.86078563628,3115.43509812794,939.199096679688,340
2276,3190.07131784539,3117.16995650552,939.199096679688,340
2277,3132.25049910029,3116.55545006576,939.199096679688,340
2278,3153.64153962331,3118.89120308328,939.199096679688,340
2279,3131.31578719762,3116.19620869055,939.199096679688,340
2280,2897.51666303053,3107.33443664406,939.199096679688,340
2281,3098.58794109014,3106.22694039897,941.007751464844,340
2282,3156.15540931537,3105.81268639056,941.007751464844,340
2283,3121.28383366951,3105.0277914582,941.007751464844,340
2284,3079.31522059991,3106.03482428282,941.007751464844,340
2285,3176.49105619833,3110.25363827384,941.007751464844,340
2286,3113.77541716076,3117.99373074052,941.007751464844,340
2287,3093.30149899667,3114.59919668757,941.007751464844,340
2288,3148.35819634532,3114.64939802191,941.007751464844,340
2289,2990.44329530462,3109.68174545452,939.071044921875,340
2290,3169.85849358978,3109.54518256539,939.071044921875,340
2291,3139.63317517434,3108.77310400141,939.071044921875,340
2292,3156.54716308044,3108.53225943105,939.071044921875,340
2293,3164.57931497945,3111.29442809721,939.071044921875,340
2294,3133.34554512373,3116.68197486675,939.071044921875,340
2295,3151.25833220814,3116.67665040435,939.071044921875,340
2296,3170.93418935778,3118.41584095811,939.071044921875,340
2297,3060.23900936836,3118.33587442294,938.376586914062,340
2298,3160.47801455131,3118.49499655092,938.376586914062,340
2299,3146.78630180813,3123.12112001422,938.376586914062,340
2300,3031.28593993778,3118.69812618628,938.376586914062,340
2301,3128.21262866214,3116.22377861895,938.376586914062,340
2302,3048.5914770257,3112.87741773597,938.376586914062,340
2303,3157.59406170828,3113.03551861936,938.376586914062,340
2304,3116.23641164019,3112.43234359707,938.376586914062,340
2305,3099.7125642372,3120.52017964533,940.476379394531,340
2306,3164.22129527692,3123.14551381281,940.476379394531,340
2307,3155.63485662669,3123.12469170526,940.476379394531,340
2308,3025.19432655552,3119.2811114207,940.476379394531,340
2309,3151.19134704839,3122.15615647864,940.476379394531,340
2310,3101.47232233732,3119.1554071242,940.476379394531,340
2311,2870.611702038,3109.42885851929,940.476379394531,340
2312,3121.30484506855,3110.54899236216,940.476379394531,340
2313,2845.48564491784,3098.43409030506,942.219177246094,340
2314,3133.14082649103,3104.14199155252,942.219177246094,340
2315,3169.33791497629,3104.12116840798,942.219177246094,340
2316,3027.57432033625,3099.63881421446,942.219177246094,340
2317,3142.09661548388,3099.06079231059,942.219177246094,340
2318,3002.04314631594,3092.55934556405,942.219177246094,340
2319,3104.61137172787,3091.40997862822,942.219177246094,340
2320,3166.38321956532,3092.01497412251,942.219177246094,340
2321,3131.87772535505,3090.4527155624,943.207092285156,340
2322,3157.81477559643,3094.35574621152,943.207092285156,340
2323,3177.31820408386,3095.02935379282,943.207092285156,340
2324,3119.00926948314,3093.91827249982,943.207092285156,340
2325,3082.93310450134,3095.98415908236,943.207092285156,340
2326,3092.9093745242,3094.57202891685,943.207092285156,340
2327,3165.26527764385,3099.23898094157,943.207092285156,340
2328,3066.47377640135,3095.59416952929,943.207092285156,340
2329,3190.47105326456,3098.56355519427,942.018432617188,340
2330,2909.25307476582,3090.94517561541,942.018432617188,340
2331,3164.46217240994,3090.95481070074,942.018432617188,340
2332,3158.24552072887,3091.05923726482,942.018432617188,340
2333,3059.43932222475,3092.42903709159,942.018432617188,340
2334,3101.63116018547,3090.44662961708,942.018432617188,340
2335,3093.43460269939,3090.12512083156,942.018432617188,340
2336,3043.92464016212,3097.05763835652,942.018432617188,340
2337,3011.48296577711,3092.66476318487,942.130004882812,340
2338,3124.09969537769,3103.80932520326,942.130004882812,340
2339,3069.26634012087,3101.25434574845,942.130004882812,340
2340,3145.97541931563,3100.31984592203,942.130004882812,340
2341,3071.90890949074,3102.09322948821,942.130004882812,340
2342,3116.23475639992,3101.05875512485,942.130004882812,340
2343,3181.63952197495,3108.24261015121,942.130004882812,340
2344,3125.79228511049,3109.08984668651,942.130004882812,340
2345,3186.56969462821,3109.89730568903,944.105773925781,340
2346,3163.35432037686,3111.1563694899,944.105773925781,340
2347,3092.83483540974,3108.55717188244,944.105773925781,340
2348,3110.57840124107,3105.88757976872,944.105773925781,340
2349,2908.97821146138,3097.48633744785,944.105773925781,340
2350,3146.32043158589,3100.02183053124,944.105773925781,340
2351,3134.55694465352,3101.68773333641,944.105773925781,340
2352,3159.40086128642,3101.45315668211,944.105773925781,340
2353,3102.53059739333,3102.89542952179,941.424987792969,340
2354,3106.91120379884,3099.55303554316,941.424987792969,340
2355,3123.12560503302,3108.10793675385,941.424987792969,340
2356,3085.58264351674,3104.95275559812,941.424987792969,340
2357,3121.74697205294,3103.49281365108,941.424987792969,340
2358,3133.86847550238,3106.46997978219,941.424987792969,340
2359,3105.6279143148,3106.62984994736,941.424987792969,340
2360,3143.04965319444,3108.61445196716,941.424987792969,340
2361,3093.01326697938,3110.57799703986,936.881408691406,340
2362,3140.81068426639,3115.75110577943,936.881408691406,340
2363,3077.28451048949,3113.8784983839,936.881408691406,340
2364,3148.75435955508,3117.05801916127,936.881408691406,340
2365,2883.23830349845,3106.54853452858,936.881408691406,340
2366,3131.94212574321,3108.94986317868,936.881408691406,340
2367,3173.34611248773,3111.23431742219,936.881408691406,340
2368,3135.61234883724,3109.39323049668,936.881408691406,340
2369,3171.12620678882,3111.20658736381,936.13818359375,340
2370,3170.62843110979,3110.56893682308,936.13818359375,340
2371,2996.67214993163,3103.90165000527,936.13818359375,340
2372,2959.23435389295,3098.5576307446,936.13818359375,340
2373,3173.41344495379,3101.07103249311,936.13818359375,340
2374,3184.64321417584,3112.09763260168,936.13818359375,340
2375,3195.67303674626,3114.0717368081,936.13818359375,340
2376,3184.89587677715,3116.08529409304,936.13818359375,340
2377,3015.29910831287,3110.3212239741,938.622375488281,340
2378,3167.90368810723,3112.93614760266,938.622375488281,340
2379,3017.07507428299,3109.34270242202,938.622375488281,340
2380,3165.30866162452,3111.03002468568,938.622375488281,340
2381,3043.58961066663,3109.35030337168,938.622375488281,340
2382,3158.83284008756,3110.83373809306,938.622375488281,340
2383,3151.63573695695,3111.54442855125,938.622375488281,340
2384,3078.22372827123,3110.4482611095,938.622375488281,340
2385,3139.68134574658,3110.31352881159,938.997497558594,340
2386,3022.26039195237,3107.48341381051,938.997497558594,340
2387,3157.92415542332,3108.16795265679,938.997497558594,340
2388,3087.24701432866,3108.56645281035,938.997497558594,340
2389,3138.88706265135,3108.1717609342,938.997497558594,340
2390,3169.52387199207,3119.62318367395,938.997497558594,340
2391,2915.85641986137,3110.97975543867,938.997497558594,340
2392,3179.84052057819,3111.23953176229,938.997497558594,340
2393,3169.16879497379,3112.58178960776,938.600280761719,340
2394,3136.72481590654,3111.20573397246,938.600280761719,340
2395,3056.67222257959,3106.64748563126,938.600280761719,340
2396,3156.21658572767,3113.0292630631,938.600280761719,340
2397,2972.80624007637,3113.57213851043,938.600280761719,340
2398,3069.96981958002,3109.43439349548,938.600280761719,340
2399,3165.47917597033,3108.66783196726,938.600280761719,340
2400,3148.08109340454,3106.7641542336,938.600280761719,340
2401,3180.04730181881,3106.57021123526,939.27197265625,340
2402,3091.83037319321,3109.63146183048,939.27197265625,340
2403,3183.13615598037,3110.2407605454,939.27197265625,340
2404,2927.3796143149,3106.65294214668,939.27197265625,340
2405,2832.46247867502,3093.3390948287,939.27197265625,340
2406,2947.59516802502,3089.49931712303,939.27197265625,340
2407,3069.22244764236,3085.91490142522,939.27197265625,340
2408,3107.31076327402,3084.14190247791,939.27197265625,340
2409,3158.6206870505,3087.35778082908,938.726867675781,340
2410,3155.86101034055,3088.00496741284,938.726867675781,340
2411,3134.84331617055,3092.50828438156,938.726867675781,340
2412,3170.63832788349,3093.01685127997,938.726867675781,340
2413,3025.62359672201,3090.5519145757,938.726867675781,340
2414,3177.03541611182,3092.07784871412,938.726867675781,340
2415,3051.46622055675,3087.35554265671,938.726867675781,340
2416,3065.17171042267,3093.32815427916,938.726867675781,340
2417,3142.23072969189,3091.82376264371,938.037780761719,340
2418,3142.71507536349,3090.7656138593,938.037780761719,340
2419,3115.08024320704,3089.89983095132,938.037780761719,340
2420,3182.49748500763,3094.93284144844,938.037780761719,340
2421,2963.14578799388,3087.21000953909,938.037780761719,340
2422,3169.33241905838,3095.07105669837,938.037780761719,340
2423,3168.81953689449,3099.02504539095,938.037780761719,340
2424,3196.10124101369,3100.24992799268,938.037780761719,340
2425,3058.54664658903,3096.66855012006,939.593200683594,340
2426,3150.66219327512,3095.49314577832,939.593200683594,340
2427,3167.33729062404,3098.51342247555,939.593200683594,340
2428,3184.29774557599,3098.55988605937,939.593200683594,340
2429,3023.30774503269,3102.39701128808,939.593200683594,340
2430,3168.12221998577,3115.82340094051,939.593200683594,340
2431,3164.43455896648,3124.49697657817,939.593200683594,340
2432,3158.02541525081,3128.04909528251,939.593200683594,340
2433,2624.78240976241,3108.74796114205,937.387268066406,340
2434,3137.69035484044,3107.91074785364,937.387268066406,340
2435,3075.39560538321,3104.69213165535,937.387268066406,340
2436,3126.80085994968,3104.37043340652,937.387268066406,340
2437,2943.42683330105,3095.28197362322,937.387268066406,340
2438,3185.73726494546,3101.68652035216,937.387268066406,340
2439,3063.05723358664,3097.12739305115,937.387268066406,340
2440,3176.18658303267,3102.11620755019,937.387268066406,340
2441,3120.56873088456,3104.33208836866,935.8662109375,340
2442,3102.20152349968,3102.73092012097,935.8662109375,340
2443,2837.11941445914,3090.5070936848,935.8662109375,340
2444,3072.87322847138,3088.81881309537,935.8662109375,340
2445,3176.41791561374,3088.57563031962,935.8662109375,340
2446,3026.30093912988,3091.10183636506,935.8662109375,340
2447,3068.6003319042,3087.07255287889,935.8662109375,340
2448,3215.5011072433,3088.93981569284,935.8662109375,340
2449,3114.23561782045,3085.66519076511,937.726196289062,340
2450,3108.5752563554,3087.66633515577,937.726196289062,340
2451,3139.80488823863,3087.23204295431,937.726196289062,340
2452,2986.98276330418,3080.01786186151,937.726196289062,340
2453,3181.08800462981,3079.88947222367,937.726196289062,340
2454,3120.00089216595,3083.757198109,937.726196289062,340
2455,3179.50501698786,3084.21250998908,937.726196289062,340
2456,3149.01173480761,3083.59559702273,937.726196289062,340
2457,3019.27885298352,3078.04573453203,935.127563476562,340
2458,3098.67898992869,3097.00159773869,935.127563476562,340
2459,3082.12808344766,3094.77910688297,935.127563476562,340
2460,3024.37858547948,3092.73842608683,935.127563476562,340
2461,3198.12775282806,3095.59150180196,935.127563476562,340
2462,3164.17721011622,3104.42151687457,935.127563476562,340
2463,3135.13658583795,3102.39748971027,935.127563476562,340
2464,3037.44054133259,3101.37282202011,935.127563476562,340
2465,3160.56117392828,3100.74780565593,936.062805175781,340
2466,3136.69704251715,3101.39293812123,936.062805175781,340
2467,3167.06584646273,3103.98751103975,936.062805175781,340
2468,3192.23864683064,3118.19228033461,936.062805175781,340
2469,3093.52701831035,3119.01843192817,936.062805175781,340
2470,3159.04074868123,3118.32334525087,936.062805175781,340
2471,3130.95616776517,3122.50955439628,936.062805175781,340
2472,3002.16497955262,3119.85214030222,936.062805175781,340
2473,3161.67278842879,3117.69900754964,935.628784179688,340
2474,3105.5023816481,3117.34967810275,935.628784179688,340
2475,2967.06992226759,3111.68946473923,935.628784179688,340
2476,3091.05717776369,3109.73955632024,935.628784179688,340
2477,3026.56422810197,3111.32281491215,935.628784179688,340
2478,3137.91886327022,3109.59604925777,935.628784179688,340
2479,3197.69033012635,3112.70362677618,935.628784179688,340
2480,3113.50780690922,3110.06373837304,935.628784179688,340
2481,3157.9440625819,3110.42103148401,934.650085449219,340
2482,3168.95426103644,3116.40804780612,934.650085449219,340
2483,3173.31465289567,3119.3934743248,934.650085449219,340
2484,3114.5933561234,3120.69208523183,934.650085449219,340
2485,3180.97055531726,3126.95576402534,934.650085449219,340
2486,3174.35828317225,3126.00498523911,934.650085449219,340
2487,3152.66947379723,3125.54467578635,934.650085449219,340
2488,3161.43566347981,3126.59663889203,934.650085449219,340
2489,3036.26070060398,3126.54944526288,933.86962890625,340
2490,3137.96781977299,3125.64571109667,933.86962890625,340
2491,3175.81120772897,3127.21027770514,933.86962890625,340
2492,3121.2854793921,3125.37906302232,933.86962890625,340
2493,3190.41975298748,3125.30630726859,933.86962890625,340
2494,3098.2510761125,3125.49526958068,933.86962890625,340
2495,3081.17473105165,3122.38062887549,933.86962890625,340
2496,3186.22798347197,3124.59150150377,933.86962890625,340
2497,3164.55829492711,3131.08723411875,934.325744628906,340
2498,3119.33178034268,3129.3935937953,934.325744628906,340
2499,2975.87816706683,3124.20862521205,934.325744628906,340
2500,2985.39418391532,3124.94159567796,934.325744628906,340
2501,3137.01882464209,3126.7800615531,934.325744628906,340
2502,3057.40077463598,3128.01352341445,934.325744628906,340
2503,3194.08523344328,3130.26017822138,934.325744628906,340
2504,3130.15192353748,3127.55864195782,934.325744628906,340
2505,3131.46783715687,3128.27704316773,936.201782226562,340
2506,3163.95089352383,3128.51731640541,936.201782226562,340
2507,3185.85930729543,3129.19351825577,936.201782226562,340
2508,3188.40137852682,3129.79698728101,936.201782226562,340
2509,3117.31945707516,3129.90603131908,936.201782226562,340
2510,3030.39054349869,3123.88283084634,936.201782226562,340
2511,3135.12355236114,3122.3134416139,936.201782226562,340
2512,3159.808209855,3122.59899105621,936.201782226562,340
2513,3112.68626599464,3120.6490151568,938.249450683594,340
2514,3204.17913252279,3127.36575243355,938.249450683594,340
2515,3150.4427681842,3127.86475037,938.249450683594,340
2516,3166.07665542387,3127.4753682778,938.249450683594,340
2517,3149.49547716944,3128.60376818889,938.249450683594,340
2518,3148.02406855075,3126.90794081142,938.249450683594,340
2519,2949.93729002522,3120.97538936793,938.249450683594,340
2520,3178.4865519657,3124.86786220449,938.249450683594,340
2521,3166.29290818109,3124.07045919286,939.416687011719,340
2522,3194.30584675188,3125.26036126585,939.416687011719,340
2523,3174.21730047046,3127.45578207096,939.416687011719,340
2524,3184.33128967236,3135.79390697518,939.416687011719,340
2525,3176.92543419065,3143.45515698619,939.416687011719,340
2526,3126.87392185844,3143.04936087485,939.416687011719,340
2527,3171.10790505902,3147.59764609177,939.416687011719,340
2528,3132.38004615488,3145.12943860023,939.416687011719,340
2529,3157.09355276895,3146.20710376949,941.240234375,340
2530,3066.59185110812,3143.61206432754,941.240234375,340
2531,3174.40152834878,3144.03008972054,941.240234375,340
2532,3159.39508098003,3142.97152066792,941.240234375,340
2533,3149.70622669393,3141.42371459461,941.240234375,340
2534,3185.01798800708,3144.13165583188,941.240234375,340
2535,3179.29680057006,3150.08790611474,941.240234375,340
2536,3190.15493906793,3152.28916158301,941.240234375,340
2537,3182.34033439555,3153.19044656463,940.852233886719,340
2538,3041.51217775594,3150.34348303508,940.852233886719,340
2539,3071.99361102588,3145.05606217521,940.852233886719,340
2540,3113.30933670295,3143.57072491596,940.852233886719,340
2541,3130.24614378843,3142.13750445054,940.852233886719,340
2542,3172.10501386004,3143.04188591816,940.852233886719,340
2543,3174.50338494037,3144.10105857375,940.852233886719,340
2544,3083.36805258098,3149.43828907598,940.852233886719,340
2545,3172.98880275492,3149.21837910755,943.222290039062,340
2546,3123.90631617733,3147.5229154274,943.222290039062,340
2547,3178.89702949257,3146.90656273703,943.222290039062,340
2548,2959.16392025539,3138.30442752842,943.222290039062,340
2549,3140.94955029584,3136.56915795336,943.222290039062,340
2550,2904.85985184091,3125.68653465937,943.222290039062,340
2551,3115.11943221171,3125.2163550735,943.222290039062,340
2552,3170.18679736575,3125.17951076577,943.222290039062,340
2553,3067.74605742534,3122.59415121659,944.230895996094,340
2554,2938.32125784928,3113.8432594198,944.230895996094,340
2555,3185.71638756598,3118.60824087812,944.230895996094,340
2556,3133.43000179879,3116.96937981612,944.230895996094,340
2557,3045.95500174125,3112.43177664657,944.230895996094,340
2558,3167.07473705412,3113.12651706098,944.230895996094,340
2559,3144.7930046206,3111.51751772552,944.230895996094,340
2560,3062.40053004703,3106.84166690459,944.230895996094,340
2561,3186.5135131955,3106.6960098697,943.733764648438,340
2562,3033.4573186213,3100.74068923873,943.733764648438,340
2563,3110.6119161295,3103.50467877367,943.733764648438,340
2564,3083.03104699735,3103.94617621253,943.733764648438,340
2565,3152.63313527344,3105.51912815535,943.733764648438,340
2566,3048.49602766364,3102.24912351036,943.733764648438,340
2567,3163.89519820886,3101.92073088431,943.733764648438,340
2568,3070.36325462186,3097.75512567157,943.733764648438,340
2569,3148.78122745456,3100.37165266651,944.015075683594,340
2570,3060.93091771015,3095.88933726472,944.015075683594,340
2571,3093.83921222281,3094.68665310654,944.015075683594,340
2572,3183.1208493612,3094.85560590129,944.015075683594,340
2573,3112.75857796974,3100.99939220986,944.015075683594,340
2574,3083.11023719045,3098.68581968564,944.015075683594,340
2575,3071.96510023827,3105.37002962154,944.015075683594,340
2576,3158.07976617273,3107.08844297998,944.015075683594,340
2577,3142.90923144953,3105.99734034333,940.073974609375,340
2578,3038.4015010903,3104.82355808993,940.073974609375,340
2579,3010.83323198993,3107.72403705555,940.073974609375,340
2580,3143.33108657881,3106.02862501607,940.073974609375,340
2581,3143.01887007943,3106.41217974729,940.073974609375,340
2582,2886.74238867244,3100.04367522454,940.073974609375,340
2583,2948.77644524033,3091.31174355199,940.073974609375,340
2584,3012.52572919336,3086.0210525349,940.073974609375,340
2585,3055.99269427386,3085.76473910397,938.547119140625,340
2586,3171.07789713806,3085.14731446168,938.547119140625,340
2587,3021.71848552058,3084.67776113765,938.547119140625,340
2588,3190.68669175719,3087.88075216276,938.547119140625,340
2589,3014.78766633642,3085.15101693632,938.547119140625,340
2590,3156.92617761225,3085.32273862987,938.547119140625,340
2591,3013.50650536307,3083.92315773785,938.547119140625,340
2592,3095.0348086562,3081.16874215574,938.547119140625,340
2593,3146.93507427951,3084.23161494205,939.866821289062,340
2594,3155.91029696324,3084.51677772239,939.866821289062,340
2595,3072.53970609592,3084.98112925782,939.866821289062,340
2596,3120.84538557789,3086.06137619203,939.866821289062,340
2597,3116.97040201375,3083.41535829813,939.866821289062,340
2598,3001.93545421876,3078.98243334809,939.866821289062,340
2599,3096.67427560359,3079.52499488462,939.866821289062,340
2600,3101.70446050375,3080.71456929523,939.866821289062,340
2601,3127.03871419994,3079.47292721632,938.635498046875,340
2602,3067.87728067513,3076.47164918535,938.635498046875,340
2603,3037.60883568857,3076.43994256928,938.635498046875,340
2604,2920.01388825351,3072.80716881982,938.635498046875,340
2605,3161.12125891029,3073.51877571308,938.635498046875,340
2606,2944.63463811067,3065.58340643433,938.635498046875,340
2607,3171.70370683054,3076.98185916065,938.635498046875,340
2608,3150.98856472096,3085.07034393988,938.635498046875,340
2609,2988.90840734321,3084.12565106587,938.756103515625,340
2610,2845.26470317115,3075.69653142177,938.756103515625,340
2611,2929.72641563642,3066.0424721617,938.756103515625,340
2612,3088.27882169559,3068.7048856087,938.756103515625,340
2613,2979.26455092138,3060.24799997527,938.756103515625,340
2614,2996.9572664097,3059.5347839782,938.756103515625,340
2615,2870.12225241166,3048.06262697018,938.756103515625,340
2616,2997.51056837727,3047.42278949074,938.756103515625,340
2617,3166.76759601735,3050.29210098519,937.894287109375,340
2618,2961.94475359377,3042.89248815776,937.894287109375,340
2619,3165.49051870177,3043.2756970273,937.894287109375,340
2620,3180.66068280076,3047.60053609549,937.894287109375,340
2621,3158.32309408963,3049.09964443596,937.894287109375,340
2622,3091.25094514778,3048.07086616133,937.894287109375,340
2623,2928.87581309004,3045.14848051618,937.894287109375,340
2624,3159.48034995298,3047.66072349015,937.894287109375,340
2625,3094.7051647179,3047.38075165872,941.384155273438,340
2626,2926.41712221982,3039.35588797951,941.384155273438,340
2627,2981.15309676745,3035.88692062321,941.384155273438,340
2628,3076.91662389159,3037.45923215133,941.384155273438,340
2629,2917.87487285217,3037.37367153527,941.384155273438,340
2630,2983.03399300465,3030.25018089905,941.384155273438,340
2631,2904.79270901583,3028.65650373525,941.384155273438,340
2632,3205.214976061,3029.99695450447,941.384155273438,340
2633,3113.78659256853,3028.50887561838,939.6796875,340
2634,2720.40540946629,3017.7687557033,939.6796875,340
2635,2984.66497149379,3023.3447664362,939.6796875,340
2636,2945.24437667767,3023.96548487785,939.6796875,340
2637,3118.5149297954,3025.17492920185,939.6796875,340
2638,3150.94383563652,3032.04210059045,939.6796875,340
2639,3026.16957718203,3033.21059302135,939.6796875,340
2640,3157.24013186428,3044.69530819945,939.6796875,340
2641,2854.15920454562,3038.96125364619,937.544311523438,340
2642,2950.6581020388,3030.31687388704,937.544311523438,340
2643,3110.14744847122,3036.24498168214,937.544311523438,340
2644,2871.12177086243,3024.47023176857,937.544311523438,340
2645,3065.03423868312,3019.84517400386,937.544311523438,340
2646,3179.72618279318,3020.701297552,937.544311523438,340
2647,3132.16151397569,3022.33772030512,937.544311523438,340
2648,2784.93849709944,3016.58022766549,937.544311523438,340
2649,2953.63852545385,3008.34655468553,938.126037597656,340
2650,2881.82332271041,2999.83128100523,938.126037597656,340
2651,2832.33236390192,2996.06789067252,938.126037597656,340
2652,3152.87095687952,3002.936605077,938.126037597656,340
2653,3154.50104362534,3006.03998186635,938.126037597656,340
2654,3126.55288190618,3014.38710222851,938.126037597656,340
2655,2901.06449821997,3011.10832243712,938.126037597656,340
2656,3093.89827016298,3018.67254488301,938.126037597656,340
2657,3074.52352045197,3013.44488665865,935.631591796875,340
2658,3121.15480294942,3013.73961507388,935.631591796875,340
2659,2946.51773712532,3022.78410818024,935.631591796875,340
2660,3177.4351017,3030.49491338849,935.631591796875,340
2661,2904.34565209645,3028.85896440524,935.631591796875,340
2662,3155.25682666023,3030.32864027983,935.631591796875,340
2663,3184.11691982348,3031.65556364731,935.631591796875,340
2664,3095.77120212758,3034.43962864514,935.631591796875,340
2665,3172.11832007567,3035.03475617359,937.0888671875,340
2666,3096.94625915915,3044.74623835813,937.0888671875,340
2667,3132.6520262648,3052.02599532717,937.0888671875,340
2668,3151.26408315976,3053.67066071471,937.0888671875,340
2669,3122.89386689033,3063.74154455583,937.0888671875,340
2670,2871.68664322347,3056.00764073744,937.0888671875,340
2671,3174.01374573725,3055.77914325521,937.0888671875,340
2672,3176.322569639,3057.54558548174,937.0888671875,340
2673,3061.55332302018,3068.61017851857,933.265991210938,340
2674,3115.78091834126,3075.09587423406,933.265991210938,340
2675,3150.47394640789,3085.84189918196,933.265991210938,340
2676,3056.45789191613,3094.80692030253,933.265991210938,340
2677,2899.94964104832,3084.69006766928,933.265991210938,340
2678,3171.50489263735,3085.37022162976,933.265991210938,340
2679,2960.19929719759,3078.71607824142,933.265991210938,340
2680,3118.49583549983,3087.41333173262,933.265991210938,340
2681,3117.14162630756,3088.3430659784,935.959289550781,340
2682,3042.46908405006,3087.06088852232,935.959289550781,340
2683,3188.46642874872,3089.75335355429,935.959289550781,340
2684,3133.93707729553,3097.2501271611,935.959289550781,340
2685,2988.70002463023,3089.70072407831,935.959289550781,340
2686,3011.62709862462,3093.99198193944,935.959289550781,340
2687,3017.3341115935,3088.47507333677,935.959289550781,340
2688,3142.14792961391,3086.79631372839,935.959289550781,340
2689,3062.43313343125,3085.46279098053,935.7421875,340
2690,3145.75787252419,3084.40837307848,935.7421875,340
2691,3110.91833513456,3084.96725611749,935.7421875,340
2692,3116.07803651607,3084.30429652754,935.7421875,340
2693,3011.43319797647,3078.71106112021,935.7421875,340
2694,3131.0938862315,3079.03906189386,935.7421875,340
2695,3058.46787645899,3086.51031122328,935.7421875,340
2696,3047.09008751214,3081.43336489427,935.7421875,340
2697,2827.38247354232,3067.47576105041,935.026062011719,340
2698,3061.58601200032,3067.47706860961,935.026062011719,340
2699,3043.64692669833,3064.5917089439,935.026062011719,340
2700,2944.48345498184,3056.35208928685,935.026062011719,340
2701,3008.48112296265,3054.43301852871,935.026062011719,340
2702,3093.17044064351,3062.16185051252,935.026062011719,340
2703,2909.58673487991,3051.68512420223,935.026062011719,340
2704,3079.42559896824,3056.45417627305,935.026062011719,340
2705,2844.58920630642,3045.49791110531,933.644775390625,340
2706,2997.09205547236,3040.69592827191,933.644775390625,340
2707,3142.92127959036,3044.71401609352,933.644775390625,340
2708,3125.06679837285,3042.17803087848,933.644775390625,340
2709,3167.10948511778,3043.50492719137,933.644775390625,340
2710,3096.35412969212,3047.81109139385,933.644775390625,340
2711,3142.24440580787,3053.03578368118,933.644775390625,340
2712,2957.43361752691,3050.63976391851,933.644775390625,340
2713,2915.07092733308,3041.55668382728,933.409423828125,340
2714,3067.56420830456,3041.76192682221,933.409423828125,340
2715,3075.07816870767,3038.93473866955,933.409423828125,340
2716,2700.75161176743,3022.52806973487,933.409423828125,340
2717,3131.24038641378,3023.13456373078,933.409423828125,340
2718,2855.8813188206,3016.91248856454,933.409423828125,340
2719,3043.86019942158,3013.42314109214,933.409423828125,340
2720,3046.04661146027,3012.9262904922,933.409423828125,340
2721,3136.35117578009,3016.49673402291,934.280517578125,340
2722,3063.99179896161,3025.96110703968,934.280517578125,340
2723,2984.97681289874,3022.89673907562,934.280517578125,340
2724,3018.29173938688,3021.88253158316,934.280517578125,340
2725,3143.91118502711,3029.85964078497,934.280517578125,340
2726,3048.42242489668,3031.45729286234,934.280517578125,340
2727,2883.62881353837,3023.07562777813,934.280517578125,340
2728,2891.79567864623,3022.36398552878,934.280517578125,340
2729,2986.55297595622,3018.6490806083,933.463623046875,340
2730,3116.33826393698,3029.51904291353,933.463623046875,340
2731,3080.96880087421,3032.8741127296,933.463623046875,340
2732,2907.03970048188,3023.43884956526,933.463623046875,340
2733,3070.67217554392,3021.2630646521,933.463623046875,340
2734,3074.10736648022,3017.5429799066,933.463623046875,340
2735,3116.00110321244,3018.32885884741,933.463623046875,340
2736,3110.08404323679,3017.04244434457,933.463623046875,340
2737,3109.07815764716,3023.10822594938,931.639465332031,340
2738,3193.51896818919,3034.24614758362,931.639465332031,340
2739,3152.00667415207,3037.62384621752,931.639465332031,340
2740,3162.48030664765,3041.11993173512,931.639465332031,340
2741,3114.82246691665,3057.68276594109,931.639465332031,340
2742,3156.43981865342,3058.69074323068,931.639465332031,340
2743,2946.37974866863,3062.3106804246,931.639465332031,340
2744,3048.71088246394,3062.50470774629,931.639465332031,340
2745,2977.52421865832,3059.76381203422,933.229675292969,340
2746,3063.58314071128,3056.85309063146,933.229675292969,340
2747,3075.68317670723,3057.32074574129,933.229675292969,340
2748,2947.98762653509,3055.84117828674,933.229675292969,340
2749,3070.58926202882,3057.93307919242,933.229675292969,340
2750,3142.6066640307,3057.88089835256,933.229675292969,340
2751,3114.64358754712,3060.52974485858,933.229675292969,340
2752,3146.32231541964,3071.03748493383,933.229675292969,340
2753,3121.9381647113,3080.24318437643,934.990844726562,340
2754,2952.20874678164,3078.86941520945,934.990844726562,340
2755,3066.71137089724,3076.88433948786,934.990844726562,340
2756,3175.47128236865,3080.66443874764,934.990844726562,340
2757,3107.49387322552,3088.68260565739,934.990844726562,340
2758,3159.66043880977,3092.24213618802,934.990844726562,340
2759,3120.85159570087,3094.11190535684,934.990844726562,340
2760,3034.9614205111,3090.87031804879,934.990844726562,340
2761,3156.43000288266,3092.72415643463,935.411926269531,340
2762,2945.40804024318,3086.17735173847,935.411926269531,340
2763,3042.49600481812,3080.13643320362,935.411926269531,340
2764,3154.87807907054,3080.25128940036,935.411926269531,340
2765,3152.80335104081,3079.86421117609,935.411926269531,340
2766,3148.34157848235,3081.20497563872,935.411926269531,340
2767,3061.57604680278,3077.41042476469,935.411926269531,340
2768,3102.50734131201,3083.65552847043,935.411926269531,340
2769,3185.26891543771,3089.11784978938,936.700073242188,340
2770,3175.02898604377,3097.0180404848,936.700073242188,340
2771,3012.77353519922,3094.98565626431,936.700073242188,340
2772,2988.62860009818,3091.50347319995,936.700073242188,340
2773,3028.79073796286,3094.73559765706,936.700073242188,340
2774,3161.76698213724,3098.3827064614,936.700073242188,340
2775,3142.38748655709,3098.37393936246,936.700073242188,340
2776,3158.88235803583,3100.143490182,936.700073242188,340
2777,3142.02536269691,3099.97161207309,935.108825683594,340
2778,3103.15542391377,3099.22030244119,935.108825683594,340
2779,2733.10942329386,3090.45632950168,935.108825683594,340
2780,2997.42140811991,3087.68473099059,935.108825683594,340
2781,3183.97456032201,3088.02486210872,935.108825683594,340
2782,3169.1190045963,3090.48986736355,935.108825683594,340
2783,3155.38247755653,3090.31874891342,935.108825683594,340
2784,3170.10055229274,3092.2887071771,935.108825683594,340
2785,3035.81807795713,3092.32297347494,936.588256835938,340
2786,3107.38145541796,3090.36103157635,936.588256835938,340
2787,3179.11787643749,3099.70942502413,936.588256835938,340
2788,3139.77658563077,3103.60064825663,936.588256835938,340
2789,3179.83263190988,3104.59883037021,936.588256835938,340
2790,3020.32014179473,3099.29950200036,936.588256835938,340
2791,3146.99007879935,3099.24544201304,936.588256835938,340
2792,3001.16334826393,3096.82893407149,936.588256835938,340
2793,3165.99256924323,3099.36834318874,937.314453125,340
2794,3047.47351164886,3093.85652703718,937.314453125,340
2795,3149.30109090401,3092.82741123159,937.314453125,340
2796,3070.47166895531,3095.13533658184,937.314453125,340
2797,3154.45425786832,3101.76836289264,937.314453125,340
2798,3172.51582918334,3107.51736654146,937.314453125,340
2799,3143.2457390921,3106.77651681965,937.314453125,340
2800,3158.5496596325,3107.42300374267,937.314453125,340
2801,3152.11520386286,3107.15231757575,937.483947753906,340
2802,3131.18175516446,3106.71857327445,937.483947753906,340
2803,3129.92503002446,3107.78935751888,937.483947753906,340
2804,3183.56277861889,3125.80749173188,937.483947753906,340
2805,3112.39317424522,3130.4063623769,937.483947753906,340
2806,3135.05186751818,3128.44945466474,937.483947753906,340
2807,2977.12172218206,3120.76956336817,937.483947753906,340
2808,3040.77872057605,3116.18541308895,937.483947753906,340
2809,3067.76121063654,3112.09183942271,937.017822265625,340
2810,3133.28895623135,3115.99067455367,937.017822265625,340
2811,3127.68089491296,3116.80265213347,937.017822265625,340
2812,3131.06362035283,3114.88048189009,937.017822265625,340
2813,3171.66167501291,3116.15588546537,937.017822265625,340
2814,3150.28979087861,3114.97417182412,937.017822265625,340
2815,2995.31496377869,3113.97396470348,937.017822265625,340
2816,3181.49106287103,3115.35400406635,937.017822265625,340
2817,3160.67132450506,3121.73432311599,936.978393554688,340
2818,3187.4698919332,3122.59341602359,936.978393554688,340
2819,3177.57580164824,3127.79750762357,936.978393554688,340
2820,3114.042308067,3126.38715631009,936.978393554688,340
2821,3152.06315222389,3129.65081564083,936.978393554688,340
2822,3054.34798271737,3125.64656463479,936.978393554688,340
2823,3111.40467509512,3123.20211847126,936.978393554688,340
2824,2986.38541843714,3116.92770564506,936.978393554688,340
2825,2825.13124913992,3103.59096922536,938.170471191406,340
2826,3078.5615694083,3100.64882384718,938.170471191406,340
2827,3094.19310705295,3099.16927792272,938.170471191406,340
2828,3023.11728505586,3094.89696812397,938.170471191406,340
2829,2616.54121007181,3072.21610538209,938.170471191406,340
2830,3116.63071810603,3072.38560713652,938.170471191406,340
2831,2799.58949190995,3058.96711211219,938.170471191406,340
2832,3156.53671208133,3066.14371170816,938.170471191406,340
2833,3130.45860721048,3069.73090717354,936.0888671875,340
2834,3007.89699820692,3067.33633867636,936.0888671875,340
2835,2919.02739061519,3058.76587605171,936.0888671875,340
2836,3172.29302520746,3060.55036126349,936.0888671875,340
2837,3179.63722240704,3062.49330534566,936.0888671875,340
2838,3161.29933683723,3062.07881181863,936.0888671875,340
2839,3028.41185729898,3057.20369447545,936.0888671875,340
2840,3037.59379783823,3058.89484783783,936.0888671875,340
2841,3005.57360167808,3051.85814939011,938.011413574219,340
2842,3170.24047760588,3052.24091551414,938.011413574219,340
2843,3026.91812615805,3045.81884488314,938.011413574219,340
2844,3020.89922706306,3039.55178189973,938.011413574219,340
2845,3103.86623475517,3039.14473896726,938.011413574219,340
2846,2785.41288316079,3024.47872820473,938.011413574219,340
2847,3196.36594041112,3030.15944651248,938.011413574219,340
2848,3147.51036859986,3031.60367425267,938.011413574219,340
2849,3161.71428230067,3038.61682880721,939.23486328125,340
2850,3071.94124134334,3048.48922849535,939.23486328125,340
2851,3159.79313076277,3051.73849094953,939.23486328125,340
2852,2997.96578356557,3047.88939801003,939.23486328125,340
2853,3134.40651835163,3052.34096734187,939.23486328125,340
2854,3108.28088224013,3072.0105542286,939.23486328125,340
2855,3084.32564962084,3070.71835148919,939.23486328125,340
2856,3139.25110423884,3084.30481598235,939.23486328125,340
2857,3023.00267732832,3078.96345459222,933.727600097656,340
2858,3169.35170367911,3080.51917845097,933.727600097656,340
2859,3159.24751754699,3086.57319922457,933.727600097656,340
2860,3156.21176246644,3096.06057409862,933.727600097656,340
2861,3060.3835388701,3091.58419464513,933.727600097656,340
2862,3141.89583337281,3090.07453908376,933.727600097656,340
2863,3080.50455913099,3086.84274797551,933.727600097656,340
2864,3045.6359592129,3087.53171205207,933.727600097656,340
2865,3161.83644339296,3092.50141787426,936.542358398438,340
2866,3162.51522457197,3098.77908279001,936.542358398438,340
2867,3069.00041234795,3094.72948017969,936.542358398438,340
2868,3119.09211258313,3098.4164396367,936.542358398438,340
2869,3178.23586988703,3104.70990534966,936.542358398438,340
2870,3089.32227115827,3104.12814680578,936.542358398438,340
2871,2995.36319163382,3112.5261591447,936.542358398438,340
2872,3145.64316352333,3110.49724806919,936.542358398438,340
2873,3092.83251929783,3108.31013409711,939.203308105469,340
2874,3140.18108455593,3107.44880618732,939.203308105469,340
2875,3086.18255715358,3108.01845881973,939.203308105469,340
2876,3130.73128263303,3106.85598489454,939.203308105469,340
2877,3096.83973815657,3110.81094307818,939.203308105469,340
2878,3138.57668408886,3110.97774970767,939.203308105469,340
2879,3134.50672521521,3112.02678342667,939.203308105469,340
2880,3109.03557470045,3113.01518042986,939.203308105469,340
2881,3164.75879289338,3114.03548797604,940.859069824219,340
2882,3141.28384647783,3118.76673474202,940.859069824219,340
2883,2983.13900648032,3111.31822685407,940.859069824219,340
2884,3144.1992033329,3110.7162942855,940.859069824219,340
2885,3121.85946433242,3109.34220236014,940.859069824219,340
2886,3144.98098055918,3112.7261000277,940.859069824219,340
2887,3036.50665501207,3108.51053289328,940.859069824219,340
2888,3041.31571828621,3106.94297925948,940.859069824219,340
2889,2884.92439390422,3100.51451664714,942.068359375,340
2890,3175.02178850574,3101.04193045165,942.068359375,340
2891,3033.0276523368,3095.86242756224,942.068359375,340
2892,3134.07084007162,3098.46524467119,942.068359375,340
2893,3119.65682361004,3098.48783311226,942.068359375,340
2894,3121.7569716837,3096.22867718413,942.068359375,340
2895,3048.86477050846,3094.61037715814,942.068359375,340
2896,3051.03759041877,3096.83735310954,942.068359375,340
2897,3088.12170499489,3094.5364947684,940.056579589844,340
2898,3061.78056944075,3093.29441677412,940.056579589844,340
2899,2918.77412311402,3084.43813831644,940.056579589844,340
2900,2984.74691325702,3080.38071256058,940.056579589844,340
2901,3069.15122821875,3077.91751038401,940.056579589844,340
2902,3063.76411068319,3076.59448528507,940.056579589844,340
2903,3113.4861404593,3075.59086353989,940.056579589844,340
2904,3094.93366540682,3074.00794114755,940.056579589844,340
2905,3148.28322830348,3075.57784729167,940.358032226562,340
2906,3098.32973047687,3072.92068479501,940.358032226562,340
2907,2871.00929510565,3062.10970274013,940.358032226562,340
2908,3085.83908515562,3066.21770588714,940.358032226562,340
2909,3124.00842078892,3065.41007458538,940.358032226562,340
2910,3151.52399550045,3066.5966558321,940.358032226562,340
2911,3059.58557045156,3063.1808394278,940.358032226562,340
2912,3089.80159106592,3065.31263686995,940.358032226562,340
2913,3068.63668397021,3066.40547549731,938.726440429688,340
2914,3163.79856821943,3077.56044246992,938.726440429688,340
2915,3150.19617696949,3076.56741800847,938.726440429688,340
2916,3090.17556400083,3078.85333447503,938.726440429688,340
2917,3024.27514980565,3074.46150686439,938.726440429688,340
2918,2977.98274964828,3068.79454390592,938.726440429688,340
2919,3058.15129395221,3066.25031679666,938.726440429688,340
2920,3147.32610925867,3070.18877034667,938.726440429688,340
2921,3099.65559674083,3072.13349059955,938.158508300781,340
2922,2880.15756281688,3063.81492491243,938.158508300781,340
2923,2478.81402667018,3040.49626320161,938.158508300781,340
2924,2871.2866600667,3038.59676467972,938.158508300781,340
2925,2790.21273106837,3030.81539739217,938.158508300781,340
2926,3180.02624766555,3035.25039817004,938.158508300781,340
2927,3039.22292668941,3034.26875081029,938.158508300781,340
2928,2933.90053131293,3027.08532644444,938.158508300781,340
2929,3159.0701309393,3029.65078506573,935.85986328125,340
2930,2918.83066375304,3020.47268248372,935.85986328125,340
2931,3094.14145142536,3020.30515132166,935.85986328125,340
2932,3009.48924948756,3025.84434949694,935.85986328125,340
2933,2948.93871452389,3020.36833467167,935.85986328125,340
2934,3093.4090774422,3019.1443609378,935.85986328125,340
2935,3135.46104636854,3018.50184297252,935.85986328125,340
2936,2955.84316605284,3014.35214679657,935.85986328125,340
2937,3121.75804802357,3015.63040507488,935.427490234375,340
2938,2865.70486397468,3007.51313227506,935.427490234375,340
2939,2852.44787811642,2995.05910467094,935.427490234375,340
2940,3102.04086327842,2993.13289212329,935.427490234375,340
2941,3079.05273950304,2992.68797914338,935.427490234375,340
2942,2699.68347926944,2979.70431232193,935.427490234375,340
2943,3134.93167667168,2985.98226940287,935.427490234375,340
2944,3147.69067845023,2989.56384478279,935.427490234375,340
2945,3133.63579358083,2989.01623215568,936.631469726562,340
2946,3156.48041964711,2991.28922507193,936.631469726562,340
2947,3165.17986403225,3002.69011712054,936.631469726562,340
2948,2972.19962811113,3022.42554117818,936.631469726562,340
2949,3092.59304734356,3031.27779666925,936.631469726562,340
2950,2906.94047880687,3035.94690657879,936.631469726562,340
2951,3013.05777001993,3029.26816747297,936.631469726562,340
2952,2905.23449527337,3023.90863021633,936.631469726562,340
2953,3197.3537309229,3034.44675820073,934.767639160156,340
2954,2815.04385313396,3020.68570708851,934.767639160156,340
2955,3092.58574226878,3027.63591022914,934.767639160156,340
2956,3154.51107712992,3030.05069525733,934.767639160156,340
2957,3103.25317456208,3033.80125226031,934.767639160156,340
2958,2936.22809660052,3033.29282754337,934.767639160156,340
2959,2943.64518921753,3027.30227201438,934.767639160156,340
2960,3171.51345161505,3028.74436822425,934.767639160156,340
2961,3177.27610178688,3037.60168565361,932.76123046875,340
2962,3141.0507124224,3038.37339222956,932.76123046875,340
2963,3070.26281556382,3046.55571029313,932.76123046875,340
2964,3191.23046557138,3060.10701379132,932.76123046875,340
2965,2949.4697751768,3054.00417026726,932.76123046875,340
2966,3159.6686557374,3057.22880691663,932.76123046875,340
2967,3101.32028069141,3073.29427897351,932.76123046875,340
2968,2992.20625313682,3067.58526203212,932.76123046875,340
2969,3132.00815344858,3066.95796103205,931.685913085938,340
2970,3140.4495781572,3067.23051241511,931.685913085938,340
2971,3003.90759047998,3061.12759924842,931.685913085938,340
2972,2915.47135694696,3051.13925896501,931.685913085938,340
2973,2945.98679942997,3050.09074581776,931.685913085938,340
2974,3137.72933005227,3051.89619712611,931.685913085938,340
2975,3040.16350831199,3057.22511830632,931.685913085938,340
2976,2993.65314481958,3056.4489332983,931.685913085938,340
2977,3027.97604575228,3061.35859531746,932.268005371094,340
2978,3181.6123460211,3060.72893992139,932.268005371094,340
2979,3141.99044420966,3073.80680356441,932.268005371094,340
2980,3139.66301539992,3075.68989448966,932.268005371094,340
2981,3119.41681460884,3074.28612398882,932.268005371094,340
2982,3152.76100360643,3076.26643715059,932.268005371094,340
2983,3152.82358073113,3084.93025651582,932.268005371094,340
2984,3137.00223578112,3092.66453837836,932.268005371094,340
2985,3118.62987597035,3090.54919535257,933.532592773438,340
2986,2849.30248641632,3077.43025073775,933.532592773438,340
2987,3127.28479688936,3076.87961411643,933.532592773438,340
2988,3074.39900697547,3077.04506177289,933.532592773438,340
2989,2928.69695416071,3066.54372131647,933.532592773438,340
2990,3035.78613588514,3069.9963757448,933.532592773438,340
2991,3138.74809959849,3069.15955349924,933.532592773438,340
2992,3195.59533101291,3072.9305555121,933.532592773438,340
2993,3107.22308511322,3077.53122879116,935.213806152344,340
2994,3176.13339206816,3079.29623833594,935.213806152344,340
2995,3107.61431446061,3077.98282778808,935.213806152344,340
2996,2993.9761927417,3077.58557187855,935.213806152344,340
2997,3160.39300171265,3087.38243766918,935.213806152344,340
2998,3146.77464925104,3095.41395166202,935.213806152344,340
2999,3131.88479930972,3095.18017043232,935.213806152344,340
3000,3153.92997250929,3099.73082900021,935.213806152344,340
