episode,reward,avg_reward,q0,steps
1,-258.927113522304,-258.927113522304,-3.51672242686618e-05,340
2,-349.182187606556,-304.05465056443,-3.51672242686618e-05,340
3,-419.496136057766,-342.535145728875,-3.51672242686618e-05,340
4,-493.380419062688,-380.246464062329,-3.51672242686618e-05,340
5,-973.63457358458,-498.924085966779,-3.51672242686618e-05,340
6,-391.529899946574,-481.025054963411,-3.51672242686618e-05,340
7,-819.580140499762,-529.39006718289,-3.51672242686618e-05,340
8,-252.07983677752,-494.726288382219,-3.51672242686618e-05,340
9,-357.698407358594,-479.500968268483,-18.6990013122559,294
10,-536.530953190996,-485.203966760734,-18.6990013122559,340
11,-757.391662843958,-509.9483027683,-18.6990013122559,340
12,-407.280429175562,-501.392646635572,-18.6990013122559,334
13,-566.619738023809,-506.410115203898,-18.6990013122559,340
14,-831.427487113014,-529.625641768834,-18.6990013122559,340
15,-380.23753059832,-519.666434357467,-18.6990013122559,340
16,-698.707452361701,-530.856497982731,-18.6990013122559,340
17,-65.8236612012,-503.501625230877,-27.9048480987549,340
18,-101.4094963384,-481.163173625739,-27.9048480987549,340
19,-188.810194641909,-465.776174731853,-27.9048480987549,340
20,-357.145654695271,-460.344648730024,-27.9048480987549,340
21,288.426768940375,-424.688866936196,-27.9048480987549,340
22,-456.964163583747,-426.155925874721,-27.9048480987549,340
23,-978.054506222215,-450.151516324612,-27.9048480987549,340
24,-505.34802029708,-452.451370656798,-27.9048480987549,340
25,-117.582422200921,-439.056612718563,-18.6311817169189,340
26,-419.417933182458,-445.476245504969,-18.6311817169189,340
27,-425.853953180367,-448.543116127922,-18.6311817169189,340
28,-441.187122266334,-449.410755576264,-18.6311817169189,340
29,-540.850225807886,-451.309547846072,-18.6311817169189,340
30,-233.310267389343,-421.696575598263,-18.6311817169189,340
31,-92.29233200447,-409.727072880578,-18.6311817169189,340
32,-477.138151788538,-396.029393332129,-18.6311817169189,311
33,-527.070613993363,-407.029024420763,-9.44312477111816,340
34,-469.343551270689,-411.494830177247,-9.44312477111816,340
35,-204.887569621512,-398.229094834468,-9.44312477111816,340
36,-134.870482278362,-373.328247611844,-9.44312477111816,340
37,-349.526479848063,-371.018089638744,-9.44312477111816,275
38,-275.450977756509,-359.371339228052,-9.44312477111816,340
39,-271.817918143814,-336.986956469284,-9.44312477111816,340
40,-459.195873566372,-340.145290188006,-9.44312477111816,327
41,-302.76057759077,-324.307415197169,-3.79716801643372,340
42,14.0922172453901,-321.110780059305,-3.79716801643372,340
43,-179.868104030685,-324.249124366996,-3.79716801643372,340
44,-245.080355535071,-326.499930802723,-3.79716801643372,340
45,-200.252439679743,-320.224202202102,-3.79716801643372,340
46,-411.366375248246,-348.215927969647,-3.79716801643372,313
47,-628.597805587962,-355.081273649815,-3.79716801643372,335
48,-404.994162844896,-332.158859914722,-3.79716801643372,339
49,-113.272429344147,-316.475836276605,9.7234992980957,276
50,-239.468718585799,-321.351288132,9.7234992980957,236
51,-461.364658529762,-323.029157145892,9.7234992980957,331
52,-267.807006286527,-316.707279270139,9.7234992980957,251
53,-247.603061265337,-308.963916830099,9.7234992980957,340
54,-335.169761295137,-300.736698249589,9.7234992980957,340
55,-259.932008403214,-301.801567890144,9.7234992980957,298
56,-242.679478252461,-307.817053740064,9.7234992980957,263
57,-253.125939629709,-298.85656525371,20.1078338623047,298
58,-194.800501453953,-285.565760752134,20.1078338623047,307
59,-226.631994201731,-275.857298469376,20.1078338623047,282
60,-73.5283530292542,-270.602929805685,20.1078338623047,230
61,-93.3809025265878,-268.943346615614,20.1078338623047,192
62,-246.416205563826,-264.818935644245,20.1078338623047,319
63,-295.663898571097,-265.627452476828,20.1078338623047,293
64,-267.917018384008,-265.471416486436,20.1078338623047,253
65,-76.2124931384798,-250.152081269321,31.6972675323486,124
66,-41.1504849542759,-239.687677563861,31.6972675323486,164
67,-177.085191366366,-247.334773908331,31.6972675323486,202
68,-3.13314102709297,-240.265375388187,31.6972675323486,202
69,-112.208344694276,-234.950494954555,31.6972675323486,238
70,-62.4446447350979,-229.43818315677,31.6972675323486,132
71,-191.493441854265,-220.64326582101,31.6972675323486,268
72,-6.99741500211423,-195.779250197577,31.6972675323486,145
73,-45.7234488671809,-181.408421638468,41.016170501709,175
74,14.0031134527452,-176.317399926592,41.016170501709,227
75,-152.990332718293,-172.858264491892,41.016170501709,227
76,-41.7958946815513,-156.075513937964,41.016170501709,156
77,-162.456490121657,-151.861493291369,41.016170501709,304
78,-4.67029971555849,-142.144182829378,41.016170501709,182
79,-237.695279387543,-138.245203553074,41.016170501709,305
80,-54.3497170653899,-130.021911899561,41.016170501709,206
81,-19.069753297436,-121.07752290136,53.7575149536133,206
82,-161.717153000792,-117.421171436203,53.7575149536133,202
83,-108.574238626487,-113.972120923105,53.7575149536133,179
84,-35.1448296454162,-106.312634340852,53.7575149536133,185
85,-72.2576443064398,-106.261805991939,53.7575149536133,159
86,-83.5510619921696,-105.868612370563,53.7575149536133,176
87,-3.28899987668024,-96.1435241430768,53.7575149536133,167
88,-161.2880734152,-90.768491136841,53.7575149536133,236
89,-40.2165354841276,-81.6604718208458,57.2918319702148,199
90,-87.8196115227003,-82.1247565562146,57.2918319702148,248
91,-238.105318457101,-90.0029498963276,57.2918319702148,340
92,-39.7198555672737,-84.5083364643639,57.2918319702148,227
93,-134.002842063043,-89.7431245058019,57.2918319702148,253
94,-23.2368352105781,-86.184264126454,57.2918319702148,205
95,66.3922218570319,-81.0307894627688,57.2918319702148,153
96,-213.928682416194,-81.928199085246,57.2918319702148,302
97,-163.39935458735,-88.1842766686554,71.3385314941406,254
98,-59.0507933039858,-88.7173704461276,71.3385314941406,216
99,-61.0108183367208,-91.7179277177062,71.3385314941406,265
100,-141.720506667115,-91.2671346756591,71.3385314941406,261
101,-157.05476125179,-95.8774893384687,71.3385314941406,222
102,-194.627888616844,-97.1643452782761,71.3385314941406,302
103,-56.2073104105224,-99.2258257060747,71.3385314941406,209
104,-101.39250978812,-93.7737149220978,71.3385314941406,215
105,-13.7803427068689,-92.1509399477569,76.6056365966797,240
106,37.7791198884811,-89.8769850203202,76.6056365966797,190
107,-16.5236740448849,-84.069245862084,76.6056365966797,190
108,-135.26666988558,-85.1369431124477,76.6056365966797,247
109,-137.449772654734,-89.2291408328204,76.6056365966797,232
110,-63.9061740008234,-88.8950820205957,76.6056365966797,211
111,69.9075677484646,-82.7567368309704,76.6056365966797,136
112,19.0418413380686,-81.8635031823804,76.6056365966797,223
113,-71.8628358730643,-78.286493680695,82.031494140625,204
114,-102.285969488014,-80.7692710408504,82.031494140625,225
115,-77.4688817061651,-80.355241848189,82.031494140625,201
116,-145.87140046551,-76.6658851285254,82.031494140625,229
117,-9.89999294450442,-75.4730906236146,82.031494140625,260
118,6.35353657319551,-69.8588354781651,82.031494140625,195
119,-87.6430536357672,-72.4350842151727,82.031494140625,242
120,-69.2256979451841,-77.8598010072613,82.031494140625,208
121,-56.9658146238557,-71.5812862955678,81.5028839111328,203
122,-39.1833929781988,-66.6126478312017,81.5028839111328,186
123,1.09163274790379,-64.2069507891261,81.5028839111328,199
124,-253.152023068873,-71.8925989784122,81.5028839111328,340
125,-124.941407684419,-71.2214350191044,81.5028839111328,305
126,-157.570710240263,-71.2420729786433,81.5028839111328,238
127,-153.918284407736,-69.6136888102789,81.5028839111328,214
128,-71.2868940661899,-70.2168721565056,81.5028839111328,211
129,-41.1658369199341,-67.8078052417782,84.4286270141602,165
130,-99.4053987718905,-71.2328074843791,84.4286270141602,216
131,-93.5729653503455,-76.4868908939321,84.4286270141602,176
132,11.6602414221888,-75.3595342752492,84.4286270141602,194
133,-26.3164889472818,-71.0015270377173,84.4286270141602,227
134,3.46869499043424,-65.3647883319105,84.4286270141602,250
135,-401.258031301957,-78.8588626239559,84.4286270141602,310
136,-105.467800834423,-85.8738773672714,84.4286270141602,184
137,-52.0171956120293,-88.7162388452753,85.3908233642578,209
138,-155.080097490978,-92.0449293099918,85.3908233642578,340
139,-116.25930628804,-92.6038627819929,85.3908233642578,176
140,-73.9385237268127,-92.4626484628188,85.3908233642578,235
141,-71.9901688276318,-89.5073991973037,85.3908233642578,201
142,-161.190396359742,-95.5590153339132,85.3908233642578,248
143,21.8040376718797,-94.9409952899658,85.3908233642578,167
144,-52.6589782692066,-93.5416322753034,85.3908233642578,193
145,-41.3524149316201,-92.4267009547608,94.5475769042969,223
146,-98.9754418660485,-94.1070860444485,94.5475769042969,224
147,-98.1747307962846,-96.4667395571719,94.5475769042969,186
148,-9.92640838889469,-96.9074612026439,94.5475769042969,182
149,-75.4141770310289,-89.7979473611301,94.5475769042969,168
150,3.78829086296825,-84.6487594192347,94.5475769042969,214
151,-62.0799208573837,-80.8291278439195,94.5475769042969,211
152,-47.2030397073802,-76.5605180559053,94.5475769042969,208
153,14.1203787751789,-73.1442271422505,94.6995391845703,194
154,30.7823985992784,-70.266297721482,94.6995391845703,186
155,7.53581789375001,-65.9886490548564,94.6995391845703,170
156,-10.9771763133167,-62.6848174933753,94.6995391845703,218
157,11.0994967379973,-62.7072472807429,94.6995391845703,178
158,-11.0240105488538,-62.0955481448058,94.6995391845703,176
159,-60.0267210568141,-64.6353647866957,94.6995391845703,191
160,-24.225695132261,-49.5540713399079,94.6995391845703,235
161,-59.1320084300967,-47.7006396437348,112.518196105957,232
162,-56.822678476441,-47.8928589583113,112.518196105957,172
163,-136.493630393326,-47.1494002744052,112.518196105957,226
164,-8.66109032447537,-42.8454716358626,112.518196105957,196
165,-42.1707820866376,-41.5747619702556,112.518196105957,243
166,-36.2006893652854,-40.1431827917618,112.518196105957,215
167,-44.9890589307187,-35.4951292946008,112.518196105957,231
168,41.1108754838541,-34.7228557821219,112.518196105957,199
169,-9.39595908558843,-32.9923350147771,117.011138916016,215
170,34.8511276729562,-29.9441933105941,117.011138916016,190
171,126.544129779886,-20.9234104447567,117.011138916016,215
172,-46.1236291997417,-18.841366380895,117.011138916016,222
173,34.0576476531233,-17.0820041392143,117.011138916016,234
174,4.15890450675113,-13.8990808777031,117.011138916016,202
175,21.6446647076975,-13.1848259239139,117.011138916016,248
176,79.7616152695481,-7.51116447883661,117.011138916016,183
177,-58.0704957995222,-7.94586272252229,119.969711303711,211
178,-46.7852836425843,-10.3820892192328,119.969711303711,252
179,58.7020543344978,-9.26530298982405,119.969711303711,228
180,90.3089862170605,-5.95437625689162,119.969711303711,215
181,-83.7799228340112,-8.8664861177194,119.969711303711,221
182,93.4144155681713,-5.57388936451245,119.969711303711,221
183,-59.257131012726,-7.50321418306733,119.969711303711,198
184,13.4815048691111,-4.56288514603033,119.969711303711,182
185,-119.503138490288,-8.37398288035142,134.203079223633,225
186,-26.5677398506828,-7.07141213717486,134.203079223633,228
187,-29.4243884728899,-5.97548053703282,134.203079223633,198
188,-3.19297095369443,-0.643454159447562,134.203079223633,309
189,121.69548001396,4.57080865408985,134.203079223633,258
190,12.3448525927583,6.75143404126568,134.203079223633,174
191,-24.0124754571879,7.23896259758958,134.203079223633,251
192,38.6621494034645,10.5850109309569,134.203079223633,178
193,-63.6809651856995,6.39333730417476,142.325088500977,274
194,166.09927831433,13.4131468001715,142.325088500977,174
195,261.647933825182,22.4850190462605,142.325088500977,303
196,244.076180265642,27.1863010656908,142.325088500977,298
197,-10.591042630517,28.6076045284598,142.325088500977,212
198,6.39525864761907,27.5011089682396,142.325088500977,253
199,-39.6294295102554,25.7495756075593,142.325088500977,171
200,91.2559360135617,28.5340264597939,142.325088500977,301
201,25.5486152875772,26.3655064605151,151.214050292969,236
202,206.317282679153,36.9410175996621,151.214050292969,333
203,345.899946360673,52.6484267997924,151.214050292969,340
204,32.3714833021921,51.5952039585001,151.214050292969,293
205,-22.9337835027433,47.065493169708,151.214050292969,197
206,296.608333206265,62.281023411319,151.214050292969,263
207,471.066341642646,77.387100454298,151.214050292969,340
208,19.379739891403,80.5325752904632,151.214050292969,234
209,332.409686513489,93.2897025562383,163.450439453125,340
210,355.234126683911,112.279193163206,163.450439453125,340
211,366.672827364749,128.008815851824,163.450439453125,340
212,621.015266325901,154.026402043775,163.450439453125,288
213,224.144634094312,163.119906245695,163.450439453125,317
214,259.459393930846,168.630462802371,163.450439453125,334
215,244.417137874747,177.91335421365,163.450439453125,340
216,423.796152758951,195.825699342296,163.450439453125,303
217,345.637961838046,208.104731839679,188.957550048828,292
218,486.337017711563,230.10545115557,188.957550048828,336
219,443.415923644908,241.198116968793,188.957550048828,287
220,187.595440778618,238.23601724693,188.957550048828,304
221,252.162969988799,238.559488835857,188.957550048828,301
222,421.019354645674,255.823904726904,188.957550048828,288
223,514.9957370937,276.167923864747,188.957550048828,296
224,113.297783418164,282.285012381884,188.957550048828,274
225,341.393131989933,292.290500220939,212.010467529297,340
226,300.292607309136,303.280259901801,212.010467529297,334
227,102.08603871781,299.111010143348,212.010467529297,340
228,434.601639757487,302.65907787922,212.010467529297,310
229,545.049945038925,323.16621634869,212.010467529297,340
230,732.830251039751,353.396777730389,212.010467529297,340
231,517.737345315302,362.241938214751,212.010467529297,303
232,421.087747707302,360.242794457337,212.010467529297,280
233,487.236941041922,378.957082503358,237.362289428711,282
234,180.570281842439,372.883506316516,237.362289428711,340
235,341.711743712276,372.34261099765,237.362289428711,307
236,771.554923765942,388.537894853698,237.362289428711,340
237,533.299021025926,385.029245041699,237.362289428711,329
238,229.333655064242,385.236805880496,237.362289428711,262
239,336.37580822924,388.313462452432,237.362289428711,335
240,581.378820189045,401.791929745004,237.362289428711,340
241,73.9329295127371,387.797400815155,264.015655517578,336
242,223.170782100678,382.898713625661,264.015655517578,293
243,215.885749583444,372.080662900536,264.015655517578,304
244,152.596802354116,360.447898048904,264.015655517578,340
245,524.349946815109,373.918078290364,264.015655517578,340
246,347.131486317687,377.716818943519,264.015655517578,268
247,98.5213550484728,364.816898959631,264.015655517578,340
248,363.264966292651,358.747668127589,264.015655517578,315
249,583.623180324563,377.560684003845,281.25830078125,271
250,364.409127332999,378.481323817568,281.25830078125,261
251,345.310582706503,380.282042833463,281.25830078125,300
252,350.032679100898,390.199908448786,281.25830078125,310
253,340.257571339084,386.42614571205,281.25830078125,296
254,301.506201099252,376.684395954463,281.25830078125,306
255,446.9273067579,365.248278183189,281.25830078125,270
256,397.053613178586,360.420928897721,281.25830078125,340
257,449.395435298987,361.553236401388,296.383239746094,299
258,200.616229762456,350.088407950209,296.383239746094,295
259,616.735016019293,367.534997317284,296.383239746094,305
260,480.546987078547,373.088407051934,296.383239746094,313
261,623.762371588736,367.176704964846,296.383239746094,340
262,103.838470636957,349.998282949287,296.383239746094,293
263,530.869167270978,362.059703437557,296.383239746094,279
264,384.42194244199,363.981548806067,296.383239746094,256
265,719.451025368038,369.504437013227,307.956878662109,327
266,712.554614688339,395.049304420251,307.956878662109,340
267,449.127843389094,404.087586871787,307.956878662109,334
268,722.183358910537,424.339491244871,307.956878662109,323
269,602.129862655491,442.320813656926,307.956878662109,319
270,822.503927130578,454.246972869545,307.956878662109,297
271,611.166673361708,464.808380351306,307.956878662109,298
272,628.631912272099,486.012802640251,307.956878662109,340
273,480.948488783455,490.720143539883,318.168182373047,295
274,795.717231258675,499.203905577247,318.168182373047,322
275,656.556771454077,510.88981134209,318.168182373047,310
276,596.518135154773,520.938113440021,318.168182373047,335
277,536.88730083133,528.412298309239,318.168182373047,296
278,1168.44945455234,561.539973637769,318.168182373047,340
279,451.884888651051,567.555121139841,318.168182373047,328
280,341.937938291234,563.355546401174,318.168182373047,315
281,541.718847729391,569.142155783206,329.890380859375,309
282,550.465284959951,573.184949769645,329.890380859375,340
283,448.967133919276,583.118985935918,329.890380859375,314
284,622.823472057319,583.362524177439,329.890380859375,312
285,767.848763413333,594.85459523083,329.890380859375,340
286,485.669426611345,589.330877431735,329.890380859375,324
287,401.800647912729,601.249364522765,329.890380859375,303
288,613.866720353289,604.569266646058,329.890380859375,340
289,961.426920164501,627.649465754958,333.460205078125,340
290,553.088741744131,620.994974410002,333.460205078125,340
291,760.919290401989,622.929561438548,333.460205078125,340
292,394.462104912471,620.742931899483,333.460205078125,335
293,680.274738066833,619.066587065735,333.460205078125,340
294,555.957100253386,617.219676569651,333.460205078125,340
295,683.637152211964,611.665005572906,333.460205078125,332
296,232.511567824539,596.518801351419,333.460205078125,310
297,684.427982087307,598.750644144028,343.440795898438,340
298,416.949733404758,596.19069392888,343.440795898438,340
299,720.838587441272,593.195548176184,343.440795898438,340
300,908.08067833549,603.25650445144,343.440795898438,340
301,900.670652626694,615.422605150317,343.440795898438,340
302,504.130482315946,614.112332409702,343.440795898438,340
303,834.091246936658,600.738004105074,343.440795898438,340
304,392.873171903831,598.377535435186,343.440795898438,340
305,777.489530653875,615.799599129691,345.541900634766,340
306,654.300596762348,620.302869091009,345.541900634766,340
307,757.865322907609,628.598870608916,345.541900634766,340
308,777.329868563666,641.733379994691,345.541900634766,340
309,478.251425049701,635.950498114387,345.541900634766,340
310,274.066366358181,616.199202232181,345.541900634766,340
311,699.050863946398,624.734459725583,345.541900634766,340
312,658.268631750567,634.993179079096,345.541900634766,340
313,926.225593711564,647.487534013427,355.314361572266,340
314,984.454020147805,648.408618012759,355.314361572266,340
315,582.980846586422,649.604302206451,355.314361572266,340
316,764.533356308967,649.74886484273,355.314361572266,340
317,608.153030834542,658.296501879613,355.314361572266,340
318,696.443749562807,658.943262339452,355.314361572266,340
319,890.816611474715,672.337642788305,355.314361572266,340
320,729.433323568089,674.16948964255,355.314361572266,340
321,1053.38837189193,707.004561805246,360.401397705078,340
322,811.733480198679,712.096781729701,360.401397705078,340
323,820.111162567937,728.223238896228,360.401397705078,340
324,760.397007562168,729.805575701064,360.401397705078,340
325,855.819063890432,727.715111123261,360.401397705078,340
326,1236.81366991021,741.160831814602,360.401397705078,340
327,965.108148795838,759.599938473798,360.401397705078,340
328,1014.92575330481,766.833318728524,360.401397705078,340
329,987.961130554955,790.636837074569,371.255218505859,340
330,906.853045050894,795.811377650449,371.255218505859,340
331,821.71164980431,802.507819772128,371.255218505859,340
332,689.713572280923,799.781749747061,371.255218505859,340
333,964.235463642387,807.257973550209,371.255218505859,340
334,1023.18005448354,829.055118727563,371.255218505859,340
335,1026.64614097235,859.15830971213,371.255218505859,340
336,1138.70031691261,876.744287830778,371.255218505859,340
337,1338.86963254331,903.968327862488,381.128845214844,340
338,1069.76683207918,909.709977397193,381.128845214844,340
339,1104.06577736736,914.494447685975,381.128845214844,340
340,808.191109254736,923.502858192707,381.128845214844,340
341,827.177861202759,926.008638388459,381.128845214844,340
342,1069.76981816849,944.473309881817,381.128845214844,340
343,973.038544642595,955.537101685009,381.128845214844,340
344,968.9697962033,958.663229074152,381.128845214844,340
345,1182.35002516832,976.779897138161,381.845916748047,340
346,1172.47723616589,981.543451709119,381.845916748047,340
347,1194.60346709888,996.858251185128,381.845916748047,340
348,1065.61004013894,1006.67820628797,381.845916748047,340
349,1214.70317028491,1024.85045279688,381.845916748047,340
350,1204.22638896892,1038.78674580002,381.845916748047,340
351,1179.24263729632,1036.48390449546,381.845916748047,340
352,1186.07298096198,1045.32249778211,381.845916748047,340
353,951.289960055776,1042.77706605215,390.038543701172,340
354,1281.57562628714,1054.52164588143,390.038543701172,340
355,1058.55843398147,1060.58986143866,390.038543701172,340
356,1214.46548172666,1076.30001471555,390.038543701172,340
357,1054.459838053,1090.88986534643,390.038543701172,340
358,1169.18675965151,1099.0879171868,390.038543701172,340
359,1260.5133752075,1108.58125001576,390.038543701172,340
360,1090.08214300575,1111.11869009709,390.038543701172,340
361,1269.33731184208,1116.34416989427,394.993957519531,340
362,1250.74732290695,1112.81927750882,394.993957519531,340
363,1235.32140438729,1119.44146040114,394.993957519531,340
364,1004.45818033653,1115.45715651991,394.993957519531,340
365,1208.02213560343,1131.45039757386,394.993957519531,340
366,1226.47768748551,1147.42239062517,394.993957519531,340
367,1178.54236195738,1151.77329237672,394.993957519531,340
368,825.030082469711,1145.85295388981,394.993957519531,340
369,1210.05665344496,1155.49642817947,407.542449951172,340
370,1109.03713769852,1152.56391268068,407.542449951172,340
371,1035.40052069755,1147.08084406195,407.542449951172,340
372,1047.763004023,1141.20722553891,407.542449951172,340
373,1097.80982958834,1142.49521711689,407.542449951172,340
374,1248.09019967002,1143.83069829229,407.542449951172,340
375,1248.20887017644,1145.58999754059,407.542449951172,340
376,1207.85571021695,1146.73452045742,407.542449951172,340
377,1256.13012120184,1149.53680606701,413.179016113281,340
378,1168.98478317715,1158.24459899187,413.179016113281,340
379,1202.59713729079,1155.08545943201,413.179016113281,340
380,1309.55637604438,1165.12537711453,413.179016113281,340
381,1243.92393831393,1166.30371537802,413.179016113281,340
382,1129.50532271035,1169.30553476431,413.179016113281,340
383,1279.84857255754,1173.73200728056,413.179016113281,340
384,1299.11184371159,1175.27594602072,413.179016113281,340
385,1269.33665007747,1182.44612630359,423.065551757812,340
386,1239.26570471968,1181.24326201869,423.065551757812,340
387,1240.99332851354,1180.85310224296,423.065551757812,340
388,1399.94354277681,1187.43798777854,423.065551757812,340
389,1386.21677111725,1202.70833140977,423.065551757812,340
390,1345.8859775659,1208.22288508826,423.065551757812,340
391,1278.23059582627,1210.2930014219,423.065551757812,340
392,1358.1764136579,1217.47836348992,423.065551757812,340
393,1360.3915133207,1238.89282072396,436.135406494141,340
394,1253.00655399591,1240.61081674599,436.135406494141,340
395,1125.39991189389,1241.26532771381,436.135406494141,340
396,1270.55224040344,1250.67139650204,436.135406494141,340
397,1270.99454545397,1259.60065815928,436.135406494141,340
398,1249.14380496599,1265.65401717439,436.135406494141,340
399,1163.38534956499,1262.26582317019,436.135406494141,340
400,1272.58707716709,1263.24095144981,436.135406494141,340
401,1262.5329933275,1265.42804277424,444.125244140625,340
402,1200.4870049785,1263.2023181253,444.125244140625,340
403,1125.45826529746,1261.46125741011,444.125244140625,340
404,1316.34403524546,1266.0111333283,444.125244140625,340
405,1347.35108683204,1267.52292175981,444.125244140625,340
406,1286.6737641429,1269.23291479297,444.125244140625,340
407,1291.21019450857,1275.70110966489,444.125244140625,340
408,1200.30995363685,1272.51956490807,444.125244140625,340
409,1292.89861234203,1272.27103565329,452.479095458984,340
410,1265.30946124168,1272.10994809985,452.479095458984,340
411,1177.95578928728,1269.65755148256,452.479095458984,340
412,1260.07814531891,1270.42094415477,452.479095458984,340
413,1039.03260019754,1255.9845064516,452.479095458984,340
414,1154.3186395891,1246.70858119048,452.479095458984,340
415,1344.14519875599,1246.63895003808,452.479095458984,340
416,1342.77782809373,1249.22083932878,452.479095458984,340
417,1186.1229750102,1242.33870178287,462.223358154297,340
418,1268.05889260612,1238.64539695429,462.223358154297,340
419,1316.43380603373,1241.1824870358,462.223358154297,340
420,1137.27336369835,1241.65742510798,462.223358154297,340
421,1323.82166541924,1243.78820210861,462.223358154297,340
422,1320.54160552312,1245.77008451138,462.223358154297,340
423,1327.28246847974,1248.89563105192,462.223358154297,340
424,1259.43901225486,1252.73777755952,462.223358154297,340
425,1157.01950870002,1248.11507482084,470.162139892578,340
426,1155.42580924358,1243.83078745748,470.162139892578,340
427,831.86980541832,1229.08609947507,470.162139892578,340
428,1388.72165326275,1239.61663499368,470.162139892578,340
429,1383.08538672146,1242.28628905272,470.162139892578,340
430,1308.0199175807,1240.71304228267,470.162139892578,340
431,1267.24353070709,1239.93583294524,470.162139892578,340
432,1278.34886779524,1239.42137987671,470.162139892578,340
433,1140.45910338601,1237.02734586667,473.504760742188,340
434,1273.59147668038,1236.25506044021,473.504760742188,340
435,1387.92694592902,1241.1597598277,473.504760742188,340
436,1334.26603696182,1247.41216973468,473.504760742188,340
437,1364.41007252499,1251.58544682292,473.504760742188,340
438,1384.19242463166,1265.39183980029,473.504760742188,340
439,1327.72424708975,1272.32806410032,473.504760742188,340
440,1347.26846775382,1272.45299486023,473.504760742188,340
441,1274.0281037611,1269.70300588692,479.845397949219,340
442,1359.20932855111,1276.62646002856,479.845397949219,340
443,1292.19847066402,1277.59204315088,479.845397949219,340
444,1312.24626906828,1277.42454167226,479.845397949219,340
445,1282.56140040418,1283.23606314049,479.845397949219,340
446,1350.63778740461,1284.30870801991,479.845397949219,340
447,1372.15428035762,1286.37321501329,479.845397949219,340
448,1379.87583434019,1288.4769496477,479.845397949219,340
449,1341.31415387912,1291.75195531267,486.876373291016,340
450,1312.20370061406,1297.95932298924,486.876373291016,340
451,1365.63930361249,1306.36786276399,486.876373291016,340
452,1363.49948073315,1327.63304977659,486.876373291016,340
453,1371.69261077726,1326.95188807717,486.876373291016,340
454,1341.0709481417,1325.27131053398,486.876373291016,340
455,1350.82695324307,1326.98359196047,486.876373291016,340
456,1294.5987372242,1328.07780022115,486.876373291016,340
457,1348.19803871889,1330.8717670581,494.876800537109,340
458,1265.93058004607,1335.8906261245,494.876800537109,340
459,1297.67790686426,1336.85408333186,494.876800537109,340
460,1366.48749065147,1335.99650512076,494.876800537109,340
461,1362.22084084259,1337.11469727599,494.876800537109,340
462,1355.541916212,1336.75997102347,494.876800537109,340
463,1297.49782864451,1333.29218718398,494.876800537109,340
464,1284.04893900955,1331.54517486077,494.876800537109,340
465,1280.28115502396,1328.86568235158,493.510223388672,340
466,1312.73631891822,1330.41401095786,493.510223388672,340
467,1340.0507950116,1329.64766961628,493.510223388672,340
468,1299.07419962765,1329.92269877483,493.510223388672,340
469,1366.42804444007,1332.0899697897,493.510223388672,340
470,1390.94989241442,1336.42550947011,493.510223388672,340
471,1329.95996657472,1335.59839663691,493.510223388672,340
472,1368.94600103167,1335.47006546388,493.510223388672,340
473,1342.8897280563,1333.99062121252,497.227294921875,340
474,1212.39942028099,1328.8340318686,497.227294921875,340
475,1351.03052880723,1330.38710499632,497.227294921875,340
476,1385.9447181868,1331.19932157929,497.227294921875,340
477,1203.646333186,1324.80519567741,497.227294921875,340
478,1374.13529498346,1324.90290304566,497.227294921875,340
479,1356.49586298959,1325.51989963957,497.227294921875,340
480,1336.47813261304,1324.94594681437,497.227294921875,340
481,1339.08129173273,1326.72524899471,503.847412109375,340
482,1336.13495107076,1326.24272548879,503.847412109375,340
483,1348.75177822251,1329.55557341584,503.847412109375,340
484,1327.84158888066,1330.7621206965,503.847412109375,340
485,1340.04176306248,1329.70429159294,503.847412109375,340
486,1329.78627607942,1328.40690900241,503.847412109375,340
487,1376.50889561602,1329.24558817858,503.847412109375,340
488,1401.1165975343,1333.39033893417,503.847412109375,340
489,1318.39926802933,1334.76435209496,508.222259521484,340
490,1203.90917960427,1331.70947307817,508.222259521484,340
491,1209.96964410552,1327.59880608566,508.222259521484,340
492,1355.07596696378,1328.19981296375,508.222259521484,340
493,1354.79514414984,1330.42865074464,508.222259521484,340
494,1322.55067110164,1328.6735558111,508.222259521484,340
495,1312.89753367236,1325.55146146142,508.222259521484,340
496,1335.52146522116,1325.77392140728,508.222259521484,340
497,1357.92883776475,1325.3332348766,512.414672851562,340
498,1329.22181435074,1324.78651832838,512.414672851562,340
499,1227.48149492673,1325.38980131421,512.414672851562,340
500,1228.70482342864,1320.49677309906,512.414672851562,340
501,1321.7762820138,1317.93003565214,512.414672851562,340
502,1240.13327815978,1319.38951345109,512.414672851562,340
503,1317.87632111849,1317.13915449649,512.414672851562,340
504,1343.31002470841,1316.61172096525,512.414672851562,340
505,1401.09812072181,1319.1965204896,515.14990234375,340
506,1363.46498172079,1320.17186808912,515.14990234375,340
507,1340.16109094535,1320.3329136841,515.14990234375,340
508,1261.23508145324,1316.83224581333,515.14990234375,340
509,1334.93174643733,1317.1158521156,515.14990234375,340
510,1354.85939009843,1317.70855719704,515.14990234375,340
511,1295.27230853272,1316.32799849517,515.14990234375,340
512,1314.78214406551,1313.85892843315,515.14990234375,340
513,1336.45767105181,1311.27257137385,519.90625,340
514,1372.06728590463,1313.41929208886,519.90625,340
515,1333.26001451919,1318.59332548546,519.90625,340
516,1388.68300735857,1325.74186001558,519.90625,340
517,1412.60948970309,1328.04320092515,519.90625,340
518,1326.28809380777,1326.90291891147,519.90625,340
519,1314.1651823167,1326.56749936007,519.90625,340
520,1320.15112163076,1326.85764287841,519.90625,340
521,1360.06693248548,1327.83946156898,524.191162109375,340
522,1288.41801375595,1325.05902860863,524.191162109375,340
523,1293.26816558505,1323.620882658,524.191162109375,340
524,1381.67534430716,1329.78863663322,524.191162109375,340
525,1356.01681187858,1334.88111617122,524.191162109375,340
526,1339.7050157379,1335.59826552018,524.191162109375,340
527,1330.26181538515,1339.2034070092,524.191162109375,340
528,1395.24774950926,1342.29826414483,524.191162109375,340
529,1370.45036574468,1343.38387778628,526.783874511719,340
530,1408.08998105087,1343.66355219944,526.783874511719,340
531,1334.44629474696,1342.50280472049,526.783874511719,340
532,1371.60759142133,1343.76066473953,526.783874511719,340
533,1366.76663224319,1347.98192677112,526.783874511719,340
534,1358.1986846708,1348.91260430046,526.783874511719,340
535,1354.62167998285,1348.90309589584,526.783874511719,340
536,1402.33963021963,1353.18578876332,526.783874511719,340
537,1313.87938000972,1353.14967820108,528.326599121094,340
538,1382.84662247655,1355.00523625807,528.326599121094,340
539,1390.95447850388,1355.76072396204,528.326599121094,340
540,1396.38559264804,1358.2857470872,528.326599121094,340
541,1387.1874787261,1358.2259259419,528.326599121094,340
542,1385.9068721559,1357.15782124001,528.326599121094,340
543,1348.81201168826,1358.05877795523,528.326599121094,340
544,1382.47138217969,1360.79102594975,528.326599121094,340
545,1363.2705121995,1362.5158015725,529.326110839844,340
546,1338.98156129925,1361.67238672505,529.326110839844,340
547,1361.80055080549,1364.60768820703,529.326110839844,340
548,1346.70846618425,1366.745300231,529.326110839844,340
549,1370.00014732952,1366.27829235189,529.326110839844,340
550,1403.03343237301,1368.15895717167,529.326110839844,340
551,1386.35180901212,1370.02482890264,529.326110839844,340
552,1307.51271267889,1369.11486479439,529.326110839844,340
553,1386.66702877901,1368.77163596518,530.079223632812,340
554,1393.58778901884,1369.69713289615,530.079223632812,340
555,1316.42603464295,1366.03057503983,530.079223632812,340
556,1360.21543060367,1367.0613404741,530.079223632812,340
557,1363.41883168342,1366.73379008458,530.079223632812,340
558,1370.45001036109,1366.8811252093,530.079223632812,340
559,1300.63394377085,1364.5785355733,530.079223632812,340
560,1412.58038802772,1366.89688389509,530.079223632812,340
561,1441.83447162923,1368.47667755148,531.463562011719,340
562,1359.61113180338,1370.30594762322,531.463562011719,340
563,1394.4075099377,1370.76838312167,531.463562011719,340
564,1403.7832160689,1371.28153262427,531.463562011719,340
565,1431.30592165273,1372.67834578446,531.463562011719,340
566,1408.06893551792,1373.51360405613,531.463562011719,340
567,1399.29989563307,1374.04932499522,531.463562011719,340
568,1332.56087470966,1373.39927951607,531.463562011719,340
569,1384.81641562434,1373.49308085386,530.879028320312,340
570,1202.50585891839,1367.06249472262,530.879028320312,340
571,1287.08479296237,1364.98662398914,530.879028320312,340
572,1362.61102879066,1365.01904310855,530.879028320312,340
573,1384.7018161478,1366.53877710709,530.879028320312,340
574,1172.46912498646,1358.63753621337,530.879028320312,340
575,1289.81215328768,1354.10868504995,530.879028320312,340
576,1255.26710274926,1348.86529679944,530.879028320312,340
577,1435.41260653766,1353.98129255379,532.05859375,340
578,1328.44483063895,1351.65240462819,532.05859375,340
579,1375.38983950989,1350.92448664783,532.05859375,340
580,1273.37318330274,1349.20237259422,532.05859375,340
581,1467.56065850164,1353.49618171014,532.05859375,340
582,1400.04158748942,1354.96109194238,532.05859375,340
583,1115.47674646467,1344.76216138652,532.05859375,340
584,1173.31592927151,1339.66944080655,532.05859375,340
585,1340.61573528121,1336.79085469669,531.487487792969,340
586,1339.84042749727,1332.71109293141,531.487487792969,340
587,1379.63579630246,1333.51207951138,531.487487792969,340
588,1368.93312869624,1332.49310426172,531.487487792969,340
589,1429.53417010411,1333.52314242313,531.487487792969,340
590,1369.03814269877,1331.03243126497,531.487487792969,340
591,1367.23300903617,1329.3989942057,531.487487792969,340
592,1366.47989513828,1328.08619418591,531.487487792969,340
593,1401.84888133042,1330.85771445074,535.236633300781,340
594,1343.26583774223,1329.19569133545,535.236633300781,340
595,1400.32242502749,1337.10835397981,535.236633300781,340
596,1342.64740477789,1339.33085845244,535.236633300781,340
597,1385.70642549379,1340.25467432056,535.236633300781,340
598,1370.83764837582,1339.70010760968,535.236633300781,340
599,1413.4826323486,1349.34064790417,535.236633300781,340
600,1392.03828467005,1353.42969315946,535.236633300781,340
601,1410.27860401188,1359.63015320997,531.996948242188,340
602,1448.22464833496,1360.14263488186,531.996948242188,340
603,1427.88042974112,1364.12005884595,531.996948242188,340
604,1410.3022099122,1365.51655366204,531.996948242188,340
605,1301.42685603205,1366.63870057121,531.996948242188,340
606,1400.1790976251,1363.94343813615,531.996948242188,340
607,1448.21071301879,1365.87020315732,531.996948242188,340
608,1258.17586911237,1371.57816806323,531.996948242188,340
609,1465.68244940713,1383.27282886866,526.925048828125,340
610,1427.71471006445,1386.75678785999,526.925048828125,340
611,1397.04123070326,1389.04481998823,526.925048828125,340
612,1406.97078554997,1390.13821955813,526.925048828125,340
613,1420.34293272372,1392.19461171923,526.925048828125,340
614,1429.70931251068,1392.20161741549,526.925048828125,340
615,1447.81839350825,1395.35282744787,526.925048828125,340
616,1399.69107555303,1396.65115010854,526.925048828125,340
617,1474.52891250404,1400.97311080317,525.53271484375,340
618,1422.43090465542,1401.79639173617,525.53271484375,340
619,1483.39427092607,1407.40152906353,525.53271484375,340
620,1325.01748731035,1404.38933155484,525.53271484375,340
621,1408.63872995971,1407.02898456211,525.53271484375,340
622,1374.99952100645,1406.60070838262,525.53271484375,340
623,1425.15580002895,1408.77343444875,525.53271484375,340
624,1500.79630777647,1412.26598146586,525.53271484375,340
625,1446.81129575293,1414.45690190918,525.638244628906,340
626,1492.03176245265,1417.72702824681,525.638244628906,340
627,1400.70972221165,1415.82643120187,525.638244628906,340
628,1473.48054345147,1417.65043575029,525.638244628906,340
629,1479.65294677026,1420.42446522461,525.638244628906,340
630,1428.07381206947,1425.49034346611,525.638244628906,340
631,1439.38139538005,1427.0584353763,525.638244628906,340
632,1450.19725728089,1427.13789714679,525.638244628906,340
633,1437.0149522944,1434.29146047407,525.677551269531,340
634,1436.769892516,1433.13495819842,525.677551269531,340
635,1417.89201676682,1432.74205046652,525.677551269531,340
636,1412.1775957307,1433.34750506762,525.677551269531,340
637,1382.23633365723,1432.35812699191,525.677551269531,340
638,1415.55157574018,1432.16647271257,525.677551269531,340
639,1411.85995374632,1431.45249836199,525.677551269531,340
640,1416.82609358784,1430.21280636518,525.677551269531,340
641,1460.58016771852,1432.64837005179,528.502563476562,340
642,1395.70829133541,1429.49554520505,528.502563476562,340
643,1370.06007654167,1427.4007120805,528.502563476562,340
644,1452.3987506511,1426.1608912695,528.502563476562,340
645,1457.68878979467,1431.46774336887,528.502563476562,340
646,1478.17283571226,1434.24910759898,528.502563476562,340
647,1453.12280335479,1437.37403889291,528.502563476562,340
648,1201.85791349946,1428.44212343173,528.502563476562,340
649,1457.9169804682,1426.7269503394,529.967041015625,340
650,1419.08157540807,1425.6177615256,529.967041015625,340
651,1457.39436446182,1424.23226560597,529.967041015625,340
652,1439.02365260595,1425.76482282174,529.967041015625,340
653,1429.15297898775,1423.99172024319,529.967041015625,340
654,1399.03393428786,1420.7669597439,529.967041015625,340
655,1424.32900861509,1420.61716760572,529.967041015625,340
656,1424.70889760833,1420.03026769485,529.967041015625,340
657,1472.45354057206,1420.9205190265,532.212158203125,340
658,1471.93203477879,1422.31720232588,532.212158203125,340
659,1453.59422270181,1422.99017553331,532.212158203125,340
660,1459.18395929398,1424.6418532344,532.212158203125,340
661,1458.02805328242,1426.47587153646,532.212158203125,340
662,1452.02774206311,1429.2675278727,532.212158203125,340
663,1379.248008171,1427.81538516993,532.212158203125,340
664,1389.4886793633,1426.92053419461,532.212158203125,340
665,1481.66266531259,1429.5139970636,533.865600585938,340
666,1431.77359348605,1428.3617340943,533.865600585938,340
667,1511.10860173576,1432.97774651032,533.865600585938,340
668,1422.00792689053,1435.05566052427,533.865600585938,340
669,1449.182914527,1434.92702707931,533.865600585938,340
670,1403.28892925306,1432.75103265764,533.865600585938,340
671,1472.98865874823,1432.54366557908,533.865600585938,340
672,1479.29622534747,1433.59060245879,533.865600585938,340
673,1390.01998466876,1441.11708530556,536.098999023438,340
674,1427.62663107613,1439.90547132988,536.098999023438,340
675,1444.52205207948,1440.92309039673,536.098999023438,340
676,1341.97195328305,1436.30619394958,536.098999023438,340
677,1332.87992639759,1432.06044490125,536.098999023438,340
678,1502.48677650681,1434.99379680201,536.098999023438,340
679,1183.46384962099,1426.37099341534,536.098999023438,340
680,1250.31343852809,1419.41037061186,536.098999023438,340
681,1450.56791293878,1420.44473122508,538.605529785156,340
682,1461.48226643243,1420.00588025949,538.605529785156,340
683,1465.04195417132,1419.73027703519,538.605529785156,340
684,1499.55603332535,1421.56874946013,538.605529785156,340
685,1486.06749873101,1422.64409103761,538.605529785156,340
686,1468.07433894712,1423.0459424642,538.605529785156,340
687,1490.22659255379,1424.57389648383,538.605529785156,340
688,1436.30644572039,1426.85623398581,538.605529785156,340
689,1462.16148902483,1429.76314637227,538.719360351562,340
690,1405.32450382285,1426.70961991268,538.719360351562,340
691,1467.72745784295,1428.14777448695,538.719360351562,340
692,1446.345718077,1425.5572591406,538.719360351562,340
693,1450.31171963533,1426.68941085039,538.719360351562,340
694,1452.27520237209,1426.8131023642,538.719360351562,340
695,1454.46936209611,1428.86031967792,538.719360351562,340
696,1441.93017265426,1427.61798023416,538.719360351562,340
697,1428.24282487976,1425.57584421545,540.09375,340
698,1484.36108024933,1429.34948803867,540.09375,340
699,1255.51130497388,1422.46487499458,540.09375,340
700,1398.35100106699,1420.61803295408,540.09375,340
701,1446.13103563481,1424.78439624816,540.09375,340
702,1301.04485644606,1423.51099345009,540.09375,340
703,1398.53551521798,1419.35294299854,540.09375,340
704,1407.70914516765,1428.32275482041,540.09375,340
705,1484.24905976296,1437.6801796698,540.997863769531,340
706,1456.71487525577,1437.92605816248,540.997863769531,340
707,1436.13336902046,1436.912102266,540.997863769531,340
708,1457.20374867306,1436.59857404607,540.997863769531,340
709,1443.58465451537,1434.35971889367,540.997863769531,340
710,1418.29897126808,1431.64897779516,540.997863769531,340
711,1445.41609257457,1430.74264794025,540.997863769531,340
712,1432.7890743989,1428.44514721406,540.997863769531,340
713,1393.77307182437,1426.74381225822,542.566223144531,340
714,1480.28169008634,1427.46862030068,542.566223144531,340
715,1450.62203303694,1429.28052146924,542.566223144531,340
716,1453.26374087974,1428.70197279071,542.566223144531,340
717,1440.63010603194,1428.47334830891,542.566223144531,340
718,1472.5449555132,1429.36267774402,542.566223144531,340
719,1504.98366819035,1431.47101637676,542.566223144531,340
720,1516.54365760384,1433.95398819706,542.566223144531,340
721,1473.6725546236,1435.22368347584,543.285705566406,340
722,1460.82112048742,1436.52681530014,543.285705566406,340
723,1470.62827385347,1435.97750304431,543.285705566406,340
724,1467.80858372904,1444.46939419452,543.285705566406,340
725,1442.47763072234,1446.23445938073,543.285705566406,340
726,1426.45921917377,1445.44758672229,543.285705566406,340
727,1468.36282200457,1452.14030534463,543.285705566406,340
728,1461.2066141506,1454.64714930193,543.285705566406,340
729,1429.22983586367,1455.50797692977,544.089050292969,340
730,1483.92307707519,1455.49493762226,544.089050292969,340
731,1463.39208248241,1455.76202591133,544.089050292969,340
732,1494.08301336745,1458.08001168521,544.089050292969,340
733,1474.29515717522,1458.7636680253,544.089050292969,340
734,1454.98202412988,1459.21956280988,544.089050292969,340
735,1463.24183079145,1461.01727719081,544.089050292969,340
736,1496.69294154323,1463.06835114956,544.089050292969,340
737,1479.17583396046,1464.92382153202,544.402404785156,340
738,1404.33930470946,1465.34647084742,544.402404785156,340
739,1464.72372573297,1464.72415227329,544.402404785156,340
740,1495.09076629829,1466.50290160374,544.402404785156,340
741,1501.60740261301,1468.43664807307,544.402404785156,340
742,1412.88850384333,1467.32698398553,544.402404785156,340
743,1465.17989488674,1467.03238156047,544.402404785156,340
744,1403.52810436418,1462.97415900742,544.402404785156,340
745,1450.24839938359,1460.32234867861,544.789428710938,340
746,1484.50539049888,1460.75566211363,544.789428710938,340
747,1499.8820604724,1462.31809971302,544.789428710938,340
748,1464.54193002293,1462.0746459598,544.789428710938,340
749,1504.72976046703,1463.55149302932,544.789428710938,340
750,1487.07670458203,1465.33545598371,544.789428710938,340
751,1464.47340790314,1466.85602353289,544.789428710938,340
752,1460.77839696571,1466.55264653133,544.789428710938,340
753,1472.24095795698,1466.99402028359,544.598266601562,340
754,1496.50679527676,1469.68509866011,544.598266601562,340
755,1503.68267153212,1470.47548243839,544.598266601562,340
756,1492.39154196375,1471.63546081764,544.598266601562,340
757,1523.83902170346,1472.82570115108,544.598266601562,340
758,1527.9744667082,1474.9728735324,544.598266601562,340
759,1459.72865778548,1475.16273887862,544.598266601562,340
760,1483.82265992586,1475.985972044,544.598266601562,340
761,1497.16640736438,1476.00491067685,545.266723632812,340
762,1489.10090209073,1476.40191340206,545.266723632812,340
763,1517.28521095797,1480.919749652,545.266723632812,340
764,1468.78481817792,1481.0821933498,545.266723632812,340
765,1508.39723424889,1481.61445206782,545.266723632812,340
766,1505.99749817261,1481.7900558902,545.266723632812,340
767,1536.15842840625,1486.72085287272,545.266723632812,340
768,1512.16621751155,1488.60030577771,545.266723632812,340
769,1489.30601155458,1492.03142206533,546.208740234375,340
770,1351.33643522009,1488.07494349879,546.208740234375,340
771,1498.95285018268,1488.65284188614,546.208740234375,340
772,1338.03751835509,1482.17906020145,546.208740234375,340
773,1470.49591963919,1482.4172197861,546.208740234375,340
774,1464.31439575003,1480.80060519742,546.208740234375,340
775,1513.92676741162,1481.8746077106,546.208740234375,340
776,1444.16474998082,1481.06226139371,546.208740234375,340
777,1492.84476611883,1482.34491615983,547.809326171875,340
778,1523.8049403633,1484.40747545609,547.809326171875,340
779,1505.76539279459,1484.7778193568,547.809326171875,340
780,1541.09128048894,1486.27416371507,547.809326171875,340
781,1421.85052113949,1483.4525228821,547.809326171875,340
782,1496.38748146148,1482.35446127242,547.809326171875,340
783,1491.51542840833,1480.89609974043,547.809326171875,340
784,1473.79960313551,1481.45893755443,547.809326171875,340
785,1485.41945193631,1481.52280923485,548.279602050781,340
786,1507.20192068536,1481.92422976769,548.279602050781,340
787,1414.24457506328,1478.92997668659,548.279602050781,340
788,1509.63843153092,1478.62410550951,548.279602050781,340
789,1494.35750850444,1479.64701312257,548.279602050781,340
790,1468.02800555278,1478.03224397472,548.279602050781,340
791,1471.63001043867,1476.65754446537,548.279602050781,340
792,1430.13815675191,1472.41673359919,548.279602050781,340
793,1515.13662752376,1472.53554999968,548.723693847656,340
794,1466.90950055242,1471.63968955959,548.723693847656,340
795,1533.4492997908,1478.92420414242,548.723693847656,340
796,1515.14240108378,1479.57178617847,548.723693847656,340
797,1545.90632394249,1487.88653840196,548.723693847656,340
798,1529.22843791665,1490.23583913306,548.723693847656,340
799,1498.96629211303,1491.62191498758,548.723693847656,340
800,1447.92781176517,1488.98195676172,548.723693847656,340
801,1528.07029602635,1492.33817860354,548.416687011719,340
802,1454.89000821559,1490.81998828742,548.416687011719,340
803,1482.88086882192,1489.18302542576,548.416687011719,340
804,1485.81943467713,1488.38518710106,548.416687011719,340
805,1478.20674769062,1485.86980578913,548.416687011719,340
806,1535.64015867265,1490.42139129046,548.416687011719,340
807,1466.42659470408,1489.22295582016,548.416687011719,340
808,1512.16291623099,1490.04885533307,548.416687011719,340
809,1513.58368036353,1491.64021842219,548.695556640625,340
810,1477.88632388391,1491.33889330009,548.695556640625,340
811,1535.40399284113,1492.46697618632,548.695556640625,340
812,1501.83842716234,1495.97073027028,548.695556640625,340
813,1456.55441923094,1493.84736977828,548.695556640625,340
814,1541.2174283782,1495.72176657323,548.695556640625,340
815,1431.24923441528,1494.25061572773,548.695556640625,340
816,1519.11709789267,1496.1500992259,548.695556640625,340
817,1524.32200028884,1499.91745296737,549.633972167969,340
818,1520.40917082385,1500.12835469938,549.633972167969,340
819,1521.2247147459,1502.30096326712,549.633972167969,340
820,1506.30272141367,1501.21510013203,549.633972167969,340
821,1520.60898479164,1501.43376348034,549.633972167969,340
822,1543.12382616222,1501.32246356913,549.633972167969,340
823,1535.77668773399,1501.58439356183,549.633972167969,340
824,1492.69088910893,1501.33337744166,549.633972167969,340
825,1522.58261383671,1504.31956952452,550.229370117188,340
826,1439.95960749514,1500.79514198328,550.229370117188,340
827,1558.74858363923,1504.94948500022,550.229370117188,340
828,1555.08898119781,1507.83780949526,550.229370117188,340
829,1574.21766536846,1511.37373872291,550.229370117188,340
830,1584.38816524622,1515.62099542513,550.229370117188,340
831,1424.23358443861,1511.16473245577,550.229370117188,340
832,1533.868897911,1513.86242458405,550.229370117188,340
833,1546.39549604245,1515.23172777651,550.453002929688,340
834,1552.78795315997,1516.79989868836,550.453002929688,340
835,1520.82725423375,1518.51753590236,550.453002929688,340
836,1476.35033394909,1516.15538954668,550.453002929688,340
837,1508.98995995401,1516.44145085834,550.453002929688,340
838,1493.61672935715,1517.92394326339,550.453002929688,340
839,1540.07169399376,1517.87811388801,550.453002929688,340
840,1553.52615590941,1522.76919074778,550.453002929688,340
841,1567.46383424863,1524.70306020202,551.245849609375,340
842,1546.45088754364,1525.58821569221,551.245849609375,340
843,1513.54835843706,1525.31378319674,551.245849609375,340
844,1547.63378936325,1526.37014618143,551.245849609375,340
845,1519.85929520913,1526.91240913325,551.245849609375,340
846,1537.75263487955,1527.59815513677,551.245849609375,340
847,1522.91120473141,1526.78965027953,551.245849609375,340
848,1551.55483240222,1527.42077606626,551.245849609375,340
849,1528.78514552959,1528.86454632309,551.868041992188,340
850,1400.53634834985,1523.98269570362,551.868041992188,340
851,1532.70947223987,1527.6926902934,551.868041992188,340
852,1572.13019757692,1528.22795485091,551.868041992188,340
853,1554.41392937986,1528.20095277819,551.868041992188,340
854,1552.8067102012,1527.3445145715,551.868041992188,340
855,1543.99707132462,1525.72887081464,551.868041992188,340
856,1544.04521066705,1530.52133586378,551.868041992188,340
857,1571.72413370607,1532.03554529558,552.7177734375,340
858,1545.13774819653,1531.98523538174,552.7177734375,340
859,1560.71934903076,1532.30249121657,552.7177734375,340
860,1541.61760052051,1533.13410506805,552.7177734375,340
861,1407.74643384358,1530.38994906383,552.7177734375,340
862,1520.95156264409,1530.86841317143,552.7177734375,340
863,1522.9880399292,1532.04326559431,552.7177734375,340
864,1341.44036830254,1524.09801256666,552.7177734375,340
865,1562.92333741782,1524.473899827,553.1484375,340
866,1516.00585971829,1522.41558084578,553.1484375,340
867,1513.61737636784,1521.10224039875,553.1484375,340
868,1539.43137869245,1522.13756120897,553.1484375,340
869,1516.71211060654,1520.9006940587,553.1484375,340
870,1542.02917708255,1521.78748933364,553.1484375,340
871,1538.1252881001,1521.80239546246,553.1484375,340
872,1546.91227178334,1522.76243814454,553.1484375,340
873,1549.98350121984,1522.69958489724,553.208312988281,340
874,1518.81042027812,1522.30059588718,553.208312988281,340
875,1511.32416494931,1526.73210855116,553.208312988281,340
876,1530.80283918301,1526.65584322888,553.208312988281,340
877,1527.84347272073,1524.88437423464,553.208312988281,340
878,1523.60282721538,1523.65193014806,553.208312988281,340
879,1548.36057955423,1523.47408492218,553.208312988281,340
880,1534.56899380217,1523.09696182128,553.208312988281,340
881,1591.55395455372,1524.99731157675,554.173583984375,340
882,1503.2304744664,1522.25756520716,554.173583984375,340
883,1538.6647115572,1521.99864374159,554.173583984375,340
884,1542.68396246393,1521.27722827892,554.173583984375,340
885,1543.03760828959,1521.33402858968,554.173583984375,340
886,1565.96460835732,1527.66275557023,554.173583984375,340
887,1509.79011456588,1527.2162976471,554.173583984375,340
888,1505.77708572907,1526.52785947909,554.173583984375,340
889,1556.56324823715,1535.13277467648,555.389709472656,340
890,1421.57001103446,1529.47864162114,555.389709472656,340
891,1580.56650715112,1532.06106751846,555.389709472656,340
892,1546.7013075356,1533.38442476517,555.389709472656,340
893,1524.30496681358,1532.77936829001,555.389709472656,340
894,1524.27154516895,1533.08174567251,555.389709472656,340
895,1332.18660649663,1524.68804284907,555.389709472656,340
896,1537.57454652367,1524.66601318602,555.389709472656,340
897,1532.56851966728,1524.09226310137,556.148254394531,340
898,1567.54906155228,1524.79488551467,556.148254394531,340
899,1554.39501538684,1526.21826931902,556.148254394531,340
900,1544.09898057589,1527.52926194408,556.148254394531,340
901,1562.5364364841,1528.79860583613,556.148254394531,340
902,1447.75804883192,1525.59518888057,556.148254394531,340
903,1559.06682648867,1527.01374885151,556.148254394531,340
904,1501.95892700491,1525.15768274953,556.148254394531,340
905,1500.10532022471,1523.77913580643,556.837768554688,340
906,1561.10815529631,1522.56130383614,556.837768554688,340
907,1554.86986043477,1524.62687927487,556.837768554688,340
908,1515.58017247052,1523.70349771141,556.837768554688,340
909,1545.30195699048,1523.80821749247,556.837768554688,340
910,1563.14855705761,1524.61265544319,556.837768554688,340
911,1588.68773459633,1525.52158049275,556.837768554688,340
912,1539.65865168123,1526.71632197736,556.837768554688,340
913,1547.3376185989,1528.37874329216,556.959167480469,340
914,1546.96860327136,1527.99495749352,556.959167480469,340
915,1565.06581980807,1533.73478984447,556.959167480469,340
916,1559.35801780565,1532.88645027065,556.959167480469,340
917,1548.7048355858,1532.96659139266,556.959167480469,340
918,1527.06984289586,1533.07718643595,556.959167480469,340
919,1538.63814538639,1533.65185044465,556.959167480469,340
920,1552.88690484122,1542.47986237843,556.959167480469,340
921,1575.82436538863,1544.00985513303,557.34423828125,340
922,1540.72794306668,1544.336232069,557.34423828125,340
923,1603.15480081379,1545.76046163947,557.34423828125,340
924,1532.74641914793,1544.89451778991,557.34423828125,340
925,1593.59599249767,1546.87439826678,557.34423828125,340
926,1520.49941915866,1545.19291757376,557.34423828125,340
927,1539.6953242585,1548.87040859083,557.34423828125,340
928,1547.73406934681,1548.41709830515,557.34423828125,340
929,1576.89680314382,1551.41461335071,558.429931640625,340
930,1597.79624386218,1555.32225029621,558.429931640625,340
931,1607.74538092948,1557.18773932153,558.429931640625,340
932,1574.0729484823,1557.95586284343,558.429931640625,340
933,1405.6298318256,1553.55784921764,558.429931640625,340
934,1605.45636658218,1555.96402560131,558.429931640625,340
935,1591.40901276186,1557.09444382948,558.429931640625,340
936,1423.34900489202,1550.4808946413,558.429931640625,340
937,1587.61616401619,1552.3991951347,558.939880371094,340
938,1552.45721824966,1552.60397912073,558.939880371094,340
939,1558.69634148896,1553.07308864944,558.939880371094,340
940,1550.20070827094,1552.47848418795,558.939880371094,340
941,1611.34653942591,1554.55802505276,558.939880371094,340
942,1400.07541403679,1548.6128481908,558.939880371094,340
943,1437.52688870502,1545.03113002317,558.939880371094,340
944,1617.58027777667,1548.18881531878,558.939880371094,340
945,1543.33019527076,1547.80654693596,559.327392578125,340
946,1562.77877929749,1547.28472349231,559.327392578125,340
947,1325.94046242208,1538.69322426653,559.327392578125,340
948,1581.87487372137,1537.84202718283,559.327392578125,340
949,1325.20040813695,1529.54018674239,559.327392578125,340
950,1491.70009176834,1525.46435071322,559.327392578125,340
951,1406.10151617648,1520.88843459393,559.327392578125,340
952,1488.65418536785,1518.84678903831,559.327392578125,340
953,1596.57276088052,1520.80033669966,560.220336914062,340
954,1593.15054789318,1521.45048648963,560.220336914062,340
955,1338.13025936252,1511.06384710964,560.220336914062,340
956,1236.70492901981,1496.22222903326,560.220336914062,340
957,1585.56494797307,1496.68190901289,560.220336914062,340
958,1333.77139369635,1493.80757148772,560.220336914062,340
959,1365.25007065777,1484.19931965074,560.220336914062,340
960,1588.85415681858,1484.09712541301,560.220336914062,340
961,1594.57510053035,1490.94616923854,561.623291015625,340
962,1563.80543368145,1489.99374002515,561.623291015625,340
963,1596.19036820855,1491.74306602351,561.623291015625,340
964,1518.54975085987,1490.13720239835,561.623291015625,340
965,1309.57631038319,1480.51222648284,561.623291015625,340
966,1465.49591106482,1474.67820134839,561.623291015625,340
967,1340.73906937746,1472.30474756202,561.623291015625,340
968,1529.23999767496,1475.97327192082,561.623291015625,340
969,1552.30480177426,1473.36225288072,563.143920898438,340
970,1231.35903145819,1460.88340632822,563.143920898438,340
971,1543.22980662247,1460.10144742122,563.143920898438,340
972,1234.28622297655,1456.4352778434,563.143920898438,340
973,1480.57770499164,1452.38339109421,563.143920898438,340
974,1438.97308442653,1456.93429814579,563.143920898438,340
975,1628.30451146166,1462.39847493352,563.143920898438,340
976,1229.35701853731,1455.32869502796,563.143920898438,340
977,1614.88742309153,1460.3780245369,561.915710449219,340
978,1461.6295682256,1454.98029683071,561.915710449219,340
979,1522.87831857936,1452.16940765815,561.915710449219,340
980,1594.38285261743,1462.41951138835,561.915710449219,340
981,1573.77892186317,1475.90247110208,561.915710449219,340
982,1605.61870457205,1476.70462136604,561.915710449219,340
983,1568.15936461572,1486.08014020282,561.915710449219,340
984,1546.18340712954,1493.31747366169,561.915710449219,340
985,1603.96242416531,1493.92180435556,560.212890625,340
986,1628.80751288476,1495.29110084973,560.212890625,340
987,1471.28094925908,1491.59012147284,560.212890625,340
988,1615.70346923123,1492.37064551375,560.212890625,340
989,1623.76663946992,1496.57932105815,560.212890625,340
990,1501.70761042066,1504.26457305965,560.212890625,340
991,1613.01752612204,1510.16543766194,560.212890625,340
992,1639.0534997078,1522.09801487515,560.212890625,340
993,1573.54088720804,1523.87005045647,558.551330566406,340
994,1588.76178215406,1525.32832967167,558.551330566406,340
995,1589.269815964,1539.6447610519,558.551330566406,340
996,1611.78731535133,1542.38706140105,558.551330566406,340
997,1574.04836048463,1555.97754690138,558.551330566406,340
998,1454.16425718217,1554.921008989,558.551330566406,340
999,1666.32139418315,1564.01494137926,558.551330566406,340
1000,1623.88780144313,1563.83827297852,558.551330566406,340
1001,1606.61508264454,1578.92859554281,557.385925292969,340
1002,1607.98234442709,1578.65239239623,557.385925292969,340
1003,1622.60614511786,1585.09145547192,557.385925292969,340
1004,1592.63017683166,1587.88152980201,557.385925292969,340
1005,1573.62197638762,1587.05109475282,557.385925292969,340
1006,1595.94019839711,1587.93754581418,557.385925292969,340
1007,1618.42903662233,1588.44995909619,557.385925292969,340
1008,1614.22330981252,1590.29251690406,557.385925292969,340
1009,1589.68126002071,1592.03243101971,554.891052246094,340
1010,1551.6834934281,1589.94127379022,554.891052246094,340
1011,1635.285658671,1590.20039962167,554.891052246094,340
1012,1657.8628925558,1597.66367735354,554.891052246094,340
1013,1567.8598113385,1595.74993103783,554.891052246094,340
1014,1626.02323552423,1595.84019488,554.891052246094,340
1015,1640.12108461482,1601.37673384777,554.891052246094,340
1016,1576.83572970621,1599.92946199114,554.891052246094,340
1017,1650.62592966115,1600.39235918927,551.584411621094,340
1018,1606.94797963017,1601.72864288616,551.584411621094,340
1019,1571.11287610488,1601.02268664419,551.584411621094,340
1020,1629.49122018407,1602.63154281299,551.584411621094,340
1021,1600.98268117408,1602.1993574459,551.584411621094,340
1022,1626.70007892407,1604.30542618348,551.584411621094,340
1023,1605.01252224692,1610.33935678607,551.584411621094,340
1024,1426.5482732966,1600.74843195061,551.584411621094,340
1025,1608.93212300047,1600.1502048129,550.781005859375,340
1026,1650.4117176445,1601.9020702129,550.781005859375,340
1027,1626.47270273399,1602.64168454517,550.781005859375,340
1028,1609.82658470014,1602.13050212847,550.781005859375,340
1029,1616.93959607004,1603.102878898,550.781005859375,340
1030,1638.99563155181,1605.71782510457,550.781005859375,340
1031,1602.41545887059,1605.97683552351,550.781005859375,340
1032,1619.1360354438,1606.00511547637,550.781005859375,340
1033,1598.63498678753,1605.38158255537,550.958190917969,340
1034,1658.48385330038,1608.13368628655,550.958190917969,340
1035,1612.26645054588,1610.55700457126,550.958190917969,340
1036,1646.69004198406,1611.01317990379,550.958190917969,340
1037,1593.13347323929,1608.42400313113,550.958190917969,340
1038,1602.60213012517,1609.81369588259,550.958190917969,340
1039,1609.60559270364,1609.15699016977,550.958190917969,340
1040,1588.53493754909,1607.09354428714,550.958190917969,340
1041,1637.05682130622,1609.50238795114,552.028625488281,340
1042,1609.13016157085,1607.84255722753,552.028625488281,340
1043,1636.24427997976,1609.01440924151,552.028625488281,340
1044,1597.2696188281,1610.06067895044,552.028625488281,340
1045,1619.23115725737,1609.65027643337,552.028625488281,340
1046,1599.36187409877,1609.58544415036,552.028625488281,340
1047,1611.25674436156,1608.96771076786,552.028625488281,340
1048,1622.88607478637,1609.68265286944,552.028625488281,340
1049,1627.33682364921,1617.71419488354,554.314025878906,340
1050,1619.52656402912,1618.13797252469,554.314025878906,340
1051,1606.68800434181,1616.38902399258,554.314025878906,340
1052,1614.12475023158,1615.89510589248,554.314025878906,340
1053,1625.88981411269,1616.53763506899,554.314025878906,340
1054,1611.94480548419,1616.33784344555,554.314025878906,340
1055,1587.43806239766,1614.27554067939,554.314025878906,340
1056,1608.68648224274,1614.52638161427,554.314025878906,340
1057,1629.54935129105,1614.94291424816,556.558837890625,340
1058,1608.78813555152,1615.34904019872,556.558837890625,340
1059,1374.9658801004,1604.00832127072,556.558837890625,340
1060,1647.38277534909,1605.41297426285,556.558837890625,340
1061,1640.12087657387,1605.15020764644,556.558837890625,340
1062,1644.07802623149,1607.18798976613,556.558837890625,340
1063,1635.00979783574,1608.48429647455,556.558837890625,340
1064,1640.01607204009,1609.70071564801,556.558837890625,340
1065,1651.11462893858,1612.20390330359,558.698364257812,340
1066,1632.8114881336,1612.03408997669,558.698364257812,340
1067,1615.45327544205,1612.28701453154,558.698364257812,340
1068,1649.2866656669,1612.80870995902,558.698364257812,340
1069,1647.37488174702,1614.81292047578,558.698364257812,340
1070,1629.95679373816,1615.24194593501,558.698364257812,340
1071,1622.22629026899,1616.15652258182,558.698364257812,340
1072,1655.4271782508,1617.92333993739,558.698364257812,340
1073,1652.58850257047,1619.11143704875,558.748596191406,340
1074,1656.33642405511,1620.27142106499,558.748596191406,340
1075,1655.25054896896,1621.70038046258,558.748596191406,340
1076,1654.62681140113,1623.61793274495,558.748596191406,340
1077,1634.17976743116,1624.42013343294,558.748596191406,340
1078,1605.464703851,1623.60312902247,558.748596191406,340
1079,1644.55625513518,1624.90758700851,558.748596191406,340
1080,1579.58225418338,1624.59335467994,558.748596191406,340
1081,1590.86339328607,1623.88043112167,559.521667480469,340
1082,1590.66511589428,1622.3250617058,559.521667480469,340
1083,1603.73307289405,1622.1228591995,559.521667480469,340
1084,1603.61425740376,1631.26879429164,559.521667480469,340
1085,1604.00365402687,1629.53362943875,559.521667480469,340
1086,1617.77587406471,1628.63982933838,559.521667480469,340
1087,1598.37822324625,1626.81183721897,559.521667480469,340
1088,1625.74941762458,1626.44142201052,559.521667480469,340
1089,1590.63828870257,1624.46631067702,561.173522949219,340
1090,1625.70874277322,1623.45007523041,561.173522949219,340
1091,1603.0289663572,1622.25877435935,561.173522949219,340
1092,1621.41335808253,1622.49717766497,561.173522949219,340
1093,1613.7039643659,1621.07386961293,561.173522949219,340
1094,1601.71035189206,1619.24728841873,561.173522949219,340
1095,1648.34111956566,1619.98266145183,561.173522949219,340
1096,1635.52343019348,1620.51454704881,561.173522949219,340
1097,1546.61928816485,1616.16223144538,562.053588867188,340
1098,1614.12503010134,1614.62369254661,562.053588867188,340
1099,1597.16146986366,1612.25669437895,562.053588867188,340
1100,1576.62294238096,1609.11159011543,562.053588867188,340
1101,1628.61029042815,1608.07092927651,562.053588867188,340
1102,1606.37832230171,1606.95887147134,562.053588867188,340
1103,1568.97336715395,1605.49921800345,562.053588867188,340
1104,1605.40491582552,1603.93316443107,562.053588867188,340
1105,1596.94826517379,1604.62780487068,563.002807617188,340
1106,1662.11843928641,1607.4780067107,563.002807617188,340
1107,1619.46277845198,1608.62991321301,563.002807617188,340
1108,1604.61273352434,1608.66509963822,563.002807617188,340
1109,1647.48560922907,1610.41995371123,563.002807617188,340
1110,1649.95362060977,1612.25795237455,563.002807617188,340
1111,1638.12465377629,1613.07190356301,563.002807617188,340
1112,1632.40007892749,1614.43277779026,563.002807617188,340
1113,1606.97913953402,1613.68196666664,563.690856933594,340
1114,1616.74910407701,1614.72639928161,563.690856933594,340
1115,1578.76656028438,1612.84871198206,563.690856933594,340
1116,1576.26319941142,1611.77808130423,563.690856933594,340
1117,1599.77429175946,1610.91251865131,563.690856933594,340
1118,1618.68174847318,1611.1116300156,563.690856933594,340
1119,1585.83860470561,1610.47676012814,563.690856933594,340
1120,1610.77864758777,1608.97426124902,563.690856933594,340
1121,1642.5309681034,1609.25456276542,564.174377441406,340
1122,1611.23921110482,1611.83935968302,564.174377441406,340
1123,1607.24446534037,1611.56413709258,564.174377441406,340
1124,1603.44155546888,1611.81534051679,564.174377441406,340
1125,1614.41987277315,1613.32721773248,564.174377441406,340
1126,1631.50507996173,1613.44300931382,564.174377441406,340
1127,1652.13003334446,1615.27307775553,564.174377441406,340
1128,1633.08917589368,1617.83771010512,564.174377441406,340
1129,1619.70711977436,1618.40979826307,563.564575195312,340
1130,1635.66498638804,1619.95846711164,563.564575195312,340
1131,1637.19210692877,1618.96141381734,563.564575195312,340
1132,1654.34836597446,1620.35683731824,563.564575195312,340
1133,1613.9633435831,1620.73086172059,563.564575195312,340
1134,1670.44021087117,1621.64904578627,563.564575195312,340
1135,1649.44311224475,1621.62862545167,563.564575195312,340
1136,1654.5447700402,1622.28543010223,563.564575195312,340
1137,1618.26398114892,1621.71998619108,564.121826171875,340
1138,1635.19115207582,1622.84846669276,564.121826171875,340
1139,1635.80556394056,1623.6107250873,564.121826171875,340
1140,1629.78608451951,1625.6515060567,564.121826171875,340
1141,1622.39231538152,1627.49667069551,564.121826171875,340
1142,1608.77709117262,1627.85678267203,564.121826171875,340
1143,1650.79998364433,1629.14151207888,564.121826171875,340
1144,1648.69488939576,1631.65576346649,564.121826171875,340
1145,1656.57738916525,1633.48771312959,564.350463867188,340
1146,1635.57785045045,1633.20958842347,564.350463867188,340
1147,1617.48889406181,1633.45957574175,564.350463867188,340
1148,1655.98533987675,1635.4092107232,564.350463867188,340
1149,1589.16254165672,1634.83805017072,564.350463867188,340
1150,1630.35089401926,1635.47529102056,564.350463867188,340
1151,1670.3581888669,1637.02941537677,564.350463867188,340
1152,1619.24768472339,1635.71412143192,564.350463867188,340
1153,1649.29220364786,1636.36224254209,565.321716308594,340
1154,1671.63653920533,1638.43941931933,565.321716308594,340
1155,1654.42741995806,1639.18991666213,565.321716308594,340
1156,1682.81100309357,1641.01467250872,565.321716308594,340
1157,1655.2972259175,1641.05262690644,565.321716308594,340
1158,1656.80420869284,1642.76626151083,565.321716308594,340
1159,1651.29565048452,1642.00047909537,565.321716308594,340
1160,1618.70427410433,1640.77092556975,565.321716308594,340
1161,1640.22588419407,1640.19817013591,565.956359863281,340
1162,1669.03949994816,1642.22919088788,565.956359863281,340
1163,1653.47382958684,1642.96049798832,565.956359863281,340
1164,1641.56817032736,1643.19100224379,565.956359863281,340
1165,1637.33080048723,1643.4927908825,565.956359863281,340
1166,1668.72326685174,1645.34602894131,565.956359863281,340
1167,1690.56982741498,1648.617738391,565.956359863281,340
1168,1639.00508682028,1648.14594251804,565.956359863281,340
1169,1672.06301142326,1649.08066739914,566.031433105469,340
1170,1642.65048393772,1648.52359119004,566.031433105469,340
1171,1651.63127070146,1649.16572800008,566.031433105469,340
1172,1671.82464633716,1651.33915809109,566.031433105469,340
1173,1662.12951268522,1651.58492500343,566.031433105469,340
1174,1655.93723838567,1654.25591287259,566.031433105469,340
1175,1668.20142738173,1655.76993420709,566.031433105469,340
1176,1634.48842528986,1654.33514366401,566.031433105469,340
1177,1672.36902819226,1656.45999740276,565.911315917969,340
1178,1645.96379887584,1656.32686121188,565.911315917969,340
1179,1668.087364493,1656.18489422339,565.911315917969,340
1180,1636.1249423745,1655.45279512004,565.911315917969,340
1181,1619.04816621968,1652.90228164509,565.911315917969,340
1182,1643.06435203261,1652.41296668969,565.911315917969,340
1183,1681.54689652068,1653.40267420281,565.911315917969,340
1184,1641.56668372201,1653.01351553231,565.911315917969,340
1185,1686.97463870913,1655.7443301165,565.807067871094,340
1186,1656.71380532183,1656.40384696161,565.807067871094,340
1187,1652.81288141701,1655.75478222036,565.807067871094,340
1188,1624.39594396835,1654.59166679562,565.807067871094,340
1189,1651.82099897539,1655.00177994154,565.807067871094,340
1190,1653.53208172436,1655.64983119103,565.807067871094,340
1191,1617.30477554143,1653.59309153862,565.807067871094,340
1192,1650.54761631368,1651.99220309456,565.807067871094,340
1193,1678.61266244026,1653.57650611936,567.121337890625,340
1194,1685.53129789561,1654.11523757826,567.121337890625,340
1195,1673.8796380372,1655.36440374224,567.121337890625,340
1196,1663.68527086468,1655.84656374877,567.121337890625,340
1197,1619.38079165706,1653.74880956156,567.121337890625,340
1198,1650.52883011386,1653.28478225871,567.121337890625,340
1199,1651.10512945244,1653.09149790138,567.121337890625,340
1200,1666.37352780362,1653.01838191825,567.121337890625,340
1201,1632.67536359642,1652.94585945052,568.020629882812,340
1202,1650.34757647205,1652.06500138171,568.020629882812,340
1203,1611.06435546887,1650.66902364543,568.020629882812,340
1204,1660.26954525648,1650.35631087597,568.020629882812,340
1205,1638.23549676655,1650.44073305165,568.020629882812,340
1206,1678.1910483323,1652.80644833615,568.020629882812,340
1207,1665.77006559708,1653.71467687873,568.020629882812,340
1208,1663.55633678781,1652.99505448942,568.020629882812,340
1209,1663.12032589332,1653.85720017627,568.109741210938,340
1210,1660.94284849126,1652.81592856756,568.109741210938,340
1211,1646.63289394411,1652.41269211245,568.109741210938,340
1212,1629.88720259642,1651.49566495962,568.109741210938,340
1213,1660.69440609806,1652.94760344481,568.109741210938,340
1214,1670.07324654462,1653.67769334758,568.109741210938,340
1215,1667.45474755738,1654.2345999809,568.109741210938,340
1216,1645.06967332432,1655.34519589222,568.109741210938,340
1217,1526.58196828595,1650.38656997111,567.454040527344,340
1218,1611.48471306862,1647.70145199624,567.454040527344,340
1219,1574.3841540112,1643.25556624087,567.454040527344,340
1220,1580.70388920299,1639.5285362875,567.454040527344,340
1221,1673.36725907904,1639.91581581607,567.454040527344,340
1222,1561.38982802815,1637.59617727092,567.454040527344,340
1223,1599.23649788052,1635.54448398158,567.454040527344,340
1224,1530.99940774719,1630.74025511337,567.454040527344,340
1225,1674.79271683939,1631.0770226748,568.501342773438,340
1226,1578.20656840208,1628.89827086703,568.501342773438,340
1227,1668.52120595629,1629.6252160464,568.501342773438,340
1228,1663.48418692699,1631.72200930473,568.501342773438,340
1229,1538.48899470062,1626.85078728249,568.501342773438,340
1230,1674.57363987331,1628.30431300676,568.501342773438,340
1231,1656.39480423561,1627.43246324289,568.501342773438,340
1232,1642.88628255563,1626.51711192124,568.501342773438,340
1233,1675.69126828182,1627.002509181,569.167663574219,340
1234,1609.66639575216,1624.86435197535,569.167663574219,340
1235,1656.06582813889,1624.66927116125,569.167663574219,340
1236,1677.90116731717,1625.92000209618,569.167663574219,340
1237,1648.47124711716,1626.66336387701,569.167663574219,340
1238,1651.78078097392,1626.30681887204,569.167663574219,340
1239,1646.52404531987,1625.36485082305,569.167663574219,340
1240,1598.43941662895,1622.60423758591,569.167663574219,340
1241,1652.28911304906,1622.8930151749,569.642822265625,340
1242,1661.07640225545,1628.27279253368,569.642822265625,340
1243,1657.44390171064,1630.11116007936,569.642822265625,340
1244,1658.32988166504,1633.46898918552,569.642822265625,340
1245,1673.37472028882,1637.17582242895,569.642822265625,340
1246,1563.10407976145,1632.76529525625,569.642822265625,340
1247,1672.32301776541,1637.20262284574,569.642822265625,340
1248,1675.53437282223,1640.25453784341,569.642822265625,340
1249,1632.78254175456,1644.3258632037,569.958862304688,340
1250,1605.71625760336,1641.56280483426,569.958862304688,340
1251,1641.43438982284,1644.09191769109,569.958862304688,340
1252,1628.61134564284,1642.49552327855,569.958862304688,340
1253,1670.2839025761,1642.76751190452,569.958862304688,340
1254,1665.23329289879,1647.83728383244,569.958862304688,340
1255,1613.81487885919,1645.40693339188,569.958862304688,340
1256,1628.63776030129,1644.29665163451,569.958862304688,340
1257,1628.19269154481,1643.70890799407,569.072631835938,340
1258,1640.59400664428,1642.30501752857,569.072631835938,340
1259,1621.09116380824,1642.76200825081,569.072631835938,340
1260,1666.24367952458,1643.16912230624,569.072631835938,340
1261,1616.95815845142,1640.73140195161,569.072631835938,340
1262,1628.19193677902,1639.92022953809,569.072631835938,340
1263,1630.14520356287,1639.05480644164,569.072631835938,340
1264,1630.22891692627,1638.4030013059,569.072631835938,340
1265,1647.65716837805,1640.37171137586,569.848266601562,340
1266,1623.34030894078,1639.21375921153,569.848266601562,340
1267,1624.3155576937,1637.74332542906,569.848266601562,340
1268,1626.96993694232,1636.52436683833,569.848266601562,340
1269,1584.17216283825,1633.55805808526,569.848266601562,340
1270,1641.66889044241,1632.2898248914,569.848266601562,340
1271,1622.07847309751,1634.64880062484,569.848266601562,340
1272,1645.36988977017,1633.57067550504,569.848266601562,340
1273,1608.48230264356,1630.88859269789,567.984802246094,340
1274,1647.60615849858,1631.48153736765,567.984802246094,340
1275,1645.6410250722,1633.0785280664,567.984802246094,340
1276,1638.42399746803,1632.95811237221,567.984802246094,340
1277,1656.7390151249,1634.08321915149,567.984802246094,340
1278,1681.925260804,1634.54887348061,567.984802246094,340
1279,1628.02941986951,1633.06071855944,567.984802246094,340
1280,1656.63171652838,1634.7733920662,567.984802246094,340
1281,1643.2190334211,1635.356642991,566.490661621094,340
1282,1622.73210351801,1635.13821946993,566.490661621094,340
1283,1658.0277884795,1635.83557074333,566.490661621094,340
1284,1636.19316940185,1636.43965096708,566.490661621094,340
1285,1640.34340340231,1635.40363992219,566.490661621094,340
1286,1579.35648133297,1633.89957283745,566.490661621094,340
1287,1632.26248186462,1634.06239464087,566.490661621094,340
1288,1625.46554515837,1633.87520830469,566.490661621094,340
1289,1620.29604571869,1633.47789345639,566.287292480469,340
1290,1637.45370102128,1633.06975476212,566.287292480469,340
1291,1656.68753546891,1634.40364382325,566.287292480469,340
1292,1637.52736858476,1634.93211625889,566.287292480469,340
1293,1646.97274209217,1635.73222846488,566.287292480469,340
1294,1663.71633098809,1638.91399519088,566.287292480469,340
1295,1647.18097356208,1639.13447851566,566.287292480469,340
1296,1640.8087452926,1639.88368940347,566.287292480469,340
1297,1592.50398234685,1637.76905310653,566.251770019531,340
1298,1617.8258497728,1638.1427949917,566.251770019531,340
1299,1616.66536715152,1636.90516333782,566.251770019531,340
1300,1614.26830040688,1635.65025435121,566.251770019531,340
1301,1602.50582165617,1634.21352731873,566.251770019531,340
1302,1593.42842152652,1631.6811035748,566.251770019531,340
1303,1635.30978824281,1629.81648467235,566.251770019531,340
1304,1646.38988732549,1630.55090337059,566.251770019531,340
1305,1530.34919528008,1625.49960252066,565.211608886719,340
1306,1600.82791263988,1623.80395768941,565.211608886719,340
1307,1639.82918182593,1624.48784082173,565.211608886719,340
1308,1569.34090523896,1620.9403654921,565.211608886719,340
1309,1554.29158298736,1617.66430203552,565.211608886719,340
1310,1581.29120953893,1615.30221428099,565.211608886719,340
1311,1594.68158820174,1615.91521855574,565.211608886719,340
1312,1596.31749531744,1614.47741909385,565.211608886719,340
1313,1640.93676403996,1615.09626784912,563.448547363281,340
1314,1595.9846415546,1614.12381168255,563.448547363281,340
1315,1631.33376017299,1613.87901404862,563.448547363281,340
1316,1605.17682797349,1611.8185857488,563.448547363281,340
1317,1637.35636996162,1611.81174580388,563.448547363281,340
1318,1601.03727048383,1609.97432693954,563.448547363281,340
1319,1626.84410573234,1608.49943792932,563.448547363281,340
1320,1570.22955456258,1605.42138116934,563.448547363281,340
1321,1644.71418430334,1605.57759872977,564.030090332031,340
1322,1617.30894851237,1606.56979737639,564.030090332031,340
1323,1625.02384914929,1606.85771735145,564.030090332031,340
1324,1550.68330187967,1604.21843474057,564.030090332031,340
1325,1651.11874807019,1605.6924526471,564.030090332031,340
1326,1600.98572150884,1605.63164864121,564.030090332031,340
1327,1630.64858434702,1607.12045515403,564.030090332031,340
1328,1650.27131231414,1607.71891611688,564.030090332031,340
1329,1627.5055264304,1606.96354168108,564.602416992188,340
1330,1646.04725541325,1611.59146408641,564.602416992188,340
1331,1578.86232902463,1610.7128407418,564.602416992188,340
1332,1612.43922365475,1609.61724241495,564.602416992188,340
1333,1643.42346467038,1612.58054479221,564.602416992188,340
1334,1645.32804895104,1616.22200343075,564.602416992188,340
1335,1631.14301997192,1618.21607584807,564.602416992188,340
1336,1609.21916961478,1618.7975791046,564.602416992188,340
1337,1574.76174912388,1617.93534925685,565.345275878906,340
1338,1637.56580808419,1617.80051101862,565.345275878906,340
1339,1642.41521056066,1619.65773377886,565.345275878906,340
1340,1633.57469211603,1619.74737105659,565.345275878906,340
1341,1653.36834654925,1621.67503179962,565.345275878906,340
1342,1617.49484945481,1620.88057097934,565.345275878906,340
1343,1632.35732975986,1622.13337335039,565.345275878906,340
1344,1640.13871482946,1622.66515771427,565.345275878906,340
1345,1621.94010892837,1624.7335798889,566.565307617188,340
1346,1630.52843307496,1624.16614983977,566.565307617188,340
1347,1572.10239406448,1622.35788766185,566.565307617188,340
1348,1634.96590907248,1622.75557005878,566.565307617188,340
1349,1624.75168029663,1625.71830519546,566.565307617188,340
1350,1630.07407103571,1624.87651811408,566.565307617188,340
1351,1633.12001307221,1626.16188977661,566.565307617188,340
1352,1601.48949525172,1624.9955262128,566.565307617188,340
1353,1612.07965499852,1623.46785992017,564.861145019531,340
1354,1615.26170765067,1622.97810716899,564.861145019531,340
1355,1608.09486236213,1621.46001144694,564.861145019531,340
1356,1609.51877383203,1622.68626923924,564.861145019531,340
1357,1605.31245576582,1622.40119852368,564.861145019531,340
1358,1602.99926485033,1620.78423053088,564.861145019531,340
1359,1595.40793772427,1618.78742608181,564.861145019531,340
1360,1611.07981434047,1617.98489785655,564.861145019531,340
1361,1616.79508173896,1618.28793434152,564.529357910156,340
1362,1616.08241038432,1619.94076079193,564.529357910156,340
1363,1629.46525500796,1619.61673866888,564.529357910156,340
1364,1644.05748795569,1619.68242976469,564.529357910156,340
1365,1622.78202460065,1619.25072306407,564.529357910156,340
1366,1578.56260704657,1616.25849348396,564.529357910156,340
1367,1592.90046179377,1615.27471797752,564.529357910156,340
1368,1607.68415169989,1614.28779085512,564.529357910156,340
1369,1644.1623502975,1614.44873627384,564.251159667969,340
1370,1639.80669446568,1615.16339969534,564.251159667969,340
1371,1633.42838786536,1615.27939788695,564.251159667969,340
1372,1629.53388134921,1617.57665737834,564.251159667969,340
1373,1593.67783859124,1615.92513455909,564.251159667969,340
1374,1629.30433555138,1616.10724076928,564.251159667969,340
1375,1650.64655526587,1616.93014013849,564.251159667969,340
1376,1653.14011497324,1617.73094421453,564.251159667969,340
1377,1652.0620183062,1619.75384513671,564.311645507812,340
1378,1616.42259565261,1619.92756276287,564.311645507812,340
1379,1631.22987597313,1620.56628949577,564.311645507812,340
1380,1646.20430167241,1622.09066706818,564.311645507812,340
1381,1633.12885928672,1623.03507048637,564.311645507812,340
1382,1637.67609372733,1624.32961600483,564.311645507812,340
1383,1639.24267415867,1625.77935237716,564.311645507812,340
1384,1657.57034281662,1628.26584858086,564.311645507812,340
1385,1641.41485819107,1629.47925033488,564.887817382812,340
1386,1601.96130616016,1628.88589931173,564.887817382812,340
1387,1655.77777616504,1630.47371394296,564.887817382812,340
1388,1647.52230645957,1631.19599600102,564.887817382812,340
1389,1661.70057517011,1631.9017194896,564.887817382812,340
1390,1573.17705853228,1629.91752084686,564.887817382812,340
1391,1635.14456898006,1632.1807993242,564.887817382812,340
1392,1648.8716287232,1634.41964600138,564.887817382812,340
1393,1652.36651088448,1636.20694036876,565.094299316406,340
1394,1627.63521488168,1635.54585495213,565.094299316406,340
1395,1652.12918757288,1636.03875467642,565.094299316406,340
1396,1637.77739263028,1636.21271486702,565.094299316406,340
1397,1658.62114922571,1637.37620558208,565.094299316406,340
1398,1626.7362328973,1638.69854135432,565.094299316406,340
1399,1637.50969018427,1639.02675553963,565.094299316406,340
1400,1692.94371525536,1640.71864193922,565.094299316406,340
1401,1667.38061215692,1641.28826182656,566.482116699219,340
1402,1643.24344935045,1640.93551906833,566.482116699219,340
1403,1679.72270446699,1643.46752342091,566.482116699219,340
1404,1612.97576531208,1642.73735899447,566.482116699219,340
1405,1598.85180091594,1640.84325896421,566.482116699219,340
1406,1627.2687060731,1640.60885283566,566.482116699219,340
1407,1622.8699150044,1640.01660568674,566.482116699219,340
1408,1507.68694397681,1634.75437647947,566.482116699219,340
1409,1569.52588330965,1631.23259809919,565.408325195312,340
1410,1617.41630166119,1630.272655838,565.408325195312,340
1411,1575.04592856692,1629.19604073427,565.408325195312,340
1412,1541.50582862411,1624.62516283263,565.408325195312,340
1413,1629.82705543826,1623.91735279178,565.408325195312,340
1414,1626.12213630159,1622.49421523704,565.408325195312,340
1415,1645.64057646209,1625.39275595423,565.408325195312,340
1416,1572.60761065479,1622.89127762122,565.408325195312,340
1417,1622.8441898683,1621.85018006702,565.270324707031,340
1418,1620.83990842628,1620.58911596869,565.270324707031,340
1419,1641.93050030392,1621.16092738558,565.270324707031,340
1420,1646.02192089131,1620.91663671832,565.270324707031,340
1421,1622.14813615824,1620.29146645944,565.270324707031,340
1422,1600.53120281671,1617.96786860308,565.270324707031,340
1423,1637.81622413774,1618.4110682527,565.270324707031,340
1424,1629.89536025747,1618.10649505563,565.270324707031,340
1425,1588.96920880364,1613.94751479756,565.888244628906,340
1426,1617.48663562643,1611.95175573634,565.888244628906,340
1427,1603.14515055003,1610.34782378432,565.888244628906,340
1428,1633.09681535393,1608.4827882198,565.888244628906,340
1429,1604.2923087466,1608.13544995718,565.888244628906,340
1430,1649.68122466179,1610.16862690701,565.888244628906,340
1431,1610.32786771137,1609.49099337254,565.888244628906,340
1432,1624.35456057846,1609.55037919551,565.888244628906,340
1433,1606.73735925566,1613.51239580666,565.019653320312,340
1434,1621.38333963826,1615.5866940598,565.019653320312,340
1435,1618.27943143543,1615.62121925077,565.019653320312,340
1436,1625.49874777481,1617.63933201909,565.019653320312,340
1437,1618.24604894674,1620.70894083199,565.019653320312,340
1438,1644.38524845024,1621.29126855247,565.019653320312,340
1439,1642.33822697166,1621.93991217928,565.019653320312,340
1440,1581.3422729244,1619.36798003777,565.019653320312,340
1441,1549.59543943955,1618.44749318916,564.545227050781,340
1442,1607.98097370749,1617.85296454273,564.545227050781,340
1443,1615.43890992376,1617.63692460263,564.545227050781,340
1444,1632.5172731704,1617.26039551728,564.545227050781,340
1445,1598.18648096661,1615.3469779203,564.545227050781,340
1446,1643.71979099134,1616.20984411362,564.545227050781,340
1447,1665.81128516154,1618.82104740741,564.545227050781,340
1448,1624.53671867152,1618.28986718877,564.545227050781,340
1449,1617.5096031931,1617.79443690619,564.580810546875,340
1450,1615.44941428518,1618.85364512545,564.580810546875,340
1451,1609.32056542335,1618.52700231733,564.580810546875,340
1452,1595.6603994272,1618.22761227242,564.580810546875,340
1453,1646.21013879937,1618.75214521023,564.580810546875,340
1454,1604.2767946958,1618.7515246482,564.580810546875,340
1455,1587.73734869972,1616.27376960972,564.580810546875,340
1456,1577.14425690524,1614.94642517747,564.580810546875,340
1457,1614.8077792544,1614.56455392451,564.823486328125,340
1458,1589.62231230753,1613.87995204659,564.823486328125,340
1459,1619.16272478209,1613.79112745234,564.823486328125,340
1460,1614.4331586745,1613.6372765419,564.823486328125,340
1461,1593.33307007053,1612.35064943373,564.823486328125,340
1462,1647.33618538515,1613.51425489127,564.823486328125,340
1463,1654.33237131742,1613.91213980595,564.823486328125,340
1464,1633.70560729142,1613.56683501874,564.823486328125,340
1465,1549.78194185376,1612.30442177592,564.573486328125,340
1466,1583.12618588358,1613.64565163368,564.573486328125,340
1467,1615.07505761733,1613.92941499007,564.573486328125,340
1468,1614.63922678875,1613.89742766467,564.573486328125,340
1469,1573.06209496911,1611.51922053662,564.573486328125,340
1470,1598.16615058357,1611.5184073213,564.573486328125,340
1471,1614.22901354393,1610.3387762234,564.573486328125,340
1472,1590.94340561611,1607.34406104159,564.573486328125,340
1473,1675.05728785322,1609.36488380885,564.507080078125,340
1474,1660.5972479422,1611.08838959882,564.507080078125,340
1475,1636.10440615565,1611.91458927364,564.507080078125,340
1476,1605.1057334375,1611.7459959942,564.507080078125,340
1477,1602.44205389321,1612.01726217284,564.507080078125,340
1478,1614.03785956806,1610.73037100359,564.507080078125,340
1479,1644.3575194096,1612.33359999214,564.507080078125,340
1480,1640.63301101318,1614.44942648468,564.507080078125,340
1481,1623.10926613382,1616.28802685382,565.160400390625,340
1482,1620.60729407062,1616.52000744647,565.160400390625,340
1483,1615.94395483377,1617.57287314752,565.160400390625,340
1484,1621.45979739753,1617.66475605214,565.160400390625,340
1485,1615.19760286112,1617.69533381961,565.160400390625,340
1486,1654.50398290891,1620.14217033314,565.160400390625,340
1487,1638.53740014273,1619.79021892344,565.160400390625,340
1488,1620.75089373738,1618.44695982024,565.160400390625,340
1489,1616.20702505709,1617.74701653087,564.905517578125,340
1490,1619.2109134761,1620.52417539576,564.905517578125,340
1491,1527.20977242401,1618.28751885738,564.905517578125,340
1492,1570.41940100776,1616.501292593,564.905517578125,340
1493,1647.05903281191,1617.79808483392,564.905517578125,340
1494,1629.8167601494,1620.06827144113,564.905517578125,340
1495,1641.22081431806,1621.79045799051,564.905517578125,340
1496,1649.21783140848,1623.1900107051,564.905517578125,340
1497,1610.208267632,1623.96060518573,565.696044921875,340
1498,1660.73344563452,1623.38765149698,565.696044921875,340
1499,1654.84660403853,1623.15762574084,565.696044921875,340
1500,1640.93996848202,1623.35104823389,565.696044921875,340
1501,1643.1752021814,1624.87382698365,565.696044921875,340
1502,1646.48846771123,1626.63568353637,565.696044921875,340
1503,1631.74266688962,1627.34387582923,565.696044921875,340
1504,1624.78833789279,1626.56110856856,565.696044921875,340
1505,1635.97621078921,1626.3748365596,565.699157714844,340
1506,1629.22410659298,1626.61943017797,565.699157714844,340
1507,1636.16876750602,1627.24188911538,565.699157714844,340
1508,1658.8639838171,1628.95869027472,565.699157714844,340
1509,1627.5390437343,1629.20186012819,565.699157714844,340
1510,1545.09899368287,1626.39791576106,565.699157714844,340
1511,1633.07171775289,1625.54062515482,565.699157714844,340
1512,1664.22771825635,1626.56823787936,565.699157714844,340
1513,1636.25007206263,1627.18820501237,566.419006347656,340
1514,1651.44040062227,1628.59754003498,566.419006347656,340
1515,1657.59196066211,1630.13278192242,566.419006347656,340
1516,1647.2108299485,1634.9328242234,566.419006347656,340
1517,1656.54836047337,1638.37798260202,566.419006347656,340
1518,1624.81882879746,1637.48837444144,566.419006347656,340
1519,1611.11843024931,1636.74044124544,566.419006347656,340
1520,1658.69551620823,1637.43942932105,566.419006347656,340
1521,1629.84656812087,1636.66457878954,566.640808105469,340
1522,1631.35990447136,1637.51064426312,566.640808105469,340
1523,1653.23169555595,1637.21057425997,566.640808105469,340
1524,1626.21414475223,1636.06527588852,566.640808105469,340
1525,1641.18675856607,1636.07514749188,566.640808105469,340
1526,1580.00856077014,1633.54848183543,566.640808105469,340
1527,1647.97370585941,1633.60789136136,566.640808105469,340
1528,1653.62458301984,1634.48316800657,566.640808105469,340
1529,1655.50069473687,1635.71166228033,566.284118652344,340
1530,1658.76048428543,1636.62303322018,566.284118652344,340
1531,1662.11716689557,1637.93875563229,566.284118652344,340
1532,1679.66742713956,1639.67870201763,566.284118652344,340
1533,1674.21887534537,1640.29289767876,566.284118652344,340
1534,1666.77510625137,1641.86234017944,566.284118652344,340
1535,1640.23242256015,1645.66767733453,566.284118652344,340
1536,1626.11994769065,1645.38960653204,566.284118652344,340
1537,1667.1590106948,1645.50685822958,565.731628417969,340
1538,1672.85901112153,1646.97121579194,565.731628417969,340
1539,1677.01754812051,1647.99430169187,565.731628417969,340
1540,1667.82765244109,1648.40372936303,565.731628417969,340
1541,1682.85987693254,1649.82969124239,565.731628417969,340
1542,1640.86291405324,1649.20227338558,565.731628417969,340
1543,1661.27094993222,1650.66035823097,565.731628417969,340
1544,1616.27946414852,1650.86679958694,565.731628417969,340
1545,1680.48317650509,1651.73830599882,565.948425292969,340
1546,1667.8366602634,1653.25790968452,565.948425292969,340
1547,1645.59800798103,1653.8274338249,565.948425292969,340
1548,1667.10992942635,1654.38256317972,565.948425292969,340
1549,1674.83693679361,1656.32747486137,565.948425292969,340
1550,1662.68215438239,1657.18729069403,565.948425292969,340
1551,1685.34001006259,1661.40054866573,565.948425292969,340
1552,1678.31871392702,1662.61434898843,565.948425292969,340
1553,1695.34564427687,1664.28319143871,566.544982910156,340
1554,1631.33896259926,1663.31672215321,566.544982910156,340
1555,1641.63848257432,1662.63184208476,566.544982910156,340
1556,1653.87740701084,1662.30225168937,566.544982910156,340
1557,1543.14860526335,1656.84149881432,566.544982910156,340
1558,1640.20560937458,1655.48096817549,566.544982910156,340
1559,1656.15769810502,1655.05627184964,566.544982910156,340
1560,1652.75636269293,1655.55722945495,566.544982910156,340
1561,1651.73311385003,1656.58175610132,566.709655761719,340
1562,1639.73474738738,1655.48478556903,566.709655761719,340
1563,1630.74275873649,1653.80013547363,566.709655761719,340
1564,1646.05245388066,1652.56153170403,566.709655761719,340
1565,1638.76749414181,1651.39912537206,566.709655761719,340
1566,1653.07578037328,1650.20776150969,566.709655761719,340
1567,1634.47884500363,1649.95239874771,566.709655761719,340
1568,1668.32157959812,1650.23442393434,566.709655761719,340
1569,1639.24533685725,1651.15305884269,567.398132324219,340
1570,1654.66165250584,1650.12019788272,567.398132324219,340
1571,1661.13442200752,1649.85210835249,567.398132324219,340
1572,1637.75086773174,1649.53822274252,567.398132324219,340
1573,1637.9440397434,1648.3715871552,567.398132324219,340
1574,1610.05379907626,1645.7802616465,567.398132324219,340
1575,1665.56665873508,1645.89564182061,567.398132324219,340
1576,1637.76198238851,1643.99252071365,567.398132324219,340
1577,1643.7201371452,1642.60857764237,567.720336914062,340
1578,1648.34592790449,1640.72858898748,567.720336914062,340
1579,1653.95055509325,1641.63305268724,567.720336914062,340
1580,1667.80152780066,1642.67957449629,567.720336914062,340
1581,1667.84070353259,1643.23810635716,567.720336914062,340
1582,1653.60333903335,1647.65629570796,567.720336914062,340
1583,1643.75941576785,1647.79844796369,567.720336914062,340
1584,1657.81466477942,1647.86472663067,567.720336914062,340
1585,1624.70667029836,1646.74273893489,568.05224609375,340
1586,1616.73900386706,1645.34297453557,568.05224609375,340
1587,1587.35924556909,1643.24795446284,568.05224609375,340
1588,1588.6739812932,1641.56520336511,568.05224609375,340
1589,1607.82672259058,1640.0361741135,568.05224609375,340
1590,1661.81495735541,1640.95807264205,568.05224609375,340
1591,1617.13104531669,1639.52028323978,568.05224609375,340
1592,1604.27386654721,1638.31208410153,568.05224609375,340
1593,1585.47015200441,1634.99802699778,568.503784179688,340
1594,1613.4250202384,1633.96521433302,568.503784179688,340
1595,1576.02710368075,1630.81983238002,568.503784179688,340
1596,1573.84048962971,1627.32807508491,568.503784179688,340
1597,1617.1400255266,1626.5036413967,568.503784179688,340
1598,1601.48794324412,1625.04539753673,568.503784179688,340
1599,1586.6197311739,1624.10803482063,568.503784179688,340
1600,1571.85288558885,1620.35948389479,568.503784179688,340
1601,1526.64309227132,1615.9147282901,569.319458007812,340
1602,1593.95448106685,1613.92410204696,569.319458007812,340
1603,1557.91589778146,1610.30690084204,569.319458007812,340
1604,1477.36169646044,1603.24334649673,569.319458007812,340
1605,1547.73104190503,1598.44052706091,569.319458007812,340
1606,1541.10620682691,1593.37114719268,569.319458007812,340
1607,1524.02353955599,1588.18795521358,569.319458007812,340
1608,1582.66610127305,1585.74422263379,569.319458007812,340
1609,1547.73840734188,1581.34117233629,567.635437011719,340
1610,1523.83184873979,1577.30617947395,567.635437011719,340
1611,1502.74888187295,1572.74657459418,567.635437011719,340
1612,1536.0169795291,1570.69288395258,567.635437011719,340
1613,1509.41609924176,1567.52256867053,567.635437011719,340
1614,1494.00435914405,1562.96967413266,567.635437011719,340
1615,1515.15483750166,1557.10326933852,567.635437011719,340
1616,1472.87374996242,1551.33297752434,567.635437011719,340
1617,1521.79456442812,1548.03380543958,567.966247558594,340
1618,1412.18949255727,1541.10257906169,567.966247558594,340
1619,1565.00971959862,1539.1659670361,567.966247558594,340
1620,1520.36826186185,1536.93961336335,567.966247558594,340
1621,1493.67730655479,1533.73308604035,567.966247558594,340
1622,1408.90537940948,1525.40370019567,567.966247558594,340
1623,1515.99481560712,1521.98397509019,567.966247558594,340
1624,1512.24882480242,1519.00913883533,567.966247558594,340
1625,1260.94984069197,1506.57301703945,567.299682617188,340
1626,1552.17506745711,1507.59429604688,567.299682617188,340
1627,1485.421973378,1503.25299573933,567.299682617188,340
1628,1555.55803535536,1503.15868124229,567.299682617188,340
1629,1549.05850533648,1506.02655359733,567.299682617188,340
1630,1517.80239302627,1504.82940764218,567.299682617188,340
1631,1574.46941812572,1506.16393609413,567.299682617188,340
1632,1461.18955031406,1503.65057652445,567.299682617188,340
1633,1416.13173987675,1496.9892020686,567.039794921875,340
1634,1466.355287487,1493.7338772744,567.039794921875,340
1635,1400.34793831611,1488.79452085746,567.039794921875,340
1636,1372.98332517647,1483.6038985896,567.039794921875,340
1637,1355.98397523983,1476.40257841803,567.039794921875,340
1638,1561.25610658797,1478.47617871188,567.039794921875,340
1639,1423.18805581695,1475.64352657879,567.039794921875,340
1640,1316.28359624624,1467.68867692858,567.039794921875,340
1641,1303.09993384673,1460.89772428395,567.749938964844,340
1642,1399.02077710278,1455.98677279093,567.749938964844,340
1643,1376.58056992881,1454.5624158858,567.749938964844,340
1644,1473.30413953386,1450.89419268321,567.749938964844,340
1645,1352.21225327238,1444.16795233963,567.749938964844,340
1646,1382.48283391222,1439.72017343392,567.749938964844,340
1647,1367.89333182218,1438.07969153043,567.749938964844,340
1648,1421.89609985675,1434.31574290042,567.749938964844,340
1649,1565.0134722935,1436.42632880006,570.340148925781,340
1650,1620.33089096599,1450.80157081102,570.340148925781,340
1651,1530.9618033179,1449.95304024545,570.340148925781,340
1652,1524.29594638408,1451.5079991657,570.340148925781,340
1653,1516.90876948416,1449.96202853085,570.340148925781,340
1654,1367.2891919072,1442.69125599368,570.340148925781,340
1655,1393.5527022054,1437.72126836084,570.340148925781,340
1656,1433.86947533049,1432.09727064903,570.340148925781,340
1657,1547.15618021701,1435.53593584515,569.508239746094,340
1658,1539.71788226827,1440.47938154081,569.508239746094,340
1659,1595.4665720628,1445.64383292384,569.508239746094,340
1660,1558.9869211436,1451.98939223694,569.508239746094,340
1661,1300.74653348695,1449.09992056936,569.508239746094,340
1662,1572.27638269578,1457.7516168676,569.508239746094,340
1663,1644.15791367212,1461.06768915097,569.508239746094,340
1664,1463.91734133478,1462.69686057168,569.508239746094,340
1665,1564.62524812776,1472.63052664694,568.604187011719,340
1666,1466.21385483566,1479.1550834865,568.604187011719,340
1667,1537.08545531668,1484.67767061505,568.604187011719,340
1668,1580.66099272954,1492.84088752708,568.604187011719,340
1669,1579.04383776338,1497.07047545626,568.604187011719,340
1670,1513.06169615262,1503.50445317147,568.604187011719,340
1671,1449.38613339297,1506.1805851507,568.604187011719,340
1672,1371.42662259321,1506.32191678154,568.604187011719,340
1673,1593.11805257336,1513.17079489021,565.502563476562,340
1674,1559.14588198498,1512.93609127787,565.502563476562,340
1675,1555.68521344476,1510.35026417702,565.502563476562,340
1676,1520.23665340074,1509.92125818033,565.502563476562,340
1677,1566.22610382669,1511.59846447804,565.502563476562,340
1678,1537.77050149889,1512.43293375863,565.502563476562,340
1679,1589.12534369096,1521.30637982998,565.502563476562,340
1680,1595.18530361731,1529.37168388645,565.502563476562,340
1681,1578.1187407676,1535.14165450394,561.613525390625,340
1682,1535.65777236886,1534.68171819001,561.613525390625,340
1683,1558.43054494305,1535.430224697,561.613525390625,340
1684,1570.7172236542,1534.44025076066,561.613525390625,340
1685,1607.45561569622,1536.37899854276,561.613525390625,340
1686,1564.44277764374,1546.92684830903,561.613525390625,340
1687,1544.48702065535,1545.81527382742,561.613525390625,340
1688,1571.02265286708,1542.88986339522,561.613525390625,340
1689,1547.6197792895,1546.2379609134,558.429443359375,340
1690,1553.40988996206,1545.78934658678,558.429443359375,340
1691,1563.66616758132,1549.6874390966,558.429443359375,340
1692,1523.26309271112,1549.13454459238,558.429443359375,340
1693,1552.75494841339,1548.01830281973,558.429443359375,340
1694,1566.79311406822,1547.52827387193,558.429443359375,340
1695,1545.55353238766,1548.82794732133,558.429443359375,340
1696,1577.64697330554,1553.95838091783,558.429443359375,340
1697,1579.51458304843,1562.28189933604,556.548156738281,340
1698,1523.76508354639,1559.50778057496,556.548156738281,340
1699,1557.92080454318,1559.45877747729,556.548156738281,340
1700,1590.37169865109,1560.84623688554,556.548156738281,340
1701,1563.75039619043,1562.58678659713,556.548156738281,340
1702,1530.36842644473,1561.15247950185,556.548156738281,340
1703,1602.7778120016,1563.75277192196,556.548156738281,340
1704,1592.99640664722,1563.90761444021,556.548156738281,340
1705,1604.17909978465,1564.2673662869,555.372802734375,340
1706,1555.26616749218,1563.35326335589,555.372802734375,340
1707,1634.25905444694,1567.29731463901,555.372802734375,340
1708,1564.64810030979,1567.54601685368,555.372802734375,340
1709,1606.89048998553,1568.99294750693,555.372802734375,340
1710,1521.03231240262,1565.53601537519,555.372802734375,340
1711,1570.71241173997,1565.78680073904,555.372802734375,340
1712,1613.32352638591,1568.54026096826,555.372802734375,340
1713,1581.06182471949,1568.94182784236,554.175476074219,340
1714,1573.82695157307,1569.9901147337,554.175476074219,340
1715,1583.43448210025,1571.19109841923,554.175476074219,340
1716,1582.05991081964,1571.92684814876,554.175476074219,340
1717,1549.43601479069,1572.97376503195,554.175476074219,340
1718,1630.14202375586,1576.06924804564,554.175476074219,340
1719,1573.08002166654,1576.32072434958,554.175476074219,340
1720,1607.49749205113,1578.79848273612,554.175476074219,340
1721,1608.72158010624,1580.04146700814,553.565856933594,340
1722,1580.93019180976,1580.0980913586,553.565856933594,340
1723,1650.71713432023,1585.17617338955,553.565856933594,340
1724,1581.04723731974,1586.10123070061,553.565856933594,340
1725,1608.21564498488,1586.81498855396,553.565856933594,340
1726,1603.20862870252,1588.39331785445,553.565856933594,340
1727,1626.65127239645,1592.24463169252,553.565856933594,340
1728,1581.50122420997,1591.39356818085,553.565856933594,340
1729,1635.74090720677,1593.10334820323,554.445434570312,340
1730,1655.1713670832,1595.14303889517,554.445434570312,340
1731,1646.89673205953,1598.80826147787,554.445434570312,340
1732,1627.42233108007,1598.53479254319,554.445434570312,340
1733,1607.25279908943,1600.23898049438,554.445434570312,340
1734,1613.79782393227,1600.51527385225,554.445434570312,340
1735,1597.88728662329,1603.58947282108,554.445434570312,340
1736,1647.90353305868,1606.67711767382,554.445434570312,340
1737,1668.83215301529,1608.897462739,553.877746582031,340
1738,1629.30813785113,1610.82731526427,553.877746582031,340
1739,1635.06880001836,1613.27698920208,553.877746582031,340
1740,1602.12893849363,1614.02476745781,553.877746582031,340
1741,1670.66502927744,1617.56897219612,553.877746582031,340
1742,1674.1592076179,1622.55789990921,553.877746582031,340
1743,1638.0820682361,1622.87550168842,553.877746582031,340
1744,1645.57611818115,1625.77534554901,553.877746582031,340
1745,1621.23725210286,1626.32493595107,555.326965332031,340
1746,1660.71328990838,1628.40460434316,555.326965332031,340
1747,1631.90136979521,1630.44345146258,555.326965332031,340
1748,1622.01024401893,1629.29517585053,555.326965332031,340
1749,1640.21954079128,1631.66206798939,555.326965332031,340
1750,1602.99305950723,1631.45316457028,555.326965332031,340
1751,1639.70695792248,1632.91309773908,555.326965332031,340
1752,1597.16576845074,1631.73367758125,555.326965332031,340
1753,1660.60203026917,1634.89770982362,556.781433105469,340
1754,1650.57952723081,1635.49125462458,556.781433105469,340
1755,1678.91356812808,1636.44094266638,556.781433105469,340
1756,1649.1913913722,1636.53272903888,556.781433105469,340
1757,1616.91922547987,1636.11260481488,556.781433105469,340
1758,1671.72803500935,1638.69161425167,556.781433105469,340
1759,1648.34479046481,1640.07349291297,556.781433105469,340
1760,1674.34353037013,1643.13174266285,556.781433105469,340
1761,1627.83546404149,1642.32901990216,558.867919921875,340
1762,1614.87864266286,1640.17087948806,558.867919921875,340
1763,1658.36876049222,1641.33330439371,558.867919921875,340
1764,1661.62400342172,1642.39551252984,558.867919921875,340
1765,1641.79519363498,1643.98216273549,558.867919921875,340
1766,1607.98597794947,1641.47500068238,558.867919921875,340
1767,1595.36015556748,1638.32303860036,558.867919921875,340
1768,1608.58078334801,1637.14298720484,558.867919921875,340
1769,1634.20681814588,1636.68821520342,560.151916503906,340
1770,1625.01827256903,1636.83945602207,560.151916503906,340
1771,1562.66230185564,1632.91741649996,560.151916503906,340
1772,1591.49944295523,1631.30133942636,560.151916503906,340
1773,1607.86740763573,1630.73562597103,560.151916503906,340
1774,1644.62334210179,1630.91177802346,560.151916503906,340
1775,1666.30374472025,1633.44420543198,560.151916503906,340
1776,1566.00971348584,1630.49631565451,560.151916503906,340
1777,1625.81566736288,1631.642311611,561.307312011719,340
1778,1649.73307204871,1631.20755328218,561.307312011719,340
1779,1613.32765512925,1629.71747839811,561.307312011719,340
1780,1602.93536764884,1626.67835037895,561.307312011719,340
1781,1651.27072531066,1626.76152373648,561.307312011719,340
1782,1600.82550822859,1626.11777504643,561.307312011719,340
1783,1636.27837534713,1624.69978865994,561.307312011719,340
1784,1629.3842663189,1623.94136769411,561.307312011719,340
1785,1623.79980943892,1621.91961885686,562.817077636719,340
1786,1624.06828963101,1621.76893188044,562.817077636719,340
1787,1634.97195946448,1622.57266455251,562.817077636719,340
1788,1651.18193808192,1622.28519165609,562.817077636719,340
1789,1578.06418408784,1618.94279888274,562.817077636719,340
1790,1657.25673703495,1619.56126061874,562.817077636719,340
1791,1597.59800238583,1619.14574159619,562.817077636719,340
1792,1626.40795987327,1620.38765376842,562.817077636719,340
1793,1463.95706909095,1614.60270519814,564.281066894531,340
1794,1661.64820752546,1615.70036077332,564.281066894531,340
1795,1647.42012897451,1616.59643502954,564.281066894531,340
1796,1602.1675364328,1618.17664441263,564.281066894531,340
1797,1623.74472438857,1619.46645566996,564.281066894531,340
1798,1637.74890765927,1620.6617156709,564.281066894531,340
1799,1610.86480754597,1619.31137428867,564.281066894531,340
1800,1649.92105615602,1618.6560667461,564.281066894531,340
1801,1586.06385352299,1619.45823234759,565.217834472656,340
1802,1616.83506557092,1619.09900827591,565.217834472656,340
1803,1643.33364055106,1618.843031016,565.217834472656,340
1804,1625.99929494876,1619.34989660879,565.217834472656,340
1805,1598.93405470215,1619.18984409092,565.217834472656,340
1806,1523.54758239614,1614.08091837434,565.217834472656,340
1807,1586.60844235234,1613.51223573929,565.217834472656,340
1808,1604.59891620346,1612.24505737354,565.217834472656,340
1809,1609.89471184725,1611.46547519467,566.133544921875,340
1810,1625.64011989244,1611.53908761281,566.133544921875,340
1811,1640.73914689082,1612.20592190321,566.133544921875,340
1812,1551.63816212956,1608.87257000981,566.133544921875,340
1813,1580.50821370565,1606.04562103476,566.133544921875,340
1814,1618.068620849,1607.64579850521,566.133544921875,340
1815,1653.38797899594,1607.49104818365,566.133544921875,340
1816,1510.29402659454,1603.99888915199,566.133544921875,340
1817,1650.45181468186,1604.96064334434,567.648742675781,340
1818,1639.53209978482,1611.98364457209,567.648742675781,340
1819,1640.03771215186,1611.11922475715,567.648742675781,340
1820,1617.00681875879,1609.90269234852,567.648742675781,340
1821,1537.89996395584,1607.33198944944,567.648742675781,340
1822,1637.49369219502,1607.8819481617,567.648742675781,340
1823,1607.89012029123,1606.68759666698,567.648742675781,340
1824,1636.94173570794,1607.73067379346,567.648742675781,340
1825,1608.76875123902,1606.08458159678,567.578430175781,340
1826,1583.22375067733,1605.97097748295,567.578430175781,340
1827,1582.60955151239,1604.60195692061,567.578430175781,340
1828,1567.43068470126,1601.56583868662,567.578430175781,340
1829,1606.86407366084,1600.8004298351,567.578430175781,340
1830,1648.16615060675,1602.76971367128,567.578430175781,340
1831,1599.89030883843,1605.82342272898,567.578430175781,340
1832,1601.33410695748,1606.41244931318,567.578430175781,340
1833,1601.46208540972,1606.28697608143,567.529418945312,340
1834,1619.77578982326,1606.68221920047,567.529418945312,340
1835,1555.90301342615,1603.89273494182,567.529418945312,340
1836,1639.87061823404,1603.85799379555,567.529418945312,340
1837,1646.22037729236,1607.64128240206,567.529418945312,340
1838,1633.70407878783,1609.76911700535,567.529418945312,340
1839,1641.61131199518,1610.7108246512,567.529418945312,340
1840,1610.45889556762,1608.99366131406,567.529418945312,340
1841,1636.62228712218,1614.04679173517,567.772399902344,340
1842,1650.71496573894,1614.05731777745,567.772399902344,340
1843,1683.43210401464,1615.81331794664,567.772399902344,340
1844,1651.02910199216,1616.25297354026,567.772399902344,340
1845,1641.41211002414,1617.22918519087,567.772399902344,340
1846,1642.40092185991,1621.40922350703,567.772399902344,340
1847,1631.57102837262,1621.17231695414,567.772399902344,340
1848,1620.75894670915,1621.68707001085,567.772399902344,340
1849,1605.06107742099,1620.41184367938,567.222534179688,340
1850,1643.2929103844,1621.79281004519,567.222534179688,340
1851,1632.50391980104,1623.76401681014,567.222534179688,340
1852,1653.5667867351,1626.60230621905,567.222534179688,340
1853,1678.78731480232,1631.05657142309,567.222534179688,340
1854,1645.10789687011,1632.58632435146,567.222534179688,340
1855,1626.21736173413,1631.70837279656,567.222534179688,340
1856,1632.62753907936,1633.01786200619,567.222534179688,340
1857,1607.85629376802,1633.27874947862,567.325500488281,340
1858,1601.68962454692,1633.2878510441,567.325500488281,340
1859,1636.71472198414,1633.96540833054,567.325500488281,340
1860,1631.97306923342,1637.00821056283,567.325500488281,340
1861,1622.93000625597,1636.33058608371,567.325500488281,340
1862,1616.13867497549,1635.12731799103,567.325500488281,340
1863,1657.68038026303,1636.08637005004,567.325500488281,340
1864,1646.488685331,1636.28146498347,567.325500488281,340
1865,1609.85136735805,1636.25716385509,566.041870117188,340
1866,1579.64859446602,1633.97821614884,566.041870117188,340
1867,1571.49693860128,1630.80949506334,566.041870117188,340
1868,1637.38834613219,1628.96774474804,566.041870117188,340
1869,1603.57715709069,1627.06966695198,566.041870117188,340
1870,1616.1591881659,1626.05955007765,566.041870117188,340
1871,1619.83437345458,1625.15688814144,566.041870117188,340
1872,1601.33963862838,1623.94763255167,566.041870117188,340
1873,1556.29440404252,1621.369050845,565.429077148438,340
1874,1647.78872615355,1623.0781567943,565.429077148438,340
1875,1631.86705328093,1622.62112251017,565.429077148438,340
1876,1611.55128972278,1621.78301730703,565.429077148438,340
1877,1620.60750373447,1620.46464598701,565.429077148438,340
1878,1616.88588026916,1617.98858860568,565.429077148438,340
1879,1646.51546722098,1618.04489141972,565.429077148438,340
1880,1677.05577603689,1620.07842799183,565.429077148438,340
1881,1669.53487164095,1621.55472129429,565.729309082031,340
1882,1656.27076303101,1623.49130006481,565.729309082031,340
1883,1641.41906084468,1625.08047751672,565.729309082031,340
1884,1634.65223283331,1624.99797795069,565.729309082031,340
1885,1614.12705912569,1624.28413754638,565.729309082031,340
1886,1666.56772234968,1626.02964619013,565.729309082031,340
1887,1673.03720999461,1628.30558759089,565.729309082031,340
1888,1641.27733631248,1627.64946583287,565.729309082031,340
1889,1557.2527071147,1624.08002670422,566.326904296875,340
1890,1680.06847547407,1626.88871102886,566.326904296875,340
1891,1623.21760479815,1628.63147144214,566.326904296875,340
1892,1654.52059908344,1631.95241786143,566.326904296875,340
1893,1581.13735203746,1629.70237809764,566.326904296875,340
1894,1685.02513084101,1632.96029704765,566.326904296875,340
1895,1664.22894397583,1634.88308728005,566.326904296875,340
1896,1565.34870885907,1632.70366069623,566.326904296875,340
1897,1633.48949348731,1633.98965489059,567.419372558594,340
1898,1646.51654230691,1637.59854042116,567.419372558594,340
1899,1538.76862900446,1633.2377365352,567.419372558594,340
1900,1665.50091888618,1634.58309115941,567.419372558594,340
1901,1684.56961322843,1637.50382409964,567.419372558594,340
1902,1681.10021112422,1639.92353239523,567.419372558594,340
1903,1664.5334481222,1641.82943510935,567.419372558594,340
1904,1675.37485676648,1642.98381069117,567.419372558594,340
1905,1657.8508265291,1642.21561271086,567.754943847656,340
1906,1693.91510007887,1643.19082184837,567.754943847656,340
1907,1693.17797254935,1644.66711022911,567.754943847656,340
1908,1675.65373216717,1646.03649708201,567.754943847656,340
1909,1665.16536738152,1647.25702246393,567.754943847656,340
1910,1666.97434142413,1649.37091375587,567.754943847656,340
1911,1652.66224854361,1648.81469480363,567.754943847656,340
1912,1708.0308977458,1650.21444231368,567.754943847656,340
1913,1691.18005356432,1652.21055100375,567.866577148438,340
1914,1669.14973171133,1656.68643198762,567.866577148438,340
1915,1641.3251242671,1655.13669793934,567.866577148438,340
1916,1697.11450460007,1658.09257393141,567.866577148438,340
1917,1661.51764522896,1658.37245577723,567.866577148438,340
1918,1700.73771817144,1663.15647042259,567.866577148438,340
1919,1669.11711770656,1662.52014989722,567.866577148438,340
1920,1609.30326927079,1660.32312290901,567.866577148438,340
1921,1659.99923938328,1664.10914412998,568.069519042969,340
1922,1654.65362852943,1664.95570953167,568.069519042969,340
1923,1663.01672568789,1665.61571686691,568.069519042969,340
1924,1686.3672059348,1671.51965994412,568.069519042969,340
1925,1692.36519167509,1672.59423085568,568.069519042969,340
1926,1666.48138140498,1671.87070158274,568.069519042969,340
1927,1641.32486981697,1670.27968793045,568.069519042969,340
1928,1643.77468514703,1669.44933741144,568.069519042969,340
1929,1710.10110529661,1670.83838735265,567.767456054688,340
1930,1696.32536765038,1672.3773689975,567.767456054688,340
1931,1707.7207290818,1672.92959415762,567.767456054688,340
1932,1683.47447661466,1672.54145432023,567.767456054688,340
1933,1693.26677570227,1673.24597606163,567.767456054688,340
1934,1606.4006847894,1670.89538875795,567.767456054688,340
1935,1695.44181037129,1672.03408751583,567.767456054688,340
1936,1697.89948473708,1673.84357696357,567.767456054688,340
1937,1713.53550328974,1674.06376118533,567.696899414062,340
1938,1686.60246791438,1673.88065775933,567.696899414062,340
1939,1691.52677322856,1674.77573942002,567.696899414062,340
1940,1707.04872975535,1677.40468363955,567.696899414062,340
1941,1708.3097066649,1677.85249172214,567.696899414062,340
1942,1659.73664971241,1677.78125190148,567.696899414062,340
1943,1697.40514066037,1677.64794880104,567.696899414062,340
1944,1693.05388629095,1678.60541954442,567.696899414062,340
1945,1705.29788956049,1682.445204356,567.560729980469,340
1946,1721.30885617978,1684.89758902786,567.560729980469,340
1947,1713.98140494554,1687.27070008451,567.560729980469,340
1948,1694.34814693265,1688.5239569343,567.560729980469,340
1949,1691.04234482452,1688.71096248989,567.560729980469,340
1950,1720.68993391355,1689.84395217943,567.560729980469,340
1951,1692.76664850085,1690.89536286326,567.560729980469,340
1952,1673.07382357504,1692.16532101358,567.560729980469,340
1953,1731.47334639843,1695.67326746364,567.346008300781,340
1954,1660.36009486941,1693.68362704655,567.346008300781,340
1955,1679.41362696567,1693.00715741916,567.346008300781,340
1956,1683.48088065679,1692.03756348216,567.346008300781,340
1957,1692.40968964278,1692.39497200329,567.346008300781,340
1958,1671.60944863273,1691.52867892051,567.346008300781,340
1959,1694.90225870217,1695.06874187702,567.346008300781,340
1960,1695.00475389496,1695.05125961796,567.346008300781,340
1961,1660.36869866496,1693.55002817508,567.302368164062,340
1962,1692.56076217525,1692.7110385305,567.302368164062,340
1963,1697.36896301345,1693.14169833446,567.302368164062,340
1964,1700.35635864903,1693.49488175128,567.302368164062,340
1965,1728.64146033773,1694.35859097458,567.302368164062,340
1966,1702.77322136131,1694.13713156243,567.302368164062,340
1967,1683.05507229896,1695.0698684659,567.302368164062,340
1968,1577.93577260756,1690.29109374378,567.302368164062,340
1969,1661.77000863988,1689.03973863774,567.305053710938,340
1970,1709.05783526399,1689.19013646588,567.305053710938,340
1971,1716.75541767907,1689.00799892585,567.305053710938,340
1972,1646.52777656486,1686.30985379062,567.305053710938,340
1973,1653.03992104369,1684.65752475507,567.305053710938,340
1974,1666.98270581142,1683.69513919454,567.305053710938,340
1975,1671.6157933229,1681.73217357092,567.305053710938,340
1976,1697.24299836055,1681.9112275653,567.305053710938,340
1977,1561.48884961357,1677.44782860685,567.63330078125,340
1978,1621.76618477793,1673.05954214203,567.63330078125,340
1979,1592.93472486895,1670.36252734201,567.63330078125,340
1980,1712.97073631665,1671.70481171605,567.63330078125,340
1981,1689.62365057732,1671.95052251287,567.63330078125,340
1982,1722.38875249374,1673.1496850269,567.63330078125,340
1983,1672.01998015151,1673.16610628766,567.63330078125,340
1984,1690.05863649003,1672.97236139917,567.63330078125,340
1985,1586.31728811475,1668.62486276796,568.360595703125,340
1986,1657.55189468059,1668.51219060859,568.360595703125,340
1987,1647.2256660588,1666.69878676393,568.360595703125,340
1988,1693.83363441871,1666.55737362014,568.360595703125,340
1989,1665.32811738166,1665.15624396944,568.360595703125,340
1990,1676.43369130363,1663.06793320808,568.360595703125,340
1991,1672.01816920395,1661.83773112179,568.360595703125,340
1992,1607.27218830246,1658.80641576193,568.360595703125,340
1993,1673.8312688275,1662.64223561072,567.704345703125,340
1994,1659.40194621719,1662.54751311382,567.704345703125,340
1995,1570.93649768325,1657.02265961059,567.704345703125,340
1996,1681.86666359838,1655.62710944736,567.704345703125,340
1997,1669.11679871966,1656.53067033355,567.704345703125,340
1998,1684.1255104191,1657.77409390857,567.704345703125,340
1999,1695.10454699776,1658.89896755602,567.704345703125,340
2000,1689.32811617712,1659.60746047019,567.704345703125,340
2001,1724.03386297777,1660.67909505488,567.2939453125,340
2002,1608.10242625597,1662.54363812057,567.2939453125,340
2003,1663.11197389582,1664.19746968529,567.2939453125,340
2004,1703.42378001135,1668.61703189099,567.2939453125,340
2005,1606.64134196001,1664.36385611672,567.2939453125,340
2006,1698.66075377077,1664.72534024446,567.2939453125,340
2007,1678.9156673464,1662.98641683856,567.2939453125,340
2008,1716.48778411695,1664.76512899718,567.2939453125,340
2009,1717.33113032163,1665.85602875045,567.94921875,340
2010,1710.42876579323,1670.82048785759,567.94921875,340
2011,1701.33681672356,1672.5718847393,567.94921875,340
2012,1708.60157458052,1675.02692108017,567.94921875,340
2013,1716.64748684006,1675.93947517703,567.94921875,340
2014,1706.49793893082,1677.58626803899,567.94921875,340
2015,1735.37396884403,1679.94387914061,567.94921875,340
2016,1697.3391826244,1680.95671967743,567.94921875,340
2017,1704.54523067103,1684.84764137217,568.047424316406,340
2018,1688.26394425039,1685.42494838909,568.047424316406,340
2019,1693.25283641128,1686.77898399685,568.047424316406,340
2020,1682.47703936184,1691.24060566399,568.047424316406,340
2021,1684.45114419921,1691.34398488803,568.047424316406,340
2022,1700.96710753392,1692.6179972406,568.047424316406,340
2023,1676.09702497753,1692.29685782293,568.047424316406,340
2024,1686.99475216049,1691.97246602944,568.047424316406,340
2025,1679.74867169834,1691.58928825029,568.206665039062,340
2026,1662.53641314011,1689.12939025679,568.206665039062,340
2027,1710.65010802958,1693.23129752773,568.206665039062,340
2028,1709.79334804356,1695.09855249364,568.206665039062,340
2029,1659.22015924897,1693.33040766314,568.206665039062,340
2030,1675.74936848462,1696.09472872413,568.206665039062,340
2031,1710.63738606362,1696.57379401584,568.206665039062,340
2032,1686.82387703074,1696.89012240322,568.206665039062,340
2033,1695.84446235301,1696.06438953266,568.516845703125,340
2034,1691.14398783685,1695.01690383327,568.516845703125,340
2035,1700.37769105246,1694.61486084364,568.516845703125,340
2036,1723.64457365887,1695.50717112105,568.516845703125,340
2037,1711.19087432515,1695.61074311084,568.516845703125,340
2038,1691.95975956466,1694.62323401982,568.516845703125,340
2039,1704.07327159831,1694.52624732652,568.516845703125,340
2040,1706.53093037928,1693.37252578793,568.516845703125,340
2041,1670.17400256964,1692.28591858574,568.943725585938,340
2042,1686.38566617029,1691.55953600571,568.943725585938,340
2043,1699.10172699761,1691.9930473156,568.943725585938,340
2044,1704.55007218143,1692.4449367464,568.943725585938,340
2045,1673.01175177304,1692.06632524285,568.943725585938,340
2046,1700.8963991241,1692.72413543985,568.943725585938,340
2047,1676.0638124394,1691.72800363607,568.943725585938,340
2048,1701.93749558149,1692.76162246022,568.943725585938,340
2049,1681.74308767787,1692.55155588092,569.112060546875,340
2050,1695.15365223316,1693.16775510231,569.112060546875,340
2051,1668.79426832832,1693.41806930984,569.112060546875,340
2052,1687.9032161246,1692.50819363364,569.112060546875,340
2053,1702.47636142645,1692.21551416896,569.112060546875,340
2054,1724.41978984165,1694.82349939266,569.112060546875,340
2055,1720.66651017939,1696.62018506046,569.112060546875,340
2056,1702.70700933911,1696.30296999147,569.112060546875,340
2057,1698.3224968993,1696.76291478622,569.88671875,340
2058,1690.05675288285,1696.53140640741,569.88671875,340
2059,1687.250099257,1696.37565086422,569.88671875,340
2060,1664.74863508067,1694.95048862534,569.88671875,340
2061,1715.47557659849,1694.62372874293,569.88671875,340
2062,1697.73073790667,1694.08532328619,569.88671875,340
2063,1675.18640381614,1693.41438905625,569.88671875,340
2064,1680.69475721326,1692.47924848085,569.88671875,340
2065,1662.02634403429,1690.69906502705,569.800537109375,340
2066,1662.56041910206,1690.39452168835,569.800537109375,340
2067,1637.51196124071,1688.43957349116,569.800537109375,340
2068,1689.34524608575,1688.04931425469,569.800537109375,340
2069,1698.40135393023,1687.80336552464,569.800537109375,340
2070,1673.28041868388,1687.81411220107,569.800537109375,340
2071,1688.9206637762,1687.33508278716,569.800537109375,340
2072,1700.99700984119,1688.33241068323,569.800537109375,340
2073,1657.31549928389,1686.54753083133,570.74462890625,340
2074,1686.24459728197,1686.72759121549,570.74462890625,340
2075,1657.80885638263,1685.23379938147,570.74462890625,340
2076,1667.58268165803,1685.18533591466,570.74462890625,340
2077,1644.10699869342,1683.43348721741,570.74462890625,340
2078,1574.61736375421,1678.31912731052,570.74462890625,340
2079,1680.31723736298,1676.55502521137,570.74462890625,340
2080,1673.41471194526,1674.66495328201,570.74462890625,340
2081,1667.99085309561,1673.27630703227,570.929077148438,340
2082,1626.00388733311,1670.38356264962,570.929077148438,340
2083,1652.60610807875,1668.88553685746,570.929077148438,340
2084,1669.94602690651,1668.19337396344,570.929077148438,340
2085,1646.48562966687,1667.46285374688,570.929077148438,340
2086,1670.3834344161,1665.65916805959,570.929077148438,340
2087,1668.89680210206,1664.5058106274,570.929077148438,340
2088,1676.00238199776,1664.53844975467,570.929077148438,340
2089,1628.47262576609,1662.44956449678,571.707946777344,340
2090,1657.44253813518,1662.26621226082,571.707946777344,340
2091,1663.67091979131,1662.31063228839,571.707946777344,340
2092,1630.37021028998,1662.02496225036,571.707946777344,340
2093,1665.93589533078,1661.08858822016,571.707946777344,340
2094,1619.95336899241,1657.95066882265,571.707946777344,340
2095,1655.20712906793,1657.22773723801,571.707946777344,340
2096,1626.26900459293,1654.72167087068,571.707946777344,340
2097,1653.08960507501,1652.80537468003,571.516235351562,340
2098,1672.39057372686,1653.40837765775,571.516235351562,340
2099,1711.96375198945,1654.43714384605,571.516235351562,340
2100,1676.89246837904,1655.2004883259,571.516235351562,340
2101,1668.73260986456,1655.24648545417,571.516235351562,340
2102,1670.53948377804,1656.30378485755,571.516235351562,340
2103,1614.97191634783,1657.9179669613,571.516235351562,340
2104,1641.29047118209,1656.35689631406,571.516235351562,340
2105,1643.13113615595,1655.14555328249,571.981750488281,340
2106,1639.62685785102,1654.0109934727,571.981750488281,340
2107,1674.6589809963,1655.95719721923,571.981750488281,340
2108,1683.19149360535,1657.1806126403,571.981750488281,340
2109,1623.69032957095,1655.33038474687,571.981750488281,340
2110,1665.67394426094,1656.09791733064,571.981750488281,340
2111,1687.1347053637,1656.76796816854,571.981750488281,340
2112,1676.14963528444,1657.05808149584,571.981750488281,340
2113,1606.19741290137,1654.26588273198,572.434387207031,340
2114,1579.23824213976,1652.29650738693,572.434387207031,340
2115,1595.79702183808,1649.83068673504,572.434387207031,340
2116,1579.86619535683,1646.47849775766,572.434387207031,340
2117,1622.46147895406,1646.16214850423,572.434387207031,340
2118,1614.04529603252,1644.0865245323,572.434387207031,340
2119,1646.23247307895,1645.13768869576,572.434387207031,340
2120,1596.05428619885,1642.771574981,572.434387207031,340
2121,1651.81209711898,1643.79329868204,572.575500488281,340
2122,1680.11168493465,1644.87418187642,572.575500488281,340
2123,1618.31673133938,1642.71122818092,572.575500488281,340
2124,1665.85014839432,1640.86668403712,572.575500488281,340
2125,1652.01405492968,1639.87154749914,572.575500488281,340
2126,1681.74469089886,1640.39203074052,572.575500488281,340
2127,1645.2540107827,1639.3806118207,572.575500488281,340
2128,1665.58651597655,1641.40519580585,572.575500488281,340
2129,1693.14365394036,1643.47932311618,572.377075195312,340
2130,1614.48079659422,1642.33330953371,572.377075195312,340
2131,1538.92457482235,1638.30521821257,572.377075195312,340
2132,1655.7896329789,1637.55044429187,572.377075195312,340
2133,1622.03277399712,1635.10409550754,572.377075195312,340
2134,1632.36857994275,1635.45122552241,572.377075195312,340
2135,1691.59043366977,1636.48788509877,572.377075195312,340
2136,1652.54761766154,1635.10440159068,572.377075195312,340
2137,1577.74258272611,1631.16811948835,571.872619628906,340
2138,1640.87023266303,1632.55503227881,571.872619628906,340
2139,1634.18693598406,1634.75298003258,571.872619628906,340
2140,1574.54211913405,1633.90278392442,571.872619628906,340
2141,1648.12674800934,1636.63320603052,571.872619628906,340
2142,1616.99710227659,1636.41463096343,571.872619628906,340
2143,1677.99970707637,1638.97280740518,571.872619628906,340
2144,1626.08423157457,1638.166877745,571.872619628906,340
2145,1618.04723758231,1639.04659580034,571.076843261719,340
2146,1675.05468461056,1639.97629930001,571.076843261719,340
2147,1632.72892020846,1638.08098871096,571.076843261719,340
2148,1629.88829225315,1638.54385114751,571.076843261719,340
2149,1583.66035065136,1635.25625923779,571.076843261719,340
2150,1607.60802740872,1633.48001813695,571.076843261719,340
2151,1658.4823304591,1632.54952371936,571.076843261719,340
2152,1601.18318888936,1630.78669084363,571.076843261719,340
2153,1674.49013315604,1631.14283553081,571.2861328125,340
2154,1563.6425814659,1625.96279263183,571.2861328125,340
2155,1614.47688498302,1625.96263616738,571.2861328125,340
2156,1664.54750176568,1630.98755324512,571.2861328125,340
2157,1658.29516681626,1631.08777459861,571.2861328125,340
2158,1628.79132447466,1631.35811661771,571.2861328125,340
2159,1584.86848060485,1629.4581126442,571.2861328125,340
2160,1634.35499587527,1627.16869513242,571.2861328125,340
2161,1685.57801902396,1628.48991118691,569.763916015625,340
2162,1516.6450936114,1626.04601162232,569.763916015625,340
2163,1695.47097045524,1628.23004113401,569.763916015625,340
2164,1494.10462916364,1622.6267488612,569.763916015625,340
2165,1523.28018768424,1620.5762716032,569.763916015625,340
2166,1568.62203637187,1617.3960831377,569.763916015625,340
2167,1477.46781763883,1611.81491175219,569.763916015625,340
2168,1675.66665660362,1611.72158973328,569.763916015625,340
2169,1669.85422873704,1613.47238961978,567.730834960938,340
2170,1674.14052527463,1615.71612112748,567.730834960938,340
2171,1642.53196016973,1614.41521214984,567.730834960938,340
2172,1646.20318266538,1614.95418264812,567.730834960938,340
2173,1584.58839371346,1613.14218670653,567.730834960938,340
2174,1620.26848332438,1614.60651201345,567.730834960938,340
2175,1647.89276746296,1616.21790161562,567.730834960938,340
2176,1646.40286659853,1615.7347230612,567.730834960938,340
2177,1548.27289141797,1613.61831116234,567.014343261719,340
2178,1612.84280037262,1611.15241785101,567.014343261719,340
2179,1550.71060539774,1610.63513880828,567.014343261719,340
2180,1589.3858806868,1609.63149863643,567.014343261719,340
2181,1569.2339066826,1605.81895483311,567.014343261719,340
2182,1618.22815111168,1604.21627420492,567.014343261719,340
2183,1659.66730046876,1605.45131324469,567.014343261719,340
2184,1644.88818757134,1607.85210152335,567.014343261719,340
2185,1624.12913576378,1607.44306711889,566.929809570312,340
2186,1620.18692444488,1604.82742333572,566.929809570312,340
2187,1647.52795699034,1610.06273787088,566.929809570312,340
2188,1664.18191779231,1608.81117576436,566.929809570312,340
2189,1640.11767371682,1614.65169754649,566.929809570312,340
2190,1677.51938639769,1620.82126549503,566.929809570312,340
2191,1683.52565842158,1625.41741037702,566.929809570312,340
2192,1627.45308902003,1631.41682123227,566.929809570312,340
2193,1670.78621091801,1631.22160340484,566.796936035156,340
2194,1626.96538770583,1629.50604976359,566.796936035156,340
2195,1675.16633317605,1629.54708207965,566.796936035156,340
2196,1674.13529438816,1630.81121544839,566.796936035156,340
2197,1648.12524631284,1630.88809799429,566.796936035156,340
2198,1690.0493945352,1635.10653802716,566.796936035156,340
2199,1635.28862636047,1635.7073437486,566.796936035156,340
2200,1674.43287052749,1636.76894787118,566.796936035156,340
2201,1695.70223931419,1638.74092277981,566.076049804688,340
2202,1633.69248078882,1642.15770635464,566.076049804688,340
2203,1632.0132264448,1642.92452339753,566.076049804688,340
2204,1646.07026362353,1646.73890972656,566.076049804688,340
2205,1635.04273831835,1648.56518403182,566.076049804688,340
2206,1648.44563182719,1651.73365303761,566.076049804688,340
2207,1701.57049895936,1655.06734695151,566.076049804688,340
2208,1636.7279715875,1654.14977379626,566.076049804688,340
2209,1709.61922468083,1656.73901528064,566.960205078125,340
2210,1647.62334143036,1657.6787835073,566.960205078125,340
2211,1650.41461645421,1658.88789118768,566.960205078125,340
2212,1663.1726057171,1659.51367713675,566.960205078125,340
2213,1618.60846928961,1657.69073919664,566.960205078125,340
2214,1661.77274011837,1658.5569418527,566.960205078125,340
2215,1679.96992923537,1658.65496356621,566.960205078125,340
2216,1690.87061219628,1658.9487617172,566.960205078125,340
2217,1628.22830712266,1658.9797704413,566.905822753906,340
2218,1675.45917091966,1659.16668884137,566.905822753906,340
2219,1613.85290253814,1658.64218943466,566.905822753906,340
2220,1659.08521490887,1657.99894470397,566.905822753906,340
2221,1645.09065908167,1656.83715929171,566.905822753906,340
2222,1663.81821495595,1657.46487803744,566.905822753906,340
2223,1650.52394229286,1655.88385994774,566.905822753906,340
2224,1664.9499927765,1657.07031460439,566.905822753906,340
2225,1691.86310488167,1657.76752397855,566.5771484375,340
2226,1668.31197685194,1656.67191348006,566.5771484375,340
2227,1645.99395360158,1657.16397239257,566.5771484375,340
2228,1689.00978186178,1659.44383460925,566.5771484375,340
2229,1658.02427660877,1659.92199512866,566.5771484375,340
2230,1662.22203268804,1661.00916690345,566.5771484375,340
2231,1677.47270703201,1662.17024991164,566.5771484375,340
2232,1642.99787804479,1659.82734507506,566.5771484375,340
2233,1477.04085664676,1653.43986047743,566.719787597656,340
2234,1710.73447442125,1653.48447046705,566.719787597656,340
2235,1687.96955852336,1655.09831915077,566.719787597656,340
2236,1692.03309418714,1656.76305826009,566.719787597656,340
2237,1508.37012265023,1650.57095893741,566.719787597656,340
2238,1622.47071061923,1650.7254485906,566.719787597656,340
2239,1730.01601669679,1653.45517965373,566.719787597656,340
2240,1538.56220078505,1647.79887051572,566.719787597656,340
2241,1662.76542451472,1646.67466300846,567.315368652344,340
2242,1637.63343567929,1647.05086815072,567.315368652344,340
2243,1656.88619901201,1646.30794927442,567.315368652344,340
2244,1561.71352903262,1644.2223743342,567.315368652344,340
2245,1648.86388814348,1643.81352126358,567.315368652344,340
2246,1647.19578073766,1643.89772612982,567.315368652344,340
2247,1630.84562122072,1642.57882238041,567.315368652344,340
2248,1648.25273581657,1642.48797412136,567.315368652344,340
2249,1681.60318497922,1643.15410180947,566.745178222656,340
2250,1652.36349660762,1641.57411747851,566.745178222656,340
2251,1588.56702308011,1638.38431932763,566.745178222656,340
2252,1611.85711009601,1637.01884558741,566.745178222656,340
2253,1570.8118231693,1632.29092723971,566.745178222656,340
2254,1573.0827381777,1628.89326570247,566.745178222656,340
2255,1609.07146351198,1626.76724293543,566.745178222656,340
2256,1546.44612234861,1621.52617954809,566.745178222656,340
2257,1550.92958272685,1617.84344773537,567.456665039062,340
2258,1511.80215041787,1619.23389948622,567.456665039062,340
2259,1620.54356323238,1615.62626303866,567.456665039062,340
2260,1637.77170351332,1613.61834883826,567.456665039062,340
2261,1589.08595000147,1609.50046307083,567.456665039062,340
2262,1619.88352933209,1613.96099933811,567.456665039062,340
2263,1617.92910598656,1613.7793351528,567.456665039062,340
2264,1613.22964638778,1609.10788034044,567.456665039062,340
2265,1653.95309382475,1613.72351606203,566.773254394531,340
2266,1631.20724494599,1612.46118887928,566.773254394531,340
2267,1585.92732617256,1610.39294449901,566.773254394531,340
2268,1642.10617663466,1609.80174360392,566.773254394531,340
2269,1627.25658920854,1612.42346601095,566.773254394531,340
2270,1712.7625168957,1614.97941116104,566.773254394531,340
2271,1653.27758129447,1615.22268318331,566.773254394531,340
2272,1633.3813519946,1615.32411241427,566.773254394531,340
2273,1694.62298019347,1617.17892218935,565.343933105469,340
2274,1672.86073108179,1616.82922403345,565.343933105469,340
2275,1679.71146815727,1617.92314289543,565.343933105469,340
2276,1681.44130017849,1621.63811397937,565.343933105469,340
2277,1674.57018193888,1624.14663685308,565.343933105469,340
2278,1678.71897864868,1628.46292307226,565.343933105469,340
2279,1702.2337230373,1633.62896246664,565.343933105469,340
2280,1695.85493253785,1637.10030122768,565.343933105469,340
2281,1669.81727195933,1642.03514721211,566.805114746094,340
2282,1686.91931387111,1647.47473645788,566.805114746094,340
2283,1686.37866839651,1654.45779717702,566.805114746094,340
2284,1695.07571198279,1657.43908312704,566.805114746094,340
2285,1707.22917851565,1660.21738212713,566.805114746094,340
2286,1692.49795329395,1664.35386225883,566.805114746094,340
2287,1689.45282173959,1667.13663395513,566.805114746094,340
2288,1666.80170397357,1669.09153787461,566.805114746094,340
2289,1681.61990300634,1671.82714813936,567.673767089844,340
2290,1675.69426257448,1672.69679488934,567.673767089844,340
2291,1697.19784827448,1675.33641902248,567.673767089844,340
2292,1708.62785321525,1680.24444010419,567.673767089844,340
2293,1692.89143272966,1682.27585034799,567.673767089844,340
2294,1517.68415643784,1677.89295303716,567.673767089844,340
2295,1683.35459187925,1676.71663603651,567.673767089844,340
2296,1695.48690878161,1678.40500913599,567.673767089844,340
2297,1685.69655042107,1680.49761707305,568.769653320312,340
2298,1685.62879951676,1680.13784984598,568.769653320312,340
2299,1678.1229284248,1680.3483377397,568.769653320312,340
2300,1631.08175911127,1678.40314937786,568.769653320312,340
2301,1676.50695084165,1678.20577540439,568.769653320312,340
2302,1702.84740415017,1679.33686429284,568.769653320312,340
2303,1654.08756707157,1678.35160782976,568.769653320312,340
2304,1692.91863296368,1677.97900422681,568.769653320312,340
2305,1699.80415497016,1678.1369731241,568.400085449219,340
2306,1696.76128224665,1679.2147335356,568.400085449219,340
2307,1572.00333117044,1674.61809422757,568.400085449219,340
2308,1666.01481176896,1673.80353996247,568.400085449219,340
2309,1685.49219021652,1673.42019909182,568.400085449219,340
2310,1698.96595171335,1673.08967001972,568.400085449219,340
2311,1683.17900139717,1672.71691194385,568.400085449219,340
2312,1698.01712349088,1673.0594840139,568.400085449219,340
2313,1705.62936306366,1674.61259037751,568.772399902344,340
2314,1665.03647171074,1673.94925312568,568.772399902344,340
2315,1679.49371204811,1674.10123110463,568.772399902344,340
2316,1659.84926919938,1672.60728794163,568.772399902344,340
2317,1673.08522785282,1671.18558292713,568.772399902344,340
2318,1689.537061619,1671.0514080827,568.772399902344,340
2319,1680.7403709482,1677.57365666312,568.772399902344,340
2320,1642.04823601691,1675.92140242862,568.772399902344,340
2321,1687.32746356555,1675.59502461998,568.679504394531,340
2322,1692.32498610113,1675.86016204718,568.679504394531,340
2323,1664.82220449872,1675.02789824646,568.679504394531,340
2324,1690.93672470409,1675.54045009763,568.679504394531,340
2325,1666.5479385041,1676.95909727335,568.679504394531,340
2326,1697.8680611464,1677.81354168554,568.679504394531,340
2327,1687.24999309833,1677.18964524346,568.679504394531,340
2328,1706.94471307714,1679.30393108369,568.679504394531,340
2329,1700.29306743789,1679.59890846265,568.754089355469,340
2330,1705.16688195135,1679.8134175419,568.754089355469,340
2331,1632.09056667498,1677.22658891903,568.754089355469,340
2332,1673.19741967496,1681.27435245921,568.754089355469,340
2333,1672.03430520842,1681.51513219679,568.754089355469,340
2334,1670.52758636749,1680.91654804283,568.754089355469,340
2335,1656.54188397658,1679.21958533336,568.754089355469,340
2336,1641.20056166946,1677.54044774425,568.754089355469,340
2337,1685.91315978031,1677.05628919583,568.74560546875,340
2338,1690.80189938445,1676.46319064866,568.74560546875,340
2339,1674.70717785758,1676.85001889453,568.74560546875,340
2340,1655.65245147769,1675.89636847172,568.74560546875,340
2341,1681.00759078156,1676.742701335,568.74560546875,340
2342,1682.26179071887,1677.10976384965,568.74560546875,340
2343,1700.51538932383,1677.54889695784,568.74560546875,340
2344,1680.32668581169,1677.53234955238,568.74560546875,340
2345,1671.77326979834,1678.72135090364,568.441955566406,340
2346,1713.13797503061,1679.75377136224,568.441955566406,340
2347,1700.18520119015,1680.0681799658,568.441955566406,340
2348,1682.96168052245,1680.79375900675,568.441955566406,340
2349,1701.77560279774,1681.22731413049,568.441955566406,340
2350,1662.89973365231,1681.08138593642,568.441955566406,340
2351,1681.5162125001,1680.42731199057,568.441955566406,340
2352,1679.0059094462,1680.09754864448,568.441955566406,340
2353,1640.41130554693,1677.43621234328,569.098327636719,340
2354,1713.18005839173,1677.95169198143,569.098327636719,340
2355,1678.28881568287,1676.87656933069,569.098327636719,340
2356,1696.93454928989,1679.47032863529,569.098327636719,340
2357,1639.6140910664,1678.12699549094,569.098327636719,340
2358,1696.06926763242,1679.0883939879,569.098327636719,340
2359,1691.33991043775,1679.92088695071,569.098327636719,340
2360,1666.97015745278,1680.33801788976,569.098327636719,340
2361,1711.79780572456,1683.16190765197,568.888610839844,340
2362,1707.86806467963,1684.04010384794,568.888610839844,340
2363,1682.82644918089,1683.7210858398,568.888610839844,340
2364,1699.92759645773,1684.7299025838,568.888610839844,340
2365,1702.32232132829,1686.59669737783,568.888610839844,340
2366,1688.40972334912,1686.89278268053,568.888610839844,340
2367,1692.26760053603,1687.29301507322,568.888610839844,340
2368,1713.87423588779,1687.82736893578,568.888610839844,340
2369,1662.73319920048,1687.12362947133,568.656860351562,340
2370,1632.26885622255,1685.5434529283,568.656860351562,340
2371,1709.11131308007,1685.38238645027,568.656860351562,340
2372,1683.43479583318,1684.712370236,568.656860351562,340
2373,1693.73593124132,1685.14334026475,568.656860351562,340
2374,1695.63678315659,1684.8977874791,568.656860351562,340
2375,1686.23246043321,1685.83109655034,568.656860351562,340
2376,1714.87009128368,1687.16525170168,568.656860351562,340
2377,1677.28193254893,1687.09629262579,568.003784179688,340
2378,1687.18982005358,1688.96743320606,568.003784179688,340
2379,1653.55673747577,1686.58250036942,568.003784179688,340
2380,1694.50800399072,1687.23126790174,568.003784179688,340
2381,1673.36878180508,1686.28863720234,568.003784179688,340
2382,1677.83678699217,1687.81754503937,568.003784179688,340
2383,1695.31227123552,1687.7872651835,568.003784179688,340
2384,1673.84097744453,1687.08730786377,568.003784179688,340
2385,1717.8332460037,1689.12183140581,568.440124511719,340
2386,1711.97594868943,1689.1289571244,568.440124511719,340
2387,1682.78587428615,1688.12566950866,568.440124511719,340
2388,1689.31232976098,1688.38510473186,568.440124511719,340
2389,1691.64212684164,1688.05368594722,568.440124511719,340
2390,1677.10816485777,1687.0451196884,568.440124511719,340
2391,1692.58772571506,1687.21223978304,568.440124511719,340
2392,1685.85539527524,1686.95575157261,568.440124511719,340
2393,1701.57924984017,1686.4639521307,568.381103515625,340
2394,1715.49992210393,1688.57462104684,568.381103515625,340
2395,1708.52018250889,1691.62467409829,568.381103515625,340
2396,1644.5375583993,1689.04172391106,568.381103515625,340
2397,1694.37949614775,1689.47951192365,568.381103515625,340
2398,1714.96986061094,1690.32886909843,568.381103515625,340
2399,1686.60655592305,1689.96766000909,568.381103515625,340
2400,1729.08765102321,1691.68186763269,568.381103515625,340
2401,1716.7331673533,1691.75639067547,567.24267578125,340
2402,1695.12440897512,1692.47008973252,567.24267578125,340
2403,1726.52048180321,1694.04331620251,567.24267578125,340
2404,1721.16570241587,1696.74767480011,567.24267578125,340
2405,1695.37767673251,1696.78246170978,567.24267578125,340
2406,1690.69401210989,1697.47547092197,567.24267578125,340
2407,1736.70029402901,1699.83001120345,567.24267578125,340
2408,1701.8124988954,1700.09002030984,567.24267578125,340
2409,1731.50837285906,1702.39671612642,568.367797851562,340
2410,1659.08602974669,1700.04682747614,568.367797851562,340
2411,1712.70004089314,1700.07579116429,568.367797851562,340
2412,1729.49343420477,1701.94409356104,568.367797851562,340
2413,1696.11623860927,1702.21624991497,568.367797851562,340
2414,1719.20010773374,1703.31856915065,568.367797851562,340
2415,1703.66775914007,1704.38095292194,568.367797851562,340
2416,1681.61334116072,1703.94197753977,568.367797851562,340
2417,1672.39482212908,1703.40355461392,569.247985839844,340
2418,1729.46917567662,1704.51915164738,569.247985839844,340
2419,1717.02975550693,1704.5803449835,569.247985839844,340
2420,1710.00105195463,1704.63957976133,569.247985839844,340
2421,1723.68734733438,1707.80557131873,569.247985839844,340
2422,1742.47510426835,1709.72939564356,569.247985839844,340
2423,1655.29445360147,1707.34237936318,569.247985839844,340
2424,1701.9586487859,1707.95646307769,569.247985839844,340
2425,1715.47922904563,1707.41212619859,570.257934570312,340
2426,1723.69539847738,1707.69061544355,570.257934570312,340
2427,1741.09258241741,1709.52934238125,570.257934570312,340
2428,1701.149035182,1708.5144845164,570.257934570312,340
2429,1730.52871462299,1708.88900500468,570.257934570312,340
2430,1730.08891475796,1710.2774545257,570.257934570312,340
2431,1719.18440375236,1711.4170701914,570.257934570312,340
2432,1715.28484222249,1710.56045211914,570.257934570312,340
2433,1708.69719974146,1710.83584015298,570.954956054688,340
2434,1718.8537338765,1710.32965459368,570.954956054688,340
2435,1733.66501626277,1713.31281405432,570.954956054688,340
2436,1718.12565012861,1713.52983842374,570.954956054688,340
2437,1712.557223728,1712.85239000467,570.954956054688,340
2438,1728.94087948319,1714.16537563963,570.954956054688,340
2439,1712.15246068199,1713.88346975756,570.954956054688,340
2440,1738.75590848507,1715.28699573136,570.954956054688,340
2441,1716.88100010316,1716.69770208905,571.992797851562,340
2442,1732.75072793644,1719.11193832135,571.992797851562,340
2443,1728.67816214285,1719.08029778,571.992797851562,340
2444,1728.12391985613,1719.52406435396,571.992797851562,340
2445,1721.71679147647,1719.99269393484,571.992797851562,340
2446,1728.48642272816,1720.18465695059,571.992797851562,340
2447,1726.36993617877,1719.54045022701,571.992797851562,340
2448,1711.62070680289,1721.79350035506,571.992797851562,340
2449,1754.56060693871,1723.89757868118,572.412780761719,340
2450,1727.97380776144,1724.39736182981,572.412780761719,340
2451,1727.20391382061,1724.53770244354,572.412780761719,340
2452,1745.06415221523,1724.69656523545,572.412780761719,340
2453,1737.14269264205,1726.13631153385,572.412780761719,340
2454,1728.95893974387,1726.07352053869,572.412780761719,340
2455,1747.02910851097,1726.75112828881,572.412780761719,340
2456,1680.58691285275,1725.20722865282,572.412780761719,340
2457,1741.82494081035,1726.26883259634,572.862182617188,340
2458,1747.07906448469,1727.80410718607,572.862182617188,340
2459,1736.35245307827,1728.50405595414,572.862182617188,340
2460,1731.68139257656,1728.42471100669,572.862182617188,340
2461,1724.42417657224,1728.67665206443,572.862182617188,340
2462,1743.28765924548,1729.90586948513,572.862182617188,340
2463,1741.036542854,1730.38969601997,572.862182617188,340
2464,1739.05739341645,1731.46589332934,572.862182617188,340
2465,1695.83092949888,1729.7488941699,573.140686035156,340
2466,1735.79947762568,1730.5056332708,573.140686035156,340
2467,1714.59073771444,1729.77923366192,573.140686035156,340
2468,1737.79605368631,1730.14394932366,573.140686035156,340
2469,1735.30489247066,1730.43118822824,573.140686035156,340
2470,1725.32798291376,1730.57563588573,573.140686035156,340
2471,1738.95414989347,1730.99434497234,573.140686035156,340
2472,1731.23312261871,1731.18887242994,573.140686035156,340
2473,1719.12352363464,1731.48898510321,573.293701171875,340
2474,1727.01819445633,1730.38728860391,573.293701171875,340
2475,1730.50987995893,1730.48873149181,573.293701171875,340
2476,1725.00271018211,1730.40068334627,573.293701171875,340
2477,1736.52623630726,1730.05916670995,573.293701171875,340
2478,1753.81744540363,1730.72615682042,573.293701171875,340
2479,1732.6827403902,1730.87510884627,573.293701171875,340
2480,1749.33021216183,1730.96715299231,573.293701171875,340
2481,1738.37620654809,1733.27872474012,574.207702636719,340
2482,1753.38574843318,1733.74115704503,574.207702636719,340
2483,1725.52316648897,1732.8789211252,574.207702636719,340
2484,1753.81788483132,1733.57753839532,574.207702636719,340
2485,1749.21200755096,1734.2787629943,574.207702636719,340
2486,1744.34285333178,1735.07551006468,574.207702636719,340
2487,1738.60724390932,1734.88829345124,574.207702636719,340
2488,1744.23874429859,1735.01638150902,574.207702636719,340
2489,1758.93484556389,1735.81147959492,574.796752929688,340
2490,1719.81026328225,1736.77065294625,574.796752929688,340
2491,1758.68463579239,1737.68605927292,574.796752929688,340
2492,1736.45248068476,1738.56052899173,574.796752929688,340
2493,1717.30195728868,1737.74076513583,574.796752929688,340
2494,1742.93989008955,1738.04616504058,574.796752929688,340
2495,1743.18393856524,1738.76040326664,574.796752929688,340
2496,1733.24295055632,1738.53195529316,574.796752929688,340
2497,1764.52727867909,1739.86372153557,574.9111328125,340
2498,1754.21417140453,1741.26734744637,574.9111328125,340
2499,1763.81405330253,1742.73918180022,574.9111328125,340
2500,1742.71323348104,1743.2273159411,574.9111328125,340
2501,1742.73289631542,1743.93652338643,574.9111328125,340
2502,1733.7750342675,1743.82647530484,574.9111328125,340
2503,1705.10242777467,1741.87787459968,574.9111328125,340
2504,1748.4556357219,1742.50879041295,574.9111328125,340
2505,1661.53372995451,1738.99693112466,575.1865234375,340
2506,1731.20383213726,1738.71003614823,575.1865234375,340
2507,1755.6857598019,1738.80203660298,575.1865234375,340
2508,1740.84316046498,1739.41483636202,575.1865234375,340
2509,1738.88122538228,1738.81736998405,575.1865234375,340
2510,1744.7404308867,1738.63850691748,575.1865234375,340
2511,1752.18169823317,1738.95206071354,575.1865234375,340
2512,1708.93354750046,1737.76511285718,575.1865234375,340
2513,1726.63329068485,1737.06089471264,575.467041015625,340
2514,1750.0497795763,1736.70549207313,575.467041015625,340
2515,1776.04529793522,1738.95489345925,575.467041015625,340
2516,1773.46824117715,1739.54623767464,575.467041015625,340
2517,1766.19886943909,1740.73609322481,575.467041015625,340
2518,1767.82204652897,1742.75689679443,575.467041015625,340
2519,1775.03999913884,1744.0409011564,575.467041015625,340
2520,1751.40828208457,1744.36987489717,575.467041015625,340
2521,1769.09065866577,1745.80378322155,575.212829589844,340
2522,1683.97353209485,1742.58163335818,575.212829589844,340
2523,1713.29453248489,1740.94484780139,575.212829589844,340
2524,1746.49112411802,1740.25193063401,575.212829589844,340
2525,1745.61411214911,1740.36796578073,575.212829589844,340
2526,1746.87397344848,1740.53360886606,575.212829589844,340
2527,1768.32549154919,1741.91562715732,575.212829589844,340
2528,1776.3088511105,1744.76388409076,575.212829589844,340
2529,1564.42320336103,1737.40258679632,575.550964355469,340
2530,1759.98957247251,1741.34082049704,575.550964355469,340
2531,1599.85531774034,1736.08687992117,575.550964355469,340
2532,1767.46181207288,1736.55792201201,575.550964355469,340
2533,1756.31395397962,1737.17675375259,575.550964355469,340
2534,1675.91913015963,1734.65826994368,575.550964355469,340
2535,1756.04722313087,1735.11054163345,575.550964355469,340
2536,1757.97836853172,1735.34240844539,575.550964355469,340
2537,1767.5728570531,1737.6879808275,575.451171875,340
2538,1764.15864533079,1739.18899501334,575.451171875,340
2539,1767.17933932743,1739.87417740338,575.451171875,340
2540,1763.14019767667,1739.35797339304,575.451171875,340
2541,1736.93800342283,1737.89676388287,575.451171875,340
2542,1747.25001209192,1737.13880958898,575.451171875,340
2543,1764.82887981058,1737.01908292025,575.451171875,340
2544,1549.1222717558,1727.98237382492,575.451171875,340
2545,1752.99918582495,1728.04600997454,575.71044921875,340
2546,1743.55551727341,1727.02460431884,575.71044921875,340
2547,1756.7925377179,1729.93736454377,575.71044921875,340
2548,1757.13374274214,1731.69093295406,575.71044921875,340
2549,1740.09619979868,1731.43513598128,575.71044921875,340
2550,1754.37454100927,1731.78555313569,575.71044921875,340
2551,1736.09272611219,1731.35430324224,575.71044921875,340
2552,1752.2419506789,1730.71096160743,575.71044921875,340
2553,1758.64999521528,1730.00460737162,575.310607910156,340
2554,1740.38398143338,1737.04303849451,575.310607910156,340
2555,1752.01028734816,1736.72386708954,575.310607910156,340
2556,1751.15958834159,1742.77603791359,575.310607910156,340
2557,1749.08897712081,1742.0411245155,575.310607910156,340
2558,1760.40507151291,1742.20476921684,575.310607910156,340
2559,1756.46538100919,1745.42661925082,575.310607910156,340
2560,1739.78486556809,1744.77612494831,575.310607910156,340
2561,1750.65181800272,1744.48306292715,575.37646484375,340
2562,1742.03526270931,1743.4615591534,575.37646484375,340
2563,1733.70458340681,1742.24339667644,575.37646484375,340
2564,1741.02339074515,1741.19715873315,575.37646484375,340
2565,1751.75322534899,1740.74167984004,575.37646484375,340
2566,1752.16679084149,1741.35083133678,575.37646484375,340
2567,1752.25698625379,1741.55111030326,575.37646484375,340
2568,1735.73861947805,1740.38749988996,575.37646484375,340
2569,1732.78795277857,1747.73412713087,575.146911621094,340
2570,1737.34800492328,1747.1080798948,575.146911621094,340
2571,1747.20215227707,1747.25394529495,575.146911621094,340
2572,1749.65203603248,1746.96832522753,575.146911621094,340
2573,1739.23199187499,1746.25225519285,575.146911621094,340
2574,1745.9751884412,1746.48741473855,575.146911621094,340
2575,1729.33354879854,1745.48577505012,575.146911621094,340
2576,1745.98722947682,1745.8815551847,575.146911621094,340
2577,1753.99418203805,1745.95164443907,575.679870605469,340
2578,1761.48635241576,1746.06509872709,575.679870605469,340
2579,1747.2027820782,1746.33785075288,575.679870605469,340
2580,1757.67394813499,1746.56439718435,575.679870605469,340
2581,1755.55897534094,1746.74037266433,575.679870605469,340
2582,1760.01584786947,1747.17744749427,575.679870605469,340
2583,1758.19227404778,1747.08893559567,575.679870605469,340
2584,1737.96506171688,1746.34892282398,575.679870605469,340
2585,1754.71236327516,1746.94602273226,576.60546875,340
2586,1744.10087373459,1746.68398496153,576.60546875,340
2587,1724.85359628219,1745.99671830445,576.60546875,340
2588,1752.42272517445,1746.74544397516,576.60546875,340
2589,1735.6123664094,1746.52900300173,576.60546875,340
2590,1745.32216115164,1746.27176043383,576.60546875,340
2591,1758.08240422188,1746.50838496905,576.60546875,340
2592,1744.78570905583,1746.20953388113,576.60546875,340
2593,1767.17747915536,1747.46708826822,576.973693847656,340
2594,1747.72418060627,1748.06453738133,576.973693847656,340
2595,1752.22304821633,1748.65953911305,576.973693847656,340
2596,1481.35201524022,1738.02553363158,576.973693847656,340
2597,1735.24272689273,1737.44916126599,576.973693847656,340
2598,1765.4615510956,1738.49834363481,576.973693847656,340
2599,1714.32286957882,1737.23225088032,576.973693847656,340
2600,1766.28514689989,1738.71031480437,576.973693847656,340
2601,1719.38704156731,1737.64630728799,577.40576171875,340
2602,1734.08653753549,1736.85000150789,577.40576171875,340
2603,1594.50044524874,1730.17056522121,577.40576171875,340
2604,1738.42860759378,1729.81959824183,577.40576171875,340
2605,1740.74889485701,1729.14259611071,577.40576171875,340
2606,1728.57888312332,1728.06339242201,577.40576171875,340
2607,1714.6148406184,1726.24735213196,577.40576171875,340
2608,1741.09316710516,1725.56338785426,577.40576171875,340
2609,1724.38634991776,1725.02023938229,576.198913574219,340
2610,1635.05107605398,1720.23378789345,576.198913574219,340
2611,1709.08595123292,1718.83319099338,576.198913574219,340
2612,1745.1593638371,1719.64542169558,576.198913574219,340
2613,1742.5787157471,1719.25166131848,576.198913574219,340
2614,1733.48165110403,1719.16643270627,576.198913574219,340
2615,1741.34969845634,1719.00753419846,576.198913574219,340
2616,1749.81313632542,1718.6767634826,576.198913574219,340
2617,1734.44250601958,1718.26303536115,576.467651367188,340
2618,1725.7964023459,1716.60779228877,576.467651367188,340
2619,1730.97027492429,1715.93763606149,576.467651367188,340
2620,1734.90531518153,1715.2449267401,576.467651367188,340
2621,1720.59772109107,1724.81475497413,576.467651367188,340
2622,1730.34866076653,1724.61899232908,576.467651367188,340
2623,1717.5133902411,1722.7010658949,576.467651367188,340
2624,1697.50223090398,1722.02824034791,576.467651367188,340
2625,1742.84268181748,1721.09054174461,576.399719238281,340
2626,1720.86329617317,1721.14959192885,576.399719238281,340
2627,1682.74883345408,1719.09608376559,576.399719238281,340
2628,1744.81884796013,1725.10881987405,576.399719238281,340
2629,1736.99212632469,1725.05136062328,576.399719238281,340
2630,1740.76601267128,1725.05204533585,576.399719238281,340
2631,1741.97447004464,1725.58786881271,576.399719238281,340
2632,1675.5856120511,1724.02669967001,576.399719238281,340
2633,1745.82245945241,1724.2158713639,576.805358886719,340
2634,1739.86376610154,1724.83496801126,576.805358886719,340
2635,1718.51618574651,1728.17357239896,576.805358886719,340
2636,1497.33670140513,1719.70360240585,576.805358886719,340
2637,1733.51195827572,1719.23770618339,576.805358886719,340
2638,1737.74058573156,1719.04418098277,576.805358886719,340
2639,1726.09616226112,1718.74876142905,576.805358886719,340
2640,1735.2516426282,1718.50483919593,576.805358886719,340
2641,1668.87315068145,1715.26723977017,576.711364746094,340
2642,1746.60764889851,1715.75384548533,576.711364746094,340
2643,1753.81014157899,1716.87439505465,576.711364746094,340
2644,1765.87678541516,1718.27065547428,576.711364746094,340
2645,1713.39877605019,1717.41039390903,576.711364746094,340
2646,1755.99066810542,1718.8261117896,576.711364746094,340
2647,1749.13976482677,1719.57775595201,576.711364746094,340
2648,1732.38375873684,1720.17257069184,576.711364746094,340
2649,1735.17855650698,1721.67962371596,577.106567382812,340
2650,1732.47489590418,1721.26491227943,577.106567382812,340
2651,1683.29787807875,1719.76229555565,577.106567382812,340
2652,1735.73172947742,1721.88161139659,577.106567382812,340
2653,1646.01495862463,1717.92945582317,577.106567382812,340
2654,1708.04610915832,1716.77161513651,577.106567382812,340
2655,1711.29045566618,1715.59259285631,577.106567382812,340
2656,1718.47695812603,1714.65269237956,577.106567382812,340
2657,1684.99557110121,1715.02909074157,577.044677734375,340
2658,1743.85998470789,1714.95059175179,577.044677734375,340
2659,1709.00275423362,1713.71615127707,577.044677734375,340
2660,1694.39567526118,1712.75133085766,577.044677734375,340
2661,1706.96611339319,1721.13650733718,577.044677734375,340
2662,1745.8791417863,1721.6311946776,577.044677734375,340
2663,1734.35238317939,1721.49566657552,577.044677734375,340
2664,1723.14423497409,1721.37758948404,577.044677734375,340
2665,1688.10769602234,1719.4918316198,577.270812988281,340
2666,1721.88459577209,1721.61228942343,577.270812988281,340
2667,1689.5657546995,1719.33061365547,577.270812988281,340
2668,1712.25341403246,1717.66834455361,577.270812988281,340
2669,1712.2080890796,1715.52159670018,577.270812988281,340
2670,1655.13843293193,1713.19118297545,577.270812988281,340
2671,1668.5133251369,1709.69208925671,577.270812988281,340
2672,1718.3251444172,1708.45950444033,577.270812988281,340
2673,1621.24328674583,1704.01388556069,577.264770507812,340
2674,1697.50812913376,1702.50706846576,577.264770507812,340
2675,1705.43130077191,1701.42532466047,577.264770507812,340
2676,1588.00426479874,1697.61358012927,577.264770507812,340
2677,1592.43032666707,1691.88152401685,577.264770507812,340
2678,1711.90482118397,1694.51711851923,577.264770507812,340
2679,1706.43133194458,1694.45252743068,577.264770507812,340
2680,1690.8149342178,1693.63350657274,577.264770507812,340
2681,1745.07565783456,1694.69745456108,575.428649902344,340
2682,1735.51093405189,1696.71806907911,575.428649902344,340
2683,1701.94758236053,1695.04157298522,575.428649902344,340
2684,1715.8503184175,1695.31547555257,575.428649902344,340
2685,1727.09586793014,1696.62348325933,575.428649902344,340
2686,1740.72686525874,1697.97391333395,575.428649902344,340
2687,1718.87736725508,1696.8938423527,575.428649902344,340
2688,1708.8501426676,1695.87375273223,575.428649902344,340
2689,1707.27581908554,1695.23901609669,576.03662109375,340
2690,1714.85981398077,1696.30910081503,576.03662109375,340
2691,1688.67535678215,1694.98073125543,576.03662109375,340
2692,1730.36259356641,1696.61260481011,576.03662109375,340
2693,1725.52347338293,1697.14340718412,576.03662109375,340
2694,1707.39934153729,1696.95105728243,576.03662109375,340
2695,1728.8777274862,1699.9006290646,576.03662109375,340
2696,1716.12249829899,1701.80499599109,576.03662109375,340
2697,1720.42128334498,1701.8888415482,576.159362792969,340
2698,1746.87958515089,1706.9142934844,576.159362792969,340
2699,1725.84053382876,1708.0475896722,576.159362792969,340
2700,1732.05770390097,1709.11264579736,576.159362792969,340
2701,1742.53379760779,1715.29382710972,576.159362792969,340
2702,1707.93762019515,1719.91411885085,576.159362792969,340
2703,1730.37131280161,1720.65277851555,576.159362792969,340
2704,1718.97425351216,1721.15449537826,576.159362792969,340
2705,1733.41693844222,1722.85857554723,576.799133300781,340
2706,1709.70297889161,1721.44366838951,576.799133300781,340
2707,1726.27819239366,1721.07435872319,576.799133300781,340
2708,1701.86108895609,1721.07089898701,576.799133300781,340
2709,1733.72699877877,1721.78596620146,576.799133300781,340
2710,1738.16508994693,1722.22873508213,576.799133300781,340
2711,1733.44105954668,1721.93730285365,576.799133300781,340
2712,1736.01402615763,1722.62276920975,576.799133300781,340
2713,1739.66276311171,1723.85527402751,575.928039550781,340
2714,1698.94272879829,1723.52195041602,575.928039550781,340
2715,1733.16851725589,1724.25429854703,575.928039550781,340
2716,1739.64271506928,1726.29299287852,575.928039550781,340
2717,1727.03925082541,1726.16005916888,575.928039550781,340
2718,1740.22558023773,1726.74814344307,575.928039550781,340
2719,1745.17319980855,1728.25909777392,575.928039550781,340
2720,1748.00443374475,1729.02416602426,575.928039550781,340
2721,1722.97731020818,1729.29835850063,574.997131347656,340
2722,1642.11875603715,1726.16625740831,574.997131347656,340
2723,1755.88479601451,1726.52646584286,574.997131347656,340
2724,1761.5389935741,1727.95440423267,574.997131347656,340
2725,1737.77749610528,1728.18319592085,574.997131347656,340
2726,1758.64176706475,1728.82751469912,574.997131347656,340
2727,1737.05656719637,1729.99227257917,574.997131347656,340
2728,1730.27022904354,1729.98822922885,574.997131347656,340
2729,1746.48226595652,1731.08854972662,574.122192382812,340
2730,1767.71367900332,1732.46041934907,574.122192382812,340
2731,1735.59353933277,1733.49604176671,574.122192382812,340
2732,1723.46901605118,1733.38367471302,574.122192382812,340
2733,1726.68373036134,1734.37658036923,574.122192382812,340
2734,1727.56820280709,1734.13022853036,574.122192382812,340
2735,1767.63891115902,1735.30918137884,574.122192382812,340
2736,1760.80337280498,1736.40367390917,574.122192382812,340
2737,1765.86030384429,1737.59752501664,573.311584472656,340
2738,1761.24262022132,1738.46071930102,573.311584472656,340
2739,1748.54986653602,1740.44500481053,573.311584472656,340
2740,1724.83494069138,1740.11166174795,573.311584472656,340
2741,1771.08650608645,1741.36941338864,573.311584472656,340
2742,1756.13883715856,1742.53339684197,573.311584472656,340
2743,1750.73648619934,1742.95383308043,573.311584472656,340
2744,1740.64364012192,1742.77265069296,573.311584472656,340
2745,1764.10116088209,1743.41651977846,572.232849121094,340
2746,1691.07111294036,1742.14027188774,572.232849121094,340
2747,1770.89309419055,1747.29124541388,572.232849121094,340
2748,1770.09818035357,1747.85978078744,572.232849121094,340
2749,1752.16623556715,1747.48487046717,572.232849121094,340
2750,1765.62559809743,1748.59879454685,572.232849121094,340
2751,1767.07287735218,1748.93603895835,572.232849121094,340
2752,1763.37639999261,1749.9888322702,572.232849121094,340
2753,1764.35159781507,1751.35208702106,571.645751953125,340
2754,1768.46802814618,1752.23151750865,571.645751953125,340
2755,1766.32239702174,1752.17586622938,571.645751953125,340
2756,1769.82245316991,1753.54502278287,571.645751953125,340
2757,1764.77917602103,1755.19742918166,571.645751953125,340
2758,1752.17426151774,1756.21705042792,571.645751953125,340
2759,1701.08182305881,1755.15759523799,571.645751953125,340
2760,1758.47624301475,1754.79108851222,571.645751953125,340
2761,1635.75604253012,1749.78919530122,572.879089355469,340
2762,1762.85841912021,1749.66911991226,572.879089355469,340
2763,1766.07809331026,1749.86253883582,572.879089355469,340
2764,1743.61868804932,1749.66529169635,572.879089355469,340
2765,1782.05869498153,1751.95424186795,572.879089355469,340
2766,1778.51917367193,1752.25154857137,572.879089355469,340
2767,1762.83361273014,1752.51933959424,572.879089355469,340
2768,1755.18464364056,1752.69726589189,572.879089355469,340
2769,1735.18962149443,1752.47910514679,574.699829101562,340
2770,1765.84700865496,1752.5489390577,574.699829101562,340
2771,1748.12047508098,1754.83091354333,574.699829101562,340
2772,1706.64082687991,1752.2608228509,574.699829101562,340
2773,1736.78639551269,1750.92835145727,574.699829101562,340
2774,1742.4834549012,1750.54104023063,574.699829101562,340
2775,1745.12019863797,1749.72082425225,574.699829101562,340
2776,1719.24314572252,1747.80763498706,574.699829101562,340
2777,1737.73318933202,1746.78190656064,574.821899414062,340
2778,1713.14617010417,1744.7336894522,574.821899414062,340
2779,1727.12513696724,1743.07997380505,574.821899414062,340
2780,1745.84843316714,1742.26101525086,574.821899414062,340
2781,1733.15359741331,1740.7942610206,574.821899414062,340
2782,1749.22260851947,1740.17199832054,574.821899414062,340
2783,1736.81457822086,1739.55761098866,574.821899414062,340
2784,1755.43290306971,1741.7316541891,574.821899414062,340
2785,1726.50254726299,1740.45270635903,575.388000488281,340
2786,1716.25069965284,1743.67249264393,575.388000488281,340
2787,1716.1614636973,1741.80461442702,575.388000488281,340
2788,1722.94050909307,1740.07911105833,575.388000488281,340
2789,1757.1406139238,1740.61998809331,575.388000488281,340
2790,1728.78307031109,1738.48896310649,575.388000488281,340
2791,1716.2361858621,1735.9976435941,575.388000488281,340
2792,1745.09614538666,1735.28814490036,575.388000488281,340
2793,1733.32547533731,1734.41377816823,575.29443359375,340
2794,1747.4659372965,1734.90483080031,575.29443359375,340
2795,1740.65505133162,1733.89715250738,575.29443359375,340
2796,1736.91957413815,1733.44911646967,575.29443359375,340
2797,1744.28091629184,1734.95472004614,575.29443359375,340
2798,1725.42562001777,1734.50028902635,575.29443359375,340
2799,1730.32185081081,1734.01382486273,575.29443359375,340
2800,1749.46686830181,1734.18769164928,575.29443359375,340
2801,1760.05625356936,1735.82021596316,575.653991699219,340
2802,1729.5801297546,1735.49409358006,575.653991699219,340
2803,1766.74210627588,1737.63793102693,575.653991699219,340
2804,1731.53079731928,1737.81415744101,575.653991699219,340
2805,1732.29088726868,1737.27185560507,575.653991699219,340
2806,1706.25793189848,1736.19602898448,575.653991699219,340
2807,1764.89906131039,1736.82308709612,575.653991699219,340
2808,1721.0612990574,1736.19295592958,575.653991699219,340
2809,1711.70115213638,1734.44368589224,575.235229492188,340
2810,1726.52774507918,1734.44469380489,575.235229492188,340
2811,1720.17610071506,1734.60170984738,575.235229492188,340
2812,1746.76928727924,1735.82602279066,575.235229492188,340
2813,1739.42167602472,1736.48526946792,575.235229492188,340
2814,1750.61578583727,1736.22427634446,575.235229492188,340
2815,1763.06153300033,1737.59541485203,575.235229492188,340
2816,1763.65546967361,1739.49218620449,575.235229492188,340
2817,1773.03624673813,1740.60979025855,576.04296875,340
2818,1684.25203946614,1738.64685282371,576.04296875,340
2819,1741.54116163924,1738.40986179742,576.04296875,340
2820,1730.91379211386,1738.0202114287,576.04296875,340
2821,1695.65382705527,1736.36958154539,576.04296875,340
2822,1725.48331648929,1735.61767755329,576.04296875,340
2823,1755.38982925639,1736.81624592283,576.04296875,340
2824,1709.73624264615,1735.99282159625,576.04296875,340
2825,1540.51311015145,1727.63467127023,576.404968261719,340
2826,1752.27173567661,1727.32329055452,576.404968261719,340
2827,1687.84155851736,1725.65374770503,576.404968261719,340
2828,1566.3654846293,1717.63868283917,576.404968261719,340
2829,1462.75564207776,1706.88767662951,576.404968261719,340
2830,1692.1424814135,1705.2817403953,576.404968261719,340
2831,1713.54892990337,1705.5733803155,576.404968261719,340
2832,1691.64011862885,1702.64302260823,576.404968261719,340
2833,1707.08520683678,1702.08397891941,576.633178710938,340
2834,1532.75129253942,1694.92598453553,576.633178710938,340
2835,1718.66201202508,1694.61135521337,576.633178710938,340
2836,1619.37964045388,1690.57949680292,576.633178710938,340
2837,1715.80376966395,1689.34087609831,576.633178710938,340
2838,1645.30717433964,1685.5762960309,576.633178710938,340
2839,1695.96036267025,1683.39007910422,576.633178710938,340
2840,1660.57750757118,1679.29071808706,576.633178710938,340
2841,1632.07984507626,1674.02769310316,575.968322753906,340
2842,1678.30878258644,1670.2385945371,575.968322753906,340
2843,1662.57065155323,1669.37133902058,575.968322753906,340
2844,1744.20838328354,1669.47802788635,575.968322753906,340
2845,1475.95563129615,1659.27970145364,575.968322753906,340
2846,1647.9942807199,1657.37331960023,575.968322753906,340
2847,1750.97557382478,1658.39300989365,575.968322753906,340
2848,1723.51468406463,1657.11800408598,575.968322753906,340
2849,1633.62337546157,1654.0734893986,577.311645507812,340
2850,1673.71892856592,1659.40172213517,577.311645507812,340
2851,1648.96178317641,1655.26932403517,577.311645507812,340
2852,1621.34173465503,1652.60933108067,577.311645507812,340
2853,1655.15531861005,1656.1609244399,577.311645507812,340
2854,1702.92059447322,1665.76752253572,577.311645507812,340
2855,1551.26461532954,1660.13240789236,577.311645507812,340
2856,1702.26382775462,1659.68100380641,577.311645507812,340
2857,1617.31652601985,1656.70806010205,577.354553222656,340
2858,1641.57565682836,1654.08767810172,577.354553222656,340
2859,1580.25321031608,1655.98775481278,577.354553222656,340
2860,1638.22235310911,1652.77016845614,577.354553222656,340
2861,1698.04889533317,1655.91693865132,577.354553222656,340
2862,1671.31260752827,1654.13729216589,577.354553222656,340
2863,1625.73065600628,1653.35423143255,577.354553222656,340
2864,1683.97491588445,1652.87481356112,577.354553222656,340
2865,1592.16811613476,1650.13843790366,577.922302246094,340
2866,1585.08104440467,1648.2584858768,577.922302246094,340
2867,1600.45794794605,1645.14445249118,577.922302246094,340
2868,1634.34480730008,1644.01541872106,577.922302246094,340
2869,1688.92085507693,1641.80391759279,577.922302246094,340
2870,1632.16735815496,1648.05238666715,577.922302246094,340
2871,1610.76465952267,1646.56320181926,577.922302246094,340
2872,1650.98594538464,1642.56361668165,577.922302246094,340
2873,1638.04073907575,1639.1446588821,577.619567871094,340
2874,1677.98705695199,1640.91920614171,577.619567871094,340
2875,1678.08416164709,1641.09381546496,577.619567871094,340
2876,1663.20139873251,1641.6634000872,577.619567871094,340
2877,1695.9164958231,1644.64639053393,577.619567871094,340
2878,1693.93735455476,1646.19767197172,577.619567871094,340
2879,1632.12867090409,1643.36599502895,577.619567871094,340
2880,1700.36438483715,1649.32998580925,577.619567871094,340
2881,1642.30122870577,1646.9314818473,577.678527832031,340
2882,1664.56308007763,1648.82134400961,577.678527832031,340
2883,1602.55989892522,1647.26071369349,577.678527832031,340
2884,1682.24016836964,1651.34019201563,577.678527832031,340
2885,1653.82309270184,1651.96422159934,577.678527832031,340
2886,1636.91107177869,1649.51870865716,577.678527832031,340
2887,1685.09353624454,1650.06994580581,577.678527832031,340
2888,1658.04943618421,1651.36269701293,577.678527832031,340
2889,1708.27511699387,1652.3347050573,577.552062988281,340
2890,1652.7958659691,1654.75981505068,577.552062988281,340
2891,1673.94572790052,1658.31440239051,577.552062988281,340
2892,1658.8140365138,1660.64864593322,577.552062988281,340
2893,1691.20740215423,1662.92314972739,577.552062988281,340
2894,1691.17190046045,1663.01319154273,577.552062988281,340
2895,1644.26952339509,1663.49727815233,577.552062988281,340
2896,1692.94119837623,1666.78433970648,577.552062988281,340
2897,1661.04196322778,1667.1865804202,576.656616210938,340
2898,1641.76266201777,1667.33545733788,576.656616210938,340
2899,1687.62268609654,1667.72088250366,576.656616210938,340
2900,1637.96642622799,1666.1161730869,576.656616210938,340
2901,1670.18825253921,1666.39564723917,576.656616210938,340
2902,1616.34769180901,1663.21289507861,576.656616210938,340
2903,1593.44041414875,1659.19301746236,576.656616210938,340
2904,1643.49993124974,1659.64786787619,576.656616210938,340
2905,1687.06323547715,1659.11582190179,575.474487304688,340
2906,1690.67492553125,1661.05076977481,575.474487304688,340
2907,1651.52646521175,1660.52930518017,575.474487304688,340
2908,1659.4622998123,1662.80540121566,575.474487304688,340
2909,1573.12974108134,1658.44098412413,575.474487304688,340
2910,1652.63255724957,1658.39336270603,575.474487304688,340
2911,1652.7260531515,1659.02596196095,575.474487304688,340
2912,1203.93599324385,1639.77966024092,575.474487304688,340
2913,1645.1730259845,1639.26460383293,574.749267578125,340
2914,1681.41619169815,1638.1902468211,574.749267578125,340
2915,1686.45881811901,1639.5367649071,574.749267578125,340
2916,1516.51415445351,1633.23950196922,574.749267578125,340
2917,1494.55273290145,1626.66904982472,574.749267578125,340
2918,1627.82277611958,1624.13366478334,574.749267578125,340
2919,1711.21965494717,1624.93557496281,574.749267578125,340
2920,1569.66997570453,1621.95159305518,574.749267578125,340
2921,1669.33169754559,1621.00721302196,572.492126464844,340
2922,1664.00637015371,1621.125789299,572.492126464844,340
2923,1650.93076538173,1621.49251343355,572.492126464844,340
2924,1643.98260179382,1619.74691006145,572.492126464844,340
2925,1683.13263196671,1621.55355829099,572.492126464844,340
2926,1667.69686658789,1621.45390285294,572.492126464844,340
2927,1703.71208394268,1624.94847853829,572.492126464844,340
2928,1568.17767337945,1623.93796890752,572.492126464844,340
2929,1656.50380183471,1624.45812373092,570.757995605469,340
2930,1646.62887347823,1622.84074925096,570.757995605469,340
2931,1619.70408632322,1620.00191568264,570.757995605469,340
2932,1657.6906512297,1620.24848312336,570.757995605469,340
2933,1642.26822203615,1619.56072001231,570.757995605469,340
2934,1612.16268557094,1621.12203779189,570.757995605469,340
2935,1645.35811687866,1620.83106017706,570.757995605469,340
2936,1579.85061675819,1617.91604272132,570.757995605469,340
2937,1663.93761194156,1636.31610746923,569.439636230469,340
2938,1646.11827980834,1636.35391762219,569.439636230469,340
2939,1668.78637768359,1635.8487250616,569.439636230469,340
2940,1530.78549125489,1629.62179198704,569.439636230469,340
2941,1682.91273924684,1636.27773537877,569.439636230469,340
2942,1665.40799229644,1643.11194575457,569.439636230469,340
2943,1687.24217962323,1645.48872189472,569.439636230469,340
2944,1614.11561086387,1641.60456013139,569.439636230469,340
2945,1474.51222494416,1637.79825010097,568.8173828125,340
2946,1690.125209882,1638.62999059443,568.8173828125,340
2947,1626.27540552826,1637.12075200941,568.8173828125,340
2948,1628.24417877257,1636.21328854504,568.8173828125,340
2949,1399.85818299165,1626.44831179296,568.8173828125,340
2950,1590.31514181065,1622.73561218671,568.8173828125,340
2951,1494.20501554033,1615.79593814481,568.8173828125,340
2952,1602.75263621744,1611.7575602358,568.8173828125,340
2953,1586.38970981368,1612.48604169317,566.477172851562,340
2954,1559.3513925733,1608.59994532271,566.477172851562,340
2955,1655.5099545348,1608.95518856498,566.477172851562,340
2956,1677.51020522918,1611.26743332122,566.477172851562,340
2957,1638.74980076521,1610.50979930264,566.477172851562,340
2958,1642.90113593627,1610.53511585864,566.477172851562,340
2959,1685.79888378812,1613.48056378733,566.477172851562,340
2960,1560.0181527783,1610.06696522331,566.477172851562,340
2961,1593.68117599753,1610.62018759289,565.715148925781,340
2962,1607.20612682673,1608.3509281883,565.715148925781,340
2963,1513.93091933875,1603.06343376951,565.715148925781,340
2964,1654.37266554516,1602.48688528397,565.715148925781,340
2965,1647.75534028096,1607.16567924502,565.715148925781,340
2966,1650.99858030963,1605.88911288753,565.715148925781,340
2967,1684.83772674967,1606.66630226566,565.715148925781,340
2968,1700.16046976932,1607.1830338715,565.715148925781,340
2969,1689.20324811646,1610.1865393616,566.037658691406,340
2970,1632.8750905737,1616.52105398679,566.037658691406,340
2971,1564.64226811325,1611.50173631604,566.037658691406,340
2972,1667.39943726431,1613.14669758548,566.037658691406,340
2973,1668.38261238744,1614.75223493007,566.037658691406,340
2974,1676.82536597372,1625.83092224936,566.037658691406,340
2975,1576.28797584308,1625.26983561065,566.037658691406,340
2976,1617.12031354859,1630.18644753098,566.037658691406,340
2977,1634.44489418307,1631.45413784961,565.051086425781,340
2978,1656.05690806634,1634.24082577972,565.051086425781,340
2979,1556.91235743703,1634.14326437427,565.051086425781,340
2980,1644.05182604891,1633.68493923483,565.051086425781,340
2981,1653.95617697396,1632.74277810462,565.051086425781,340
2982,1641.32950069131,1632.84596610166,565.051086425781,340
2983,1560.31031637322,1629.54233331914,565.051086425781,340
2984,1620.96084730232,1626.94881185971,565.051086425781,340
2985,1607.59981773928,1628.85207845815,561.458862304688,340
2986,1632.3842324736,1630.40020071719,561.458862304688,340
2987,1660.17373858336,1632.51890518746,561.458862304688,340
2988,1658.08872994702,1638.28521761179,561.458862304688,340
2989,1623.15795075222,1637.03662902007,561.458862304688,340
2990,1614.78707022573,1635.71789821786,561.458862304688,340
2991,1618.39612071171,1634.41379983394,561.458862304688,340
2992,1656.67786969813,1633.28740555188,561.458862304688,340
2993,1646.73740144955,1631.15048281909,562.459655761719,340
2994,1640.90276623036,1629.21846354365,562.459655761719,340
2995,1675.1589317063,1630.90981718895,562.459655761719,340
2996,1593.93672427041,1632.08159543524,562.459655761719,340
2997,1610.79347064804,1629.81735677059,562.459655761719,340
2998,1609.61894093413,1627.46680991246,562.459655761719,340
2999,1671.39242902853,1627.24949243465,562.459655761719,340
3000,1607.7097956081,1628.50636522525,562.459655761719,340
