episode,reward,avg_reward,q0,steps
1,183.223652412345,183.223652412345,1.27053808682831e-05,340
2,20.747418413612,101.985535412978,1.27053808682831e-05,340
3,94.099957015443,99.3570092804666,1.27053808682831e-05,340
4,-278.712374822593,4.83966325470175,1.27053808682831e-05,340
5,-754.077794139921,-146.943828224223,1.27053808682831e-05,340
6,67.6666296382339,-111.17541858048,1.27053808682831e-05,340
7,-494.489986405737,-165.934642555517,1.27053808682831e-05,340
8,875.724594973242,-35.7272378644219,1.27053808682831e-05,340
9,864.201914718364,64.2648902003321,-2.26234531402588,340
10,-472.738707536988,10.5645304266,-2.26234531402588,340
11,-521.802632303193,-37.8324843670175,-2.26234531402588,340
12,315.658052015841,-8.374939668446,-2.26234531402588,340
13,-351.57852505333,-34.7752154672832,-2.26234531402588,340
14,-762.678192383834,-86.7682852470369,-2.26234531402588,340
15,206.520606253947,-67.2156924803047,-2.26234531402588,340
16,-502.151856899316,-94.3992027564929,-2.26234531402588,340
17,-388.066084967959,-111.67372523952,25.588171005249,340
18,183.508077490886,-95.2747361989422,25.588171005249,340
19,554.471467719185,-61.0775675716723,25.588171005249,340
20,25.2943269517581,-56.7589728455008,25.588171005249,340
21,293.984543164028,-40.0569006545708,25.588171005249,315
22,-241.05463739173,-49.1931614153508,25.588171005249,340
23,-12.8511197103085,-47.6130726455663,25.588171005249,137
24,-105.863243885755,-50.0401631139075,25.588171005249,340
25,1206.37998327236,0.216642741543319,78.949089050293,340
26,59.127326362893,-4.74721030043475,78.949089050293,340
27,12.1588643155389,-5.09075246435767,78.949089050293,340
28,381.927335027307,6.42234265611689,78.949089050293,340
29,-73.1559344662242,14.6446002703716,78.949089050293,340
30,878.047134202125,79.9295974040535,78.949089050293,340
31,473.591742537879,96.1666019200393,78.949089050293,340
32,-235.095430364484,106.542384161689,78.949089050293,340
33,410.807895626428,87.9457161878168,156.512710571289,340
34,98.9992392160891,57.3376091677258,156.512710571289,340
35,1031.85013962479,117.521163054197,156.512710571289,340
36,228.793784781732,147.545019737594,156.512710571289,340
37,88.6286160553549,138.463842299175,156.512710571289,340
38,898.809874379343,188.479378276481,156.512710571289,340
39,109.689236793455,223.374075443573,156.512710571289,340
40,977.573230994882,254.21618043321,156.512710571289,340
41,556.830284245865,296.575466079018,251.839508056641,340
42,919.638946527875,348.883667338851,251.839508056641,340
43,1250.59747604821,391.567243281144,251.839508056641,340
44,375.132386480798,384.393680031609,251.839508056641,340
45,777.713930549059,414.490464175501,251.839508056641,340
46,146.72582601888,408.600115489695,251.839508056641,340
47,-131.140597059879,412.996677102969,251.839508056641,340
48,637.455715071049,439.008950494223,251.839508056641,340
49,436.873709071996,460.718428612533,334.269134521484,340
50,23.1828931579165,413.390545007955,334.269134521484,340
51,1865.91421650982,485.662020613832,334.269134521484,340
52,378.975745374996,500.33469585621,334.269134521484,340
53,137.574889295423,490.560598026935,334.269134521484,340
54,100.759596570972,497.517219268423,334.269134521484,340
55,1286.53618081103,513.856781132779,334.269134521484,340
56,703.434871809445,523.050506303642,334.269134521484,340
57,125.024096914786,537.455287394812,389.281799316406,314
58,572.644571795851,543.928754441589,389.281799316406,306
59,739.495234980121,569.548594272151,389.281799316406,340
60,1573.37653970363,591.209650275304,389.281799316406,340
61,311.454801389515,594.516090939616,389.281799316406,326
62,452.238924677194,609.060503284489,389.281799316406,340
63,989.504849223681,612.688302278263,389.281799316406,340
64,562.292317220105,630.792425495329,389.281799316406,305
65,895.323706438317,627.502444513066,480.328552246094,301
66,1395.77031171335,661.060045611766,480.328552246094,340
67,1057.24055884822,666.564110104579,480.328552246094,325
68,126.357891311335,621.594526715104,480.328552246094,291
69,454.104607137707,624.75341554138,480.328552246094,340
70,435.575377823372,611.067873432353,480.328552246094,283
71,992.180135194154,644.886045799364,480.328552246094,274
72,1373.23260789527,705.06097399757,480.328552246094,272
73,1126.33525556236,724.616155617222,569.99072265625,340
74,568.625329051683,729.88622041641,569.99072265625,340
75,1350.38252467327,782.974205677024,569.99072265625,306
76,270.67328736433,719.164568511204,569.99072265625,340
77,640.068096167816,729.608262542917,569.99072265625,340
78,950.050067821908,762.107269683976,569.99072265625,288
79,1469.20819237761,816.845213516242,569.99072265625,340
80,808.518965999102,797.724524923765,569.99072265625,328
81,937.839669915119,807.100716847992,637.525695800781,338
82,1476.77357471709,861.170695960084,637.525695800781,340
83,453.158406977195,856.391249367338,637.525695800781,340
84,943.159584773746,864.537823359083,637.525695800781,340
85,1260.15632089909,852.009014606901,637.525695800781,340
86,1353.66233769032,893.697316058934,637.525695800781,340
87,1362.68382378062,930.115112023071,637.525695800781,270
88,996.566859789774,930.397592445714,637.525695800781,302
89,1121.72465542931,952.774885974083,731.086303710938,274
90,986.375365035302,956.416952317962,731.086303710938,340
91,1724.8265721134,969.579202733963,731.086303710938,340
92,895.469735932149,963.108369817321,731.086303710938,340
93,1407.0870563007,1014.3375364169,731.086303710938,265
94,1333.24537245589,1049.50316702962,731.086303710938,340
95,912.384308233447,1068.57552424603,731.086303710938,304
96,1457.5536320369,1087.19046411974,731.086303710938,283
97,1401.56380392418,1088.32371196089,827.3935546875,263
98,1112.15620803721,1087.75655005989,827.3935546875,296
99,1259.26596088122,1115.38217533307,827.3935546875,244
100,1065.94578195517,1104.00470562434,827.3935546875,340
101,1333.2343326714,1146.50714743663,827.3935546875,247
102,1079.49846583806,1164.08436222344,827.3935546875,265
103,918.570198690745,1162.82516745819,827.3935546875,266
104,1362.03003125498,1158.53804101328,827.3935546875,233
105,1074.69425694528,1169.18505265113,900.585754394531,340
106,995.079784820846,1171.47465724736,900.585754394531,250
107,1191.31847358253,1160.05645320198,900.585754394531,340
108,922.740620411677,1178.83974173936,900.585754394531,314
109,602.920882330599,1165.23019364163,900.585754394531,331
110,1400.3930586804,1170.83966315288,900.585754394531,340
111,1100.23204410121,1160.70245140932,900.585754394531,340
112,447.440878082087,1124.09273358138,900.585754394531,272
113,1244.5863416866,1134.01351285725,911.012756347656,296
114,3013.43918557444,1209.68209406306,911.012756347656,340
115,1197.49543836414,1218.12689699621,911.012756347656,272
116,1029.87014901946,1190.32864007245,911.012756347656,340
117,1462.4005723059,1213.0058735274,911.012756347656,340
118,1078.0016360815,1199.84245671864,911.012756347656,340
119,1837.96964247323,1220.03142751933,911.012756347656,340
120,470.828796526954,1202.36920705107,911.012756347656,312
121,1333.90090425916,1197.42309793996,911.294677734375,340
122,1017.11902154654,1182.04530664485,911.294677734375,298
123,1292.96158759501,1189.27752182717,911.294677734375,340
124,1096.45759529798,1182.76518720384,911.294677734375,340
125,928.016309093165,1177.24800828936,911.294677734375,335
126,1245.20673772001,1173.7269044913,911.294677734375,340
127,1143.52219991446,1176.28785385436,911.294677734375,318
128,881.848255102997,1174.81897611085,911.294677734375,340
129,1574.26207293173,1183.30825777792,960.197998046875,340
130,937.929885358001,1177.83768291443,960.197998046875,340
131,1621.09321980781,1202.8782203139,960.197998046875,340
132,3335.51590221931,1288.64611745937,960.197998046875,340
133,3030.52798979963,1372.95761223489,960.197998046875,340
134,1497.51619805126,1408.74142486372,960.197998046875,340
135,1611.19067042422,1417.17332933347,960.197998046875,340
136,1307.46320051725,1425.46257559011,960.197998046875,340
137,1444.23628467586,1465.33439185386,991.788696289062,340
138,3299.33580823673,1547.52437051587,991.788696289062,340
139,2361.33729406777,1521.4402948556,991.788696289062,340
140,3295.39429803878,1605.35624924259,991.788696289062,340
141,2049.88404979575,1646.15680527364,991.788696289062,340
142,2455.58909095839,1685.88434601974,991.788696289062,340
143,2955.96059048257,1761.00270419578,991.788696289062,340
144,1457.37469192765,1745.77890617396,991.788696289062,340
145,3171.08887400447,1853.78930927306,1031.64697265625,340
146,3274.89108999116,1931.42891670234,1031.64697265625,340
147,2800.84365847317,2002.77790217941,1031.64697265625,340
148,2903.78990815012,2067.21103500161,1031.64697265625,340
149,2873.48652028327,2138.29219200102,1031.64697265625,340
150,3409.12162808369,2237.53640476064,1031.64697265625,340
151,2773.95829315559,2298.68646697807,1031.64697265625,340
152,2238.58190871377,2342.48885533004,1031.64697265625,340
153,1443.53232616601,2364.95621817256,1095.56860351562,340
154,2335.93003298316,2395.42293657462,1095.56860351562,340
155,2313.10265204952,2450.42984724228,1095.56860351562,340
156,3028.99508112505,2506.74592169497,1095.56860351562,340
157,1526.96848281049,2434.40402491861,1095.56860351562,340
158,2810.25772961085,2425.59321451106,1095.56860351562,340
159,2816.14868229244,2478.33851388071,1095.56860351562,340
160,2171.95668787147,2500.7691545786,1095.56860351562,340
161,3265.8287399946,2579.10377615769,1171.32946777344,340
162,2809.52818833114,2633.7154523039,1171.32946777344,340
163,2893.26658097998,2617.47268321363,1171.32946777344,340
164,2207.55120746599,2611.32123974956,1171.32946777344,340
165,3255.27610232287,2609.71651192093,1171.32946777344,340
166,3216.08850560459,2656.36469015328,1171.32946777344,340
167,2694.41339661445,2665.91766237952,1171.32946777344,340
168,2646.40358872748,2653.53538230932,1171.32946777344,340
169,3064.6805197565,2717.82761542247,1237.16979980469,340
170,3561.61565626952,2733.44868671308,1237.16979980469,340
171,3611.36911296843,2746.90780763217,1237.16979980469,340
172,3552.63046637568,2776.97927994827,1237.16979980469,340
173,3399.37028210063,2796.80249490629,1237.16979980469,340
174,3508.21945781737,2822.19181240765,1237.16979980469,340
175,2210.03218005858,2774.22823448665,1237.16979980469,340
176,3629.37527297175,2808.44491367929,1237.16979980469,340
177,2658.90402176116,2825.25779820119,1293.52612304688,340
178,2755.24445834058,2877.72628348817,1293.52612304688,340
179,2646.00885544281,2890.12943638656,1293.52612304688,340
180,3315.49297830168,2930.22504943664,1293.52612304688,340
181,3457.92636106021,2947.38230063405,1293.52612304688,340
182,2774.00853504558,2997.26390272345,1293.52612304688,340
183,3276.29707914931,3015.90547670499,1293.52612304688,340
184,2673.95305477933,3010.21765160447,1293.52612304688,340
185,2722.67734221741,3032.2464777783,1379.27368164062,340
186,3101.38677367154,3025.66879912538,1379.27368164062,340
187,2946.00229516152,3031.1277633986,1379.27368164062,340
188,3153.92221779399,3041.55398887116,1379.27368164062,340
189,3356.55886386193,3087.51429512699,1379.27368164062,340
190,3687.53960222066,3104.80483512291,1379.27368164062,340
191,3214.45072188611,3104.73932377417,1379.27368164062,340
192,3043.30734550805,3118.69508172991,1379.27368164062,340
193,4163.11632093623,3179.36359101826,1440.34851074219,340
194,2994.05015682527,3176.53837650101,1440.34851074219,340
195,3178.42052422135,3161.21057121909,1440.34851074219,340
196,3173.53910397551,3143.69737085937,1440.34851074219,340
197,3111.32571976764,3126.04518099505,1440.34851074219,340
198,3190.257967801,3117.68068842306,1440.34851074219,340
199,2902.76537586263,3093.46252514487,1440.34851074219,340
200,3001.08737781961,3125.10473305531,1440.34851074219,340
201,4407.5237820014,3156.2306734165,1504.98010253906,340
202,2970.56678278317,3168.69718385738,1504.98010253906,340
203,3884.10963599852,3213.8517909637,1504.98010253906,340
204,3215.19759274087,3236.61934045562,1504.98010253906,340
205,3331.27922826268,3237.25079045406,1504.98010253906,340
206,2985.06684244082,3218.33640970928,1504.98010253906,340
207,2697.10166967459,3215.26013509445,1504.98010253906,340
208,4417.42325329892,3260.90518206043,1504.98010253906,340
209,5243.2930249452,3363.67878086706,1553.916015625,340
210,5211.93796500969,3463.24920577876,1553.916015625,340
211,3672.34032931514,3486.0873480045,1553.916015625,340
212,4719.6050146952,3557.03145678585,1553.916015625,340
213,5005.95918767056,3631.11293558091,1553.916015625,340
214,4988.26068803232,3696.38100854773,1553.916015625,340
215,3933.7399949994,3706.22902425887,1553.916015625,340
216,4573.92710229345,3760.60807947517,1553.916015625,340
217,4888.9330310237,3834.43310689579,1576.63024902344,340
218,4888.21683711995,3863.43712754314,1576.63024902344,340
219,3476.51709820199,3882.73580519821,1576.63024902344,340
220,3912.76338101145,3912.10951946982,1576.63024902344,340
221,4585.6192120282,3968.59272379192,1576.63024902344,340
222,5093.49584748291,4047.87952890053,1576.63024902344,340
223,5102.43203968312,4124.36649177582,1576.63024902344,340
224,4440.21523543871,4185.86448615886,1576.63024902344,340
225,4143.26652776797,4231.5516521568,1591.70788574219,340
226,4963.04183590295,4253.77237431286,1591.70788574219,340
227,4348.10660930178,4308.8739673736,1591.70788574219,340
228,5226.0799329985,4362.5527792536,1591.70788574219,340
229,4567.57384294485,4416.64782926176,1591.70788574219,340
230,4535.54654237735,4464.81852182635,1591.70788574219,340
231,4917.94386004287,4542.13360253043,1591.70788574219,340
232,4870.97657099539,4629.08859858326,1591.70788574219,340
233,5046.1789862459,4654.23882790114,1617.24731445312,340
234,5622.95582740718,4669.42533999962,1617.24731445312,340
235,4852.79446901008,4655.05960015964,1617.24731445312,340
236,5270.44286889986,4718.98370174303,1617.24731445312,340
237,4979.85630208878,4729.39375323877,1617.24731445312,340
238,4393.23015037076,4704.88459174678,1617.24731445312,340
239,4315.52127310717,4677.97501514977,1617.24731445312,340
240,4484.93024885793,4700.02262530411,1617.24731445312,340
241,5338.42307897465,4730.60246437136,1625.58190917969,340
242,5131.86291352863,4740.31965967156,1625.58190917969,340
243,4905.01523866669,4740.99159573343,1625.58190917969,340
244,4501.642727408,4781.99662090167,1625.58190917969,340
245,4410.57565261912,4801.90911176597,1625.58190917969,340
246,5403.05867143978,4834.60669014244,1625.58190917969,340
247,4024.57180142332,4791.84972830005,1625.58190917969,340
248,5246.1001496905,4797.59645270035,1625.58190917969,340
249,5269.32185629401,4830.76071753456,1653.10803222656,340
250,5084.98095267872,4868.42929453099,1653.10803222656,340
251,5690.72395633359,4897.53657934822,1653.10803222656,340
252,4822.81164786354,4916.52478089069,1653.10803222656,340
253,5553.92636587409,4929.63863820571,1653.10803222656,340
254,5660.45854720192,4973.35402637599,1653.10803222656,340
255,5618.27190929966,5016.66304105289,1653.10803222656,340
256,5392.38408335552,5035.64064998539,1653.10803222656,340
257,5783.46441448985,5072.14016372517,1673.48937988281,340
258,5471.40145077614,5089.14906230638,1673.48937988281,340
259,5640.52759087009,5089.8519328449,1673.48937988281,340
260,5556.54636773134,5118.00200879375,1673.48937988281,340
261,5074.00552507215,5110.14451504064,1673.48937988281,340
262,5345.67456494838,5124.77724555502,1673.48937988281,340
263,5185.56734647748,5156.47073339929,1673.48937988281,340
264,5607.45955418748,5208.1482646425,1673.48937988281,340
265,4220.72602147933,5197.58009554736,1695.26489257812,340
266,5987.83456425232,5223.55655495847,1695.26489257812,340
267,5663.58283783189,5244.8253519306,1695.26489257812,340
268,5447.9316462645,5266.54200823451,1695.26489257812,340
269,4357.66790675317,5260.78301540832,1695.26489257812,340
270,5294.14700335278,5296.12586943766,1695.26489257812,340
271,5564.06672623566,5302.5661916295,1695.26489257812,340
272,5275.57725558792,5352.60640979608,1695.26489257812,340
273,5653.29814217909,5368.89432949562,1715.13024902344,340
274,5694.15572315415,5385.88768417003,1715.13024902344,340
275,4572.13153573466,5365.37370749227,1715.13024902344,340
276,5321.12082892289,5350.58958239584,1715.13024902344,340
277,5946.77420499327,5395.54808468103,1715.13024902344,340
278,5510.74207688854,5393.82071312161,1715.13024902344,340
279,5578.17261574912,5390.5292758635,1715.13024902344,340
280,5492.29188177611,5385.49007476255,1715.13024902344,340
281,4953.05993848704,5367.91710896781,1745.9384765625,340
282,5635.7738227753,5362.00948529923,1745.9384765625,340
283,5409.47881878936,5359.53258001976,1745.9384765625,340
284,5472.78667684946,5352.82294345894,1745.9384765625,340
285,5445.59249552021,5348.38478857049,1745.9384765625,340
286,5940.85941765315,5383.05894427373,1745.9384765625,340
287,5662.21826628966,5395.72069232738,1745.9384765625,340
288,4827.04497137508,5381.37979732329,1745.9384765625,340
289,5392.18986024294,5372.76900956551,1761.26159667969,340
290,5695.265696905,5431.75059658253,1761.26159667969,340
291,4705.8709068666,5380.4720502871,1761.26159667969,340
292,4363.07602786896,5328.45177788859,1761.26159667969,340
293,5602.19631541176,5334.62236465448,1761.26159667969,340
294,5185.23500948711,5367.72504876383,1761.26159667969,340
295,5054.12510192268,5358.12417270663,1761.26159667969,340
296,4210.71800591382,5303.99022389376,1761.26159667969,340
297,5948.34489179551,5330.90092934206,1763.12768554688,340
298,5787.67109104075,5336.27584729653,1763.12768554688,340
299,5609.79161196699,5332.90128284904,1763.12768554688,340
300,5963.311463126,5388.54847994469,1763.12768554688,340
301,6127.29882033475,5420.79559960117,1763.12768554688,340
302,5726.90730921383,5412.00092376999,1763.12768554688,340
303,5333.37308636076,5404.90616414888,1763.12768554688,340
304,5502.25027679878,5401.86927059086,1763.12768554688,340
305,5721.819809833,5411.05038771314,1773.92529296875,340
306,4485.95974601394,5392.36638001422,1773.92529296875,340
307,5416.80961018755,5383.6078115107,1773.92529296875,340
308,5647.77952828747,5393.13983989063,1773.92529296875,340
309,5724.53406475515,5403.20973540686,1773.92529296875,340
310,5587.47703982443,5408.88511717903,1773.92529296875,340
311,5660.38516509799,5397.66614707682,1773.92529296875,340
312,5009.5263894622,5371.55847200372,1773.92529296875,340
313,5313.98588683588,5391.03610862215,1780.88500976562,340
314,5517.23470440151,5396.0379023885,1780.88500976562,340
315,5270.02585624889,5379.02830876225,1780.88500976562,340
316,5842.08484978865,5424.47686647913,1780.88500976562,340
317,5178.57615005418,5457.09687136654,1780.88500976562,340
318,5818.08112555906,5465.73226377244,1780.88500976562,340
319,4832.19758390984,5451.61076674935,1780.88500976562,340
320,5359.78398497478,5463.83712207143,1780.88500976562,340
321,5863.38974014169,5529.94399144054,1800.43957519531,340
322,5433.24670645423,5509.34006402689,1800.43957519531,340
323,5455.81090795201,5496.06565670334,1800.43957519531,340
324,5536.0687012842,5493.11674027603,1800.43957519531,340
325,5647.57975239669,5480.48747184686,1800.43957519531,340
326,5494.24454723285,5455.16530092278,1800.43957519531,340
327,5426.1651823837,5443.13561584958,1800.43957519531,340
328,5857.35952206845,5464.09507327788,1800.43957519531,340
329,5714.27273183066,5472.57597147916,1817.38220214844,340
330,5918.59785938463,5480.44709346123,1817.38220214844,340
331,5618.44388750648,5525.74645912093,1817.38220214844,340
332,5252.47921749847,5519.17324341336,1817.38220214844,340
333,5462.02303123393,5511.74298353122,1817.38220214844,340
334,5058.83537667247,5485.11503600791,1817.38220214844,340
335,5490.76940881975,5481.24673076773,1817.38220214844,340
336,5559.54037969568,5477.21293935163,1817.38220214844,340
337,5435.12370187389,5494.2368318481,1825.93713378906,340
338,5646.74247164702,5507.54709524055,1825.93713378906,340
339,5751.34880824556,5516.91165939431,1825.93713378906,340
340,5681.21177786121,5533.3590962588,1825.93713378906,340
341,5737.70297970945,5529.18382145563,1825.93713378906,340
342,5914.44128855701,5558.61842699575,1825.93713378906,340
343,5303.30870497935,5538.02753017256,1825.93713378906,340
344,5284.42792573959,5556.11674384575,1825.93713378906,340
345,5723.09783223014,5570.64929773596,1842.18176269531,340
346,5296.31353459652,5547.96624951416,1842.18176269531,340
347,6101.25972075176,5574.68677008606,1842.18176269531,340
348,6012.15194160035,5596.94041143199,1842.18176269531,340
349,6204.24401109691,5623.6674238245,1842.18176269531,340
350,5518.81817898348,5618.51696088797,1842.18176269531,340
351,5843.36457599408,5632.48176203842,1842.18176269531,340
352,5981.12923077674,5654.68032397414,1842.18176269531,340
353,5408.55762371872,5636.72824804015,1846.82153320312,340
354,5803.48501018077,5640.29673917416,1846.82153320312,340
355,5840.39406410765,5637.16858736308,1846.82153320312,340
356,5469.28732684948,5631.2023249368,1846.82153320312,340
357,6305.64944832039,5673.32913416968,1846.82153320312,340
358,5066.6167422955,5657.51288261214,1846.82153320312,340
359,6030.7345471565,5696.3888494315,1846.82153320312,340
360,6088.07521294166,5720.28108159638,1846.82153320312,340
361,6168.25815824792,5744.62979273847,1868.0458984375,340
362,6330.28499593879,5780.43624450106,1868.0458984375,340
363,6227.84547464338,5803.68036462092,1868.0458984375,340
364,5420.24123265597,5790.43606159733,1868.0458984375,340
365,5918.75907423756,5799.93795345239,1868.0458984375,340
366,5603.42762032027,5794.56693907682,1868.0458984375,340
367,5277.88909859293,5769.10485147826,1868.0458984375,340
368,4863.94923018714,5751.53047248657,1868.0458984375,340
369,4579.82550224072,5723.34637554661,1887.92211914062,340
370,5784.17921192733,5725.7896307345,1887.92211914062,340
371,5121.29817916991,5718.78901651744,1887.92211914062,340
372,5808.24481383179,5707.06842024064,1887.92211914062,340
373,6341.83257346506,5720.25564551523,1887.92211914062,340
374,5898.61709230989,5708.03056876375,1887.92211914062,340
375,5881.84506411293,5722.55164416892,1887.92211914062,340
376,5618.63852777188,5713.56260224003,1887.92211914062,340
377,6514.33621095961,5734.89088144735,1918.01770019531,340
378,5914.31680481539,5755.12124869122,1918.01770019531,340
379,6337.65063036573,5776.48787349862,1918.01770019531,340
380,6435.31984599984,5800.2849047743,1918.01770019531,340
381,6542.78177458573,5843.22468268375,1918.01770019531,340
382,6311.81751797833,5843.47140547007,1918.01770019531,340
383,6202.79892918946,5888.91869294583,1918.01770019531,340
384,6439.98012167816,5905.2885159267,1918.01770019531,340
385,6546.05021776597,5923.60751611967,1925.19689941406,340
386,6329.38163740559,5930.05245528598,1925.19689941406,340
387,6216.34265262896,5925.49476155358,1925.19689941406,340
388,5783.5666118953,5907.72360704366,1925.19689941406,340
389,6185.93151236703,5938.3512182321,1925.19689941406,340
390,6429.89248797807,5958.79655478172,1925.19689941406,340
391,6155.7699404156,5980.89024758553,1925.19689941406,340
392,6305.15446276596,6021.98086215246,1925.19689941406,340
393,6618.26778675341,6092.15360441511,1926.21008300781,340
394,6527.35015817593,6170.05459065251,1926.21008300781,340
395,6451.98314078193,6196.7667478067,1926.21008300781,340
396,6532.40096270977,6253.21085914829,1926.21008300781,340
397,5488.74423166806,6240.43083586174,1926.21008300781,340
398,6729.17121944313,6255.92438170087,1926.21008300781,340
399,5842.16876928392,6253.66644877983,1926.21008300781,340
400,6499.46305281102,6278.37116832775,1926.21008300781,340
401,6120.1490600519,6298.43158961895,1931.29187011719,340
402,6161.29372532225,6284.30989019346,1931.29187011719,340
403,6468.11099674715,6306.46165787073,1931.29187011719,340
404,6344.28409620706,6306.72699650438,1931.29187011719,340
405,6590.61912959315,6312.93896784811,1931.29187011719,340
406,6254.85621327224,6301.42194539557,1931.29187011719,340
407,6456.25448651603,6307.19942413708,1931.29187011719,340
408,6465.64614307163,6317.71331269237,1931.29187011719,340
409,6635.7196641488,6325.54289439119,1938.29235839844,340
410,6541.64508791254,6325.36668919706,1938.29235839844,340
411,6136.14942551034,6317.63740072125,1938.29235839844,340
412,6317.14215912411,6321.66938098105,1938.29235839844,340
413,6093.33312269526,6334.06004141305,1938.29235839844,340
414,6412.29770108134,6343.11468896162,1938.29235839844,340
415,6497.2748787803,6345.80998459371,1938.29235839844,340
416,6644.61009551497,6365.36359079769,1938.29235839844,340
417,6290.39390170356,6364.77316835519,1944.39758300781,340
418,6441.50849597465,6357.70279672404,1944.39758300781,340
419,6593.60081095112,6360.35282283505,1944.39758300781,340
420,6064.90800662693,6344.86981746885,1944.39758300781,340
421,5800.71130038954,6315.60223097604,1944.39758300781,340
422,6510.51752942277,6356.47316288623,1944.39758300781,340
423,6245.10924568976,6337.11068393609,1944.39758300781,340
424,6331.55202351131,6356.68601410519,1944.39758300781,340
425,5752.44247647775,6326.80519105186,1957.64733886719,340
426,5280.71467536429,6293.22781566435,1957.64733886719,340
427,6478.35939437064,6305.91044242629,1957.64733886719,340
428,6391.53307710962,6302.84732564079,1957.64733886719,340
429,6151.42360971931,6295.13290618128,1957.64733886719,340
430,6158.16106038718,6277.83458341304,1957.64733886719,340
431,6321.71683814157,6280.50900840781,1957.64733886719,340
432,6288.50884748939,6273.79918284675,1957.64733886719,340
433,5762.65228853305,6245.6794286652,1978.63854980469,340
434,5800.36119346079,6212.26508983768,1978.63854980469,340
435,5651.6360433239,6176.66472805414,1978.63854980469,340
436,5859.04423336393,6165.58052036828,1978.63854980469,340
437,5877.65274891892,6148.00094396007,1978.63854980469,340
438,6205.80624446286,6152.49986883078,1978.63854980469,340
439,5955.64788849849,6134.23387632746,1978.63854980469,340
440,6091.42468437785,6117.99986855137,1978.63854980469,340
441,5554.12198598905,6074.38034417033,2001.95532226562,340
442,5993.5916294499,6062.50825328018,2001.95532226562,340
443,5646.50431973674,6030.70808623067,2001.95532226562,340
444,6384.36555293623,6022.33867591007,2001.95532226562,340
445,6142.25571079639,6025.43258407685,2001.95532226562,340
446,5341.7897850908,6007.0757234649,2001.95532226562,340
447,6197.93471081895,5994.57241072075,2001.95532226562,340
448,5866.79166409468,5979.43970745694,2001.95532226562,340
449,6167.79370571409,5972.88937474505,2011.10412597656,340
450,6070.97459480679,5985.63065947822,2011.10412597656,340
451,5962.54980270226,6012.90406457174,2011.10412597656,340
452,5621.57926853595,5978.63285953835,2011.10412597656,340
453,5931.16384354709,5960.21809019585,2011.10412597656,340
454,6006.73733335279,5954.43063914119,2011.10412597656,340
455,6082.00935624298,5951.38457097542,2011.10412597656,340
456,5821.77538849945,5931.38691298973,2011.10412597656,340
457,5403.81628680602,5895.9992105624,2012.75732421875,340
458,4950.70831662636,5863.52145168613,2012.75732421875,340
459,4685.60787909437,5818.93131911147,2012.75732421875,340
460,4846.56779557221,5786.72858920141,2012.75732421875,340
461,5933.31234257425,5789.69931356982,2012.75732421875,340
462,4933.24574028963,5751.92303322465,2012.75732421875,340
463,5987.7600403367,5743.2011850596,2012.75732421875,340
464,5288.62616290818,5716.52031603599,2012.75732421875,340
465,5869.00027916334,5707.62333982741,2031.11120605469,340
466,4200.46449288214,5653.47704010313,2031.11120605469,340
467,5729.719291882,5642.92214660041,2031.11120605469,340
468,6369.05271320142,5671.824082339,2031.11120605469,340
469,5932.64069117341,5653.75508786849,2031.11120605469,340
470,5956.36802729203,5646.31958052831,2031.11120605469,340
471,5504.84900917152,5652.84194949154,2031.11120605469,340
472,5619.3444159555,5629.69833769701,2031.11120605469,340
473,5079.55444011481,5598.20884873781,2040.26586914062,340
474,5315.97453382432,5564.13608186222,2040.26586914062,340
475,5406.62451467846,5537.56207865709,2040.26586914062,340
476,6304.37377745269,5551.23503764711,2040.26586914062,340
477,5696.61766412678,5554.23657347074,2040.26586914062,340
478,5490.13541615384,5536.59543637501,2040.26586914062,340
479,5521.82107316569,5517.19878596752,2040.26586914062,340
480,5700.20681050887,5501.92668413816,2040.26586914062,340
481,5249.73749451204,5479.04516837866,2054.33276367188,340
482,5871.3302873823,5497.74572840171,2054.33276367188,340
483,5667.9823321463,5526.43668902251,2054.33276367188,340
484,5898.56497961905,5574.9549730435,2054.33276367188,340
485,5247.35038684046,5590.98627669423,2054.33276367188,340
486,5704.46834196443,5581.83251666984,2054.33276367188,340
487,5824.90624393369,5617.4989368156,2054.33276367188,340
488,6128.68267838428,5623.1358423375,2054.33276367188,340
489,5946.21089108534,5649.43923146459,2057.36743164062,340
490,6310.70202744827,5667.10730139598,2057.36743164062,340
491,6114.32864421237,5743.66186744919,2057.36743164062,340
492,5895.20325793749,5750.28122609141,2057.36743164062,340
493,5201.3595591118,5703.57349992783,2057.36743164062,340
494,6240.8857929599,5715.90330399929,2057.36743164062,340
495,4988.60291431846,5677.19269948035,2057.36743164062,340
496,6072.65964002252,5699.90512471439,2057.36743164062,340
497,5784.14576954085,5706.4971788578,2058.74267578125,340
498,4158.7598509145,5669.66539528979,2058.74267578125,340
499,4388.29998754833,5632.55841343875,2058.74267578125,340
500,6063.37020463212,5658.82824103689,2058.74267578125,340
501,5945.21908016366,5644.46205314533,2058.74267578125,340
502,5515.88534617399,5637.23276042722,2058.74267578125,340
503,5554.80964233768,5639.81972947457,2058.74267578125,340
504,6051.15363950246,5660.99303212804,2058.74267578125,340
505,5902.94991655294,5669.10275636981,2049.33764648438,340
506,6025.52210912832,5700.13414095446,2049.33764648438,340
507,6354.23604321268,5719.45037118768,2049.33764648438,340
508,5088.78263330459,5696.28238323401,2049.33764648438,340
509,5448.27497300551,5678.27078296946,2049.33764648438,340
510,6044.66319728208,5710.16329538713,2049.33764648438,340
511,5565.75887278468,5704.61491661994,2049.33764648438,340
512,5607.71799938717,5695.92738683808,2049.33764648438,340
513,5006.18339074241,5651.0274153324,2038.18176269531,340
514,5856.02599331202,5647.42001942147,2038.18176269531,340
515,6097.62130335239,5638.89679045764,2038.18176269531,340
516,6469.67828514834,5653.11077609508,2038.18176269531,340
517,5565.81555304613,5639.93526789942,2038.18176269531,340
518,5421.19282413599,5648.72859850039,2038.18176269531,340
519,5846.30750471198,5632.94546697047,2038.18176269531,340
520,5859.2593747916,5667.7717253894,2038.18176269531,340
521,4688.15591819225,5612.39157651619,2029.48193359375,340
522,5541.96464977426,5602.70433172552,2029.48193359375,340
523,6145.53071675991,5682.17516635934,2029.48193359375,340
524,5389.40934605841,5722.21954069974,2029.48193359375,340
525,4401.36618054662,5655.73937973632,2029.48193359375,340
526,5156.17941806047,5624.1777932522,2029.48193359375,340
527,6107.24253294265,5647.83208072294,2029.48193359375,340
528,6009.02097153685,5666.00053389091,2029.48193359375,340
529,5972.79097468146,5662.86602729807,2012.20397949219,340
530,5992.90970447276,5666.46441881486,2012.20397949219,340
531,6543.32707939678,5687.1766176256,2012.20397949219,340
532,5719.30271014181,5661.77928430276,2012.20397949219,340
533,6148.22744219007,5704.15707665818,2012.20397949219,340
534,6250.71461639344,5736.2546623937,2012.20397949219,340
535,6309.70069872139,5746.85616245127,2012.20397949219,340
536,5645.67798264799,5750.05292684581,2012.20397949219,340
537,6398.9014384947,5781.70026441011,1997.54858398438,340
538,5888.29106936653,5816.98457155507,1997.54858398438,340
539,5396.37300866508,5798.59845216919,1997.54858398438,340
540,4890.94958090398,5750.33158327126,1997.54858398438,340
541,6169.05289265422,5738.30656757149,1997.54858398438,340
542,6341.84069929959,5769.34757342163,1997.54858398438,340
543,6043.27712109078,5794.23094529982,1997.54858398438,340
544,5713.23216740399,5788.9079318075,1997.54858398438,340
545,6506.7406397248,5814.80718240483,1983.40502929688,340
546,5642.2122031243,5852.96943380211,1983.40502929688,340
547,5406.4789008143,5847.55000384371,1983.40502929688,340
548,5543.89778993692,5823.48468677079,1983.40502929688,340
549,5764.47651873672,5838.48737367793,1983.40502929688,340
550,5939.84411703277,5900.02649113737,1983.40502929688,340
551,5368.74426161447,5908.52908487953,1983.40502929688,340
552,5208.80532141794,5872.59159641854,1983.40502929688,340
553,6680.62297305443,5899.45567647925,1974.46057128906,340
554,6178.16431542224,5907.67061010888,1974.46057128906,340
555,5672.2768045303,5894.84529411118,1974.46057128906,340
556,6172.68041318613,5880.01942746276,1974.46057128906,340
557,6486.31746945257,5910.70001783519,1974.46057128906,340
558,5848.63715527479,5898.71640635857,1974.46057128906,340
559,6539.60350672602,5910.27196197188,1974.46057128906,340
560,6655.64730274386,5924.10982613278,1974.46057128906,340
561,5810.36523745819,5930.69731632519,1962.93737792969,340
562,6263.02475223736,5925.26224887489,1962.93737792969,340
563,4785.39107536492,5881.14624911483,1962.93737792969,340
564,5269.8254613661,5876.08434722287,1962.93737792969,340
565,6497.88025167817,5940.36157405383,1962.93737792969,340
566,6021.68205026351,5934.46674035821,1962.93737792969,340
567,6512.17905317256,5941.28027451312,1962.93737792969,340
568,6066.37169395443,5942.20405742767,1962.93737792969,340
569,6392.11157066149,5969.35923355797,1939.154296875,340
570,6341.27142699309,5962.7404650487,1939.154296875,340
571,5072.28142763787,5939.94323402924,1939.154296875,340
572,6436.20020788296,5981.13208631199,1939.154296875,340
573,5937.83117420849,5996.88942168285,1939.154296875,340
574,6260.63354156243,6016.73570259588,1939.154296875,340
575,6195.02249581731,6026.94283774726,1939.154296875,340
576,6340.98965947102,6065.83265366153,1939.154296875,340
577,6304.77522676287,6109.67144987532,1922.24768066406,340
578,6102.7739269183,6086.55748802988,1922.24768066406,340
579,5990.8695273926,6079.06569650869,1922.24768066406,340
580,5996.0591058064,6092.01698855974,1922.24768066406,340
581,6610.61706286306,6109.53445454682,1922.24768066406,340
582,6542.34837593773,6111.77569080622,1922.24768066406,340
583,5998.15580482552,6117.75643678825,1922.24768066406,340
584,6492.91376337892,6115.88884705437,1922.24768066406,340
585,6517.70744424258,6110.37125271432,1906.52575683594,340
586,6212.27718864802,6126.44773076191,1906.52575683594,340
587,6365.82124720374,6130.55959056056,1906.52575683594,340
588,6383.69879297625,6194.49189926502,1906.52575683594,340
589,6527.94580540748,6244.81671302667,1906.52575683594,340
590,6298.53132608893,6236.8427560031,1906.52575683594,340
591,6481.080740767,6255.21870362324,1906.52575683594,340
592,6313.97698736379,6247.29062099089,1906.52575683594,340
593,6440.02908448474,6262.2369166121,1906.97998046875,340
594,6184.45980864573,6253.93084613147,1906.97998046875,340
595,6439.77399535255,6257.87094886585,1906.97998046875,340
596,6367.03063974364,6309.66091735008,1906.97998046875,340
597,6527.90802038786,6313.32922985028,1906.97998046875,340
598,5537.31038500888,6297.30839828229,1906.97998046875,340
599,6579.68180027077,6310.07032863063,1906.97998046875,340
600,6330.82874955998,6315.50257878033,1906.97998046875,340
601,6046.32088691039,6303.71582787791,1919.04833984375,340
602,6152.12312765147,6297.60974391345,1919.04833984375,340
603,6129.17945904032,6298.66596519833,1919.04833984375,340
604,6401.06458543133,6315.07376751988,1919.04833984375,340
605,6302.30549709635,6327.32362317148,1919.04833984375,340
606,6385.08933986276,6318.30251425147,1919.04833984375,340
607,6554.97584398025,6318.80761297317,1919.04833984375,340
608,5945.50972299507,6316.70176969995,1919.04833984375,340
609,5885.11007865641,6292.38962231105,1931.79016113281,340
610,5288.84263299976,6243.23502986134,1931.79016113281,340
611,6645.12523258069,6260.54895161864,1931.79016113281,340
612,6471.8509170784,6264.79013841363,1931.79016113281,340
613,6703.31610724306,6277.5748309843,1931.79016113281,340
614,6061.67122978597,6258.92384795944,1931.79016113281,340
615,6222.83650451094,6255.89605509632,1931.79016113281,340
616,6004.59278969009,6236.83653705325,1931.79016113281,340
617,5816.23751441677,6216.92695813537,1957.70397949219,340
618,6461.37041266572,6217.78061126261,1957.70397949219,340
619,6304.80123075323,6222.59426814691,1957.70397949219,340
620,5915.23622235308,6201.61275722693,1957.70397949219,340
621,6252.06008181608,6197.01393490982,1957.70397949219,340
622,6444.87619545561,6193.69266191253,1957.70397949219,340
623,5709.74575519076,6200.59007671981,1957.70397949219,340
624,6490.92345287793,6197.0397428241,1957.70397949219,340
625,6603.9089996514,6207.96295282775,1971.39208984375,340
626,6131.67295935143,6211.37703572539,1971.39208984375,340
627,6303.13214728705,6217.41739651082,1971.39208984375,340
628,6392.21775804999,6227.93892847121,1971.39208984375,340
629,6449.27573271401,6229.86737436251,1971.39208984375,340
630,5815.39385925646,6210.39090884892,1971.39208984375,340
631,6012.34463511665,6195.48112065907,1971.39208984375,340
632,6609.39876824202,6197.65803762954,1971.39208984375,340
633,6451.2689023856,6217.88840480516,1991.62377929688,340
634,5105.05231014711,6186.68609406479,1991.62377929688,340
635,6323.92952582505,6228.0895697778,1991.62377929688,340
636,6612.80585805478,6226.79679479677,1991.62377929688,340
637,6252.95876617274,6218.04110876054,1991.62377929688,340
638,6292.24126608084,6201.59811511405,1991.62377929688,340
639,6397.59586579804,6215.03510055454,1991.62377929688,340
640,6595.83809063133,6229.95516399935,1991.62377929688,340
641,6410.00469060372,6246.1716400359,2009.14306640625,340
642,6413.76456993689,6270.0727222567,2009.14306640625,340
643,6309.57446050231,6264.00088417016,2009.14306640625,340
644,5839.36386500198,6245.38338954011,2009.14306640625,340
645,5950.76677470192,6246.80461163407,2009.14306640625,340
646,6289.75915329679,6248.3125744933,2009.14306640625,340
647,6260.98350437904,6240.95686685023,2009.14306640625,340
648,6337.00778063319,6266.04734786793,2009.14306640625,340
649,6414.50236664425,6262.99050441858,2022.42199707031,340
650,6335.99255447727,6252.27384661162,2022.42199707031,340
651,6490.25404876024,6266.61709018797,2022.42199707031,340
652,6352.19238495861,6268.57949969483,2022.42199707031,340
653,6114.78212016983,6257.48207417963,2022.42199707031,340
654,6140.89623395187,6245.14689422914,2022.42199707031,340
655,6152.2838906962,6258.62249548673,2022.42199707031,340
656,6725.09221008105,6287.13239848531,2022.42199707031,340
657,6537.61755283088,6284.26114986886,2018.92419433594,340
658,6191.71776744152,6273.8791044711,2018.92419433594,340
659,6096.50368696286,6313.53715954373,2018.92419433594,340
660,6497.42178419121,6320.47684987837,2018.92419433594,340
661,6771.13873356887,6326.81016489894,2018.92419433594,340
662,6423.87507412452,6333.64681721701,2018.92419433594,340
663,6164.71682798246,6328.54583969307,2018.92419433594,340
664,6346.25150763378,6326.4920653665,2018.92419433594,340
665,6467.34079222075,6321.35217343008,2031.01550292969,340
666,6673.86093315404,6331.90642313209,2031.01550292969,340
667,6366.73273759166,6330.02514983828,2031.01550292969,340
668,6546.43921866483,6339.49974016479,2031.01550292969,340
669,6382.67622763883,6361.23223467026,2031.01550292969,340
670,6439.11788494287,6380.7662790799,2031.01550292969,340
671,6400.08167718223,6385.17918003531,2031.01550292969,340
672,6536.19666865098,6396.18770660619,2031.01550292969,340
673,6573.933180167,6405.66472258755,2036.96801757812,340
674,6519.82105524612,6409.87747013162,2036.96801757812,340
675,6434.49956326076,6413.81775048296,2036.96801757812,340
676,6332.6732189934,6407.51451729229,2036.96801757812,340
677,6368.12169193098,6408.15168957118,2036.96801757812,340
678,5432.73928209823,6380.86997604832,2036.96801757812,340
679,6514.84098386399,6395.8277660448,2036.96801757812,340
680,6281.77646505576,6401.00746901918,2036.96801757812,340
681,6025.61957023344,6373.02856342528,2038.22900390625,340
682,6229.79634356595,6360.71571505468,2038.22900390625,340
683,6371.20372973109,6367.89515354626,2038.22900390625,340
684,6179.35433916287,6371.20917963426,2038.22900390625,340
685,6461.00335426472,6369.7524424372,2038.22900390625,340
686,6134.06988122102,6344.26968834329,2038.22900390625,340
687,6371.0644599781,6342.15726377743,2038.22900390625,340
688,6146.57716482215,6341.43167725102,2038.22900390625,340
689,6312.75621170691,6340.09186541395,2041.8017578125,340
690,5924.73766774604,6318.38774043496,2041.8017578125,340
691,6000.97286923291,6291.47221787811,2041.8017578125,340
692,6199.45055371843,6284.78093052318,2041.8017578125,340
693,5958.84674977152,6261.27723176745,2041.8017578125,340
694,6035.43716346671,6247.38766920057,2041.8017578125,340
695,6298.79317023291,6241.77468061217,2041.8017578125,340
696,5886.49837150111,6221.23134838492,2041.8017578125,340
697,6287.65901019528,6211.28984204669,2032.55163574219,340
698,5998.59822065231,6188.27644366611,2032.55163574219,340
699,6416.08119060144,6184.12684908032,2032.55163574219,340
700,6190.32790560657,6174.35998277415,2032.55163574219,340
701,5564.93215285328,6143.65034012855,2032.55163574219,340
702,6055.93923435047,6131.16304182533,2032.55163574219,340
703,5881.46276040607,6149.11198095764,2032.55163574219,340
704,6284.44916447,6139.89630818188,2032.55163574219,340
705,5054.57750325943,6090.80834971003,2021.65576171875,340
706,6250.69309194585,6099.81129057852,2021.65576171875,340
707,6219.65398173199,6099.40559610517,2021.65576171875,340
708,5511.88501571078,6065.03284754435,2021.65576171875,340
709,6011.57942711422,6058.32185106241,2021.65576171875,340
710,5904.75657181043,6036.07197976424,2021.65576171875,340
711,6208.15999354795,6039.03558425731,2021.65576171875,340
712,5633.69388967183,6009.54076144506,2021.65576171875,340
713,6347.96655850125,6017.59633719223,2027.82104492188,340
714,6262.30006941015,6015.57809150036,2027.82104492188,340
715,5212.1574974229,5987.07488468743,2027.82104492188,340
716,6163.77313060452,5993.5868951423,2027.82104492188,340
717,5026.19908533394,5946.65683640692,2027.82104492188,340
718,6012.2636504139,5948.79351243261,2027.82104492188,340
719,6564.64904024864,5969.96198750389,2027.82104492188,340
720,6094.77978622414,5961.80145214354,2027.82104492188,340
721,6533.00075866952,5987.66154763027,2025.70043945312,340
722,6475.94118973405,5995.19283481183,2025.70043945312,340
723,6406.51444839821,6011.50948392166,2025.70043945312,340
724,6642.61826524025,6020.57096690721,2025.70043945312,340
725,6363.02005133676,6027.47865273642,2025.70043945312,340
726,6559.13469412835,6067.24675438742,2025.70043945312,340
727,5850.37173031109,6059.02405422585,2025.70043945312,340
728,5422.99525609442,6040.68535405338,2025.70043945312,340
729,6445.32400052192,6047.12034749546,2018.98974609375,340
730,6430.60609681012,6102.16149123749,2018.98974609375,340
731,5474.71908888034,6071.12253111487,2018.98974609375,340
732,6709.10945930419,6090.70075021776,2018.98974609375,340
733,6455.20221963295,6128.43343837464,2018.98974609375,340
734,5987.4207337334,6127.46709063941,2018.98974609375,340
735,6478.41882055674,6150.41358058926,2018.98974609375,340
736,6484.50580351445,6161.46741298792,2018.98974609375,340
737,6560.39293251894,6198.53537470181,2016.93530273438,340
738,6394.88584645945,6200.41214622013,2016.93530273438,340
739,6349.34169276823,6203.89381115446,2016.93530273438,340
740,6364.42045805292,6249.98432957966,2016.93530273438,340
741,6440.77602836805,6261.0644454902,2016.93530273438,340
742,6572.31296755483,6322.90900077903,2016.93530273438,340
743,6519.36882130289,6343.19320761459,2016.93530273438,340
744,6481.32684957727,6339.86031998774,2016.93530273438,340
745,6606.24934072992,6360.31910216797,2015.18469238281,340
746,6439.38335941431,6356.57440619776,2015.18469238281,340
747,6354.22171625267,6351.70562725851,2015.18469238281,340
748,6568.66207937003,6358.19153249738,2015.18469238281,340
749,6513.02711911507,6353.00788665237,2015.18469238281,340
750,6641.22105884129,6364.13592695255,2015.18469238281,340
751,6496.75699993958,6361.640819185,2015.18469238281,340
752,6597.11594058022,6391.51058759577,2015.18469238281,340
753,6657.36278547196,6440.88528877087,2006.09936523438,340
754,6429.35138744316,6440.24638424772,2006.09936523438,340
755,6484.71464881494,6442.41072632791,2006.09936523438,340
756,6400.3112572369,6479.43441306217,2006.09936523438,340
757,6515.78715382419,6471.70152084297,2006.09936523438,340
758,6358.09476408321,6467.81722262098,2006.09936523438,340
759,6318.09217830105,6481.04408040369,2006.09936523438,340
760,6258.56274896602,6472.24983754006,2006.09936523438,340
761,5900.83195528529,6448.9028836109,1997.33959960938,340
762,6369.217244847,6441.25585610402,1997.33959960938,340
763,6381.90549512686,6440.73664205072,1997.33959960938,340
764,6128.48959069532,6431.9025579678,1997.33959960938,340
765,6436.62754251018,6434.79084134609,1997.33959960938,340
766,5798.04495304228,6409.08159833306,1997.33959960938,340
767,6343.5663709973,6399.93173447076,1997.33959960938,340
768,6133.03663673275,6384.47844708795,1997.33959960938,340
769,6672.20740944915,6392.11366948283,1993.24426269531,340
770,6523.69132695676,6388.8113489319,1993.24426269531,340
771,6387.51406901574,6386.73657731596,1993.24426269531,340
772,6371.21576674398,6387.41633933561,1993.24426269531,340
773,5851.07490403908,6358.71285232237,1993.24426269531,340
774,6406.98851306391,6354.47130808033,1993.24426269531,340
775,6420.0206297874,6345.62329091817,1993.24426269531,340
776,6382.37616020306,6341.04805732871,1993.24426269531,340
777,5856.21748445382,6311.41211908365,1995.41625976562,340
778,6489.00477506065,6304.6777986672,1995.41625976562,340
779,5838.20258925016,6281.03184673948,1995.41625976562,340
780,6558.61999116678,6283.98806043355,1995.41625976562,340
781,6552.81833087831,6290.08834337921,1995.41625976562,340
782,6601.92858306514,6293.53400054885,1995.41625976562,340
783,6287.83573196847,6290.72363926426,1995.41625976562,340
784,6539.10198899634,6299.56403169207,1995.41625976562,340
785,6607.32722165221,6313.51461059952,1997.97680664062,340
786,5890.45611883563,6313.09957714153,1997.97680664062,340
787,6566.19011386686,6320.97849190233,1997.97680664062,340
788,5656.60165914167,6291.96633846292,1997.97680664062,340
789,6742.44632652393,6316.52460789606,1997.97680664062,340
790,6347.89426850074,6312.97527693569,1997.97680664062,340
791,6423.90149020663,6338.00953842226,1997.97680664062,340
792,6367.80251592272,6338.97898421928,1997.97680664062,340
793,6530.39172976202,6354.87318794045,2001.6513671875,340
794,6529.88228206009,6349.18018284488,2001.6513671875,340
795,6467.61626531886,6346.93718037937,2001.6513671875,340
796,6570.85775183555,6354.27092769216,2001.6513671875,340
797,6578.89261661241,6362.5780016869,2001.6513671875,340
798,6670.22266455014,6395.34391210734,2001.6513671875,340
799,6297.847291191,6390.97826323242,2001.6513671875,340
800,6281.49706419643,6385.43732060879,2001.6513671875,340
801,6600.08379889719,6394.14562615655,1991.48913574219,340
802,6628.86485787123,6425.05152109325,1991.48913574219,340
803,6534.17080938352,6426.85816246616,1991.48913574219,340
804,6524.93974722703,6454.32764878524,1991.48913574219,340
805,5586.84915093566,6415.45681517599,1991.48913574219,340
806,6603.4903719456,6417.48369681868,1991.48913574219,340
807,6450.60759665955,6411.43085736246,1991.48913574219,340
808,6530.84752692009,6421.15132916053,1991.48913574219,340
809,6546.9756659226,6421.46627623757,1990.99279785156,340
810,6255.31041316717,6407.38560389817,1990.99279785156,340
811,6487.54181194847,6431.26903162269,1990.99279785156,340
812,6466.43527290625,6427.27883798426,1990.99279785156,340
813,6470.95690278278,6459.85304772991,1990.99279785156,340
814,6506.50945240666,6450.41557276522,1990.99279785156,340
815,6379.56020412243,6451.68221019008,1990.99279785156,340
816,6544.44668426433,6456.50401795239,1990.99279785156,340
817,6497.21936974644,6461.68069210534,1996.21911621094,340
818,6657.04886331596,6466.7469774475,1996.21911621094,340
819,6472.05140983355,6464.43374255844,1996.21911621094,340
820,6454.07869622552,6463.8922397947,1996.21911621094,340
821,6360.55939734546,6455.4803056151,1996.21911621094,340
822,6351.4229626711,6446.38151945745,1996.21911621094,340
823,6707.76671490211,6447.88328147152,1996.21911621094,340
824,6551.24360025069,6458.01913383391,1996.21911621094,340
825,6631.14268438365,6472.0049586414,1999.98193359375,340
826,6604.34046491456,6472.1752252821,1999.98193359375,340
827,6123.40373196626,6451.9567802459,1999.98193359375,340
828,6540.48673297364,6452.2094171895,1999.98193359375,340
829,6669.4025641868,6457.98792986789,1999.98193359375,340
830,6549.79690604283,6496.50584007218,1999.98193359375,340
831,6017.64098579022,6473.07186462596,1999.98193359375,340
832,6567.54693761428,6477.74943826415,1999.98193359375,340
833,6618.68548018627,6481.2629563948,1996.96398925781,340
834,6392.37604852188,6475.07897169877,1996.96398925781,340
835,6463.33742778453,6483.40005228347,1996.96398925781,340
836,5833.74697931081,6457.24825897796,1996.96398925781,340
837,6513.00655931343,6459.11111043425,1996.96398925781,340
838,6483.36286579626,6459.60734895479,1996.96398925781,340
839,6455.36714129524,6457.56165651033,1996.96398925781,340
840,6390.21751756592,6457.98794904807,1996.96398925781,340
841,6603.01386588508,6460.3306363129,2008.32263183594,340
842,6455.01146267305,6458.64232002996,2008.32263183594,340
843,6725.89748384874,6461.39626485127,2008.32263183594,340
844,6610.66149282835,6466.94066817107,2008.32263183594,340
845,6574.35077325622,6471.75155125229,2008.32263183594,340
846,6334.84885880288,6470.72312971059,2008.32263183594,340
847,6635.81646009593,6482.09886960758,2008.32263183594,340
848,6643.90071845429,6479.54422974967,2008.32263183594,340
849,6388.28341625351,6473.02582238978,2005.97790527344,340
850,6519.05201066198,6468.54219544092,2005.97790527344,340
851,6539.80418868706,6465.96074439182,2005.97790527344,340
852,6231.85884894615,6470.29894907101,2005.97790527344,340
853,6621.55152071789,6473.54154058078,2005.97790527344,340
854,6570.44650182757,6469.58329808641,2005.97790527344,340
855,6518.94990180655,6468.34941791696,2005.97790527344,340
856,6537.97899082709,6489.16293811844,2005.97790527344,340
857,6583.63360180525,6489.80640468608,2002.65930175781,340
858,6635.01356775492,6490.45952818882,2002.65930175781,340
859,6675.06217702189,6501.76697332882,2002.65930175781,340
860,6576.54946101663,6506.29545465811,2002.65930175781,340
861,6679.48147450391,6540.12483446583,2002.65930175781,340
862,6560.99521962097,6542.04438087813,2002.65930175781,340
863,6660.24170518575,6549.11953445371,2002.65930175781,340
864,6554.54641501889,6553.08670540266,2002.65930175781,340
865,6591.70858758256,6561.14634820332,2000.30993652344,340
866,6651.83583296992,6563.09922688672,2000.30993652344,340
867,6571.8344287593,6567.77214553017,2000.30993652344,340
868,6644.37609953543,6564.51129015763,2000.30993652344,340
869,6580.09750184959,6563.28873051848,2000.30993652344,340
870,6611.89507960268,6564.79050277234,2000.30993652344,340
871,6550.62368944318,6573.42149599795,2000.30993652344,340
872,6669.20613455334,6574.75708297625,2000.30993652344,340
873,6668.92164370824,6575.75791998641,2005.85766601562,340
874,6623.93464220436,6585.18396902444,2005.85766601562,340
875,6669.55394939095,6591.2040465736,2005.85766601562,340
876,6478.9844245792,6588.77125600929,2005.85766601562,340
877,6692.13538351343,6607.18231739198,2005.85766601562,340
878,6682.71927417789,6609.62902753038,2005.85766601562,340
879,6675.11909963543,6613.81593144269,2005.85766601562,340
880,6620.8150689867,6617.8905381299,2005.85766601562,340
881,6725.51613216292,6625.39202378333,2004.22937011719,340
882,6660.32190033324,6628.45955572445,2004.22937011719,340
883,6600.70119376647,6627.08706076491,2004.22937011719,340
884,6637.44528728356,6625.58238517538,2004.22937011719,340
885,6595.13180059017,6626.32567875832,2004.22937011719,340
886,6725.39095785833,6628.1620580925,2004.22937011719,340
887,6392.42933291164,6621.41942262413,2004.22937011719,340
888,6511.25230627813,6615.45984666782,2004.22937011719,340
889,6631.64345402236,6618.54372822796,2001.01110839844,340
890,6562.01713280547,6617.35607003688,2001.01110839844,340
891,6566.12716898605,6613.92772347752,2001.01110839844,340
892,6483.84608278288,6610.40818963847,2001.01110839844,340
893,6699.35115439199,6612.60719183273,2001.01110839844,340
894,6691.1418692417,6617.04896652841,2001.01110839844,340
895,6507.91741415787,6612.88985991062,2001.01110839844,340
896,6332.96515331558,6604.18351846552,2001.01110839844,340
897,6725.26460772014,6606.42585739219,2006.96594238281,340
898,6512.31581750117,6600.1616243439,2006.96594238281,340
899,6439.18545547143,6592.77165687459,2006.96594238281,340
900,6723.34094275319,6594.92313660908,2006.96594238281,340
901,6343.89952112508,6589.51974047091,2006.96594238281,340
902,6701.39772667391,6589.89023419733,2006.96594238281,340
903,6230.95778091001,6571.81977446662,2006.96594238281,340
904,6427.28584914031,6561.90644444681,2006.96594238281,340
905,6636.42513767826,6562.53084719448,2007.5751953125,340
906,6692.71018296683,6561.21860922663,2007.5751953125,340
907,6561.09496850767,6557.24953195361,2007.5751953125,340
908,6664.61883756091,6559.80623770539,2007.5751953125,340
909,6618.79057778011,6559.06004932525,2007.5751953125,340
910,6656.5042774039,6561.5149483978,2007.5751953125,340
911,6667.35837720589,6559.1936451717,2007.5751953125,340
912,6433.78512338469,6560.84787679062,2007.5751953125,340
913,6621.41665516719,6565.25445074618,2013.73083496094,340
914,6614.89383050094,6564.58446580533,2013.73083496094,340
915,6262.55785664924,6552.60609475908,2013.73083496094,340
916,6591.06116648706,6553.60345465912,2013.73083496094,340
917,6629.7636848818,6559.44015874307,2013.73083496094,340
918,6455.80167172448,6549.69817943637,2013.73083496094,340
919,5585.66529877535,6505.47911661772,2013.73083496094,340
920,6689.12559029649,6512.72744366327,2013.73083496094,340
921,6610.83814552148,6523.8423633515,2014.89050292969,340
922,6704.39166488825,6523.00744563823,2014.89050292969,340
923,6488.62550279166,6522.05983304985,2014.89050292969,340
924,6690.01982244478,6532.09320772878,2014.89050292969,340
925,6632.32419390556,6528.45253777487,2014.89050292969,340
926,6714.55582007209,6543.27878973276,2014.89050292969,340
927,6441.11179210269,6532.86735234991,2014.89050292969,340
928,6701.17699748324,6551.67612101284,2014.89050292969,340
929,6632.26954000056,6559.87546864724,2015.61901855469,340
930,6444.19225871337,6552.18615348865,2015.61901855469,340
931,6424.6678495683,6541.46446015271,2015.61901855469,340
932,6579.56759628111,6542.20336526365,2015.61901855469,340
933,6621.45136314116,6540.47666628686,2015.61901855469,340
934,6682.53850254007,6543.02658327725,2015.61901855469,340
935,6361.80984790775,6531.23880609741,2015.61901855469,340
936,6650.38746834772,6530.55996974308,2015.61901855469,340
937,6545.43542189934,6535.02598168367,2009.33081054688,340
938,6638.77654987065,6535.72037747181,2009.33081054688,340
939,6533.8914850806,6532.48028365499,2009.33081054688,340
940,6494.37972920821,6541.75315855735,2009.33081054688,340
941,6635.201693244,6543.51877962763,2009.33081054688,340
942,6416.23531535186,6534.97764484643,2009.33081054688,340
943,6657.38971579253,6543.04116660915,2009.33081054688,340
944,6574.25594445063,6582.58479243616,2009.33081054688,340
945,6600.4156548743,6579.03639501928,2011.88403320312,340
946,6732.35686134954,6583.8971436524,2011.88403320312,340
947,6672.96853448376,6582.64021843622,2011.88403320312,340
948,6610.64660421071,6587.52106249298,2011.88403320312,340
949,6695.59527490846,6587.74408059153,2011.88403320312,340
950,6521.98413895664,6583.33047839357,2011.88403320312,340
951,6714.91149396011,6583.34470534909,2011.88403320312,340
952,6447.47052627079,6583.59905471582,2011.88403320312,340
953,6618.52975664939,6580.29316508246,2017.16516113281,340
954,6708.33337142196,6583.33571833932,2017.16516113281,340
955,6486.89095298158,6585.04366611005,2017.16516113281,340
956,6704.74673070126,6596.24682135536,2017.16516113281,340
957,6615.69886015959,6597.6920719105,2017.16516113281,340
958,6648.84002290712,6598.78761830114,2017.16516113281,340
959,6626.74791575095,6596.55599482958,2017.16516113281,340
960,6587.82589843631,6605.59663685072,2017.16516113281,340
961,6223.1040831935,6588.50530144455,2019.4697265625,340
962,6653.0842077997,6592.81125288056,2019.4697265625,340
963,6366.12624407592,6581.90524064878,2019.4697265625,340
964,6661.25780194722,6586.99989332344,2019.4697265625,340
965,6668.5108944004,6593.96513993113,2019.4697265625,340
966,6614.53725977888,6593.13856259252,2019.4697265625,340
967,6618.25980188427,6601.21954205382,2019.4697265625,340
968,6705.052138909,6603.12603897848,2019.4697265625,340
969,6488.5773507795,6599.69889523163,2020.44702148438,340
970,6577.90403819729,6598.79843056455,2020.44702148438,340
971,6674.37572649534,6596.47918517038,2020.44702148438,340
972,6645.55232800298,6595.38253691115,2020.44702148438,340
973,6607.20695273267,6595.24495085203,2020.44702148438,340
974,6680.35349034705,6594.63527946957,2020.44702148438,340
975,6756.78893053285,6604.02747113262,2020.44702148438,340
976,6654.06683597391,6601.59368481318,2020.44702148438,340
977,6347.07423253686,6597.57783306382,2021.39367675781,340
978,6618.00113503331,6597.55668819917,2021.39367675781,340
979,6686.75931330057,6596.69372587432,2021.39367675781,340
980,6608.41379089728,6601.55463939095,2021.39367675781,340
981,6367.61618721666,6588.06941765156,2021.39367675781,340
982,6491.54592939304,6583.1033004209,2021.39367675781,340
983,6673.98938551878,6584.10927492537,2021.39367675781,340
984,6621.8354311743,6583.9127755423,2021.39367675781,340
985,6367.50444707839,6575.09991748799,2024.56225585938,340
986,6579.28134716343,6589.34700804678,2024.56225585938,340
987,6324.05836608474,6576.18597437818,2024.56225585938,340
988,6389.35457188833,6577.11510749068,2024.56225585938,340
989,6345.99110082464,6564.50443944578,2024.56225585938,340
990,6294.99806968021,6549.56392645697,2024.56225585938,340
991,6334.36709603043,6538.35711990703,2024.56225585938,340
992,6198.10692961415,6521.55100501623,2024.56225585938,340
993,6641.44919162582,6519.0068871249,2025.18957519531,340
994,6528.76331129464,6520.6143255455,2025.18957519531,340
995,6586.2719042095,6520.94904018599,2025.18957519531,340
996,6625.23377816679,6518.98336225285,2025.18957519531,340
997,6527.07711977566,6514.24435392376,2025.18957519531,340
998,6599.10983100847,6513.92046905479,2025.18957519531,340
999,6486.96022614076,6506.18473848654,2025.18957519531,340
1000,6377.25960613758,6491.00356551073,2025.18957519531,340
1001,6640.30390769712,6490.45304837966,2027.39196777344,340
1002,6287.21156972094,6488.05854186702,2027.39196777344,340
1003,6057.22493745269,6465.6274939638,2027.39196777344,340
1004,6284.88897629458,6449.55268048356,2027.39196777344,340
1005,6654.06480831108,6451.37872118011,2027.39196777344,340
1006,6587.42889204015,6460.17122937305,2027.39196777344,340
1007,6434.59302098862,6457.89311303687,2027.39196777344,340
1008,6414.90359717758,6447.52968150322,2027.39196777344,340
1009,6553.09299660679,6444.77998412052,2030.19372558594,340
1010,6347.26738103814,6443.97050147891,2030.19372558594,340
1011,6476.10922916389,6439.84361675893,2030.19372558594,340
1012,6578.55626365059,6450.02353266157,2030.19372558594,340
1013,6409.1362873918,6450.8148012817,2030.19372558594,340
1014,6630.09909044804,6462.17912086664,2030.19372558594,340
1015,6562.93545648364,6472.89661633878,2030.19372558594,340
1016,6430.60070878125,6476.74596084881,2030.19372558594,340
1017,6586.40873619467,6492.27803311203,2029.15502929688,340
1018,6527.33046243415,6487.71328394436,2029.15502929688,340
1019,6736.42351550011,6496.01969211258,2029.15502929688,340
1020,6494.12191161238,6492.3336924087,2029.15502929688,340
1021,6539.42371607848,6488.90128992517,2029.15502929688,340
1022,6258.56555785266,6478.16082744825,2029.15502929688,340
1023,6594.60414498899,6477.98060000747,2029.15502929688,340
1024,5508.25191263858,6438.83226746738,2029.15502929688,340
1025,6184.93801867166,6431.13940396874,2025.63244628906,340
1026,6622.17551567742,6430.41426828796,2025.63244628906,340
1027,6371.87379979063,6433.80075749074,2025.63244628906,340
1028,6422.20848700692,6448.40009947291,2025.63244628906,340
1029,6617.34092583531,6461.69817745454,2025.63244628906,340
1030,6497.05066480599,6455.41761171434,2025.63244628906,340
1031,6477.15783557497,6451.00676945573,2025.63244628906,340
1032,6547.0592536127,6455.50541876069,2025.63244628906,340
1033,6500.79895502827,6458.94123307472,2029.87622070312,340
1034,6187.75136088166,6444.32756764572,2029.87622070312,340
1035,6586.52032567698,6453.89768543127,2029.87622070312,340
1036,6537.07159432202,6456.33618003759,2029.87622070312,340
1037,6570.07580770876,6455.99696179992,2029.87622070312,340
1038,6336.56993942731,6453.09430788134,2029.87622070312,340
1039,6418.79096329169,6444.64198279509,2029.87622070312,340
1040,6306.46478230412,6434.38315582791,2029.87622070312,340
1041,6097.36348906609,6421.0536670393,2034.291015625,340
1042,6570.09541420838,6420.40113415985,2034.291015625,340
1043,5735.99930202381,6388.74788774343,2034.291015625,340
1044,6316.2644115248,6371.94152358442,2034.291015625,340
1045,6348.31084019475,6366.10908072772,2034.291015625,340
1046,6181.46184281497,6351.79060579718,2034.291015625,340
1047,6664.17754185247,6368.01508515717,2034.291015625,340
1048,6633.18842088812,6369.55845619314,2034.291015625,340
1049,6214.301377111,6397.80043477203,2025.95544433594,340
1050,6372.37330567744,6405.29784625226,2025.95544433594,340
1051,5333.85962357109,6353.76521056801,2025.95544433594,340
1052,6399.04383791436,6354.85201209296,2025.95544433594,340
1053,6289.33859963569,6349.53721659811,2025.95544433594,340
1054,6470.77888326151,6343.67473489516,2025.95544433594,340
1055,6364.1960275401,6338.36054940452,2025.95544433594,340
1056,6584.3262292629,6342.64728515204,2025.95544433594,340
1057,6638.02227979631,6346.28580619938,2014.18115234375,340
1058,6600.40557705798,6350.27007108057,2014.18115234375,340
1059,6407.64115444071,6359.06566282293,2014.18115234375,340
1060,6412.48645661161,6352.10430806032,2014.18115234375,340
1061,6531.32873315764,6351.87459361374,2014.18115234375,340
1062,6555.95152134731,6351.30962215929,2014.18115234375,340
1063,6646.21913309565,6363.69558990602,2014.18115234375,340
1064,6534.69703204417,6368.33183265612,2014.18115234375,340
1065,6574.68202959965,6379.06052254794,2005.63415527344,340
1066,6497.94715635613,6395.08386923954,2005.63415527344,340
1067,6228.17679933461,6381.40712464459,2005.63415527344,340
1068,6239.6092329977,6401.55152188355,2005.63415527344,340
1069,6590.72649069547,6412.53000505037,2005.63415527344,340
1070,6551.50771515776,6420.6578800489,2005.63415527344,340
1071,6540.88964050496,6435.03499195649,2005.63415527344,340
1072,6413.68202247556,6425.01517118142,2005.63415527344,340
1073,6425.18728630418,6416.69512579806,2002.69409179688,340
1074,6487.32674233854,6427.61614040716,2002.69409179688,340
1075,6527.79687418329,6433.83308314739,2002.69409179688,340
1076,6153.32990117059,6466.61189425138,2002.69409179688,340
1077,6546.60332120913,6472.51427358317,2002.69409179688,340
1078,6453.40071434384,6479.07675817149,2002.69409179688,340
1079,6583.24780429482,6483.57551501283,2002.69409179688,340
1080,6655.34215443004,6495.22136008842,2002.69409179688,340
1081,6465.14380541636,6490.45406313456,1999.81774902344,340
1082,6212.35921715897,6473.42754062907,1999.81774902344,340
1083,5946.43642902047,6447.26877470757,1999.81774902344,340
1084,6079.36202482193,6434.13760952282,1999.81774902344,340
1085,6390.7387453467,6433.26770107222,1999.81774902344,340
1086,6268.25934900794,6422.74492570623,1999.81774902344,340
1087,6404.21780031566,6416.67557686497,1999.81774902344,340
1088,6437.83052831956,6408.34003267392,1999.81774902344,340
1089,6210.2627604652,6395.36266181076,1997.30285644531,340
1090,6609.81497321311,6396.7679795553,1997.30285644531,340
1091,6575.31828409197,6399.86282466473,1997.30285644531,340
1092,6202.19142000433,6398.82340949152,1997.30285644531,340
1093,6275.48437617138,6400.25841521847,1997.30285644531,340
1094,6067.26845726389,6379.32009388121,1997.30285644531,340
1095,6481.27644592741,6376.51084311199,1997.30285644531,340
1096,6494.00656523181,6374.63552010107,1997.30285644531,340
1097,6458.31850210463,6376.42097928623,2001.51452636719,340
1098,6325.29679853153,6372.42535977532,2001.51452636719,340
1099,6209.03980724687,6361.29388237166,2001.51452636719,340
1100,5903.818451519,6336.33474546509,2001.51452636719,340
1101,6248.82466101406,6340.15453585882,2001.51452636719,340
1102,6045.75602278716,6320.12064392195,2001.51452636719,340
1103,6340.38504398363,6315.60001710754,2001.51452636719,340
1104,6445.57189812162,6310.09298086061,2001.51452636719,340
1105,6535.83296462665,6305.31261326847,1999.57995605469,340
1106,6588.66633775159,6310.25351456188,1999.57995605469,340
1107,6611.77668403467,6326.23021323691,1999.57995605469,340
1108,6580.82844255268,6351.6058937782,1999.57995605469,340
1109,6600.17234189412,6372.43830646109,1999.57995605469,340
1110,6490.60061318158,6376.43278117448,1999.57995605469,340
1111,6576.07925321884,6388.74557734292,1999.57995605469,340
1112,6333.22252448453,6385.90576630967,1999.57995605469,340
1113,6613.37713080449,6392.92763040907,1994.90759277344,340
1114,6617.33959384283,6409.21070374417,1994.90759277344,340
1115,6606.34415206712,6409.07187089834,1994.90759277344,340
1116,6600.68975392905,6410.08672969182,1994.90759277344,340
1117,6560.91283458044,6424.43558627486,1994.90759277344,340
1118,6709.52971125221,6441.7973996781,1994.90759277344,340
1119,6482.95917681469,6458.42502846013,1994.90759277344,340
1120,6656.44028920039,6465.43158219105,1994.90759277344,340
1121,6620.91634962298,6470.50797356669,1992.44812011719,340
1122,6642.89110623619,6477.89087773196,1992.44812011719,340
1123,6625.43895535414,6489.89656400486,1992.44812011719,340
1124,6510.21161243848,6501.94343621253,1992.44812011719,340
1125,6400.75075851484,6521.82072849236,1992.44812011719,340
1126,6252.76888556659,6521.97849747446,1992.44812011719,340
1127,6337.00311133601,6533.62838101642,1992.44812011719,340
1128,6587.69903528064,6543.5209406683,1992.44812011719,340
1129,6678.77983045316,6552.84925796156,1986.14331054688,340
1130,6538.1278387467,6552.94105292636,1986.14331054688,340
1131,6443.50866799398,6547.13474613605,1986.14331054688,340
1132,6611.07991469508,6547.10687536247,1986.14331054688,340
1133,6550.1755505644,6545.88075968294,1986.14331054688,340
1134,6411.86525429496,6538.34847617897,1986.14331054688,340
1135,6325.23936897207,6531.73402641059,1986.14331054688,340
1136,6669.92919892432,6535.48802423881,1986.14331054688,340
1137,6469.29177894841,6540.93079441737,1989.35046386719,340
1138,6491.24263293789,6536.0454145027,1989.35046386719,340
1139,6600.2239211732,6535.36078759592,1989.35046386719,340
1140,6348.46752070157,6525.0457223413,1989.35046386719,340
1141,6380.83804915386,6516.25165415029,1989.35046386719,340
1142,4975.24678048978,6452.82501198666,1989.35046386719,340
1143,6093.71174233595,6428.19229323001,1989.35046386719,340
1144,6560.84174502588,6431.30759595846,1989.35046386719,340
1145,6492.02887842759,6424.73113952755,1976.36950683594,340
1146,6401.32784249737,6415.94759924252,1976.36950683594,340
1147,6459.81890514124,6408.62471119872,1976.36950683594,340
1148,6506.57497906131,6403.87015214701,1976.36950683594,340
1149,6445.40715368461,6401.27797379686,1976.36950683594,340
1150,6621.01581989229,6410.08857625196,1976.36950683594,340
1151,6572.01429159712,6422.85839249318,1976.36950683594,340
1152,6139.24716843031,6414.94815477695,1976.36950683594,340
1153,6509.87335866524,6411.83512771233,1982.56689453125,340
1154,6509.255092893,6405.05413820992,1982.56689453125,340
1155,6296.6121079427,6395.39350897776,1982.56689453125,340
1156,6686.06509927916,6405.09576622917,1982.56689453125,340
1157,6428.05090985587,6397.7746060356,1982.56689453125,340
1158,6577.45844256473,6398.86592171562,1982.56689453125,340
1159,6434.51823528755,6399.77204095532,1982.56689453125,340
1160,6536.53234035786,6408.22375981075,1982.56689453125,340
1161,6446.47178284986,6399.28546316777,1988.73559570312,340
1162,6516.81250916716,6401.18629237652,1988.73559570312,340
1163,6511.1815123298,6401.9838475522,1988.73559570312,340
1164,6656.13346546523,6404.22022932388,1988.73559570312,340
1165,6455.1627900025,6408.48804009592,1988.73559570312,340
1166,6685.18065975137,6420.66174451982,1988.73559570312,340
1167,6593.47931409929,6485.3910458642,1988.73559570312,340
1168,6604.32890495805,6505.81573236908,1988.73559570312,340
1169,6504.18825573719,6503.54959279754,1989.20788574219,340
1170,6621.5102843324,6508.72884903373,1989.20788574219,340
1171,6562.52241773221,6515.17663204312,1989.20788574219,340
1172,6553.23874982086,6518.91342583031,1989.20788574219,340
1173,6510.99340571295,6519.09016289637,1989.20788574219,340
1174,6596.75132226433,6525.14392963956,1989.20788574219,340
1175,6597.41910311393,6524.20006096843,1989.20788574219,340
1176,6544.43461833422,6523.09687403791,1989.20788574219,340
1177,6635.22717990581,6542.93607449693,1995.42553710938,340
1178,6200.05643065934,6530.54339737669,1995.42553710938,340
1179,6603.25340479039,6534.30332985259,1995.42553710938,340
1180,6536.13095148524,6543.88408359429,1995.42553710938,340
1181,6606.59210513118,6540.70516382837,1995.42553710938,340
1182,6566.60032275106,6546.24714034418,1995.42553710938,340
1183,6535.7005156494,6544.57682326757,1995.42553710938,340
1184,6574.70528200593,6550.1843051363,1995.42553710938,340
1185,6437.86541373614,6546.23762807143,1996.89685058594,340
1186,6572.72755661121,6551.28785902189,1996.89685058594,340
1187,6644.86926387217,6556.41012921009,1996.89685058594,340
1188,6417.23298075869,6552.65218794724,1996.89685058594,340
1189,6377.74664995558,6541.51671532686,1996.89685058594,340
1190,6039.29560374049,6524.88202787638,1996.89685058594,340
1191,6422.83976055169,6514.38839190839,1996.89685058594,340
1192,6540.29074047733,6512.26084896351,1996.89685058594,340
1193,6627.55628698663,6513.18994424465,1998.99450683594,340
1194,6351.17427498849,6507.06938501471,1998.99450683594,340
1195,6611.14404420181,6506.65473540948,1998.99450683594,340
1196,6505.93188376945,6504.39111405097,1998.99450683594,340
1197,6638.21884016377,6507.79031766469,1998.99450683594,340
1198,6596.18195223464,6511.19785952556,1998.99450683594,340
1199,6597.02371311603,6511.20875515963,1998.99450683594,340
1200,6526.13692893886,6508.35746819262,1998.99450683594,340
1201,6506.35968310038,6506.83447078327,2008.11938476562,340
1202,6657.11917993894,6507.71015078459,2008.11938476562,340
1203,6274.81487923649,6510.70048872768,2008.11938476562,340
1204,6360.80962458649,6501.00273751952,2008.11938476562,340
1205,6502.47014858087,6499.65630540335,2008.11938476562,340
1206,6648.46842399971,6501.33135815809,2008.11938476562,340
1207,6645.07404826342,6504.47030717858,2008.11938476562,340
1208,6524.88709478595,6504.03777034405,2008.11938476562,340
1209,6550.06074604734,6503.0519889057,2010.73620605469,340
1210,6599.25763997603,6509.5076779553,2010.73620605469,340
1211,6489.83719240771,6506.19206338716,2010.73620605469,340
1212,6625.40389191593,6505.41344850891,2010.73620605469,340
1213,6519.75589955322,6509.51436526069,2010.73620605469,340
1214,6451.46332565619,6512.46303228871,2010.73620605469,340
1215,6420.87285025891,6527.72612214945,2010.73620605469,340
1216,6592.69326763682,6534.52026243285,2010.73620605469,340
1217,6509.61909985821,6533.29339680809,2012.71105957031,340
1218,6486.98686210712,6527.67061981291,2012.71105957031,340
1219,6599.55055194135,6537.60567089102,2012.71105957031,340
1220,6358.28731342603,6527.49140165999,2012.71105957031,340
1221,6622.68929516946,6532.16169811599,2012.71105957031,340
1222,6511.9320291095,6527.11022567382,2012.71105957031,340
1223,6632.93015227164,6528.5801536753,2012.71105957031,340
1224,6483.57103457252,6524.04204653356,2012.71105957031,340
1225,6427.47095729173,6520.09540766768,2018.17468261719,340
1226,6604.91525125339,6524.0376303938,2018.17468261719,340
1227,6487.3430344803,6517.24658457545,2018.17468261719,340
1228,6430.80833503127,6523.48632280724,2018.17468261719,340
1229,6397.9637732024,6524.97248875188,2018.17468261719,340
1230,6453.61828221994,6523.01841409744,2018.17468261719,340
1231,6602.14832280765,6521.16561004976,2018.17468261719,340
1232,6379.93185430182,6510.5599222913,2018.17468261719,340
1233,6571.70950669495,6512.43281876766,2020.63256835938,340
1234,6480.25983350487,6509.64078226596,2020.63256835938,340
1235,6618.53359272348,6510.41182037586,2020.63256835938,340
1236,6618.06766217919,6515.54103916672,2020.63256835938,340
1237,6608.85942295095,6514.87926040812,2020.63256835938,340
1238,6578.83957359485,6517.24260736978,2020.63256835938,340
1239,6598.68516434691,6523.13148091741,2020.63256835938,340
1240,6580.19898805212,6529.50452642914,2020.63256835938,340
1241,6512.33521745039,6526.29020442168,2012.75610351562,340
1242,6608.08202561962,6530.22872145214,2012.75610351562,340
1243,6552.71883881278,6532.85800052036,2012.75610351562,340
1244,6574.55234659539,6531.85807230653,2012.75610351562,340
1245,6351.61321333039,6531.5911083027,2012.75610351562,340
1246,6554.96177094587,6528.88200733376,2012.75610351562,340
1247,6546.6047230202,6530.26891509018,2012.75610351562,340
1248,6565.74109660232,6527.58135286341,2012.75610351562,340
1249,6280.02844299764,6519.43964920042,2018.29833984375,340
1250,6578.91804239989,6525.49753260474,2018.29833984375,340
1251,6672.48380671034,6528.20027482302,2018.29833984375,340
1252,6512.18923629893,6529.19412289577,2018.29833984375,340
1253,6503.67850175997,6532.10892956491,2018.29833984375,340
1254,6561.83981474006,6538.66397122642,2018.29833984375,340
1255,6528.27878647357,6541.65039139657,2018.29833984375,340
1256,6489.49031632929,6537.14407113743,2018.29833984375,340
1257,6592.47417910919,6545.64576412973,2021.39733886719,340
1258,6688.90293694048,6550.33350133955,2021.39733886719,340
1259,6577.09594372291,6554.20694574827,2021.39733886719,340
1260,6457.07016688535,6547.74840871474,2021.39733886719,340
1261,6605.46950688264,6547.24448250288,2021.39733886719,340
1262,6286.88248731542,6534.36540507746,2021.39733886719,340
1263,6529.37037698722,6532.38663721316,2021.39733886719,340
1264,6410.50422815768,6524.85939976559,2021.39733886719,340
1265,6496.36671594046,6521.50610888112,2024.77868652344,340
1266,6685.27771339651,6528.42380871897,2024.77868652344,340
1267,6643.46130168148,6529.83897976144,2024.77868652344,340
1268,6467.23893367037,6526.41978355574,2024.77868652344,340
1269,6691.76181412598,6531.10816225697,2024.77868652344,340
1270,6434.40803144062,6534.41995498138,2024.77868652344,340
1271,6620.3741430115,6537.036449864,2024.77868652344,340
1272,6675.36040917142,6542.18667731005,2024.77868652344,340
1273,6347.22990958614,6533.4462298294,2028.43591308594,340
1274,6500.03504264613,6542.24649381534,2028.43591308594,340
1275,6489.61738614477,6538.67446756514,2028.43591308594,340
1276,6693.02856478253,6539.49625788803,2028.43591308594,340
1277,6673.17309817543,6545.93561236309,2028.43591308594,340
1278,6515.10063482846,6546.39249768583,2028.43591308594,340
1279,6614.46303833347,6548.49742662956,2028.43591308594,340
1280,6527.46111094125,6548.46471960827,2028.43591308594,340
1281,6614.5544335106,6553.46728429552,2032.8134765625,340
1282,6603.72187356186,6553.91719207363,2032.8134765625,340
1283,6605.31730242647,6550.57376669307,2032.8134765625,340
1284,6692.92026545625,6555.2067395624,2032.8134765625,340
1285,6688.86669986381,6564.47860088154,2032.8134765625,340
1286,6647.95700024366,6566.17810061598,2032.8134765625,340
1287,6681.99048227205,6581.98242041425,2032.8134765625,340
1288,6678.01477624889,6587.92819638471,2032.8134765625,340
1289,6591.01437132465,6595.14860211139,2038.25854492188,340
1290,6587.16132726739,6598.78038656447,2038.25854492188,340
1291,6564.44708145431,6593.94716128678,2038.25854492188,340
1292,6640.77898230484,6593.83986851171,2038.25854492188,340
1293,6562.1586774125,6597.6366582614,2038.25854492188,340
1294,6615.36162108803,6594.58065053988,2038.25854492188,340
1295,6459.76399494425,6595.59488908003,2038.25854492188,340
1296,6730.77772852096,6600.01103250041,2038.25854492188,340
1297,6732.06821186984,6602.27934460834,2034.24426269531,340
1298,6430.70887497511,6605.6185032239,2034.24426269531,340
1299,6502.61238975683,6605.72159710833,2034.24426269531,340
1300,6660.23881984193,6612.54645445622,2034.24426269531,340
1301,6743.46878591422,6614.56406330148,2034.24426269531,340
1302,6418.5963419461,6604.38099305231,2034.24426269531,340
1303,6485.91584086195,6603.21360129365,2034.24426269531,340
1304,6475.84490217321,6597.66887584724,2034.24426269531,340
1305,6634.35493304649,6601.94462873145,2035.73059082031,340
1306,6715.45427500238,6605.98062239112,2035.73059082031,340
1307,6439.40903018271,6599.40810865595,2035.73059082031,340
1308,6538.34575489483,6596.72924675469,2035.73059082031,340
1309,6458.51417802635,6587.35300325749,2035.73059082031,340
1310,6534.28127665388,6581.16958632909,2035.73059082031,340
1311,6187.987369348,6562.77080109327,2035.73059082031,340
1312,6549.99965313923,6557.49116792795,2035.73059082031,340
1313,6555.82243557116,6552.60347430085,2036.70532226562,340
1314,6652.85325001241,6555.07702944836,2036.70532226562,340
1315,6652.43079549714,6557.68780817755,2036.70532226562,340
1316,6701.75163126915,6563.17999017014,2036.70532226562,340
1317,6425.80731727581,6554.58112356898,2036.70532226562,340
1318,6582.66528160201,6555.40138773656,2036.70532226562,340
1319,6241.58034187116,6540.45013656789,2036.70532226562,340
1320,6537.00551119749,6543.53979721801,2036.70532226562,340
1321,6666.16406664825,6540.95525074311,2035.71765136719,340
1322,6585.50783182254,6535.09283554121,2035.71765136719,340
1323,6584.28149375032,6541.23574029222,2035.71765136719,340
1324,6712.80716861364,6549.6435314465,2035.71765136719,340
1325,6397.7551485403,6539.14418459443,2035.71765136719,340
1326,6486.83976382686,6528.87902371094,2035.71765136719,340
1327,6691.79798750346,6539.80708953323,2035.71765136719,340
1328,6371.41142273231,6535.22691280805,2035.71765136719,340
1329,6713.31487103984,6544.72571156271,2038.02392578125,340
1330,6378.60875874463,6534.49586459064,2038.02392578125,340
1331,6546.9876480286,6527.75719951169,2038.02392578125,340
1332,6599.68284290683,6534.16815202065,2038.02392578125,340
1333,6114.12783992034,6517.19943542167,2038.02392578125,340
1334,6540.95737405711,6520.4971632629,2038.02392578125,340
1335,6642.95267521293,6524.84401920526,2038.02392578125,340
1336,6355.00478338325,6531.52471576667,2038.02392578125,340
1337,6715.82659457116,6538.15779342395,2039.86462402344,340
1338,6427.13073071318,6533.01012522963,2039.86462402344,340
1339,6718.67296727743,6535.64291392023,2039.86462402344,340
1340,6612.57013503769,6534.04848750185,2039.86462402344,340
1341,6612.14194922726,6530.46410022018,2039.86462402344,340
1342,6648.69469879821,6539.37959548107,2039.86462402344,340
1343,6611.41645718744,6540.52964250449,2039.86462402344,340
1344,6608.59379093609,6555.21018046709,2039.86462402344,340
1345,6647.01046009203,6559.61037842287,2039.1396484375,340
1346,6601.68834071035,6557.03134938535,2039.1396484375,340
1347,6557.45782817844,6555.90934923959,2039.1396484375,340
1348,6433.82982426299,6549.89128246009,2039.1396484375,340
1349,6445.30551313694,6539.19121624103,2039.1396484375,340
1350,6500.25811780172,6543.29133501148,2039.1396484375,340
1351,6631.0829181309,6549.06106118364,2039.1396484375,340
1352,6666.67165584688,6548.05600791738,2039.1396484375,340
1353,6432.99018886561,6550.51915856271,2039.97375488281,340
1354,6472.50592458322,6540.88680070445,2039.97375488281,340
1355,6366.85942830854,6540.416827487,2039.97375488281,340
1356,6233.03372093102,6527.8586704031,2039.97375488281,340
1357,6372.87312355324,6518.78628162896,2039.97375488281,340
1358,6617.44664697564,6538.91903391117,2039.97375488281,340
1359,6468.48012725151,6536.01994403895,2039.97375488281,340
1360,6549.05197438212,6532.26391600571,2039.97375488281,340
1361,6417.30695175124,6534.75600274043,2035.53735351562,340
1362,6686.52231521229,6533.58383156608,2035.53735351562,340
1363,6438.49931534962,6534.03857495154,2035.53735351562,340
1364,6536.42124938342,6526.74850623577,2035.53735351562,340
1365,6263.29550823784,6512.77752116378,2035.53735351562,340
1366,6638.53142785208,6513.83310030877,2035.53735351562,340
1367,6574.74012440051,6510.87491733287,2035.53735351562,340
1368,6635.84036577793,6511.85187367649,2035.53735351562,340
1369,6348.6415761765,6501.4537850861,2034.44384765625,340
1370,6477.53873565769,6494.67491610873,2034.44384765625,340
1371,6418.13981062475,6487.33297490531,2034.44384765625,340
1372,6524.40257696617,6486.01076485681,2034.44384765625,340
1373,6660.61968026026,6495.0823590967,2034.44384765625,340
1374,6617.4618860228,6501.96861401214,2034.44384765625,340
1375,6189.32490521446,6489.53128550865,2034.44384765625,340
1376,6580.38920626627,6487.50353703406,2034.44384765625,340
1377,6471.60462435831,6479.70085577452,2029.03479003906,340
1378,6443.78293361807,6480.13256556462,2029.03479003906,340
1379,6588.01830245556,6484.75306067952,2029.03479003906,340
1380,6596.90697007551,6493.95496235019,2029.03479003906,340
1381,6409.50209082257,6501.01369714586,2029.03479003906,340
1382,6467.73927345078,6504.80834314176,2029.03479003906,340
1383,6489.82251827192,6499.70337799361,2029.03479003906,340
1384,5785.91609706826,6472.40081678628,2029.03479003906,340
1385,6539.02863449474,6471.99988319078,2023.80017089844,340
1386,6306.21818489069,6467.55633251636,2023.80017089844,340
1387,6700.16338548401,6468.10197532723,2023.80017089844,340
1388,6685.57802208143,6477.9851235965,2023.80017089844,340
1389,6449.23919712359,6474.49784150611,2023.80017089844,340
1390,6537.17422479061,6485.45299016822,2023.80017089844,340
1391,6464.36354239511,6478.48627474994,2023.80017089844,340
1392,6400.52428534351,6471.51764118766,2023.80017089844,340
1393,6571.42674409621,6468.94109632039,2016.10925292969,340
1394,6442.08487036945,6472.67882808811,2016.10925292969,340
1395,6645.72770062216,6479.40638668669,2016.10925292969,340
1396,6338.93732414804,6476.23828722762,2016.10925292969,340
1397,6589.3220005577,6478.83506417128,2016.10925292969,340
1398,6477.68554693521,6471.51769883828,2016.10925292969,340
1399,6549.09466099149,6468.78300983703,2016.10925292969,340
1400,6417.40979908277,6477.90640559176,2016.10925292969,340
1401,6421.1905255025,6471.53845836121,2007.56799316406,340
1402,6724.42026653963,6481.65108404846,2007.56799316406,340
1403,6407.63307763036,6480.20508980895,2007.56799316406,340
1404,6579.72892166997,6479.87351457753,2007.56799316406,340
1405,6613.06456409435,6480.51981833828,2007.56799316406,340
1406,6404.66869993812,6480.3264827029,2007.56799316406,340
1407,6575.25534612779,6484.62712560999,2007.56799316406,340
1408,6655.82907003042,6491.26738768033,2007.56799316406,340
1409,6569.31139427601,6522.60319956864,2002.69006347656,340
1410,6605.07626396575,6525.24510474748,2002.69006347656,340
1411,6314.948971926,6525.59433622889,2002.69006347656,340
1412,6678.92060827436,6524.7446251405,2002.69006347656,340
1413,6634.28002249049,6522.69270515686,2002.69006347656,340
1414,6653.49494130837,6530.86293492426,2002.69006347656,340
1415,6354.95334256044,6523.57409963505,2002.69006347656,340
1416,6730.4509888847,6534.21759749463,2002.69006347656,340
1417,6701.56131064348,6546.25907850663,2003.56567382812,340
1418,6695.16875062009,6551.20875876759,2003.56567382812,340
1419,6606.46473292363,6557.78395326976,2003.56567382812,340
1420,6702.35106976459,6560.04888803545,2003.56567382812,340
1421,6588.69737818398,6570.03929019689,2003.56567382812,340
1422,6621.259600626,6571.31679419962,2003.56567382812,340
1423,6539.3329341858,6573.78268968964,2003.56567382812,340
1424,6660.3041483303,6578.2310691832,2003.56567382812,340
1425,6618.33851650202,6586.26821787997,2004.57116699219,340
1426,6695.30980892555,6597.23298921689,2004.57116699219,340
1427,6639.54283507029,6593.83789195812,2004.57116699219,340
1428,6580.23502868853,6600.74197000044,2004.57116699219,340
1429,6657.02835322775,6603.83394726275,2004.57116699219,340
1430,6466.3012340407,6597.96341406061,2004.57116699219,340
1431,6515.13574313401,6602.38209578844,2004.57116699219,340
1432,6664.26682818085,6605.94255507056,2004.57116699219,340
1433,6705.47947442017,6607.92857124615,2012.73950195312,340
1434,6633.59015821614,6610.49972180376,2012.73950195312,340
1435,6548.57866426264,6608.23981781563,2012.73950195312,340
1436,6667.20675305126,6622.33012906065,2012.73950195312,340
1437,6637.13218750967,6620.65859223006,2012.73950195312,340
1438,6671.17446046555,6622.13436974906,2012.73950195312,340
1439,6574.1832910438,6618.96190373848,2012.73950195312,340
1440,6666.96920703741,6631.44253831756,2012.73950195312,340
1441,6597.86077301041,6626.13892968259,2022.71130371094,340
1442,6545.20432365645,6619.8846502031,2022.71130371094,340
1443,6574.14220911945,6615.04358854308,2022.71130371094,340
1444,6630.79738745794,6616.01689472445,2022.71130371094,340
1445,6605.21705808535,6612.13153425728,2022.71130371094,340
1446,6019.40362011848,6589.35978393466,2022.71130371094,340
1447,6692.30634846374,6592.20165384817,2022.71130371094,340
1448,6662.781402965,6597.13959259934,2022.71130371094,340
1449,6500.61852522625,6590.75216767518,2027.11950683594,340
1450,6714.35504187791,6594.59282869021,2027.11950683594,340
1451,6644.45872259824,6592.55878523712,2027.11950683594,340
1452,6642.95085786331,6592.69510614884,2027.11950683594,340
1453,6568.45370116764,6592.223853048,2027.11950683594,340
1454,6209.89525942463,6574.33852929588,2027.11950683594,340
1455,6683.58493449114,6583.0298773139,2027.11950683594,340
1456,6654.94199540288,6588.62212740465,2027.11950683594,340
1457,6366.06279153062,6576.69396593864,2028.32751464844,340
1458,6498.31788491863,6568.40750235858,2028.32751464844,340
1459,6514.67907374467,6563.65105897972,2028.32751464844,340
1460,6634.35400160795,6567.08207247353,2028.32751464844,340
1461,6573.85393253647,6563.34795965294,2028.32751464844,340
1462,6496.73713066844,6557.73215737929,2028.32751464844,340
1463,6401.97447199801,6546.96415784059,2028.32751464844,340
1464,6559.31147388238,6546.36928515413,2028.32751464844,340
1465,6677.30275510999,6546.78262707704,2030.59252929688,340
1466,6656.69115416843,6549.13584232336,2030.59252929688,340
1467,6728.33162308173,6556.46093430037,2030.59252929688,340
1468,6558.18535478106,6555.82266012683,2030.59252929688,340
1469,6560.2752691379,6553.00177539403,2030.59252929688,340
1470,6628.12899164455,6553.9182527364,2030.59252929688,340
1471,6657.96823658539,6579.46083739508,2030.59252929688,340
1472,6611.8301783054,6576.24179058874,2030.59252929688,340
1473,6623.79338205979,6574.68226975254,2033.17150878906,340
1474,6512.62793191207,6575.16264601997,2033.17150878906,340
1475,6567.67936498634,6569.29561894431,2033.17150878906,340
1476,6597.41696530677,6567.41394865265,2033.17150878906,340
1477,6653.80416175126,6567.84808080816,2033.17150878906,340
1478,6597.59170481965,6569.01360095425,2033.17150878906,340
1479,6451.09696912766,6578.66166934237,2033.17150878906,340
1480,6605.15995395677,6575.52467012099,2033.17150878906,340
1481,6478.28102357648,6568.45823124794,2036.57531738281,340
1482,6323.63641429001,6566.76117615831,2036.57531738281,340
1483,6678.9625567887,6573.98696303311,2036.57531738281,340
1484,6541.14026536465,6575.04541069791,2036.57531738281,340
1485,6535.47867954577,6571.09039781543,2036.57531738281,340
1486,6652.78889882602,6574.24779646701,2036.57531738281,340
1487,6410.56961364849,6570.80109578621,2036.57531738281,340
1488,6725.89042338176,6583.75773384156,2036.57531738281,340
1489,6708.38798083819,6589.72079411979,2037.408203125,340
1490,6519.82111049603,6583.42152833524,2037.408203125,340
1491,6599.09684207393,6581.11775585146,2037.408203125,340
1492,6716.76121987097,6580.65493972303,2037.408203125,340
1493,6768.36174410171,6589.06199529585,2037.408203125,340
1494,6573.56351252553,6589.59352503136,2037.408203125,340
1495,6648.55621179928,6590.41061383754,2037.408203125,340
1496,6711.27831575196,6592.54301700421,2037.408203125,340
1497,6660.08809323044,6594.47333360121,2036.33825683594,340
1498,6545.0337826735,6591.32294962576,2036.33825683594,340
1499,6680.42948735411,6598.03501184344,2036.33825683594,340
1500,6653.71608545657,6601.47648066225,2036.33825683594,340
1501,6662.01992270751,6604.06059895828,2036.33825683594,340
1502,6591.01842865328,6601.54916963436,2036.33825683594,340
1503,6699.31386541251,6605.61805605807,2036.33825683594,340
1504,6650.01179037954,6613.57464890815,2036.33825683594,340
1505,6175.77913132117,6596.39941600273,2034.65466308594,340
1506,6602.74835814453,6601.37810938545,2034.65466308594,340
1507,6691.08375291992,6616.07600293064,2034.65466308594,340
1508,6580.18376575015,6612.1248512891,2034.65466308594,340
1509,6548.07070596858,6612.40206891326,2034.65466308594,340
1510,6711.11939461996,6619.42769751623,2034.65466308594,340
1511,6670.6210906571,6620.14098518947,2034.65466308594,340
1512,6680.39828473912,6630.93413203309,2034.65466308594,340
1513,6528.14835264736,6623.02444920372,2038.26220703125,340
1514,6719.61957988302,6623.47371316551,2038.26220703125,340
1515,6738.32082243041,6632.21370164289,2038.26220703125,340
1516,6703.24927976365,6636.37979915048,2038.26220703125,340
1517,6668.48493982321,6634.44874794856,2038.26220703125,340
1518,6577.82210711035,6626.82716246891,2038.26220703125,340
1519,6689.83858358351,6631.47816531123,2038.26220703125,340
1520,6721.59986997739,6634.39991163835,2038.26220703125,340
1521,6645.34185044559,6631.7624530261,2036.53649902344,340
1522,6768.6606791967,6636.10535646475,2036.53649902344,340
1523,6660.39801528341,6640.71992576915,2036.53649902344,340
1524,6652.58935717881,6639.60632056213,2036.53649902344,340
1525,6756.40125882448,6643.71372749685,2036.53649902344,340
1526,6651.20652057066,6643.28119141137,2036.53649902344,340
1527,6691.18482893644,6647.2878474227,2036.53649902344,340
1528,6642.71253669293,6645.02379427392,2036.53649902344,340
1529,6710.40650806935,6647.43958298151,2037.62036132812,340
1530,6705.14691909637,6668.61429449252,2037.62036132812,340
1531,6671.21236493474,6671.35285476413,2037.62036132812,340
1532,6687.6637946852,6671.21605643474,2037.62036132812,340
1533,6708.54539152153,6676.3505214656,2037.62036132812,340
1534,6575.2137847054,6677.43624461507,2037.62036132812,340
1535,6663.25611472889,6675.52171341943,2037.62036132812,340
1536,6508.14758918056,6669.02277336036,2037.62036132812,340
1537,6722.08736577423,6670.69033660177,2040.07861328125,340
1538,6721.21187505683,6678.41287749815,2040.07861328125,340
1539,6619.67844174944,6674.4152319728,2040.07861328125,340
1540,6475.89570669228,6663.91822734328,2040.07861328125,340
1541,6627.32830990993,6660.88138854913,2040.07861328125,340
1542,6732.60427978895,6663.44616214776,2040.07861328125,340
1543,6669.4674627777,6667.11197637445,2040.07861328125,340
1544,6632.08761170398,6664.80193749927,2040.07861328125,340
1545,6650.6873034785,6661.96543483932,2040.89868164062,340
1546,6706.9455407462,6664.42958245134,2040.89868164062,340
1547,6711.26158141399,6662.13361854003,2040.89868164062,340
1548,6753.34587004264,6665.8515327304,2040.89868164062,340
1549,6701.03485414981,6667.78935260924,2040.89868164062,340
1550,6669.80797418395,6664.32562122362,2040.89868164062,340
1551,6668.67505341506,6665.0243625374,2040.89868164062,340
1552,6596.64043333537,6661.24258671335,2040.89868164062,340
1553,6785.68697584381,6666.96156427939,2039.62548828125,340
1554,6688.80871149823,6666.09765241654,2039.62548828125,340
1555,6760.00716737264,6668.29206234759,2039.62548828125,340
1556,6608.9630882732,6665.80209128113,2039.62548828125,340
1557,6739.15547996638,6667.86175869238,2039.62548828125,340
1558,6742.21332317908,6669.20847595868,2039.62548828125,340
1559,6720.22372560229,6675.00887359456,2039.62548828125,340
1560,6654.00980106758,6674.63902104811,2039.62548828125,340
1561,6673.34462628081,6681.24690253212,2042.46215820312,340
1562,6733.53133781236,6681.70466141364,2042.46215820312,340
1563,6618.96300910914,6677.61470677573,2042.46215820312,340
1564,6615.66562128791,6677.45419395727,2042.46215820312,340
1565,6717.90149245394,6687.13442538774,2042.46215820312,340
1566,6791.91191633428,6693.71776964471,2042.46215820312,340
1567,6733.26296278393,6693.74411696451,2042.46215820312,340
1568,6778.16697163365,6698.09209731875,2042.46215820312,340
1569,6746.36826280652,6702.66332336285,2042.37915039062,340
1570,6718.53623779518,6705.37728073552,2042.37915039062,340
1571,6648.99277181323,6703.0591699782,2042.37915039062,340
1572,6686.83796657855,6702.08222538478,2042.37915039062,340
1573,6565.52209245548,6694.56927428129,2042.37915039062,340
1574,6684.91103893407,6693.92432167266,2042.37915039062,340
1575,6754.29715529961,6697.30388891729,2042.37915039062,340
1576,6775.6672565804,6701.58357704391,2042.37915039062,340
1577,6800.82041102303,6709.75077615141,2045.1982421875,340
1578,6755.03225295036,6708.52458723567,2045.1982421875,340
1579,6727.73219031614,6710.08152638839,2045.1982421875,340
1580,6501.30463118595,6699.73342494092,2045.1982421875,340
1581,6749.98322154382,6705.37423027175,2045.1982421875,340
1582,6766.36992111988,6706.46280791789,2045.1982421875,340
1583,6778.42641535827,6707.91133160506,2045.1982421875,340
1584,6688.57192295466,6706.64525949915,2045.1982421875,340
1585,6763.9297870473,6711.04205893834,2048.56372070312,340
1586,6658.28383167024,6710.43962715392,2048.56372070312,340
1587,6557.22040187906,6703.38718971658,2048.56372070312,340
1588,6626.34598389889,6703.68250870817,2048.56372070312,340
1589,6629.23323085472,6704.22521309085,2048.56372070312,340
1590,6785.24725215469,6706.91904347888,2048.56372070312,340
1591,6692.0731975575,6702.9254947278,2048.56372070312,340
1592,6740.01555749151,6703.19559851611,2048.56372070312,340
1593,6761.76701371706,6702.53960019944,2052.03637695312,340
1594,6739.54085326169,6702.26650381765,2052.03637695312,340
1595,6706.3096984364,6701.7774422433,2052.03637695312,340
1596,6779.56004655355,6707.00013323291,2052.03637695312,340
1597,6771.24766599376,6710.37652120952,2052.03637695312,340
1598,6695.05899271677,6715.55799721997,2052.03637695312,340
1599,6746.48080004315,6718.02078766434,2052.03637695312,340
1600,6685.97273375778,6715.28781080266,2052.03637695312,340
1601,6725.97223493829,6713.30000993698,2052.30932617188,340
1602,6734.26359418266,6710.63773726336,2052.30932617188,340
1603,6715.23592781356,6709.04588425789,2052.30932617188,340
1604,6770.80584654779,6710.76883050716,2052.30932617188,340
1605,6624.14083933271,6715.68227883303,2052.30932617188,340
1606,6767.41178120734,6716.37942121957,2052.30932617188,340
1607,6737.00725882883,6715.20491472793,2052.30932617188,340
1608,6783.63776400187,6715.41336867367,2052.30932617188,340
1609,6734.06666803905,6717.23315847705,2053.76293945312,340
1610,6778.09537110814,6717.79978183948,2053.76293945312,340
1611,6751.50946456396,6721.52880715523,2053.76293945312,340
1612,6761.22114790859,6729.68883699641,2053.76293945312,340
1613,6738.70402859483,6734.18315878425,2053.76293945312,340
1614,6714.32665216732,6737.58689563675,2053.76293945312,340
1615,6826.7687460824,6739.24775539386,2053.76293945312,340
1616,6689.91057219297,6739.16125037928,2053.76293945312,340
1617,6720.6459917811,6738.38646775086,2054.8974609375,340
1618,6722.58501881886,6736.81918795493,2054.8974609375,340
1619,6548.09469957269,6729.16134180737,2054.8974609375,340
1620,6773.76270654437,6731.85946213169,2054.8974609375,340
1621,6692.30586942861,6728.36929504669,2054.8974609375,340
1622,6775.60881025365,6728.54374081709,2054.8974609375,340
1623,6713.84793754109,6729.29529861006,2054.8974609375,340
1624,6696.03225591126,6727.27735684479,2054.8974609375,340
1625,6691.82110560853,6727.51129171882,2060.13989257812,340
1626,6704.35803396748,6726.64672367999,2060.13989257812,340
1627,6652.97253352136,6723.39508125353,2060.13989257812,340
1628,6642.74814570688,6720.49556996927,2060.13989257812,340
1629,6496.6997221221,6709.53132499224,2060.13989257812,340
1630,6749.91577211455,6714.56232230351,2060.13989257812,340
1631,6708.19874432081,6712.19380082805,2060.13989257812,340
1632,6806.29054465999,6714.9651322613,2060.13989257812,340
1633,6694.42901093783,6711.39678213874,2063.51928710938,340
1634,6765.49721318457,6712.65400394456,2063.51928710938,340
1635,6743.3394470745,6711.26376698321,2063.51928710938,340
1636,6768.90483986718,6711.95958199534,2063.51928710938,340
1637,6787.95485015885,6713.02893008535,2063.51928710938,340
1638,6762.0429028228,6713.96248505447,2063.51928710938,340
1639,6755.50889190003,6715.60977464378,2063.51928710938,340
1640,6777.82115092216,6713.65187083737,2063.51928710938,340
1641,6841.43327444919,6719.71277892762,2067.234375,340
1642,6664.86967659144,6717.48172632003,2067.234375,340
1643,6810.46054523845,6720.99674737682,2067.234375,340
1644,6657.46995972562,6725.37175778293,2067.234375,340
1645,6651.57277190223,6720.48416039725,2067.234375,340
1646,6723.29747844431,6721.72382475787,2067.234375,340
1647,6804.96011948662,6722.89787712719,2067.234375,340
1648,6599.51961958275,6718.32474440886,2067.234375,340
1649,6748.45456962862,6720.42163695755,2067.68579101562,340
1650,6772.17458624437,6723.63577618298,2067.68579101562,340
1651,6292.58672351756,6707.16492376499,2067.68579101562,340
1652,6742.98761170891,6710.76552689249,2067.68579101562,340
1653,6738.91568571137,6714.61222849267,2067.68579101562,340
1654,6778.00648695274,6725.8644990859,2067.68579101562,340
1655,6617.82157311503,6720.58073112592,2067.68579101562,340
1656,6709.66737824564,6720.63947648291,2067.68579101562,340
1657,6746.16806932842,6718.23457746965,2062.423828125,340
1658,6736.96598714947,6719.93605651811,2062.423828125,340
1659,6699.85017256082,6717.31017489316,2062.423828125,340
1660,6728.85573490932,6716.73082640656,2062.423828125,340
1661,6712.83939307337,6714.4882085348,2062.423828125,340
1662,6779.92391676313,6714.16697119897,2062.423828125,340
1663,6704.18271181634,6711.85256355871,2062.423828125,340
1664,6763.04433104745,6712.15398112461,2062.423828125,340
1665,6639.32529490442,6706.6141468839,2062.06274414062,340
1666,6723.4065826783,6701.89307921307,2062.06274414062,340
1667,6801.060464468,6707.34071072813,2062.06274414062,340
1668,6774.95428404904,6705.92046028055,2062.06274414062,340
1669,6795.89566106021,6711.45748833394,2062.06274414062,340
1670,6788.18821468584,6716.92210604528,2062.06274414062,340
1671,6771.6407243646,6718.85583588209,2062.06274414062,340
1672,6764.19160644629,6717.22509536048,2062.06274414062,340
1673,6820.38856943016,6726.05985335438,2063.57983398438,340
1674,6770.34875590258,6726.93562080534,2063.57983398438,340
1675,6787.0233400576,6727.52957095786,2063.57983398438,340
1676,6729.89182588853,6745.0217750527,2063.57983398438,340
1677,6602.75125153819,6739.41232064587,2063.57983398438,340
1678,6649.40904244795,6735.83205491534,2063.57983398438,340
1679,6769.50998777229,6735.49219494812,2063.57983398438,340
1680,6654.67464099344,6736.96631766326,2063.57983398438,340
1681,6677.62942250548,6735.68479943365,2063.51904296875,340
1682,6492.27595300235,6725.52911478061,2063.51904296875,340
1683,6602.1332323738,6720.13580458958,2063.51904296875,340
1684,6755.73871090705,6722.37134612343,2063.51904296875,340
1685,6733.1880494341,6722.54463870442,2063.51904296875,340
1686,6701.51099678784,6722.091502853,2063.51904296875,340
1687,6783.98625447282,6722.25399636139,2063.51904296875,340
1688,6755.92394558642,6724.32364571219,2063.51904296875,340
1689,6770.20750331483,6724.61017260288,2063.5185546875,340
1690,6769.42055219928,6729.81398289468,2063.5185546875,340
1691,6784.78296592097,6732.26903822439,2063.5185546875,340
1692,6674.742709073,6727.21632800859,2063.5185546875,340
1693,6739.06943670804,6725.78093411495,2063.5185546875,340
1694,6772.18415883293,6724.83247402586,2063.5185546875,340
1695,6655.64412439732,6719.53071041432,2063.5185546875,340
1696,6673.80360669842,6715.61722570767,2063.5185546875,340
1697,6647.20792069852,6710.93787827776,2065.12377929688,340
1698,6732.46018924826,6707.42074307048,2065.12377929688,340
1699,6682.06087177354,6703.88922770532,2065.12377929688,340
1700,6667.86711882133,6699.12297885587,2065.12377929688,340
1701,6721.11758880359,6698.77200937247,2065.12377929688,340
1702,6576.53608178477,6697.72340258233,2065.12377929688,340
1703,6773.26973110574,6702.67783012865,2065.12377929688,340
1704,6591.83614563922,6695.57087644332,2065.12377929688,340
1705,6771.65002425872,6700.24989177393,2066.04443359375,340
1706,6709.49257132528,6701.52441772673,2066.04443359375,340
1707,6436.01010701348,6699.27378388717,2066.04443359375,340
1708,6752.79353218281,6705.30019587953,2066.04443359375,340
1709,6725.42089894913,6704.08748340121,2066.04443359375,340
1710,6476.66806676006,6693.82668409425,2066.04443359375,340
1711,6799.54211842327,6697.74792895967,2066.04443359375,340
1712,6569.94667076597,6689.1863456114,2066.04443359375,340
1713,6777.22323606942,6690.03831723072,2068.30541992188,340
1714,6711.91726677936,6687.7067077693,2068.30541992188,340
1715,6683.76645207249,6684.28054376422,2068.30541992188,340
1716,6767.63967807981,6683.59481225058,2068.30541992188,340
1717,6743.97474999826,6686.36409388759,2068.30541992188,340
1718,6772.55170671975,6687.70338468806,2068.30541992188,340
1719,6628.11284257483,6681.94053203773,2068.30541992188,340
1720,6570.79884753068,6678.54672096307,2068.30541992188,340
1721,6776.04742681397,6682.63647376769,2064.90307617188,340
1722,6795.12861231251,6688.55330143225,2064.90307617188,340
1723,6727.12890185112,6688.34004993636,2064.90307617188,340
1724,6633.73946286548,6686.40719358004,2064.90307617188,340
1725,6682.63675209292,6686.9979789109,2064.90307617188,340
1726,6839.20156953628,6691.72133814021,2064.90307617188,340
1727,6764.31745859159,6699.23259321249,2064.90307617188,340
1728,6753.46801852249,6698.44052470915,2064.90307617188,340
1729,6631.75361127946,6700.03722333477,2067.29833984375,340
1730,6745.146431876,6698.97707963946,2067.29833984375,340
1731,6769.28315672771,6701.36870305555,2067.29833984375,340
1732,6788.35521916767,6715.46250754172,2067.29833984375,340
1733,6759.00801010594,6715.71108665865,2067.29833984375,340
1734,6756.95829971818,6716.97258268941,2067.29833984375,340
1735,6703.55028319485,6726.0478713468,2067.29833984375,340
1736,6823.95717040025,6727.02447342588,2067.29833984375,340
1737,6743.58741004975,6733.97010299723,2067.17944335938,340
1738,6742.674566556,6732.58815621669,2067.17944335938,340
1739,6768.54915396558,6734.85343170414,2067.17944335938,340
1740,6768.62148912083,6738.24763318608,2067.17944335938,340
1741,6705.13268747518,6735.74735356189,2067.17944335938,340
1742,6743.43595810691,6735.72580188624,2067.17944335938,340
1743,6743.27125999434,6734.55458401722,2067.17944335938,340
1744,6714.17128859377,6737.99692185798,2067.17944335938,340
1745,6748.78487159203,6745.11636282043,2067.1015625,340
1746,6757.20469657513,6744.36265361088,2067.1015625,340
1747,6789.24142252594,6744.12716601942,2067.1015625,340
1748,6798.57062232457,6746.98483483835,2067.1015625,340
1749,6754.28206329499,6751.80653885554,2067.1015625,340
1750,6737.52127766589,6754.00191987845,2067.1015625,340
1751,6640.70482175512,6746.06204996721,2067.1015625,340
1752,6757.25826709595,6745.77968230738,2067.1015625,340
1753,6546.74778931302,6737.510873139,2067.16821289062,340
1754,6748.90333043206,6742.19686190511,2067.16821289062,340
1755,6704.80288669189,6740.58312009774,2067.16821289062,340
1756,6698.04792571729,6737.73371085733,2067.16821289062,340
1757,6761.00629587558,6736.63975392564,2067.16821289062,340
1758,6753.55700138387,6736.42171357676,2067.16821289062,340
1759,6736.87604755843,6735.61842349037,2067.16821289062,340
1760,6664.16670553127,6734.04308038383,2067.16821289062,340
1761,6419.38896462646,6717.86035215287,2070.0693359375,340
1762,6764.67670075139,6718.70392378094,2070.0693359375,340
1763,6686.87565765428,6716.47196742487,2070.0693359375,340
1764,6695.52465602234,6713.55098750714,2070.0693359375,340
1765,6771.33246753661,6713.65942664377,2070.0693359375,340
1766,6831.47757509911,6718.71322214873,2070.0693359375,340
1767,6761.0659251064,6719.41842082871,2070.0693359375,340
1768,6821.08044252102,6722.53078812978,2070.0693359375,340
1769,6736.4020283502,6723.42001772003,2072.38012695312,340
1770,6668.34234006777,6720.20231645906,2072.38012695312,340
1771,6555.44762254971,6712.13203349805,2072.38012695312,340
1772,6704.91003524394,6708.75877800677,2072.38012695312,340
1773,6730.20565842822,6706.02417945091,2072.38012695312,340
1774,6511.77341454339,6696.32383350085,2072.38012695312,340
1775,6781.43695602298,6698.08046063513,2072.38012695312,340
1776,6670.66225131354,6699.27875781747,2072.38012695312,340
1777,6754.54066143286,6699.17005359095,2071.6015625,340
1778,6741.72611815009,6706.96918674443,2071.6015625,340
1779,6703.06683213334,6705.13572681248,2071.6015625,340
1780,6809.6438119434,6709.32936382254,2071.6015625,340
1781,6750.77551103794,6711.43846723537,2071.6015625,340
1782,6740.45345940064,6710.61635377637,2071.6015625,340
1783,6791.29830842028,6712.12600605782,2071.6015625,340
1784,6736.20077514719,6712.09899516137,2071.6015625,340
1785,6740.18370473971,6715.13967512971,2070.23999023438,340
1786,6740.94785800968,6728.00203086504,2070.23999023438,340
1787,6745.00249583717,6727.21506266847,2070.23999023438,340
1788,6359.29804582273,6714.11195819521,2070.23999023438,340
1789,6435.95843933492,6703.72930952771,2070.23999023438,340
1790,6692.4525860853,6700.57411426966,2070.23999023438,340
1791,6720.20842850136,6696.12334840575,2070.23999023438,340
1792,6724.62161360508,6694.6655759457,2070.23999023438,340
1793,6763.03108029836,6692.34360145679,2072.90161132812,340
1794,6769.11728150301,6693.6522115829,2072.90161132812,340
1795,6777.60696052043,6698.02279640101,2072.90161132812,340
1796,6739.65519460011,6705.39109928303,2072.90161132812,340
1797,6706.13027334422,6705.43990880704,2072.90161132812,340
1798,6727.44496738176,6705.32948116518,2072.90161132812,340
1799,6751.3541776329,6714.91271168876,2072.90161132812,340
1800,6781.65356058123,6714.92137587109,2072.90161132812,340
1801,6752.58051653097,6718.19810647979,2073.63745117188,340
1802,6778.12106302327,6719.1413225434,2073.63745117188,340
1803,6768.04677429558,6720.19414878922,2073.63745117188,340
1804,6710.84805563347,6720.50539772923,2073.63745117188,340
1805,6697.96062606118,6716.03807029394,2073.63745117188,340
1806,6727.88604460425,6715.12249163659,2073.63745117188,340
1807,6793.70191506762,6717.25242986327,2073.63745117188,340
1808,6665.58452853749,6712.22387866796,2073.63745117188,340
1809,6645.94878390068,6708.6137990181,2073.03149414062,340
1810,6824.30244316044,6711.97854855493,2073.03149414062,340
1811,6809.75550897769,6714.73085459365,2073.03149414062,340
1812,6723.67516087378,6713.87776119511,2073.03149414062,340
1813,6713.22762594868,6728.03494440015,2073.03149414062,340
1814,6767.43863925003,6741.29415239676,2073.03149414062,340
1815,6773.80387583662,6744.54820398681,2073.03149414062,340
1816,6825.24357895648,6748.74961000501,2073.03149414062,340
1817,6789.13400429865,6751.33010563276,2072.69458007812,340
1818,6670.38241388333,6747.62415897616,2072.69458007812,340
1819,6740.08610905322,6746.46291207816,2072.69458007812,340
1820,6709.45586959696,6743.73686844122,2072.69458007812,340
1821,6743.95449617302,6743.90884050414,2072.69458007812,340
1822,6731.9538297465,6744.94178276023,2072.69458007812,340
1823,6779.45875638899,6747.02233432052,2072.69458007812,340
1824,6739.36315551714,6746.54269343589,2072.69458007812,340
1825,6717.90128151274,6743.99260227315,2070.36108398438,340
1826,6688.94347510619,6741.44712061616,2070.36108398438,340
1827,6753.55481118433,6740.4644705426,2070.36108398438,340
1828,6779.92375434546,6740.9395497446,2070.36108398438,340
1829,6730.79162601079,6741.73729255969,2070.36108398438,340
1830,6798.22552161862,6745.74788838199,2070.36108398438,340
1831,6605.24551868147,6740.84226734508,2070.36108398438,340
1832,6635.88827019647,6734.52972155023,2070.36108398438,340
1833,6745.42881872088,6737.72349315757,2066.16235351562,340
1834,6824.74961806565,6744.87552652417,2066.16235351562,340
1835,6783.1110907312,6743.227872427,2066.16235351562,340
1836,6762.25470944202,6741.32784044557,2066.16235351562,340
1837,6682.40281630208,6739.6769466627,2066.16235351562,340
1838,6750.13408172575,6741.15320489378,2066.16235351562,340
1839,6641.51696063698,6736.11633774926,2066.16235351562,340
1840,6726.57106927993,6734.22702548699,2066.16235351562,340
1841,6811.83308478925,6733.6906057203,2068.35302734375,340
1842,6804.31920139409,6734.29801360412,2068.35302734375,340
1843,6751.39304857359,6737.53843899173,2068.35302734375,340
1844,6469.85672155887,6726.72926349196,2068.35302734375,340
1845,6788.37780235174,6729.88614080215,2068.35302734375,340
1846,6774.81820853713,6731.12068929671,2068.35302734375,340
1847,6780.11939048098,6733.04731172609,2068.35302734375,340
1848,6767.13929072979,6732.55453309973,2068.35302734375,340
1849,6797.48370836525,6734.87935521365,2070.24829101562,340
1850,6683.48756546105,6733.50280657158,2070.24829101562,340
1851,6660.21237116357,6732.35356241388,2070.24829101562,340
1852,6632.88070381358,6727.52659811905,2070.24829101562,340
1853,6731.96851445588,6725.60838852346,2070.24829101562,340
1854,6704.17649488882,6724.54378327859,2070.24829101562,340
1855,6741.69623652623,6722.28261187489,2070.24829101562,340
1856,6759.21992001956,6728.44158792842,2070.24829101562,340
1857,6769.93404801146,6733.80341904101,2065.57299804688,340
1858,6807.04290480163,6736.26798248424,2065.57299804688,340
1859,6810.16169992707,6735.6844657587,2065.57299804688,340
1860,6748.66449555459,6734.30660195164,2065.57299804688,340
1861,6791.80932782162,6735.48878668682,2065.57299804688,340
1862,6803.75335069632,6740.34280806259,2065.57299804688,340
1863,6780.66130397344,6741.5638969525,2065.57299804688,340
1864,6710.88738116247,6744.33871377352,2065.57299804688,340
1865,6748.02249788277,6745.19677091763,2068.83837890625,340
1866,6791.8358118556,6744.39688000028,2068.83837890625,340
1867,6808.87638830024,6744.57916747653,2068.83837890625,340
1868,6749.86099052758,6744.51788515469,2068.83837890625,340
1869,6708.34270753627,6754.05732459379,2068.83837890625,340
1870,6779.97824892512,6753.72134245672,2068.83837890625,340
1871,6785.61487438121,6754.15320909048,2068.83837890625,340
1872,6758.56932920203,6753.29120663933,2068.83837890625,340
1873,6767.51894183061,6753.30639268336,2068.478515625,340
1874,6727.34069010762,6750.50067195305,2068.478515625,340
1875,6755.10979370481,6753.3655610828,2068.478515625,340
1876,6697.28102136836,6754.848307091,2068.478515625,340
1877,6779.65527066791,6760.71928976517,2068.478515625,340
1878,6795.65065169008,6763.26657525454,2068.478515625,340
1879,6766.06270423645,6765.74202362844,2068.478515625,340
1880,6770.94276098516,6766.9118846068,2068.478515625,340
1881,6744.44822339583,6766.32101674185,2069.10205078125,340
1882,6779.73165879183,6766.71292117307,2069.10205078125,340
1883,6759.73961074956,6764.82078941098,2069.10205078125,340
1884,6778.78027542399,6763.56553243086,2069.10205078125,340
1885,6751.17607303001,6763.66599552987,2069.10205078125,340
1886,6717.86955967898,6760.70840480417,2069.10205078125,340
1887,6761.1815613449,6759.00553323011,2069.10205078125,340
1888,6763.16372213304,6758.3056299565,2069.10205078125,340
1889,6776.85203864879,6760.94421625595,2073.60473632812,340
1890,6750.98188538597,6761.06259175608,2073.60473632812,340
1891,6702.38959643664,6757.48474313932,2073.60473632812,340
1892,6805.15527677919,6757.33589867848,2073.60473632812,340
1893,6846.55449570064,6761.2036388854,2073.60473632812,340
1894,6798.81675274086,6764.82260069358,2073.60473632812,340
1895,6759.77749704907,6764.01457061854,2073.60473632812,340
1896,6756.00259539783,6762.83007945921,2073.60473632812,340
1897,6850.02908769645,6766.48846979898,2077.20825195312,340
1898,6693.67564510952,6763.53473793014,2077.20825195312,340
1899,6817.09879090274,6767.12506196194,2077.20825195312,340
1900,6722.77357701518,6765.83161329436,2077.20825195312,340
1901,6779.31104052852,6769.11281406077,2077.20825195312,340
1902,6782.41880577691,6769.22335546513,2077.20825195312,340
1903,6794.14731016147,6769.16322180398,2077.20825195312,340
1904,6846.74886983342,6772.39066842786,2077.20825195312,340
1905,6711.02550886042,6769.99397834287,2077.83032226562,340
1906,6813.20283828737,6772.74416293853,2077.83032226562,340
1907,6735.72293811509,6770.98381411146,2077.83032226562,340
1908,6816.6690939999,6773.26099344148,2077.83032226562,340
1909,6803.56488724507,6774.25237791432,2077.83032226562,340
1910,6839.44001896072,6777.78293575155,2077.83032226562,340
1911,6800.7373147714,6781.09764595524,2077.83032226562,340
1912,6768.54894572466,6781.39234133044,2077.83032226562,340
1913,6761.99646098102,6781.34565088436,2082.03784179688,340
1914,6857.29851975318,6784.56351012853,2082.03784179688,340
1915,6818.48200347215,6787.26351485198,2082.03784179688,340
1916,6691.99584737202,6786.84776488939,2082.03784179688,340
1917,6666.58656571885,6781.30501644698,2082.03784179688,340
1918,6775.05571125167,6778.44506506902,2082.03784179688,340
1919,6728.64267261534,6775.638101864,2082.03784179688,340
1920,6754.70519207254,6775.43520966494,2082.03784179688,340
1921,6800.23675366198,6777.2045759955,2083.0966796875,340
1922,6796.07136997475,6775.04626728664,2083.0966796875,340
1923,6785.57049964119,6778.7220614679,2083.0966796875,340
1924,6782.60856047851,6777.34245225093,2083.0966796875,340
1925,6817.96185040091,6781.14998318636,2083.0966796875,340
1926,6782.66602147927,6781.28418242439,2083.0966796875,340
1927,6845.93174626728,6783.82470004401,2083.0966796875,340
1928,6807.38743503184,6784.35430503882,2083.0966796875,340
1929,6833.71099023737,6783.83278985498,2082.18798828125,340
1930,6811.44162506128,6787.84943450301,2082.18798828125,340
1931,6773.45031452137,6786.25933355237,2082.18798828125,340
1932,6705.14705027008,6785.03629803857,2082.18798828125,340
1933,6776.15255031816,6783.4156362913,2082.18798828125,340
1934,6777.83613417278,6782.38648616841,2082.18798828125,340
1935,6748.89604912718,6778.76472737507,2082.18798828125,340
1936,6748.83239425498,6776.68853055441,2082.18798828125,340
1937,6824.59339804655,6778.93030864729,2081.31909179688,340
1938,6744.8674639976,6778.24514876795,2081.31909179688,340
1939,6847.09583989411,6777.83704157359,2081.31909179688,340
1940,6573.39834415855,6768.03369520105,2081.31909179688,340
1941,6816.99548694968,6773.03368078415,2081.31909179688,340
1942,6760.46234467049,6776.78871194222,2081.31909179688,340
1943,6695.30379394727,6773.59863525004,2081.31909179688,340
1944,6756.52416935365,6774.71389511958,2081.31909179688,340
1945,6699.54245278374,6772.50738554802,2083.38452148438,340
1946,6807.09977917133,6772.7819065684,2083.38452148438,340
1947,6578.49165184461,6764.07871784319,2083.38452148438,340
1948,6730.10344910425,6761.86003582171,2083.38452148438,340
1949,6846.41889778081,6764.4124493138,2083.38452148438,340
1950,6830.48140644154,6764.91323155543,2083.38452148438,340
1951,6717.9048552774,6762.32278490735,2083.38452148438,340
1952,6849.56591692473,6762.46815173365,2083.38452148438,340
1953,6822.76372489437,6763.08320332815,2083.83813476562,340
1954,6656.7917471172,6756.00643360335,2083.83813476562,340
1955,6719.6127183466,6752.33327733476,2083.83813476562,340
1956,6782.46303201668,6752.69378603457,2083.83813476562,340
1957,6791.89671161808,6756.16377248849,2083.83813476562,340
1958,6829.89725223221,6758.31356056505,2083.83813476562,340
1959,6810.27792865878,6759.61123234449,2083.83813476562,340
1960,6517.90972102965,6750.37177922059,2083.83813476562,340
1961,6762.73256368386,6750.92778599775,2087.46459960938,340
1962,6715.84337792757,6746.57778519299,2087.46459960938,340
1963,6740.62684380748,6746.40816038538,2087.46459960938,340
1964,6768.33971636656,6743.25791544428,2087.46459960938,340
1965,6741.627212226,6749.98707016698,2087.46459960938,340
1966,6763.72194335506,6747.8561284232,2087.46459960938,340
1967,6811.77836030258,6749.90876904848,2087.46459960938,340
1968,6801.03878381327,6754.13816864312,2087.46459960938,340
1969,6776.02427402106,6754.91817282982,2087.55444335938,340
1970,6611.63031741298,6751.40168741499,2087.55444335938,340
1971,6717.7518149185,6747.82776884487,2087.55444335938,340
1972,6839.02802846178,6758.24922390956,2087.55444335938,340
1973,6681.93223081608,6756.32237517803,2087.55444335938,340
1974,6770.05694941436,6753.26789724337,2087.55444335938,340
1975,6687.21773840568,6747.53735052194,2087.55444335938,340
1976,6809.32937683305,6751.19433138417,2087.55444335938,340
1977,6812.62311616215,6749.71661935366,2088.24536132812,340
1978,6778.63142697595,6747.95132743693,2088.24536132812,340
1979,6825.27118411707,6754.69050491692,2088.24536132812,340
1980,6771.77057697984,6756.77681926225,2088.24536132812,340
1981,6793.47897478269,6757.21745697289,2088.24536132812,340
1982,6727.51487710972,6754.64218359256,2088.24536132812,340
1983,6626.19961779466,6746.49427821505,2088.24536132812,340
1984,6775.71197093827,6745.11163990623,2088.24536132812,340
1985,6576.2479512673,6747.44516911574,2086.86645507812,340
1986,6634.68452038293,6742.32324738371,2086.86645507812,340
1987,6762.23475761571,6744.17890257123,2086.86645507812,340
1988,6746.23010221032,6744.40303290734,2086.86645507812,340
1989,6784.38127267388,6745.04469515964,2086.86645507812,340
1990,6596.53415519333,6739.24097287833,2086.86645507812,340
1991,6625.93954879583,6733.72967709596,2086.86645507812,340
1992,6679.18341110608,6728.4258791281,2086.86645507812,340
1993,6616.47370351662,6721.04327591623,2088.36401367188,340
1994,6706.15976844544,6718.24869569321,2088.36401367188,340
1995,6696.84550577393,6721.65730322765,2088.36401367188,340
1996,6708.52792348464,6721.28834757029,2088.36401367188,340
1997,6687.86573045774,6715.24185565013,2088.36401367188,340
1998,6746.28640357226,6717.81602256038,2088.36401367188,340
1999,6673.89047463005,6713.969363569,2088.36401367188,340
2000,6802.91427975877,6718.59722522313,2088.36401367188,340
2001,6713.28982376932,6714.75564310058,2087.12841796875,340
2002,6812.42318279272,6714.7476457658,2087.12841796875,340
2003,6772.99854038265,6714.52233030207,2087.12841796875,340
2004,6756.15114652165,6711.75752879825,2087.12841796875,340
2005,6739.89000020694,6710.48230572734,2087.12841796875,340
2006,6735.04765963194,6708.14505312131,2087.12841796875,340
2007,6843.34611403599,6712.77830259836,2087.12841796875,340
2008,6688.90578518109,6715.28654929382,2087.12841796875,340
2009,6674.14592192825,6711.22390733341,2084.96484375,340
2010,6725.53014567733,6717.19519510982,2084.96484375,340
2011,6857.22013376954,6726.09661964528,2084.96484375,340
2012,6561.54764830493,6718.06913527285,2084.96484375,340
2013,6740.30016982609,6717.83193797748,2084.96484375,340
2014,6739.06528080587,6716.01929830276,2084.96484375,340
2015,6657.59709669274,6718.46181596274,2084.96484375,340
2016,6538.08182227016,6714.94750690171,2084.96484375,340
2017,6680.11989880805,6714.98496640979,2083.80297851562,340
2018,6775.0387023887,6721.32756636467,2083.80297851562,340
2019,6798.20432231853,6725.00934851959,2083.80297851562,340
2020,6773.92434256685,6728.09250199131,2083.80297851562,340
2021,6629.56504725355,6724.93398694207,2083.80297851562,340
2022,6717.95666993842,6726.1376245213,2083.80297851562,340
2023,6818.04912243848,6729.00813327594,2083.80297851562,340
2024,6681.28796396688,6729.30403284942,2083.80297851562,340
2025,6802.86090281665,6729.30189777173,2085.5859375,340
2026,6695.8304635283,6728.60352336209,2085.5859375,340
2027,6467.74824519633,6714.81652585824,2085.5859375,340
2028,6732.20904553374,6713.18494606428,2085.5859375,340
2029,6844.18055655446,6716.70612246559,2085.5859375,340
2030,6806.04640258721,6719.3523785608,2085.5859375,340
2031,6802.4088359532,6722.04682561365,2085.5859375,340
2032,6705.98361721281,6716.55232574073,2085.5859375,340
2033,6867.04622601351,6723.67794337402,2090.76928710938,340
2034,6753.23517174904,6726.84151336685,2090.76928710938,340
2035,6819.44730986399,6730.59819993432,2090.76928710938,340
2036,6653.11069548303,6722.43382240286,2090.76928710938,340
2037,6573.74033096008,6722.92152970907,2090.76928710938,340
2038,6828.89962117014,6726.46550776283,2090.76928710938,340
2039,6764.10821505037,6727.46722513261,2090.76928710938,340
2040,6771.35810633561,6732.01766551832,2090.76928710938,340
2041,6635.67871510619,6735.92154123177,2093.07861328125,340
2042,6732.66897237309,6738.02350417437,2093.07861328125,340
2043,6827.55520670935,6740.12416434719,2093.07861328125,340
2044,6800.39628292978,6740.21184277164,2093.07861328125,340
2045,6791.17587859424,6740.90190421274,2093.07861328125,340
2046,6819.06277336918,6748.48181325736,2093.07861328125,340
2047,6857.85252586084,6754.07764749426,2093.07861328125,340
2048,6812.11622579086,6753.84033162835,2093.07861328125,340
2049,6743.55665489985,6756.33107926567,2092.47875976562,340
2050,6838.94071972182,6757.77427194188,2092.47875976562,340
2051,6701.50096625913,6758.00109205111,2092.47875976562,340
2052,6757.00149592417,6769.57122208023,2092.47875976562,340
2053,6795.92486967339,6772.11985504581,2092.47875976562,340
2054,6785.66349482242,6769.77917257653,2092.47875976562,340
2055,6806.26615372032,6769.78796262186,2092.47875976562,340
2056,6775.18864964344,6768.69915516947,2092.47875976562,340
2057,6841.64308039013,6774.12553369656,2091.4755859375,340
2058,6784.43400258299,6770.82104475934,2091.4755859375,340
2059,6801.12254914135,6772.73653985503,2091.4755859375,340
2060,6825.14333351947,6772.96438080125,2091.4755859375,340
2061,6793.20170431272,6778.56802115444,2091.4755859375,340
2062,6814.31026713604,6788.19081860148,2091.4755859375,340
2063,6846.61425282709,6788.89940386775,2091.4755859375,340
2064,6883.32324895444,6793.66800522392,2091.4755859375,340
2065,6855.00753652935,6797.01398243166,2090.80517578125,340
2066,6792.58164254462,6803.2900995292,2090.80517578125,340
2067,6805.90232519252,6806.21943364198,2090.80517578125,340
2068,6832.23881927341,6806.40677814454,2090.80517578125,340
2069,6853.88176602003,6808.54619746815,2090.80517578125,340
2070,6826.45865038023,6809.95750833959,2090.80517578125,340
2071,6667.47918173576,6803.89416467425,2090.80517578125,340
2072,6856.88645199746,6803.85552171972,2090.80517578125,340
2073,6730.19524146733,6800.57868234678,2093.55322265625,340
2074,6856.84006072281,6805.1100185797,2093.55322265625,340
2075,6613.96243390612,6796.11088714707,2093.55322265625,340
2076,6812.78867248793,6800.56239539622,2093.55322265625,340
2077,6815.5724471106,6802.90523344368,2093.55322265625,340
2078,6810.96408805479,6803.50680217893,2093.55322265625,340
2079,6837.39167917481,6805.57592955303,2093.55322265625,340
2080,6831.64222332466,6806.5909723372,2093.55322265625,340
2081,6846.04167788581,6809.4250934669,2094.88940429688,340
2082,6877.37208811049,6810.85425377571,2094.88940429688,340
2083,6841.11670036628,6813.12156168704,2094.88940429688,340
2084,6814.15821762045,6813.64298842621,2094.88940429688,340
2085,6807.23283814999,6812.92656861143,2094.88940429688,340
2086,6844.89470614021,6814.99428868453,2094.88940429688,340
2087,6836.51454532021,6815.8824598119,2094.88940429688,340
2088,6809.44325938408,6814.39562007418,2094.88940429688,340
2089,6786.68434886869,6810.53006407075,2095.73315429688,340
2090,6834.5062026339,6809.71001071493,2095.73315429688,340
2091,6845.11394635312,6811.81130286727,2095.73315429688,340
2092,6811.77442303309,6812.04618678089,2095.73315429688,340
2093,6829.99633169504,6811.95648727775,2095.73315429688,340
2094,6780.11186351327,6809.00569117748,2095.73315429688,340
2095,6846.84799873206,6809.82126511156,2095.73315429688,340
2096,6827.71472881492,6816.23068699472,2095.73315429688,340
2097,6816.10197306984,6814.59930783762,2095.09448242188,340
2098,6821.48097933915,6818.25073735249,2095.09448242188,340
2099,6775.95303603039,6815.0152563648,2095.09448242188,340
2100,6786.06869634885,6821.89950686251,2095.09448242188,340
2101,6829.42083376691,6822.56479331367,2095.09448242188,340
2102,6807.86882213978,6822.25664831483,2095.09448242188,340
2103,6740.263998534,6819.428644734,2095.09448242188,340
2104,6811.65477764017,6818.39916867261,2095.09448242188,340
2105,6860.5904105808,6819.55709616286,2095.32495117188,340
2106,6831.03385288748,6818.95678316293,2095.32495117188,340
2107,6798.87241095937,6815.81679607688,2095.32495117188,340
2108,6769.7590013879,6812.96248811775,2095.32495117188,340
2109,6809.30849324427,6812.7684991427,2095.32495117188,340
2110,6774.98621939533,6811.47863439251,2095.32495117188,340
2111,6837.10419097312,6811.16701378583,2095.32495117188,340
2112,6853.1200815968,6811.83123523689,2095.32495117188,340
2113,6788.27630636398,6810.98455711609,2097.37133789062,340
2114,6768.55116440321,6810.25922973747,2097.37133789062,340
2115,6804.72129447209,6809.067833411,2097.37133789062,340
2116,6852.93450677533,6809.38065582789,2097.37133789062,340
2117,6796.28496448773,6808.76107748607,2097.37133789062,340
2118,6767.00559157871,6806.24144788142,2097.37133789062,340
2119,6800.82672332966,6807.07004227407,2097.37133789062,340
2120,6811.57945981247,6805.65930071729,2097.37133789062,340
2121,6799.82580802961,6804.54374388588,2097.0947265625,340
2122,6766.12516830175,6802.54467169515,2097.0947265625,340
2123,6775.09497035217,6800.68923133568,2097.0947265625,340
2124,6834.90992507032,6803.04750689727,2097.0947265625,340
2125,6844.02998079481,6805.36595827511,2097.0947265625,340
2126,6855.38837576457,6806.40465995502,2097.0947265625,340
2127,6791.91387714689,6805.7664621553,2097.0947265625,340
2128,6876.30530525418,6811.20811442411,2097.0947265625,340
2129,6854.80481797198,6812.93411603738,2097.30615234375,340
2130,6841.36919280963,6812.16526732653,2097.30615234375,340
2131,6840.45915133896,6812.54227926459,2097.30615234375,340
2132,6728.67289435348,6809.73429860036,2097.30615234375,340
2133,6852.39956079928,6813.03992097681,2097.30615234375,340
2134,6802.83764628111,6812.78108709829,2097.30615234375,340
2135,6860.76397821309,6816.212197451,2097.30615234375,340
2136,6779.07040957366,6813.89084619502,2097.30615234375,340
2137,6826.20714370387,6812.8143286793,2096.24462890625,340
2138,6838.41198216047,6814.81975571116,2096.24462890625,340
2139,6798.69123350016,6816.02535847504,2096.24462890625,340
2140,6828.84675923387,6816.99037706551,2096.24462890625,340
2141,6823.94068416906,6815.83062416126,2096.24462890625,340
2142,6836.91186895665,6817.45570034002,2096.24462890625,340
2143,6856.68295236367,6821.04279477141,2096.24462890625,340
2144,6806.65496334135,6821.27592437188,2096.24462890625,340
2145,6837.00176800889,6822.29281669974,2097.1650390625,340
2146,6854.07606107507,6824.46282682156,2097.1650390625,340
2147,6835.36011522439,6827.23222469846,2097.1650390625,340
2148,6862.2197152111,6830.71721449282,2097.1650390625,340
2149,6818.31192472565,6830.05329447903,2097.1650390625,340
2150,6878.73663221133,6831.44156053569,2097.1650390625,340
2151,6849.72892631669,6831.21518255778,2097.1650390625,340
2152,6825.92243499642,6832.57552487176,2097.1650390625,340
2153,6849.94380397179,6831.52106482046,2097.60986328125,340
2154,6804.96549256271,6829.52749180409,2097.60986328125,340
2155,6829.81973710343,6829.06551357585,2097.60986328125,340
2156,6888.41491012127,6830.98374392714,2097.60986328125,340
2157,6802.35951044099,6833.93120857064,2097.60986328125,340
2158,6847.18393239758,6833.72258343457,2097.60986328125,340
2159,6793.12670424005,6833.33414575293,2097.60986328125,340
2160,6898.8607071298,6834.8580149096,2097.60986328125,340
2161,6880.940595062,6838.93282232913,2099.08349609375,340
2162,6750.30404843631,6835.89669851843,2099.08349609375,340
2163,6816.23450481425,6835.00959942458,2099.08349609375,340
2164,6851.31000290523,6837.11435020078,2099.08349609375,340
2165,6714.43264500047,6832.53778563144,2099.08349609375,340
2166,6884.3400088695,6834.95375861946,2099.08349609375,340
2167,6848.64776256306,6835.42319436372,2099.08349609375,340
2168,6878.00721311204,6836.27616479365,2099.08349609375,340
2169,6875.12691735124,6839.01504295405,2101.83203125,340
2170,6711.25475296011,6833.9851623521,2101.83203125,340
2171,6858.42297869794,6834.15903905701,2101.83203125,340
2172,6704.60911927631,6828.92899921909,2101.83203125,340
2173,6851.84996031015,6828.51420902305,2101.83203125,340
2174,6847.12306761225,6829.66665473852,2101.83203125,340
2175,6858.30591000293,6828.84942585018,2101.83203125,340
2176,6864.89819045891,6829.45619641587,2101.83203125,340
2177,6784.19965666147,6827.78728528247,2102.06884765625,340
2178,6785.1884798148,6825.19707231619,2102.06884765625,340
2179,6862.51614265526,6827.49909831989,2102.06884765625,340
2180,6766.13357020601,6824.951651644,2102.06884765625,340
2181,6873.45998226649,6824.35345452981,2102.06884765625,340
2182,6572.0825765243,6815.14237717314,2102.06884765625,340
2183,6809.02459636274,6813.61600373174,2102.06884765625,340
2184,6872.00093500045,6816.77097296216,2102.06884765625,340
2185,6848.27644447433,6814.74760245594,2105.30590820312,340
2186,6789.9431605491,6811.10770507543,2105.30590820312,340
2187,6808.75314366787,6813.44566888469,2105.30590820312,340
2188,6721.68073824937,6809.66351822209,2105.30590820312,340
2189,6821.78284272808,6808.48243181501,2105.30590820312,340
2190,6744.67924766987,6809.69229592178,2105.30590820312,340
2191,6888.35670364211,6809.85296371269,2105.30590820312,340
2192,6775.23493574835,6806.9164506401,2105.30590820312,340
2193,6873.45053987761,6806.73418371072,2108.78149414062,340
2194,6882.87065223444,6807.04393310605,2108.78149414062,340
2195,6817.65096631285,6811.29978164016,2108.78149414062,340
2196,6860.05050501244,6811.36488269274,2108.78149414062,340
2197,6866.40324488597,6817.83664771713,2108.78149414062,340
2198,6850.53555881629,6817.78407165737,2108.78149414062,340
2199,6754.76402178702,6814.08970982436,2108.78149414062,340
2200,6847.74578144463,6813.66730468203,2108.78149414062,340
2201,6828.34617805036,6812.20522418569,2110.72509765625,340
2202,6732.89056250384,6810.15286041938,2110.72509765625,340
2203,6815.42262414199,6811.36222619247,2110.72509765625,340
2204,6825.89749156022,6809.89748014867,2110.72509765625,340
2205,6838.89529264043,6812.80794904605,2110.72509765625,340
2206,6800.16542946921,6809.87616693416,2110.72509765625,340
2207,6827.98742709459,6820.11236095697,2110.72509765625,340
2208,6808.29261692637,6820.08308177951,2110.72509765625,340
2209,6851.52337309912,6819.26397930346,2108.68896484375,340
2210,6779.51387521688,6816.51347653316,2108.68896484375,340
2211,6810.50185536072,6817.33582432563,2108.68896484375,340
2212,6865.25884720647,6819.59605246717,2108.68896484375,340
2213,6834.65562232834,6824.11504783033,2108.68896484375,340
2214,6784.45223715322,6822.62182360733,2108.68896484375,340
2215,6869.18957460906,6827.6022366849,2108.68896484375,340
2216,6728.98289023446,6821.2272841486,2108.68896484375,340
2217,6699.43586141711,6818.19532117535,2107.6396484375,340
2218,6710.25515737813,6811.66750587537,2107.6396484375,340
2219,6807.87503498182,6808.66768118526,2107.6396484375,340
2220,6845.56987517487,6809.78443753974,2107.6396484375,340
2221,6831.14417233724,6808.62818423273,2107.6396484375,340
2222,6887.79283562007,6809.4837678621,2107.6396484375,340
2223,6806.79905423025,6807.73430767866,2107.6396484375,340
2224,6771.41226462379,6808.40023739213,2107.6396484375,340
2225,6860.9004688667,6808.92642488901,2106.89672851562,340
2226,6864.8539543142,6810.38673593956,2106.89672851562,340
2227,6858.6848003298,6815.4185054526,2106.89672851562,340
2228,6734.04880712303,6812.16355277184,2106.89672851562,340
2229,6725.12748793979,6808.13275262703,2106.89672851562,340
2230,6819.58567225027,6807.36036781142,2106.89672851562,340
2231,6767.56551383202,6806.05637118593,2106.89672851562,340
2232,6814.25498269929,6805.50707341012,2106.89672851562,340
2233,6894.05900298623,6808.93772885251,2105.2666015625,340
2234,6851.94815081825,6808.95471996128,2105.2666015625,340
2235,6871.62135573376,6812.63901918195,2105.2666015625,340
2236,6851.6734497364,6814.28588295698,2105.2666015625,340
2237,6853.64273356775,6813.82123841143,2105.2666015625,340
2238,6845.74636815517,6814.26486824451,2105.2666015625,340
2239,6899.52909272,6818.86794246718,2105.2666015625,340
2240,6878.00436165231,6819.22053394891,2105.2666015625,340
2241,6890.65872060053,6825.68756716355,2106.47583007812,340
2242,6766.79785945116,6828.38204708491,2106.47583007812,340
2243,6855.15388781296,6834.17799630231,2106.47583007812,340
2244,6757.78520442993,6832.17440308023,2106.47583007812,340
2245,6867.68392166583,6833.05896493987,2106.47583007812,340
2246,6863.73297991203,6834.36251724286,2106.47583007812,340
2247,6854.27179631268,6833.02167567056,2106.47583007812,340
2248,6883.21403027024,6836.07827471216,2106.47583007812,340
2249,6856.79140423083,6839.49344029645,2106.83740234375,340
2250,6849.58485923448,6839.04081591116,2106.83740234375,340
2251,6836.47451108609,6837.90563818203,2106.83740234375,340
2252,6770.00045045801,6834.35826418716,2106.83740234375,340
2253,6850.67167500086,6839.02317890228,2106.83740234375,340
2254,6776.7952216249,6841.08988824968,2106.83740234375,340
2255,6810.96613439662,6840.74510673553,2106.83740234375,340
2256,6869.85963911456,6844.83687174683,2106.83740234375,340
2257,6829.91472048576,6845.46326125829,2105.3671875,340
2258,6844.37432061678,6843.47587396352,2105.3671875,340
2259,6883.77739256792,6844.7490436335,2105.3671875,340
2260,6872.60032860207,6844.78820254823,2105.3671875,340
2261,6783.80353935931,6842.07340613315,2105.3671875,340
2262,6864.59757588618,6842.51159982589,2105.3671875,340
2263,6845.24815071488,6842.49167112827,2105.3671875,340
2264,6876.97601633001,6841.58954807268,2105.3671875,340
2265,6833.47691324116,6839.80845013623,2106.9697265625,340
2266,6836.65846156759,6837.64843977491,2106.9697265625,340
2267,6848.95893421053,6840.93488276529,2106.9697265625,340
2268,6859.36336628517,6841.10326190418,2106.9697265625,340
2269,6791.19574534861,6842.43968354092,2106.9697265625,340
2270,6757.44801375754,6838.03024722459,2106.9697265625,340
2271,6862.6576059112,6837.98723226456,2106.9697265625,340
2272,6819.59677425705,6836.60023138233,2106.9697265625,340
2273,6873.35008158184,6836.2056734348,2109.31323242188,340
2274,6865.34805691105,6836.547939542,2109.31323242188,340
2275,6847.80011005153,6836.47654957469,2109.31323242188,340
2276,6864.02582871598,6837.57860227988,2109.31323242188,340
2277,6850.33066126073,6840.79181071199,2109.31323242188,340
2278,6873.16592060908,6841.69158053632,2109.31323242188,340
2279,6801.29786878642,6842.67168642278,2109.31323242188,340
2280,6855.9176831203,6844.46974837173,2109.31323242188,340
2281,6890.07955362267,6845.27854495205,2112.35180664062,340
2282,6798.21790213014,6844.01067221783,2112.35180664062,340
2283,6859.67865601051,6844.62284563358,2112.35180664062,340
2284,6872.16754034852,6844.1584515448,2112.35180664062,340
2285,6896.00623524044,6845.09468781034,2112.35180664062,340
2286,6878.90533512036,6848.89875964078,2112.35180664062,340
2287,6861.11880648647,6848.75960886479,2112.35180664062,340
2288,6885.43204006582,6850.36696443883,2112.35180664062,340
2289,6818.33963229987,6848.02150907762,2112.18481445312,340
2290,6801.24479900896,6846.73222450834,2112.18481445312,340
2291,6843.22315302338,6846.99481216657,2112.18481445312,340
2292,6838.13714153996,6846.56194045974,2112.18481445312,340
2293,6881.1965066836,6847.43526607568,2112.18481445312,340
2294,6874.68260744879,6850.77474055969,2112.18481445312,340
2295,6850.40892713656,6854.49317709485,2112.18481445312,340
2296,6867.25735846909,6854.67716719716,2112.18481445312,340
2297,6852.17044479648,6855.98011401874,2111.20556640625,340
2298,6907.50501996144,6857.34631155393,2111.20556640625,340
2299,6863.2252253085,6857.26139828982,2111.20556640625,340
2300,6564.58702553395,6845.93287490912,2111.20556640625,340
2301,6871.90576838721,6846.24807249597,2111.20556640625,340
2302,6868.27548110621,6846.96586528979,2111.20556640625,340
2303,6905.9855772477,6848.27865155533,2111.20556640625,340
2304,6816.46834388907,6848.88547055944,2111.20556640625,340
2305,6847.33565258205,6848.54218933791,2109.68920898438,340
2306,6792.81646790984,6844.65166590939,2109.68920898438,340
2307,6677.03836658615,6839.80448448764,2109.68920898438,340
2308,6876.30245346808,6840.46943638594,2109.68920898438,340
2309,6739.80634584636,6835.17498860585,2109.68920898438,340
2310,6861.33677145705,6833.78821005452,2109.68920898438,340
2311,6766.97701443351,6829.31107722704,2109.68920898438,340
2312,6847.39341699988,6828.76206164758,2109.68920898438,340
2313,6895.62680410231,6829.16985220904,2111.1845703125,340
2314,6843.49312680118,6830.17599198909,2111.1845703125,340
2315,6706.21101115395,6826.37464047489,2111.1845703125,340
2316,6649.91676014443,6818.64238475974,2111.1845703125,340
2317,6764.2756483969,6815.68792503401,2111.1845703125,340
2318,6844.85768314911,6814.23437209263,2111.1845703125,340
2319,6906.38627294347,6815.50251871242,2111.1845703125,340
2320,6722.94968666992,6810.40414909375,2111.1845703125,340
2321,6832.49378286375,6809.01360606954,2111.44067382812,340
2322,6878.83336706006,6810.08012296008,2111.44067382812,340
2323,6858.11547570421,6808.10454118979,2111.44067382812,340
2324,6864.28577634226,6808.14696323115,2111.44067382812,340
2325,6859.71721241963,6819.95217070657,2111.44067382812,340
2326,6862.86108217988,6819.59038325828,2111.44067382812,340
2327,6861.05327072728,6819.30149484312,2111.44067382812,340
2328,6887.88612188134,6818.57751662847,2111.44067382812,340
2329,6901.49756287096,6821.97868538774,2111.57495117188,340
2330,6854.11723747646,6822.24994878352,2111.57495117188,340
2331,6787.19170943169,6822.02495844439,2111.57495117188,340
2332,6877.21392188517,6830.03198065635,2111.57495117188,340
2333,6837.46394131459,6828.47844017021,2111.57495117188,340
2334,6877.49799322421,6833.98610606533,2111.57495117188,340
2335,6884.80197358534,6834.92471415046,2111.57495117188,340
2336,6835.65330148926,6837.67176563269,2111.57495117188,340
2337,6838.47120962631,6837.31487733775,2111.4228515625,340
2338,6868.23750219472,6836.21930526144,2111.4228515625,340
2339,6891.68468792758,6838.1469677065,2111.4228515625,340
2340,6865.89438308568,6844.53430258377,2111.4228515625,340
2341,6886.11559933587,6853.98225615143,2111.4228515625,340
2342,6838.11698335771,6856.93590954986,2111.4228515625,340
2343,6775.53046588704,6854.16282085938,2111.4228515625,340
2344,6861.03530135752,6852.34878199594,2111.4228515625,340
2345,6803.82295725056,6855.58371281916,2113.30639648438,340
2346,6809.71288674753,6854.67247697452,2113.30639648438,340
2347,6872.2025588715,6854.40724464697,2113.30639648438,340
2348,6859.99909680524,6854.48258949101,2113.30639648438,340
2349,6922.21958735781,6856.79994193163,2113.30639648438,340
2350,6879.69755906366,6857.5991557974,2113.30639648438,340
2351,6870.66918591097,6857.91147994664,2113.30639648438,340
2352,6841.25120645673,6857.11939737582,2113.30639648438,340
2353,6768.71292919274,6852.35246966827,2113.78784179688,340
2354,6843.66428594727,6850.03913859133,2113.78784179688,340
2355,6866.44499764499,6850.53224899807,2113.78784179688,340
2356,6847.91181257337,6852.96105312373,2113.78784179688,340
2357,6830.83120069028,6851.10574427594,2113.78784179688,340
2358,6829.55708144976,6850.78946988135,2113.78784179688,340
2359,6840.66616131317,6849.3161966049,2113.78784179688,340
2360,6802.70871675543,6846.03246633171,2113.78784179688,340
2361,6856.9585765407,6846.88467733377,2115.08618164062,340
2362,6782.89407390096,6844.66159190475,2115.08618164062,340
2363,6846.59577547587,6843.795922836,2115.08618164062,340
2364,6855.71950034196,6842.35731533257,2115.08618164062,340
2365,6833.54344485765,6841.06327780345,2115.08618164062,340
2366,6862.57268200754,6840.12156111032,2115.08618164062,340
2367,6885.02256820126,6841.99778450406,2115.08618164062,340
2368,6857.63226181426,6845.28185634115,2115.08618164062,340
2369,6890.80614290447,6846.47269000303,2115.00415039062,340
2370,6870.02148387904,6849.12063106817,2115.00415039062,340
2371,6846.31964451383,6850.58490137882,2115.00415039062,340
2372,6803.68710787424,6847.84428333893,2115.00415039062,340
2373,6829.6952905447,6846.63213108851,2115.00415039062,340
2374,6758.85922779117,6840.09771670584,2115.00415039062,340
2375,6646.91781563479,6830.78652696869,2115.00415039062,340
2376,6805.78501348769,6828.19116007175,2115.00415039062,340
2377,6911.00412113957,6830.98127665907,2114.97387695312,340
2378,6866.39614930273,6834.88860546347,2114.97387695312,340
2379,6810.82812229599,6833.57515891742,2114.97387695312,340
2380,6901.64796063138,6834.98327743687,2114.97387695312,340
2381,6865.67814860056,6835.69393087796,2114.97387695312,340
2382,6807.31575029057,6834.75331286197,2114.97387695312,340
2383,6814.55202408147,6834.15311056724,2114.97387695312,340
2384,6856.37297659601,6834.78138317855,2114.97387695312,340
2385,6869.36127400977,6837.44748546873,2115.83911132812,340
2386,6839.05411123667,6836.73130685657,2115.83911132812,340
2387,6860.20887358476,6839.82389884392,2115.83911132812,340
2388,6887.43496090149,6841.45746626094,2115.83911132812,340
2389,6870.12364606112,6842.03363208971,2115.83911132812,340
2390,6904.05756346911,6844.85419683417,2115.83911132812,340
2391,6886.7332908011,6845.82062118591,2115.83911132812,340
2392,6882.53594094041,6845.72115609547,2115.83911132812,340
2393,6904.90760402972,6847.61216978409,2115.04443359375,340
2394,6893.29192317742,6847.71160099501,2115.04443359375,340
2395,6881.17722478098,6848.15783063109,2115.04443359375,340
2396,6915.08494064751,6850.90844247644,2115.04443359375,340
2397,6904.25841970334,6854.9312949496,2115.04443359375,340
2398,6878.89730833393,6856.89937566117,2115.04443359375,340
2399,6904.7902647578,6862.73661713983,2115.04443359375,340
2400,6900.42263179533,6872.87680978626,2115.04443359375,340
2401,6854.58668424908,6874.82887661671,2115.97192382812,340
2402,6890.90819112491,6874.02503941613,2115.97192382812,340
2403,6857.85478396645,6873.68338480267,2115.97192382812,340
2404,6885.41676421902,6876.6669304796,2115.97192382812,340
2405,6860.95153928837,6875.03907362588,2115.97192382812,340
2406,6876.6486431128,6875.47789340636,2115.97192382812,340
2407,6853.34703231895,6877.3191446875,2115.97192382812,340
2408,6896.22927394217,6880.58623468193,2115.97192382812,340
2409,6732.42377832672,6875.62826675116,2115.88134765625,340
2410,6892.19613630783,6876.54166124308,2115.88134765625,340
2411,6903.57295626792,6879.12241504433,2115.88134765625,340
2412,6893.97570675299,6880.47308837106,2115.88134765625,340
2413,6632.13957763669,6870.26127304047,2115.88134765625,340
2414,6874.74509078767,6870.44613082953,2115.88134765625,340
2415,6906.29659679923,6870.53569216273,2115.88134765625,340
2416,6872.9306764516,6869.98358758875,2115.88134765625,340
2417,6864.34659254636,6869.25601365299,2115.82788085938,340
2418,6874.8266051189,6868.05277369656,2115.82788085938,340
2419,6774.73648556901,6863.31055619222,2115.82788085938,340
2420,6764.69536623514,6858.65128185039,2115.82788085938,340
2421,6893.93367452111,6857.80523120533,2115.82788085938,340
2422,6901.89071058224,6857.71052284049,2115.82788085938,340
2423,6822.23283108387,6855.44394375049,2115.82788085938,340
2424,6866.19415163417,6853.90009922554,2115.82788085938,340
2425,6883.80846336326,6853.23553248826,2116.283203125,340
2426,6892.57244488596,6854.75496291373,2116.283203125,340
2427,6887.01305623126,6854.59915751799,2116.283203125,340
2428,6899.90511718192,6856.28117084661,2116.283203125,340
2429,6786.23881484817,6852.31405287177,2116.283203125,340
2430,6893.82918255267,6853.62915860235,2116.283203125,340
2431,6802.37066910687,6850.65803964211,2116.283203125,340
2432,6908.01436241701,6852.84473284603,2116.283203125,340
2433,6894.24460117684,6852.76534593542,2114.56298828125,340
2434,6906.42786198092,6859.72550928158,2114.56298828125,340
2435,6921.12145115498,6860.88252187547,2114.56298828125,340
2436,6890.36602221632,6860.35424451341,2114.56298828125,340
2437,6813.58265117602,6857.13852229033,2114.56298828125,340
2438,6930.72356517171,6869.08188179173,2114.56298828125,340
2439,6778.78348743395,6865.24341765758,2114.56298828125,340
2440,6759.92857923943,6859.38869695519,2114.56298828125,340
2441,6848.34627928782,6858.40532106864,2114.67431640625,340
2442,6804.45684624366,6856.00973121653,2114.67431640625,340
2443,6808.35446800432,6853.35084573194,2114.67431640625,340
2444,6801.51878687619,6854.42213778423,2114.67431640625,340
2445,6885.07192440063,6859.23720011085,2114.67431640625,340
2446,6894.8167635282,6859.27252367113,2114.67431640625,340
2447,6881.57724206413,6858.45998493041,2114.67431640625,340
2448,6889.95311882197,6861.16879643993,2114.67431640625,340
2449,6869.27185512921,6861.29190457974,2114.64916992188,340
2450,6863.05235639751,6860.46166030111,2114.64916992188,340
2451,6897.59365579609,6860.66250873751,2114.64916992188,340
2452,6787.1999842962,6856.66998586011,2114.64916992188,340
2453,6834.45312279291,6854.05190608455,2114.64916992188,340
2454,6885.5997563753,6858.02634374564,2114.64916992188,340
2455,6783.65705529487,6853.61945865532,2114.64916992188,340
2456,6906.95795100266,6857.80294993116,2114.64916992188,340
2457,6833.80578164416,6854.83460670024,2114.20385742188,340
2458,6922.56324646919,6855.96735251194,2114.20385742188,340
2459,6891.85937017359,6855.38461283964,2114.20385742188,340
2460,6852.04850528828,6852.62169500497,2114.20385742188,340
2461,6920.76353539463,6853.8375955321,2114.20385742188,340
2462,6838.89154198692,6854.84995116454,2114.20385742188,340
2463,6857.28911152643,6851.91257301873,2114.20385742188,340
2464,6915.865912634,6857.39587002673,2114.20385742188,340
2465,6912.22535615051,6863.48774110317,2113.751953125,340
2466,6878.01389633236,6864.67444578496,2113.751953125,340
2467,6907.27338977758,6868.78710752631,2113.751953125,340
2468,6913.41617458565,6872.98957578957,2113.751953125,340
2469,6908.77943301223,6877.28000163501,2113.751953125,340
2470,6880.03465886782,6877.0785110137,2113.751953125,340
2471,6928.90279400142,6878.44195223263,2113.751953125,340
2472,6906.38775682801,6879.43437282318,2113.751953125,340
2473,6856.68262159023,6878.10355293391,2113.02490234375,340
2474,6836.47093725252,6876.79151621884,2113.02490234375,340
2475,6900.60203117355,6878.29350320988,2113.02490234375,340
2476,6805.22929399963,6874.59892873803,2113.02490234375,340
2477,6793.5456825716,6874.85275666904,2113.02490234375,340
2478,6873.83015064573,6876.42783778316,2113.02490234375,340
2479,6809.2710628987,6873.37469004409,2113.02490234375,340
2480,6836.62960343574,6875.49359196973,2113.02490234375,340
2481,6838.5323369161,6872.75656740626,2114.29663085938,340
2482,6916.41287872399,6876.06085128946,2114.29663085938,340
2483,6935.28035592989,6876.56953566789,2114.29663085938,340
2484,6891.06109938296,6876.53760483626,2114.29663085938,340
2485,6914.23754722979,6879.02516651392,2114.29663085938,340
2486,6868.11932243478,6876.91939799553,2114.29663085938,340
2487,6925.34076364285,6880.37736686176,2114.29663085938,340
2488,6789.02447851788,6877.64678154142,2114.29663085938,340
2489,6897.19242380825,6876.89984198839,2114.87670898438,340
2490,6887.80623755228,6875.92307724446,2114.87670898438,340
2491,6892.93969611128,6876.52010923562,2114.87670898438,340
2492,6862.01350878743,6874.70971399601,2114.87670898438,340
2493,6915.13360513492,6874.77841121798,2114.87670898438,340
2494,6872.72333584435,6873.33616733127,2114.87670898438,340
2495,6861.61678391554,6872.59945233318,2114.87670898438,340
2496,6852.72463275422,6869.55232588329,2114.87670898438,340
2497,6925.56960243444,6870.31959970755,2115.87426757812,340
2498,6894.47779165704,6871.83140651022,2115.87426757812,340
2499,6924.94686175249,6875.37044349022,2115.87426757812,340
2500,6917.72746227389,6876.05546073423,2115.87426757812,340
2501,6907.66574495414,6880.15291877241,2115.87426757812,340
2502,6898.04043169955,6884.33270873753,2115.87426757812,340
2503,6821.86566244382,6882.25412920945,2115.87426757812,340
2504,6921.64466964291,6886.74907347922,2115.87426757812,340
2505,6903.36514492559,6889.41849513882,2116.67724609375,340
2506,6908.40602833369,6892.21344279552,2116.67724609375,340
2507,6935.97822797739,6892.99605676565,2116.67724609375,340
2508,6885.51100987991,6891.00528292365,2116.67724609375,340
2509,6921.25437323502,6892.21301387774,2116.67724609375,340
2510,6866.13408998977,6890.28887558814,2116.67724609375,340
2511,6921.03046991964,6892.40532148753,2116.67724609375,340
2512,6848.73403579665,6889.34105237368,2116.67724609375,340
2513,6942.35746037908,6895.47437164813,2116.69409179688,340
2514,6903.55347585844,6895.72881373014,2116.69409179688,340
2515,6860.31861394367,6894.62930878579,2116.69409179688,340
2516,6920.37264384221,6895.72662669503,2116.69409179688,340
2517,6898.53948300856,6897.18766566388,2116.69409179688,340
2518,6848.85998642348,6894.53672091542,2116.69409179688,340
2519,6859.62770681115,6894.01289575409,2116.69409179688,340
2520,6913.35608410889,6896.08246776183,2116.69409179688,340
2521,6916.0675984121,6898.61618638814,2117.03247070312,340
2522,6891.94263250907,6897.27110759113,2117.03247070312,340
2523,6883.54212236758,6896.83368081955,2117.03247070312,340
2524,6913.97914599566,6896.39497218927,2117.03247070312,340
2525,6919.59314197141,6896.46959937718,2117.03247070312,340
2526,6912.67725180754,6896.67005965131,2117.03247070312,340
2527,6885.91229170853,6896.18493405167,2117.03247070312,340
2528,6734.95266889487,6892.70841430971,2117.03247070312,340
2529,6892.74402999116,6891.55238872364,2118.02465820312,340
2530,6549.21513290694,6877.3863882429,2118.02465820312,340
2531,6845.36559653535,6874.86477097096,2118.02465820312,340
2532,6899.24603234118,6873.39548314551,2118.02465820312,340
2533,6906.38223688599,6874.23033222576,2118.02465820312,340
2534,6661.90952462347,6863.8565382813,2118.02465820312,340
2535,6874.73713599078,6864.20066012134,2118.02465820312,340
2536,6847.51184692226,6861.25991520144,2118.02465820312,340
2537,6878.72995074368,6862.45975179932,2118.11401367188,340
2538,6864.86054837441,6859.35987531913,2118.11401367188,340
2539,6898.16285895832,6859.14425064313,2118.11401367188,340
2540,6876.12558348734,6859.77652942488,2118.11401367188,340
2541,6866.29529464676,6857.61343545706,2118.11401367188,340
2542,6882.29674255449,6856.9637258389,2118.11401367188,340
2543,6611.13366744766,6847.45467307986,2118.11401367188,340
2544,6870.04571178252,6847.87139327872,2118.11401367188,340
2545,6802.6374534665,6843.44264805302,2122.46411132812,340
2546,6863.62646254086,6841.34500261817,2122.46411132812,340
2547,6855.80172378589,6839.89936626925,2122.46411132812,340
2548,6860.36378733903,6838.9722328681,2122.46411132812,340
2549,6890.8829190369,6838.04838378975,2122.46411132812,340
2550,6882.4132034908,6836.56118625053,2122.46411132812,340
2551,6923.14151674128,6836.97975684788,2122.46411132812,340
2552,6900.74827218186,6837.57319606681,2122.46411132812,340
2553,6864.45380750798,6842.75324161134,2120.01831054688,340
2554,6895.45863840486,6842.86182594789,2120.01831054688,340
2555,6900.03726076056,6856.89471106203,2120.01831054688,340
2556,6849.72891549705,6857.0692438205,2120.01831054688,340
2557,6872.80023395289,6856.01141188497,2120.01831054688,340
2558,6858.55384479578,6854.09827620136,2120.01831054688,340
2559,6879.29941203658,6862.79387169788,2120.01831054688,340
2560,6843.855905245,6861.55862246805,2120.01831054688,340
2561,6916.25985289135,6864.30854270681,2121.05029296875,340
2562,6892.85181756694,6864.87341737974,2121.05029296875,340
2563,6870.63384141565,6865.10434910139,2121.05029296875,340
2564,6895.74121726933,6865.00748343383,2121.05029296875,340
2565,6892.16933046974,6865.64923331313,2121.05029296875,340
2566,6872.33993586527,6865.89101896187,2121.05029296875,340
2567,6865.15466276306,6865.20533577021,2121.05029296875,340
2568,6883.74395040094,6876.10974708834,2121.05029296875,340
2569,6916.99317695952,6877.98764569543,2123.0966796875,340
2570,6745.58069214439,6875.70537524254,2123.0966796875,340
2571,6887.59213410417,6876.66400210507,2123.0966796875,340
2572,6838.75617104026,6875.98217999525,2123.0966796875,340
2573,6898.67040099001,6877.51444454129,2123.0966796875,340
2574,6919.91684332297,6878.67580151273,2123.0966796875,340
2575,6893.24399189599,6879.10903304894,2123.0966796875,340
2576,6905.35667454247,6878.39763936098,2123.0966796875,340
2577,6887.48181407089,6877.86698103655,2124.06030273438,340
2578,6874.93719635184,6878.2863165903,2124.06030273438,340
2579,6846.26722013678,6876.31865985958,2124.06030273438,340
2580,6903.99523203516,6876.47697871056,2124.06030273438,340
2581,6925.51078761303,6879.5082535952,2124.06030273438,340
2582,6920.26847099346,6881.40698307682,2124.06030273438,340
2583,6930.42806990391,6884.28195208115,2124.06030273438,340
2584,6898.63207617045,6885.0552586465,2124.06030273438,340
2585,6930.30055361081,6888.51304458114,2123.8173828125,340
2586,6910.64124075954,6888.28830009586,2123.8173828125,340
2587,6887.11652960256,6888.05888857729,2123.8173828125,340
2588,6898.94024607452,6889.19114476364,2123.8173828125,340
2589,6877.65017006982,6888.46750287566,2123.8173828125,340
2590,6904.4062199157,6888.9569784535,2123.8173828125,340
2591,6927.62311068015,6891.1683054461,2123.8173828125,340
2592,6907.70798290721,6892.87043825186,2123.8173828125,340
2593,6836.91102927525,6890.99712140683,2123.12963867188,340
2594,6895.92480294909,6890.15438644642,2123.12963867188,340
2595,6808.66123640162,6892.67760821671,2123.12963867188,340
2596,6904.16209693,6893.34040672974,2123.12963867188,340
2597,6932.29584990954,6897.08199388451,2123.12963867188,340
2598,6839.63160312823,6894.72044197004,2123.12963867188,340
2599,6888.0264951408,6893.44482804275,2123.12963867188,340
2600,6802.69242528187,6889.82276537819,2123.12963867188,340
2601,6836.56556321048,6887.07112092491,2122.2744140625,340
2602,6889.9152810118,6887.16845960254,2122.2744140625,340
2603,6805.78491208581,6884.4023682319,2122.2744140625,340
2604,6929.27252055212,6887.72258024852,2122.2744140625,340
2605,6901.15179843589,6887.60884290454,2122.2744140625,340
2606,6826.28983770904,6883.64000490839,2122.2744140625,340
2607,6903.3080356336,6882.96158749399,2122.2744140625,340
2608,6924.75694254877,6882.73474239979,2122.2744140625,340
2609,6917.69451633421,6883.49724000634,2122.19921875,340
2610,6910.83826674921,6882.71874853187,2122.19921875,340
2611,6891.32850041805,6881.94623891821,2122.19921875,340
2612,6934.39324585695,6883.83730756839,2122.19921875,340
2613,6913.97649331672,6884.43875745808,2122.19921875,340
2614,6886.02556474773,6884.77377324519,2122.19921875,340
2615,6932.45641074644,6885.89578087842,2122.19921875,340
2616,6902.54168444861,6884.89252382916,2122.19921875,340
2617,6917.48392814477,6885.28356163866,2122.50732421875,340
2618,6884.39697253386,6887.18299936901,2122.50732421875,340
2619,6918.452455943,6888.08410548877,2122.50732421875,340
2620,6747.91596404382,6885.65429459445,2122.50732421875,340
2621,6940.70837650728,6887.11614577754,2122.50732421875,340
2622,6911.56782075487,6886.28702461136,2122.50732421875,340
2623,6920.20060772745,6889.50978479533,2122.50732421875,340
2624,6950.91777691035,6892.02543606611,2122.50732421875,340
2625,6913.3496014353,6896.45172311225,2121.86279296875,340
2626,6901.68774443408,6899.05661036119,2121.86279296875,340
2627,6899.32421752634,6899.43296782177,2121.86279296875,340
2628,6930.53042361677,6904.42278828301,2121.86279296875,340
2629,6939.85786661896,6904.84620212568,2121.86279296875,340
2630,6875.71970036171,6903.82891820272,2121.86279296875,340
2631,6921.80302482028,6907.64944568717,2121.86279296875,340
2632,6813.39545842609,6904.05294259887,2121.86279296875,340
2633,6927.13300903223,6904.1479852582,2120.947265625,340
2634,6928.92231625641,6904.59709725509,2120.947265625,340
2635,6910.32987065108,6904.57676141117,2120.947265625,340
2636,6941.25222741789,6906.57371049116,2120.947265625,340
2637,6909.63574432027,6905.58341042969,2120.947265625,340
2638,6880.7906172453,6904.25597538684,2120.947265625,340
2639,6909.54966088494,6905.19693923232,2120.947265625,340
2640,6937.31472681192,6905.39127187494,2120.947265625,340
2641,6922.01769946528,6906.17031247561,2121.6455078125,340
2642,6928.97519023267,6906.62996295913,2121.6455078125,340
2643,6922.57735440822,6908.1571782341,2121.6455078125,340
2644,6930.4846266548,6908.63846506257,2121.6455078125,340
2645,6898.50802197296,6914.66214737974,2121.6455078125,340
2646,6948.30184621444,6914.96588616802,2121.6455078125,340
2647,6921.53114212911,6915.36441902299,2121.6455078125,340
2648,6930.51660514703,6915.77705891978,2121.6455078125,340
2649,6919.15588396414,6914.50658320193,2122.26733398438,340
2650,6913.2221064778,6914.50148340363,2122.26733398438,340
2651,6892.6686858042,6914.14072105843,2122.26733398438,340
2652,6936.06349371111,6915.61029210582,2122.26733398438,340
2653,6883.45724841907,6913.72736509792,2122.26733398438,340
2654,6885.15075157325,6911.53908049609,2122.26733398438,340
2655,6923.86874300585,6913.46504220185,2122.26733398438,340
2656,6923.77340706543,6913.54385749166,2122.26733398438,340
2657,6933.29474591391,6918.33982899117,2122.82080078125,340
2658,6890.39903194198,6916.87046990756,2122.82080078125,340
2659,6931.42866168184,6916.97072372458,2122.82080078125,340
2660,6909.28674882547,6916.92899885155,2122.82080078125,340
2661,6896.41381368738,6915.13546230234,2122.82080078125,340
2662,6880.4653379753,6913.96864604854,2122.82080078125,340
2663,6858.68663551011,6913.08448677913,2122.82080078125,340
2664,6855.63573697131,6910.92792982258,2122.82080078125,340
2665,6874.68687731324,6908.42281584264,2122.38916015625,340
2666,6863.43819225515,6906.07963555423,2122.38916015625,340
2667,6911.07155650762,6905.36349020523,2122.38916015625,340
2668,6902.47481893169,6904.55938878617,2122.38916015625,340
2669,6947.83347101067,6905.2533425604,2122.38916015625,340
2670,6919.33764143323,6906.08652733881,2122.38916015625,340
2671,6873.77166978157,6903.1053202815,2122.38916015625,340
2672,6883.73538214811,6901.59348988226,2122.38916015625,340
2673,6863.35574487018,6898.90705547118,2123.724609375,340
2674,6768.12623107964,6892.8658693558,2123.724609375,340
2675,6771.71714338724,6887.20567083218,2123.724609375,340
2676,6894.21992988837,6887.26772059555,2123.724609375,340
2677,6926.70865750835,6886.89352714744,2123.724609375,340
2678,6928.97198695989,6888.71411668907,2123.724609375,340
2679,6921.36594908423,6890.16272458951,2123.724609375,340
2680,6855.9932008693,6887.44770290405,2123.724609375,340
2681,6760.69098415197,6880.92440598751,2125.82202148438,340
2682,6898.12937600626,6879.5177911912,2125.82202148438,340
2683,6929.94605014007,6881.09967191913,2125.82202148438,340
2684,6936.61634465018,6881.30717923786,2125.82202148438,340
2685,6889.90777244835,6880.53202018278,2125.82202148438,340
2686,6487.15390916023,6864.16162400169,2125.82202148438,340
2687,6896.82118834674,6864.81585801655,2125.82202148438,340
2688,6923.89107519121,6867.42403560379,2125.82202148438,340
2689,6845.85310739687,6867.03273042081,2128.45776367188,340
2690,6865.4379837867,6866.66277467975,2128.45776367188,340
2691,6874.00024644,6867.08525684715,2128.45776367188,340
2692,6884.24052989282,6866.01201578255,2128.45776367188,340
2693,6860.74288994316,6864.34273862301,2128.45776367188,340
2694,6888.5341869837,6861.97076726193,2128.45776367188,340
2695,6888.11740711376,6860.72195788916,2128.45776367188,340
2696,6884.73789771596,6861.16060700653,2128.45776367188,340
2697,6837.37358927777,6859.30613529172,2127.81469726562,340
2698,6890.3597783409,6860.38629663055,2127.81469726562,340
2699,6867.88740126534,6864.37674343798,2127.81469726562,340
2700,6856.10748134342,6867.75235695622,2127.81469726562,340
2701,6894.3218969839,6867.75643564004,2127.81469726562,340
2702,6885.90460516259,6866.12427354621,2127.81469726562,340
2703,6903.29912404438,6865.09735902959,2127.81469726562,340
2704,6901.69871304262,6864.31066958793,2127.81469726562,340
2705,6906.46407601581,6866.32950459379,2127.44018554688,340
2706,6924.7897154023,6872.8934538438,2127.44018554688,340
2707,6905.28692711102,6873.17975588799,2127.44018554688,340
2708,6910.9491627448,6872.41988039218,2127.44018554688,340
2709,6884.00872609669,6870.31557565004,2127.44018554688,340
2710,6930.193709124,6871.92701311707,2127.44018554688,340
2711,6934.74780303961,6889.83076887224,2127.44018554688,340
2712,6904.47918910319,6890.1370889025,2127.44018554688,340
2713,6947.10355604517,6891.06558813666,2128.24633789062,340
2714,6905.56229972503,6893.45395582978,2128.24633789062,340
2715,6924.06612226509,6895.79908136892,2128.24633789062,340
2716,6927.53795914647,6897.94058987718,2128.24633789062,340
2717,6912.33131225754,6899.06422117177,2128.24633789062,340
2718,6941.59145729865,6902.29816386599,2128.24633789062,340
2719,6845.5560162718,6900.57903703751,2128.24633789062,340
2720,6911.27595194714,6901.50537883085,2128.24633789062,340
2721,6923.69396732697,6903.06362161529,2127.25341796875,340
2722,6907.46564306146,6905.86730376664,2127.25341796875,340
2723,6911.968056851,6906.73163490704,2127.25341796875,340
2724,6887.2818670248,6907.50741353742,2127.25341796875,340
2725,6936.72348253487,6910.73205358508,2127.25341796875,340
2726,6933.14486323912,6912.28497223529,2127.25341796875,340
2727,6928.39769038424,6913.98469564415,2127.25341796875,340
2728,6927.46433767643,6914.95130418943,2127.25341796875,340
2729,6946.62108923291,6916.74819923704,2127.28149414062,340
2730,6849.47689665768,6914.46871206272,2127.28149414062,340
2731,6898.14424334635,6913.40289318048,2127.28149414062,340
2732,6912.64925540283,6913.69738631215,2127.28149414062,340
2733,6943.87487934329,6915.01441497609,2127.28149414062,340
2734,6850.89037236364,6913.68968082677,2127.28149414062,340
2735,6907.88838893927,6912.79746801938,2127.28149414062,340
2736,6908.85895334373,6911.76191403155,2127.28149414062,340
2737,6944.89483764164,6913.37853997309,2126.9921875,340
2738,6906.82858099491,6911.76754097107,2126.9921875,340
2739,6893.20776753232,6911.27335968337,2126.9921875,340
2740,6926.58319669447,6911.37404266054,2126.9921875,340
2741,6873.25399115356,6909.20268394083,2126.9921875,340
2742,6913.18749108641,6909.23693109398,2126.9921875,340
2743,6932.75564327652,6908.88349853309,2126.9921875,340
2744,6948.57034897227,6913.00407184111,2126.9921875,340
2745,6934.49968363404,6913.93302110859,2127.02172851562,340
2746,6941.96324732577,6914.66379230854,2127.02172851562,340
2747,6919.7691176682,6915.15593129281,2127.02172851562,340
2748,6932.89288054223,6915.99292424046,2127.02172851562,340
2749,6928.76962781137,6917.65243467192,2127.02172851562,340
2750,6931.47668277087,6917.44256268136,2127.02172851562,340
2751,6942.4389996825,6917.8143281391,2127.02172851562,340
2752,6925.27253957647,6917.68932210679,2127.02172851562,340
2753,6924.72441571159,6917.57972522819,2126.06762695312,340
2754,6837.42344055382,6913.21181928103,2126.06762695312,340
2755,6952.99293011174,6917.35246061919,2126.06762695312,340
2756,6948.38399408172,6919.36205064861,2126.06762695312,340
2757,6946.74271235642,6920.72578892675,2126.06762695312,340
2758,6832.89434586195,6916.2865675875,2126.06762695312,340
2759,6954.76185610036,6920.44142693697,2126.06762695312,340
2760,6934.3392675433,6921.49946208113,2126.06762695312,340
2761,6952.26699698464,6923.23578382676,2126.50317382812,340
2762,6881.37539210243,6920.6950060052,2126.50317382812,340
2763,6866.79073512466,6919.09349217039,2126.50317382812,340
2764,6964.69896536654,6921.95314008375,2126.50317382812,340
2765,6945.09309941314,6922.6935361925,2126.50317382812,340
2766,6935.30294712866,6925.17549443151,2126.50317382812,340
2767,6936.96855789988,6926.12673710404,2126.50317382812,340
2768,6937.61756889778,6926.3212141289,2126.50317382812,340
2769,6873.697449143,6923.32629813572,2126.34838867188,340
2770,6862.19485679404,6920.43410506212,2126.34838867188,340
2771,6855.55230315346,6916.97766729523,2126.34838867188,340
2772,6952.4808201869,6918.28613539598,2126.34838867188,340
2773,6944.7405482066,6918.76004210255,2126.34838867188,340
2774,6954.70108211198,6919.79730027458,2126.34838867188,340
2775,6935.53589860397,6919.9596689079,2126.34838867188,340
2776,6883.07279489216,6917.58502071629,2126.34838867188,340
2777,6929.81282436529,6917.76663210784,2123.92749023438,340
2778,6940.81208585404,6918.41013891354,2123.92749023438,340
2779,6955.48884591851,6923.13275512813,2123.92749023438,340
2780,6957.61378942697,6923.31758950074,2123.92749023438,340
2781,6947.75215712995,6923.29231602266,2123.92749023438,340
2782,6940.52834525862,6923.04374133875,2123.92749023438,340
2783,6924.09199815472,6926.69164743046,2123.92749023438,340
2784,6930.27513125683,6925.71217843672,2123.92749023438,340
2785,6908.84642006331,6924.69246453752,2125.39233398438,340
2786,6944.37916109671,6924.37695110201,2125.39233398438,340
2787,6910.38654133499,6925.53739707131,2125.39233398438,340
2788,6926.07777030151,6927.90887847838,2125.39233398438,340
2789,6890.31331476374,6924.93345245427,2125.39233398438,340
2790,6931.2085789992,6924.37807163771,2125.39233398438,340
2791,6923.08879716123,6923.88950563901,2125.39233398438,340
2792,6949.12953089916,6924.37594455899,2125.39233398438,340
2793,6928.22373096279,6924.00019104159,2127.15600585938,340
2794,6955.5107390011,6927.27272263591,2127.15600585938,340
2795,6885.55292916797,6928.20704553087,2127.15600585938,340
2796,6903.44902964447,6930.12291459051,2127.15600585938,340
2797,6628.4263192842,6917.1607345544,2127.15600585938,340
2798,6892.61323313169,6915.0756419514,2127.15600585938,340
2799,6931.61922904219,6914.15236782861,2127.15600585938,340
2800,6811.75556765017,6909.20115459046,2127.15600585938,340
2801,6940.86095628389,6911.51268104613,2128.41235351562,340
2802,6934.95583441076,6911.71840144795,2128.41235351562,340
2803,6843.48485370627,6907.82531216204,2128.41235351562,340
2804,6928.55439277163,6906.74793403616,2128.41235351562,340
2805,6711.98217023931,6896.92266926866,2128.41235351562,340
2806,6925.35288458471,6896.02669836685,2128.41235351562,340
2807,6955.7195840035,6896.63434791664,2128.41235351562,340
2808,6906.90746341915,6895.94696652722,2128.41235351562,340
2809,6932.11647339868,6896.02062021289,2130.83715820312,340
2810,6893.41565283151,6895.40338952362,2130.83715820312,340
2811,6920.8545103367,6894.46240349322,2130.83715820312,340
2812,6890.18596888293,6893.65438059514,2130.83715820312,340
2813,6913.02653539939,6893.13233119905,2130.83715820312,340
2814,6944.45285158756,6895.29791267201,2130.83715820312,340
2815,6922.34706036341,6894.94345192658,2130.83715820312,340
2816,6898.27722202734,6893.95098892122,2130.83715820312,340
2817,6630.08810968922,6881.18933207282,2130.43798828125,340
2818,6860.89712421519,6878.49626780292,2130.43798828125,340
2819,6820.30315157612,6873.08796430592,2130.43798828125,340
2820,6878.43332826282,6872.80318026971,2130.43798828125,340
2821,6881.20993935857,6871.91361665828,2130.43798828125,340
2822,6694.40873853729,6874.5529134284,2130.43798828125,340
2823,6956.15755821359,6877.09468643168,2130.43798828125,340
2824,6583.46301196641,6863.16843774864,2130.43798828125,340
2825,6893.98939848359,6866.45779098198,2127.26147460938,340
2826,6910.16794654355,6865.23007059237,2127.26147460938,340
2827,6884.98695418502,6863.23131538334,2127.26147460938,340
2828,6913.38237160379,6866.02721609924,2127.26147460938,340
2829,6822.29579500788,6861.77687218869,2127.26147460938,340
2830,6920.26049253424,6870.10800508049,2127.26147460938,340
2831,6947.90538835435,6871.01010523127,2127.26147460938,340
2832,6884.14261320645,6868.14702639939,2127.26147460938,340
2833,6826.25975403647,6864.92111802408,2125.71630859375,340
2834,6921.49736209468,6864.49635357192,2125.71630859375,340
2835,6907.53861748866,6865.06127215821,2125.71630859375,340
2836,6894.49285691211,6864.00680602123,2125.71630859375,340
2837,6923.73481456659,6865.34875984857,2125.71630859375,340
2838,6786.57734607756,6860.2907922757,2125.71630859375,340
2839,6966.64786822883,6861.17859294135,2125.71630859375,340
2840,6926.33843881512,6861.33824807942,2125.71630859375,340
2841,6913.01198963654,6861.92763878379,2128.05883789062,340
2842,6896.60963429166,6872.58849976788,2128.05883789062,340
2843,6952.23036131268,6876.24182925178,2128.05883789062,340
2844,6917.65359270831,6880.13584689707,2128.05883789062,340
2845,6923.34154143192,6881.93217542383,2128.05883789062,340
2846,6941.22096880221,6884.33261660158,2128.05883789062,340
2847,6898.17670211562,6892.48333514471,2128.05883789062,340
2848,6873.55460053617,6889.17921683762,2128.05883789062,340
2849,6934.22578311816,6903.20972768369,2126.42626953125,340
2850,6932.99681628519,6904.77002439575,2126.42626953125,340
2851,6907.11654562521,6904.64796835902,2126.42626953125,340
2852,6773.9979358311,6900.20840762486,2126.42626953125,340
2853,6942.24729182076,6901.36300443354,2126.42626953125,340
2854,6922.19010985125,6905.35877702727,2126.42626953125,340
2855,6880.44073199888,6903.76598660586,2126.42626953125,340
2856,6586.57755981101,6889.31287346413,2126.42626953125,340
2857,6908.7045147605,6890.29534952629,2124.33837890625,340
2858,6903.25611973867,6893.37520415437,2124.33837890625,340
2859,6869.03111845374,6891.27655440874,2124.33837890625,340
2860,6904.44088708566,6891.15264519262,2124.33837890625,340
2861,6909.32753128265,6891.74603216744,2124.33837890625,340
2862,6875.94059237429,6889.83426327975,2124.33837890625,340
2863,6918.15776333522,6895.09747997005,2124.33837890625,340
2864,6882.51618206355,6891.73221252344,2124.33837890625,340
2865,6883.02473027645,6889.9996641819,2125.82250976562,340
2866,6804.13000870637,6885.64438494469,2125.82250976562,340
2867,6893.16259662857,6885.50650343817,2125.82250976562,340
2868,6911.03825453412,6883.85881916703,2125.82250976562,340
2869,6897.50248574506,6883.0527748885,2125.82250976562,340
2870,6886.04397484905,6881.56087222518,2125.82250976562,340
2871,6842.37569296027,6877.6070611915,2125.82250976562,340
2872,6904.23515261049,6877.8493992113,2125.82250976562,340
2873,6920.55369364912,6879.72936293581,2124.32470703125,340
2874,6883.66622951026,6877.7069807915,2124.32470703125,340
2875,6702.77345490125,6868.49804633614,2124.32470703125,340
2876,6871.52635084508,6867.07443854494,2124.32470703125,340
2877,6904.24348880166,6872.28426066376,2124.32470703125,340
2878,6872.24312581022,6869.48409402334,2124.32470703125,340
2879,6866.60433328407,6867.26066296065,2124.32470703125,340
2880,6853.3510324011,6866.17707497674,2124.32470703125,340
2881,6908.47712139736,6879.05305744019,2124.69384765625,340
2882,6883.958037776,6878.06319836081,2124.69384765625,340
2883,6860.51092892039,6876.35339072808,2124.69384765625,340
2884,6867.93535506719,6876.30956019262,2124.69384765625,340
2885,6824.44803598725,6873.10984614868,2124.69384765625,340
2886,6922.4390178517,6873.63430561144,2124.69384765625,340
2887,6860.47095315758,6873.01552004278,2124.69384765625,340
2888,6878.59184158007,6871.43288317257,2124.69384765625,340
2889,6948.33707574685,6874.0657189199,2123.39624023438,340
2890,6925.47175814227,6875.76360003453,2123.39624023438,340
2891,6935.52795941224,6881.01951806277,2123.39624023438,340
2892,6874.68174217419,6880.28028388459,2123.39624023438,340
2893,6947.62397353645,6881.74371264469,2123.39624023438,340
2894,6852.53878848448,6879.94516475426,2123.39624023438,340
2895,6883.54605266674,6879.84524786697,2123.39624023438,340
2896,6932.5960006201,6883.45406017337,2123.39624023438,340
2897,6941.16978778385,6884.9314455803,2125.35595703125,340
2898,6921.22957975301,6884.95848102446,2125.35595703125,340
2899,6954.62193546687,6887.79670926272,2125.35595703125,340
2900,6915.93285889333,6896.3230854224,2125.35595703125,340
2901,6868.24185462578,6896.19170557363,2125.35595703125,340
2902,6949.78224260687,6898.01325572584,2125.35595703125,340
2903,6934.43131972417,6900.5007834824,2125.35595703125,340
2904,6947.22228698605,6903.72550163047,2125.35595703125,340
2905,6859.74367547182,6903.9812073533,2124.02734375,340
2906,6956.39770588745,6905.89803073291,2124.02734375,340
2907,6875.29875366599,6905.55165936851,2124.02734375,340
2908,6871.47854282886,6905.99036392485,2124.02734375,340
2909,6827.38224909529,6904.36823968597,2124.02734375,340
2910,6906.35381997015,6907.64447104529,2124.02734375,340
2911,6824.4970031042,6903.72679045539,2124.02734375,340
2912,6907.97596942275,6905.62699110599,2124.02734375,340
2913,6950.51123524971,6908.50376685278,2125.814453125,340
2914,6887.51041770551,6906.07070053113,2125.814453125,340
2915,6902.85008075333,6905.16583343557,2125.814453125,340
2916,6848.41001711854,6901.68111574382,2125.814453125,340
2917,6878.50141029946,6901.83390246883,2125.814453125,340
2918,6879.87317876385,6899.12387067793,2125.814453125,340
2919,6918.80310681693,6901.77444341122,2125.814453125,340
2920,6835.25205371549,6899.84268345317,2125.814453125,340
2921,6957.77769032284,6900.84995104128,2127.04614257812,340
2922,6936.41176667425,6900.6596301969,2127.04614257812,340
2923,6867.0674455761,6898.49314482982,2127.04614257812,340
2924,6835.42187845609,6893.72514254939,2127.04614257812,340
2925,6858.65753596361,6891.4341296322,2127.04614257812,340
2926,6911.84673063761,6893.17832467268,2127.04614257812,340
2927,6953.60330837321,6893.33116730333,2127.04614257812,340
2928,6873.63788254702,6890.89942981625,2127.04614257812,340
2929,6840.90341004797,6886.64667473872,2127.0419921875,340
2930,6861.33840602352,6886.71046396079,2127.0419921875,340
2931,6854.01190917259,6882.61503209219,2127.0419921875,340
2932,6844.7365633365,6881.39254447902,2127.0419921875,340
2933,6941.94279228413,6884.21111445723,2127.0419921875,340
2934,6842.10465140407,6884.80001054958,2127.0419921875,340
2935,6812.4374728872,6881.04335666626,2127.0419921875,340
2936,6882.00588586066,6883.34371197652,2127.0419921875,340
2937,6848.47841284764,6880.96380971351,2126.93286132812,340
2938,6839.65372845453,6876.52950944171,2126.93286132812,340
2939,6841.99965961228,6874.70907911798,2126.93286132812,340
2940,6866.1237515679,6873.24002595056,2126.93286132812,340
2941,6919.39000599383,6876.07922550557,2126.93286132812,340
2942,6837.46617598011,6874.4378161328,2126.93286132812,340
2943,6862.53952345929,6873.74446992061,2126.93286132812,340
2944,6907.48849020401,6873.2918852561,2126.93286132812,340
2945,6842.40650194751,6873.57806318538,2128.53149414062,340
2946,6926.575793725,6872.32998732147,2128.53149414062,340
2947,6826.67334662939,6867.94045051967,2128.53149414062,340
2948,6809.70659315521,6865.64601642284,2128.53149414062,340
2949,6661.87346254313,6858.70407978632,2128.53149414062,340
2950,6856.36765813175,6858.61248467305,2128.53149414062,340
2951,6832.94298064427,6855.45633467331,2128.53149414062,340
2952,6862.08795992408,6851.79572073534,2128.53149414062,340
2953,6798.46008012531,6848.78860863848,2129.70263671875,340
2954,6911.08949821879,6851.59605216531,2129.70263671875,340
2955,6807.60799247758,6849.44683562347,2129.70263671875,340
2956,6817.97365948191,6848.00530563584,2129.70263671875,340
2957,6837.5444741317,6847.71762206765,2129.70263671875,340
2958,6806.15898258701,6842.28626967977,2129.70263671875,340
2959,6811.50300803251,6841.06220394491,2129.70263671875,340
2960,6819.00697835532,6841.32498416363,2129.70263671875,340
2961,6817.39999897301,6838.74074868812,2130.8779296875,340
2962,6795.03173048818,6836.60288139374,2130.8779296875,340
2963,6588.59531564478,6826.56054488135,2130.8779296875,340
2964,6837.1912807848,6826.36820972826,2130.8779296875,340
2965,6829.24168184112,6824.89292693918,2130.8779296875,340
2966,6774.83272225088,6819.11063558947,2130.8779296875,340
2967,6867.68510799961,6820.31939287025,2130.8779296875,340
2968,6828.18096731572,6818.9450506245,2130.8779296875,340
2969,6863.12366806444,6817.17045773892,2130.07666015625,340
2970,6765.74564009759,6814.10402326492,2130.07666015625,340
2971,6804.51550495248,6809.22161171403,2130.07666015625,340
2972,6782.0731965141,6807.43760570941,2130.07666015625,340
2973,6794.34737092454,6806.82323682019,2130.07666015625,340
2974,6867.49171994706,6815.04796711634,2130.07666015625,340
2975,6904.42154850451,6816.97012273125,2130.07666015625,340
2976,6916.12484568101,6820.29739733272,2130.07666015625,340
2977,6725.34075218901,6814.82750902332,2131.78662109375,340
2978,6768.38366374315,6813.62445236803,2131.78662109375,340
2979,6490.2300832656,6796.79007576991,2131.78662109375,340
2980,6634.81678612853,6789.87842751594,2131.78662109375,340
2981,6722.63639714882,6786.06493702262,2131.78662109375,340
2982,6784.1269082053,6783.92823438556,2131.78662109375,340
2983,6716.81703315866,6780.35455640843,2131.78662109375,340
2984,6667.13994187968,6774.58003376232,2131.78662109375,340
2985,6552.98813679367,6763.93928009985,2131.8603515625,340
2986,6946.03074512441,6769.08450994591,2131.8603515625,340
2987,6834.50642925619,6770.66349789663,2131.8603515625,340
2988,6799.57593669862,6779.10272273878,2131.8603515625,340
2989,6557.78741583813,6767.92656814091,2131.8603515625,340
2990,6785.95566186319,6766.1951273418,2131.8603515625,340
2991,6755.85235109059,6765.43591249538,2131.8603515625,340
2992,6830.94395868297,6763.96626652272,2131.8603515625,340
2993,6776.85344885471,6761.91316578428,2131.32470703125,340
2994,6809.96191872012,6759.78669581051,2131.32470703125,340
2995,6795.70304070834,6760.98499183494,2131.32470703125,340
2996,6784.06772857131,6760.16708077969,2131.32470703125,340
2997,6852.92145993857,6763.00101131667,2131.32470703125,340
2998,6782.99419940945,6762.54688445606,2131.32470703125,340
2999,6904.52278665068,6764.02812712421,2131.32470703125,340
3000,6755.29174924126,6758.06293515368,2131.32470703125,340
