episode,reward,avg_reward,q0,steps
1,267.793190944706,267.793190944706,-3.51672242686618e-05,340
2,236.444904216881,252.119047580794,-3.51672242686618e-05,340
3,235.5874864166,246.608527192729,-3.51672242686618e-05,340
4,-221.752258582391,129.518330748949,-3.51672242686618e-05,340
5,-701.872097186388,-36.7597548381182,-3.51672242686618e-05,340
6,183.973752756443,0.0291630943086147,-3.51672242686618e-05,340
7,-435.816711867714,-62.2345333288374,-3.51672242686618e-05,340
8,920.460214911251,60.6023102011737,-3.51672242686618e-05,340
9,871.070177626943,150.654295470704,0.855754733085632,340
10,-365.396116848735,99.0492542387597,0.855754733085632,340
11,-518.492851571168,42.9090628014936,0.855754733085632,340
12,582.040214949539,87.8366588138307,0.855754733085632,340
13,-322.469748267799,56.2746274998592,0.855754733085632,340
14,-676.670596003563,3.92139724961477,0.855754733085632,340
15,257.053880356594,20.7968961234134,0.855754733085632,340
16,-429.612518661233,-7.353692300627,0.855754733085632,340
17,-767.759390832223,-52.0834392730738,31.824951171875,340
18,140.7833356836,-41.3686184421475,31.824951171875,340
19,751.135012917999,0.342098997860232,31.824951171875,340
20,119.469881003331,6.29848809813378,31.824951171875,340
21,1.65128788462535,6.07719284987147,31.824951171875,340
22,-442.70377318237,-14.3219419697759,31.824951171875,340
23,-27.3498181896105,-14.8883713706382,31.824951171875,138
24,-211.866877855277,-23.0958091408315,31.824951171875,340
25,1120.75529725446,22.65823511498,88.5891571044922,340
26,71.5086672095982,14.8068541655757,88.5891571044922,340
27,-85.4524571858297,1.93095970946724,88.5891571044922,340
28,795.008929721875,24.3078174416783,88.5891571044922,340
29,65.5536667668385,35.8000544556474,88.5891571044922,340
30,847.473925381291,97.7738953583546,88.5891571044922,340
31,399.181695509928,106.382213068494,88.5891571044922,340
32,-214.390956422546,115.239243286301,88.5891571044922,340
33,390.913365453631,94.0573693079959,188.26318359375,340
34,113.240551839808,63.7441842765104,188.26318359375,340
35,1068.58419403604,121.103396711902,188.26318359375,340
36,98.1889248097511,145.770667767138,188.26318359375,332
37,101.478064327847,126.548181742271,188.26318359375,337
38,487.813731388162,158.959520928509,188.26318359375,340
39,24.6630434589018,187.012866507008,188.26318359375,340
40,810.344749931248,209.144501289994,188.26318359375,326
41,535.983589153187,247.768345602571,268.415802001953,340
42,816.022046232794,311.119603085171,268.415802001953,340
43,944.356694217189,343.262537426515,268.415802001953,340
44,422.186625011853,330.104601910269,268.415802001953,324
45,-47.0965048734205,323.441946475199,268.415802001953,340
46,149.454479212857,329.354074128328,268.415802001953,316
47,81.3422272170819,350.315914144306,268.415802001953,324
48,519.037183329187,372.171394205058,268.415802001953,340
49,250.23545722531,390.655487608282,346.998779296875,340
50,-97.329647790105,341.932089806499,346.998779296875,340
51,13.2876387532528,339.603248668245,346.998779296875,332
52,566.623083431513,365.686270292939,346.998779296875,340
53,-207.222146694616,325.597027236279,346.998779296875,340
54,435.570134784873,340.397685957001,346.998779296875,340
55,810.64740308787,338.924625065264,346.998779296875,340
56,486.067858492406,342.400071584563,346.998779296875,334
57,216.795897437782,359.647545738976,399.33154296875,277
58,826.819085980431,377.083774560048,399.33154296875,287
59,262.775600013139,383.065176486981,399.33154296875,301
60,849.817135488612,374.314494145084,399.33154296875,288
61,1009.37574122045,410.761966801512,399.33154296875,233
62,1145.46306503452,452.521366829779,399.33154296875,269
63,280.330488807119,444.222037126537,399.33154296875,340
64,382.990116492339,458.555120047875,399.33154296875,260
65,1022.52014743978,467.042135948216,484.613311767578,259
66,813.094631553962,478.126577644247,484.613311767578,260
67,67.7203712214422,448.194510643793,484.613311767578,340
68,399.426596147822,426.397306721018,484.613311767578,275
69,255.619941767506,419.734639391244,484.613311767578,284
70,676.448724015561,448.676448546804,484.613311767578,266
71,1152.34603852833,488.792110919423,484.613311767578,212
72,546.860286850592,507.412833304763,484.613311767578,236
73,1105.08229810725,530.854637895886,573.942138671875,258
74,1231.26236065787,570.095714033188,573.942138671875,223
75,561.370987155883,596.443739431028,573.942138671875,211
76,965.911876907908,634.548708957214,573.942138671875,288
77,1438.99888532695,669.443741033031,573.942138671875,237
78,342.405050608627,691.428828925161,573.942138671875,210
79,1339.10054332184,727.570045266639,573.942138671875,232
80,640.308186283506,720.756476594465,573.942138671875,207
81,1134.76849508684,746.704502058242,718.287414550781,238
82,1253.31489080689,788.165261793006,718.287414550781,243
83,725.313490283731,784.105037965138,718.287414550781,279
84,1046.89891021259,815.469970373117,718.287414550781,253
85,1039.68093891528,823.064522510183,718.287414550781,252
86,1260.7135893907,833.118036436993,718.287414550781,244
87,937.770835757944,824.81034726593,718.287414550781,252
88,1208.40754468291,861.933429500962,718.287414550781,258
89,721.56008679342,875.476228313005,778.810852050781,267
90,1129.41240539236,879.751918631108,778.810852050781,222
91,1287.78165176627,898.739399439601,778.810852050781,251
92,1146.27858790207,941.881728106826,778.810852050781,283
93,1350.58361258434,979.928008764286,778.810852050781,229
94,988.549567805416,1009.2451938058,778.810852050781,266
95,980.305810379595,1021.39947726036,778.810852050781,236
96,1172.27654350887,1022.19669745959,778.810852050781,241
97,1110.59132306671,1044.74593890823,818.956298828125,155
98,1089.3315738239,1044.1159099369,818.956298828125,201
99,1259.32950642239,1045.23859576748,818.956298828125,200
100,1381.11021804242,1078.02816500294,818.956298828125,199
101,1394.87263255289,1095.18659522874,818.956298828125,178
102,869.758363872011,1072.41697437054,818.956298828125,193
103,963.801219057021,1097.27282110848,818.956298828125,201
104,1298.64096586336,1095.65443801014,818.956298828125,192
105,849.366467250361,1104.01676924881,855.582580566406,233
106,1460.33036044649,1117.0392438632,855.582580566406,190
107,1197.27711489276,1114.79773282663,855.582580566406,217
108,1195.58408033117,1133.60855642853,855.582580566406,199
109,1113.09952278937,1136.2565809316,855.582580566406,226
110,949.199747469643,1132.63733327378,855.582580566406,236
111,1163.61692136072,1128.75346655258,855.582580566406,228
112,880.58747588821,1126.46613215779,855.582580566406,246
113,966.48677561132,1116.78930139492,879.531311035156,208
114,1402.22453886981,1144.01587947798,879.531311035156,174
115,1146.60813975984,1144.70370885268,879.531311035156,186
116,1255.41857163236,1143.40918564732,879.531311035156,174
117,343.17221020597,1111.28493053948,879.531311035156,237
118,826.204909125523,1090.30978240113,879.531311035156,214
119,1051.54709382523,1092.82968344192,879.531311035156,194
120,849.164541320563,1087.58403267956,879.531311035156,280
121,1400.73540623676,1096.72238718867,853.688354492188,191
122,966.347156774305,1090.95262053698,853.688354492188,244
123,1428.06426295558,1104.50192810224,853.688354492188,196
124,1287.18497126303,1105.61614669587,853.688354492188,233
125,425.069357210857,1067.37451226261,853.688354492188,215
126,1370.43888519111,1066.39716236814,853.688354492188,168
127,1507.45618343802,1091.90507515078,853.688354492188,187
128,537.911932845168,1074.8695037023,853.688354492188,271
129,1320.5376968083,1075.7453729401,824.292541503906,161
130,1327.63970119596,1094.87630229792,824.292541503906,208
131,1043.14742857795,1078.18898502318,824.292541503906,220
132,989.150626896225,1069.86392550332,824.292541503906,213
133,1010.96005654127,1062.47896455172,824.292541503906,235
134,-210.857893073796,1009.5206679172,824.292541503906,340
135,1003.3750678471,1011.6876807323,824.292541503906,148
136,1351.09772245238,1019.18691277596,824.292541503906,198
137,1438.94208539514,1041.52109715624,816.501831054688,156
138,1439.46983007063,1060.44041933461,816.501831054688,184
139,1267.78594496784,1055.06287557853,816.501831054688,169
140,1329.87345915887,1062.39348835449,816.501831054688,166
141,1427.56089414227,1069.27918125489,816.501831054688,168
142,1517.41946928842,1116.24907161819,816.501831054688,166
143,1325.0304043832,1136.2020914285,816.501831054688,153
144,1116.75324383154,1138.81033742875,816.501831054688,124
145,2006.06348942334,1185.08629535286,878.105712890625,206
146,1642.32239558257,1194.74977492669,878.105712890625,183
147,1552.68773954157,1218.20339823738,878.105712890625,156
148,1572.12502793772,1223.96582883667,878.105712890625,195
149,1519.06869540559,1233.24117780237,878.105712890625,149
150,1747.14742784465,1286.12430062772,878.105712890625,185
151,1427.82581190155,1288.41977769614,878.105712890625,160
152,1116.41089349,1272.77796609822,878.105712890625,163
153,1217.79789168402,1299.97340445177,905.599792480469,145
154,1307.66320010663,1299.45842458371,905.599792480469,146
155,1310.54080361728,1298.77446868056,905.599792480469,153
156,1227.52106925118,1306.14941430749,905.599792480469,140
157,1597.30425675589,1330.47555950187,905.599792480469,166
158,1337.58705405116,1343.54063940227,905.599792480469,150
159,1700.22211283519,1419.98383963863,905.599792480469,166
160,1273.80954617787,1430.80121877186,905.599792480469,157
161,1441.77704799621,1434.42839179361,905.599792480469,148
162,1513.67068024677,1437.41753558768,905.599792480469,145
163,1617.69220055867,1444.5464304072,905.599792480469,174
164,1590.182466303,1457.44229126061,905.599792480469,167
165,1387.68763950741,1459.75485847455,905.599792480469,160
166,1695.4106755402,1470.46884973047,905.599792480469,177
167,1722.18796348829,1478.65958949846,905.599792480469,175
168,1446.85175860452,1483.53244366731,905.599792480469,154
169,1469.04799599699,1497.62423375393,957.697570800781,144
170,1662.49448598107,1483.88147361624,957.697570800781,184
171,1385.71252719598,1473.61707888078,957.697570800781,158
172,1355.79484583027,1465.74136313232,957.697570800781,156
173,1472.02524211411,1461.73737169938,957.697570800781,154
174,1511.24367028928,1461.42437069473,957.697570800781,156
175,1431.26927089366,1448.78924441669,957.697570800781,152
176,1599.77161511526,1455.66707654524,957.697570800781,157
177,1826.75844595232,1484.08097864373,957.697570800781,185
178,1745.55545033744,1505.19128098987,957.697570800781,180
179,1992.40609811567,1532.58099691023,957.697570800781,175
180,1801.42642499367,1552.21642176528,957.697570800781,173
181,1541.73144254375,1564.78483669699,957.697570800781,165
182,1337.77447623565,1554.40364547618,957.697570800781,154
183,1853.13507796801,1575.02556643285,957.697570800781,180
184,1407.93220813215,1563.33397024473,957.697570800781,161
185,1767.51031445469,1583.0820009758,992.558044433594,164
186,2142.95152743195,1611.12898015323,992.558044433594,184
187,1701.39985793236,1618.63814726065,992.558044433594,153
188,1606.21189852149,1618.17893517917,992.558044433594,176
189,1755.70083347637,1624.7996698661,992.558044433594,164
190,2171.95109878445,1656.17020823718,992.558044433594,192
191,1903.94695173041,1664.51165928479,992.558044433594,164
192,1703.44758555793,1663.76204416758,992.558044433594,155
193,1913.30221845131,1682.42006256145,1024.1708984375,174
194,2194.20726101321,1711.4264331621,1024.1708984375,213
195,2164.73560874083,1731.51607807249,1024.1708984375,190
196,1899.85867386781,1752.08192393936,1024.1708984375,175
197,1816.43691437538,1770.50760668117,1024.1708984375,201
198,2142.30182347099,1797.31866993544,1024.1708984375,185
199,1816.69550202048,1809.53674320469,1024.1708984375,174
200,1853.46485610341,1826.42456661308,1024.1708984375,197
201,1867.7361432077,1837.14314773678,1045.27124023438,215
202,1800.96318969336,1836.11133748642,1045.27124023438,183
203,1624.07494469378,1831.25211726067,1045.27124023438,178
204,1818.13688964731,1824.28134892194,1045.27124023438,187
205,2068.7702420526,1834.97510160429,1045.27124023438,194
206,1827.99868679877,1846.42579137449,1045.27124023438,159
207,2111.80747560769,1877.38711134938,1045.27124023438,189
208,1785.66909384781,1874.68847198457,1045.27124023438,177
209,2166.70707079334,1905.03946649102,1077.72802734375,187
210,1778.54940153414,1905.48102997419,1077.72802734375,198
211,1835.14731615068,1893.16886152294,1077.72802734375,173
212,2379.54707893271,1920.29475036296,1077.72802734375,186
213,2166.13733506182,1942.69176782457,1077.72802734375,203
214,1293.98464384676,1924.22312023939,1077.72802734375,340
215,1911.43295376672,1913.80239443868,1077.72802734375,189
216,2454.45897245679,1935.82287526773,1077.72802734375,213
217,2271.89761742209,1958.5608765423,1110.23950195312,188
218,1991.43166882172,1961.68605455712,1110.23950195312,215
219,2188.43149273977,1961.45502382618,1110.23950195312,189
220,1892.86383080457,1950.58015270873,1110.23950195312,225
221,2178.88198879807,1961.74108530594,1110.23950195312,200
222,2075.77525655254,1972.11461899302,1110.23950195312,189
223,2114.14830727444,1970.98847834516,1110.23950195312,183
224,1790.74832314155,1969.95059119001,1110.23950195312,173
225,2200.42982478465,1983.82918993726,1141.73718261719,192
226,2150.75464883913,1995.14993016251,1141.73718261719,185
227,2367.18711111328,2017.79888701931,1141.73718261719,201
228,2058.12727229122,2035.16098012321,1141.73718261719,183
229,2337.38307015492,2055.93082734351,1141.73718261719,202
230,1842.15107006946,2046.86606046419,1141.73718261719,176
231,1939.05682160858,2051.30838585658,1141.73718261719,172
232,2062.67994948055,2049.34328481149,1141.73718261719,181
233,2577.17825526002,2081.00365126798,1171.86047363281,222
234,2132.73579520442,2079.64480024442,1171.86047363281,197
235,1869.27401417348,2083.27378475,1171.86047363281,204
236,2105.45198216404,2094.08597139053,1171.86047363281,178
237,2241.45532586543,2088.56230126784,1171.86047363281,196
238,2286.43877902121,2093.37435902622,1171.86047363281,206
239,2178.46773550079,2128.75368269238,1171.86047363281,184
240,2114.63716211252,2136.88185102621,1171.86047363281,193
241,2049.32019000187,2120.67629972801,1194.84606933594,161
242,1834.6964530017,2103.1882531512,1194.84606933594,194
243,2355.55947742982,2117.75336549552,1194.84606933594,184
244,2065.67489639693,2112.84310164181,1194.84606933594,173
245,1962.8341786996,2115.64191555761,1194.84606933594,180
246,2069.16256296229,2111.25313852418,1194.84606933594,187
247,2139.50507657032,2113.80233132489,1194.84606933594,186
248,2043.43485964366,2110.97379341966,1194.84606933594,199
249,1947.34872643525,2117.23780955141,1216.88195800781,174
250,2199.202599453,2117.18872053814,1216.88195800781,189
251,2201.39908537086,2119.21449799941,1216.88195800781,187
252,2000.70557180367,2104.55523642702,1216.88195800781,188
253,2439.42068340576,2119.80697287161,1216.88195800781,188
254,2354.17413027034,2120.47861527622,1216.88195800781,194
255,1981.42549909302,2126.04959243716,1216.88195800781,167
256,2698.92729722164,2156.44441146169,1216.88195800781,210
257,2756.51348506948,2184.19775288524,1255.79113769531,218
258,2270.82313139427,2171.94354793061,1255.79113769531,198
259,2222.14634894779,2175.51997008035,1255.79113769531,188
260,2723.37287292302,2209.68392443033,1255.79113769531,209
261,2310.42172301872,2217.88271406452,1255.79113769531,176
262,2333.11852068175,2221.54924185717,1255.79113769531,218
263,2829.38672799621,2243.26715981617,1255.79113769531,224
264,2858.93923165113,2270.48601966218,1255.79113769531,232
265,2703.69643337155,2294.04839051255,1270.98046875,206
266,2650.56078429592,2318.09801428431,1270.98046875,193
267,2554.14486735602,2346.87595085848,1270.98046875,209
268,3093.23558680945,2376.38299523367,1270.98046875,229
269,2965.55536068545,2412.37821380521,1270.98046875,230
270,2213.29881142739,2422.39679911432,1270.98046875,191
271,2935.39715487785,2457.04618279094,1270.98046875,216
272,2379.3286999434,2466.63912772586,1270.98046875,208
273,2108.61980460493,2469.24652552431,1299.34899902344,186
274,2912.6620927917,2507.85906017857,1299.34899902344,235
275,2575.08265242785,2522.89426229757,1299.34899902344,208
276,2684.82993389211,2542.23149623842,1299.34899902344,202
277,2455.9730905362,2560.44219698772,1299.34899902344,194
278,2540.64318992873,2564.49109724864,1299.34899902344,185
279,2813.51293241265,2582.86464933433,1299.34899902344,204
280,2375.36043897802,2598.62204692973,1299.34899902344,185
281,3069.70081262344,2613.4529875458,1327.16064453125,230
282,2655.69496910165,2609.42024690709,1327.16064453125,210
283,2581.32769309163,2621.84042937498,1327.16064453125,210
284,2706.62840537161,2641.21971163193,1327.16064453125,198
285,2682.97650833527,2639.60385704842,1327.16064453125,209
286,3042.65175926973,2668.89305849846,1327.16064453125,228
287,2892.56823394802,2691.27104702911,1327.16064453125,217
288,2213.32468838742,2666.62856544476,1327.16064453125,207
289,3164.68636485859,2678.85845077306,1353.86022949219,232
290,2725.17020244306,2679.71740153592,1353.86022949219,194
291,2514.98177903435,2674.29424132546,1353.86022949219,211
292,2660.85338592331,2678.56258206815,1353.86022949219,202
293,2794.97983008784,2666.63235179929,1353.86022949219,217
294,2734.43598308244,2657.38757669517,1353.86022949219,196
295,2605.12660640194,2673.06068849415,1353.86022949219,201
296,3244.07798730764,2685.40792179134,1353.86022949219,223
297,2810.95412932658,2702.67293896667,1382.544921875,225
298,2764.3937369595,2728.90389626085,1382.544921875,228
299,2648.24099479126,2718.32705234083,1382.544921875,222
300,2646.10238468287,2721.16784163103,1382.544921875,198
301,3146.1305487382,2739.61986622488,1382.544921875,237
302,3238.13743376676,2770.9064399541,1382.544921875,224
303,2673.95715991404,2776.23899875351,1382.544921875,208
304,2688.15733904969,2771.22477501899,1382.544921875,206
305,3206.46156635636,2804.46882011413,1404.68090820312,221
306,2858.76874854415,2796.03153755096,1404.68090820312,244
307,2901.03434426492,2805.84511255749,1404.68090820312,232
308,2916.31795271406,2819.24472294238,1404.68090820312,243
309,3077.97774115409,2834.09869637368,1404.68090820312,233
310,3017.29656972765,2847.47149882938,1404.68090820312,235
311,3514.22072034182,2866.33425727226,1404.68090820312,256
312,3177.28996635498,2877.72312656854,1404.68090820312,243
313,3194.05905374823,2916.95250118297,1431.78393554688,224
314,2656.57647327837,2896.62810551976,1431.78393554688,208
315,3166.16306926548,2914.26782019266,1431.78393554688,242
316,3184.32591317683,2941.04158555836,1431.78393554688,242
317,3365.33411335243,2969.22081465553,1431.78393554688,254
318,3212.15119968463,2985.9076694394,1431.78393554688,245
319,3235.04465530012,3005.9320163281,1431.78393554688,231
320,3113.25714778522,3026.25723798344,1431.78393554688,255
321,2944.18177031289,3014.26138930365,1457.12414550781,231
322,3016.26154585496,3022.47368596478,1457.12414550781,216
323,3053.7577840855,3034.04824784982,1457.12414550781,225
324,2798.38324694705,3040.05393793605,1457.12414550781,228
325,2839.27152468504,3047.78070353614,1457.12414550781,228
326,3210.60232413491,3050.35957455201,1457.12414550781,225
327,3429.49968056477,3058.01406442393,1457.12414550781,238
328,3169.10564250236,3077.82000372746,1457.12414550781,260
329,2892.81208944672,3086.00619374334,1487.3212890625,215
330,2983.1688346046,3077.07448447327,1487.3212890625,221
331,2949.04135120731,3080.6853885798,1487.3212890625,224
332,2792.7052081434,3076.35222313494,1487.3212890625,218
333,3560.87052493561,3102.1343260238,1487.3212890625,255
334,2575.18393015844,3082.02257358397,1487.3212890625,248
335,3583.80815400448,3104.68303695505,1487.3212890625,247
336,3429.77619270147,3101.30525584943,1487.3212890625,247
337,3107.2848951891,3098.5050530028,1508.30883789062,251
338,3060.47465118275,3093.16167690018,1508.30883789062,242
339,3410.86990316725,3123.33341409573,1508.30883789062,240
340,3447.56136533683,3134.58934593859,1508.30883789062,257
341,3103.84204756321,3131.36999131404,1508.30883789062,238
342,2571.48703592896,3099.6161082171,1508.30883789062,229
343,3579.45424052123,3114.30822985057,1508.30883789062,248
344,3102.1982596118,3108.99437402303,1508.30883789062,252
345,3263.7134593579,3115.01262648594,1526.93310546875,242
346,3219.58952915734,3126.02893683972,1526.93310546875,232
347,3180.4912337989,3132.59812435748,1526.93310546875,228
348,3307.97247052029,3142.76671181487,1526.93310546875,270
349,3199.86866313121,3158.82612846224,1526.93310546875,228
350,3521.87429054333,3186.13023909657,1526.93310546875,238
351,3499.7292057633,3197.6953143617,1526.93310546875,239
352,3281.41999633121,3191.77212699236,1526.93310546875,232
353,3051.20970129369,3187.05628934401,1545.23596191406,243
354,3338.76569711458,3204.89443365073,1545.23596191406,248
355,3237.67692497041,3215.07475726536,1545.23596191406,243
356,3532.67497439778,3238.42010219298,1545.23596191406,242
357,3175.53271475093,3253.73320245728,1545.23596191406,255
358,3330.13698258071,3244.50386076308,1545.23596191406,244
359,3356.39796699982,3275.75242223674,1545.23596191406,245
360,3756.53437917935,3282.66147124373,1545.23596191406,258
361,3271.38224817457,3276.32571346266,1568.80322265625,236
362,3513.26444255094,3292.56489535713,1568.80322265625,271
363,3604.65613175051,3314.33215457984,1568.80322265625,242
364,3750.97109254349,3327.93620215489,1568.80322265625,260
365,3602.78872939851,3334.14529671736,1568.80322265625,272
366,3719.00396990317,3358.75177361096,1568.80322265625,261
367,3899.72544809853,3411.88131009774,1568.80322265625,275
368,3451.38750645426,3406.75864073506,1568.80322265625,233
369,3508.0789735047,3422.99386929078,1588.55590820312,260
370,3453.04779759861,3430.5672428204,1588.55590820312,249
371,3448.62712471363,3439.72874664266,1588.55590820312,242
372,3484.57679840746,3451.892169227,1588.55590820312,265
373,3681.3010817633,3466.82531367672,1588.55590820312,265
374,3738.77394476791,3488.38152494219,1588.55590820312,264
375,3675.1223361591,3494.51144676682,1588.55590820312,254
376,3772.08031300912,3505.40549105665,1588.55590820312,278
377,3351.211303061,3508.19714332584,1604.94506835938,257
378,3938.20626591818,3543.67700591082,1604.94506835938,252
379,3202.00383305821,3538.20653134857,1604.94506835938,254
380,3264.28201302149,3539.27073487061,1604.94506835938,257
381,3941.34091143525,3555.61737235211,1604.94506835938,268
382,3247.52609718837,3558.49710764961,1604.94506835938,248
383,3531.05919149896,3566.53399600634,1604.94506835938,248
384,3485.25855243372,3571.68841942369,1604.94506835938,236
385,3457.53227795325,3559.72833537465,1621.18518066406,242
386,3641.08902890004,3574.51660660367,1621.18518066406,251
387,3741.15707609256,3583.63231194533,1621.18518066406,263
388,3631.00309116194,3584.68619032179,1621.18518066406,244
389,3343.46461576073,3568.38593125048,1621.18518066406,257
390,3333.96809265309,3557.63310578066,1621.18518066406,250
391,3698.55664314933,3556.81521271051,1621.18518066406,266
392,3851.90094936416,3554.90223276113,1621.18518066406,258
393,3831.31697246259,3570.09941140147,1648.40979003906,252
394,3711.92925386728,3578.25342261597,1648.40979003906,253
395,3968.17730687614,3598.85860298707,1648.40979003906,256
396,3555.82833446036,3603.14665137694,1648.40979003906,250
397,3198.70570658263,3591.71180770395,1648.40979003906,248
398,3675.50049900473,3591.4797843936,1648.40979003906,283
399,3880.95918312972,3597.16719392808,1648.40979003906,270
400,3821.21427277171,3603.01087139258,1648.40979003906,260
401,3612.86021435901,3596.64206744658,1662.64587402344,258
402,3343.45374055439,3596.33176494631,1662.64587402344,243
403,3731.38006928938,3588.05871708116,1662.64587402344,278
404,4037.65421838573,3621.48473249426,1662.64587402344,281
405,3750.30678119565,3640.92572322123,1662.64587402344,282
406,3932.99551358125,3640.59190730707,1662.64587402344,274
407,4103.55627113957,3674.83311426512,1662.64587402344,270
408,4075.48145740787,3696.61000490147,1662.64587402344,290
409,4064.46518826534,3719.77827033474,1676.1259765625,276
410,3647.02325165245,3727.35790928271,1676.1259765625,248
411,3922.81487897712,3738.62694328579,1676.1259765625,265
412,3833.39245142365,3742.31635829903,1676.1259765625,289
413,3925.08638728092,3754.07969014379,1676.1259765625,283
414,4300.07994949434,3792.34430349314,1676.1259765625,284
415,4226.85109013045,3828.05962339223,1676.1259765625,280
416,4184.57471739709,3847.50034636214,1676.1259765625,296
417,4072.80989376381,3856.33670413813,1693.59716796875,271
418,3634.98437969905,3848.48340042759,1693.59716796875,282
419,4300.77867605117,3872.03737731494,1693.59716796875,298
420,4056.24155025448,3875.55994705008,1693.59716796875,271
421,3312.51611540867,3865.82745828801,1693.59716796875,276
422,4066.19934518766,3900.52720383221,1693.59716796875,271
423,4482.46606609098,3932.80582651566,1693.59716796875,292
424,4235.91850468025,3947.00419937768,1693.59716796875,296
425,4419.29949725333,3970.92760835695,1714.76147460938,284
426,4302.99476431134,3998.53299035504,1714.76147460938,298
427,3906.95501174412,4021.07304120263,1714.76147460938,269
428,4238.38899699437,4041.35339831083,1714.76147460938,275
429,4118.71779665872,4044.59594144175,1714.76147460938,265
430,4106.94813487102,4058.86159558876,1714.76147460938,261
431,4130.3857184892,4066.75720378508,1714.76147460938,280
432,4262.79622510724,4073.12680194379,1714.76147460938,277
433,3729.1892920501,4059.27511532947,1729.498046875,260
434,4210.2801500257,4065.10771379989,1729.498046875,283
435,4008.94759673204,4079.58468760307,1729.498046875,298
436,4049.87822244489,4084.66722134178,1729.498046875,269
437,4228.95525579393,4100.4897335166,1729.498046875,301
438,4208.81304168102,4111.8387996926,1729.498046875,289
439,3886.82540870159,4095.30861806089,1729.498046875,298
440,4275.89381990947,4097.27032725205,1729.498046875,287
441,4483.63618363427,4109.23278590154,1738.78247070312,313
442,4148.98345051085,4112.27972817142,1738.78247070312,279
443,4331.79246268955,4140.15205149104,1738.78247070312,300
444,4479.20328346114,4147.28903578744,1738.78247070312,302
445,4018.37481276565,4145.77436628788,1738.78247070312,268
446,4358.18886551598,4187.60127629218,1738.78247070312,316
447,4622.19404470519,4209.84106427288,1738.78247070312,301
448,4254.66663150593,4200.72908688947,1738.78247070312,295
449,4754.47197193121,4221.47122557951,1753.2392578125,306
450,4571.42053952494,4227.55606727038,1753.2392578125,317
451,4724.94733546871,4244.43417011667,1753.2392578125,320
452,4797.63716626351,4280.06145629745,1753.2392578125,302
453,4433.0535353489,4287.84803783163,1753.2392578125,289
454,4444.87923389601,4300.89449532112,1753.2392578125,322
455,4422.79694987448,4313.52844792126,1753.2392578125,309
456,4510.43816559422,4328.73054580546,1753.2392578125,299
457,4671.69279703614,4345.08640868262,1768.88000488281,306
458,4278.64882705796,4367.06479008293,1768.88000488281,301
459,4650.65882039449,4384.67993689768,1768.88000488281,303
460,4624.30042757614,4409.29405013145,1768.88000488281,303
461,4636.04210791564,4432.74060555028,1768.88000488281,303
462,4379.86252047286,4438.77689613743,1768.88000488281,301
463,4402.28484514116,4446.51576827584,1768.88000488281,296
464,4294.15923293373,4462.80912124513,1768.88000488281,307
465,4734.20048808767,4481.14138797225,1783.00158691406,307
466,4757.09291793645,4492.07965734434,1783.00158691406,296
467,4329.52619126339,4499.30136697444,1783.00158691406,319
468,4431.15034901847,4503.2756824276,1783.00158691406,299
469,4558.91801970784,4506.46427187747,1783.00158691406,340
470,4692.95990957024,4533.44767574965,1783.00158691406,301
471,4671.67830610138,4545.98725337307,1783.00158691406,333
472,4587.06309203224,4544.58201526615,1783.00158691406,317
473,4649.17051371393,4560.36217055447,1790.18359375,324
474,4741.3119752758,4559.83577068825,1790.18359375,312
475,4839.93612145133,4570.57639396531,1790.18359375,312
476,4820.25554107407,4574.38872218952,1790.18359375,310
477,4853.26197050273,4576.61371435909,1790.18359375,335
478,4563.35678337131,4581.82584427999,1790.18359375,327
479,4787.58657334283,4595.53413785786,1790.18359375,340
480,4651.39645229101,4604.67811795452,1790.18359375,303
481,4679.43765992131,4611.4380977276,1797.90075683594,329
482,4726.92482933306,4613.64737901948,1797.90075683594,317
483,4901.31859842411,4638.55416987413,1797.90075683594,340
484,4493.41661197856,4632.26448153749,1797.90075683594,320
485,4642.15086314061,4632.97849896007,1797.90075683594,317
486,4671.88440569209,4634.41219087113,1797.90075683594,340
487,4583.62375590988,4642.56264028861,1797.90075683594,318
488,4830.78362654108,4659.7025915446,1797.90075683594,322
489,4994.29868782982,4687.70816974045,1803.27795410156,324
490,4803.97939684419,4690.49932609071,1803.27795410156,314
491,4845.88630562456,4694.05106159823,1803.27795410156,333
492,4802.01855435731,4712.95075612199,1803.27795410156,331
493,4791.10822844781,4727.34907129916,1803.27795410156,331
494,4942.92937235087,4742.70952540488,1803.27795410156,318
495,4705.75582869361,4743.22136216982,1803.27795410156,313
496,5000.5153105749,4756.37484234876,1803.27795410156,340
497,5162.91060117165,4779.40874271434,1808.59106445312,340
498,5216.8187317437,4802.11467143553,1808.59106445312,340
499,4915.09020055214,4809.06580044658,1808.59106445312,340
500,4915.37288393463,4812.08327094591,1808.59106445312,340
501,4957.47890420184,4817.57220547102,1808.59106445312,331
502,5005.68674116257,4823.66919629742,1808.59106445312,340
503,5147.79700285368,4847.04680507671,1808.59106445312,340
504,4756.70606454632,4845.81158472485,1808.59106445312,333
505,4719.91951210544,4848.55250711743,1809.94519042969,340
506,4977.72552546635,4860.48402173923,1809.94519042969,340
507,4637.08271967314,4856.89033735283,1809.94519042969,322
508,4991.3625437685,4860.49209516661,1809.94519042969,340
509,5128.11536160636,4885.88004515172,1809.94519042969,340
510,4858.81250208863,4894.54651070964,1809.94519042969,340
511,5023.29548715205,4908.60295396804,1809.94519042969,340
512,5015.65793508136,4925.8843211349,1809.94519042969,340
513,5317.16778613286,4945.33968751857,1813.26452636719,340
514,4897.332679299,4941.46104717734,1813.26452636719,340
515,4901.65192757518,4945.36794840658,1813.26452636719,335
516,5221.23577910494,4960.38192734579,1813.26452636719,340
517,5145.96559058748,4974.139808795,1813.26452636719,340
518,5208.92882989997,4990.85263285309,1813.26452636719,340
519,5172.79713623825,5000.04734340858,1813.26452636719,340
520,5078.8758919477,5014.97214593875,1813.26452636719,340
521,5037.17963169728,5016.43871878364,1817.82727050781,340
522,5241.08185564697,5019.56556896265,1817.82727050781,340
523,5289.78948190488,5022.4843989691,1817.82727050781,340
524,4802.89191881543,5017.99646769963,1817.82727050781,340
525,4973.68572285124,5020.3289812563,1817.82727050781,340
526,5113.05139820224,5026.55188101631,1817.82727050781,340
527,5311.90035887241,5038.80042572471,1817.82727050781,340
528,4921.40617383011,5029.74479256376,1817.82727050781,340
529,5049.5702078633,5041.45935829644,1826.04077148438,340
530,4698.49150634883,5040.60223806618,1826.04077148438,340
531,4208.29124813776,5009.82486697303,1826.04077148438,340
532,5033.57524127555,5025.68456783713,1826.04077148438,340
533,4730.95202476277,5015.2681470769,1826.04077148438,340
534,4653.10801774554,4996.26785332247,1826.04077148438,340
535,4861.74877369288,4996.38530418664,1826.04077148438,340
536,4664.72153976998,4982.04234629136,1826.04077148438,340
537,5356.32891700089,4995.66918556814,1828.82653808594,340
538,5207.40748614052,4991.27877356845,1828.82653808594,340
539,4702.03105084339,4983.46670843022,1828.82653808594,340
540,5234.36002203698,4996.77503220869,1828.82653808594,340
541,5093.49799759455,4991.66552094828,1828.82653808594,340
542,5352.38152185118,4999.92215819882,1828.82653808594,340
543,5100.33332945574,4995.57833818105,1828.82653808594,340
544,5157.15738013681,4994.952747937,1828.82653808594,340
545,4518.1949785101,4972.52551139949,1837.88537597656,340
546,4710.37686218488,4959.453400619,1837.88537597656,340
547,5149.9617456713,4955.80859621997,1837.88537597656,340
548,5169.67767978416,4951.00412413514,1837.88537597656,340
549,5100.36536903625,4962.90306214397,1837.88537597656,340
550,5141.72939091005,4969.62480886633,1837.88537597656,340
551,5214.26410395607,4973.67331709648,1837.88537597656,340
552,3864.56802788954,4915.78002385717,1837.88537597656,340
553,3675.73805755831,4865.95329920629,1833.16516113281,340
554,4439.7707791871,4841.56132205924,1833.16516113281,340
555,3682.74332516526,4800.9313948119,1833.16516113281,340
556,4148.38288979735,4798.53506047829,1833.16516113281,340
557,4784.63022600402,4788.57725986743,1833.16516113281,340
558,3757.14251575758,4749.62487950722,1833.16516113281,340
559,3770.26351476792,4714.31109938811,1833.16516113281,340
560,4793.698449669,4711.58908642716,1833.16516113281,340
561,3767.77746113347,4675.7113232817,1834.14697265625,340
562,4860.47952983012,4655.87734779487,1834.14697265625,340
563,3523.16072917058,4588.50747751607,1834.14697265625,340
564,3872.005006691,4555.30643574997,1834.14697265625,340
565,3676.28199145315,4492.98331452662,1834.14697265625,340
566,4536.22295592246,4470.69231285974,1834.14697265625,340
567,4065.43303000963,4419.21437318607,1834.14697265625,340
568,3971.05216473645,4374.0431265973,1834.14697265625,340
569,5211.57188100494,4376.21970663203,1836.29809570312,340
570,4042.17605904166,4357.17894985329,1836.29809570312,340
571,5668.29841296244,4395.49581188439,1836.29809570312,340
572,5437.09983388502,4406.98133541294,1836.29809570312,340
573,5391.0069349063,4415.83450561783,1836.29809570312,340
574,5691.27359907288,4439.47083481929,1836.29809570312,340
575,5552.90218858172,4455.91774672616,1836.29809570312,340
576,5234.60581522155,4456.73141517678,1836.29809570312,340
577,5739.77500179879,4531.73969413315,1836.03857421875,340
578,5400.03529004827,4600.71158343275,1836.03857421875,340
579,5515.64661086103,4643.7466166997,1836.03857421875,340
580,5521.71118094394,4717.30533093085,1836.03857421875,340
581,5877.02501887055,4786.45101609378,1836.03857421875,340
582,5379.04449684404,4810.22758692738,1836.03857421875,340
583,5686.68099971032,4887.40912628549,1836.03857421875,340
584,5540.35398652132,4958.21274515562,1836.03857421875,340
585,5635.13444372352,4991.87018491781,1843.20007324219,340
586,5525.96285830778,5062.19760080478,1843.20007324219,340
587,5549.46270366877,5089.75692775832,1843.20007324219,340
588,5561.99921178381,5171.31046706285,1843.20007324219,340
589,5448.05643645999,5234.35252425361,1843.20007324219,340
590,5665.11471510675,5313.90583319976,1843.20007324219,340
591,5808.8365054036,5364.810375179,1843.20007324219,340
592,5818.08980186228,5434.91664605311,1843.20007324219,340
593,5629.93430981088,5501.27193185609,1851.48559570312,340
594,5576.21096765658,5515.85749532215,1851.48559570312,340
595,5729.14243577245,5583.33615039138,1851.48559570312,340
596,5535.79922321783,5578.0361828016,1851.48559570312,340
597,5499.00572105716,5580.51241828848,1851.48559570312,340
598,5764.04932603155,5595.43411393349,1851.48559570312,340
599,5629.79659080428,5592.97503360275,1851.48559570312,340
600,5259.36049011757,5581.23336566418,1851.48559570312,340
601,5747.90972580298,5601.76552208744,1863.16943359375,340
602,5378.98659419712,5587.33398578337,1863.16943359375,340
603,5836.60212736694,5604.79665927612,1863.16943359375,340
604,5591.94495492765,5607.84859303879,1863.16943359375,340
605,4993.21200680721,5586.70862607332,1863.16943359375,340
606,5812.75453309412,5584.13780664226,1863.16943359375,340
607,5648.67597287516,5594.9230656835,1863.16943359375,340
608,5794.19017099472,5599.22343253488,1863.16943359375,340
609,5844.66444793913,5611.39585099159,1873.7060546875,340
610,5738.22455010486,5615.51945524685,1873.7060546875,340
611,5763.13043202872,5625.00615819568,1873.7060546875,340
612,5710.4822852596,5631.44694145932,1873.7060546875,340
613,5830.47903861208,5642.18613453245,1873.7060546875,340
614,5686.13803449591,5651.70939845388,1873.7060546875,340
615,5702.29682027947,5653.19668266079,1873.7060546875,340
616,5699.21684635995,5648.81189629905,1873.7060546875,340
617,5797.98935183357,5648.0078782979,1876.19177246094,340
618,5810.529595736,5655.2316897349,1876.19177246094,340
619,6021.4000186048,5673.03925177283,1876.19177246094,340
620,5907.70458946887,5680.18173792069,1876.19177246094,340
621,5832.75045165046,5692.059787058,1876.19177246094,340
622,5623.02883234508,5697.02071150951,1876.19177246094,340
623,5763.30974337131,5696.9911282031,1876.19177246094,340
624,5799.07205387583,5703.76214672597,1876.19177246094,340
625,5721.94660655938,5722.26559138364,1882.40759277344,340
626,5716.29487135782,5721.00099720583,1882.40759277344,340
627,5821.35209506536,5738.69561724056,1882.40759277344,340
628,5676.69070499272,5732.29916034559,1882.40759277344,340
629,5750.37464070295,5738.6363477766,1882.40759277344,340
630,5917.26219151382,5775.59835516487,1882.40759277344,340
631,5761.49369302899,5773.54792156226,1882.40759277344,340
632,5906.70216496465,5783.86896924584,1882.40759277344,340
633,5315.85110380498,5764.73540655825,1887.83862304688,340
634,5706.05122125238,5759.19087749078,1887.83862304688,340
635,5779.88125627863,5760.85714573773,1887.83862304688,340
636,6000.83574808548,5770.36535838,1887.83862304688,340
637,5665.36249060267,5768.56056659373,1887.83862304688,340
638,5565.29796293124,5757.95332356649,1887.83862304688,340
639,5676.5000576984,5757.56780449459,1887.83862304688,340
640,5786.31042626817,5760.92834873414,1887.83862304688,340
641,5682.76966793087,5760.27046159698,1898.62951660156,340
642,5757.7819004291,5758.6621635408,1898.62951660156,340
643,5836.18211892163,5759.68826446822,1898.62951660156,340
644,5969.54568697366,5757.61409120298,1898.62951660156,340
645,5657.29926788672,5747.59787833969,1898.62951660156,340
646,5604.46740183232,5738.46655634697,1898.62951660156,340
647,5759.80310890206,5743.93752740924,1898.62951660156,340
648,5387.65045633597,5728.91115592783,1898.62951660156,340
649,5909.81230652254,5733.3407660337,1908.419921875,340
650,5845.95310345744,5738.30102590962,1908.419921875,340
651,5934.88866192279,5747.04477753222,1908.419921875,340
652,5520.89667023533,5735.02656053902,1908.419921875,340
653,5978.67440756293,5747.10590864183,1908.419921875,340
654,5831.5814447823,5750.354180805,1908.419921875,340
655,5800.09294089377,5745.6674107802,1908.419921875,340
656,5470.94242082057,5734.04535989186,1908.419921875,340
657,6120.50446797901,5742.59745201244,1922.31762695312,340
658,5796.78551663885,5761.83482852579,1922.31762695312,340
659,6057.76845776134,5775.90351798615,1922.31762695312,340
660,5433.51591202004,5762.04890421581,1922.31762695312,340
661,5851.88731195552,5756.09096677061,1922.31762695312,340
662,5837.44695891283,5762.97434550302,1922.31762695312,340
663,5662.61204642872,5766.86690884292,1922.31762695312,340
664,5671.39541982049,5766.6627233278,1922.31762695312,340
665,5802.1617448182,5767.2967760698,1929.81665039062,340
666,5751.64891296307,5770.05194587109,1929.81665039062,340
667,6054.86954466749,5781.93545164062,1929.81665039062,340
668,5856.45244778777,5782.74626479527,1929.81665039062,340
669,5975.72436530393,5782.99341192848,1929.81665039062,340
670,6022.92182055746,5797.61831403531,1929.81665039062,340
671,5679.27749017317,5800.61071756894,1929.81665039062,340
672,5903.61403839747,5806.36315474876,1929.81665039062,340
673,6015.78644999308,5831.48859449504,1935.48999023438,340
674,5897.26674214106,5830.98677191978,1935.48999023438,340
675,6076.4011094579,5840.2046921598,1935.48999023438,340
676,5550.79368310277,5824.840893007,1935.48999023438,340
677,5937.48730268075,5841.50451830482,1935.48999023438,340
678,5677.07942719914,5829.44071909027,1935.48999023438,340
679,6044.3363572343,5837.95091558835,1935.48999023438,340
680,5839.43717904521,5839.5246851144,1935.48999023438,340
681,5953.25210185349,5858.81707235572,1944.5654296875,340
682,5760.01057864831,5844.39731678249,1944.5654296875,340
683,5533.83484920753,5833.87929008524,1944.5654296875,340
684,6052.146643384,5833.65441751015,1944.5654296875,340
685,5745.01305946448,5846.11430340793,1944.5654296875,340
686,6174.27261683664,5859.00971560317,1944.5654296875,340
687,6208.08784662845,5873.83535111179,1944.5654296875,340
688,6119.79703778433,5892.12275076602,1944.5654296875,340
689,6099.06551835196,5909.22955470728,1944.80871582031,340
690,5917.08570971245,5913.82651330305,1944.80871582031,340
691,6209.79338632003,5932.15229223733,1944.80871582031,340
692,6263.74898281174,5940.5074697631,1944.80871582031,340
693,6223.93251149034,5955.2066723112,1944.80871582031,340
694,5974.20205327733,5955.14577983013,1944.80871582031,340
695,6227.37278259148,5963.3238183115,1944.80871582031,340
696,6132.18041366746,5981.43993525127,1944.80871582031,340
697,6168.50088220897,5992.03540900373,1956.33410644531,340
698,6030.65896150886,5992.63030946436,1956.33410644531,340
699,6171.73960848042,6003.60922411793,1956.33410644531,340
700,6194.9047199272,6008.3493685367,1956.33410644531,340
701,6222.76730356376,6035.22831335515,1956.33410644531,340
702,6267.12257487591,6048.41372424295,1956.33410644531,340
703,6337.96635871158,6074.84920150345,1956.33410644531,340
704,6224.5525091245,6082.05784757906,1956.33410644531,340
705,6296.72620031742,6100.34940842994,1970.42626953125,340
706,6329.9018884565,6115.41539989406,1970.42626953125,340
707,6424.87802071509,6142.01009757674,1970.42626953125,340
708,6356.9779336198,6174.93582095323,1970.42626953125,340
709,6248.20284743218,6182.77806911516,1970.42626953125,340
710,6421.88837352488,6209.85308167757,1970.42626953125,340
711,6459.92797537777,6221.27929601922,1970.42626953125,340
712,6189.83230864417,6220.54907449985,1970.42626953125,340
713,6380.97822491266,6230.99632198498,1980.77990722656,340
714,6101.24603892589,6231.08354280794,1980.77990722656,340
715,6283.74400338586,6245.74987455487,1980.77990722656,340
716,6127.32705822908,6242.45122143123,1980.77990722656,340
717,6138.54744030106,6237.44315973081,1980.77990722656,340
718,6268.14178681673,6239.21153074386,1980.77990722656,340
719,6326.5323647564,6253.30474320303,1980.77990722656,340
720,6245.55831462221,6254.03216448425,1980.77990722656,340
721,6243.51472838018,6258.48553707276,1992.96228027344,340
722,6158.84604357249,6258.0993435273,1992.96228027344,340
723,6365.56417422669,6271.49555203602,1992.96228027344,340
724,6239.35934573223,6274.20034152609,1992.96228027344,340
725,6294.79926454364,6278.19612331075,1992.96228027344,340
726,6241.50631280129,6278.94568368025,1992.96228027344,340
727,5802.76459865643,6260.37136463147,1992.96228027344,340
728,6128.64691086457,6251.99858671759,1992.96228027344,340
729,6159.06408234674,6249.37904964648,1995.16479492188,340
730,6095.36139723857,6241.32445752332,1995.16479492188,340
731,6436.73049995525,6245.59760198327,1995.16479492188,340
732,6243.85350633152,6238.35662140793,1995.16479492188,340
733,6302.76713092858,6236.18818930028,1995.16479492188,340
734,6156.34123689433,6232.51372487877,1995.16479492188,340
735,6164.75814395876,6222.22851569612,1995.16479492188,340
736,6217.71451676576,6212.53997735164,1995.16479492188,340
737,6449.68861003244,6222.93422940717,1997.95153808594,340
738,5684.49019541944,6195.07470822745,1997.95153808594,340
739,6461.50987531769,6209.48526168312,1997.95153808594,340
740,6476.87581482891,6217.21053414084,1997.95153808594,340
741,6324.77460817067,6225.1084361385,1997.95153808594,340
742,6402.02932688347,6235.6477116018,1997.95153808594,340
743,6245.87926270087,6234.75721063716,1997.95153808594,340
744,6412.13929488469,6238.1814878423,1997.95153808594,340
745,5993.93489755413,6228.11655115957,2010.05920410156,340
746,5977.97970173787,6217.49515009388,2010.05920410156,340
747,5944.47928151762,6208.92047961169,2010.05920410156,340
748,6415.7189165455,6210.92666930444,2010.05920410156,340
749,6491.99978259355,6221.03228677889,2010.05920410156,340
750,6367.61536939222,6223.94493097283,2010.05920410156,340
751,6176.79209770122,6221.35636236883,2010.05920410156,340
752,6049.63429047969,6231.23115004176,2010.05920410156,340
753,6563.45953731025,6248.62365509959,2022.09924316406,340
754,6288.47300526616,6253.80001201637,2022.09924316406,340
755,6557.22384045131,6272.27450974488,2022.09924316406,340
756,6578.6802665596,6277.95250040905,2022.09924316406,340
757,6303.49921988728,6280.33832895128,2022.09924316406,340
758,6413.00784154442,6284.74795737591,2022.09924316406,340
759,6597.47259884027,6302.39321185375,2022.09924316406,340
760,6469.8636314454,6314.59743135322,2022.09924316406,340
761,6419.50038487392,6322.66886607754,2024.10388183594,340
762,6337.78697145622,6318.19280053449,2024.10388183594,340
763,6553.24134910926,6352.94284668209,2024.10388183594,340
764,6596.16619864386,6358.32909961513,2024.10388183594,340
765,6467.58627300561,6357.9575179422,2024.10388183594,340
766,6418.98314585109,6361.72585944942,2024.10388183594,340
767,6752.25010420606,6375.73469054232,2024.10388183594,340
768,6218.69764845142,6374.64742597235,2024.10388183594,340
769,6304.18283257768,6370.32916748006,2025.70251464844,340
770,6661.63899883867,6397.03733153145,2025.70251464844,340
771,6675.58095257401,6424.94138156489,2025.70251464844,340
772,6285.96112851905,6438.60065544495,2025.70251464844,340
773,6630.28218482025,6447.18318617594,2025.70251464844,340
774,6550.89751452116,6449.53909545304,2025.70251464844,340
775,6589.68277624886,6458.42179172731,2025.70251464844,340
776,6564.06206475725,6473.91259040955,2025.70251464844,340
777,6700.39078290481,6499.94285010656,2027.07104492188,340
778,6267.09199196631,6488.0881482928,2027.07104492188,340
779,6456.50228757117,6494.809319585,2027.07104492188,340
780,6614.3699350177,6497.09516336766,2027.07104492188,340
781,6647.17608698609,6499.83499618471,2027.07104492188,340
782,6669.92396645818,6514.49198604755,2027.07104492188,340
783,6519.9613674699,6518.77012708457,2027.07104492188,340
784,6383.38426410823,6510.20659369529,2027.07104492188,340
785,6723.40970235965,6520.34843653186,2033.43225097656,340
786,6726.29050444661,6532.62004131476,2033.43225097656,340
787,6623.00492135719,6544.0287593108,2033.43225097656,340
788,6529.88580059448,6543.09453737021,2033.43225097656,340
789,6608.01041447396,6543.56830600342,2033.43225097656,340
790,6705.29378220274,6553.0766063713,2033.43225097656,340
791,6612.21253264728,6560.80578184315,2033.43225097656,340
792,6255.82764682607,6540.94888354795,2033.43225097656,340
793,6689.46740966616,6559.77967399654,2028.85974121094,340
794,6711.42781308424,6576.0694732168,2028.85974121094,340
795,6798.9015585144,6581.55997560383,2028.85974121094,340
796,6691.15292811343,6582.18285462541,2028.85974121094,340
797,6434.9068231499,6588.14068241064,2028.85974121094,340
798,6684.92979340856,6590.32658675417,2028.85974121094,340
799,6682.29223773361,6595.58237568267,2028.85974121094,340
800,6633.46695101381,6597.33374267327,2028.85974121094,340
801,6715.79824528965,6603.40318989457,2038.66223144531,340
802,6442.63723160041,6593.09304784239,2038.66223144531,340
803,6537.8153051816,6603.921980371,2038.66223144531,340
804,6648.43864877968,6611.59943481934,2038.66223144531,340
805,6770.51579693248,6617.84526929593,2038.66223144531,340
806,6490.27148308026,6611.5690851397,2038.66223144531,340
807,6574.9504576897,6607.77014478896,2038.66223144531,340
808,6733.0872735018,6616.29518103024,2038.66223144531,340
809,6547.94217078969,6622.87749729749,2032.8291015625,340
810,6670.87405872558,6620.77607155213,2032.8291015625,340
811,6718.70251429961,6620.47255194625,2032.8291015625,340
812,6546.34512116236,6617.40615993846,2032.8291015625,340
813,6626.42756506595,6621.26783051731,2032.8291015625,340
814,6813.34382423118,6629.4811669076,2032.8291015625,340
815,6770.26854020415,6632.08015722766,2032.8291015625,340
816,6470.08146388346,6626.39491447711,2032.8291015625,340
817,6638.29815738401,6641.69373489943,2034.64331054688,340
818,6712.15159210516,6642.60110219699,2034.64331054688,340
819,6779.51599372332,6645.32462942255,2034.64331054688,340
820,6788.62973756267,6644.91375658448,2034.64331054688,340
821,6774.650779128,6648.25367062506,2034.64331054688,340
822,6616.66359793137,6655.52394161632,2034.64331054688,340
823,6765.83021064372,6658.75995830573,2034.64331054688,340
824,6488.97611807054,6651.02731351921,2034.64331054688,340
825,6629.52079769345,6650.86946738639,2032.828125,340
826,6661.68484087777,6648.70493120992,2032.828125,340
827,6620.98548021337,6655.83886115443,2032.828125,340
828,6339.89974014195,6647.92223855285,2032.828125,340
829,6676.65440820838,6649.05086893,2032.828125,340
830,6701.89617472311,6646.30608404162,2032.828125,340
831,6781.87715248203,6657.97031081769,2032.828125,340
832,6707.89223707427,6663.28798199307,2032.828125,340
833,6694.81517565426,6661.75709807917,2037.51586914062,340
834,6651.58852206092,6665.90295213002,2037.51586914062,340
835,6556.93677953457,6661.34546096238,2037.51586914062,340
836,6706.13502362741,6660.8427613355,2037.51586914062,340
837,6559.65512158308,6661.37516135232,2037.51586914062,340
838,6762.97733106506,6666.83715199229,2037.51586914062,340
839,6613.88557111972,6658.85882186783,2037.51586914062,340
840,6684.53939882765,6655.42965621277,2037.51586914062,340
841,6665.68768245003,6663.25390495543,2041.63146972656,340
842,6653.51740163358,6663.86267472542,2041.63146972656,340
843,6789.10784560635,6666.94092486546,2041.63146972656,340
844,6604.15662997649,6659.92655031559,2041.63146972656,340
845,6734.50755222032,6657.7616629019,2041.63146972656,340
846,6715.09960536346,6655.37961595132,2041.63146972656,340
847,6744.69639689543,6660.50092790988,2041.63146972656,340
848,6645.49304878197,6655.68744143541,2041.63146972656,340
849,6749.23222112665,6666.09768555765,2049.51245117188,340
850,6679.41078318513,6668.09328497732,2049.51245117188,340
851,6399.42588288217,6657.6029266575,2049.51245117188,340
852,6799.64929638079,6664.74947930419,2049.51245117188,340
853,6519.66028354309,6671.93990104024,2049.51245117188,340
854,6714.91761430599,6673.47042928414,2049.51245117188,340
855,6670.68512512588,6672.22198730025,2049.51245117188,340
856,6693.01527429424,6668.66751217274,2049.51245117188,340
857,6743.96850878165,6670.11056304104,2049.7138671875,340
858,6717.24725136568,6671.0078460695,2049.7138671875,340
859,6717.50422887037,6673.64447434187,2049.7138671875,340
860,6694.44549702596,6679.14482304153,2049.7138671875,340
861,6627.25374042813,6675.98957171356,2049.7138671875,340
862,6676.97989083578,6680.68256248366,2049.7138671875,340
863,6668.95393777936,6676.92162675224,2049.7138671875,340
864,6742.06396778705,6682.04876261893,2049.7138671875,340
865,6350.96887609372,6668.70594170957,2060.38232421875,340
866,6588.04500225921,6665.60023450194,2060.38232421875,340
867,6447.47901685274,6657.35869911071,2060.38232421875,340
868,6068.62862571259,6628.53953031496,2060.38232421875,340
869,6649.54005317544,6630.35486724291,2060.38232421875,340
870,6475.78899652241,6620.006125015,2060.38232421875,340
871,6451.4202802441,6609.45895201022,2060.38232421875,340
872,6674.16355096967,6606.63763817319,2060.38232421875,340
873,6630.72803257833,6606.04703752505,2064.91015625,340
874,6447.60537006488,6593.98196348257,2064.91015625,340
875,6661.89003632787,6593.28113360829,2064.91015625,340
876,6576.48244921268,6600.3633962615,2064.91015625,340
877,6575.71845314991,6591.40616253227,2064.91015625,340
878,6675.9405419819,6597.65737286982,2064.91015625,340
879,6729.45714274233,6598.23895400728,2064.91015625,340
880,6560.97086328124,6593.85038353349,2064.91015625,340
881,6090.98100055523,6569.76901258393,2074.97680664062,340
882,6114.10306201601,6544.5743947133,2074.97680664062,340
883,6560.1140126529,6538.28906516479,2074.97680664062,340
884,6312.62528558742,6522.09390743347,2074.97680664062,340
885,6295.17257235837,6506.12299044677,2074.97680664062,340
886,6163.94301008679,6487.59056123312,2074.97680664062,340
887,6346.45814481723,6474.36969139237,2074.97680664062,340
888,6244.37437479473,6457.38650887299,2074.97680664062,340
889,6593.93377193883,6451.46130103906,2076.15795898438,340
890,6528.12884235469,6458.5476996895,2076.15795898438,340
891,6643.82404127736,6460.77886125023,2076.15795898438,340
892,6608.61662858925,6467.22436571969,2076.15795898438,340
893,6482.48181677822,6483.77849336231,2076.15795898438,340
894,6312.41963487307,6470.29367663022,2076.15795898438,340
895,6561.78655659869,6473.73357903327,2076.15795898438,340
896,6619.72406805522,6480.46573054571,2076.15795898438,340
897,6577.36625354459,6476.59383864871,2078.76904296875,340
898,6740.40799234815,6480.9810370395,2078.76904296875,340
899,6651.30180330486,6489.1288943691,2078.76904296875,340
900,6570.52399846978,6485.47425285478,2078.76904296875,340
901,6395.38689595458,6478.23043072446,2078.76904296875,340
902,6710.57735712712,6483.62478688354,2078.76904296875,340
903,6513.30042698458,6477.11918228365,2078.76904296875,340
904,6635.69318985993,6473.36862416836,2078.76904296875,340
905,6380.16293478463,6466.13630702849,2081.529296875,340
906,6641.02271826251,6488.13797573678,2081.529296875,340
907,6391.4758189749,6499.23288601514,2081.529296875,340
908,6174.61777193271,6483.81303638633,2081.529296875,340
909,6449.51961685571,6489.28880963706,2081.529296875,340
910,6528.01221603145,6498.60239538398,2081.529296875,340
911,6211.76553844021,6500.51529651812,2081.529296875,340
912,6533.05480763164,6507.9791630307,2081.529296875,340
913,6503.12165245243,6518.32905413701,2098.53002929688,340
914,6189.00714582941,6502.13198909263,2098.53002929688,340
915,6203.48424953926,6489.14620538001,2098.53002929688,340
916,6183.07951047516,6470.71642414792,2098.53002929688,340
917,6263.47766498828,6456.91086560388,2098.53002929688,340
918,6333.00872749212,6450.93194203244,2098.53002929688,340
919,6305.46930832795,6450.65392897064,2098.53002929688,340
920,6227.93135703414,6437.29972098805,2098.53002929688,340
921,6220.27787012049,6421.32187307066,2120.2783203125,340
922,5872.45859652535,6393.12556678989,2120.2783203125,340
923,6029.64697861581,6364.6951262406,2120.2783203125,340
924,6224.73079846147,6347.63228604686,2120.2783203125,340
925,6410.27180595971,6341.22219834646,2120.2783203125,340
926,6133.61054947139,6330.75114448713,2120.2783203125,340
927,6297.9919317123,6314.24772747054,2120.2783203125,340
928,6354.1904169385,6307.8833270687,2120.2783203125,340
929,5949.39636993198,6280.43145427158,2132.080078125,340
930,6361.32839581598,6279.67807271283,2132.080078125,340
931,6333.10348957607,6267.36130356538,2132.080078125,340
932,6274.70764472637,6262.69057659543,2132.080078125,340
933,6297.89551579601,6267.62168634997,2132.080078125,340
934,6249.57043289877,6259.62371899169,2132.080078125,340
935,6260.44168964062,6248.92089793605,2132.080078125,340
936,6299.81144910212,6252.44273436253,2132.080078125,340
937,6293.96756802425,6242.87924477824,2141.41723632812,340
938,6388.50626838238,6238.29462941543,2141.41723632812,340
939,6227.63669558856,6239.8398114058,2141.41723632812,340
940,6097.08731531221,6235.58393403672,2141.41723632812,340
941,6465.86132300752,6246.89520653801,2141.41723632812,340
942,6056.65734358891,6238.62239368204,2141.41723632812,340
943,6396.72396875877,6241.17100333271,2141.41723632812,340
944,6347.51489252472,6242.85282670058,2141.41723632812,340
945,6172.05813960817,6240.61789800354,2144.7470703125,340
946,5900.74656834586,6227.83664593255,2144.7470703125,340
947,5861.8565347149,6227.41256346013,2144.7470703125,340
948,6310.96949295766,6238.66546403381,2144.7470703125,340
949,5784.70702630429,6221.06451314752,2144.7470703125,340
950,5953.67478456125,6202.80063229158,2144.7470703125,340
951,5087.85636247472,6160.97046481171,2144.7470703125,340
952,6135.99796281258,6154.49070605573,2144.7470703125,340
953,6036.00714460245,6141.76337516229,2152.49853515625,340
954,6202.70927422646,6151.89589133406,2152.49853515625,340
955,6096.42457767164,6141.29973860829,2152.49853515625,340
956,5399.33582265659,6103.94903193151,2152.49853515625,340
957,5985.50794219173,6092.38104383013,2152.49853515625,340
958,6302.31261802577,6092.55772791931,2152.49853515625,340
959,5517.31052630633,6063.26733165562,2152.49853515625,340
960,5829.79955997987,6046.04164646919,2152.49853515625,340
961,6324.18277655261,6047.01649956721,2145.98364257812,340
962,5688.65693196982,6022.80407412503,2145.98364257812,340
963,5706.32027446656,5995.5166343684,2145.98364257812,340
964,6135.21840411041,5991.81990270927,2145.98364257812,340
965,5841.04838040209,5981.57834531287,2145.98364257812,340
966,6030.92582810978,5964.18092551696,2145.98364257812,340
967,6122.85476729875,5966.82882246535,2145.98364257812,340
968,5759.91691237034,5941.35654020981,2145.98364257812,340
969,5340.67582413469,5901.08297747421,2159.2041015625,340
970,5337.57550889211,5867.70367224557,2159.2041015625,340
971,4418.75125577789,5808.42385974285,2159.2041015625,340
972,5560.66656763112,5796.3762610595,2159.2041015625,340
973,5595.09640658232,5767.74133760449,2159.2041015625,340
974,5103.83280366385,5740.50636869887,2159.2041015625,340
975,5683.56084634352,5729.70181117016,2159.2041015625,340
976,5168.42282893861,5732.92446982871,2159.2041015625,340
977,5405.59258203196,5703.70825459749,2165.08520507812,340
978,5285.43683671982,5673.68544228219,2165.08520507812,340
979,5487.68675869775,5645.08454166104,2165.08520507812,340
980,5077.45780142317,5604.3258706111,2165.08520507812,340
981,5443.76528286053,5606.10304901926,2165.08520507812,340
982,5310.8069998439,5579.11501132534,2165.08520507812,340
983,5488.81563772542,5546.57513211333,2165.08520507812,340
984,5283.52658203249,5537.22377434237,2165.08520507812,340
985,5136.66732845415,5509.49848508135,2193.82202148438,340
986,5356.50659306335,5470.79143774178,2193.82202148438,340
987,4954.20936078843,5441.41353489452,2193.82202148438,340
988,5125.07258884367,5418.1636274696,2193.82202148438,340
989,5066.28268392274,5375.4061986621,2193.82202148438,340
990,5313.15136309989,5354.29031797001,2193.82202148438,340
991,5072.92150927553,5315.97014521664,2193.82202148438,340
992,5516.76773529517,5291.7266639365,2193.82202148438,340
993,4673.52801530764,5248.27110805399,2231.45581054688,340
994,5283.06194201132,5245.96655276905,2231.45581054688,340
995,4979.49436925114,5231.64330718342,2231.45581054688,340
996,5157.21663171534,5261.18192222091,2231.45581054688,340
997,4985.71397077467,5238.18381834666,2231.45581054688,340
998,4912.34976248363,5210.87395258271,2231.45581054688,340
999,5124.95585902956,5211.71887479734,2231.45581054688,340
1000,4970.43930101748,5183.1940129843,2231.45581054688,340
1001,4796.60858010994,5168.32144303115,2232.912109375,340
1002,4613.45146981909,5136.63579854263,2232.912109375,340
1003,4768.1969509294,5115.94620311102,2232.912109375,340
1004,4671.41487179229,5083.2953276348,2232.912109375,340
1005,4948.19854929067,5078.1249575495,2232.912109375,340
1006,4962.14700562889,5058.86022646023,2232.912109375,340
1007,5047.02063101095,5048.30877170691,2232.912109375,340
1008,4862.64180392213,5023.26181835478,2232.912109375,340
1009,4687.96768595098,4999.43946251152,2245.552734375,340
1010,4297.72269256326,4965.88167707589,2245.552734375,340
1011,4783.52302551407,4942.96233437392,2245.552734375,340
1012,4522.62904452104,4925.69912172322,2245.552734375,340
1013,4175.7540817255,4887.72638143849,2245.552734375,340
1014,4094.42404636825,4848.85203593631,2245.552734375,340
1015,4260.53505478773,4806.74738360383,2245.552734375,340
1016,4802.50154171362,4795.93058490135,2245.552734375,340
1017,4612.91878627454,4759.77662694052,2235.10375976562,340
1018,4666.20241386144,4759.48360288268,2235.10375976562,340
1019,4527.96111540724,4729.27956981851,2235.10375976562,340
1020,4942.1204140338,4727.78461160982,2235.10375976562,340
1021,5158.70089440913,4727.84398211757,2235.10375976562,340
1022,4746.0276424819,4718.25652898586,2235.10375976562,340
1023,4354.52424447839,4695.94350826565,2235.10375976562,340
1024,4664.96594432031,4677.54391167728,2235.10375976562,340
1025,4918.51359975401,4675.46688362674,2233.14331054688,340
1026,4407.89975026548,4659.91853043297,2233.14331054688,340
1027,5292.05868444942,4687.06281901818,2233.14331054688,340
1028,3325.23285617518,4629.34425522801,2233.14331054688,340
1029,4600.88174102173,4626.52292999719,2233.14331054688,340
1030,3286.10925919768,4560.03935839347,2233.14331054688,340
1031,3426.14802697484,4498.5993992473,2233.14331054688,340
1032,3640.32894592845,4442.33173184401,2233.14331054688,340
1033,4765.43951991044,4438.44364048354,2199.4580078125,340
1034,4159.88437610078,4417.32030808953,2199.4580078125,340
1035,4578.41061277179,4428.54782489787,2199.4580078125,340
1036,4769.03669720469,4427.9683717655,2199.4580078125,340
1037,4211.55203215941,4415.52529127103,2199.4580078125,340
1038,3950.8680245673,4406.5298489847,2199.4580078125,340
1039,4667.56511857543,4429.45549187299,2199.4580078125,340
1040,4352.19357353623,4433.12183262293,2199.4580078125,340
1041,4422.24524632397,4417.91158080734,2166.46508789062,340
1042,4586.7870592619,4416.86631172684,2166.46508789062,340
1043,4444.96055306219,4408.01663729487,2166.46508789062,340
1044,4854.14228928905,4421.06388425014,2166.46508789062,340
1045,5055.92625072617,4425.61611771783,2166.46508789062,340
1046,4870.37749519141,4414.08318174913,2166.46508789062,340
1047,4479.70951612915,4403.43045669501,2166.46508789062,340
1048,4602.78170048055,4413.3607549351,2166.46508789062,340
1049,4054.50116047116,4388.94216358114,2152.79174804688,340
1050,3508.72503329653,4332.55062092284,2152.79174804688,340
1051,4004.27073684216,4316.4054603859,2152.79174804688,340
1052,3862.31796230935,4259.2158315003,2152.79174804688,340
1053,4408.04675661841,4302.52838751803,2152.79174804688,340
1054,4371.5486055174,4293.35506209786,2152.79174804688,340
1055,3232.71692999688,4291.21936892983,2152.79174804688,340
1056,4723.29016358655,4343.10505439429,2152.79174804688,340
1057,4001.80819964186,4357.56422454283,2141.650390625,340
1058,4405.12263281399,4343.15154905897,2141.650390625,340
1059,4344.08485537122,4350.51956822979,2141.650390625,340
1060,4105.40351994098,4331.59928451656,2141.650390625,340
1061,4654.60301366308,4327.02193717489,2141.650390625,340
1062,4637.46190521276,4344.05833209703,2141.650390625,340
1063,4883.78218331383,4381.37489844689,2141.650390625,340
1064,4864.09734823118,4389.23618763312,2141.650390625,340
1065,5021.85091113861,4416.02248113721,2118.05493164062,340
1066,4511.82467331555,4419.60565821688,2118.05493164062,340
1067,3106.98750147524,4360.41367590541,2118.05493164062,340
1068,4152.64931093672,4348.72122622039,2118.05493164062,340
1069,4983.30655453228,4353.88779683012,2118.05493164062,340
1070,4407.06620824685,4327.93339513095,2118.05493164062,340
1071,4686.33030468964,4320.57150751088,2118.05493164062,340
1072,4482.30428615616,4320.67529831196,2118.05493164062,340
1073,5582.52545101211,4359.86504833322,2076.98022460938,340
1074,5526.34685823494,4418.73887624377,2076.98022460938,340
1075,5658.82727000178,4504.74296571198,2076.98022460938,340
1076,4858.46888111405,4538.91089148286,2076.98022460938,340
1077,5592.88226718126,4608.13346367773,2076.98022460938,340
1078,5642.34283028295,4657.50530662431,2076.98022460938,340
1079,5123.94078166179,4687.60099367009,2076.98022460938,340
1080,4945.9200813757,4756.12911972524,2076.98022460938,340
1081,4785.30893860247,4758.60987072588,2067.30810546875,340
1082,5498.31422634559,4818.47011179403,2067.30810546875,340
1083,5365.89880627385,4856.90115873242,2067.30810546875,340
1084,5165.81549276122,4889.77038422802,2067.30810546875,340
1085,4951.0138602431,4923.59479784011,2067.30810546875,340
1086,5030.52772336298,4938.6317862281,2067.30810546875,340
1087,5023.87245203513,4954.088208101,2067.30810546875,340
1088,5344.6994056632,4972.52489699497,2067.30810546875,340
1089,4585.12114951419,4961.36584904629,2060.80200195312,340
1090,5089.62594104286,4964.07685024247,2060.80200195312,340
1091,5856.28255986946,5017.85516570462,2060.80200195312,340
1092,5412.03716309506,5110.05715216941,2060.80200195312,340
1093,4971.58789612793,5142.81469557706,2060.80200195312,340
1094,5408.76261970827,5159.8329381841,2060.80200195312,340
1095,5584.42114720105,5206.92713574227,2060.80200195312,340
1096,5593.70954531296,5243.2223053672,2060.80200195312,340
1097,5071.03533096064,5266.77154715938,2054.14428710938,340
1098,5430.20795507742,5260.67884732199,2054.14428710938,340
1099,5154.83932131064,5245.81854584502,2054.14428710938,340
1100,5391.67325988268,5235.13238544026,2054.14428710938,340
1101,5367.58548770632,5255.49704970395,2054.14428710938,340
1102,4756.05259308614,5222.02386274014,2054.14428710938,340
1103,3343.52268183108,5130.07105680207,2054.14428710938,340
1104,4422.01663495176,5101.99409093367,2054.14428710938,340
1105,5718.29390066987,5132.88904370544,2048.84448242188,340
1106,5968.38652675762,5180.21214723164,2048.84448242188,340
1107,5354.83322544213,5174.4729071955,2048.84448242188,340
1108,4557.65216016782,5142.14304135126,2048.84448242188,340
1109,5085.88523749439,5138.94583114059,2048.84448242188,340
1110,4889.26026179224,5136.47568720255,2048.84448242188,340
1111,5169.66006410452,5142.04098083222,2048.84448242188,340
1112,5521.73093078953,5161.95531998239,2048.84448242188,340
1113,5390.39094584603,5163.7829815897,2043.00756835938,340
1114,5384.83922970912,5195.7717047975,2043.00756835938,340
1115,5423.31124667327,5209.11911702272,2043.00756835938,340
1116,5621.71450899558,5199.73639498776,2043.00756835938,340
1117,5260.74178661233,5193.68457992845,2043.00756835938,340
1118,4521.42079368296,5175.67789583065,2043.00756835938,340
1119,5653.97228547732,5185.48628246142,2043.00756835938,340
1120,5240.00631758593,5171.70968927681,2043.00756835938,340
1121,5955.31033872319,5186.17372101322,2034.62609863281,340
1122,5931.51140428694,5220.59276394627,2034.62609863281,340
1123,6005.31568969119,5243.59707333082,2034.62609863281,340
1124,5730.59800627638,5266.62742072945,2034.62609863281,340
1125,5826.52968153049,5284.02167759537,2034.62609863281,340
1126,5965.57209762554,5307.94114199213,2034.62609863281,340
1127,6087.94192246636,5361.21671516734,2034.62609863281,340
1128,5842.31895233086,5461.16856598734,2034.62609863281,340
1129,5105.27806365067,5488.49902313529,2021.80297851562,340
1130,5334.03218487192,5473.12855450337,2021.80297851562,340
1131,5164.01678833207,5440.95376496635,2021.80297851562,340
1132,5821.07661611378,5459.60350059322,2021.80297851562,340
1133,5502.00386506268,5497.37756878901,2021.80297851562,340
1134,5655.84198038202,5520.17583850452,2021.80297851562,340
1135,6030.41471048864,5565.82201645237,2021.80297851562,340
1136,5824.28254615945,5592.00691573457,2021.80297851562,340
1137,5620.8468893849,5595.97155407839,2024.76916503906,340
1138,6074.18517440189,5623.32332322062,2024.76916503906,340
1139,5311.14299702958,5620.37547391344,2024.76916503906,340
1140,4631.95094860966,5588.72106199089,2024.76916503906,340
1141,5970.12039690667,5602.65729750734,2024.76916503906,340
1142,5618.92538044376,5616.98464126059,2024.76916503906,340
1143,5472.00543318128,5655.00802684053,2024.76916503906,340
1144,5474.78267046574,5647.84044224006,2024.76916503906,340
1145,5614.65768952553,5662.82649711765,2020.8896484375,340
1146,5613.55801450066,5649.15640414875,2020.8896484375,340
1147,5625.61158217081,5636.9204112641,2020.8896484375,340
1148,5493.95309433126,5616.4659074497,2020.8896484375,340
1149,5344.52306999151,5601.02290999831,2020.8896484375,340
1150,5730.33678454182,5597.17519411876,2020.8896484375,340
1151,5904.40709117499,5594.72859386074,2020.8896484375,340
1152,4621.5709670986,5536.07375564603,2020.8896484375,340
1153,5135.53534364855,5507.80241129874,2023.31372070312,340
1154,5266.39830273105,5514.24722086195,2023.31372070312,340
1155,5573.7563522059,5523.83618755531,2023.31372070312,340
1156,5321.22914047557,5530.12468164105,2023.31372070312,340
1157,5833.33199939175,5530.61489697217,2023.31372070312,340
1158,5424.21262585909,5527.50324740403,2023.31372070312,340
1159,5264.76500609635,5511.8601684326,2023.31372070312,340
1160,5685.16508564387,5498.05018343881,2023.31372070312,340
1161,5804.19356992599,5497.24662438947,2019.92260742188,340
1162,5777.32360907088,5503.50569317691,2019.92260742188,340
1163,5992.18674353322,5500.22575594216,2019.92260742188,340
1164,6135.05742725762,5533.18233315129,2019.92260742188,340
1165,5522.88874442027,5568.81984498371,2019.92260742188,340
1166,5983.58170031093,5569.35829711988,2019.92260742188,340
1167,5656.49696682555,5570.86116057515,2019.92260742188,340
1168,5410.36525151971,5568.39555330869,2019.92260742188,340
1169,5636.98908942464,5574.88381006704,2021.68017578125,340
1170,5204.70496767715,5558.48570119311,2021.68017578125,340
1171,5512.90732171742,5554.45967348178,2021.68017578125,340
1172,6002.05543856238,5569.51742773744,2021.68017578125,340
1173,5225.14058449289,5558.76492734391,2021.68017578125,340
1174,5390.86299073893,5560.6185241738,2021.68017578125,340
1175,5483.06917971683,5550.7278199808,2021.68017578125,340
1176,5637.53967986269,5540.05312352831,2021.68017578125,340
1177,5398.19437491817,5571.1180598411,2030.00476074219,340
1178,5551.93724295426,5587.77413581332,2030.00476074219,340
1179,5851.44022185974,5611.17581257847,2030.00476074219,340
1180,5648.65143872152,5614.1716160391,2030.00476074219,340
1181,5754.71703914056,5631.5111319857,2030.00476074219,340
1182,5794.25497004775,5629.94805081194,2030.00476074219,340
1183,6106.11337785535,5657.22408089179,2030.00476074219,340
1184,5853.02901245434,5680.75464114611,2030.00476074219,340
1185,5946.63528605996,5691.21344916275,2033.60070800781,340
1186,5231.81161334423,5668.31817089948,2033.60070800781,340
1187,5299.67659571709,5649.21229036533,2033.60070800781,340
1188,5672.72773390426,5636.43392998017,2033.60070800781,340
1189,5756.59132633768,5621.29528594337,2033.60070800781,340
1190,5957.53583898807,5638.68116972608,2033.60070800781,340
1191,5765.36697594806,5629.95258075157,2033.60070800781,340
1192,5955.68795156828,5641.92022014128,2033.60070800781,340
1193,6062.82321884555,5668.01853883431,2032.81115722656,340
1194,5832.42408859813,5675.83593880125,2032.81115722656,340
1195,5665.15241078029,5694.25383652538,2032.81115722656,340
1196,5967.45051157244,5712.43556411958,2032.81115722656,340
1197,5287.26574864577,5683.84397652291,2032.81115722656,340
1198,5722.34497191071,5703.73215201963,2032.81115722656,340
1199,5895.80557191228,5723.92985526656,2032.81115722656,340
1200,5610.54605933172,5729.02893045116,2032.81115722656,340
1201,5911.29928873284,5739.97931480596,2046.62255859375,340
1202,5935.08652467553,5761.45500079626,2046.62255859375,340
1203,5834.39527513367,5772.75332208343,2046.62255859375,340
1204,5857.09017939128,5772.97932038469,2046.62255859375,340
1205,6164.74066698894,5793.62288951539,2046.62255859375,340
1206,5852.24554733907,5797.52402984333,2046.62255859375,340
1207,5508.06049958859,5786.07625102497,2046.62255859375,340
1208,6011.83464081602,5782.30510154339,2046.62255859375,340
1209,5924.44083750488,5785.16157454541,2050.75659179688,340
1210,5939.77999271443,5784.88736281159,2050.75659179688,340
1211,5978.64681397934,5814.760770837,2050.75659179688,340
1212,5694.84770357527,5830.56761515132,2050.75659179688,340
1213,6256.22714295566,5853.90759151338,2050.75659179688,340
1214,5958.4589174317,5861.98229515714,2050.75659179688,340
1215,6012.02312739966,5864.1617866936,2050.75659179688,340
1216,6055.86000845455,5875.78150799386,2050.75659179688,340
1217,5896.1798867446,5873.40118540092,2050.44775390625,340
1218,5792.21902874043,5862.57701779671,2050.44775390625,340
1219,5755.90459597639,5859.51623809184,2050.44775390625,340
1220,6134.62273411243,5878.29505102513,2050.44775390625,340
1221,6385.3881912955,5895.01255821405,2050.44775390625,340
1222,5838.67154874445,5917.068790218,2050.44775390625,340
1223,6118.62618685177,5932.92003881564,2050.44775390625,340
1224,6047.7291555412,5938.9969821608,2050.44775390625,340
1225,5775.44462735708,5945.59292488181,2052.1416015625,340
1226,6188.92117305586,5956.69780025473,2052.1416015625,340
1227,5743.19833734922,5949.02227276168,2052.1416015625,340
1228,5813.85827236646,5948.20079265099,2052.1416015625,340
1229,5673.0364693452,5940.83864424915,2052.1416015625,340
1230,5770.67031286259,5925.07583008409,2052.1416015625,340
1231,5997.00036661875,5930.86602285528,2052.1416015625,340
1232,5681.63076036711,5937.80883328642,2052.1416015625,340
1233,6061.14929738952,5939.78141954936,2051.48901367188,340
1234,5860.97484972345,5937.24278003811,2051.48901367188,340
1235,6057.612143633,5941.95606607485,2051.48901367188,340
1236,5966.60989538442,5941.47458933105,2051.48901367188,340
1237,5770.13613254351,5944.48612648978,2051.48901367188,340
1238,5842.29658680799,5927.92890424387,2051.48901367188,340
1239,5997.34058060936,5929.48417077098,2051.48901367188,340
1240,5726.79823487536,5918.07517507001,2051.48901367188,340
1241,6012.80501969184,5916.3529755195,2045.48876953125,340
1242,6382.76751194594,5935.81648052756,2045.48876953125,340
1243,5875.92578738717,5939.16475087342,2045.48876953125,340
1244,6192.32291556006,5956.62148365677,2045.48876953125,340
1245,6006.23673190982,5951.48604356867,2045.48876953125,340
1246,6178.9872532733,5943.23000604778,2045.48876953125,340
1247,6040.81853161469,5951.31588536259,2045.48876953125,340
1248,6069.32600441348,5949.34387806506,2045.48876953125,340
1249,5931.42249222745,5944.69161153251,2040.72192382812,340
1250,6001.97615855395,5953.75287278038,2040.72192382812,340
1251,5965.40991448881,5944.8124224377,2040.72192382812,340
1252,5934.48273628037,5952.46379839495,2040.72192382812,340
1253,6140.0514554691,5965.51152571905,2040.72192382812,340
1254,6284.55631640029,5989.97231960125,2040.72192382812,340
1255,6060.19963088907,6001.55349232231,2040.72192382812,340
1256,6220.36297327071,6010.48799658839,2040.72192382812,340
1257,6117.97761628536,6027.94187082512,2035.67993164062,340
1258,6026.66398624275,6026.56245837925,2035.67993164062,340
1259,6234.58905649727,6041.5070266502,2035.67993164062,340
1260,6010.3287134445,6039.61568944266,2035.67993164062,340
1261,5930.73632156857,6038.18074649003,2035.67993164062,340
1262,5967.82320034283,6046.088229202,2035.67993164062,340
1263,5931.86250493873,6049.67086592723,2035.67993164062,340
1264,6110.8313390938,6054.21049626661,2035.67993164062,340
1265,6214.75682369308,6073.72883981932,2028.73156738281,340
1266,6035.63140784286,6074.64189534536,2028.73156738281,340
1267,6327.5020202747,6072.43127567851,2028.73156738281,340
1268,6234.38216133018,6086.76953063623,2028.73156738281,340
1269,6090.20950034054,6082.68499402745,2028.73156738281,340
1270,5837.18503689281,6075.92292622677,2028.73156738281,340
1271,5894.36050567384,6064.53785632279,2028.73156738281,340
1272,6211.91533655629,6071.38172852045,2028.73156738281,340
1273,6216.22951333941,6077.25786887749,2017.46032714844,340
1274,6420.41688279567,6096.81764450022,2017.46032714844,340
1275,6155.17095376839,6102.9454363088,2017.46032714844,340
1276,6159.01795160269,6110.68975779335,2017.46032714844,340
1277,6229.08313126291,6122.47377359265,2017.46032714844,340
1278,6098.84015526952,6120.82532158467,2017.46032714844,340
1279,6479.64679201845,6128.6289406094,2017.46032714844,340
1280,5667.64413827429,6112.92672090481,2017.46032714844,340
1281,6002.23335178244,6104.20153604528,2008.83166503906,340
1282,6054.92013114648,6101.67923663972,2008.83166503906,340
1283,6001.1504741532,6100.65869615614,2008.83166503906,340
1284,6249.20850330985,6101.24347402864,2008.83166503906,340
1285,6210.25075283972,6109.24035560445,2008.83166503906,340
1286,6145.03202171095,6117.81218361015,2008.83166503906,340
1287,6498.70169224396,6139.04732328619,2008.83166503906,340
1288,5985.18530230717,6141.18023518093,2008.83166503906,340
1289,6355.90691667952,6150.98325828436,1998.990234375,340
1290,6379.68934546717,6157.58055915532,1998.990234375,340
1291,6083.68163553843,6159.50256826314,1998.990234375,340
1292,6522.87256705115,6167.3173901342,1998.990234375,340
1293,6426.08931588126,6174.98567631624,1998.990234375,340
1294,6268.91568928392,6182.13392387398,1998.990234375,340
1295,6343.59131294068,6202.39017491589,1998.990234375,340
1296,6320.62540729529,6219.44077098075,1998.990234375,340
1297,6001.39462175504,6211.0199423887,1996.71984863281,340
1298,6404.66495039377,6218.55735987088,1996.71984863281,340
1299,4251.8938246435,6131.81643754479,1996.71984863281,340
1300,6201.83347992048,6133.68293859087,1996.71984863281,340
1301,6303.42895442448,6139.45937870374,1996.71984863281,340
1302,6375.19969930847,6145.30404142557,1996.71984863281,340
1303,6397.2467554122,6157.24030543127,1996.71984863281,340
1304,6017.39411062456,6138.75019817552,1996.71984863281,340
1305,5864.81595246649,6146.63707074321,1983.72521972656,340
1306,5531.61610514458,6127.81238087769,1983.72521972656,340
1307,6620.56137673293,6150.43803070115,1983.72521972656,340
1308,6241.51657729374,6160.05267482677,1983.72521972656,340
1309,6324.98956728681,6163.08391738585,1983.72521972656,340
1310,6488.83959145023,6174.22747093027,1983.72521972656,340
1311,6522.37264390295,6189.32109581795,1983.72521972656,340
1312,6224.60016604673,6178.35703477006,1983.72521972656,340
1313,6391.95708429224,6194.62790604946,1969.42126464844,340
1314,5829.53670209222,6173.57309746597,1969.42126464844,340
1315,6669.3079732328,6185.1578425766,1969.42126464844,340
1316,5980.87981609653,6181.04576979892,1969.42126464844,340
1317,6439.50739049663,6177.71116273674,1969.42126464844,340
1318,6276.17093656848,6171.71442756423,1969.42126464844,340
1319,6253.08259771174,6171.08110390134,1969.42126464844,340
1320,6181.2343184385,6164.58682412126,1969.42126464844,340
1321,5189.04554640288,6119.32362968556,1964.94482421875,340
1322,6387.27931067504,6134.75901724236,1964.94482421875,340
1323,6193.0430668033,6126.29414189874,1964.94482421875,340
1324,6252.9121870688,6206.33487639575,1964.94482421875,340
1325,6013.44278528748,6198.79924861043,1964.94482421875,340
1326,6270.00607227068,6197.46233332428,1964.94482421875,340
1327,6173.60269617814,6189.39845319907,1964.94482421875,340
1328,6323.054471352,6186.43076183666,1964.94482421875,340
1329,6377.01461967441,6200.81558219865,1965.1474609375,340
1330,6162.21251579415,6212.71144473176,1965.1474609375,340
1331,6222.46449819812,6240.3453804539,1965.1474609375,340
1332,5761.41779057991,6205.97963700778,1965.1474609375,340
1333,6253.91029731477,6206.47538580862,1965.1474609375,340
1334,6022.33966750148,6194.36938981721,1965.1474609375,340
1335,6528.54648433866,6195.95766553274,1965.1474609375,340
1336,6535.43160909778,6196.48002414054,1965.1474609375,340
1337,6096.28588372498,6191.34745284767,1969.47106933594,340
1338,6207.21225643681,6183.95765973345,1969.47106933594,340
1339,6604.7393777272,6214.96576675885,1969.47106933594,340
1340,6168.24475214667,6194.9232379154,1969.47106933594,340
1341,6305.95954373197,6207.92642702082,1969.47106933594,340
1342,6575.57836688476,6213.36926607635,1969.47106933594,340
1343,6224.57383124155,6211.30538186327,1969.47106933594,340
1344,6593.18364674611,6224.90942382464,1969.47106933594,340
1345,6601.90118564576,6241.73609851294,1973.71606445312,340
1346,6714.19822079858,6302.74220548876,1973.71606445312,340
1347,6497.14769160889,6307.13694072612,1973.71606445312,340
1348,6307.20547590458,6311.70343709017,1973.71606445312,340
1349,6571.87722106696,6324.4620384501,1973.71606445312,340
1350,6329.62882028883,6337.10947985015,1973.71606445312,340
1351,6408.12467163031,6342.63422382453,1973.71606445312,340
1352,6582.48730376117,6358.98960812786,1973.71606445312,340
1353,6501.20513240618,6366.11563457002,1977.69213867188,340
1354,6691.82760353558,6378.70815392447,1977.69213867188,340
1355,6072.48449270483,6375.1190330009,1977.69213867188,340
1356,6449.85716263628,6384.21473957842,1977.69213867188,340
1357,6378.47698974617,6408.89710754507,1977.69213867188,340
1358,6233.72028191374,6408.08950692903,1977.69213867188,340
1359,6383.35738701605,6422.53021570962,1977.69213867188,340
1360,6670.08924216857,6428.19192602281,1977.69213867188,340
1361,6567.8246422182,6429.48764734763,1976.02453613281,340
1362,6640.37041009242,6451.25102840233,1976.02453613281,340
1363,6464.67925208012,6461.54970822806,1976.02453613281,340
1364,6520.70597585373,6458.18837215312,1976.02453613281,340
1365,6673.36771047147,6478.39329048611,1976.02453613281,340
1366,6469.80264059937,6484.94701436081,1976.02453613281,340
1367,6203.47433362121,6470.06285303027,1976.02453613281,340
1368,6584.82891629733,6484.4730564325,1976.02453613281,340
1369,6354.17610512249,6474.91275476755,1982.57104492188,340
1370,6424.42194069415,6467.81358496949,1982.57104492188,340
1371,6355.67677123219,6453.47272698683,1982.57104492188,340
1372,6327.20518899379,6446.67502688223,1982.57104492188,340
1373,6496.60166354383,6454.2508743878,1982.57104492188,340
1374,6415.47959247792,6447.99496924424,1982.57104492188,340
1375,6450.37956660614,6452.82499909693,1982.57104492188,340
1376,6342.05233412743,6450.18210559681,1982.57104492188,340
1377,6597.99412923225,6450.80237861566,1983.70776367188,340
1378,6487.74444862343,6450.26395126435,1983.70776367188,340
1379,6671.32203805393,6449.44372864508,1983.70776367188,340
1380,6508.18024482178,6466.87155872976,1983.70776367188,340
1381,6654.40279771849,6475.05338413305,1983.70776367188,340
1382,6721.40054415969,6488.77032630959,1983.70776367188,340
1383,6645.55932651187,6505.24388809352,1983.70776367188,340
1384,6693.21837565218,6517.63832763896,1983.70776367188,340
1385,6611.97744948617,6515.31385593166,1985.18920898438,340
1386,6757.3325343247,6522.89417161592,1985.18920898438,340
1387,6378.25486842007,6512.40954994903,1985.18920898438,340
1388,6620.55768598607,6518.64468730527,1985.18920898438,340
1389,6581.41476740729,6521.07303896741,1985.18920898438,340
1390,6646.86177428284,6520.01280151987,1985.18920898438,340
1391,6259.76164393171,6511.61116165316,1985.18920898438,340
1392,6579.50663380627,6526.65245366056,1985.18920898438,340
1393,6727.54404539708,6532.36105882455,1991.78955078125,340
1394,6458.99184666588,6536.55368848629,1991.78955078125,340
1395,6559.38949826434,6541.95239078909,1991.78955078125,340
1396,6488.46447608829,6547.26389898334,1991.78955078125,340
1397,6376.1124078154,6549.2201877362,1991.78955078125,340
1398,6620.03053280444,6554.15734250663,1991.78955078125,340
1399,6653.24439097602,6563.66793444655,1991.78955078125,340
1400,6704.53378779667,6573.83410329417,1991.78955078125,340
1401,6581.15495372473,6583.39820807806,1995.77160644531,340
1402,6522.75809108747,6580.38876655227,1995.77160644531,340
1403,6657.60291285879,6587.18310512169,1995.77160644531,340
1404,6430.98935124432,6577.5697976493,1995.77160644531,340
1405,6646.2644230515,6583.09316477849,1995.77160644531,340
1406,6720.07451856767,6585.72003361246,1995.77160644531,340
1407,6692.10981634061,6584.5484044997,1995.77160644531,340
1408,6481.45016781885,6577.98403815198,1995.77160644531,340
1409,6032.3204004499,6551.54811914389,2002.63830566406,340
1410,6701.78044091002,6555.14023880084,2002.63830566406,340
1411,6646.33987842997,6550.70053256505,2002.63830566406,340
1412,6557.43739335947,6557.86783356263,2002.63830566406,340
1413,6678.34851039185,6560.17946653886,2002.63830566406,340
1414,6654.29125868403,6563.09452618993,2002.63830566406,340
1415,6458.28161854488,6555.55131996041,2002.63830566406,340
1416,6722.70199387302,6574.06893395806,2002.63830566406,340
1417,5826.52482696622,6543.94966168446,2006.7041015625,340
1418,6624.24403700767,6539.81766134888,2006.7041015625,340
1419,6678.83725153842,6548.61147754378,2006.7041015625,340
1420,6716.19659471734,6554.8837614019,2006.7041015625,340
1421,6675.75988369643,6562.37557770623,2006.7041015625,340
1422,6700.18693529604,6575.33855880545,2006.7041015625,340
1423,6585.16069930643,6573.94376546553,2006.7041015625,340
1424,6521.38116870934,6568.66923657487,2006.7041015625,340
1425,5938.20865181262,6538.0162311355,2011.00561523438,340
1426,6169.89709097092,6521.56591662535,2011.00561523438,340
1427,5615.08478763376,6485.2589844872,2011.00561523438,340
1428,6669.77249374831,6485.74576772278,2011.00561523438,340
1429,6293.85616340396,6480.26044020917,2011.00561523438,340
1430,5989.51428532467,6453.9904347001,2011.00561523438,340
1431,6640.06819388081,6450.79018171262,2011.00561523438,340
1432,6327.78477157579,6436.21717992203,2011.00561523438,340
1433,6230.27292696911,6426.17009028804,2013.94714355469,340
1434,6574.24483704884,6447.847067752,2013.94714355469,340
1435,6322.15723842124,6432.66213965245,2013.94714355469,340
1436,5954.36691727652,6404.98322120631,2013.94714355469,340
1437,5545.89021860877,6364.52133421628,2013.94714355469,340
1438,5369.0837325761,6312.15074310365,2013.94714355469,340
1439,6019.10271531691,6286.74320136897,2013.94714355469,340
1440,6606.68133779512,6292.67919013898,2013.94714355469,340
1441,6699.74137988613,6291.7607655795,2013.70983886719,340
1442,6734.75135503587,6328.08982670229,2013.70983886719,340
1443,6684.8601355247,6330.51447064297,2013.70983886719,340
1444,6510.96564193429,6323.7996062588,2013.70983886719,340
1445,6673.1583582436,6322.07807679985,2013.70983886719,340
1446,6623.95073151725,6320.00571071268,2013.70983886719,340
1447,6171.699873009,6298.8662282212,2013.70983886719,340
1448,6703.82314944656,6303.61272622681,2013.70983886719,340
1449,6685.00392052427,6310.15763629941,2019.3876953125,340
1450,6647.68234939852,6338.53658420284,2019.3876953125,340
1451,6614.65881507309,6356.32705316693,2019.3876953125,340
1452,6740.08673086307,6401.3271308961,2019.3876953125,340
1453,6646.82002518122,6400.40903215342,2019.3876953125,340
1454,6673.47694963223,6415.59386360255,2019.3876953125,340
1455,6711.65376321556,6444.47944271818,2019.3876953125,340
1456,6668.01301480232,6445.59723555504,2019.3876953125,340
1457,6666.80164010842,6459.15791029635,2025.98474121094,340
1458,6708.77142687068,6478.29785029241,2025.98474121094,340
1459,6667.58822368621,6482.03158575791,2025.98474121094,340
1460,6596.78676158624,6493.01676668451,2025.98474121094,340
1461,6298.28384959187,6506.77344397712,2025.98474121094,340
1462,6541.1482858141,6546.58376666533,2025.98474121094,340
1463,6597.43518250694,6595.71782466257,2025.98474121094,340
1464,6267.36521376698,6605.64832460057,2025.98474121094,340
1465,6600.35868333888,6605.39541842232,2035.93933105469,340
1466,6609.5822864267,6601.78905468394,2035.93933105469,340
1467,6674.30058423025,6599.37102385172,2035.93933105469,340
1468,6417.59111791883,6588.68026314748,2035.93933105469,340
1469,6513.77417282131,6588.79260438296,2035.93933105469,340
1470,6612.56875498174,6586.36902025249,2035.93933105469,340
1471,6751.67024815852,6591.47780091814,2035.93933105469,340
1472,6559.94665722781,6607.00767228689,2035.93933105469,340
1473,6396.43042651788,6594.71196336974,2042.41479492188,340
1474,6343.80685467972,6581.06408073596,2042.41479492188,340
1475,6642.93217259276,6580.87407366373,2042.41479492188,340
1476,5150.0361731584,6522.28916798715,2042.41479492188,340
1477,6358.78396017966,6507.03705715981,2042.41479492188,340
1478,6345.74718007126,6494.99414335541,2042.41479492188,340
1479,6453.27707571561,6486.18614839875,2042.41479492188,340
1480,6614.64369273251,6482.30574557942,2042.41479492188,340
1481,6595.84919702251,6479.41919286823,2046.48474121094,340
1482,6432.29349459754,6470.0388670478,2046.48474121094,340
1483,6579.56894792962,6464.87076789015,2046.48474121094,340
1484,6484.51572109347,6457.54786778644,2046.48474121094,340
1485,6299.11900044215,6445.64115734068,2046.48474121094,340
1486,6712.53166695524,6462.21107003522,2046.48474121094,340
1487,6599.23669077136,6464.53460623351,2046.48474121094,340
1488,6429.01526098783,6457.79780937274,2046.48474121094,340
1489,6562.4565418908,6469.6014624977,2053.9560546875,340
1490,6619.32748788135,6470.36021467939,2053.9560546875,340
1491,6625.11273574902,6470.98143265229,2053.9560546875,340
1492,6637.38892816749,6469.50496640978,2053.9560546875,340
1493,6307.45599327157,6465.09956142389,2053.9560546875,340
1494,6697.38911600816,6472.44415915136,2053.9560546875,340
1495,6747.55496072275,6477.843607381,2053.9560546875,340
1496,6647.95034628476,6473.69481130605,2053.9560546875,340
1497,6448.00299753901,6469.2170649185,2062.38110351562,340
1498,6591.60379914779,6477.02399982369,2062.38110351562,340
1499,6741.9619928809,6492.95020535174,2062.38110351562,340
1500,6537.43111291373,6488.73016296458,2062.38110351562,340
1501,6515.42196195714,6543.34559451653,2062.38110351562,340
1502,6664.53189010907,6555.57551171371,2062.38110351562,340
1503,6541.64333754345,6563.41135801259,2062.38110351562,340
1504,6523.09126448694,6566.20392556345,2062.38110351562,340
1505,6350.30473366373,6555.6303672007,2064.49389648438,340
1506,6616.51219145855,6556.45688697814,2064.49389648438,340
1507,6485.24880991035,6558.57509959065,2064.49389648438,340
1508,6621.45202484202,6560.25042266715,2064.49389648438,340
1509,6697.18323378889,6568.75712317496,2064.49389648438,340
1510,6152.39489007846,6562.88815876042,2064.49389648438,340
1511,6589.66700959094,6557.97357246584,2064.49389648438,340
1512,6612.75480537075,6558.51429704982,2064.49389648438,340
1513,6425.12159583747,6558.35855044381,2063.94213867188,340
1514,6415.24708932739,6552.47017234127,2063.94213867188,340
1515,6463.34802884602,6546.23099397986,2063.94213867188,340
1516,6428.39989855737,6538.36248049219,2063.94213867188,340
1517,6613.76393680074,6537.41748083752,2063.94213867188,340
1518,6678.46933029228,6552.25801431835,2063.94213867188,340
1519,6485.4076087732,6543.77875402895,2063.94213867188,340
1520,6629.06414336432,6539.03912133461,2063.94213867188,340
1521,6665.72766467779,6539.75021407033,2058.63232421875,340
1522,6497.79270310338,6541.74180229291,2058.63232421875,340
1523,6565.59205897553,6540.70133268602,2058.63232421875,340
1524,6654.77314876731,6537.21377892147,2058.63232421875,340
1525,6597.13361933101,6539.60187917816,2058.63232421875,340
1526,6465.33021600058,6537.5982093399,2058.63232421875,340
1527,6631.91547278122,6536.29355264679,2058.63232421875,340
1528,6593.11215500185,6538.35230534512,2058.63232421875,340
1529,6596.65407718949,6541.29481785322,2040.38220214844,340
1530,6629.87271991872,6552.47753730342,2040.38220214844,340
1531,6617.67940168975,6552.52422571267,2040.38220214844,340
1532,5509.22521399723,6513.48328187615,2040.38220214844,340
1533,6676.18370823519,6515.67254921187,2040.38220214844,340
1534,6555.80182319009,6510.01729278792,2040.38220214844,340
1535,6440.59722517456,6521.54538619177,2040.38220214844,340
1536,6598.43237971027,6521.89600099654,2040.38220214844,340
1537,6375.05299343398,6512.38792851907,2024.09338378906,340
1538,6627.86073327096,6520.49749401641,2024.09338378906,340
1539,6644.80422645759,6529.67977950162,2024.09338378906,340
1540,6721.13980120362,6539.99145039592,2024.09338378906,340
1541,6512.73716069587,6543.36494088146,2024.09338378906,340
1542,6552.32480329712,6540.90737554132,2024.09338378906,340
1543,6607.65098099986,6538.07464156962,2024.09338378906,340
1544,6291.4255223936,6530.31535811443,2024.09338378906,340
1545,6354.73801046143,6519.34231279832,2020.09643554688,340
1546,6722.7003238021,6521.62121916329,2020.09643554688,340
1547,6258.32959162568,6512.04269470418,2020.09643554688,340
1548,6625.64797816441,6514.44493147174,2020.09643554688,340
1549,6528.68018515667,6509.40121292731,2020.09643554688,340
1550,6718.98497584741,6514.27526718797,2020.09643554688,340
1551,6544.71677230222,6517.45072944004,2020.09643554688,340
1552,6616.97410234159,6516.85307462245,2020.09643554688,340
1553,6558.91005900628,6515.48499078263,2027.56433105469,340
1554,6700.51563741844,6519.63945319178,2027.56433105469,340
1555,6678.66244683828,6521.59104226857,2027.56433105469,340
1556,6676.67806860586,6523.95098894521,2027.56433105469,340
1557,6233.22960318652,6552.91116451278,2027.56433105469,340
1558,6650.24124953008,6551.87346616458,2027.56433105469,340
1559,6485.12504001822,6549.04639483771,2027.56433105469,340
1560,6629.26982424415,6556.59329880049,2027.56433105469,340
1561,6310.4154572765,6545.07262190314,2030.7431640625,340
1562,6626.20300152324,6555.11862222671,2030.7431640625,340
1563,6629.56863780988,6555.18693840827,2030.7431640625,340
1564,6726.13766836873,6558.44027608471,2030.7431640625,340
1565,6491.47124732374,6549.25353392952,2030.7431640625,340
1566,6455.42382645887,6546.96100056004,2030.7431640625,340
1567,6658.62125540053,6551.21285864417,2030.7431640625,340
1568,6647.41019981274,6552.80322739669,2030.7431640625,340
1569,6708.73908871657,6569.49577004961,2035.66552734375,340
1570,6587.86828644704,6578.82098108903,2035.66552734375,340
1571,6547.15141814478,6571.79902486274,2035.66552734375,340
1572,6576.01423139432,6584.50641045348,2035.66552734375,340
1573,6743.68980833067,6589.22808366013,2035.66552734375,340
1574,6732.009942591,6597.36127395751,2035.66552734375,340
1575,6719.60938235835,6597.38625021795,2035.66552734375,340
1576,6733.02917900466,6604.91874648604,2035.66552734375,340
1577,6566.96147998794,6602.9182415919,2032.15576171875,340
1578,6564.66847426228,6603.14857820214,2032.15576171875,340
1579,6717.67823744199,6603.83508220308,2032.15576171875,340
1580,6755.81949145937,6606.92136398792,2032.15576171875,340
1581,6678.28702723102,6606.98572233293,2032.15576171875,340
1582,6466.88489389642,6616.33193396132,2032.15576171875,340
1583,6598.75645608724,6614.27254222361,2032.15576171875,340
1584,6534.38198283015,6616.24281993609,2032.15576171875,340
1585,6564.16836577719,6613.63876159741,2038.00952148438,340
1586,6711.06441003788,6629.66471970786,2038.00952148438,340
1587,6688.97464385303,6632.17558540105,2038.00952148438,340
1588,6701.94326357195,6635.07057043154,2038.00952148438,340
1589,6723.89431800654,6634.98083641705,2038.00952148438,340
1590,6591.02877819082,6638.96313765173,2038.00952148438,340
1591,6783.70022922683,6652.09419376245,2038.00952148438,340
1592,6724.33069504418,6654.7225713482,2038.00952148438,340
1593,6714.22804029669,6657.39528496756,2038.13818359375,340
1594,6577.03051127246,6652.12694186979,2038.13818359375,340
1595,6574.1414460763,6651.57786825496,2038.13818359375,340
1596,6737.65969952189,6659.19819951005,2038.13818359375,340
1597,6697.75336593198,6664.06776489155,2038.13818359375,340
1598,6662.24751022809,6660.81007296745,2038.13818359375,340
1599,6742.94604608988,6661.2475171074,2038.13818359375,340
1600,6657.98974657716,6658.78273167616,2038.13818359375,340
1601,6716.41755188292,6658.11826659129,2037.13220214844,340
1602,6614.64413527438,6660.02557280275,2037.13220214844,340
1603,6643.41500499349,6663.17543403199,2037.13220214844,340
1604,6710.29198542814,6662.87998395144,2037.13220214844,340
1605,6733.41795011579,6661.9839222977,2037.13220214844,340
1606,6655.28239694654,6661.06373708632,2037.13220214844,340
1607,6709.00892573719,6670.74869835995,2037.13220214844,340
1608,6546.97200409808,6668.67732028038,2037.13220214844,340
1609,6624.5343388817,6672.28341452244,2037.87365722656,340
1610,6535.80167792951,6671.14874700854,2037.87365722656,340
1611,6416.91780279979,6659.38288271901,2037.87365722656,340
1612,6636.06857436159,6657.26663993936,2037.87365722656,340
1613,6386.38278961453,6644.64422098106,2037.87365722656,340
1614,6414.66218957054,6632.27493584362,2037.87365722656,340
1615,6753.25262659954,6638.76388977997,2037.87365722656,340
1616,6730.30656107897,6636.62814305405,2037.87365722656,340
1617,6753.21582997243,6637.78354845118,2037.94445800781,340
1618,6536.04521007502,6630.65623524232,2037.94445800781,340
1619,6629.18434276686,6632.74238850209,2037.94445800781,340
1620,6684.89203146004,6637.17241191744,2037.94445800781,340
1621,6765.2239028828,6638.27498005188,2037.94445800781,340
1622,6701.23603282367,6638.41428672755,2037.94445800781,340
1623,6567.33602322709,6634.61782724751,2037.94445800781,340
1624,6772.70156243092,6635.80804790115,2037.94445800781,340
1625,6279.9580267708,6620.68677910889,2044.55798339844,340
1626,6710.87992841353,6620.46527417012,2044.55798339844,340
1627,6736.42537894107,6625.33652391678,2044.55798339844,340
1628,6726.52786412586,6628.66103828208,2044.55798339844,340
1629,6588.28542126407,6623.78077571552,2044.55798339844,340
1630,6675.67464884773,6621.47104366479,2044.55798339844,340
1631,6737.14023666061,6624.74535725336,2044.55798339844,340
1632,6685.71305921338,6623.8135225924,2044.55798339844,340
1633,6451.28482736178,6619.98603552295,2048.8974609375,340
1634,6486.00604566782,6614.4449037944,2048.8974609375,340
1635,6581.22126243097,6616.26168717446,2048.8974609375,340
1636,6637.31100683305,6625.07741533579,2048.8974609375,340
1637,6713.58690797792,6628.17814868044,2048.8974609375,340
1638,6494.61459600163,6632.50742093592,2048.8974609375,340
1639,6781.78503056276,6647.19233457561,2048.8974609375,340
1640,6732.94370869818,6646.37997785956,2048.8974609375,340
1641,6635.65557293194,6642.59393833368,2052.23291015625,340
1642,6700.94967949193,6640.50329231446,2052.23291015625,340
1643,6722.99338716334,6647.98121939799,2052.23291015625,340
1644,6699.82844768381,6650.80698359467,2052.23291015625,340
1645,6635.78453362177,6648.84268368114,2052.23291015625,340
1646,6647.15219237769,6644.11981526093,2052.23291015625,340
1647,6585.13446068401,6639.47575237535,2052.23291015625,340
1648,6663.65200257256,6643.32839154917,2052.23291015625,340
1649,6746.08069164145,6642.26355671759,2053.82006835938,340
1650,6671.41976253626,6657.9220261482,2053.82006835938,340
1651,6732.7730944102,6658.79775278807,2053.82006835938,340
1652,6715.39290190453,6657.95645370661,2053.82006835938,340
1653,6739.7323950719,6658.48463494445,2053.82006835938,340
1654,6725.69611257313,6663.98106259681,2053.82006835938,340
1655,6772.51083702334,6667.85451012384,2053.82006835938,340
1656,6671.97403230351,6665.24786194956,2053.82006835938,340
1657,6714.69690324688,6666.4072157109,2053.453125,340
1658,6760.1536699021,6678.76196941251,2053.453125,340
1659,6727.51938437909,6688.42250296096,2053.453125,340
1660,6675.00825423588,6692.17398263316,2053.453125,340
1661,6678.50696061778,6693.82182078454,2053.453125,340
1662,6696.72340079333,6693.14728049716,2053.453125,340
1663,6672.92790854477,6700.27981299889,2053.453125,340
1664,6678.29433677467,6696.14018524736,2053.453125,340
1665,6738.97102311141,6696.38127782389,2051.70703125,340
1666,6742.67296474092,6700.66197349625,2051.70703125,340
1667,6340.9019679081,6686.2600650329,2051.70703125,340
1668,6742.9292671823,6687.05750023366,2051.70703125,340
1669,6576.67712397779,6682.13144728542,2051.70703125,340
1670,6725.39904389483,6685.71602769634,2051.70703125,340
1671,6695.05048237604,6687.63195929627,2051.70703125,340
1672,6687.01104158182,6691.70702253218,2051.70703125,340
1673,6696.20169570254,6693.00901025738,2050.96655273438,340
1674,6779.4883313874,6694.34531584722,2050.96655273438,340
1675,6546.63868092873,6689.35407258292,2050.96655273438,340
1676,6639.83752023866,6685.63664961606,2050.96655273438,340
1677,6710.72850427221,6685.45007371077,2050.96655273438,340
1678,6765.79372139825,6686.49252676382,2050.96655273438,340
1679,6756.82720252093,6687.73777036173,2050.96655273438,340
1680,6733.28288808751,6686.1686524043,2050.96655273438,340
1681,6720.46882541101,6688.1084441286,2046.82885742188,340
1682,6390.68280823407,6675.14788032809,2046.82885742188,340
1683,6720.11262983439,6673.54623872538,2046.82885742188,340
1684,6727.43828119074,6673.54299459784,2046.82885742188,340
1685,6634.10025963821,6671.90667481394,2046.82885742188,340
1686,6768.83457338924,6675.5197793248,2046.82885742188,340
1687,6709.87394927964,6676.04580126425,2046.82885742188,340
1688,6714.19803165686,6677.69660618873,2046.82885742188,340
1689,6658.89559789712,6676.92065663363,2044.76940917969,340
1690,6573.45385334704,6670.29996984305,2044.76940917969,340
1691,6739.33403456571,6670.16641263605,2044.76940917969,340
1692,6502.906007153,6676.64657420584,2044.76940917969,340
1693,6749.85039021721,6676.92341912724,2044.76940917969,340
1694,6316.68508478098,6666.52373755937,2044.76940917969,340
1695,6568.31471896992,6660.24036456237,2044.76940917969,340
1696,6670.92733413922,6659.2754386329,2044.76940917969,340
1697,6710.81988323027,6660.22779229883,2049.56176757812,340
1698,6602.41694670562,6656.47640233896,2049.56176757812,340
1699,6811.76770420528,6657.76757725167,2049.56176757812,340
1700,6765.12209208777,6666.50691369803,2049.56176757812,340
1701,6606.06390250352,6665.15596898863,2049.56176757812,340
1702,6779.68470322377,6667.91421694669,2049.56176757812,340
1703,6717.34815808502,6665.97639441416,2049.56176757812,340
1704,6781.4329113828,6666.96062276863,2049.56176757812,340
1705,6724.94414329582,6666.62707297697,2051.56909179688,340
1706,6768.76973959419,6668.5591095443,2051.56909179688,340
1707,6720.14073034779,6681.73742642884,2051.56909179688,340
1708,6663.19130201035,6679.46057331588,2051.56909179688,340
1709,6719.07311022571,6679.12596647728,2051.56909179688,340
1710,6729.00961513819,6682.92234069728,2051.56909179688,340
1711,6712.47945500218,6680.6681359618,2051.56909179688,340
1712,6757.12449338268,6682.55815772592,2051.56909179688,340
1713,6744.91759527188,6683.78694027052,2052.5400390625,340
1714,6705.27913746155,6685.6422818531,2052.5400390625,340
1715,6784.21833290602,6694.07286103546,2052.5400390625,340
1716,6698.47164635018,6692.43836550684,2052.5400390625,340
1717,6701.46035116375,6700.38053926727,2052.5400390625,340
1718,6774.73030572202,6701.37573588746,2052.5400390625,340
1719,6704.66274867685,6716.89484244329,2052.5400390625,340
1720,6759.03501762244,6724.52365438939,2052.5400390625,340
1721,6756.16255156583,6727.93306308646,2058.2255859375,340
1722,6743.52829387918,6729.24139951242,2058.2255859375,340
1723,6723.04476300171,6734.06651216426,2058.2255859375,340
1724,6702.22385007414,6729.68475799901,2058.2255859375,340
1725,6726.78105579655,6728.15111654736,2058.2255859375,340
1726,6687.8617287963,6731.42302959908,2058.2255859375,340
1727,6785.30311398603,6731.64776602957,2058.2255859375,340
1728,6721.22342328515,6731.80277663757,2058.2255859375,340
1729,6737.78833297478,6730.05699350125,2059.88403320312,340
1730,6740.66065195307,6730.68565384754,2059.88403320312,340
1731,6690.98743469332,6727.5743616515,2059.88403320312,340
1732,6819.11268257713,6731.53323974068,2059.88403320312,340
1733,6703.35732465045,6733.13988064628,2059.88403320312,340
1734,6744.89516797698,6734.17276295633,2059.88403320312,340
1735,6727.10603204465,6734.09661963259,2059.88403320312,340
1736,6733.01541058659,6734.91805785597,2059.88403320312,340
1737,6689.59769300716,6732.21698584095,2064.32446289062,340
1738,6746.42138122188,6732.27713727895,2064.32446289062,340
1739,6715.85849633505,6732.70031163389,2064.32446289062,340
1740,6748.21232824274,6731.26007144736,2064.32446289062,340
1741,6766.00169670756,6733.96127346165,2064.32446289062,340
1742,6642.65417268663,6731.60902632257,2064.32446289062,340
1743,6693.62678009128,6728.36488529734,2064.32446289062,340
1744,6675.74875471,6727.20832553867,2064.32446289062,340
1745,6781.79316761916,6728.11865153853,2065.50634765625,340
1746,6746.31788222867,6727.72486476505,2065.50634765625,340
1747,6734.81010703226,6727.37613729117,2065.50634765625,340
1748,6769.45611720202,6729.23259145918,2065.50634765625,340
1749,6402.50134226258,6717.24369114672,2065.50634765625,340
1750,6638.45455307025,6713.71063103767,2065.50634765625,340
1751,6806.57094588488,6718.45899972121,2065.50634765625,340
1752,6665.57289166775,6713.66979082848,2065.50634765625,340
1753,6713.66123284682,6713.36730321095,2064.98291015625,340
1754,6749.36933086345,6713.8305431265,2064.98291015625,340
1755,6719.94733072148,6713.00201027723,2064.98291015625,340
1756,6772.44921446235,6716.26048146799,2064.98291015625,340
1757,6728.24714116862,6712.62585981165,2064.98291015625,340
1758,6737.03867009386,6713.97311362939,2064.98291015625,340
1759,6733.19503324181,6713.50510823998,2064.98291015625,340
1760,6770.82441000621,6715.25384335844,2064.98291015625,340
1761,6791.20228475868,6717.58131832533,2064.5517578125,340
1762,6714.66331227883,6718.58394309619,2064.5517578125,340
1763,6686.3172571318,6716.17977813259,2064.5517578125,340
1764,6547.75672161624,6709.45570714384,2064.5517578125,340
1765,6768.62960477666,6710.27239820519,2064.5517578125,340
1766,6605.99225038228,6703.87202035218,2064.5517578125,340
1767,6655.0889812146,6704.3694126933,2064.5517578125,340
1768,6735.00490776766,6706.02453780036,2064.5517578125,340
1769,6821.29807251564,6711.84651051258,2064.52563476562,340
1770,6610.58397805829,6704.99814293015,2064.52563476562,340
1771,6699.50027581724,6703.12543867369,2064.52563476562,340
1772,6789.89423269969,6705.32880370039,2064.52563476562,340
1773,6793.70911997172,6706.29892381118,2064.52563476562,340
1774,6680.80805317331,6717.4311922476,2064.52563476562,340
1775,6696.26827356644,6719.74374106745,2064.52563476562,340
1776,6745.41970310273,6717.29769135617,2064.52563476562,340
1777,6750.24830970434,6720.68470807763,2067.91455078125,340
1778,6666.68235110294,6718.80555280787,2067.91455078125,340
1779,6810.65888857952,6721.25713511652,2067.91455078125,340
1780,6669.70021090473,6719.24725032385,2067.91455078125,340
1781,6753.24814746019,6718.47920764376,2067.91455078125,340
1782,6681.64668381558,6716.61518934964,2067.91455078125,340
1783,6763.09534886243,6717.65745650038,2067.91455078125,340
1784,6682.17093139471,6715.6164924265,2067.91455078125,340
1785,6783.99307029613,6716.1432388381,2067.44091796875,340
1786,6803.05383641411,6716.61730090431,2067.44091796875,340
1787,6775.00083398855,6719.0308017727,2067.44091796875,340
1788,6742.67188098048,6721.28498672665,2067.44091796875,340
1789,6715.01595791323,6727.97535617853,2067.44091796875,340
1790,6776.63743254913,6728.29566928943,2067.44091796875,340
1791,6756.76776204166,6734.3266897558,2067.44091796875,340
1792,6770.48822226239,6738.94265939771,2067.44091796875,340
1793,6690.68915549659,6737.17002930687,2071.43823242188,340
1794,6765.87107234297,6734.95294929996,2071.43823242188,340
1795,6708.74204505848,6738.87927197997,2071.43823242188,340
1796,6743.97265569585,6740.65816717512,2071.43823242188,340
1797,6748.46335939747,6739.00093224303,2071.43823242188,340
1798,6616.87591477775,6731.92760403527,2071.43823242188,340
1799,6655.44924197169,6730.9132515872,2071.43823242188,340
1800,6704.60632613939,6731.24677369012,2071.43823242188,340
1801,6785.65562711469,6732.8562106506,2072.83666992188,340
1802,6703.26201271037,6730.97675877084,2072.83666992188,340
1803,6407.54310118584,6720.61118877416,2072.83666992188,340
1804,6649.07472991599,6714.14782242762,2072.83666992188,340
1805,6573.89100282006,6710.31545410423,2072.83666992188,340
1806,6573.75702496236,6703.13580920432,2072.83666992188,340
1807,6754.47134147386,6706.04879551065,2072.83666992188,340
1808,6596.0986368236,6699.36892702909,2072.83666992188,340
1809,6795.34069133253,6703.89571742661,2073.86181640625,340
1810,6749.4034395474,6702.51213219666,2073.86181640625,340
1811,6603.22128020467,6694.51882994828,2073.86181640625,340
1812,6717.33752563124,6692.21229761399,2073.86181640625,340
1813,6735.01433358399,6691.90599571813,2073.86181640625,340
1814,6566.6321528117,6685.97064351407,2073.86181640625,340
1815,6801.22756317087,6686.95424873894,2073.86181640625,340
1816,6729.65253916999,6685.86963982407,2073.86181640625,340
1817,6610.75433843762,6679.48028447108,2077.4775390625,340
1818,6746.70124395525,6681.72076800943,2077.4775390625,340
1819,6778.9098215401,6682.24231797731,2077.4775390625,340
1820,6719.00176062667,6682.65270660004,2077.4775390625,340
1821,6770.60183229734,6683.7178736641,2077.4775390625,340
1822,6778.27449463849,6684.91031907374,2077.4775390625,340
1823,6783.65110721436,6691.5813267712,2077.4775390625,340
1824,6674.33630476777,6692.33680928305,2077.4775390625,340
1825,6794.67354374403,6695.93949798723,2080.28149414062,340
1826,6585.36437886932,6687.92784805742,2080.28149414062,340
1827,6626.43673573029,6684.85483697821,2080.28149414062,340
1828,6649.60595177969,6694.53735100197,2080.28149414062,340
1829,6748.60904382044,6698.51872355815,2080.28149414062,340
1830,6716.05095671663,6704.20512171401,2080.28149414062,340
1831,6746.60543281417,6711.11905802808,2080.28149414062,340
1832,6775.17969025811,6711.94739197945,2080.28149414062,340
1833,6720.92032284733,6716.9402594204,2081.21337890625,340
1834,6552.92719496968,6707.24371956588,2081.21337890625,340
1835,6756.52891756065,6707.52873868641,2081.21337890625,340
1836,6478.06846426321,6702.52262604876,2081.21337890625,340
1837,5911.90045274606,6670.30514313335,2081.21337890625,340
1838,6647.80215923961,6666.81665615957,2081.21337890625,340
1839,6692.01954441523,6671.83215182372,2081.21337890625,340
1840,6619.16329546039,6664.5495811153,2081.21337890625,340
1841,6556.90401309926,6657.63964007247,2078.73657226562,340
1842,6753.79114133799,6663.36111218848,2078.73657226562,340
1843,6663.27420567768,6660.02403065738,2078.73657226562,340
1844,6595.82136753088,6652.70049249701,2078.73657226562,340
1845,6680.69244425799,6651.16811984226,2078.73657226562,340
1846,6612.9068819277,6644.86032182748,2078.73657226562,340
1847,6703.48047971558,6641.86856123056,2078.73657226562,340
1848,6530.3416384145,6631.73618247857,2078.73657226562,340
1849,6621.42714226163,6629.61981597832,2077.37329101562,340
1850,6564.65307614805,6620.41899727448,2077.37329101562,340
1851,6542.67601703415,6618.71146280108,2077.37329101562,340
1852,6554.1706227634,6615.8208182824,2077.37329101562,340
1853,6687.30759104548,6617.32888385303,2077.37329101562,340
1854,6698.24922574871,6615.31449113016,2077.37329101562,340
1855,6623.46932009084,6611.61122566513,2077.37329101562,340
1856,6695.40520047243,6609.56321637146,2077.37329101562,340
1857,6597.63704612166,6602.461510606,2072.71923828125,340
1858,6520.83424888941,6594.45806764769,2072.71923828125,340
1859,6756.00371992207,6602.58112864578,2072.71923828125,340
1860,6650.99250285972,6598.35967205775,2072.71923828125,340
1861,6335.03836820277,6592.63846821533,2072.71923828125,340
1862,6667.53789955845,6622.86396608782,2072.71923828125,340
1863,6522.52717717928,6617.85296680541,2072.71923828125,340
1864,6419.42632677775,6606.94923809991,2072.71923828125,340
1865,6636.01008928491,6607.62310985289,2073.86596679688,340
1866,6616.41392658178,6610.00350639219,2073.86596679688,340
1867,6679.88350185952,6607.04720081305,2073.86596679688,340
1868,6631.41497045624,6605.7728314042,2073.86596679688,340
1869,6666.40807127624,6608.59629955401,2073.86596679688,340
1870,6747.0267125431,6611.24967028542,2073.86596679688,340
1871,6603.03947764195,6610.85497411398,2073.86596679688,340
1872,6770.95738631692,6613.55405037804,2073.86596679688,340
1873,6700.32490212974,6620.35338092665,2070.4228515625,340
1874,6605.98688337533,6619.7357705712,2070.4228515625,340
1875,6737.47780905881,6626.64875988763,2070.4228515625,340
1876,6566.83749290195,6627.61521892234,2070.4228515625,340
1877,6638.61012625071,6630.99279906183,2070.4228515625,340
1878,6522.65872671452,6624.40684448859,2070.4228515625,340
1879,6511.0459735242,6616.91871439961,2070.4228515625,340
1880,6664.18362332479,6618.54728652897,2070.4228515625,340
1881,6602.07550801489,6614.81409883067,2070.40380859375,340
1882,6693.73462271823,6618.65800189453,2070.40380859375,340
1883,6673.01991023062,6624.74542834818,2070.40380859375,340
1884,6601.20120903822,6618.55332791283,2070.40380859375,340
1885,6627.49505377074,6617.61342994927,2070.40380859375,340
1886,6726.21587093244,6633.26053005845,2070.40380859375,340
1887,6383.03926323882,6621.88058460567,2070.40380859375,340
1888,6451.05754015515,6619.0217991247,2070.40380859375,340
1889,6417.06451261321,6618.92732655812,2066.53295898438,340
1890,6612.70154363936,6617.9949847323,2066.53295898438,340
1891,6605.14015355646,6617.54403381129,2066.53295898438,340
1892,6751.04969976963,6620.39068172769,2066.53295898438,340
1893,6737.40727959351,6624.63037409318,2066.53295898438,340
1894,6720.25953058894,6626.78443246569,2066.53295898438,340
1895,6524.77593650199,6617.89440142405,2066.53295898438,340
1896,6674.97264226272,6620.77172800888,2066.53295898438,340
1897,6508.62683873744,6610.2785061057,2063.53540039062,340
1898,6641.4334570582,6607.92284830284,2063.53540039062,340
1899,6794.94984311669,6615.48136669249,2063.53540039062,340
1900,6576.98812402243,6609.06177929104,2063.53540039062,340
1901,6454.76341347407,6604.57881611392,2063.53540039062,340
1902,6565.69188070037,6601.66208629191,2063.53540039062,340
1903,6653.76212494771,6606.90622222123,2063.53540039062,340
1904,6529.27678114875,6607.63545452622,2063.53540039062,340
1905,6761.53697534925,6611.52958860719,2064.32202148438,340
1906,6575.17614367431,6610.45361403357,2064.32202148438,340
1907,6633.09818379443,6608.02815647662,2064.32202148438,340
1908,6550.73957098367,6603.13694290674,2064.32202148438,340
1909,6765.614410033,6609.71347094653,2064.32202148438,340
1910,6745.86891385606,6614.44842534994,2064.32202148438,340
1911,6670.78223583665,6612.23107994611,2064.32202148438,340
1912,6746.48261004544,6626.76881381838,2064.32202148438,340
1913,6672.47894141796,6635.62566986889,2059.50073242188,340
1914,6390.68702527632,6634.57057037541,2059.50073242188,340
1915,6732.39452116207,6639.35828947632,2059.50073242188,340
1916,6706.23249641956,6643.40198319085,2059.50073242188,340
1917,6748.84844083236,6643.31393283336,2059.50073242188,340
1918,6446.53650784506,6631.67910196342,2059.50073242188,340
1919,6573.53962334756,6625.81030567376,2059.50073242188,340
1920,6653.30930678654,6630.95164048515,2059.50073242188,340
1921,6727.6362505244,6633.05818481561,2057.7978515625,340
1922,6570.6129279139,6635.53762838267,2057.7978515625,340
1923,6742.61945079981,6639.58506813234,2057.7978515625,340
1924,6346.06010087261,6621.62947844257,2057.7978515625,340
1925,6703.98945186063,6626.7095315561,2057.7978515625,340
1926,6612.8662522584,6633.03364510747,2057.7978515625,340
1927,6719.61386185761,6639.19052435376,2057.7978515625,340
1928,6616.0903980218,6637.68365527673,2057.7978515625,340
1929,6605.57068549823,6640.73541145071,2057.115234375,340
1930,6730.40483245714,6639.49012573502,2057.115234375,340
1931,6764.84157339646,6647.07674292391,2057.115234375,340
1932,6583.27194510659,6645.08369337639,2057.115234375,340
1933,6362.63231016009,6637.55940294345,2057.115234375,340
1934,6739.82518475899,6636.52783393249,2057.115234375,340
1935,6631.91069814973,6631.96950530424,2057.115234375,340
1936,6474.41405100299,6624.11477791089,2057.115234375,340
1937,6627.19374078241,6619.34322314037,2052.13916015625,340
1938,6730.72899267509,6621.67322519065,2052.13916015625,340
1939,6702.8990573842,6634.16170647497,2052.13916015625,340
1940,6519.48748566313,6625.64542505501,2052.13916015625,340
1941,6706.75103491875,6625.66616659498,2052.13916015625,340
1942,6770.45585291137,6626.53046307814,2052.13916015625,340
1943,6663.73949410727,6635.21858252863,2052.13916015625,340
1944,6743.23021717582,6642.00620628176,2052.13916015625,340
1945,6246.42624347677,6625.73088374937,2051.15600585938,340
1946,6287.94186675469,6608.14310839858,2051.15600585938,340
1947,6607.19744342616,6609.60648901907,2051.15600585938,340
1948,6445.45589172859,6597.71994665622,2051.15600585938,340
1949,6337.71166142784,6597.38600907843,2051.15600585938,340
1950,6399.18617094755,6585.19387784191,2051.15600585938,340
1951,6263.59821485691,6571.22315634585,2051.15600585938,340
1952,6551.52752008543,6564.49970267496,2051.15600585938,340
1953,6730.93702180035,6569.0935676261,2056.966796875,340
1954,6659.2011807096,6571.23878743455,2056.966796875,340
1955,6745.82424844377,6571.85556407402,2056.966796875,340
1956,6537.86054248111,6562.77632283741,2056.966796875,340
1957,6687.46070002778,6566.94387303425,2056.966796875,340
1958,6786.75239787539,6583.90867654287,2056.966796875,340
1959,6315.27844335316,6566.92680688663,2056.966796875,340
1960,6538.90578122575,6563.20661020967,2056.966796875,340
1961,6692.09499377108,6571.9138479204,2054.89916992188,340
1962,6748.30110470578,6576.75814247733,2054.89916992188,340
1963,6702.99129623224,6575.64863461962,2054.89916992188,340
1964,6778.72341422777,6578.68160889336,2054.89916992188,340
1965,6790.73629285336,6589.53156118097,2054.89916992188,340
1966,6730.46383822991,6590.48007331342,2054.89916992188,340
1967,6621.03136798836,6584.5030939165,2054.89916992188,340
1968,6743.65600729605,6587.69975444405,2054.89916992188,340
1969,6728.97514863913,6587.12955170258,2052.078125,340
1970,6572.73898165082,6600.18206122954,2052.078125,340
1971,6604.07405159128,6612.82734862301,2052.078125,340
1972,6786.20592936635,6619.98768806061,2052.078125,340
1973,6676.61500535632,6629.23405260572,2052.078125,340
1974,6646.05831373045,6641.56791869783,2052.078125,340
1975,6722.53996224551,6654.50207034975,2052.078125,340
1976,6770.39335594294,6674.77387599319,2052.078125,340
1977,6444.35128985962,6670.48682678416,2048.06225585938,340
1978,6671.90107280009,6668.12538882415,2048.06225585938,340
1979,6710.00790812007,6670.15765792056,2048.06225585938,340
1980,6303.68282156048,6652.47200084523,2048.06225585938,340
1981,6723.63393994146,6659.90293674365,2048.06225585938,340
1982,6641.56587586766,6658.06714377724,2048.06225585938,340
1983,6743.02522086789,6656.31805669694,2048.06225585938,340
1984,6302.13560375516,6655.79234311302,2048.06225585938,340
1985,6708.55064544246,6662.57813768169,2042.95874023438,340
1986,6528.10335808341,6656.01847225418,2042.95874023438,340
1987,6666.87722014192,6652.76151687163,2042.95874023438,340
1988,6688.43461207651,6652.1792495054,2042.95874023438,340
1989,6675.2961834192,6648.04216027306,2042.95874023438,340
1990,6389.36944174818,6631.98748622885,2042.95874023438,340
1991,6649.52898089502,6628.75009193545,2042.95874023438,340
1992,6751.02677526,6633.94990822632,2042.95874023438,340
1993,6810.57248951951,6636.62656751526,2041.68200683594,340
1994,6650.16650650802,6633.47422183001,2041.68200683594,340
1995,6704.46542579497,6638.74327959578,2041.68200683594,340
1996,6491.01100627594,6634.22075778317,2041.68200683594,340
1997,6712.58408360968,6631.2758839529,2041.68200683594,340
1998,6659.82648483504,6630.60434313205,2041.68200683594,340
1999,6263.11265026714,6615.28651659352,2041.68200683594,340
2000,6757.08674917785,6616.66838807081,2041.68200683594,340
2001,6747.12186371688,6615.73752838177,2045.17419433594,340
2002,6675.86001002206,6624.99787718826,2045.17419433594,340
2003,6809.60929153151,6630.50620593752,2045.17419433594,340
2004,6736.29553697141,6631.55771109157,2045.17419433594,340
2005,6801.37665133706,6651.46546428264,2045.17419433594,340
2006,6758.96113853522,6652.87855222639,2045.17419433594,340
2007,6711.4969945956,6655.67579697551,2045.17419433594,340
2008,6787.12045782507,6657.43960645379,2045.17419433594,340
2009,6806.96250504973,6677.63268250558,2046.1982421875,340
2010,6675.77806239928,6676.32177918385,2046.1982421875,340
2011,6790.2385807026,6686.80718808862,2046.1982421875,340
2012,6762.6205156522,6690.63691990903,2046.1982421875,340
2013,6732.31734092307,6692.39222906289,2046.1982421875,340
2014,6491.87918555454,6685.0555491483,2046.1982421875,340
2015,6677.73636265828,6696.59022598471,2046.1982421875,340
2016,6574.55777714211,6693.59137783459,2046.1982421875,340
2017,6607.35011906589,6687.84431158683,2048.33569335938,340
2018,6790.50287012671,6687.04152681112,2048.33569335938,340
2019,6648.05760353822,6686.95717069232,2048.33569335938,340
2020,6779.40148595959,6689.95461309891,2048.33569335938,340
2021,6794.00320630962,6702.07430110026,2048.33569335938,340
2022,6788.04851329999,6705.09287828787,2048.33569335938,340
2023,6567.65528861089,6701.4060304389,2048.33569335938,340
2024,6736.81518863236,6720.35413197351,2048.33569335938,340
2025,6802.12824633547,6722.15579185982,2052.26293945312,340
2026,6760.99895862993,6722.71087565634,2052.26293945312,340
2027,6794.50509396978,6727.45667901425,2052.26293945312,340
2028,6759.76137071349,6725.46276218153,2052.26293945312,340
2029,6794.12455780262,6727.77592301477,2052.26293945312,340
2030,6789.37817750533,6727.2959840615,2052.26293945312,340
2031,6699.31024832577,6724.90994845313,2052.26293945312,340
2032,6757.48147373354,6726.74932761865,2052.26293945312,340
2033,6757.33375711426,6725.55785959021,2055.72241210938,340
2034,6646.36689472918,6719.13403517739,2055.72241210938,340
2035,6777.28802467518,6723.19443366843,2055.72241210938,340
2036,6419.11187278395,6708.34936535168,2055.72241210938,340
2037,6790.19001654761,6709.4521453875,2055.72241210938,340
2038,6781.90747483801,6711.43575074409,2055.72241210938,340
2039,6811.3266879186,6724.21365083866,2055.72241210938,340
2040,6647.32060640507,6722.99702058853,2055.72241210938,340
2041,6721.69852225092,6728.88265039288,2053.72192382812,340
2042,6820.77863819813,6737.41979115817,2053.72192382812,340
2043,6745.91609013552,6735.63631995852,2053.72192382812,340
2044,6703.47810911253,6737.8531401815,2053.72192382812,340
2045,6663.18348476315,6733.20442013364,2053.72192382812,340
2046,6700.09631294436,6729.44814439903,2053.72192382812,340
2047,6783.7556954562,6729.27643168528,2053.72192382812,340
2048,6786.27592023275,6738.02125695015,2053.72192382812,340
2049,6787.36136331593,6740.04310393749,2057.16137695312,340
2050,6826.21779868107,6741.00668603132,2057.16137695312,340
2051,6774.72874324715,6741.555877416,2057.16137695312,340
2052,6780.56790513973,6740.9983898628,2057.16137695312,340
2053,6768.57225770808,6741.35082534259,2057.16137695312,340
2054,6738.62058607196,6739.13066647336,2057.16137695312,340
2055,6759.21740676101,6737.92423564359,2057.16137695312,340
2056,6769.34325055477,6740.72555573275,2057.16137695312,340
2057,6784.87691323828,6741.82137331294,2059.18090820312,340
2058,6537.23260590696,6733.01732726464,2059.18090820312,340
2059,6692.8213684137,6734.87550621202,2059.18090820312,340
2060,6732.32595548352,6733.07702344436,2059.18090820312,340
2061,6712.24475138276,6744.80233858831,2059.18090820312,340
2062,6816.06493761868,6745.83733543115,2059.18090820312,340
2063,6774.23909379867,6745.53060018958,2059.18090820312,340
2064,6750.24035401522,6743.08714683345,2059.18090820312,340
2065,6742.46016180799,6746.89272904956,2062.67846679688,340
2066,6724.78315926598,6747.01611453016,2062.67846679688,340
2067,6719.93708691445,6742.98245247882,2062.67846679688,340
2068,6735.53541086186,6742.56722530787,2062.67846679688,340
2069,6746.21396709758,6744.27665962727,2062.67846679688,340
2070,6781.06655202016,6748.99198231755,2062.67846679688,340
2071,6640.32861470675,6746.60127438805,2062.67846679688,340
2072,6649.27766895096,6741.22215332784,2062.67846679688,340
2073,6752.04253346329,6739.85281785706,2066.650390625,340
2074,6559.33345970484,6730.73170171262,2066.650390625,340
2075,6833.14381278345,6731.00874227671,2066.650390625,340
2076,6540.58390008365,6721.64294855017,2066.650390625,340
2077,6637.69839715377,6715.92816823073,2066.650390625,340
2078,6823.08832095137,6718.10881076046,2066.650390625,340
2079,6592.50106805043,6712.2640300396,2066.650390625,340
2080,6726.27803386744,6710.94645512386,2066.650390625,340
2081,6381.11221928766,6695.41721387318,2073.37426757812,340
2082,6609.95053104401,6688.42015858541,2073.37426757812,340
2083,6674.73589650645,6693.92029020938,2073.37426757812,340
2084,6598.9174445497,6690.16413325483,2073.37426757812,340
2085,6782.46621637227,6692.16974369037,2073.37426757812,340
2086,6782.08913099424,6694.96351887483,2073.37426757812,340
2087,6622.300217417,6687.21293006677,2073.37426757812,340
2088,6781.58410340059,6687.50673045084,2073.37426757812,340
2089,6777.06813818299,6688.57984181755,2076.57543945312,340
2090,6791.58620129067,6690.54488339686,2076.57543945312,340
2091,6651.18077155538,6687.60078788844,2076.57543945312,340
2092,6588.75727073251,6682.35359524116,2076.57543945312,340
2093,6823.85322466429,6685.88630779326,2076.57543945312,340
2094,6576.62438260771,6679.10272441366,2076.57543945312,340
2095,6792.54260629334,6679.56176658459,2076.57543945312,340
2096,6731.93280285295,6683.22593411044,2076.57543945312,340
2097,6773.52403095586,6688.19578859063,2075.84643554688,340
2098,6744.09065298508,6687.8777133715,2075.84643554688,340
2099,6750.66192656087,6695.53085204574,2075.84643554688,340
2100,6723.07713990626,6691.12818513066,2075.84643554688,340
2101,6715.58716726064,6698.12831581774,2075.84643554688,340
2102,6790.23125253711,6704.22963003307,2075.84643554688,340
2103,6821.471335959,6704.16495063338,2075.84643554688,340
2104,6756.38997246406,6710.72050680992,2075.84643554688,340
2105,6759.64096380083,6712.05502400726,2080.77368164062,340
2106,6669.53492177426,6723.59193210672,2080.77368164062,340
2107,6707.66105772828,6727.50035317409,2080.77368164062,340
2108,6724.24216297873,6729.48060383298,2080.77368164062,340
2109,6681.47970496134,6732.78309424945,2080.77368164062,340
2110,6362.4203120995,6715.98125807854,2080.77368164062,340
2111,6643.53370157269,6710.43904090168,2080.77368164062,340
2112,6796.30686110272,6717.39930664911,2080.77368164062,340
2113,6501.2819903676,6706.18722212779,2080,340
2114,6721.21173968216,6703.95296618775,2080,340
2115,6804.71151679522,6704.47797880794,2080,340
2116,6477.6196058797,6697.53553218091,2080,340
2117,6609.13379568108,6698.35059317885,2080,340
2118,6779.66347868629,6696.58300333973,2080,340
2119,6737.66191938591,6703.02450481086,2080,340
2120,6680.21577903655,6698.53143172059,2080,340
2121,6774.3490081362,6700.22807993192,2075.25659179688,340
2122,6722.84475029673,6698.20090870555,2075.25659179688,340
2123,6821.2557636944,6701.28751313393,2075.25659179688,340
2124,6799.89307216515,6703.2567589581,2075.25659179688,340
2125,6737.91035224801,6703.85008745177,2075.25659179688,340
2126,6734.235297377,6704.59601265642,2075.25659179688,340
2127,6855.46011564637,6707.20516718079,2075.25659179688,340
2128,6784.00248797977,6705.70641326162,2075.25659179688,340
2129,6338.18063604565,6688.97803980489,2075.296875,340
2130,6505.44907600937,6678.81036429323,2075.296875,340
2131,6780.15256608774,6683.23507006577,2075.296875,340
2132,6813.04889026515,6687.45058336724,2075.296875,340
2133,6805.899335565,6690.71687027069,2075.296875,340
2134,6739.28437295056,6693.02905699026,2075.296875,340
2135,6724.12108538373,6707.49708792163,2075.296875,340
2136,6782.26904565799,6713.04650168504,2075.296875,340
2137,6704.36158160697,6709.36869050521,2076.35913085938,340
2138,6729.02655470321,6718.47847307864,2076.35913085938,340
2139,6769.48164943601,6720.40926946879,2076.35913085938,340
2140,6667.98542309708,6714.94022572087,2076.35913085938,340
2141,6801.34982770762,6727.88943459398,2076.35913085938,340
2142,6764.81541757124,6734.11669946959,2076.35913085938,340
2143,6688.28602411421,6730.46160128671,2076.35913085938,340
2144,6738.21200589335,6730.483604747,2076.35913085938,340
2145,6467.38026326504,6721.97018411614,2077.57055664062,340
2146,6676.95497516647,6718.07442279735,2077.57055664062,340
2147,6659.99267479213,6715.56033977717,2077.57055664062,340
2148,6754.89669702033,6712.90597711021,2077.57055664062,340
2149,6717.6835993635,6709.61759819814,2077.57055664062,340
2150,6585.69874532751,6703.52913392132,2077.57055664062,340
2151,6660.23865381876,6700.56926817899,2077.57055664062,340
2152,6729.25038775113,6695.52087906318,2077.57055664062,340
2153,6763.40441587887,6694.69695617914,2075.21459960938,340
2154,6765.22028325168,6711.77854206739,2075.21459960938,340
2155,6788.49184046206,6723.10025264549,2075.21459960938,340
2156,6710.38582612148,6720.30958304684,2075.21459960938,340
2157,6680.86197019866,6715.02210624418,2075.21459960938,340
2158,6698.70167189056,6710.73419969721,2075.21459960938,340
2159,6697.10213652346,6709.04691024012,2075.21459960938,340
2160,6757.2183506369,6710.37080085025,2075.21459960938,340
2161,6752.64776948085,6709.18594980316,2073.09252929688,340
2162,6757.27461115359,6711.30247098503,2073.09252929688,340
2163,6709.97417110514,6710.54037564111,2073.09252929688,340
2164,6608.80898263772,6704.11346896917,2073.09252929688,340
2165,6714.84744783649,6705.98794995875,2073.09252929688,340
2166,6631.20990218742,6699.18235293794,2073.09252929688,340
2167,6729.24923190907,6697.75970551145,2073.09252929688,340
2168,6783.70543041395,6701.57648176344,2073.09252929688,340
2169,6733.94429643399,6701.40577338507,2078.8837890625,340
2170,6705.14701882418,6710.91644360744,2078.8837890625,340
2171,6680.29734355498,6711.05013834298,2078.8837890625,340
2172,6785.34272527709,6716.06414036237,2078.8837890625,340
2173,6578.03739195682,6708.98976815983,2078.8837890625,340
2174,6709.1522692717,6708.64851495616,2078.8837890625,340
2175,6670.43886221022,6712.03811963147,2078.8837890625,340
2176,6785.20624574214,6717.03682330841,2078.8837890625,340
2177,6673.55367212237,6714.80895468325,2079.2958984375,340
2178,6609.93169987617,6708.67004604315,2079.2958984375,340
2179,6769.40250948635,6708.83733509253,2079.2958984375,340
2180,6697.03793231156,6705.17917876651,2079.2958984375,340
2181,6767.57524473358,6707.466755511,2079.2958984375,340
2182,6714.79557877753,6708.82409985415,2079.2958984375,340
2183,6670.15748189772,6707.68233225444,2079.2958984375,340
2184,6711.66849800031,6708.26498671351,2079.2958984375,340
2185,6276.76133340049,6689.04670602406,2076.6103515625,340
2186,6587.78605117709,6682.45223729191,2076.6103515625,340
2187,6450.26111532526,6670.17169745877,2076.6103515625,340
2188,6678.45368248851,6668.91087791411,2076.6103515625,340
2189,6334.45518633967,6657.93672606219,2076.6103515625,340
2190,6679.56194084985,6656.52530578272,2076.6103515625,340
2191,6639.48946183281,6656.85648816854,2076.6103515625,340
2192,6714.16849876282,6656.25325884269,2076.6103515625,340
2193,6603.25675031816,6649.03531163886,2075.07861328125,340
2194,6775.44989876444,6650.69553573207,2075.07861328125,340
2195,5878.80268458118,6617.64176236235,2075.07861328125,340
2196,6735.90274296944,6619.86597833893,2075.07861328125,340
2197,6345.88853614522,6602.28781077366,2075.07861328125,340
2198,6808.71030220273,6611.51472718349,2075.07861328125,340
2199,6628.17746018932,6608.2757348202,2075.07861328125,340
2200,6770.53201344587,6612.27946086962,2075.07861328125,340
2201,6694.77016369392,6608.66201758769,2070.76049804688,340
2202,6053.96220419618,6583.87835887065,2070.76049804688,340
2203,6107.62848660133,6563.78623033965,2070.76049804688,340
2204,6635.60819733081,6558.43445785343,2070.76049804688,340
2205,6741.23245292434,6560.20223867794,2070.76049804688,340
2206,6694.42631477187,6557.27628147948,2070.76049804688,340
2207,6762.07349774936,6559.16739823835,2070.76049804688,340
2208,6659.62338143873,6558.74603421999,2070.76049804688,340
2209,6517.3982973572,6550.97522619426,2071.33740234375,340
2210,6777.67360246825,6571.01171695698,2071.33740234375,340
2211,6473.44841035196,6566.43821132397,2071.33740234375,340
2212,6764.41248241386,6579.00426600752,2071.33740234375,340
2213,5795.55768232868,6543.68842600112,2071.33740234375,340
2214,6764.60059245024,6560.89424224554,2071.33740234375,340
2215,6735.10452927736,6563.11594578264,2071.33740234375,340
2216,6176.25183248729,6544.58644060882,2071.33740234375,340
2217,6720.55660394761,6544.84196481621,2073.69482421875,340
2218,6786.64102055105,6552.17733562553,2073.69482421875,340
2219,6787.76451540379,6552.6699202911,2073.69482421875,340
2220,6708.00049611928,6585.83783275263,2073.69482421875,340
2221,6355.73985227527,6570.63131712486,2073.69482421875,340
2222,6707.67613855525,6585.10282122126,2073.69482421875,340
2223,6741.67353656665,6582.42135059582,2073.69482421875,340
2224,6506.06612862859,6577.53689733339,2073.69482421875,340
2225,6712.81589089111,6575.2282524312,2078.74047851562,340
2226,6800.54998289244,6579.45944519914,2078.74047851562,340
2227,6693.46104784178,6605.03939894496,2078.74047851562,340
2228,6119.85827208663,6605.52859036438,2078.74047851562,340
2229,6622.66102410571,6605.01070343537,2078.74047851562,340
2230,6540.57479745815,6596.98439721673,2078.74047851562,340
2231,6573.87263828338,6592.16225015718,2078.74047851562,340
2232,6716.76714478906,6590.34999603877,2078.74047851562,340
2233,6828.63175309209,6597.11033090491,2077.92602539062,340
2234,6753.33176226553,6606.54766950124,2077.92602539062,340
2235,6672.26562216349,6602.33135028905,2077.92602539062,340
2236,6693.15611754542,6611.11965857679,2077.92602539062,340
2237,6675.80094701489,6607.57519716083,2077.92602539062,340
2238,6797.4719682488,6647.65176859763,2077.92602539062,340
2239,6618.41699404427,6641.8044246614,2077.92602539062,340
2240,6685.50972038604,6639.82063230574,2077.92602539062,340
2241,6692.13486668677,6660.45595367372,2078.47338867188,340
2242,6760.89497202097,6662.06948839666,2078.47338867188,340
2243,6710.09014020224,6659.0074531827,2078.47338867188,340
2244,6679.00231927394,6654.65696533751,2078.47338867188,340
2245,6425.95201254879,6643.37502599469,2078.47338867188,340
2246,6644.44723444807,6654.9233212816,2078.47338867188,340
2247,6713.05500576954,6655.13847597017,2078.47338867188,340
2248,6855.71294953589,6659.70005248894,2078.47338867188,340
2249,6660.69359002447,6665.88515094478,2075.92797851562,340
2250,6756.43212683072,6667.62980038236,2075.92797851562,340
2251,6682.63337673736,6662.91313613616,2075.92797851562,340
2252,6611.12680467545,6659.61976640951,2075.92797851562,340
2253,6718.3618202431,6683.55990833576,2075.92797851562,340
2254,6641.68318590013,6684.32079480754,2075.92797851562,340
2255,6750.28192102045,6692.70907975003,2075.92797851562,340
2256,6623.70952643626,6694.70255527615,2075.92797851562,340
2257,6711.60612530652,6694.49611449685,2077.19116210938,340
2258,6713.06287648076,6689.87335943239,2077.19116210938,340
2259,6617.29160613123,6684.43175318702,2077.19116210938,340
2260,6773.33964096778,6688.47471393919,2077.19116210938,340
2261,6691.50821015575,6688.40879764361,2077.19116210938,340
2262,6821.34057676606,6694.23038283365,2077.19116210938,340
2263,6731.84659353348,6691.60536784504,2077.19116210938,340
2264,6664.23465159282,6693.43807414698,2077.19116210938,340
2265,6782.57758535761,6697.32078874584,2069.0078125,340
2266,6767.07785156044,6700.31850814079,2069.0078125,340
2267,6698.59930562881,6697.82668148511,2069.0078125,340
2268,6800.87258930909,6701.45797944938,2069.0078125,340
2269,6764.63217284973,6704.88317359241,2069.0078125,340
2270,6713.65378185387,6716.39124436462,2069.0078125,340
2271,6738.66037866087,6720.15977013313,2069.0078125,340
2272,6715.44446053886,6720.2553483239,2069.0078125,340
2273,6557.0167756923,6708.30750137016,2063.6376953125,340
2274,6754.13468057052,6712.045144992,2063.6376953125,340
2275,6617.23110552276,6706.47710413968,2063.6376953125,340
2276,6672.74261888816,6706.08147382571,2063.6376953125,340
2277,6766.16770497878,6712.28310983784,2063.6376953125,340
2278,6828.03264544147,6716.66994284578,2063.6376953125,340
2279,6661.35565979458,6717.45684180156,2063.6376953125,340
2280,6672.42072934488,6714.34239413454,2063.6376953125,340
2281,6798.76537836478,6721.34462821168,2068.1298828125,340
2282,6651.4044297382,6718.93656038894,2068.1298828125,340
2283,6799.58700738838,6722.39752562525,2068.1298828125,340
2284,6751.80111474712,6727.77790596988,2068.1298828125,340
2285,6807.79640427052,6729.15617650199,2068.1298828125,340
2286,6695.98067488526,6729.33507509117,2068.1298828125,340
2287,6678.84048584579,6723.63507145436,2068.1298828125,340
2288,6722.46007682154,6723.25961078589,2068.1298828125,340
2289,6646.0313396347,6722.53147830756,2070.40551757812,340
2290,6800.12946992098,6723.23355369009,2070.40551757812,340
2291,6726.09802726718,6721.59436071836,2070.40551757812,340
2292,6837.15113554382,6727.13643391496,2070.40551757812,340
2293,6740.72205849783,6724.73041268251,2070.40551757812,340
2294,6756.81733265708,6724.41781907481,2070.40551757812,340
2295,6619.27797699731,6720.64278688054,2070.40551757812,340
2296,6732.85980746544,6720.41076403273,2070.40551757812,340
2297,6791.57803575257,6723.45610704128,2068.70434570312,340
2298,6820.8609607296,6734.00987444277,2068.70434570312,340
2299,6780.71839969352,6735.07322320769,2068.70434570312,340
2300,6772.78863603728,6741.29552442827,2068.70434570312,340
2301,6743.48266055197,6744.12512609482,2068.70434570312,340
2302,6617.11882377253,6738.16317084657,2068.70434570312,340
2303,6752.51291142788,6735.14238148603,2068.70434570312,340
2304,6751.51858330995,6738.74889842664,2068.70434570312,340
2305,6814.91942172378,6744.4488461218,2068.57568359375,340
2306,6769.52777314626,6743.27934191306,2068.57568359375,340
2307,6713.88364464416,6745.7785105093,2068.57568359375,340
2308,6613.6451654601,6738.34083683217,2068.57568359375,340
2309,6699.09792756058,6736.23270934471,2068.57568359375,340
2310,6751.23184201571,6733.97012685451,2068.57568359375,340
2311,6667.32301274906,6732.82382036907,2068.57568359375,340
2312,6694.79039056544,6733.46181655785,2068.57568359375,340
2313,6730.34650938109,6733.77727386023,2068.79223632812,340
2314,6714.92519885122,6736.5330282289,2068.79223632812,340
2315,6774.71477257189,6735.51644033493,2068.79223632812,340
2316,6776.14210950231,6737.51820362434,2068.79223632812,340
2317,6697.79803730522,6731.94407969479,2068.79223632812,340
2318,6762.11350296612,6732.79973747352,2068.79223632812,340
2319,6681.30790743597,6729.77936046468,2068.79223632812,340
2320,6780.44283426502,6736.22595475539,2068.79223632812,340
2321,6026.17268346965,6707.95846979556,2071.62475585938,340
2322,6804.06795493788,6708.45806656297,2071.62475585938,340
2323,6705.30492251436,6703.83582503436,2071.62475585938,340
2324,6767.86894629216,6703.3218468983,2071.62475585938,340
2325,6791.31811181609,6704.06302592946,2071.62475585938,340
2326,6758.05073084342,6704.64574874111,2071.62475585938,340
2327,6755.81147209594,6710.19345467405,2071.62475585938,340
2328,6816.53325017657,6712.754268224,2071.62475585938,340
2329,6720.53784910296,6711.51503885572,2069.84790039062,340
2330,6421.34841660347,6695.77219865091,2069.84790039062,340
2331,6762.26374863004,6695.48163767026,2069.84790039062,340
2332,6664.17916511688,6693.49345848917,2069.84790039062,340
2333,6699.96029563504,6696.94606369616,2069.84790039062,340
2334,6608.5219612647,6693.32302504433,2069.84790039062,340
2335,6830.28120003816,6696.48499936523,2069.84790039062,340
2336,6706.15990617827,6698.03847510239,2069.84790039062,340
2337,6659.28692660642,6696.61833654403,2070.87963867188,340
2338,6784.35337905703,6698.77861133107,2070.87963867188,340
2339,6452.08133319647,6688.26485670488,2070.87963867188,340
2340,6785.30925035183,6688.68863581608,2070.87963867188,340
2341,6731.20398144161,6686.89111069365,2070.87963867188,340
2342,6150.31292664242,6664.99170626714,2070.87963867188,340
2343,6736.89217209763,6663.9828530324,2070.87963867188,340
2344,6618.56712033868,6661.47322154851,2070.87963867188,340
2345,6705.33800386969,6658.46902833269,2073.03393554688,340
2346,6811.59076919987,6689.8857517619,2073.03393554688,340
2347,6742.49005078584,6687.42263559582,2073.03393554688,340
2348,6667.14324430726,6685.89616846754,2073.03393554688,340
2349,6725.56440764721,6684.20398692174,2073.03393554688,340
2350,6785.59221545974,6683.97495106749,2073.03393554688,340
2351,6720.59673148045,6682.47679109297,2073.03393554688,340
2352,6737.55878635186,6681.7466836632,2073.03393554688,340
2353,6829.36240442038,6682.25984983296,2071.00219726562,340
2354,6700.40795360116,6681.45465401288,2071.00219726562,340
2355,6840.09638206418,6698.20457263131,2071.00219726562,340
2356,6697.97635671846,6695.63307695485,2071.00219726562,340
2357,6714.60050396336,6697.64993050871,2071.00219726562,340
2358,6661.82627689049,6696.12456975893,2071.00219726562,340
2359,6514.98233975641,6692.3829848986,2071.00219726562,340
2360,6704.38667290541,6687.34720381329,2071.00219726562,340
2361,6663.25339159201,6685.63094322983,2072.81274414062,340
2362,6819.35697720362,6692.03374525372,2072.81274414062,340
2363,6761.32441229285,6691.11258658316,2072.81274414062,340
2364,6686.975541311,6700.50835490774,2072.81274414062,340
2365,6713.15928063624,6697.62235611911,2072.81274414062,340
2366,6695.27391060404,6696.18515328561,2072.81274414062,340
2367,6746.96297679997,6720.05115529191,2072.81274414062,340
2368,6756.99474254585,6720.85525810984,2072.81274414062,340
2369,6708.32322102863,6724.44550213744,2071.509765625,340
2370,6780.35834659602,6727.44631584649,2071.509765625,340
2371,6756.75352451157,6725.25282605896,2071.509765625,340
2372,6818.10515224156,6728.27743011719,2071.509765625,340
2373,6739.90562534814,6731.18792535883,2071.509765625,340
2374,6780.68327988035,6733.39268024815,2071.509765625,340
2375,6704.81110675168,6730.16143589983,2071.509765625,340
2376,6831.69936222833,6734.60554112974,2071.509765625,340
2377,6776.94549726332,6736.1810095662,2075.21240234375,340
2378,6764.10573460735,6733.57074277368,2075.21240234375,340
2379,6641.07756398506,6731.19752718904,2075.21240234375,340
2380,6807.87008696951,6729.90847538525,2075.21240234375,340
2381,6771.07131520088,6732.83227372455,2075.21240234375,340
2382,6815.72768691591,6736.87736104265,2075.21240234375,340
2383,6403.54482651287,6726.54610302754,2075.21240234375,340
2384,6775.61616997867,6736.97145623643,2075.21240234375,340
2385,6742.12219305272,6738.48087704233,2076.97583007812,340
2386,6795.46049866989,6743.76916132544,2076.97583007812,340
2387,6514.85403790356,6731.58904375344,2076.97583007812,340
2388,6566.37336930403,6723.79100203389,2076.97583007812,340
2389,6579.06310162096,6719.47450444628,2076.97583007812,340
2390,6670.45691035806,6717.76640963516,2076.97583007812,340
2391,6543.84974832322,6711.70944314392,2076.97583007812,340
2392,6696.44476659752,6709.68871473583,2076.97583007812,340
2393,6802.41220795944,6711.50541335237,2072.00463867188,340
2394,6764.87696639891,6713.76756316718,2072.00463867188,340
2395,6775.69557732908,6713.5810523965,2072.00463867188,340
2396,6755.81123365222,6713.54336076213,2072.00463867188,340
2397,6735.89318487137,6710.25488206732,2072.00463867188,340
2398,6531.28484890254,6701.9100510095,2072.00463867188,340
2399,6687.92114326764,6698.19956554499,2072.00463867188,340
2400,6749.14900257487,6699.97308137792,2072.00463867188,340
2401,6787.39352505831,6698.20084789112,2075.39184570312,340
2402,6752.9142153579,6697.2395966149,2075.39184570312,340
2403,6685.51394892199,6694.09592518749,2075.39184570312,340
2404,6813.77671783407,6701.00389134145,2075.39184570312,340
2405,6790.08324907809,6700.29241782579,2075.39184570312,340
2406,6731.03101200408,6698.69080569792,2075.39184570312,340
2407,6779.53943813753,6697.24327574678,2075.39184570312,340
2408,6703.55219437944,6709.24357046144,2075.39184570312,340
2409,6733.46430891664,6707.55749601896,2074.4775390625,340
2410,6754.26404783132,6708.04317021011,2074.4775390625,340
2411,6723.70459699467,6705.1729341431,2074.4775390625,340
2412,6615.03953327135,6709.18035395781,2074.4775390625,340
2413,6744.26891365198,6716.29617573173,2074.4775390625,340
2414,6688.64908782199,6720.67961517977,2074.4775390625,340
2415,6491.68124712479,6713.52858865044,2074.4775390625,340
2416,6729.95810567441,6720.97292294449,2074.4775390625,340
2417,6653.45529828934,6719.25334421216,2077.74951171875,340
2418,6738.29606631348,6716.68869854632,2077.74951171875,340
2419,6784.30853338938,6717.46596122594,2077.74951171875,340
2420,6732.14802576205,6715.72405916326,2077.74951171875,340
2421,6796.87031552823,6717.3664224383,2077.74951171875,340
2422,6703.5468583871,6716.07256937893,2077.74951171875,340
2423,6767.87721098206,6725.53626386211,2077.74951171875,340
2424,6730.97480565878,6727.25841035775,2077.74951171875,340
2425,6636.37485250879,6722.74744435511,2077.87255859375,340
2426,6673.23648680084,6718.18116282481,2077.87255859375,340
2427,6781.66237401946,6719.33108917127,2077.87255859375,340
2428,6795.95545498703,6723.74874941388,2077.87255859375,340
2429,6772.69848888255,6722.10562025582,2077.87255859375,340
2430,6725.51118541305,6719.52273770921,2077.87255859375,340
2431,6732.74725380835,6719.59138738139,2077.87255859375,340
2432,6687.96423417621,6715.92837922293,2077.87255859375,340
2433,6751.55526216326,6717.84850193428,2078.70922851562,340
2434,6797.54939450938,6720.411905358,2078.70922851562,340
2435,6729.17523582544,6719.40835287776,2078.70922851562,340
2436,6430.36079017121,6707.67460060482,2078.70922851562,340
2437,6597.67830481956,6706.98015146675,2078.70922851562,340
2438,6634.51571226215,6702.59002341116,2078.70922851562,340
2439,6709.43744114154,6703.42155754394,2078.70922851562,340
2440,6773.98402805817,6714.71366878127,2078.70922851562,340
2441,6731.62332397079,6714.78027751313,2079.46630859375,340
2442,6817.32439149047,6721.33504124117,2079.46630859375,340
2443,6682.06106672971,6719.08564125782,2079.46630859375,340
2444,6720.94149392301,6716.55095967917,2079.46630859375,340
2445,6414.57932838181,6703.84821178396,2079.46630859375,340
2446,6741.30187661514,6701.62547422743,2079.46630859375,340
2447,6673.65480060453,6700.42979191613,2079.46630859375,340
2448,6761.76602956946,6700.18534465963,2079.46630859375,340
2449,6766.49858959718,6701.60629601716,2078.07739257812,340
2450,6766.44002004755,6706.80890271871,2078.07739257812,340
2451,6817.6987121702,6712.58739173349,2078.07739257812,340
2452,6719.81971064004,6710.11368519831,2078.07739257812,340
2453,6824.00507204636,6711.23566988069,2078.07739257812,340
2454,6820.1349188671,6713.13312708007,2078.07739257812,340
2455,6761.73007886638,6714.5818828182,2078.07739257812,340
2456,6603.8749583165,6709.42699099853,2078.07739257812,340
2457,6826.79511729551,6714.9802263233,2080.07592773438,340
2458,6798.08034334934,6716.84122957074,2080.07592773438,340
2459,6750.72437372887,6714.96822873952,2080.07592773438,340
2460,6834.74934477169,6719.19119309737,2080.07592773438,340
2461,6727.14467239493,6731.06254838632,2080.07592773438,340
2462,6804.58258666642,6739.3387196602,2080.07592773438,340
2463,6815.46177862444,6746.57656231469,2080.07592773438,340
2464,6726.30488604528,6747.25126011084,2080.07592773438,340
2465,6744.65384566242,6746.07805281501,2084.15087890625,340
2466,6766.23039250686,6747.46233555645,2084.15087890625,340
2467,6790.3783601884,6746.38449430437,2084.15087890625,340
2468,6690.78896850464,6746.73361037536,2084.15087890625,340
2469,6856.3000889474,6752.14795417634,2084.15087890625,340
2470,6766.68873114634,6766.23233028692,2084.15087890625,340
2471,6718.33096389902,6765.31349377828,2084.15087890625,340
2472,6770.26235618226,6769.17779600138,2084.15087890625,340
2473,6585.75428636717,6762.13732627329,2084.75537109375,340
2474,6743.43972674275,6761.21497175912,2084.75537109375,340
2475,6790.21421638369,6762.16593961256,2084.75537109375,340
2476,6758.46411498472,6759.79655572514,2084.75537109375,340
2477,6814.30269858428,6763.57587524291,2084.75537109375,340
2478,6792.38198022685,6762.31095157013,2084.75537109375,340
2479,6770.918952964,6760.34231293401,2084.75537109375,340
2480,6822.38854523416,6762.76865158872,2084.75537109375,340
2481,6784.86871222435,6770.00840174503,2088.33862304688,340
2482,6809.36347542503,6769.31113607021,2088.33862304688,340
2483,6772.94325787502,6768.30565265124,2088.33862304688,340
2484,6767.14092839582,6768.96231483792,2088.33862304688,340
2485,6726.07902532859,6764.61550206019,2088.33862304688,340
2486,6767.88244620486,6766.24501301259,2088.33862304688,340
2487,6798.64138508217,6766.00736494922,2088.33862304688,340
2488,6747.18683434158,6763.27636717791,2088.33862304688,340
2489,6661.24025982772,6760.6737821292,2088.76904296875,340
2490,6491.55639708355,6750.54988418605,2088.76904296875,340
2491,6783.20332198936,6751.22880136535,2088.76904296875,340
2492,6819.66530965819,6752.40027934414,2088.76904296875,340
2493,6832.51952465506,6758.06950159016,2088.76904296875,340
2494,6764.37394297635,6754.39245575132,2088.76904296875,340
2495,6796.41122995506,6755.58135570367,2088.76904296875,340
2496,6858.46682516619,6761.18679015435,2088.76904296875,340
2497,6740.9616834627,6760.01476324557,2087.6376953125,340
2498,6813.31842744208,6769.11732888857,2087.6376953125,340
2499,6728.33587105386,6768.51317466101,2087.6376953125,340
2500,6784.04620085302,6768.26645403978,2087.6376953125,340
2501,6762.46313234974,6768.42641473438,2087.6376953125,340
2502,6772.68303639543,6766.76162824683,2087.6376953125,340
2503,6715.29629883599,6763.6782009912,2087.6376953125,340
2504,6799.47981499645,6764.82063547249,2087.6376953125,340
2505,6817.85272575045,6764.63920269314,2086.07153320312,340
2506,6772.98552450206,6764.16387518425,2086.07153320312,340
2507,6795.37471370719,6763.60432471554,2086.07153320312,340
2508,6726.49462619919,6761.74637944851,2086.07153320312,340
2509,6663.68517288435,6757.60814922805,2086.07153320312,340
2510,6779.57621966327,6759.74803700143,2086.07153320312,340
2511,6795.51892292481,6760.85349607023,2086.07153320312,340
2512,6810.23732617804,6761.31733371407,2086.07153320312,340
2513,6240.50469415063,6741.05004810643,2083.91577148438,340
2514,6716.24431386468,6743.25021026791,2083.91577148438,340
2515,6592.20080938374,6747.27598675991,2083.91577148438,340
2516,6712.57023689054,6744.45066335596,2083.91577148438,340
2517,6825.93950985081,6744.70163136367,2083.91577148438,340
2518,6663.41106765547,6737.93729308368,2083.91577148438,340
2519,6716.52146818681,6736.0231940921,2083.91577148438,340
2520,6153.14061306898,6710.29236941666,2083.91577148438,340
2521,6790.45247715739,6707.57179549631,2077.41943359375,340
2522,6540.97006401655,6699.57213071846,2077.41943359375,340
2523,6749.90062489553,6697.0354186166,2077.41943359375,340
2524,6702.10850889905,6695.98632413041,2077.41943359375,340
2525,6670.48109970206,6691.44372008437,2077.41943359375,340
2526,6806.96192145226,6693.22367164847,2077.41943359375,340
2527,6817.08942233578,6694.99992708608,2077.41943359375,340
2528,6799.01175859494,6698.34854547644,2077.41943359375,340
2529,6750.20326746705,6696.37748357526,2078.04052734375,340
2530,6825.33794880292,6696.67689249736,2078.04052734375,340
2531,6747.54643439295,6695.659328893,2078.04052734375,340
2532,6822.67668235927,6696.75140763908,2078.04052734375,340
2533,6804.58263216572,6699.87492787774,2078.04052734375,340
2534,6679.03046059773,6700.48873938628,2078.04052734375,340
2535,6819.58262708026,6702.08899568296,2078.04052734375,340
2536,6789.04800260854,6701.83015887031,2078.04052734375,340
2537,6768.8150829067,6700.17326913945,2077.21557617188,340
2538,6803.57330330232,6722.69601350552,2077.21557617188,340
2539,6767.66449686448,6724.75282082551,2077.21557617188,340
2540,6557.1191721012,6723.34955533421,2077.21557617188,340
2541,6754.29432573342,6725.01851888793,2077.21557617188,340
2542,6736.47052686388,6721.43975956845,2077.21557617188,340
2543,6815.59954972598,6727.52729885127,2077.21557617188,340
2544,6741.54910208349,6728.52840420714,2077.21557617188,340
2545,6705.47916312433,6750.62194620935,2079.00415039062,340
2546,6772.01872332328,6749.88459605599,2079.00415039062,340
2547,6775.62414170892,6759.27075916368,2079.00415039062,340
2548,6746.55603635598,6759.1369756221,2079.00415039062,340
2549,6790.54284035408,6762.6743488803,2079.00415039062,340
2550,6779.98962637762,6767.05468994732,2079.00415039062,340
2551,6804.58172104386,6766.95948193099,2079.00415039062,340
2552,6793.40303859141,6766.01202658121,2079.00415039062,340
2553,6768.5287767368,6764.79270730689,2079.6923828125,340
2554,6798.81236951548,6766.73707138882,2079.6923828125,340
2555,6736.65155976023,6763.18961582712,2079.6923828125,340
2556,6339.48071107895,6746.86698689456,2079.6923828125,340
2557,6834.24406608079,6747.32968224342,2079.6923828125,340
2558,6668.20195075014,6741.8744549868,2079.6923828125,340
2559,6724.63876747007,6743.69878726169,2079.6923828125,340
2560,6776.40351512404,6741.97162278344,2079.6923828125,340
2561,6442.18802089009,6728.0972235147,2081.51147460938,340
2562,6749.00090423255,6727.30465636774,2081.51147460938,340
2563,6759.63915066593,6725.54729026228,2081.51147460938,340
2564,6709.36827185993,6723.2154412621,2081.51147460938,340
2565,6760.48041512207,6731.34989098293,2081.51147460938,340
2566,6825.10748434886,6734.18241732755,2081.51147460938,340
2567,6676.49967820318,6731.78358338112,2081.51147460938,340
2568,6686.74737659825,6726.62949645601,2081.51147460938,340
2569,6617.42213103145,6721.66441761393,2087.28637695312,340
2570,6830.002207332,6726.64533938224,2087.28637695312,340
2571,6791.65141143994,6727.43064690691,2087.28637695312,340
2572,6703.67017509083,6724.55248824218,2087.28637695312,340
2573,6743.38248420151,6724.425546156,2087.28637695312,340
2574,6794.97812445925,6724.60295752021,2087.28637695312,340
2575,6133.80801068772,6698.75569289261,2087.28637695312,340
2576,6792.97091843312,6698.29126078818,2087.28637695312,340
2577,6724.3548677852,6695.52933395594,2083.4736328125,340
2578,6760.21524243609,6695.19679258391,2083.4736328125,340
2579,6817.6701980212,6695.95110572414,2083.4736328125,340
2580,6811.18420535278,6698.93241154784,2083.4736328125,340
2581,6545.77889244931,6707.18433880265,2083.4736328125,340
2582,6795.00189074736,6705.61465178931,2083.4736328125,340
2583,6669.54754623036,6705.66847560852,2083.4736328125,340
2584,6793.71820583653,6708.43165314318,2083.4736328125,340
2585,6634.49933064919,6702.75548576419,2083.056640625,340
2586,6674.003026022,6712.02808596946,2083.056640625,340
2587,6784.2845595624,6713.43943218266,2083.056640625,340
2588,6784.82793905966,6714.4469837184,2083.056640625,340
2589,6755.38194631192,6716.28753069649,2083.056640625,340
2590,6792.62672177421,6717.57338296257,2083.056640625,340
2591,6697.57896179664,6712.47224206048,2083.056640625,340
2592,6793.59566051405,6717.15608135292,2083.056640625,340
2593,6565.60207535432,6712.31026930316,2084.15698242188,340
2594,6777.27905740204,6718.70454635798,2084.15698242188,340
2595,6781.21253768738,6716.7529595722,2084.15698242188,340
2596,6524.11460426485,6706.05148728519,2084.15698242188,340
2597,6764.2491359028,6708.47464571768,2084.15698242188,340
2598,6783.74267132142,6710.08905320247,2084.15698242188,340
2599,6776.69727634271,6709.35781927781,2084.15698242188,340
2600,6779.8757708766,6735.20052968536,2084.15698242188,340
2601,6715.90018007149,6732.1177001509,2082.95947265625,340
2602,6723.82313763782,6732.09643094501,2082.95947265625,340
2603,6806.17738837956,6733.93491678274,2082.95947265625,340
2604,6796.38780380815,6733.08362101422,2082.95947265625,340
2605,6779.23401818618,6731.80561352756,2082.95947265625,340
2606,6529.46922380857,6731.15322678193,2082.95947265625,340
2607,6406.6016107246,6715.61721558102,2082.95947265625,340
2608,6646.4039455065,6714.69147155206,2082.95947265625,340
2609,6674.56374887416,6709.92529327357,2085.55590820312,340
2610,6561.28106911849,6706.99656281234,2085.55590820312,340
2611,6756.44540131069,6710.29425782389,2085.55590820312,340
2612,6792.58045995447,6710.62609383957,2085.55590820312,340
2613,6681.22557670267,6706.48199934529,2085.55590820312,340
2614,6604.51592423862,6700.44735846236,2085.55590820312,340
2615,6706.9437052191,6697.02003780016,2085.55590820312,340
2616,6455.13165590615,6687.32214556454,2085.55590820312,340
2617,6812.73092537882,6688.08755615913,2082.41650390625,340
2618,6682.44895342136,6692.76143128181,2082.41650390625,340
2619,6756.20530100481,6691.91848102592,2082.41650390625,340
2620,6713.09101619551,6689.19362016624,2082.41650390625,340
2621,6814.76763144051,6700.81974125327,2082.41650390625,340
2622,6742.08275765398,6699.93308612332,2082.41650390625,340
2623,6738.12253135638,6698.10828052472,2082.41650390625,340
2624,6577.58685692176,6690.14386374788,2082.41650390625,340
2625,6602.53939775895,6683.05040882317,2077.78686523438,340
2626,6692.89392804149,6682.13015874197,2077.78686523438,340
2627,6790.53723353845,6684.798722578,2077.78686523438,340
2628,6621.3707477995,6677.4064569548,2077.78686523438,340
2629,6641.87117918099,6671.22579196971,2077.78686523438,340
2630,6680.69529327071,6667.28424297309,2077.78686523438,340
2631,6721.46014148687,6674.96387968022,2077.78686523438,340
2632,6704.78216260369,6686.89110175539,2077.78686523438,340
2633,6672.51941799854,6687.93572065507,2079.0341796875,340
2634,6697.37205482569,6688.84805289313,2079.0341796875,340
2635,6807.95834237936,6698.71514382356,2079.0341796875,340
2636,6699.867599946,6696.45203176897,2079.0341796875,340
2637,6642.57782153743,6690.45192623229,2079.0341796875,340
2638,6723.1139296496,6692.12746035017,2079.0341796875,340
2639,6728.29680374193,6697.0786955303,2079.0341796875,340
2640,6644.70868881665,6694.5892948742,2079.0341796875,340
2641,6675.66740937237,6703.41072501285,2074.99536132812,340
2642,6778.22922532263,6702.03065701061,2074.99536132812,340
2643,6766.3373980296,6705.38619479494,2074.99536132812,340
2644,6770.27471615702,6705.94897140102,2074.99536132812,340
2645,6709.72213281447,6705.81421606578,2074.99536132812,340
2646,6840.07749155227,6706.82661047025,2074.99536132812,340
2647,6592.20362793275,6700.83144528141,2074.99536132812,340
2648,6706.59015079596,6699.57015005899,2074.99536132812,340
2649,6748.91017651397,6706.42308284268,2076.13232421875,340
2650,6646.89150622593,6708.19716718136,2076.13232421875,340
2651,6790.28067090049,6712.09263689572,2076.13232421875,340
2652,6722.20702117317,6709.35942840111,2076.13232421875,340
2653,6820.30680256064,6717.31687059155,2076.13232421875,340
2654,6779.05365805777,6722.80416974662,2076.13232421875,340
2655,6794.43484399728,6727.35375177568,2076.13232421875,340
2656,6471.38342324977,6717.3506830462,2076.13232421875,340
2657,6581.33220524151,6712.41268475171,2076.2861328125,340
2658,6743.19743059183,6715.23980525544,2076.2861328125,340
2659,6695.08259989667,6715.14822705828,2076.2861328125,340
2660,6796.96216604317,6714.70838000484,2076.2861328125,340
2661,6776.87490472787,6717.78867219611,2076.2861328125,340
2662,6704.83855445937,6720.27910151299,2076.2861328125,340
2663,6773.28541848275,6722.28596106631,2076.2861328125,340
2664,6735.17407926856,6722.56105208738,2076.2861328125,340
2665,6698.47974198272,6724.71189421402,2076.07397460938,340
2666,6682.42527703886,6724.98220892068,2076.07397460938,340
2667,6734.89237913102,6723.24873507302,2076.07397460938,340
2668,6687.74160390199,6720.10490330791,2076.07397460938,340
2669,6775.21476697377,6720.30250534058,2076.07397460938,340
2670,6523.76659493679,6712.86428382548,2076.07397460938,340
2671,6670.4919054456,6706.08086038121,2076.07397460938,340
2672,6776.66626690106,6713.45936593994,2076.07397460938,340
2673,6532.47771620194,6706.49486855618,2071.08056640625,340
2674,6799.41580708605,6708.51509377906,2071.08056640625,340
2675,6765.42355355193,6713.2563756721,2071.08056640625,340
2676,6702.52343618604,6709.74608628353,2071.08056640625,340
2677,6746.09937400722,6710.70178039689,2071.08056640625,340
2678,6581.60618463765,6701.15375567997,2071.08056640625,340
2679,6657.66284172892,6696.29812302681,2071.08056640625,340
2680,6692.35580325289,6692.21496139704,2071.08056640625,340
2681,6617.08984444665,6698.04321824491,2069.05883789062,340
2682,6594.44168212149,6698.56759732011,2069.05883789062,340
2683,6664.19403189359,6695.40746137218,2069.05883789062,340
2684,6700.1658951779,6695.61079318343,2069.05883789062,340
2685,6582.16301498938,6687.01882714128,2069.05883789062,340
2686,6681.71510433455,6683.21243512555,2069.05883789062,340
2687,6780.88323914815,6686.2542225131,2069.05883789062,340
2688,6689.76429812589,6682.91337769883,2069.05883789062,340
2689,6798.77294236204,6685.45733222256,2071.2890625,340
2690,6657.35834818895,6683.81247647081,2071.2890625,340
2691,6625.633711413,6681.54081384578,2071.2890625,340
2692,6743.31781716628,6681.87783136719,2071.2890625,340
2693,6508.70896990775,6674.71652600742,2071.2890625,340
2694,6766.8135858043,6674.38047876064,2071.2890625,340
2695,6750.42303071316,6683.4467361917,2071.2890625,340
2696,6757.81227035947,6686.93955078825,2071.2890625,340
2697,6605.42206414287,6680.08978267792,2075.04028320312,340
2698,6789.37734031253,6690.36576764235,2075.04028320312,340
2699,6836.07465165895,6691.83212142526,2075.04028320312,340
2700,6772.32055306422,6692.10800140576,2075.04028320312,340
2701,6670.00075964166,6690.80709434398,2075.04028320312,340
2702,6562.810207022,6683.47552766457,2075.04028320312,340
2703,6578.96086897829,6683.3697150382,2075.04028320312,340
2704,6631.81904899351,6682.33596332878,2075.04028320312,340
2705,6819.61213698114,6687.42621667791,2073.48706054688,340
2706,6781.286130752,6693.99406813012,2073.48706054688,340
2707,6641.58753057949,6695.87990206844,2073.48706054688,340
2708,6680.55010836928,6696.53414512747,2073.48706054688,340
2709,6772.77702638972,6699.43859037594,2073.48706054688,340
2710,6801.7991995076,6708.22403775667,2073.48706054688,340
2711,6761.83229572989,6711.42872541249,2073.48706054688,340
2712,6752.63256706546,6710.29869852918,2073.48706054688,340
2713,6766.66420446766,6713.37469478285,2070.35131835938,340
2714,6722.63939575712,6710.32935291865,2070.35131835938,340
2715,6710.80775478068,6712.46732918232,2070.35131835938,340
2716,6802.26533019102,6719.53259393344,2070.35131835938,340
2717,6728.31007814304,6718.93228437251,2070.35131835938,340
2718,6762.24609800556,6729.07376949643,2070.35131835938,340
2719,6726.37512081941,6727.45623089703,2070.35131835938,340
2720,6784.00143441439,6728.79936704508,2070.35131835938,340
2721,6711.10784076964,6726.93118986149,2067.75830078125,340
2722,6751.49523558892,6732.77411671933,2067.75830078125,340
2723,6816.09776462329,6733.84293369176,2067.75830078125,340
2724,6762.64272426158,6730.90565659586,2067.75830078125,340
2725,6821.7720131223,6732.88371499819,2067.75830078125,340
2726,6746.15926363297,6735.93005515784,2067.75830078125,340
2727,6759.44257377239,6743.79534982785,2067.75830078125,340
2728,6752.67860841918,6750.74405940549,2067.75830078125,340
2729,6767.31855145541,6756.16403950397,2069.40478515625,340
2730,6782.99050108596,6754.69917406816,2069.40478515625,340
2731,6728.85667288863,6752.60199575362,2069.40478515625,340
2732,6721.78583079922,6755.80992776241,2069.40478515625,340
2733,6699.99803807779,6756.58784495075,2069.40478515625,340
2734,6819.02073363384,6758.43759324052,2069.40478515625,340
2735,6573.87657056106,6749.32068808266,2069.40478515625,340
2736,6762.16808943985,6749.33411983106,2069.40478515625,340
2737,6778.12800152025,6750.35393720925,2067.43969726562,340
2738,6766.75823064364,6750.35769825629,2067.43969726562,340
2739,6757.79050266872,6751.76374253275,2067.43969726562,340
2740,6574.82103317536,6746.32427366854,2067.43969726562,340
2741,6462.58663792855,6732.73712597804,2067.43969726562,340
2742,6835.57528898941,6737.02773441189,2067.43969726562,340
2743,6618.33931579335,6731.2714631234,2067.43969726562,340
2744,6817.0693650507,6734.89923289266,2067.43969726562,340
2745,6729.38970616253,6732.71476376258,2069.41918945312,340
2746,6730.77254694883,6733.50135200975,2069.41918945312,340
2747,6771.02617711554,6734.28258967081,2069.41918945312,340
2748,6690.40060547043,6729.2547033047,2069.41918945312,340
2749,6808.8630060474,6731.10351457613,2069.41918945312,340
2750,6728.47153703569,6727.37149553267,2069.41918945312,340
2751,6571.83298612944,6720.39844443253,2069.41918945312,340
2752,6636.86249774338,6715.49524139137,2069.41918945312,340
2753,6735.51354547089,6714.80863887343,2071.29858398438,340
2754,6770.93397905611,6714.95325597746,2071.29858398438,340
2755,6795.40867996461,6715.44998313261,2071.29858398438,340
2756,6748.89230569109,6716.25140844471,2071.29858398438,340
2757,6651.17327109365,6713.42690605648,2071.29858398438,340
2758,6744.1508650794,6715.19301913655,2071.29858398438,340
2759,6853.17189296562,6716.55906550982,2071.29858398438,340
2760,6869.1803619581,6728.3712171657,2071.29858398438,340
2761,6822.76619917675,6730.79514155518,2070.37231445312,340
2762,6764.470432656,6730.24883880061,2070.37231445312,340
2763,6797.74639038618,6731.48836519031,2070.37231445312,340
2764,6759.10370007117,6731.54089308641,2070.37231445312,340
2765,6767.16555132529,6739.2346738124,2070.37231445312,340
2766,6828.64855624059,6753.87715054488,2070.37231445312,340
2767,6759.58292649269,6750.83745604502,2070.37231445312,340
2768,6817.49369477236,6758.80363120418,2070.37231445312,340
2769,6758.56414349893,6756.46342234211,2066.94897460938,340
2770,6785.39675872214,6758.70370444449,2066.94897460938,340
2771,6089.04317466568,6733.03452955317,2066.94897460938,340
2772,6793.94748118506,6733.95138171595,2066.94897460938,340
2773,6784.40511442246,6737.71156207403,2066.94897460938,340
2774,6539.47861489157,6726.93618642779,2066.94897460938,340
2775,6798.75387296113,6729.74747986481,2066.94897460938,340
2776,6767.79552499303,6737.58598141936,2066.94897460938,340
2777,6727.9721163162,6741.23036616227,2075.2626953125,340
2778,6755.96415249176,6742.0483904431,2075.2626953125,340
2779,6791.16479570065,6742.85762310888,2075.2626953125,340
2780,6799.22372316967,6743.01022483709,2075.2626953125,340
2781,6799.93231190063,6745.05182508547,2075.2626953125,340
2782,6777.84903903946,6750.1188558033,2075.2626953125,340
2783,6839.24078655274,6753.92245266223,2075.2626953125,340
2784,6745.00121786719,6749.5956256583,2075.2626953125,340
2785,6772.59377064798,6745.73216200589,2074.6943359375,340
2786,6619.30117103367,6737.59356088017,2074.6943359375,340
2787,6794.69897222294,6738.80270246285,2074.6943359375,340
2788,6828.32509986161,6740.02585084186,2074.6943359375,340
2789,6748.84967136871,6739.61568969377,2074.6943359375,340
2790,6744.92833054534,6738.72620086257,2074.6943359375,340
2791,6792.74614978321,6737.29010460427,2074.6943359375,340
2792,6598.38923409369,6730.84235690831,2074.6943359375,340
2793,6815.86488732466,6730.7772046104,2076.3671875,340
2794,6605.91945931373,6724.671417243,2076.3671875,340
2795,6783.57494532942,6724.59854470729,2076.3671875,340
2796,6727.94704701738,6750.15469960136,2076.3671875,340
2797,6804.26333190358,6750.5673336301,2076.3671875,340
2798,6842.52730707693,6752.89222133628,2076.3671875,340
2799,6832.74176458727,6764.6227473241,2076.3671875,340
2800,6760.67451360755,6763.09957294996,2076.3671875,340
2801,6836.89654399779,6765.86361371015,2080.17456054688,340
2802,6744.7761168774,6766.5357737326,2080.17456054688,340
2803,6738.32519558794,6765.83021545645,2080.17456054688,340
2804,6767.84541650637,6764.89744028868,2080.17456054688,340
2805,6824.12686324983,6765.89356589188,2080.17456054688,340
2806,6734.0510451038,6763.25831522001,2080.17456054688,340
2807,6772.10477746285,6763.02854475695,2080.17456054688,340
2808,6798.05087999184,6761.38094849451,2080.17456054688,340
2809,6850.4570756226,6765.59918280473,2082.42309570312,340
2810,6767.19881683314,6765.38338465213,2082.42309570312,340
2811,6743.36133516248,6770.34579121728,2082.42309570312,340
2812,6775.5473826415,6769.57972763403,2082.42309570312,340
2813,6801.02090928889,6768.48756001112,2082.42309570312,340
2814,6818.54952167196,6771.27555402325,2082.42309570312,340
2815,6807.66863464127,6773.78516618708,2082.42309570312,340
2816,6842.86361810406,6775.78986491992,2082.42309570312,340
2817,6760.31037775662,6782.26671066644,2083.64086914062,340
2818,6839.3506280246,6783.20614029443,2083.64086914062,340
2819,6767.96565638497,6789.68798817728,2083.64086914062,340
2820,6799.87108505896,6790.33983376646,2083.64086914062,340
2821,6828.756414017,6794.37220844645,2083.64086914062,340
2822,6699.47352695699,6790.18061624858,2083.64086914062,340
2823,6784.61369905205,6787.86407192759,2083.64086914062,340
2824,6778.13831036241,6785.67993375859,2083.64086914062,340
2825,6800.58452301713,6787.27633413498,2088.9677734375,340
2826,6782.43394154942,6785.09783003704,2088.9677734375,340
2827,6802.80516086151,6787.41899179641,2088.9677734375,340
2828,6823.85667674961,6790.84025104287,2088.9677734375,340
2829,6736.46685492178,6789.58510857949,2088.9677734375,340
2830,6817.19447598931,6789.30781308907,2088.9677734375,340
2831,6795.41741673745,6791.76246795442,2088.9677734375,340
2832,6834.9281916671,6794.27540452258,2088.9677734375,340
2833,6838.38638824692,6795.88882485279,2087.87475585938,340
2834,6845.19860461383,6795.67848601244,2087.87475585938,340
2835,6783.3380059423,6796.3240535768,2087.87475585938,340
2836,6839.28508121654,6800.16100341897,2087.87475585938,340
2837,6754.42944268248,6799.3162858206,2087.87475585938,340
2838,6799.1304203533,6799.24066626318,2087.87475585938,340
2839,6692.32135169234,6794.191539464,2087.87475585938,340
2840,6757.29157234435,6792.17645697212,2087.87475585938,340
2841,6760.49522932146,6788.88172142082,2086.50415039062,340
2842,6655.37439355001,6784.68428205255,2086.50415039062,340
2843,6813.04545496337,6783.6320751301,2086.50415039062,340
2844,6727.16814686426,6782.00017474928,2086.50415039062,340
2845,6817.87147067642,6782.72019017397,2086.50415039062,340
2846,6689.73919155075,6777.15950127533,2086.50415039062,340
2847,6796.9173545144,6781.05725437762,2086.50415039062,340
2848,6592.21914669216,6773.36147228322,2086.50415039062,340
2849,6808.59765376812,6774.57984601945,2085.0673828125,340
2850,6682.18259821451,6769.84376902735,2085.0673828125,340
2851,6822.59768337099,6771.45031870021,2085.0673828125,340
2852,6775.28372688429,6770.34946134112,2085.0673828125,340
2853,6834.36413240582,6770.76975956737,2085.0673828125,340
2854,6749.60061726162,6771.29511006097,2085.0673828125,340
2855,6777.16654603566,6769.69399286282,2085.0673828125,340
2856,6748.69831794361,6767.82522891107,2085.0673828125,340
2857,6808.16787575558,6766.7548162746,2086.53466796875,340
2858,6819.34710614375,6765.99324499048,2086.53466796875,340
2859,6599.01934680078,6756.14607467795,2086.53466796875,340
2860,6804.57258417089,6756.9954578071,2086.53466796875,340
2861,6794.29475993559,6755.19584495586,2086.53466796875,340
2862,6764.85278087177,6755.61277848343,2086.53466796875,340
2863,6732.28503768319,6752.93896317663,2086.53466796875,340
2864,6810.05681776115,6757.64838181938,2086.53466796875,340
2865,6712.47115466552,6755.85556511223,2085.84252929688,340
2866,6800.68179980114,6757.46302793141,2085.84252929688,340
2867,6745.12362180506,6761.05299706162,2085.84252929688,340
2868,6794.16811482554,6760.2979034561,2085.84252929688,340
2869,6716.68476253393,6759.87856808289,2085.84252929688,340
2870,6731.5660264371,6756.42635031332,2085.84252929688,340
2871,6779.70203037045,6760.02486386611,2085.84252929688,340
2872,6523.3074196945,6749.08046647331,2085.84252929688,340
2873,6797.61102649372,6757.29614166537,2084.31958007812,340
2874,6742.17744842118,6754.6393334515,2084.31958007812,340
2875,6663.96690287903,6753.91070563808,2084.31958007812,340
2876,6844.23849217247,6754.77633799013,2084.31958007812,340
2877,6534.19875024473,6745.13293892455,2084.31958007812,340
2878,6771.02144739773,6742.59923152423,2084.31958007812,340
2879,6440.43301977305,6730.23252762469,2084.31958007812,340
2880,6827.64178112472,6732.25153702825,2084.31958007812,340
2881,6799.89301529129,6734.29932492215,2085.88012695312,340
2882,6794.01891726808,6733.73336658265,2085.88012695312,340
2883,6664.85593326493,6727.5537196675,2085.88012695312,340
2884,6744.19794133482,6733.36086344886,2085.88012695312,340
2885,6767.84391715678,6731.8917167683,2085.88012695312,340
2886,6549.32943914055,6722.0931039365,2085.88012695312,340
2887,6756.4068175501,6721.75526540363,2085.88012695312,340
2888,6814.72963589571,6725.05304933213,2085.88012695312,340
2889,6826.9796706701,6725.72996344849,2085.40795898438,340
2890,6639.23967477148,6722.80070425273,2085.40795898438,340
2891,6773.19406075359,6721.70119469082,2085.40795898438,340
2892,6780.28679951454,6723.1077217992,2085.40795898438,340
2893,6875.22880963615,6726.35014959163,2085.40795898438,340
2894,6812.67569733514,6730.18978698368,2085.40795898438,340
2895,6695.79275185395,6728.75885600035,2085.40795898438,340
2896,6802.91532427774,6729.68738775664,2085.40795898438,340
2897,6726.07767596774,6737.79819800757,2087.05541992188,340
2898,6824.64772214945,6738.8796658338,2087.05541992188,340
2899,6773.79991541481,6740.14456451355,2087.05541992188,340
2900,6707.860757671,6741.90031870523,2087.05541992188,340
2901,6683.52304384517,6735.47170077213,2087.05541992188,340
2902,6768.67452131314,6744.85073161487,2087.05541992188,340
2903,6748.91192038101,6743.9663505342,2087.05541992188,340
2904,6796.04071158196,6758.19065820656,2087.05541992188,340
2905,6799.54155539999,6757.06664917757,2089.83276367188,340
2906,6788.37423710287,6756.60589805003,2089.83276367188,340
2907,6784.29773597531,6756.21705079832,2089.83276367188,340
2908,6812.0915821446,6762.10647675351,2089.83276367188,340
2909,6563.76011291762,6754.88896361682,2089.83276367188,340
2910,6828.12866047811,6757.30035334967,2089.83276367188,340
2911,6782.30267988741,6766.61928297955,2089.83276367188,340
2912,6799.01832382413,6768.32374323051,2089.83276367188,340
2913,6803.5687732641,6767.87730872524,2087.89453125,340
2914,6665.15161519245,6761.40418650614,2087.89453125,340
2915,6782.68311359089,6767.14192405891,2087.89453125,340
2916,6778.07508146906,6767.33716488753,2087.89453125,340
2917,6787.35901785851,6767.62005362129,2087.89453125,340
2918,6840.81238116409,6766.24339648241,2087.89453125,340
2919,6733.31149163352,6763.06882825435,2087.89453125,340
2920,6697.54590058457,6763.13895420357,2087.89453125,340
2921,6705.62444719945,6759.24731912044,2090.32250976562,340
2922,6806.24166701218,6762.45387876222,2090.32250976562,340
2923,6789.20452122459,6761.03615072522,2090.32250976562,340
2924,6735.3480361261,6759.49807555367,2090.32250976562,340
2925,6777.3429866315,6762.27736471209,2090.32250976562,340
2926,6766.25561392836,6765.58666751542,2090.32250976562,340
2927,6765.17801186419,6765.44680713746,2090.32250976562,340
2928,6768.96910130187,6766.2490943743,2090.32250976562,340
2929,6816.97034155005,6767.08627957302,2086.26708984375,340
2930,6683.40181554803,6762.44068997894,2086.26708984375,340
2931,6802.84142153311,6763.01937735615,2086.26708984375,340
2932,6795.46110155771,6763.46591197945,2086.26708984375,340
2933,6778.06887089467,6762.10500352945,2086.26708984375,340
2934,6780.24077498395,6770.7642300121,2086.26708984375,340
2935,6765.00496791235,6768.23928230947,2086.26708984375,340
2936,6791.92049069021,6768.62399474159,2086.26708984375,340
2937,6777.030122013,6767.74446666914,2084.42407226562,340
2938,6776.05824774651,6766.64404564844,2084.42407226562,340
2939,6787.97264861821,6771.55688698547,2084.42407226562,340
2940,6825.59001176879,6773.27316291258,2084.42407226562,340
2941,6798.12742279573,6774.07525656565,2084.42407226562,340
2942,6847.07145544753,6776.46375406921,2084.42407226562,340
2943,6711.15330488215,6771.27739101793,2084.42407226562,340
2944,6795.29185918534,6773.75660572001,2084.42407226562,340
2945,6678.34438047958,6772.98854491581,2086.47241210938,340
2946,6764.66223842608,6775.35005656487,2086.47241210938,340
2947,6748.39756824734,6773.03629261428,2086.47241210938,340
2948,6796.41477660105,6773.32470282934,2086.47241210938,340
2949,6840.18906684867,6777.51834405824,2086.47241210938,340
2950,6831.76148779138,6779.69508410463,2086.47241210938,340
2951,6805.12093369885,6781.24969689545,2086.47241210938,340
2952,6796.89858846738,6782.51851995958,2086.47241210938,340
2953,6759.42481694363,6782.13674858525,2088.51049804688,340
2954,6765.31239722944,6780.07043081243,2088.51049804688,340
2955,6790.33666042587,6784.34782460754,2088.51049804688,340
2956,6816.67804596762,6784.90128958492,2088.51049804688,340
2957,6840.83749217492,6786.71634520961,2088.51049804688,340
2958,6826.11778075804,6788.63830160415,2088.51049804688,340
2959,6776.09194286374,6788.47234831934,2088.51049804688,340
2960,6841.34608643543,6791.52599306026,2088.51049804688,340
2961,6770.4178987909,6790.66588938429,2087.18896484375,340
2962,6691.8851869204,6787.26009198058,2087.18896484375,340
2963,6798.55437163846,6788.15993693626,2087.18896484375,340
2964,6810.59200810467,6789.06471131572,2087.18896484375,340
2965,6750.06455215634,6786.04369293122,2087.18896484375,340
2966,6825.43822165745,6787.13612488569,2087.18896484375,340
2967,6760.31557109252,6783.66588951149,2087.18896484375,340
2968,6722.44174205976,6784.11742699859,2087.18896484375,340
2969,6812.51453091611,6784.80633386783,2089.64892578125,340
2970,6671.25467104652,6784.5227454905,2089.64892578125,340
2971,6410.16286778956,6770.34277066504,2089.64892578125,340
2972,6797.24784589885,6772.2967817711,2089.64892578125,340
2973,6606.87927148475,6764.71536156645,2089.64892578125,340
2974,6775.87867779802,6762.14294600443,2089.64892578125,340
2975,6821.04462872464,6761.71427164176,2089.64892578125,340
2976,6754.92156378974,6759.70629684539,2089.64892578125,340
2977,6583.22444764923,6751.15933121267,2089.90698242188,340
2978,6808.82395557656,6753.13529675798,2089.90698242188,340
2979,6803.60395867688,6754.66695921588,2089.90698242188,340
2980,6714.50433283861,6751.63366611239,2089.90698242188,340
2981,6782.98142618424,6750.28580132105,2089.90698242188,340
2982,6802.1839045791,6748.73965781722,2089.90698242188,340
2983,6835.9051405194,6749.13115220768,2089.90698242188,340
2984,6810.11099493083,6750.49191429036,2089.90698242188,340
2985,6815.48169781853,6749.45733874568,2090.13940429688,340
2986,6670.70413066865,6745.46878802079,2090.13940429688,340
2987,6658.5747134845,6744.13636908336,2090.13940429688,340
2988,6814.00659645845,6744.75445807616,2090.13940429688,340
2989,6581.3563853315,6735.58503316523,2090.13940429688,340
2990,6793.64347765198,6737.32819018506,2090.13940429688,340
2991,6638.19694969872,6729.83853930671,2090.13940429688,340
2992,6702.13478422669,6727.51130783207,2090.13940429688,340
2993,6731.83457179924,6727.88702102165,2095.16650390625,340
2994,6809.23817684018,6727.75596685861,2095.16650390625,340
2995,6825.28638176441,6733.91723528733,2095.16650390625,340
2996,6562.29454928375,6740.0025025471,2095.16650390625,340
2997,6518.31763670893,6728.8452941795,2095.16650390625,340
2998,6752.60360466566,6734.67426750674,2095.16650390625,340
2999,6809.25229591929,6736.00921223159,2095.16650390625,340
3000,6835.98872280488,6736.6069759948,2095.16650390625,340
