episode,reward,avg_reward,q0,steps
1,-127.247037405551,-127.247037405551,-3.51672242686618e-05,340
2,-202.775414650696,-165.011226028124,-3.51672242686618e-05,340
3,-255.725230439175,-195.249227498474,-3.51672242686618e-05,340
4,-425.473378942614,-252.805265359509,-3.51672242686618e-05,340
5,-905.693954485032,-383.383003184614,-3.51672242686618e-05,340
6,-247.653986770819,-360.761500448981,-3.51672242686618e-05,340
7,-723.63928334175,-412.601183719377,-3.51672242686618e-05,340
8,41.0551761446734,-355.89413873637,-3.51672242686618e-05,340
9,-82.3601917132172,-325.50147795602,-14.1077260971069,340
10,-525.904467192609,-345.541776879679,-14.1077260971069,340
11,-704.199155549297,-378.146993122371,-14.1077260971069,340
12,-62.1094723232623,-351.810533055779,-14.1077260971069,340
13,-526.142393559416,-365.220676171444,-14.1077260971069,340
14,-793.783308622555,-395.832292775094,-14.1077260971069,340
15,-247.685091779176,-385.9558127087,-14.1077260971069,340
16,-646.483415801628,-402.238787902008,-14.1077260971069,340
17,-598.10318214257,-413.760222857335,-12.1499729156494,340
18,-135.433908943995,-398.297649862149,-12.1499729156494,340
19,118.342859268129,-371.106044118451,-12.1499729156494,340
20,-303.513001544374,-367.726391989747,-12.1499729156494,340
21,-40.4123356842768,-352.140008356153,-12.1499729156494,340
22,-500.18018432957,-358.869107264036,-12.1499729156494,340
23,-971.832459085035,-385.519687777992,-12.1499729156494,340
24,-467.769664816335,-388.94677015459,-12.1499729156494,340
25,216.54175523349,-364.727229139066,5.94447135925293,340
26,-298.322675122236,-371.570254647734,5.94447135925293,340
27,-317.767675402549,-376.169945077808,5.94447135925293,340
28,93.8575707061146,-362.186633031996,5.94447135925293,257
29,-309.267603586911,-357.538402017768,5.94447135925293,340
30,13.6656754869303,-320.76401681889,5.94447135925293,340
31,81.8716811356209,-307.582990102632,5.94447135925293,340
32,-501.256356222553,-298.687673017864,5.94447135925293,339
33,-175.674974590597,-307.356879047275,37.3970031738281,340
34,-285.650695785375,-315.488499210161,37.3970031738281,340
35,54.524813702236,-292.271327974368,37.3970031738281,340
36,-290.128805803492,-275.708513984535,37.3970031738281,340
37,-324.338379681651,-286.197670278871,37.3970031738281,325
38,-53.5410201310772,-267.293615341737,37.3970031738281,340
39,-206.08282542778,-243.785596013946,37.3970031738281,340
40,-21.9127054500481,-234.754700560781,37.3970031738281,339
41,-73.6267830105472,-211.840435249138,69.7975158691406,340
42,92.5792056569283,-184.213139737158,69.7975158691406,340
43,90.4552021248009,-175.177575294406,69.7975158691406,340
44,-50.070415167931,-181.914106271849,69.7975158691406,340
45,-156.20706657784,-176.021868873187,69.7975158691406,340
46,-248.164193330014,-184.331943179017,69.7975158691406,311
47,-29.0138773638552,-165.485290900388,69.7975158691406,340
48,-122.314479084389,-131.504571700362,69.7975158691406,305
49,-225.033721242271,-121.7951339574,110.469596862793,340
50,-240.321049086458,-140.069646130198,110.469596862793,281
51,-469.55146134577,-146.918797579139,110.469596862793,336
52,-37.5315818180408,-135.709353835759,110.469596862793,285
53,-375.964755942171,-154.50224690169,110.469596862793,340
54,-46.1738871972198,-143.978498246103,110.469596862793,320
55,-53.5250366765026,-146.66612673264,110.469596862793,305
56,10.5680083984459,-149.518273642127,110.469596862793,262
57,-159.93330342966,-135.865351530411,126.73494720459,265
58,-83.7469131975098,-132.188229074688,126.73494720459,333
59,-84.2774558432685,-124.133299477003,126.73494720459,302
60,-24.1890199583754,-127.281852823428,126.73494720459,262
61,-162.981765463262,-122.195971209819,126.73494720459,340
62,63.2299297963455,-106.693238830699,126.73494720459,309
63,-226.029949702801,-113.592796013568,126.73494720459,284
64,-22.9570474623428,-106.26776489495,126.73494720459,328
65,-3.03267974457601,-105.512563866731,158.989013671875,225
66,-107.898063770922,-106.883415097146,158.989013671875,283
67,-364.229883432753,-125.155778660734,158.989013671875,340
68,-143.738122350574,-134.523511639749,158.989013671875,307
69,-146.893443617013,-138.396432777712,158.989013671875,335
70,99.726196287956,-128.15910226308,158.989013671875,203
71,-8.19295004324496,-118.560252531609,158.989013671875,323
72,-120.315619457845,-122.212322215369,158.989013671875,230
73,179.900328177125,-110.123729924908,183.647354125977,214
74,93.0566927005608,-97.4001133671951,183.647354125977,241
75,-6.42030670139073,-88.0440836717924,183.647354125977,237
76,147.205380547417,-63.3738099960649,183.647354125977,230
77,-25.4504832049494,-62.8905660515412,183.647354125977,189
78,187.945610165387,-40.3341514072389,183.647354125977,178
79,55.4056765406931,-36.2709688577224,183.647354125977,272
80,-313.464184757498,-46.6685347809622,183.647354125977,250
81,137.13558066992,-41.6058318901032,205.697067260742,213
82,202.797962503194,-27.0965812527891,205.697067260742,223
83,-125.547866848756,-28.7686193988389,205.697067260742,283
84,63.2530906087741,-22.8673975407572,205.697067260742,223
85,-260.132484042164,-32.3051361041087,205.697067260742,326
86,105.801418105744,-21.5538087613485,205.697067260742,177
87,98.7181621740111,-20.1342794662418,205.697067260742,170
88,139.1126913501,-5.52857382412581,205.697067260742,290
89,240.459379816471,5.00808326702674,215.218307495117,242
90,259.64227245554,15.5150813550314,215.218307495117,198
91,274.32331663989,30.8039365714639,215.218307495117,220
92,182.480895149422,52.6723677147509,215.218307495117,212
93,112.825748732175,62.9349225580608,215.218307495117,202
94,117.215640348472,73.4992859166803,215.218307495117,193
95,183.486196488574,76.849685924705,215.218307495117,146
96,374.800740568418,92.1694335491715,215.218307495117,219
97,-23.6676485732329,96.035352384556,221.965621948242,226
98,272.049452401088,99.7213173535145,221.965621948242,206
99,245.26528545739,105.809661063788,221.965621948242,193
100,20.7359801423628,106.895912537538,221.965621948242,263
101,-7.35956044764929,100.713314897735,221.965621948242,215
102,227.816226291235,110.843983277582,221.965621948242,262
103,97.9621744964594,107.244645850825,221.965621948242,194
104,207.564499615085,113.330998773801,221.965621948242,220
105,277.933384380577,136.986901539324,233.904922485352,201
106,235.048259588029,140.903408696048,233.904922485352,202
107,119.360973808031,137.565929148242,233.904922485352,227
108,365.032449853363,157.189141816327,233.904922485352,219
109,117.824105107944,159.371982396293,233.904922485352,229
110,375.635120325708,184.802686571008,233.904922485352,180
111,249.779209056514,190.561798209039,233.904922485352,138
112,269.147047938405,197.378953639615,233.904922485352,188
113,347.247026841085,205.704327059254,249.699630737305,198
114,392.781766700623,211.79722253462,249.699630737305,179
115,334.171998020264,214.778411557209,249.699630737305,159
116,232.703219141018,213.113607657254,249.699630737305,228
117,388.311148824974,221.346817804276,249.699630737305,216
118,289.23639849581,228.403243794822,249.699630737305,194
119,267.901267512826,234.430668881396,249.699630737305,209
120,196.789302114897,234.962793106449,249.699630737305,222
121,267.280605241093,230.661987693356,279.033355712891,183
122,329.22380865009,244.777645982289,279.033355712891,179
123,257.418987027329,244.192427367338,279.033355712891,207
124,385.883899970526,249.817171947864,279.033355712891,194
125,274.832175455633,259.981019760395,279.033355712891,235
126,274.320112601736,271.24820668237,279.033355712891,211
127,305.660516799066,274.361978302683,279.033355712891,219
128,339.558915218154,284.025847931551,279.033355712891,215
129,368.695442500033,290.471085646949,299.255920410156,205
130,297.412091230016,291.250233920927,299.255920410156,174
131,381.358665526848,297.102650158479,299.255920410156,186
132,336.118212113022,305.772939690679,299.255920410156,196
133,376.479560356432,306.230824110802,299.255920410156,220
134,-7.58431870644193,301.214487158226,299.255920410156,280
135,271.303436261694,297.041219795666,299.255920410156,237
136,317.038678899285,299.731598589377,299.255920410156,178
137,414.861267194224,305.560167359609,311.204345703125,209
138,247.323255990339,301.56321652558,311.204345703125,324
139,431.350522824657,303.105966770541,311.204345703125,185
140,477.143207206205,308.824815137979,311.204345703125,219
141,416.587392573568,316.180182075281,311.204345703125,178
142,356.178718545768,314.894884864112,311.204345703125,267
143,432.898642719045,320.641374633042,311.204345703125,219
144,389.859965220508,325.519722541349,311.204345703125,219
145,290.411121611616,329.264595321218,335.548126220703,220
146,585.008506677189,341.973711378662,335.548126220703,189
147,363.952171675954,343.362845899696,335.548126220703,191
148,330.99891922408,346.306043187566,335.548126220703,182
149,262.661616800313,341.377151860758,335.548126220703,210
150,595.496739621044,354.203734427374,335.548126220703,217
151,397.509190424113,359.131297540269,335.548126220703,205
152,220.036012661555,355.706317374769,335.548126220703,213
153,602.509017628033,366.224321471164,344.660186767578,230
154,387.689800590769,366.984095794793,344.660186767578,213
155,503.965390791615,375.246227777257,344.660186767578,239
156,387.777317223073,375.502973845106,344.660186767578,237
157,720.51778053674,390.878956582055,344.660186767578,240
158,492.134696576484,395.505162030857,344.660186767578,215
159,463.262501143994,414.339034824875,344.660186767578,207
160,347.064083660869,417.369460720842,344.660186767578,205
161,513.01026283348,425.208324078209,350.467071533203,218
162,474.711518535831,427.602334131874,350.467071533203,251
163,163.811954058368,424.261882054595,350.467071533203,184
164,383.14052773171,422.333482250877,350.467071533203,195
165,809.619048240088,435.632515892232,350.467071533203,224
166,502.803735505589,439.081169609513,350.467071533203,240
167,244.203092276241,434.602144558732,350.467071533203,248
168,615.906353255117,441.922452980175,350.467071533203,211
169,293.725419670244,438.077071158164,357.694274902344,210
170,743.127469360241,456.185725068109,357.694274902344,237
171,603.372235711245,456.920274229472,357.694274902344,239
172,656.223089486091,468.611110941877,357.694274902344,201
173,441.829584441052,473.044337550556,357.694274902344,210
174,610.857387984476,486.972168397923,357.694274902344,186
175,472.538966103702,482.053857457229,357.694274902344,190
176,444.568147482189,483.936215739552,357.694274902344,182
177,452.895141153686,493.250580879237,363.035461425781,180
178,801.28673712766,501.201689659222,363.035461425781,235
179,571.822263662158,508.566988182078,363.035461425781,182
180,731.878665486833,517.683519169886,363.035461425781,208
181,468.300158981312,520.904432840216,363.035461425781,234
182,805.307931836788,524.296038892218,363.035461425781,199
183,579.085602228278,527.77407511829,363.035461425781,196
184,731.540075904031,538.505178108691,363.035461425781,182
185,240.03964313008,534.22420048746,403.981811523438,340
186,923.206888234751,550.63206550351,403.981811523438,236
187,548.093749990563,553.5673547617,403.981811523438,340
188,241.61495469209,556.679474787049,403.981811523438,340
189,741.749446377164,571.023831532867,403.981811523438,249
190,589.821512276442,562.231930094321,403.981811523438,270
191,57.6931814712527,544.427507932947,403.981811523438,340
192,667.441242264877,561.357033932493,403.981811523438,340
193,646.928427805678,562.597916914515,446.965789794922,189
194,653.962855433851,577.00741434506,446.965789794922,249
195,603.888168531727,571.437842311919,446.965789794922,196
196,649.092719281762,573.26666165474,446.965789794922,213
197,824.453449955361,579.995876073511,446.965789794922,235
198,727.05983810359,591.405086220012,446.965789794922,201
199,721.841367478591,595.844445399777,446.965789794922,247
200,615.795927034547,601.57472383701,446.965789794922,194
201,924.626719584602,620.777066721107,470.352783203125,238
202,842.701676344623,636.369328128744,470.352783203125,241
203,856.323161627984,638.570785108757,470.352783203125,278
204,685.503472011174,643.118033442718,470.352783203125,201
205,984.546793337709,653.224758556753,470.352783203125,252
206,173.429375974898,641.429927236496,470.352783203125,340
207,238.890638360053,618.773235497427,470.352783203125,340
208,708.471256955443,623.948661686514,470.352783203125,241
209,905.144903495015,630.892854790153,492.392974853516,268
210,584.078016360103,644.654389719354,492.392974853516,233
211,804.022436734587,639.887011659347,492.392974853516,230
212,671.549111602806,644.825226123837,492.392974853516,224
213,914.875029393553,671.755629111896,492.392974853516,265
214,852.427533748204,676.182752606737,492.392974853516,254
215,478.19429642266,671.717663972586,492.392974853516,238
216,851.361598372663,703.464400648642,492.392974853516,214
217,958.405807695382,715.102983265863,511.419647216797,220
218,1154.94922701263,735.423815234141,511.419647216797,244
219,1137.81785439717,754.778015192673,511.419647216797,245
220,1006.10135982715,770.86654284449,511.419647216797,242
221,799.238187541533,776.872361574881,511.419647216797,256
222,924.444031015597,780.871984817291,511.419647216797,269
223,866.595471215609,786.453410141771,511.419647216797,264
224,886.640221780905,793.045364313864,511.419647216797,255
225,651.68258159274,794.480830496192,525.5478515625,225
226,842.54385395956,791.19751587119,525.5478515625,248
227,865.045178875831,792.091255972438,525.5478515625,246
228,969.084310171249,796.601701914169,525.5478515625,222
229,898.416262807319,805.118213546015,525.5478515625,269
230,977.875380475566,804.851357031529,525.5478515625,340
231,959.030178019228,836.275389113302,525.5478515625,229
232,655.484987345434,852.939163072717,525.5478515625,271
233,940.83614413188,862.233758559775,543.964782714844,267
234,967.39276133932,864.723672873547,543.964782714844,232
235,1069.25687236762,884.130827113848,543.964782714844,283
236,810.383239806563,884.385259236727,543.964782714844,224
237,1009.19680295583,897.891166890848,543.964782714844,291
238,551.447301922577,883.354057792008,543.964782714844,197
239,1239.81626662895,898.849607107238,543.964782714844,255
240,1330.12415351924,932.926801391101,543.964782714844,281
241,1024.54996829552,939.854336188016,561.353881835938,307
242,1083.45514299426,944.856309599971,561.353881835938,256
243,876.20206774449,933.706423229245,561.353881835938,250
244,1014.57499127251,928.776708704259,561.353881835938,255
245,993.259233242997,928.263023640893,561.353881835938,274
246,1098.52088554843,940.234331561169,561.353881835938,281
247,1047.26977290577,945.147361236776,561.353881835938,286
248,1274.39975559674,961.459532612021,561.353881835938,243
249,1278.14907901441,977.119886901361,582.268127441406,276
250,773.034079144812,981.973946803444,582.268127441406,300
251,895.68977131252,984.099783497562,582.268127441406,243
252,1219.03055058678,998.259198366001,582.268127441406,247
253,834.738016359408,992.885346613527,582.268127441406,279
254,1061.88474307651,999.424085824295,582.268127441406,262
255,890.482672508222,995.928377505601,582.268127441406,270
256,1055.85906540974,999.801533001222,582.268127441406,249
257,1333.69890859035,1026.93008985102,598.001220703125,278
258,1034.23669725518,1030.66611197595,598.001220703125,272
259,1221.19979122325,1040.81839317131,598.001220703125,267
260,862.266469245878,1032.53877704644,598.001220703125,272
261,1281.9424288767,1051.40114460924,598.001220703125,232
262,877.537005643054,1046.13475271673,598.001220703125,269
263,1521.21014912405,1084.92526660479,598.001220703125,339
264,901.288079771936,1071.38413913051,598.001220703125,323
265,832.804178423106,1051.49134012667,610.480163574219,284
266,897.784349386163,1046.42071537029,610.480163574219,244
267,1134.35211241686,1048.45659414719,610.480163574219,239
268,1180.33915139019,1060.62207749302,610.480163574219,312
269,1121.67801631416,1064.90619849469,610.480163574219,273
270,1387.13258658428,1080.66113262834,610.480163574219,328
271,1209.71514076407,1085.10890283697,610.480163574219,245
272,1385.72851092728,1098.64725235783,610.480163574219,246
273,1414.9724640034,1104.27016069409,621.780334472656,323
274,1332.86955812433,1106.45897985849,621.780334472656,300
275,1257.16071966296,1125.82404547922,621.780334472656,253
276,947.073011722567,1127.87937509562,621.780334472656,254
277,1278.0192319469,1130.23892235002,621.780334472656,268
278,1111.89040277752,1141.32501780675,621.780334472656,261
279,1243.4593569425,1148.58800236139,621.780334472656,294
280,1119.09090320966,1157.73233158944,621.780334472656,301
281,1550.36865548969,1177.51271519264,633.208984375,334
282,1265.88080076393,1174.79999087958,633.208984375,256
283,1180.93587027523,1180.66795780039,633.208984375,255
284,1099.92208061731,1175.81684937615,633.208984375,261
285,853.929375173411,1175.48336561325,633.208984375,322
286,1205.08833230864,1172.40920175053,633.208984375,279
287,1146.46219278142,1183.16620923606,633.208984375,314
288,1046.61738102176,1164.18249851197,633.208984375,253
289,1216.97972748814,1176.81016442062,637.285095214844,266
290,1305.66452971701,1195.72457847238,637.285095214844,289
291,1174.50366158725,1206.79335096042,637.285095214844,320
292,1491.73795334754,1221.08878459765,637.285095214844,268
293,1617.85925955727,1238.58958892433,637.285095214844,324
294,1656.84913529089,1259.9964336834,637.285095214844,336
295,1175.27393484889,1251.52208761398,637.285095214844,333
296,1499.00749792976,1263.09378190061,637.285095214844,309
297,1876.24598030781,1282.71448067583,646.51708984375,340
298,1663.72113663984,1292.66442758129,646.51708984375,333
299,1812.8588563909,1311.86399951195,646.51708984375,340
300,1188.83307666342,1309.13089379197,646.51708984375,329
301,1644.53122738901,1337.02922241863,646.51708984375,306
302,1478.7047583084,1345.05664347309,646.51708984375,328
303,1227.96748196812,1349.69972664071,646.51708984375,309
304,1345.61600241679,1353.78599245968,646.51708984375,288
305,1655.49692743748,1375.2422334288,664.560363769531,320
306,1511.0736793451,1373.67043438301,664.560363769531,340
307,1845.71781128306,1396.86391480378,664.560363769531,340
308,1649.72759849311,1415.61558393249,664.560363769531,335
309,1793.18549694995,1443.3461205858,664.560363769531,340
310,2285.26644290202,1500.59960329494,664.560363769531,340
311,1512.02803646095,1512.87719146104,664.560363769531,336
312,1482.67544602327,1526.32572159071,664.560363769531,278
313,1843.85267693822,1558.21513342737,675.945495605469,340
314,1659.12927527229,1575.90111533873,675.945495605469,340
315,2343.7871325138,1617.42601945061,675.945495605469,340
316,1105.73648278921,1614.67533229868,675.945495605469,340
317,2023.55341948796,1635.9479509443,675.945495605469,340
318,2302.76792863356,1663.34429770735,675.945495605469,340
319,1211.80766128907,1645.54263874728,675.945495605469,332
320,1615.66606634728,1663.15832400722,675.945495605469,340
321,1918.09220788562,1679.92171240545,690.58740234375,340
322,2167.07941521108,1691.55504980158,690.58740234375,340
323,2340.20231073514,1718.61429676539,690.58740234375,340
324,1887.9064798427,1721.61620170346,690.58740234375,340
325,2334.89370509438,1767.4586268407,690.58740234375,340
326,2302.27778616109,1793.76848919159,690.58740234375,340
327,2141.37814342103,1820.27542459609,690.58740234375,340
328,1271.40200091726,1822.01280535406,690.58740234375,340
329,2012.94062971143,1848.70579044584,696.794738769531,340
330,2161.35710720434,1868.94019763652,696.794738769531,340
331,1356.19508190114,1862.74505373876,696.794738769531,340
332,2459.18375931864,1887.28369166018,696.794738769531,340
333,2080.01462739877,1904.49517281641,696.794738769531,340
334,1699.37930207455,1900.74292502139,696.794738769531,340
335,2009.03151270779,1889.69352781362,696.794738769531,340
336,1876.90855155461,1904.28874841737,696.794738769531,340
337,1924.40604366264,1921.95797232294,705.657592773438,340
338,2277.78313132223,1939.3151904983,705.657592773438,340
339,2259.71514432839,1963.33862526055,705.657592773438,340
340,1480.59670151612,1928.81100802064,705.657592773438,340
341,2491.56900619664,1984.24430895694,705.657592773438,340
342,2361.78532547642,1997.77358519648,705.657592773438,340
343,2582.74566692878,2008.97269472828,705.657592773438,340
344,2218.76809717405,2049.25111216368,705.657592773438,340
345,2172.3820838982,2071.51975286572,714.670593261719,340
346,2575.52275806849,2097.81697487304,714.670593261719,340
347,1715.31137829534,2079.74625339641,714.670593261719,340
348,2264.39425671042,2076.71393123542,714.670593261719,340
349,2191.25183734507,2088.84774553551,714.670593261719,340
350,2049.86691997921,2077.44667413091,714.670593261719,340
351,2297.58774423187,2077.25907245374,714.670593261719,340
352,1761.48182967199,2062.06321990378,714.670593261719,340
353,1911.51546390063,2087.66775842311,728.621948242188,340
354,2129.71251415021,2092.33863380066,728.621948242188,340
355,1876.08681396398,2080.92782207105,728.621948242188,340
356,2347.66530456425,2120.58663097757,728.621948242188,340
357,2487.01766196839,2121.69998708356,728.621948242188,340
358,2664.44304319636,2145.07712371546,728.621948242188,340
359,2240.4563119637,2166.72020411103,728.621948242188,340
360,2027.02764386039,2167.44004935713,728.621948242188,340
361,2417.25569724372,2189.0539351847,737.06005859375,340
362,2190.08469758272,2199.6810813415,737.06005859375,340
363,2537.11959660451,2210.05453995279,737.06005859375,340
364,2415.11380011145,2216.27048618412,737.06005859375,340
365,2023.60474425234,2237.99080789357,737.06005859375,340
366,2417.50129585507,2235.0280994799,737.06005859375,340
367,2527.35995856201,2241.65108480332,737.06005859375,340
368,2230.14970836539,2227.54724646079,737.06005859375,340
369,2460.87157895435,2237.231385732,745.186096191406,340
370,1996.36811914466,2230.19082714186,745.186096191406,340
371,2337.0281442996,2220.6510425911,745.186096191406,340
372,2405.61668448193,2248.26325483857,745.186096191406,340
373,2262.19455661724,2248.17526683484,745.186096191406,340
374,2537.28883411868,2262.01674670579,745.186096191406,340
375,1977.24501234127,2259.11187040027,745.186096191406,340
376,1819.8164449353,2240.00101842841,745.186096191406,340
377,2236.88432826064,2259.01711837195,749.722717285156,340
378,2126.71425773422,2267.62507012529,749.722717285156,340
379,2259.79811635833,2272.82849421362,749.722717285156,340
380,2035.03568025669,2279.18644886533,749.722717285156,340
381,2085.0170781078,2268.68051980707,749.722717285156,340
382,2032.02601002029,2250.48085372915,749.722717285156,340
383,2193.23875368628,2231.63268214874,749.722717285156,340
384,2239.74518914093,2231.60423723583,749.722717285156,340
385,2196.48004456195,2238.38233326389,764.324340820312,340
386,2294.95676673181,2233.49037604342,764.324340820312,340
387,2229.45656420955,2235.06525070849,764.324340820312,340
388,2223.42109801157,2222.51731076477,764.324340820312,340
389,2422.74620886455,2222.8226071149,764.324340820312,340
390,1931.19862424642,2219.12636231466,764.324340820312,340
391,2011.29694712838,2202.87818836559,764.324340820312,340
392,2365.85145715277,2196.41784830922,764.324340820312,340
393,1948.15005006955,2185.13786197739,780.106689453125,340
394,2193.79808809066,2174.45492234284,780.106689453125,340
395,2237.95796278479,2184.11851608845,780.106689453125,340
396,2248.99679399582,2180.5972620763,780.106689453125,340
397,2222.08450833008,2173.25597503022,780.106689453125,340
398,2181.78787671222,2170.03970783402,780.106689453125,340
399,2146.65691390697,2154.41443102555,780.106689453125,340
400,2338.30871499697,2168.85697913178,780.106689453125,340
401,2353.24745193388,2190.19421941173,796.556274414062,340
402,2263.465461267,2191.25746473198,796.556274414062,340
403,2087.39699330208,2189.68477415469,796.556274414062,340
404,1932.28907315876,2176.58441242671,796.556274414062,340
405,2121.35165834445,2180.03705155022,796.556274414062,340
406,2115.11551205611,2181.24098890815,796.556274414062,340
407,2028.69560607669,2181.10777275041,796.556274414062,340
408,2204.74542337603,2181.568039538,796.556274414062,340
409,2074.97228979503,2174.97712356416,803.138488769531,340
410,2169.22311108556,2173.88684622511,803.138488769531,340
411,2188.49291018709,2169.62829196332,803.138488769531,340
412,2262.23127957971,2170.93928057813,803.138488769531,340
413,2213.00601377302,2170.52267720858,803.138488769531,340
414,2240.39360979863,2163.22857324595,803.138488769531,340
415,2063.23055296463,2168.50985039468,803.138488769531,340
416,1861.87633216024,2162.53302579595,803.138488769531,340
417,1854.44462225002,2142.07675239984,817.573913574219,340
418,2162.18435564041,2150.63812462267,817.573913574219,340
419,2065.265293378,2145.49681283417,817.573913574219,340
420,1762.97727828777,2126.49758545429,817.573913574219,340
421,2098.98451938554,2120.49709446988,817.573913574219,340
422,2299.97420390294,2123.61268229279,817.573913574219,340
423,1906.7562014297,2112.61141528149,817.573913574219,340
424,2302.26672919001,2118.83580789281,817.573913574219,340
425,1877.47998665442,2100.40265875911,830.875061035156,340
426,1990.17660632187,2085.87982493463,830.875061035156,340
427,1631.05071424264,2060.58323505365,830.875061035156,340
428,1951.10585473087,2055.13158951081,830.875061035156,340
429,1938.71027790125,2055.38843770051,830.875061035156,340
430,1989.532814798,2050.11568395865,830.875061035156,340
431,2111.50923664308,2049.97143294213,830.875061035156,340
432,2066.33108682858,2051.4768521722,830.875061035156,340
433,1642.51279647459,2028.98754709614,850.724731445312,340
434,2175.07691560012,2032.99173212835,850.724731445312,340
435,1937.4456921903,2023.72063537254,850.724731445312,340
436,1339.02105609241,1989.74176120875,850.724731445312,340
437,1944.37153372448,1977.02737137454,850.724731445312,340
438,1654.71789367734,1954.69584657072,850.724731445312,340
439,1552.21067617948,1927.16852922595,850.724731445312,340
440,1951.20366964005,1922.68745389297,850.724731445312,340
441,1833.18628276963,1921.53985191734,859.164794921875,340
442,2014.90228705079,1927.95815850937,859.164794921875,340
443,2115.27403639438,1926.08174573953,859.164794921875,340
444,2074.817784728,1926.46384539353,859.164794921875,340
445,2231.65193309826,1945.21083158595,859.164794921875,340
446,2257.02484813827,1951.53244473606,859.164794921875,340
447,2310.04432442316,1951.93524955687,859.164794921875,340
448,2036.88509510933,1957.14040530405,859.164794921875,340
449,2213.40184995495,1953.58581013465,866.315490722656,340
450,1987.2760032388,1957.97765079803,866.315490722656,340
451,2201.05282510707,1966.41269954943,866.315490722656,340
452,2330.10664187131,1994.37493665458,866.315490722656,340
453,1961.97915481502,1994.80986865795,866.315490722656,340
454,2006.97141609794,1997.54031418581,866.315490722656,340
455,2195.30311342941,2005.77112613107,866.315490722656,340
456,2228.40602943232,2010.44699784264,866.315490722656,340
457,2292.92164193066,2019.51062004672,867.871398925781,340
458,2266.90865713454,2044.48645447312,867.871398925781,340
459,2231.20074731357,2046.73140774166,867.871398925781,340
460,2127.87947179006,2054.34875892565,867.871398925781,340
461,2157.05395131232,2087.07007473444,867.871398925781,340
462,2222.20945773958,2098.18359169505,867.871398925781,340
463,2276.35240354992,2123.04897208995,867.871398925781,340
464,2111.92939979916,2145.43772103474,867.871398925781,340
465,2269.93780192827,2158.18708632627,864.738891601562,340
466,2014.6429859389,2165.44535445304,864.738891601562,340
467,2138.59995723486,2170.3932612604,864.738891601562,340
468,1665.31752169345,2152.39500067236,864.738891601562,340
469,1725.75159812244,2138.43235320814,864.738891601562,340
470,2181.13726212564,2136.41176636924,864.738891601562,340
471,2049.79941613922,2128.12274908928,864.738891601562,340
472,1750.8483266003,2105.75490917636,864.738891601562,340
473,1940.83656861515,2101.91296811659,858.671630859375,340
474,2079.75475534885,2096.56708433235,858.671630859375,340
475,2248.02356216087,2106.99698668923,858.671630859375,340
476,2207.79581670387,2107.26670635311,858.671630859375,340
477,2185.52427722866,2101.4834117674,858.671630859375,340
478,1770.9182935221,2093.84097731568,858.671630859375,340
479,1837.57516709435,2087.06512735554,858.671630859375,340
480,2253.26353836302,2089.38354435288,858.671630859375,340
481,2200.09487944837,2088.25109835352,852.672607421875,340
482,2021.379835989,2077.38942611586,852.672607421875,340
483,2099.36411580555,2070.6876444627,852.672607421875,340
484,2137.58183544243,2066.94288798785,852.672607421875,340
485,1946.71233667928,2059.69620258342,852.672607421875,340
486,2050.53698965828,2055.43552411726,852.672607421875,340
487,2190.40843177547,2054.1634830787,852.672607421875,340
488,1845.08258864962,2036.91269048268,852.672607421875,340
489,1934.07958070995,2029.79869771912,847.847778320312,340
490,1850.12839303589,2013.00632136342,847.847778320312,340
491,1822.19456622356,2005.30838457481,847.847778320312,340
492,2029.07787907075,2000.92750144824,847.847778320312,340
493,2251.78535572689,2024.38621480958,847.847778320312,340
494,2088.26188990473,2038.88662648087,847.847778320312,340
495,2303.29641254854,2043.77299249779,847.847778320312,340
496,2054.57067007881,2043.96384265537,847.847778320312,340
497,2057.49682559444,2056.22978261514,848.257019042969,340
498,2109.42165140851,2062.97318592687,848.257019042969,340
499,2083.84874442757,2063.13694549002,848.257019042969,340
500,2128.91714687401,2058.37268887855,848.257019042969,340
501,1786.88759669241,2041.53636007809,848.257019042969,340
502,2237.28939063613,2043.60696461439,848.257019042969,340
503,2100.42384979307,2056.78718686522,848.257019042969,340
504,2103.58989782747,2067.42777609455,848.257019042969,340
505,1772.03266257685,2048.1785410631,852.980163574219,340
506,2250.49527125943,2050.19455673555,852.980163574219,340
507,2041.73728627461,2051.00885474697,852.980163574219,340
508,1918.25828202514,2043.76462139575,852.980163574219,340
509,2220.76027170894,2047.09175884641,852.980163574219,340
510,1758.94889426023,2039.58122114965,852.980163574219,340
511,2160.66572392127,2043.98637052017,852.980163574219,340
512,2083.34892502647,2039.70399025021,852.980163574219,340
513,2024.46076840967,2046.87911744061,857.827575683594,340
514,2150.99034242949,2055.5555479094,857.827575683594,340
515,2036.34312318208,2063.00413711524,857.827575683594,340
516,1889.9959847461,2065.71619385614,857.827575683594,340
517,1901.62625067708,2060.6181287204,857.827575683594,340
518,2197.98386487784,2058.46606908644,857.827575683594,340
519,2140.74041322883,2060.5652100194,857.827575683594,340
520,2170.09035015751,2055.23696752376,857.827575683594,340
521,2056.18582148008,2055.30157357981,858.335083007812,340
522,1982.62388391338,2052.30665591257,858.335083007812,340
523,2063.62664659172,2050.4748557199,858.335083007812,340
524,2013.00179116931,2047.64097758957,858.335083007812,340
525,2221.93383725918,2051.36164520497,858.335083007812,340
526,2231.10206072925,2069.13022376645,858.335083007812,340
527,2143.39870609434,2065.37459638478,858.335083007812,340
528,2022.88363663594,2062.27298785849,858.335083007812,340
529,2036.72428062346,2059.59836317033,859.18212890625,340
530,2197.34530392403,2076.61086882422,859.18212890625,340
531,2185.22727474075,2074.00014896347,859.18212890625,340
532,2046.3998338314,2074.18665086574,859.18212890625,340
533,2258.81107386983,2087.80876253953,859.18212890625,340
534,2225.66197862341,2088.00483081611,859.18212890625,340
535,2053.35922669947,2099.78124411368,859.18212890625,340
536,2252.07223142721,2103.43750441391,859.18212890625,340
537,2268.40735232562,2110.83984150588,861.320678710938,340
538,2120.2674469185,2114.67210864623,861.320678710938,340
539,2298.44236674513,2120.57018961886,861.320678710938,340
540,1993.22914881844,2118.84563064431,861.320678710938,340
541,2226.99298294063,2132.3255105721,861.320678710938,340
542,1991.53502669012,2135.92186161262,861.320678710938,340
543,2205.48292207206,2136.22182390039,861.320678710938,340
544,1875.50063754725,2125.61223287312,861.320678710938,340
545,2100.49377087845,2122.82836970196,861.874694824219,340
546,1944.90495632551,2118.37713509578,861.874694824219,340
547,2023.64914440792,2120.01814551556,861.874694824219,340
548,2222.24837138464,2126.36301450727,861.874694824219,340
549,2112.80218917123,2130.35503042735,861.874694824219,340
550,2012.83965600659,2121.99126317725,861.874694824219,340
551,2064.4870499784,2115.32666274721,861.874694824219,340
552,2279.25838943294,2120.76105008076,861.874694824219,340
553,2012.98025785583,2120.36491492955,864.746215820312,340
554,2211.32504546305,2127.34894552314,864.746215820312,340
555,2233.12016359061,2128.7799399098,864.746215820312,340
556,2160.13375108774,2127.77619896368,864.746215820312,340
557,2105.64143904263,2130.14586317213,864.746215820312,340
558,2207.89527778868,2128.10923132888,864.746215820312,340
559,1967.66244036003,2117.78924979835,864.746215820312,340
560,1966.23785546656,2114.30439494903,864.746215820312,340
561,2028.6181871358,2105.36623317737,868.294860839844,340
562,1972.25538752626,2093.5201545854,868.294860839844,340
563,2062.22770324805,2091.19856483858,868.294860839844,340
564,2150.51065365267,2085.28129631488,868.294860839844,340
565,2155.05408023748,2091.75429357164,868.294860839844,340
566,2174.93649963296,2089.67203423934,868.294860839844,340
567,2103.63318005769,2094.15596037404,868.294860839844,340
568,2203.97734593674,2094.09573732863,868.294860839844,340
569,2149.006021015,2105.03595266734,870.336608886719,340
570,2210.20270292972,2109.42430994939,870.336608886719,340
571,2189.5462928147,2119.20996340896,870.336608886719,340
572,2165.78096871232,2124.89523638113,870.336608886719,340
573,1811.25903055156,2108.45566274781,870.336608886719,340
574,2012.66082935038,2104.45000835498,870.336608886719,340
575,2129.55952668907,2109.11880318227,870.336608886719,340
576,2084.68724993176,2109.92681118041,870.336608886719,340
577,2096.62661339393,2102.62154013885,871.145263671875,340
578,2216.38148036544,2110.75758903923,871.145263671875,340
579,2195.8792878224,2110.13975873361,871.145263671875,340
580,2072.88778116129,2103.73046343643,871.145263671875,340
581,2198.70927565343,2105.27348441906,871.145263671875,340
582,2304.54407174354,2113.2295897271,871.145263671875,340
583,2130.50301004822,2110.13389901748,871.145263671875,340
584,2243.91292659023,2121.18391846669,871.145263671875,340
585,2070.55799328318,2125.35672397935,872.337341308594,340
586,2269.52908500008,2134.99315989392,872.337341308594,340
587,2257.44855908213,2146.40088675616,872.337341308594,340
588,2124.98851879923,2148.91131937821,872.337341308594,340
589,2251.08733512164,2152.93438663696,872.337341308594,340
590,2228.69748545167,2155.88012284553,872.337341308594,340
591,2244.51139082649,2158.66311849327,872.337341308594,340
592,2145.47167959622,2160.33665847481,872.337341308594,340
593,2195.46015927981,2159.99597100854,876.453857421875,340
594,1950.77654282743,2152.06679188103,876.453857421875,340
595,2157.29021515605,2149.95029237009,876.453857421875,340
596,2170.7219630236,2149.19731917844,876.453857421875,340
597,1937.57026751452,2140.06889113053,876.453857421875,340
598,2129.68969037909,2152.80611752363,876.453857421875,340
599,2245.79761552216,2162.1315889705,876.453857421875,340
600,2128.92096711719,2162.10604658763,876.453857421875,340
601,2228.82480126193,2167.87154864084,876.978576660156,340
602,2226.41592317229,2173.06312103197,876.978576660156,340
603,2167.72734415703,2171.11695558363,876.978576660156,340
604,2056.69219407438,2165.54947183371,876.978576660156,340
605,2176.39663294715,2169.68982590515,876.978576660156,340
606,2151.54412080106,2167.80321971105,876.978576660156,340
607,2134.87514151392,2161.01646250187,876.978576660156,340
608,2175.42689627593,2162.81341795098,876.978576660156,340
609,2231.29005770025,2162.30850319538,876.369873046875,340
610,2157.09724090847,2165.77007310039,876.369873046875,340
611,2135.83412054318,2160.42227452211,876.369873046875,340
612,2094.65916510177,2153.9106987629,876.369873046875,340
613,2217.5444838953,2157.61293736674,876.369873046875,340
614,2124.15672820513,2152.53571309008,876.369873046875,340
615,2211.37591344318,2151.84285020974,876.369873046875,340
616,2053.35823765654,2144.19672408294,876.369873046875,340
617,2178.76977281106,2145.52864781154,875.228820800781,340
618,2041.64026424433,2139.37585201012,875.228820800781,340
619,2057.27886678212,2143.63594496831,875.228820800781,340
620,1997.46853248629,2137.24307766152,875.228820800781,340
621,2048.4015865538,2132.35026260272,875.228820800781,340
622,1978.82442788591,2134.00042901758,875.228820800781,340
623,2073.40319019714,2131.7489690103,875.228820800781,340
624,2241.77709521129,2131.58814819787,875.228820800781,340
625,1903.94029315445,2122.58892123936,875.769775390625,340
626,1930.25814423813,2110.6462549584,875.769775390625,340
627,1856.25788774069,2095.83993354114,875.769775390625,340
628,2012.04792880197,2089.61275692694,875.769775390625,340
629,1957.88482958967,2085.66046234755,875.769775390625,340
630,1875.54929848414,2073.62656896903,875.769775390625,340
631,1973.62570517572,2066.50983234401,875.769775390625,340
632,1943.87631162397,2058.86987914842,875.769775390625,340
633,1808.66168905564,2044.1992708596,878.063171386719,340
634,2009.78723305204,2035.33915787368,878.063171386719,340
635,2001.25500172678,2029.10546830641,878.063171386719,340
636,1891.60637422315,2019.33635845361,878.063171386719,340
637,1914.53042707079,2012.13120893237,878.063171386719,340
638,1822.4573852693,1996.32772498733,878.063171386719,340
639,1869.8867643166,1986.15692643179,878.063171386719,340
640,1871.75377238017,1972.57204078927,878.063171386719,340
641,1956.60781075262,1968.70202371311,871.700500488281,340
642,2056.45567107773,1963.80945964378,871.700500488281,340
643,2004.19062626878,1962.31147412476,871.700500488281,340
644,1912.63747667483,1956.52581852046,871.700500488281,340
645,1997.27293523604,1956.51799463045,871.700500488281,340
646,1896.84279962713,1950.45564315339,871.700500488281,340
647,1893.49163271275,1947.04233134646,871.700500488281,340
648,2110.18259201877,1948.51350741933,871.700500488281,340
649,1994.22088162246,1938.61125887577,869.504455566406,340
650,1881.64842102157,1937.71958399046,869.504455566406,340
651,1943.20693331573,1938.23753555356,869.504455566406,340
652,1941.36499158122,1941.64181970718,869.504455566406,340
653,2024.03070039381,1942.12113057086,869.504455566406,340
654,1971.28052427282,1942.65695835818,869.504455566406,340
655,2052.2599144703,1949.72538299763,869.504455566406,340
656,1873.42604296324,1945.71739650913,869.504455566406,340
657,1824.47410117825,1940.9413080913,861.042663574219,340
658,2082.6276312175,1951.89994577777,861.042663574219,340
659,1863.16696322214,1946.03513498458,861.042663574219,340
660,2156.27944583524,1952.23611274892,861.042663574219,340
661,1791.84227730252,1948.24554887209,861.042663574219,340
662,2002.99158753709,1951.78399529074,861.042663574219,340
663,1967.95533415823,1957.6039132463,861.042663574219,340
664,2012.89206229032,1963.32412516525,861.042663574219,340
665,1812.81061837272,1960.96639900495,853.097595214844,340
666,1937.91554424965,1960.21870834483,853.097595214844,340
667,2151.31245367105,1964.01297964857,853.097595214844,340
668,2029.15191032225,1965.0114310107,853.097595214844,340
669,1991.3340414299,1968.15929360091,853.097595214844,340
670,2125.68331044929,1973.29570860944,853.097595214844,340
671,1878.50055877946,1972.56201897553,853.097595214844,340
672,2034.23967490543,1978.19194066324,853.097595214844,340
673,2018.70848342278,1974.5329763194,847.384582519531,340
674,2020.83045062076,1975.59735907933,847.384582519531,340
675,2248.81898788889,1990.28418175402,847.384582519531,340
676,1973.41016010104,1991.49231082544,847.384582519531,340
677,2160.17712317481,2000.24479608918,847.384582519531,340
678,2102.47943017125,2003.38274528028,847.384582519531,340
679,2083.25298482333,2007.8616437023,847.384582519531,340
680,2115.35000543704,2010.38524734097,847.384582519531,340
681,1912.73027816416,2011.957416749,845.200744628906,340
682,2246.0973963534,2028.82234855601,845.200744628906,340
683,1958.24555817132,2023.84706563416,845.200744628906,340
684,2187.89598474924,2036.83622649525,845.200744628906,340
685,1969.09492587096,2029.34884569668,845.200744628906,340
686,2180.19817402397,2044.88308156553,845.200744628906,340
687,2197.30351946699,2052.65555884273,845.200744628906,340
688,2213.24770283144,2062.46725358966,845.200744628906,340
689,2281.79869626777,2073.22351894876,837.63427734375,340
690,2030.58706639738,2081.93457686974,837.63427734375,340
691,2156.57812365208,2090.68108004584,837.63427734375,340
692,2216.45278702677,2093.28669338007,837.63427734375,340
693,2167.54221408663,2098.82230553064,837.63427734375,340
694,2128.08553614843,2104.29236531938,837.63427734375,340
695,2180.14331471382,2106.47076548997,837.63427734375,340
696,1985.51696908044,2110.751421902,837.63427734375,340
697,2038.23262766658,2110.91114001245,831.635437011719,340
698,2182.21228671863,2117.45129214429,831.635437011719,340
699,2037.70226675661,2118.12616478972,831.635437011719,340
700,2165.11432054016,2114.77797809577,831.635437011719,340
701,2145.98270025568,2121.68087970196,831.635437011719,340
702,2198.81736072369,2123.22648920391,831.635437011719,340
703,2136.98892224914,2124.60686888703,831.635437011719,340
704,2136.50746500141,2126.73704809415,831.635437011719,340
705,2167.34803977168,2128.81696946754,824.678894042969,340
706,2221.45477122266,2141.16594918987,824.678894042969,340
707,2195.837785076,2139.15556473878,824.678894042969,340
708,2168.23586704299,2147.55517709365,824.678894042969,340
709,2181.90372717021,2147.31548679049,824.678894042969,340
710,2196.6603954598,2156.41810557404,824.678894042969,340
711,2176.15945558492,2156.25655683648,824.678894042969,340
712,2208.38064190487,2156.69964173399,824.678894042969,340
713,2251.88114184372,2158.24497929448,818.880676269531,340
714,2218.935853389,2155.73046557933,818.880676269531,340
715,2160.04635519286,2160.90883713115,818.880676269531,340
716,2161.02630227163,2161.08676427593,818.880676269531,340
717,2160.70524686793,2158.85686266958,818.880676269531,340
718,2163.14583077622,2158.68100733716,818.880676269531,340
719,2109.85053013597,2157.95160709667,818.880676269531,340
720,2067.55248125778,2153.44797375842,818.880676269531,340
721,2249.12317273079,2163.99222190444,823.284545898438,340
722,2218.24816849047,2171.19284353739,823.284545898438,340
723,2150.5333439327,2169.92568582596,823.284545898438,340
724,2226.55492552485,2177.47979217669,823.284545898438,340
725,2072.89222878646,2173.79090850654,823.284545898438,340
726,2064.88784263245,2170.54711420161,823.284545898438,340
727,2090.57950540215,2166.21759998875,823.284545898438,340
728,2174.59100144288,2167.7216831565,823.284545898438,340
729,2265.08566065976,2172.86481098283,828.594909667969,340
730,2122.73998196202,2171.08048867044,828.594909667969,340
731,2142.22984698251,2167.91149170084,828.594909667969,340
732,2214.21411396802,2168.64654485652,828.594909667969,340
733,2222.50417377999,2170.817277126,828.594909667969,340
734,2196.99009368754,2171.42073178669,828.594909667969,340
735,2188.72418262874,2171.10328327345,828.594909667969,340
736,2220.38396138459,2172.87226350544,828.594909667969,340
737,2237.35347701808,2174.03117690996,833.050048828125,340
738,2041.84755395193,2165.62983339429,833.050048828125,340
739,2242.7163132481,2166.58105178866,833.050048828125,340
740,2223.43707561396,2169.1166806055,833.050048828125,340
741,2244.75191499791,2172.46570511455,833.050048828125,340
742,2206.47524424176,2174.2965050095,833.050048828125,340
743,2251.53998073477,2177.83227100785,833.050048828125,340
744,2221.34291234875,2182.29196629636,833.050048828125,340
745,2168.32708559615,2186.32295046989,836.447387695312,340
746,2239.24598536413,2185.92786297523,836.447387695312,340
747,2242.38735041651,2186.89343025227,836.447387695312,340
748,2281.76950394588,2192.14287665279,836.447387695312,340
749,2055.57164573475,2185.30354546119,836.447387695312,340
750,2220.1286990037,2191.19300426988,836.447387695312,340
751,2241.74403282175,2198.26725187745,836.447387695312,340
752,2103.75441801005,2198.79424838177,836.447387695312,340
753,2179.0474673017,2198.97250701612,840.374389648438,340
754,2179.85838559866,2195.56341601368,840.374389648438,340
755,2192.03423765982,2198.33518624159,840.374389648438,340
756,2196.04651309888,2200.48785288624,840.374389648438,340
757,2201.7919343217,2199.99096570039,840.374389648438,340
758,2197.46479254347,2198.98939045093,840.374389648438,340
759,2191.46010285626,2198.76819081768,840.374389648438,340
760,2109.680613299,2195.60644804449,840.374389648438,340
761,2238.82673179689,2196.34415886098,842.420837402344,340
762,2214.45733278451,2195.42831309164,842.420837402344,340
763,2227.53140136133,2202.85566698801,842.420837402344,340
764,2192.28344238634,2200.83835215354,842.420837402344,340
765,2194.33225413968,2199.67415929457,842.420837402344,340
766,2181.45960997287,2197.14246709357,842.420837402344,340
767,2205.41223189972,2197.09994659989,842.420837402344,340
768,2209.41133082475,2195.41480060349,842.420837402344,340
769,2180.27842338623,2193.77222104499,845.661560058594,340
770,2167.11575719111,2193.72376790879,845.661560058594,340
771,2137.98198671763,2189.67320796293,845.661560058594,340
772,2218.974170481,2188.73668076551,845.661560058594,340
773,2240.78523346752,2187.09730994637,845.661560058594,340
774,2179.25529464138,2192.04465590264,845.661560058594,340
775,2239.08584655535,2192.8029418047,845.661560058594,340
776,2193.63366822792,2190.87852722095,845.661560058594,340
777,2232.45335320622,2196.0264846288,848.968383789062,340
778,2190.05053612426,2196.4666073817,848.968383789062,340
779,2247.30761275953,2199.16457646813,848.968383789062,340
780,2172.87270089681,2198.39811499761,848.968383789062,340
781,2213.29425365342,2199.08802461979,848.968383789062,340
782,2236.09457407756,2200.46013021003,848.968383789062,340
783,2185.28171135811,2199.97280696261,848.968383789062,340
784,2275.88512893079,2203.3498080056,848.968383789062,340
785,2204.18291938314,2207.12990024896,851.525451660156,340
786,2219.48346679824,2206.35616964902,851.525451660156,340
787,2227.6975284819,2206.88577747691,851.525451660156,340
788,2220.05004918184,2206.58652338973,851.525451660156,340
789,2247.62147211337,2208.80004457881,851.525451660156,340
790,2194.82174078545,2208.81962404464,851.525451660156,340
791,2207.24926221934,2209.8512101345,851.525451660156,340
792,2172.80678219864,2208.54699214646,851.525451660156,340
793,2202.19192985039,2208.25821610749,853.456787109375,340
794,2224.77673544088,2210.03814858967,853.456787109375,340
795,2191.24983217084,2211.00351158886,853.456787109375,340
796,2139.02213882507,2211.04511767316,853.456787109375,340
797,2208.3858584361,2210.62158519136,853.456787109375,340
798,2247.02567833608,2210.8712029861,853.456787109375,340
799,2149.45144750508,2209.67904910065,853.456787109375,340
800,2071.04300078824,2202.95733526997,853.456787109375,340
801,2234.99275052646,2204.61169856191,854.734436035156,340
802,2004.17087992438,2195.48039963064,854.734436035156,340
803,2235.33508453241,2197.29178156696,854.734436035156,340
804,2273.9268755378,2198.35655207809,854.734436035156,340
805,2221.27027733233,2200.29245513551,854.734436035156,340
806,2198.19206627528,2199.68836764039,854.734436035156,340
807,2224.64484144722,2199.23037833517,854.734436035156,340
808,2123.57846101994,2196.76224832165,854.734436035156,340
809,2233.06913511274,2195.04960856893,860.353820800781,340
810,2118.09163293418,2191.60595711097,860.353820800781,340
811,2303.52781653917,2194.96773110061,860.353820800781,340
812,2219.36290621255,2194.63434620983,860.353820800781,340
813,2116.18168233697,2190.47961153604,860.353820800781,340
814,2307.42121303014,2192.87160117271,860.353820800781,340
815,2066.39890772499,2187.73468785029,860.353820800781,340
816,2216.14859716821,2188.09066124824,860.353820800781,340
817,2244.66926240804,2190.96516045662,863.882507324219,340
818,2181.99234776051,2190.15717717303,863.882507324219,340
819,2142.58299002594,2186.86942735643,863.882507324219,340
820,2093.97097131976,2182.97827292238,863.882507324219,340
821,2125.03846301247,2182.41892588988,863.882507324219,340
822,2169.6009213625,2180.86752840694,863.882507324219,340
823,1825.72726990662,2164.01559206976,863.882507324219,340
824,2146.72290415613,2163.9064503358,863.882507324219,340
825,2272.88253807495,2171.98003182727,865.577453613281,340
826,2218.65167565652,2171.32638883247,865.577453613281,340
827,2258.17683782943,2181.48662714867,865.577453613281,340
828,2155.42750398354,2178.29032392672,865.577453613281,340
829,2231.55062094089,2176.59527374284,865.577453613281,340
830,2056.59996233297,2170.00846114287,865.577453613281,340
831,2190.18165822466,2169.68804482084,865.577453613281,340
832,2086.61091121031,2164.16668761136,865.577453613281,340
833,2204.49523502498,2167.40335857157,868.798522949219,340
834,2259.49146983602,2168.4602519605,868.798522949219,340
835,2193.47827861571,2171.47571778776,868.798522949219,340
836,2114.55412395941,2163.91677008457,868.798522949219,340
837,2197.74384259956,2163.05200754005,868.798522949219,340
838,2155.22790670815,2164.6138565149,868.798522949219,340
839,2148.39078836559,2158.25263952831,868.798522949219,340
840,2148.95167392243,2161.55475017621,868.798522949219,340
841,2155.36440459295,2159.1233824732,864.268920898438,340
842,2034.34624281722,2150.71046168957,864.268920898438,340
843,2181.21939649046,2150.67954363877,864.268920898438,340
844,2178.65231257507,2152.12231654073,864.268920898438,340
845,2169.97663297518,2155.16254300695,864.268920898438,340
846,2127.00304609732,2155.24112633034,864.268920898438,340
847,2171.01265187104,2155.29759555068,864.268920898438,340
848,2181.54110029224,2169.53014876611,864.268920898438,340
849,2225.18270688464,2172.66854087525,862.062255859375,340
850,2161.76455008401,2168.22382135561,862.062255859375,340
851,2273.86959241325,2170.43253802588,862.062255859375,340
852,2081.12401294039,2163.35042503032,862.062255859375,340
853,2204.6773919533,2165.32042054911,862.062255859375,340
854,2215.25318747164,2164.66852321034,862.062255859375,340
855,2202.16244219997,2170.49102240502,862.062255859375,340
856,2180.67630423742,2170.11080824553,862.062255859375,340
857,2182.39901678649,2173.94233246858,856.586608886719,340
858,2209.44519413391,2174.14033083293,856.586608886719,340
859,2240.65909870986,2173.38703598789,856.586608886719,340
860,2238.78223721746,2175.19919433196,856.586608886719,340
861,2183.88067129121,2177.97225622523,856.586608886719,340
862,2253.12164705199,2180.18736840333,856.586608886719,340
863,2172.7679159253,2180.88896877201,856.586608886719,340
864,2201.59742386883,2183.01723419214,856.586608886719,340
865,2213.85789817087,2185.61348316208,853.352905273438,340
866,2213.85880841786,2187.95325931508,853.352905273438,340
867,2229.98667034693,2195.77887641627,853.352905273438,340
868,2227.22387909474,2197.61905572044,853.352905273438,340
869,1853.49420835656,2184.6127315517,853.352905273438,340
870,2203.72511100639,2185.96267067295,853.352905273438,340
871,2264.75282494828,2191.47266182698,853.352905273438,340
872,2231.89670467125,2193.90802393899,853.352905273438,340
873,2196.46537374596,2194.50499487714,857.073120117188,340
874,1984.40366305254,2184.87383312386,857.073120117188,340
875,2219.51632337883,2187.18390405565,857.073120117188,340
876,2189.25991842013,2183.79951709592,857.073120117188,340
877,2038.46337149777,2182.09309143822,857.073120117188,340
878,2122.83723340936,2178.81948509646,857.073120117188,340
879,2163.08996200075,2176.73295607763,857.073120117188,340
880,2141.7074989407,2174.31475834726,857.073120117188,340
881,2098.27794316621,2171.01882390441,855.923156738281,340
882,2133.74531445967,2169.07267581133,855.923156738281,340
883,2103.79277526379,2164.84657905653,855.923156738281,340
884,2092.81656893934,2158.93287786571,855.923156738281,340
885,2220.9884837469,2158.22112772689,855.923156738281,340
886,2211.364757844,2159.320491189,855.923156738281,340
887,2159.41628716886,2155.57227679367,855.923156738281,340
888,2145.28546472238,2154.47297874556,855.923156738281,340
889,2182.65358377668,2153.71522514187,854.808288574219,340
890,2009.81765227255,2145.55361530594,854.808288574219,340
891,1994.39721343854,2136.77515150676,854.808288574219,340
892,2254.05875585587,2137.73803492712,854.808288574219,340
893,2160.16808378964,2135.05580311492,854.808288574219,340
894,2079.21424687975,2144.08460465585,854.808288574219,340
895,2049.45981017797,2137.91399262271,854.808288574219,340
896,2016.77461965128,2127.99486441083,854.808288574219,340
897,2207.9077488514,2127.03530617803,855.420959472656,340
898,2005.62612378148,2119.40173617946,855.420959472656,340
899,2159.53379620723,2126.40694150564,855.420959472656,340
900,2212.00690837276,2126.1065649054,855.420959472656,340
901,2179.31934967536,2125.70894215561,855.420959472656,340
902,2026.05124070767,2125.21245692401,855.420959472656,340
903,2150.03355272692,2126.30030969671,855.420959472656,340
904,2222.58081165941,2128.67994368305,855.420959472656,340
905,2192.69793569065,2130.71956115305,856.32861328125,340
906,2143.07793435319,2132.51156080053,856.32861328125,340
907,2252.03994436266,2137.24334599665,856.32861328125,340
908,2202.74185578449,2141.20130921748,856.32861328125,340
909,2221.77545737224,2146.3596647548,856.32861328125,340
910,1827.11109059874,2130.60456902887,856.32861328125,340
911,2205.25167960006,2130.36004589911,856.32861328125,340
912,2232.15972465656,2133.26978339862,856.32861328125,340
913,2223.70660966099,2136.40662919616,855.69140625,340
914,2100.27642636321,2133.11154289962,855.69140625,340
915,2247.56468028625,2142.62142402017,855.69140625,340
916,2095.38473721272,2146.66092497114,855.69140625,340
917,2191.91338068826,2144.17510996444,855.69140625,340
918,2155.06410726249,2143.97095090335,855.69140625,340
919,2212.14492038512,2149.28817784356,855.69140625,340
920,2133.18610748968,2152.63722973603,855.69140625,340
921,2156.79276071085,2158.23795537842,852.207641601562,340
922,2221.83430459853,2158.7950176083,852.207641601562,340
923,2249.46855795847,2168.54871497538,852.207641601562,340
924,2071.76340738223,2165.03789942238,852.207641601562,340
925,2104.41934046029,2160.73439670588,852.207641601562,340
926,2256.98749084233,2163.84112235256,852.207641601562,340
927,2195.50940513218,2170.61944892954,852.207641601562,340
928,2273.69839944242,2175.56604279816,852.207641601562,340
929,2196.46276519554,2174.52132093961,844.290405273438,340
930,2202.994908693,2174.9331998597,844.290405273438,340
931,2062.6265568668,2171.71514476025,844.290405273438,340
932,2000.84441641508,2161.66732364234,844.290405273438,340
933,2189.23968526153,2161.12723682142,844.290405273438,340
934,2129.23775002994,2157.42572852773,844.290405273438,340
935,2232.27601976506,2173.63232569438,844.290405273438,340
936,2177.52762155058,2172.5233633724,844.290405273438,340
937,2259.03566503527,2173.59840098755,840.936950683594,340
938,2276.75201739118,2175.72021729676,840.936950683594,340
939,2206.39241914846,2179.96485700817,840.936950683594,340
940,2227.62610631276,2179.16731404923,840.936950683594,340
941,2274.59249472971,2186.33562434991,840.936950683594,340
942,2046.96999506576,2180.53788892501,840.936950683594,340
943,2240.60993696316,2183.95972211304,840.936950683594,340
944,1895.10863950172,2171.2782708777,840.936950683594,340
945,2212.18903781687,2174.43838809079,843.192504882812,340
946,2236.26748332432,2177.61737699533,843.192504882812,340
947,2085.28946831773,2172.1555835441,843.192504882812,340
948,2290.87555806274,2173.81186354827,843.192504882812,340
949,2204.30212048065,2179.1134120722,843.192504882812,340
950,2260.81282860252,2185.36915159789,843.192504882812,340
951,2112.75914887969,2179.60001791939,843.192504882812,340
952,2263.64117399976,2182.32528867409,843.192504882812,340
953,2197.82474816907,2179.29034262316,840.822937011719,340
954,2223.36126442523,2180.36628259234,840.822937011719,340
955,2264.40712455752,2182.82277122692,840.822937011719,340
956,2105.86990309121,2184.5525050759,840.822937011719,340
957,2283.87041178849,2195.87354489084,840.822937011719,340
958,2308.27106142817,2200.6347999375,840.822937011719,340
959,2211.2274381666,2203.91438746297,840.822937011719,340
960,2158.59245122724,2200.96704472146,840.822937011719,340
961,2248.21480373075,2203.79453200866,842.022216796875,340
962,2306.35713284075,2205.68739072088,842.022216796875,340
963,2173.32887684122,2201.55046509888,842.022216796875,340
964,2257.05403731298,2203.57692982546,842.022216796875,340
965,2169.7138306885,2201.26043880049,842.022216796875,340
966,2302.54571987434,2202.37856780628,842.022216796875,340
967,2224.67779955891,2209.48687998601,842.022216796875,340
968,2216.35244727845,2208.51658039862,842.022216796875,340
969,2165.70925011979,2219.34060482334,841.712280273438,340
970,2224.55447408516,2219.83522227407,841.712280273438,340
971,2142.81866887448,2216.09726969608,841.712280273438,340
972,2213.60856009018,2221.23003336698,841.712280273438,340
973,2232.92233190448,2218.91190432065,841.712280273438,340
974,2239.70626151476,2220.32806996201,841.712280273438,340
975,2191.05085889046,2217.53759117353,841.712280273438,340
976,2167.52204805131,2219.72810714039,841.712280273438,340
977,2336.1002837525,2222.6264715305,842.446899414062,340
978,2241.40827777993,2224.36981271494,842.446899414062,340
979,2205.79593891358,2223.66719969447,842.446899414062,340
980,2291.75045844474,2224.76093304996,842.446899414062,340
981,2213.98910852902,2229.08570126747,842.446899414062,340
982,2277.27152367062,2228.82174574276,842.446899414062,340
983,2201.92490560202,2224.56789950971,842.446899414062,340
984,2242.81647112933,2225.83146082822,842.446899414062,340
985,2197.58349039842,2227.39110239507,844.060729980469,340
986,2039.52187229058,2219.04338513746,844.060729980469,340
987,2205.19168900925,2214.9967673842,844.060729980469,340
988,2235.75343747025,2217.49374980936,844.060729980469,340
989,2105.67269153576,2211.43849597827,844.060729980469,340
990,2191.37962292668,2212.3051276678,844.060729980469,340
991,1795.50260916924,2192.0234032396,844.060729980469,340
992,2289.56845486392,2194.6190294518,844.060729980469,340
993,2289.8085366014,2197.55727302472,850.564392089844,340
994,2160.76160784884,2197.35936733388,850.564392089844,340
995,2168.91094096905,2195.13362600923,850.564392089844,340
996,2226.6613211649,2198.48733210085,850.564392089844,340
997,2306.78637685153,2202.2144447713,850.564392089844,340
998,2265.6640181164,2203.52411221978,850.564392089844,340
999,2211.07453232928,2202.37884305236,850.564392089844,340
1000,2217.5563130401,2203.43906121835,850.564392089844,340
1001,2151.07679546354,2202.78125111484,851.151916503906,340
1002,2271.63468133653,2200.2026270182,851.151916503906,340
1003,2299.10954335761,2202.5106776413,851.151916503906,340
1004,2195.08470698307,2202.08222836408,851.151916503906,340
1005,2145.76209455561,2196.24269380852,851.151916503906,340
1006,2199.46573948851,2195.6617590469,851.151916503906,340
1007,2219.42181321578,2193.3477706287,851.151916503906,340
1008,2260.47481672192,2195.6897670735,851.151916503906,340
1009,2274.18031758576,2196.94432093176,853.508361816406,340
1010,2160.86681766156,2195.47565402228,853.508361816406,340
1011,2315.87515977505,2206.52978552166,853.508361816406,340
1012,2241.82029448498,2207.99492974069,853.508361816406,340
1013,2261.11890229838,2209.00954833382,853.508361816406,340
1014,2193.40033005474,2212.51865387457,853.508361816406,340
1015,2261.10817149978,2215.3077958175,853.508361816406,340
1016,2152.08337801607,2229.57102657137,853.508361816406,340
1017,2170.94509897052,2224.82609233564,855.692504882812,340
1018,2273.55157713254,2224.17581395688,855.692504882812,340
1019,2258.85372224886,2228.09949853288,855.692504882812,340
1020,2263.35830955269,2231.87739327623,855.692504882812,340
1021,2244.52260743824,2232.59184472716,855.692504882812,340
1022,2216.33724338915,2228.97387938867,855.692504882812,340
1023,2234.00236187312,2227.70741313894,855.692504882812,340
1024,2236.2133645231,2228.71296642669,855.692504882812,340
1025,2002.49681864484,2220.11058665088,857.050170898438,340
1026,2229.96085145409,2223.2659488905,857.050170898438,340
1027,2283.62567538289,2223.74558865235,857.050170898438,340
1028,2287.18728488996,2223.26869831365,857.050170898438,340
1029,2058.16543256887,2217.79192733708,857.050170898438,340
1030,2266.3552155013,2222.61565217491,857.050170898438,340
1031,2270.09970366933,2225.44101074214,857.050170898438,340
1032,1956.6039316345,2214.92829547889,857.050170898438,340
1033,2214.71858279292,2213.09804612173,859.720153808594,340
1034,2259.33904669601,2212.50439528614,859.720153808594,340
1035,2289.99041252987,2217.66933908087,859.720153808594,340
1036,2128.02512599246,2210.15533772957,859.720153808594,340
1037,2062.61540186991,2202.98714202497,859.720153808594,340
1038,2217.2531523707,2201.23251202786,859.720153808594,340
1039,2169.86207890492,2200.29098198187,859.720153808594,340
1040,1997.51395714466,2189.74721340766,859.720153808594,340
1041,1843.52037045359,2177.40469310516,860.85400390625,340
1042,2194.91356108773,2178.36343158985,860.85400390625,340
1043,2251.85200151242,2177.49544856505,860.85400390625,340
1044,2138.9462919989,2172.69915135505,860.85400390625,340
1045,2316.34479602989,2174.81861081413,860.85400390625,340
1046,2105.87282526584,2169.27261952724,860.85400390625,340
1047,2186.61813643302,2168.08385524899,860.85400390625,340
1048,2135.00369919925,2164.12390874204,860.85400390625,340
1049,2242.91127862125,2164.39182530596,862.692199707031,340
1050,2332.85466123175,2177.60613900944,862.692199707031,340
1051,2285.56039951802,2179.830120932,862.692199707031,340
1052,2273.53692277682,2179.42657082775,862.692199707031,340
1053,2263.82234304321,2178.49197315388,862.692199707031,340
1054,2054.99981743144,2178.36534854839,862.692199707031,340
1055,2272.53002451497,2178.61234090893,862.692199707031,340
1056,2029.61168208589,2168.9928200456,862.692199707031,340
1057,2262.97510816209,2181.2476671067,862.692138671875,340
1058,2157.49667963664,2178.95879098045,862.692138671875,340
1059,2293.65740979573,2180.33152550444,862.692138671875,340
1060,2223.14365673775,2177.65765527275,862.692138671875,340
1061,2117.23731956667,2177.22614301572,862.692138671875,340
1062,2226.24286738077,2183.77124163616,862.692138671875,340
1063,2127.20991857852,2180.16951228447,862.692138671875,340
1064,2279.1402644449,2184.54063970607,862.692138671875,340
1065,2195.79796235326,2192.47199991441,860.537414550781,340
1066,2264.97549361376,2209.33020484082,860.537414550781,340
1067,2081.54480457661,2204.79545458037,860.537414550781,340
1068,2251.85132938777,2204.79542769539,860.537414550781,340
1069,2294.82204439725,2211.03045779132,860.537414550781,340
1070,2204.79248663258,2206.56836541543,860.537414550781,340
1071,2219.61658586094,2211.11811583923,860.537414550781,340
1072,2314.02109689076,2216.21423425754,860.537414550781,340
1073,2266.54206133149,2221.47576874283,858.936340332031,340
1074,2303.70012726915,2223.90732268875,858.936340332031,340
1075,2238.16403359588,2220.11969758331,858.936340332031,340
1076,2258.53808580069,2219.03880503462,858.936340332031,340
1077,2266.65459889113,2218.76351207919,858.936340332031,340
1078,2269.95153019023,2219.00867956507,858.936340332031,340
1079,2346.43854557317,2230.66622869074,858.936340332031,340
1080,2322.39073688442,2232.66065718552,858.936340332031,340
1081,2264.21108904075,2242.04463346372,856.312927246094,340
1082,2162.64114787382,2238.03127505219,856.312927246094,340
1083,2333.45487730833,2245.06960295905,856.312927246094,340
1084,2307.7692699859,2245.63407736666,856.312927246094,340
1085,2300.42420253508,2248.72529919855,856.312927246094,340
1086,2242.45321325744,2253.73393494618,856.312927246094,340
1087,2253.24612689739,2254.81406532685,856.312927246094,340
1088,2285.34949631755,2261.13964843641,856.312927246094,340
1089,2288.97743974965,2261.5331354486,854.899108886719,340
1090,2271.72486281652,2264.57021146713,854.899108886719,340
1091,2346.3703278991,2267.82600483854,854.899108886719,340
1092,2303.09830599229,2276.68814489517,854.899108886719,340
1093,2240.64746410053,2276.23999028368,854.899108886719,340
1094,2301.4760564536,2276.50615076594,854.899108886719,340
1095,2334.69623982249,2281.70230089353,854.899108886719,340
1096,2268.02867765146,2283.63878456515,854.899108886719,340
1097,2313.75649373099,2283.62820043876,856.132385253906,340
1098,2202.52909867962,2281.06768193269,856.132385253906,340
1099,2293.09904530453,2280.6436386541,856.132385253906,340
1100,2308.6722944691,2283.46396908903,856.132385253906,340
1101,2125.25404414707,2278.13260742289,856.132385253906,340
1102,2255.11564356924,2277.67104921001,856.132385253906,340
1103,2296.53256208328,2278.73429048573,856.132385253906,340
1104,2271.43636016549,2275.73420306943,856.132385253906,340
1105,2292.12873264674,2274.52372289992,858.431274414062,340
1106,2319.56563774648,2276.73790484815,858.431274414062,340
1107,2194.01467472694,2277.99284592227,858.431274414062,340
1108,2324.88091644629,2277.64988748779,858.431274414062,340
1109,2288.14213272055,2276.86480199718,858.431274414062,340
1110,2253.38233939713,2274.98312747166,858.431274414062,340
1111,2232.95425333299,2274.60316907468,858.431274414062,340
1112,2335.76263983698,2277.90382959226,858.431274414062,340
1113,2254.19463748313,2276.65763523889,861.658203125,340
1114,2328.25807618544,2278.22886069632,861.658203125,340
1115,2298.38349493112,2279.2952059809,861.658203125,340
1116,2348.26117350494,2279.37083980514,861.658203125,340
1117,2353.34669307981,2281.38077528864,861.658203125,340
1118,2273.41006294333,2282.69127924235,861.658203125,340
1119,2298.85391724014,2282.58639367381,861.658203125,340
1120,2292.56524597877,2280.90115392006,861.658203125,340
1121,2360.06429846803,2284.58257875273,862.869262695312,340
1122,2304.06530366794,2284.1949311502,862.869262695312,340
1123,2271.26418639861,2286.94433465896,862.869262695312,340
1124,2332.69350158738,2288.52811291028,862.869262695312,340
1125,2365.87893372235,2290.81637848041,862.869262695312,340
1126,2323.11869752693,2298.7309646156,862.869262695312,340
1127,2154.60706068657,2294.71062130029,862.869262695312,340
1128,2332.64597319902,2296.15515774492,862.869262695312,340
1129,2340.07409922791,2298.90066730742,864.102905273438,340
1130,2385.39106130876,2302.6311604539,864.102905273438,340
1131,2336.33781724936,2303.30204763402,864.102905273438,340
1132,2356.91732407222,2309.81815360783,864.102905273438,340
1133,2304.53395215832,2309.00427503631,864.102905273438,340
1134,2324.14519590504,2310.44439756369,864.102905273438,340
1135,2345.08156674404,2314.11236665756,864.102905273438,340
1136,2359.32126442876,2319.1670471014,864.102905273438,340
1137,2312.5284403677,2318.23767912262,865.907653808594,340
1138,2285.64544717698,2319.49571151038,865.907653808594,340
1139,2308.72217037535,2318.71427527798,865.907653808594,340
1140,2364.86580081107,2321.37356751317,865.907653808594,340
1141,2316.26727838478,2320.09381170837,865.907653808594,340
1142,2357.17639598735,2320.24699982467,865.907653808594,340
1143,2361.61188217776,2323.77507259405,865.907653808594,340
1144,2347.49155857021,2325.72057824725,865.907653808594,340
1145,2368.68207381463,2328.76525136068,868.732360839844,340
1146,2417.55760707052,2331.06498370478,868.732360839844,340
1147,2396.00336935933,2334.74250633244,868.732360839844,340
1148,2355.88484424917,2338.12733264646,868.732360839844,340
1149,2295.59961560145,2336.64357720702,868.732360839844,340
1150,2307.1685612111,2334.29516230657,868.732360839844,340
1151,2374.42917458525,2336.3475813889,868.732360839844,340
1152,2360.7614883608,2344.59375849587,868.732360839844,340
1153,2290.03755491632,2342.88942176457,870.930847167969,340
1154,2432.26705257084,2346.57713989828,870.930847167969,340
1155,2345.84365384019,2344.99524359954,870.930847167969,340
1156,2313.20007384625,2344.06973386342,870.930847167969,340
1157,2323.97322176278,2342.75196977104,870.930847167969,340
1158,2292.34772796036,2342.26452080312,870.930847167969,340
1159,2397.58549247526,2345.20213266593,870.930847167969,340
1160,2441.29284024476,2349.05058360596,870.930847167969,340
1161,2359.10276366985,2349.0418435756,873.329284667969,340
1162,2380.62464494827,2351.76569175882,873.329284667969,340
1163,2317.80057467137,2353.0518968586,873.329284667969,340
1164,2403.77938480431,2356.85418543576,873.329284667969,340
1165,2194.40744363645,2350.03585114877,873.329284667969,340
1166,2282.78468706925,2348.69654749615,873.329284667969,340
1167,2143.12268559595,2340.1343990805,873.329284667969,340
1168,2236.41196217765,2335.12640228049,873.329284667969,340
1169,2339.59336846091,2334.81047467612,874.22314453125,340
1170,2374.43998117041,2335.04079097035,874.22314453125,340
1171,2388.50412651274,2333.87865174804,874.22314453125,340
1172,2405.82580761026,2334.27154927808,874.22314453125,340
1173,2363.67429508524,2334.58312731152,874.22314453125,340
1174,2343.41384094989,2336.49569632546,874.22314453125,340
1175,2440.36515148236,2341.82355993631,874.22314453125,340
1176,2196.27167950255,2334.697260133,874.22314453125,340
1177,2373.97958155209,2335.22598386065,876.046264648438,340
1178,2354.06686158823,2337.78715612753,876.046264648438,340
1179,2325.47088227168,2333.51530931556,876.046264648438,340
1180,2340.10441923686,2333.28573993143,876.046264648438,340
1181,2265.15115148592,2331.36378303702,876.046264648438,340
1182,2392.86369783976,2334.1194020801,876.046264648438,340
1183,2364.66245260968,2337.01199106607,876.046264648438,340
1184,2381.20606018939,2336.35681377463,876.046264648438,340
1185,2376.67356083637,2333.7720425983,876.695556640625,340
1186,2364.90559595707,2334.00415588979,876.695556640625,340
1187,2366.69900657134,2333.44713035471,876.695556640625,340
1188,2355.84846246519,2334.96904586646,876.695556640625,340
1189,2392.27596762947,2334.50890917947,876.695556640625,340
1190,2321.70507517924,2339.60081444118,876.695556640625,340
1191,2332.03886540841,2341.57098157475,876.695556640625,340
1192,2406.61667189078,2352.11074102654,876.695556640625,340
1193,2442.93967970143,2360.37184972749,876.66259765625,340
1194,2380.15364582805,2361.99426082218,876.66259765625,340
1195,2394.00458992444,2362.77684517234,876.66259765625,340
1196,2406.53699436162,2363.49815988629,876.66259765625,340
1197,2354.27514107964,2361.43613322507,876.66259765625,340
1198,2398.865045953,2362.84376325978,876.66259765625,340
1199,2374.45560326626,2364.08543375243,876.66259765625,340
1200,2437.40599371984,2363.96706744193,876.66259765625,340
1201,2282.18315841108,2367.40352659827,877.340148925781,340
1202,2458.17445126511,2370.77132138679,877.340148925781,340
1203,2358.95640800804,2370.96690324359,877.340148925781,340
1204,2347.41971915412,2371.84485671888,877.340148925781,340
1205,2406.44709889778,2374.49856390532,877.340148925781,340
1206,2370.87216971965,2378.72740463467,877.340148925781,340
1207,2429.97506238506,2380.21185921648,877.340148925781,340
1208,2392.09955829624,2381.30934344394,877.340148925781,340
1209,2410.80887479896,2382.49345602833,875.583984375,340
1210,2407.5171981433,2383.7272015206,875.583984375,340
1211,2423.41596146445,2386.0676161409,875.583984375,340
1212,2378.12649645524,2386.52471573626,875.583984375,340
1213,2261.74434645024,2382.76055109566,875.583984375,340
1214,2351.13592960627,2381.11494957473,875.583984375,340
1215,2408.62389877863,2384.59170251871,875.583984375,340
1216,2565.27839083819,2393.9212835359,875.583984375,340
1217,2431.79739063773,2394.92851228578,877.414184570312,340
1218,2369.44868888735,2391.98887265321,877.414184570312,340
1219,2460.27019173577,2395.19353448952,877.414184570312,340
1220,2539.08027094849,2400.99656173048,877.414184570312,340
1221,2396.82596438348,2400.60812053136,877.414184570312,340
1222,2397.55544552655,2402.33933270923,877.414184570312,340
1223,2450.91518700426,2404.42133835128,877.414184570312,340
1224,2326.70371310884,2402.51126274499,877.414184570312,340
1225,2465.00531093723,2403.61523543368,879.264282226562,340
1226,2379.85850804712,2407.52224941912,879.264282226562,340
1227,2381.15812653113,2404.44159642976,879.264282226562,340
1228,2425.12057492496,2407.08816310644,879.264282226562,340
1229,2394.06689898684,2408.95405029975,879.264282226562,340
1230,2388.13390366122,2408.22152249029,879.264282226562,340
1231,2388.29847337519,2408.91857463651,879.264282226562,340
1232,2344.51148473839,2405.50003153064,879.264282226562,340
1233,2319.04646159775,2402.5779076627,879.659423828125,340
1234,2358.08222214536,2400.46884155656,879.659423828125,340
1235,2395.85332697622,2400.00228670988,879.659423828125,340
1236,2483.62079227345,2402.41047994224,879.659423828125,340
1237,2407.12434811355,2403.57039400857,879.659423828125,340
1238,2467.12553783539,2411.78564166397,879.659423828125,340
1239,2448.2620190395,2415.6706852413,879.659423828125,340
1240,2454.49678935015,2417.50560086416,879.659423828125,340
1241,2290.90480822742,2406.53065755973,881.569213867188,340
1242,2417.20537063453,2405.94697675961,881.569213867188,340
1243,2452.66037052278,2409.27544402502,881.569213867188,340
1244,2486.52229575739,2410.32552818589,881.569213867188,340
1245,2385.14467760129,2404.168104452,881.569213867188,340
1246,2391.60763818661,2403.95937140413,881.569213867188,340
1247,2392.40400165334,2403.7533136492,881.569213867188,340
1248,2318.0907218566,2398.44033504329,881.569213867188,340
1249,2369.3805967314,2400.14741038819,883.240539550781,340
1250,2422.21856262197,2398.43594045558,883.240539550781,340
1251,2453.15793558869,2401.36791755725,883.240539550781,340
1252,2410.84613735684,2402.55543799027,883.240539550781,340
1253,2478.17773818035,2404.67772452049,883.240539550781,340
1254,2415.89869859233,2405.55099650471,883.240539550781,340
1255,2503.31596782174,2410.15827907113,883.240539550781,340
1256,2439.60191130739,2412.21041658842,883.240539550781,340
1257,2477.87438318739,2417.54493252638,884.885559082031,340
1258,2401.05887028776,2420.82542887398,884.885559082031,340
1259,2430.14883932713,2423.70809356125,884.885559082031,340
1260,2384.61958674613,2423.25874395204,884.885559082031,340
1261,2408.79440457693,2420.26568844418,884.885559082031,340
1262,2387.92688545952,2419.49778993802,884.885559082031,340
1263,2457.42108903485,2419.109611986,884.885559082031,340
1264,2437.12606430324,2418.66417379655,884.885559082031,340
1265,2477.63078513632,2419.589533628,885.219116210938,340
1266,2444.48510764439,2425.73274560468,885.219116210938,340
1267,2482.18581876382,2428.33196352985,885.219116210938,340
1268,2458.15647070481,2428.55180753713,885.219116210938,340
1269,2464.77015963879,2427.68172209239,885.219116210938,340
1270,2431.53514189506,2429.53734066414,885.219116210938,340
1271,2503.920268532,2434.02984587795,885.219116210938,340
1272,2418.41976522599,2435.07047642086,885.219116210938,340
1273,2374.25110982564,2437.31689193962,886.242736816406,340
1274,2474.45788542977,2441.51998348755,886.242736816406,340
1275,2556.94522944328,2446.90905016041,886.242736816406,340
1276,2277.24187110076,2439.87240758089,886.242736816406,340
1277,2457.49602856651,2441.73840322928,886.242736816406,340
1278,2410.66636537626,2439.03794831711,886.242736816406,340
1279,2451.04018584773,2440.44360780733,886.242736816406,340
1280,2475.88884822415,2439.34652302343,886.242736816406,340
1281,2511.28610782812,2442.21389088425,888.060180664062,340
1282,2407.97361382207,2439.41786010964,888.060180664062,340
1283,2462.44802991448,2441.87342649471,888.060180664062,340
1284,2316.64683162857,2437.33334618677,888.060180664062,340
1285,2426.61020984464,2439.01297111071,888.060180664062,340
1286,2496.22495071995,2442.51019295643,888.060180664062,340
1287,2314.50912112988,2439.57348238324,888.060180664062,340
1288,2401.11646887999,2437.32129757705,888.060180664062,340
1289,2444.76176758991,2437.62672570852,887.521301269531,340
1290,2451.49991692369,2436.58149098001,887.521301269531,340
1291,2447.24141864012,2436.69174341984,887.521301269531,340
1292,2490.66783014394,2437.03102387504,887.521301269531,340
1293,2399.33668833424,2434.67823258022,887.521301269531,340
1294,2371.03393265105,2430.92878350071,887.521301269531,340
1295,2533.902107066,2435.02346210755,887.521301269531,340
1296,2439.79274390017,2432.45836112228,887.521301269531,340
1297,2495.84630328173,2435.55542264451,887.198120117188,340
1298,2465.56952730716,2439.20815934377,887.198120117188,340
1299,2438.72171546021,2437.77871254498,887.198120117188,340
1300,2495.91505467678,2435.33750555432,887.198120117188,340
1301,2491.78039044601,2443.91904632813,887.198120117188,340
1302,2481.38634264198,2444.87465889115,887.198120117188,340
1303,2481.57014981114,2447.71081026855,887.198120117188,340
1304,2520.87327836177,2450.50413396911,887.198120117188,340
1305,2499.54258905637,2451.4502836024,887.2626953125,340
1306,2456.02358982994,2449.23978288247,887.2626953125,340
1307,2452.07039303156,2451.00365405085,887.2626953125,340
1308,2480.88547112824,2451.7411516994,887.2626953125,340
1309,2585.0886809632,2462.47882567279,887.2626953125,340
1310,2572.50313566805,2468.31454270572,887.2626953125,340
1311,2449.05248906314,2466.42764423945,887.2626953125,340
1312,2541.65847341134,2475.51361833071,887.2626953125,340
1313,2419.09146641123,2476.23261823196,887.8212890625,340
1314,2460.11582938036,2476.84678070358,887.8212890625,340
1315,2505.8403863732,2479.02039948156,887.8212890625,340
1316,2570.57514138265,2483.95374839126,887.8212890625,340
1317,2556.11444437202,2486.57161296038,887.8212890625,340
1318,2469.54364421267,2489.37989119552,887.8212890625,340
1319,2466.60456685017,2493.20271656348,887.8212890625,340
1320,2498.07733076456,2491.76972551142,887.8212890625,340
1321,2455.66633269094,2492.40466906306,888.14013671875,340
1322,2466.23476311695,2491.22020745646,888.14013671875,340
1323,2492.62573395912,2492.30245572254,888.14013671875,340
1324,2478.96139843792,2493.91204304165,888.14013671875,340
1325,2461.82257874979,2492.54834400457,888.14013671875,340
1326,2470.73715374973,2491.70661453672,888.14013671875,340
1327,2526.18838761435,2493.49869633562,888.14013671875,340
1328,2423.93380580496,2491.19324257537,888.14013671875,340
1329,2463.39017476747,2488.8939184316,888.027770996094,340
1330,2490.72491582072,2488.54121150217,888.027770996094,340
1331,2514.01488528602,2490.86086332041,888.027770996094,340
1332,2584.92244561557,2496.17494542377,888.027770996094,340
1333,2477.89205745563,2496.05520887687,888.027770996094,340
1334,2530.61701475903,2493.8763422287,888.027770996094,340
1335,2592.16793115275,2494.66293404809,888.027770996094,340
1336,2574.24749981783,2499.67073447828,888.027770996094,340
1337,2530.44745692149,2499.22229381868,890.593200683594,340
1338,2527.19295442665,2503.5463533393,890.593200683594,340
1339,2564.63341339546,2507.72705669991,890.593200683594,340
1340,2559.33453755882,2509.86682274733,890.593200683594,340
1341,2509.77172244742,2507.43468598992,890.593200683594,340
1342,2526.04346644727,2506.23184687293,890.593200683594,340
1343,2554.33958404547,2509.62368446624,890.593200683594,340
1344,2506.11641782307,2511.20415850516,890.593200683594,340
1345,2487.13194211446,2510.76634295916,893.431762695312,340
1346,2504.96517198447,2512.7382965309,893.431762695312,340
1347,2548.35190242278,2516.02298210313,893.431762695312,340
1348,2471.16906653166,2515.16471540603,893.431762695312,340
1349,2493.82425762892,2515.75922977367,893.431762695312,340
1350,2530.06525406585,2518.48893678631,893.431762695312,340
1351,2346.82377575123,2513.53240166637,893.431762695312,340
1352,2532.22007966611,2513.77366934844,893.431762695312,340
1353,2573.91739702489,2519.77301299724,895.652099609375,340
1354,2538.42114775869,2522.77425191689,895.652099609375,340
1355,2369.36773882451,2517.91996483704,895.652099609375,340
1356,2557.01151438085,2519.63983000083,895.652099609375,340
1357,2498.86058910304,2516.19735574033,895.652099609375,340
1358,2243.91725961026,2506.83836382652,895.652099609375,340
1359,2521.43794526351,2506.4712010467,895.652099609375,340
1360,2391.72151644318,2498.45334445832,895.652099609375,340
1361,2538.34298927444,2497.01716403658,896.8525390625,340
1362,2476.98051142409,2494.87848621668,896.8525390625,340
1363,2488.18454982525,2493.31815003263,896.8525390625,340
1364,2563.6506529015,2493.27883961287,896.8525390625,340
1365,2261.83645372912,2481.37891625968,896.8525390625,340
1366,2442.90227334644,2478.70413829564,896.8525390625,340
1367,2407.48202680574,2473.96168070998,896.8525390625,340
1368,2437.66195675236,2469.29457561826,896.8525390625,340
1369,2607.55824498937,2473.35224870491,898.91064453125,340
1370,2529.9735576512,2475.06591332638,898.91064453125,340
1371,2372.22473443218,2469.75629582429,898.91064453125,340
1372,2286.63034590044,2459.28743356339,898.91064453125,340
1373,2412.46875338123,2456.93942103738,898.91064453125,340
1374,2561.1943771616,2459.63422581868,898.91064453125,340
1375,2404.21288017367,2454.600130863,898.91064453125,340
1376,2551.07169473374,2462.7700476223,898.91064453125,340
1377,2505.29914455578,2461.69321021788,899.901977539062,340
1378,2448.80659344601,2456.68877807473,899.901977539062,340
1379,2518.43842749865,2455.88946926433,899.901977539062,340
1380,2493.02970064191,2460.83594773702,899.901977539062,340
1381,2535.61088937144,2459.97992273665,899.901977539062,340
1382,2639.31500650744,2465.59809943282,899.901977539062,340
1383,2474.38533632622,2474.81682250146,899.901977539062,340
1384,2535.88211054343,2475.39458911266,899.901977539062,340
1385,2513.74440200073,2480.27550453496,899.413024902344,340
1386,2541.57348590832,2480.40472440031,899.413024902344,340
1387,2549.78508513423,2483.31690734872,899.413024902344,340
1388,2398.23770572015,2479.71903358452,899.413024902344,340
1389,2553.51295018769,2479.31352547596,899.413024902344,340
1390,2420.42934165454,2485.65724099298,899.413024902344,340
1391,2554.88502600711,2490.13655109941,899.413024902344,340
1392,2459.67466278537,2492.22425653859,899.413024902344,340
1393,2527.40812523328,2495.81410327783,900.211059570312,340
1394,2567.02038901283,2494.19258903877,900.211059570312,340
1395,2528.9552182497,2494.15185546271,900.211059570312,340
1396,2367.37360974924,2493.95781047539,900.211059570312,340
1397,2564.61473426834,2505.07718601011,900.211059570312,340
1398,2572.53465085622,2511.47982190911,900.211059570312,340
1399,2594.37304377493,2512.80696857364,900.211059570312,340
1400,2605.77684785837,2520.86952728103,900.211059570312,340
1401,2552.01020607946,2520.90706773486,896.861877441406,340
1402,2575.19298128537,2523.70282120404,896.861877441406,340
1403,2599.75723805159,2529.74084698826,896.861877441406,340
1404,2549.05148988442,2530.96536948369,896.861877441406,340
1405,2552.53596620164,2533.34562010608,896.861877441406,340
1406,2556.48644762027,2534.18064243604,896.861877441406,340
1407,2629.35571238901,2533.7822706713,896.861877441406,340
1408,2602.15892783546,2538.89321433167,896.861877441406,340
1409,2599.41230109937,2541.43442195391,897.296752929688,340
1410,2634.23984711255,2546.25423975838,897.296752929688,340
1411,2611.05101324411,2549.03334085181,897.296752929688,340
1412,2574.40963783527,2550.01832295985,897.296752929688,340
1413,2516.74443875208,2554.75859228113,897.296752929688,340
1414,2576.30643601197,2555.6703317141,897.296752929688,340
1415,2569.10693656679,2561.61743551059,897.296752929688,340
1416,2620.24765686923,2564.23194074507,897.296752929688,340
1417,2524.92941651342,2566.8421308942,898.7822265625,340
1418,2573.3132656394,2568.67833651044,898.7822265625,340
1419,2576.32379557849,2569.05047277307,898.7822265625,340
1420,2536.45207592822,2569.35034708021,898.7822265625,340
1421,2598.84032303481,2578.60901561163,898.7822265625,340
1422,2526.82263746056,2577.09733173932,898.7822265625,340
1423,2644.81558849897,2579.98856924503,898.7822265625,340
1424,2658.84938154198,2582.56762275571,898.7822265625,340
1425,2638.48633400017,2583.87600220138,898.987731933594,340
1426,2569.92345998272,2584.59253235752,898.987731933594,340
1427,2588.57502675805,2585.12781417642,898.987731933594,340
1428,2545.06284122246,2582.94003830326,898.987731933594,340
1429,2607.36052779465,2585.27239981967,898.987731933594,340
1430,2572.86535047975,2586.08557519079,898.987731933594,340
1431,2601.8275220317,2587.89921816725,898.987731933594,340
1432,2609.33614986692,2587.09843566636,898.987731933594,340
1433,2586.00402990387,2586.4522397491,899.742797851562,340
1434,2636.44004320274,2587.93334943324,899.742797851562,340
1435,2572.03657691426,2585.4452186253,899.742797851562,340
1436,2568.41977568914,2583.73996912311,899.742797851562,340
1437,2597.43358105541,2584.66092685191,899.742797851562,340
1438,2609.82279729107,2588.38406119347,899.742797851562,340
1439,2614.22792450571,2589.90092073322,899.742797851562,340
1440,2626.98085734921,2592.21587756452,899.742797851562,340
1441,2649.06635162433,2593.36862535472,899.950134277344,340
1442,2583.36847761397,2595.70618779874,899.950134277344,340
1443,2607.23499498609,2597.06305697261,899.950134277344,340
1444,2707.12714255521,2602.29519085168,899.950134277344,340
1445,2558.35585691476,2603.17134209114,899.950134277344,340
1446,2587.99408423371,2602.7374925391,899.950134277344,340
1447,2662.18610635779,2608.15203129499,899.950134277344,340
1448,2575.28833016597,2605.37094096167,899.950134277344,340
1449,2530.06698043595,2600.21964491743,901.996154785156,340
1450,2559.17675334487,2597.04726169121,901.996154785156,340
1451,2633.45181272344,2599.58839580084,901.996154785156,340
1452,2576.25822362842,2599.09572367566,901.996154785156,340
1453,2538.17401511921,2598.82017063153,901.996154785156,340
1454,2572.60948362487,2597.43012886473,901.996154785156,340
1455,2574.57531792911,2597.49852756271,901.996154785156,340
1456,2561.60004234475,2595.88942837523,901.996154785156,340
1457,2525.25338963932,2592.52611796613,903.855346679688,340
1458,2610.8720789212,2593.52083992682,903.855346679688,340
1459,2616.26441147943,2592.71381465789,903.855346679688,340
1460,2608.26464089033,2594.16293721693,903.855346679688,340
1461,2617.40760360279,2596.12245033348,903.855346679688,340
1462,2623.52405919679,2597.16606945913,903.855346679688,340
1463,2565.43204437305,2595.39043934241,903.855346679688,340
1464,2651.20283708985,2596.86943584578,903.855346679688,340
1465,2572.20900557255,2594.67856177471,903.989685058594,340
1466,2604.69219407823,2592.90359547287,903.989685058594,340
1467,2611.48195397138,2594.02813452716,903.989685058594,340
1468,2616.8965024588,2594.41459482607,903.989685058594,340
1469,2561.83360150166,2588.60285318393,903.989685058594,340
1470,2622.52351627986,2591.16955955853,903.989685058594,340
1471,2612.51894550593,2592.15055400942,903.989685058594,340
1472,2607.97223580842,2589.98199918745,903.989685058594,340
1473,2584.80059064595,2590.36248960665,904.592346191406,340
1474,2599.78905860245,2593.15137273331,904.592346191406,340
1475,2669.52387707177,2597.56525768238,904.592346191406,340
1476,2633.2519923916,2597.55726486911,904.592346191406,340
1477,2619.10910821336,2599.27130025251,904.592346191406,340
1478,2604.1999518817,2601.91233772301,904.592346191406,340
1479,2649.0971932273,2604.9718461071,904.592346191406,340
1480,2652.15467053492,2608.07502021134,904.592346191406,340
1481,2679.38131799922,2612.78627123751,907.106750488281,340
1482,2601.28726907041,2615.82762641476,907.106750488281,340
1483,2655.66731455973,2617.6194358403,907.106750488281,340
1484,2632.95342710903,2618.28699646548,907.106750488281,340
1485,2576.9103871703,2617.03282631668,907.106750488281,340
1486,2643.264558976,2618.06710453161,907.106750488281,340
1487,2594.88126226489,2616.92139265433,907.106750488281,340
1488,2682.52130410633,2621.60496304367,907.106750488281,340
1489,2543.86111631716,2617.31129421276,908.934265136719,340
1490,2640.29217281084,2620.03462090229,908.934265136719,340
1491,2674.80726689471,2622.83922381495,908.934265136719,340
1492,2684.15081400278,2625.7459782162,908.934265136719,340
1493,2664.25498344389,2627.64031745561,908.934265136719,340
1494,2635.15066232477,2630.57299988853,908.934265136719,340
1495,2610.16184883876,2630.07853319089,908.934265136719,340
1496,2600.4191977456,2629.59454328048,908.934265136719,340
1497,2682.89191160143,2632.5913303122,911.227783203125,340
1498,2638.02845299534,2634.72044480617,911.227783203125,340
1499,2638.23175281548,2636.25815257469,911.227783203125,340
1500,2637.81504372319,2634.98979924075,911.227783203125,340
1501,2677.64793973472,2636.76563713447,911.227783203125,340
1502,2655.35363107826,2638.21541804907,911.227783203125,340
1503,2664.22135990943,2640.61627437018,911.227783203125,340
1504,2536.12712735418,2636.09747173526,911.227783203125,340
1505,2670.2423297786,2636.820978105,914.220397949219,340
1506,2579.5292016663,2632.82689345169,914.220397949219,340
1507,2658.90594526097,2635.13164049931,914.220397949219,340
1508,2621.7166174351,2633.77361261432,914.220397949219,340
1509,2690.00835544146,2636.05580974762,914.220397949219,340
1510,2660.27239276152,2639.39028997127,914.220397949219,340
1511,2690.28212699408,2641.27099269199,914.220397949219,340
1512,2618.16435857148,2642.20231654426,914.220397949219,340
1513,2660.88907748745,2641.3370274795,918.043823242188,340
1514,2673.03757310396,2646.50408575097,918.043823242188,340
1515,2602.93960161773,2645.00998290325,918.043823242188,340
1516,2705.36756975229,2646.23239501755,918.043823242188,340
1517,2676.56546448748,2645.92898103694,918.043823242188,340
1518,2649.79046886022,2645.35040045359,918.043823242188,340
1519,2709.7457037225,2648.3342021095,918.043823242188,340
1520,2707.6024779796,2652.23182727513,918.043823242188,340
1521,2674.97816298812,2655.21418588484,919.689453125,340
1522,2699.45042526633,2655.87652643143,919.689453125,340
1523,2656.52539499878,2656.61640411157,919.689453125,340
1524,2653.69177771603,2657.23480510759,919.689453125,340
1525,2635.95239812642,2657.16029928372,919.689453125,340
1526,2652.40546218797,2656.15060018185,919.689453125,340
1527,2610.13002105761,2654.34165578102,919.689453125,340
1528,2663.52229090683,2654.31369302092,919.689453125,340
1529,2673.44007024997,2659.80621073675,920.998596191406,340
1530,2643.60639859744,2658.74077348951,920.998596191406,340
1531,2587.41569703344,2659.05623330419,920.998596191406,340
1532,2684.89784412187,2660.09590925863,920.998596191406,340
1533,2720.19569796947,2664.03507248,920.998596191406,340
1534,2623.52850228051,2661.37587835356,920.998596191406,340
1535,2752.137983114,2665.05050196766,920.998596191406,340
1536,2704.21942321899,2665.60799381666,920.998596191406,340
1537,2666.94407361474,2667.55918241839,921.481628417969,340
1538,2670.81490592362,2667.95621555584,921.481628417969,340
1539,2697.22869440222,2668.92386040777,921.481628417969,340
1540,2709.36696152871,2673.18095480421,921.481628417969,340
1541,2680.54928283289,2672.18822332743,921.481628417969,340
1542,2675.01397869177,2672.1261638956,921.481628417969,340
1543,2429.47419670547,2663.31351300941,921.481628417969,340
1544,2665.22263134651,2661.53259011437,921.481628417969,340
1545,2726.81341628116,2662.30102764644,922.984802246094,340
1546,2677.14072466223,2662.3875301134,922.984802246094,340
1547,2665.61956338891,2661.0342956383,922.984802246094,340
1548,2687.64268408941,2662.27898720193,922.984802246094,340
1549,2636.79806124541,2661.6032385431,922.984802246094,340
1550,2579.44755376988,2659.34304476884,922.984802246094,340
1551,2641.71933103069,2658.91559952255,922.984802246094,340
1552,2670.15576821245,2661.31662940874,922.984802246094,340
1553,2719.72793757871,2663.56485527562,924.104675292969,340
1554,2688.58686805551,2664.17072718784,924.104675292969,340
1555,2650.10599945636,2664.4307112222,924.104675292969,340
1556,2685.27278421686,2668.34499470953,924.104675292969,340
1557,2617.93082514785,2665.66631395057,924.104675292969,340
1558,2696.7993096641,2664.73045841836,924.104675292969,340
1559,2735.84242622697,2669.22301537622,924.104675292969,340
1560,2667.32660879918,2665.83056040362,924.104675292969,340
1561,2626.9668616252,2662.74045793987,923.808471679688,340
1562,2625.42349981929,2661.07963498805,923.808471679688,340
1563,2657.69315689441,2660.55476502689,923.808471679688,340
1564,2739.69437943595,2662.25339242823,923.808471679688,340
1565,2541.90327712365,2655.55484505203,923.808471679688,340
1566,2702.32503004992,2656.42587494071,923.808471679688,340
1567,2639.98148654922,2655.02457525501,923.808471679688,340
1568,2632.52773801782,2663.14671690751,923.808471679688,340
1569,2742.82807127587,2666.25093450468,924.646118164062,340
1570,2686.96609213046,2664.65704153865,924.646118164062,340
1571,2671.64428446758,2664.43718393087,924.646118164062,340
1572,2677.66828686855,2664.91913287005,924.646118164062,340
1573,2717.80614112629,2666.12567115153,924.646118164062,340
1574,2831.94529204653,2673.93156038357,924.646118164062,340
1575,2622.0967301214,2675.63752743763,924.646118164062,340
1576,2697.8297495207,2677.88194417723,924.646118164062,340
1577,2600.06535700718,2675.07832772902,924.317138671875,340
1578,2676.79866527315,2673.3611568368,924.317138671875,340
1579,2784.09536461831,2677.18149669931,924.317138671875,340
1580,2625.29491743419,2676.18905341842,924.317138671875,340
1581,2689.53699362687,2676.35962179483,924.317138671875,340
1582,2629.80449675054,2676.83456865893,924.317138671875,340
1583,2652.16592749586,2675.0492333722,924.317138671875,340
1584,2624.7423564824,2670.60523058242,924.317138671875,340
1585,2650.63320382398,2669.93749438341,925.123779296875,340
1586,2661.1439684604,2671.30457865682,925.123779296875,340
1587,2749.91067460908,2676.28406564841,925.123779296875,340
1588,2741.91674636067,2679.65300922706,925.123779296875,340
1589,2704.15014756052,2678.23123995205,925.123779296875,340
1590,2717.88021468615,2685.27031745455,925.123779296875,340
1591,2606.50222369747,2681.43740520045,925.123779296875,340
1592,2696.00184600411,2683.67821957864,925.123779296875,340
1593,2785.33253805941,2689.79041158031,926.301208496094,340
1594,2732.08485894015,2689.36068308688,926.301208496094,340
1595,2771.41114518835,2692.73848520919,926.301208496094,340
1596,2629.69796031214,2691.06063224298,926.301208496094,340
1597,2769.01047129525,2694.71431962004,926.301208496094,340
1598,2745.49634537486,2695.82192778999,926.301208496094,340
1599,2735.63747132651,2691.96961496119,926.301208496094,340
1600,2671.81035685843,2693.95816003067,926.301208496094,340
1601,2626.49075093411,2691.1046000872,925.284729003906,340
1602,2755.52027486289,2697.32279680143,925.284729003906,340
1603,2747.1538867417,2700.13700566017,925.284729003906,340
1604,2735.23810940327,2698.18271545157,925.284729003906,340
1605,2814.01531605988,2705.7315313966,925.284729003906,340
1606,2716.58526348294,2706.81346219084,925.284729003906,340
1607,2764.29045818948,2712.1929006484,925.284729003906,340
1608,2831.55974193212,2719.36865322585,925.284729003906,340
1609,2673.67214408427,2721.32584472993,923.590454101562,340
1610,2763.82074467363,2725.85334636391,923.590454101562,340
1611,2658.81269071947,2725.76009525427,923.590454101562,340
1612,2708.02298826461,2724.0845878005,923.590454101562,340
1613,2726.27190961751,2723.45879433077,923.590454101562,340
1614,2632.02575111325,2720.57381847288,923.590454101562,340
1615,2744.30779023612,2721.63092149488,923.590454101562,340
1616,2674.41614068663,2724.34747817444,923.590454101562,340
1617,2726.81249672558,2725.5799042033,923.292602539062,340
1618,2671.57278092391,2721.02951391788,923.292602539062,340
1619,2633.18237852784,2717.07341470139,923.292602539062,340
1620,2732.64768625441,2715.52287634403,923.292602539062,340
1621,2687.46763241172,2717.83366322802,923.292602539062,340
1622,2773.16288152715,2717.99975963729,923.292602539062,340
1623,2666.18379393329,2714.82725757963,923.292602539062,340
1624,2592.29992206402,2709.09375560913,923.292602539062,340
1625,2718.25317547052,2710.95146835361,924.503967285156,340
1626,2733.39520578408,2715.22764654761,924.503967285156,340
1627,2623.89200700047,2709.96251583311,924.503967285156,340
1628,2642.70847376567,2705.78469931407,924.503967285156,340
1629,2668.36386232876,2703.10972943109,924.503967285156,340
1630,2708.37146731134,2698.88397548115,924.503967285156,340
1631,2767.46280548448,2700.91907716121,924.503967285156,340
1632,2726.15797751889,2699.39377793439,924.503967285156,340
1633,2749.1075108511,2696.09568869115,924.992553710938,340
1634,2772.58806925627,2700.05232569803,924.992553710938,340
1635,2686.11436424144,2696.94407048074,924.992553710938,340
1636,2798.69788869905,2702.53947839992,924.992553710938,340
1637,2669.50136227701,2700.99861336042,924.992553710938,340
1638,2632.07195137229,2697.23061503061,924.992553710938,340
1639,2783.30466194006,2703.28177146368,924.992553710938,340
1640,2773.10916416307,2704.43382642076,924.992553710938,340
1641,2796.62042689365,2709.32199786904,926.00390625,340
1642,2724.26371809326,2709.22004672375,926.00390625,340
1643,2693.79286862825,2710.10885023192,926.00390625,340
1644,2715.44358552832,2713.39929851194,926.00390625,340
1645,2746.78441206008,2713.96476754417,926.00390625,340
1646,2851.01230695453,2720.50655452588,926.00390625,340
1647,2753.6844251382,2719.72741627032,926.00390625,340
1648,2672.07304514193,2719.96298631867,926.00390625,340
1649,2777.11304429573,2727.35551120794,926.710571289062,340
1650,2737.52088762723,2728.12621969421,926.710571289062,340
1651,2717.13713695008,2727.47589694085,926.710571289062,340
1652,2663.69140270261,2729.06787276893,926.710571289062,340
1653,2625.69857545887,2728.38747683666,926.710571289062,340
1654,2785.53298437134,2733.07424171836,926.710571289062,340
1655,2772.94344505024,2735.65712082792,926.710571289062,340
1656,2849.92813064452,2738.95573383432,926.710571289062,340
1657,2841.00863581262,2743.54976016607,927.727478027344,340
1658,2796.77446455693,2745.4564383143,927.727478027344,340
1659,2781.71007382742,2745.82131849715,927.727478027344,340
1660,2847.36729032289,2752.27143554041,927.727478027344,340
1661,2733.12944898332,2749.64869795178,927.727478027344,340
1662,2807.71780670687,2755.17735572897,927.727478027344,340
1663,2783.84365244272,2761.24822377179,927.727478027344,340
1664,2776.746420746,2760.98589412403,927.727478027344,340
1665,2889.67870620836,2765.64867580584,927.184875488281,340
1666,2754.42855794792,2763.96100104801,927.184875488281,340
1667,2813.64889473262,2767.53640811358,927.184875488281,340
1668,2795.14376756311,2771.59044407098,927.184875488281,340
1669,2757.13586294484,2773.25813516764,927.184875488281,340
1670,2820.6291998354,2776.21192667865,927.184875488281,340
1671,2639.488541871,2767.75097607531,927.184875488281,340
1672,2866.29386863346,2772.25535381512,927.184875488281,340
1673,2811.70282607953,2777.84054505263,926.15283203125,340
1674,2688.497907909,2774.29593959716,926.15283203125,340
1675,2797.78419478373,2776.70647188342,926.15283203125,340
1676,2791.87238632395,2779.69588185837,926.15283203125,340
1677,2806.4197460993,2785.40501559424,926.15283203125,340
1678,2840.74394647265,2794.00683043479,926.15283203125,340
1679,2763.35124677167,2793.1195609308,926.15283203125,340
1680,2742.74027107432,2791.91143397177,926.15283203125,340
1681,2824.26338787939,2790.88484426116,926.54931640625,340
1682,2760.18484154337,2787.65189249039,926.54931640625,340
1683,2799.64792381241,2787.76683086061,926.54931640625,340
1684,2878.43638767083,2791.63588341435,926.54931640625,340
1685,2819.14431629521,2790.50696445324,926.54931640625,340
1686,2643.55153743605,2786.92384799135,926.54931640625,340
1687,2842.72881188249,2788.32428819837,926.54931640625,340
1688,2768.2498989872,2787.70053806015,926.54931640625,340
1689,2530.03074435287,2777.83191100443,927.1826171875,340
1690,2741.14274201103,2771.89047243653,927.1826171875,340
1691,2771.08253861956,2772.5566316634,927.1826171875,340
1692,2866.37735308154,2774.66576999736,927.1826171875,340
1693,2829.32351925006,2776.03296006483,927.1826171875,340
1694,2842.10650995926,2779.43178594541,927.1826171875,340
1695,2761.50153421523,2777.06667932061,927.1826171875,340
1696,2746.82077568423,2781.35996867313,927.1826171875,340
1697,2848.25343305303,2780.63835124992,928.036010742188,340
1698,2681.29844353447,2775.42217594811,928.036010742188,340
1699,2802.69205439138,2779.98994180741,928.036010742188,340
1700,2752.72379429015,2778.18752578767,928.036010742188,340
1701,2820.75182714572,2779.34270342054,928.036010742188,340
1702,2925.30035945681,2784.09792795484,928.036010742188,340
1703,2825.98289578195,2783.50748592721,928.036010742188,340
1704,2701.39499919246,2781.02923602404,928.036010742188,340
1705,2894.22571487014,2787.08865377587,927.68505859375,340
1706,2805.95695698766,2786.3563965402,927.68505859375,340
1707,2880.42514528872,2791.16600869002,927.68505859375,340
1708,2810.82502105059,2791.61309257955,927.68505859375,340
1709,2884.30092977097,2791.84767426355,927.68505859375,340
1710,2773.74912289301,2790.03186652746,927.68505859375,340
1711,2905.49700567236,2800.50968525692,927.68505859375,340
1712,2848.95824290002,2800.75886249762,927.68505859375,340
1713,2804.42276523325,2802.20577714746,928.760498046875,340
1714,2865.32420393576,2815.61751553077,928.760498046875,340
1715,2756.60671068078,2816.23607427756,928.760498046875,340
1716,2707.12037734954,2813.67758782676,928.760498046875,340
1717,2910.78345320142,2815.45383183156,928.760498046875,340
1718,2711.54737580873,2810.7427860939,928.760498046875,340
1719,2881.87734262357,2812.33361940048,928.760498046875,340
1720,2770.5841392437,2812.69692360162,928.760498046875,340
1721,2777.42818201924,2813.92121985502,929.792419433594,340
1722,2795.06756867018,2811.7937852797,929.792419433594,340
1723,2785.74608107927,2815.97169078149,929.792419433594,340
1724,2902.91460640318,2819.98059286197,929.792419433594,340
1725,2900.78838479994,2825.90317648236,929.792419433594,340
1726,2899.02888625293,2829.03425884665,929.792419433594,340
1727,2871.13259552626,2826.86754828943,929.792419433594,340
1728,2901.20634431328,2829.87648623068,929.792419433594,340
1729,2810.04962991868,2834.22267145973,930.106018066406,340
1730,2809.49751477637,2830.83354345598,930.106018066406,340
1731,2888.17129274551,2834.12211688629,930.106018066406,340
1732,2822.97109294687,2831.82395479262,930.106018066406,340
1733,2743.56095955969,2829.13339233298,930.106018066406,340
1734,2829.31372803155,2826.9339042634,930.106018066406,340
1735,2857.19697865345,2830.27181849382,930.106018066406,340
1736,2860.27241689715,2828.46283494281,930.106018066406,340
1737,2863.24076293547,2829.03413574423,931.419372558594,340
1738,2917.342267148,2833.55091582082,931.419372558594,340
1739,2875.0033527884,2833.93808177493,931.419372558594,340
1740,2838.07537828474,2837.19682847908,931.419372558594,340
1741,2884.98246963949,2844.31131217068,931.419372558594,340
1742,2931.93479487125,2845.15736583748,931.419372558594,340
1743,2912.33052837624,2853.18869194018,931.419372558594,340
1744,2799.91833314762,2849.91033156114,931.419372558594,340
1745,2865.75442213981,2853.71714287698,931.962341308594,340
1746,2864.54602552151,2857.20185661707,931.962341308594,340
1747,2846.04478358002,2859.24094521347,931.962341308594,340
1748,2945.68879599007,2865.6386538099,931.962341308594,340
1749,2895.53080853744,2865.34330189527,931.962341308594,340
1750,2870.9458473199,2864.14960039607,931.962341308594,340
1751,2872.99269581215,2863.10815277844,931.962341308594,340
1752,2845.64980446227,2862.08884113588,931.962341308594,340
1753,2943.46991393594,2863.77938392078,933.377502441406,340
1754,2849.4523321666,2865.3554920107,933.377502441406,340
1755,2902.10724437742,2869.05988119474,933.377502441406,340
1756,2945.31406005876,2871.34559188727,933.377502441406,340
1757,2865.69671002896,2873.05461657055,933.377502441406,340
1758,2942.12818604366,2880.99730562991,933.377502441406,340
1759,2896.08294234139,2883.66807420231,933.377502441406,340
1760,2799.47631706691,2881.35924773885,933.377502441406,340
1761,2927.0847990828,2884.03174302627,934.292602539062,340
1762,2945.54879865048,2887.32406445487,934.292602539062,340
1763,2939.94227977002,2888.22806495975,934.292602539062,340
1764,3021.83740036716,2894.1014268629,934.292602539062,340
1765,2861.22492700759,2895.02740881182,934.292602539062,340
1766,2823.92805531041,2892.58523223865,934.292602539062,340
1767,2921.00439081318,2892.14801607633,934.292602539062,340
1768,2792.24516906154,2887.34460170374,934.292602539062,340
1769,2917.51877936052,2892.04861955226,936.044250488281,340
1770,2955.81051634013,2895.65086332027,936.044250488281,340
1771,2710.52800048496,2889.49014231881,936.044250488281,340
1772,2916.74726824666,2892.31824170548,936.044250488281,340
1773,2944.25835485272,2892.26102405998,936.044250488281,340
1774,2925.86830420058,2893.47452388651,936.044250488281,340
1775,2966.79463649728,2897.3084754536,936.044250488281,340
1776,2819.30265185736,2895.16087369541,936.044250488281,340
1777,2912.16109387667,2897.82132527199,938.722900390625,340
1778,2863.24642657216,2894.61238577744,938.722900390625,340
1779,2889.94446844154,2896.23207122843,938.722900390625,340
1780,2884.94337000226,2895.54551625343,938.722900390625,340
1781,2987.59014064682,2897.23655947695,938.722900390625,340
1782,2903.94610656008,2898.76653533819,938.722900390625,340
1783,2949.77458257425,2899.07239119942,938.722900390625,340
1784,2843.45159766746,2896.96713741246,938.722900390625,340
1785,2859.5992393868,2899.37205430526,938.847534179688,340
1786,2886.85451305691,2897.76284286422,938.847534179688,340
1787,2888.16184188931,2895.46736459377,938.847534179688,340
1788,2879.92689678048,2893.06674927419,938.847534179688,340
1789,2892.402353625,2887.88934740451,938.847534179688,340
1790,2900.96914223645,2889.47911601366,938.847534179688,340
1791,2912.27478608959,2893.01298524483,938.847534179688,340
1792,2906.6292427041,2892.43797932046,938.847534179688,340
1793,2837.55567528239,2894.2503995693,940.600708007812,340
1794,2938.7661878532,2895.10029590901,940.600708007812,340
1795,2947.76778211193,2894.77858653988,940.600708007812,340
1796,2880.19256768465,2901.56516922787,940.600708007812,340
1797,2899.05242967566,2900.85737568503,940.600708007812,340
1798,2918.72601597052,2899.83608212974,940.600708007812,340
1799,2827.28017733605,2895.89255705516,940.600708007812,340
1800,2878.08738178361,2892.34426686661,940.600708007812,340
1801,2895.55470432068,2895.39434896514,941.478820800781,340
1802,2923.68234656578,2895.85519907271,941.478820800781,340
1803,2892.3700127795,2897.020142521,941.478820800781,340
1804,2904.51133909162,2897.602817347,941.478820800781,340
1805,2850.40021116406,2896.22109099348,941.478820800781,340
1806,2897.03717597098,2892.59897240644,941.478820800781,340
1807,2822.18640762912,2889.3285844492,941.478820800781,340
1808,2926.97202445421,2888.4164821244,941.478820800781,340
1809,2871.75991057006,2889.54881464051,942.323486328125,340
1810,2822.64867378767,2888.07079201654,942.323486328125,340
1811,2890.45669433481,2888.21487926766,942.323486328125,340
1812,2786.48588888948,2884.14784114766,942.323486328125,340
1813,2887.26924486351,2884.44153507099,942.323486328125,340
1814,2846.6670975044,2882.61212482616,942.323486328125,340
1815,2913.88438704524,2883.12873461851,942.323486328125,340
1816,2804.66740856223,2878.82443951742,942.323486328125,340
1817,2929.47134778863,2879.7381237208,942.103759765625,340
1818,2901.07024737456,2882.27870660449,942.103759765625,340
1819,2928.97596855121,2881.88709783241,942.103759765625,340
1820,2976.81604044487,2883.04902816572,942.103759765625,340
1821,2963.40748794944,2886.37762497632,942.103759765625,340
1822,2909.9584550348,2886.81386599068,942.103759765625,340
1823,2953.69199685413,2888.21250522603,942.103759765625,340
1824,2926.27186876882,2892.17217288334,942.103759765625,340
1825,2943.7437395204,2894.79842719281,942.749572753906,340
1826,2950.9308993412,2897.01347499363,942.749572753906,340
1827,2970.09942223608,2898.87015802044,942.749572753906,340
1828,2835.05074724446,2896.57738739904,942.749572753906,340
1829,2906.3067773124,2896.64920492787,942.749572753906,340
1830,2949.17145730571,2900.60005477354,942.749572753906,340
1831,3023.59901295699,2905.66252825298,942.749572753906,340
1832,2940.8252708813,2910.40808278306,942.749572753906,340
1833,2916.24251570354,2909.97890243304,943.106201171875,340
1834,2884.65351618704,2910.49464665772,943.106201171875,340
1835,2986.77159189509,2917.05956338201,943.106201171875,340
1836,2876.69356339754,2916.50903814452,943.106201171875,340
1837,2952.1467002751,2923.13547059995,943.106201171875,340
1838,2990.63645933276,2927.27015917872,943.106201171875,340
1839,2948.85618635081,2931.35772273257,943.106201171875,340
1840,3000.48981974665,2934.82194004063,943.106201171875,340
1841,2926.95563404414,2939.71346905991,943.036010742188,340
1842,2919.90588089026,2939.33085038397,943.036010742188,340
1843,2942.84766447899,2941.00194706815,943.036010742188,340
1844,2980.37619746417,2943.05795622467,943.036010742188,340
1845,2954.09280202297,2942.14902668779,943.036010742188,340
1846,3003.27186760112,2943.74360187386,943.036010742188,340
1847,2942.11185311787,2945.02973779718,943.036010742188,340
1848,2993.88952596675,2946.63763896169,943.036010742188,340
1849,3026.90236409737,2950.66285877483,941.884948730469,340
1850,2920.47205320186,2949.73199132209,941.884948730469,340
1851,2948.79127428035,2949.64640631965,941.884948730469,340
1852,2987.62896352699,2950.34758797129,941.884948730469,340
1853,2999.32233236283,2956.91845137602,941.884948730469,340
1854,2994.71859830238,2960.45492421562,941.884948730469,340
1855,2991.66754899924,2962.15476788336,941.884948730469,340
1856,2991.93924450935,2960.88837714546,941.884948730469,340
1857,2955.63159460738,2961.4806300945,942.887084960938,340
1858,3003.49862812245,2964.97087459126,942.887084960938,340
1859,2948.16514509963,2967.51133974776,942.887084960938,340
1860,2946.91754296415,2965.91717779052,942.887084960938,340
1861,2992.22230290106,2970.53832737066,942.887084960938,340
1862,2995.7294327027,2972.28163666777,942.887084960938,340
1863,2956.69600307634,2970.92401841751,942.887084960938,340
1864,3011.08860376791,2973.4133151142,942.887084960938,340
1865,2946.64089663162,2971.25935818959,942.688415527344,340
1866,3012.92220149857,2974.69802088777,942.688415527344,340
1867,3009.70916045413,2978.29015207033,942.688415527344,340
1868,3041.33382448867,2982.22959847072,942.688415527344,340
1869,3029.6991088798,2984.20251492734,942.688415527344,340
1870,3024.25297150216,2987.00892170651,942.688415527344,340
1871,2961.01851448086,2985.3187875817,942.688415527344,340
1872,2956.63132735989,2985.89956655138,942.688415527344,340
1873,3011.17384950169,2986.59093949278,943.588989257812,340
1874,2965.5396505638,2984.13643095143,943.588989257812,340
1875,2956.56480225638,2985.58014091361,943.588989257812,340
1876,3028.223178384,2988.75741707776,943.588989257812,340
1877,2919.8666501145,2986.04692454126,943.588989257812,340
1878,3016.03467575976,2986.71541827714,943.588989257812,340
1879,3035.20212470106,2988.33475933309,943.588989257812,340
1880,3006.71082597721,2988.9364904122,943.588989257812,340
1881,3046.08333511931,2991.1022540366,944.286376953125,340
1882,2958.00494119705,2991.19718790019,944.286376953125,340
1883,3053.14150373949,2993.18290292487,944.286376953125,340
1884,3061.27908196509,2997.70746039949,944.286376953125,340
1885,2972.71913712404,2998.73952416589,944.286376953125,340
1886,3045.0929337911,3000.85434940149,944.286376953125,340
1887,3031.76231121748,3002.29566454208,944.286376953125,340
1888,2994.70848007938,3003.8161636222,944.286376953125,340
1889,3021.51183040734,3004.23309268778,945.111938476562,340
1890,3013.10407184566,3006.89161969634,945.111938476562,340
1891,3005.68062500148,3006.60195663645,945.111938476562,340
1892,3041.05409031486,3007.85575383088,945.111938476562,340
1893,3024.68773365655,3007.1899101976,945.111938476562,340
1894,3031.81478884756,3007.27453739631,945.111938476562,340
1895,3012.10746160429,3006.78871700039,945.111938476562,340
1896,3022.90940336074,3009.26435255559,945.111938476562,340
1897,3024.67392357805,3011.98605640432,945.142211914062,340
1898,3062.65766510861,3014.04540902859,945.142211914062,340
1899,2929.74319572355,3012.61355083498,945.142211914062,340
1900,3024.96391440085,3015.34951532076,945.142211914062,340
1901,3014.95969586305,3014.81897601992,945.142211914062,340
1902,3043.84203101635,3019.777991256,945.142211914062,340
1903,2959.52703355621,3017.51768556785,945.142211914062,340
1904,2958.87350255124,3014.46454068186,945.142211914062,340
1905,2982.30875759043,3013.48845794639,945.998718261719,340
1906,2973.52588390949,3010.586159898,945.998718261719,340
1907,3049.29455687539,3014.23774452513,945.998718261719,340
1908,3038.94862022227,3013.67002918444,945.998718261719,340
1909,3032.74753597837,3012.52876734497,945.998718261719,340
1910,3050.36830050281,3015.63473388012,945.998718261719,340
1911,3036.09541634438,3015.27483318225,945.998718261719,340
1912,3011.86944479392,3014.47911852531,945.998718261719,340
1913,2982.16090935252,3013.97721569624,946.615478515625,340
1914,3019.9826535864,3013.9160486234,946.615478515625,340
1915,3001.48914179564,3013.4514514214,946.615478515625,340
1916,2949.11075646171,3011.18865667981,946.615478515625,340
1917,3045.60226395571,3011.37058362544,946.615478515625,340
1918,3038.48534406452,3011.92248804176,946.615478515625,340
1919,3022.7147213282,3011.55848534099,946.615478515625,340
1920,3030.79344124722,3012.3059245267,946.615478515625,340
1921,3055.19455095993,3013.59733043067,947.692321777344,340
1922,3022.55652169057,3013.51263435517,947.692321777344,340
1923,3044.11423271397,3012.77089705939,947.692321777344,340
1924,3072.95066686142,3018.4991959049,947.692321777344,340
1925,3056.43836107647,3019.75817377193,947.692321777344,340
1926,3033.07467958559,3020.48277312083,947.692321777344,340
1927,3046.69470762704,3020.59688018526,947.692321777344,340
1928,2957.33350599981,3020.509139083,947.692321777344,340
1929,3056.83729784362,3024.4276908947,949.522399902344,340
1930,3032.30115289611,3026.42738670692,949.522399902344,340
1931,3052.48591502585,3029.58578795158,949.522399902344,340
1932,2999.46506995524,3027.59260847477,949.522399902344,340
1933,2932.2257175362,3023.32369236733,949.522399902344,340
1934,3051.65049625022,3024.0798107782,949.522399902344,340
1935,3073.07277269546,3024.98798966591,949.522399902344,340
1936,3076.00982033458,3026.58456582552,949.522399902344,340
1937,3006.7286363622,3026.37893348825,949.89501953125,340
1938,3014.31885477566,3027.66525130517,949.89501953125,340
1939,3040.65028895975,3028.49195672011,949.89501953125,340
1940,3059.05648599104,3030.79465048792,949.89501953125,340
1941,3021.58236323828,3033.69351475899,949.89501953125,340
1942,3051.72290191577,3033.93834027739,949.89501953125,340
1943,3035.03578140053,3033.80035777083,949.89501953125,340
1944,2989.44221687301,3032.46945759262,949.89501953125,340
1945,2994.92801731302,3031.03484063525,951.922180175781,340
1946,3001.37534114196,3028.88207224254,951.922180175781,340
1947,3022.48492603103,3028.87920841615,951.922180175781,340
1948,3024.31884839606,3028.08739304344,951.922180175781,340
1949,3020.57741932839,3025.99246314212,951.922180175781,340
1950,3018.93417953377,3024.49229588041,951.922180175781,340
1951,3056.27792237498,3025.42042559198,951.922180175781,340
1952,3050.04745939,3025.5545356625,951.922180175781,340
1953,2953.94666958123,3025.41906220576,953.108642578125,340
1954,3042.21803268746,3024.83429159951,953.108642578125,340
1955,3049.36255201803,3025.51674756439,953.108642578125,340
1956,3061.1495856703,3025.86329439017,953.108642578125,340
1957,3044.68920464959,3027.67225977794,953.108642578125,340
1958,3018.56538410144,3031.12584644055,953.108642578125,340
1959,2964.47292218365,3027.63874347789,953.108642578125,340
1960,3047.8932283812,3026.63156170532,953.108642578125,340
1961,3026.24295353733,3024.64088703343,952.678955078125,340
1962,3030.4631133517,3025.59026611301,952.678955078125,340
1963,2980.53801374761,3024.23903247189,952.678955078125,340
1964,3061.44595509315,3025.07085911722,952.678955078125,340
1965,2939.41891313905,3020.28535620314,952.678955078125,340
1966,2883.4745538053,3014.76104382582,952.678955078125,340
1967,2931.62971438934,3009.95731632477,952.678955078125,340
1968,3046.98795328778,3010.43540320026,952.678955078125,340
1969,2760.82001046161,3001.2905149438,952.864929199219,340
1970,2766.62806019334,2992.15851665901,952.864929199219,340
1971,2751.20407857478,2982.15166615632,952.864929199219,340
1972,2907.7698686628,2977.5630638616,952.864929199219,340
1973,2916.72771389306,2973.25941848148,952.864929199219,340
1974,2733.11350489523,2961.76086190415,952.864929199219,340
1975,2995.89425502758,2960.8392649239,952.864929199219,340
1976,2978.44753615785,2957.72604947522,952.864929199219,340
1977,2973.98601212467,2954.6835915846,953.204528808594,340
1978,2926.86301133937,2953.60024525493,953.204528808594,340
1979,2825.34464613016,2944.92530979264,953.204528808594,340
1980,2964.85496245302,2941.54500621004,953.204528808594,340
1981,2936.85452146424,2936.57320364179,953.204528808594,340
1982,2971.76853571997,2933.65637688461,953.204528808594,340
1983,2814.05739161209,2925.47605718504,953.204528808594,340
1984,2780.88649392279,2918.1326000546,953.204528808594,340
1985,2878.56548659171,2911.35949038302,954.250244140625,340
1986,2645.06724553278,2896.11246206284,954.250244140625,340
1987,2780.18003888169,2886.10113908404,954.250244140625,340
1988,2817.52581587309,2879.58065116906,954.250244140625,340
1989,2741.13454671069,2866.76819483376,954.250244140625,340
1990,2802.58047825194,2861.29465743827,954.250244140625,340
1991,2882.45580709594,2861.2539075699,954.250244140625,340
1992,2911.56813218158,2860.45144428159,954.250244140625,340
1993,2836.67812499916,2852.03905115005,954.137390136719,340
1994,2988.09715689183,2861.13013700725,954.137390136719,340
1995,3039.8170652439,2872.05769720928,954.137390136719,340
1996,2747.21240449363,2871.89803024603,954.137390136719,340
1997,3025.14666241825,2876.59310199625,954.137390136719,340
1998,3065.47296579206,2882.54291207221,954.137390136719,340
1999,2877.82008465375,2888.33117526255,954.137390136719,340
2000,2784.77454743482,2879.88638695884,954.137390136719,340
2001,2985.45727876907,2880.16677666329,955.889770507812,340
2002,2793.46856920195,2872.94607894638,955.889770507812,340
2003,2866.66718564768,2870.53824591871,955.889770507812,340
2004,2916.50676781474,2874.18473078609,955.889770507812,340
2005,2897.91892824891,2871.50728941793,955.889770507812,340
2006,2864.16469316015,2868.59969628577,955.889770507812,340
2007,2964.45338639975,2868.30709031296,955.889770507812,340
2008,2830.55703474043,2868.96707603809,955.889770507812,340
2009,2785.1669339431,2869.1382936389,954.899597167969,340
2010,2721.13272677566,2862.84098324626,954.899597167969,340
2011,2639.2850911347,2862.60969707034,954.899597167969,340
2012,2780.13876873563,2862.6080462645,954.899597167969,340
2013,2724.85240427982,2858.90110980077,954.899597167969,340
2014,2740.43595284941,2858.87316604631,954.899597167969,340
2015,2725.64998189652,2855.7959461921,954.899597167969,340
2016,2876.45660550993,2855.55597812866,954.899597167969,340
2017,3056.61449980335,2861.35783283353,950.9013671875,340
2018,2911.30991884043,2864.34310458718,950.9013671875,340
2019,2815.93025963968,2857.45642869709,950.9013671875,340
2020,3012.99390933849,2856.38350246088,950.9013671875,340
2021,2949.1868409119,2864.46247991761,950.9013671875,340
2022,2970.76641989038,2862.28727021649,950.9013671875,340
2023,3012.80169222998,2860.18041927401,950.9013671875,340
2024,2948.14217564745,2862.99330291376,950.9013671875,340
2025,2989.87682598271,2871.19739405567,943.055053710938,340
2026,3026.99132605467,2872.8587559471,943.055053710938,340
2027,2927.89575743825,2878.23584347655,943.055053710938,340
2028,2909.38717149832,2879.94464291057,943.055053710938,340
2029,2933.48959825145,2880.62395612804,943.055053710938,340
2030,2945.66633238591,2882.53385229352,943.055053710938,340
2031,2986.66252296764,2887.43376548582,943.055053710938,340
2032,3054.15043918437,2891.02164759721,943.055053710938,340
2033,2951.90220182336,2895.87545428052,943.978515625,340
2034,2967.94904091711,2903.18673855948,943.978515625,340
2035,3001.868280877,2914.41616072354,943.978515625,340
2036,3005.51179325996,2929.06522880855,943.978515625,340
2037,3026.98214674446,2938.9389639289,943.978515625,340
2038,3017.47033435407,2950.64368113187,943.978515625,340
2039,3022.39708501,2961.92212641829,943.978515625,340
2040,3037.75126244063,2974.40617764006,943.978515625,340
2041,3054.52643261404,2981.52897072422,942.423034667969,340
2042,3039.38302460729,2980.83971171638,942.423034667969,340
2043,3046.44993014798,2986.24531216868,942.423034667969,340
2044,3044.12388276234,2995.37305709359,942.423034667969,340
2045,3065.93931126763,2997.49087317076,942.423034667969,340
2046,3007.5287930762,2999.82455125733,942.423034667969,340
2047,2942.76475569301,2998.70448468943,942.423034667969,340
2048,3035.43545612891,2999.60983524539,942.423034667969,340
2049,3027.58532175703,3002.78756108977,942.56103515625,340
2050,3043.42160193394,3004.92935212782,942.56103515625,340
2051,3020.29868971629,3004.66164667429,942.56103515625,340
2052,3043.62167786051,3009.29068349118,942.56103515625,340
2053,2875.7800982226,3007.94640056015,942.56103515625,340
2054,3000.15696651336,3010.61309529063,942.56103515625,340
2055,3043.98890425611,3014.54599816543,942.56103515625,340
2056,2939.27601380541,3012.65053779895,942.56103515625,340
2057,2839.02907075133,3004.04568306162,943.95068359375,340
2058,3033.75092517625,3007.31963199574,943.95068359375,340
2059,3048.65554031979,3010.54789197185,943.95068359375,340
2060,2939.07494229001,3008.03615842837,943.95068359375,340
2061,2924.1715576537,3004.78254900412,943.95068359375,340
2062,3045.59656918279,3005.52712590165,943.95068359375,340
2063,3049.58342541137,3006.81164954394,943.95068359375,340
2064,3017.86141195138,3006.6302226216,943.95068359375,340
2065,3065.83431761206,3007.75354482845,944.575500488281,340
2066,3030.41201824449,3006.78896825367,944.575500488281,340
2067,3026.35932463188,3006.26802025466,944.575500488281,340
2068,3068.75456678808,3007.16020572026,944.575500488281,340
2069,3069.4471580569,3008.17313673204,944.575500488281,340
2070,3046.447428391,3007.39346141698,944.575500488281,340
2071,3000.46629771226,3007.11096160242,944.575500488281,340
2072,3050.77786511225,3011.43148597919,944.575500488281,340
2073,3052.43737073385,3012.11156256339,946.206420898438,340
2074,3049.25289572666,3012.97826552217,946.206420898438,340
2075,3059.79704854221,3013.6332833865,946.206420898438,340
2076,3058.27961242481,3015.15252029484,946.206420898438,340
2077,3033.04405059144,3014.72941520408,946.206420898438,340
2078,3066.48640606101,3022.35766751762,946.206420898438,340
2079,3039.68489653006,3023.93878471828,946.206420898438,340
2080,3052.13773784261,3024.26473806174,946.206420898438,340
2081,3047.64618399989,3028.59954486952,946.794006347656,340
2082,2904.56116862879,3031.22082878462,946.794006347656,340
2083,3052.08351292881,3031.95413229472,946.794006347656,340
2084,2998.73383667014,3029.95726414874,946.794006347656,340
2085,3023.58312152471,3033.33759131813,946.794006347656,340
2086,3046.30744832679,3038.22302694505,946.794006347656,340
2087,3044.85815127929,3038.19349022891,946.794006347656,340
2088,3056.03845588119,3038.4516914477,946.794006347656,340
2089,2958.06049733085,3036.05965486288,947.770751953125,340
2090,3063.2704212551,3035.9570990086,947.770751953125,340
2091,3020.60675103884,3035.56488832038,947.770751953125,340
2092,3059.05469126181,3036.87270298557,947.770751953125,340
2093,2984.82277046878,3033.5154311328,947.770751953125,340
2094,3056.51686507244,3032.99821941342,947.770751953125,340
2095,2999.45433932205,3031.11849585067,947.770751953125,340
2096,3089.16905840029,3034.66660627819,947.770751953125,340
2097,3071.39390012982,3035.49124767889,949.922790527344,340
2098,3062.38762799922,3035.8892579695,949.922790527344,340
2099,3031.91195261809,3035.19562024516,949.922790527344,340
2100,3046.25962014756,3034.65412310938,949.922790527344,340
2101,3051.71032800694,3034.39135173266,949.922790527344,340
2102,3036.43984694166,3034.52718358667,949.922790527344,340
2103,3038.50880187923,3033.4080794194,949.922790527344,340
2104,3046.61752587395,3033.68538459315,949.922790527344,340
2105,3053.93148342169,3033.75713441632,951.236145019531,340
2106,3051.05423652842,3033.89345651746,951.236145019531,340
2107,3052.67599134488,3039.8180494261,951.236145019531,340
2108,3050.96121134009,3039.77315736255,951.236145019531,340
2109,3029.31109115929,3040.99624754212,951.236145019531,340
2110,3038.93423890602,3041.61029223737,951.236145019531,340
2111,3065.19259807077,3042.36569822713,951.236145019531,340
2112,3036.35691068386,3042.02564860331,951.236145019531,340
2113,3056.01976651909,3042.02490102883,952.921142578125,340
2114,3012.10225224396,3044.18657122536,952.921142578125,340
2115,3062.20046414205,3044.14377294083,952.921142578125,340
2116,2976.65897458893,3042.38586188284,952.921142578125,340
2117,2960.21449761444,3038.43225413694,952.921142578125,340
2118,3050.03841554254,3041.04087993989,952.921142578125,340
2119,3048.18704210396,3040.70768702115,952.921142578125,340
2120,2959.33871834057,3039.10306218189,952.921142578125,340
2121,3068.96306001683,3038.29482224656,954.031982421875,340
2122,3082.27224994602,3038.7299562392,954.031982421875,340
2123,3072.78446066955,3039.14582954602,954.031982421875,340
2124,3015.85268991189,3038.50345903777,954.031982421875,340
2125,3051.18644797135,3038.70053215072,954.031982421875,340
2126,3045.5425372594,3038.45382052082,954.031982421875,340
2127,3038.58948837856,3038.53980617829,954.031982421875,340
2128,3020.41198499218,3037.81593350281,954.031982421875,340
2129,3019.21763695802,3036.71993794617,954.695434570312,340
2130,2996.00347560811,3034.40281763363,954.695434570312,340
2131,3007.86930530352,3032.67542038464,954.695434570312,340
2132,3030.28498447732,3031.77978010993,954.695434570312,340
2133,3094.53008196727,3033.52253493502,954.695434570312,340
2134,3079.26274815687,3035.52060121492,954.695434570312,340
2135,3070.11357242003,3036.76777455548,954.695434570312,340
2136,3068.38896768799,3036.89562934017,954.695434570312,340
2137,3073.93270461066,3038.39866109724,955.872924804688,340
2138,3076.63199268877,3039.22315014403,955.872924804688,340
2139,3044.52418098185,3040.52002729355,955.872924804688,340
2140,3052.03228253643,3040.11330002932,955.872924804688,340
2141,3079.53113049679,3044.22818626564,955.872924804688,340
2142,3061.79199387723,3048.29128611615,955.872924804688,340
2143,3054.54565640616,3048.47157575069,955.872924804688,340
2144,3034.5070997418,3047.92437805621,955.872924804688,340
2145,2900.34259830119,3045.56453325463,955.884704589844,340
2146,3043.42848382747,3044.54315020706,955.884704589844,340
2147,3042.12879072389,3042.93741183817,955.884704589844,340
2148,3073.43595539631,3042.96347162724,955.884704589844,340
2149,3077.78508268373,3045.44076733812,955.884704589844,340
2150,3033.12049867046,3044.71812936608,955.884704589844,340
2151,3081.40749746617,3046.15272777435,955.884704589844,340
2152,3051.26172966395,3046.65961742577,955.884704589844,340
2153,3051.31460521585,3047.89572223471,956.554809570312,340
2154,3073.11806470194,3050.05173934447,956.554809570312,340
2155,3076.18139137491,3053.25885597514,956.554809570312,340
2156,3071.70933565412,3055.81245718917,956.554809570312,340
2157,3074.49893260609,3057.58101511432,956.554809570312,340
2158,3086.33141397594,3057.25306839466,956.554809570312,340
2159,3067.09830537867,3056.76649068354,956.554809570312,340
2160,3066.12517989764,3056.60695498264,956.554809570312,340
2161,3095.15484223981,3057.67758996471,957.271118164062,340
2162,3062.5409214668,3057.22191863896,957.271118164062,340
2163,3072.77011337661,3057.06744346647,957.271118164062,340
2164,2960.09101191305,3053.69011670372,957.271118164062,340
2165,3046.86597407248,3053.48346436516,957.271118164062,340
2166,2915.74288050998,3046.93193436569,957.271118164062,340
2167,3055.8539248962,3046.69441160645,957.271118164062,340
2168,3066.12725584771,3047.15767558411,957.271118164062,340
2169,3050.89893849655,3047.8133491343,957.380798339844,340
2170,3060.07378848051,3054.20259674147,957.380798339844,340
2171,3066.02604325168,3055.10649911844,957.380798339844,340
2172,3051.18005067252,3055.46854951639,957.380798339844,340
2173,3044.74091632281,3054.32074795345,957.380798339844,340
2174,3056.95408999064,3053.48750824572,957.380798339844,340
2175,3075.88404852235,3055.1980502398,957.380798339844,340
2176,3061.68886865749,3054.40930508745,957.380798339844,340
2177,3008.12340458937,3052.68377208447,956.822387695312,340
2178,3067.55580031512,3053.33341988844,956.822387695312,340
2179,3048.57440821218,3052.35167362885,956.822387695312,340
2180,3084.64370975773,3052.69016636416,956.822387695312,340
2181,3091.10125191967,3053.46584301478,956.822387695312,340
2182,3067.54196063009,3053.18756413574,956.822387695312,340
2183,3061.40812113847,3052.19063242225,956.822387695312,340
2184,3081.28693473245,3052.7581775964,956.822387695312,340
2185,3078.00661284509,3053.23343491429,957.958435058594,340
2186,3054.89301093543,3051.62296166212,957.958435058594,340
2187,3064.30577642719,3051.69355586054,957.958435058594,340
2188,3049.97565841378,3050.78177766202,957.958435058594,340
2189,3068.86243705031,3055.13263466751,957.958435058594,340
2190,3048.86987183879,3055.21279057816,957.958435058594,340
2191,3098.32742413027,3062.51617232298,957.958435058594,340
2192,3083.52174939995,3063.62288530313,957.958435058594,340
2193,3044.7822448733,3062.76908486415,958.873779296875,340
2194,3072.42237115448,3063.63002217047,958.873779296875,340
2195,3050.4986206171,3063.24701545593,958.873779296875,340
2196,3076.82303649814,3063.67889518579,958.873779296875,340
2197,3065.4236789952,3064.2486403187,958.873779296875,340
2198,3063.82011743157,3065.01180836305,958.873779296875,340
2199,3053.21793824638,3064.86236229328,958.873779296875,340
2200,3093.6232529029,3065.5719304685,958.873779296875,340
2201,2893.65159353322,3058.85043946353,958.820434570312,340
2202,3038.4228863477,3060.06241873386,958.820434570312,340
2203,3064.36154115383,3059.93464836741,958.820434570312,340
2204,3001.41679442819,3058.04834381605,958.820434570312,340
2205,3068.58624509518,3057.40604522955,958.820434570312,340
2206,3093.39074521677,3057.49762496143,958.820434570312,340
2207,3084.42930712964,3058.17311882141,958.820434570312,340
2208,3061.2467569031,3058.166664252,958.820434570312,340
2209,3047.28946751415,3056.80676556327,960.045104980469,340
2210,3053.75641319028,3055.83675757707,960.045104980469,340
2211,3080.55309105134,3056.86316078171,960.045104980469,340
2212,3060.00881722259,3056.69128241353,960.045104980469,340
2213,3045.66793033581,3056.51897329041,960.045104980469,340
2214,3080.14899883567,3056.97043576182,960.045104980469,340
2215,3081.76254197199,3058.28614256715,960.045104980469,340
2216,3082.14375680064,3057.63879587396,960.045104980469,340
2217,3078.68349165621,3057.44526556421,959.938171386719,340
2218,3046.00723001983,3057.49426497008,959.938171386719,340
2219,3063.31896710735,3057.13012880819,959.938171386719,340
2220,3052.98567395365,3057.22961094165,959.938171386719,340
2221,2972.40927702771,3053.05306056284,959.938171386719,340
2222,3054.1525374866,3052.60221490249,959.938171386719,340
2223,3088.68853156049,3053.59695146765,959.938171386719,340
2224,3074.03185742919,3054.42950823496,959.938171386719,340
2225,3041.97246587203,3052.36347675373,960.064514160156,340
2226,3090.76052325318,3060.24783394252,960.064514160156,340
2227,3093.14430190515,3062.43669056482,960.064514160156,340
2228,3048.81386313496,3061.81478344407,960.064514160156,340
2229,3048.87885172768,3063.71326573605,960.064514160156,340
2230,3072.06256071405,3063.8523183608,960.064514160156,340
2231,3074.8038493045,3063.10884252431,960.064514160156,340
2232,3044.67950804789,3061.51885056104,960.064514160156,340
2233,2945.80632146683,3056.90123314359,961.487426757812,340
2234,3065.43480543518,3057.62704666043,961.487426757812,340
2235,3029.51406854616,3056.65735287467,961.487426757812,340
2236,3004.82229346627,3053.62812097126,961.487426757812,340
2237,3042.23218002634,3052.91705548341,961.487426757812,340
2238,3073.50594832884,3054.03057620314,961.487426757812,340
2239,3015.17612110795,3051.43166109403,961.487426757812,340
2240,3062.2659407937,3050.6517970469,961.487426757812,340
2241,3079.13368260818,3050.5313940792,960.030395507812,340
2242,3078.36531491177,3050.51866700942,960.030395507812,340
2243,3088.80401893945,3052.2305385662,960.030395507812,340
2244,3091.00183268449,3053.33785318929,960.030395507812,340
2245,2942.70371302376,3048.92657475209,960.030395507812,340
2246,3040.53384477627,3051.65155746204,960.030395507812,340
2247,3088.38157104072,3053.0207188042,960.030395507812,340
2248,3072.06470959926,3052.35576592575,960.030395507812,340
2249,3055.02774596059,3051.59560146701,959.882263183594,340
2250,3069.24305813478,3052.68642515752,959.882263183594,340
2251,3067.1197423099,3051.74079391979,959.882263183594,340
2252,3081.43725937458,3051.27251221856,959.882263183594,340
2253,3071.25825684717,3052.17028796705,959.882263183594,340
2254,3080.73313729521,3053.44445938975,959.882263183594,340
2255,3078.92275278273,3053.7188670725,959.882263183594,340
2256,3077.83132049782,3053.83996592023,959.882263183594,340
2257,3078.05009934182,3055.17478957199,961.411437988281,340
2258,3067.68389605947,3060.0498925557,961.411437988281,340
2259,3085.69383164143,3060.86025360395,961.411437988281,340
2260,3095.11003830037,3063.48409239411,961.411437988281,340
2261,3094.90451460507,3067.08738123967,961.411437988281,340
2262,3093.55016328009,3069.14010056982,961.411437988281,340
2263,3084.69852137988,3069.58780349186,961.411437988281,340
2264,3067.47389693202,3071.67971452482,961.411437988281,340
2265,3079.26138893621,3072.35953245052,961.397155761719,340
2266,3077.11120580976,3072.27863337858,961.397155761719,340
2267,3082.7584292419,3072.45435795179,961.397155761719,340
2268,3094.0623192595,3072.66468996459,961.397155761719,340
2269,3091.03401574497,3072.66597728701,961.397155761719,340
2270,3060.59383025849,3077.3815819764,961.397155761719,340
2271,3053.60453657425,3077.90440964832,961.397155761719,340
2272,3087.9095809807,3077.88553004592,961.397155761719,340
2273,3019.5543636427,3075.78511620766,962.447265625,340
2274,3091.81414909918,3077.2565723332,962.447265625,340
2275,3019.18516011734,3075.2542564125,962.447265625,340
2276,3059.45923240022,3074.94783601611,962.447265625,340
2277,3091.22258976123,3075.33924923158,962.447265625,340
2278,3074.90295948796,3075.48503733721,962.447265625,340
2279,3105.10156537081,3076.45977446024,962.447265625,340
2280,3064.10307008124,3075.86698715218,962.447265625,340
2281,3093.58059882833,3076.4969582854,963.410461425781,340
2282,3072.06129487128,3076.25740610658,963.410461425781,340
2283,3075.54451325293,3076.57183079431,963.410461425781,340
2284,3086.55229164525,3076.60616919447,963.410461425781,340
2285,3086.24805079311,3076.25168969418,963.410461425781,340
2286,3084.92381495803,3075.8524617083,963.410461425781,340
2287,3095.53768465429,3075.93196256326,963.410461425781,340
2288,3067.87692421721,3075.25909867676,963.410461425781,340
2289,3093.49408193903,3076.29990607704,964.50390625,340
2290,3092.06396508704,3076.81200912307,964.50390625,340
2291,3076.40377652538,3076.7837119517,964.50390625,340
2292,3115.84781277887,3078.10728729317,964.50390625,340
2293,2967.28420054931,3073.03616254477,964.50390625,340
2294,3084.67881932091,3072.7819546878,964.50390625,340
2295,3102.97855678216,3074.47734374875,964.50390625,340
2296,3073.7975300196,3075.28506348656,964.50390625,340
2297,3086.168893314,3075.2154359799,964.361267089844,340
2298,3078.472185842,3077.57214886787,964.361267089844,340
2299,3062.87230442745,3076.414475081,964.361267089844,340
2300,3035.07205143096,3077.04995073354,964.361267089844,340
2301,3100.76734553628,3078.70227525899,964.361267089844,340
2302,3079.63903348489,3078.23893300793,964.361267089844,340
2303,3094.7299067182,3079.03201089714,964.361267089844,340
2304,3101.81950423886,3078.90072845186,964.361267089844,340
2305,3099.40799718206,3080.3129255359,964.672302246094,340
2306,3080.52922557422,3079.79087060573,964.672302246094,340
2307,2897.17336267474,3072.79535331787,964.672302246094,340
2308,3096.66920292539,3073.64034090477,964.672302246094,340
2309,3104.98016116361,3074.3774556855,964.672302246094,340
2310,3089.36819466896,3074.50226144054,964.672302246094,340
2311,3093.79741647951,3074.8572055014,964.672302246094,340
2312,3099.49039099143,3075.01531375488,964.672302246094,340
2313,3085.01628414325,3075.70088815192,963.987915039062,340
2314,3092.50654360677,3075.66138661863,963.987915039062,340
2315,3060.51964945563,3074.39961399338,963.987915039062,340
2316,3090.65053935702,3074.96948450664,963.987915039062,340
2317,3099.63873382684,3074.32112134856,963.987915039062,340
2318,3085.54190015755,3079.05142933289,963.987915039062,340
2319,3117.69164620364,3080.3719424082,963.987915039062,340
2320,3076.24006039927,3079.30240255289,963.987915039062,340
2321,3097.22315460846,3080.23942753644,964.234436035156,340
2322,3072.7999441869,3079.70466957136,964.234436035156,340
2323,3097.84850773147,3080.47972244693,964.234436035156,340
2324,3078.0650806297,3081.08743349502,964.234436035156,340
2325,3098.72186044694,3083.63342585566,964.234436035156,340
2326,3102.65414392492,3083.70889779121,964.234436035156,340
2327,3080.40949405949,3083.73971621419,964.234436035156,340
2328,3110.01144933399,3084.35097791883,964.234436035156,340
2329,3068.34534264765,3083.01201145518,964.071655273438,340
2330,3097.68672147846,3082.94316042703,964.071655273438,340
2331,3093.57709728056,3083.46507529529,964.071655273438,340
2332,3099.23428946916,3091.54751236706,964.071655273438,340
2333,3066.05435395719,3090.32291840833,964.071655273438,340
2334,3092.15842936541,3089.81004913641,964.071655273438,340
2335,3068.94728350856,3088.99321268999,964.071655273438,340
2336,3094.45982848431,3089.01970917018,964.071655273438,340
2337,3083.89835126972,3088.39602758131,964.029174804688,340
2338,3085.06683815137,3088.39804974164,964.029174804688,340
2339,3100.88050738621,3088.73300829282,964.029174804688,340
2340,3105.14268276978,3090.51792962538,964.029174804688,340
2341,3100.25444905108,3090.90208601315,964.029174804688,340
2342,3080.75508253702,3090.14673996155,964.029174804688,340
2343,3119.23488885519,3091.49445950946,964.029174804688,340
2344,3093.87036728223,3090.5416083526,964.029174804688,340
2345,3066.93525302151,3090.16941605749,964.888854980469,340
2346,3072.46501086761,3089.17909030786,964.888854980469,340
2347,3083.74782715557,3089.6170056266,964.888854980469,340
2348,3061.55495685295,3088.16526359146,964.888854980469,340
2349,3080.23355896115,3088.25200272472,964.888854980469,340
2350,3070.50059038313,3087.12315192217,964.888854980469,340
2351,3069.40906705992,3085.79334884757,964.888854980469,340
2352,3033.48221947886,3083.91625786434,964.888854980469,340
2353,3077.46320501986,3082.61432809178,964.916320800781,340
2354,3075.75723726686,3082.91080387655,964.916320800781,340
2355,3099.73188620735,3082.9926104657,964.916320800781,340
2356,3090.99974526588,3082.88951638512,964.916320800781,340
2357,3079.1946001144,3082.08792881093,964.916320800781,340
2358,3086.70773659153,3082.9140641163,964.916320800781,340
2359,3076.06098410553,3082.2701663059,964.916320800781,340
2360,3076.47035410495,3082.57108912976,964.916320800781,340
2361,3079.19008138087,3081.96029924562,964.621948242188,340
2362,3066.40721380784,3081.26065374715,964.621948242188,340
2363,3102.40437662493,3081.95415528609,964.621948242188,340
2364,3092.716608424,3081.6275993276,964.621948242188,340
2365,3100.5597950604,3081.44428381922,964.621948242188,340
2366,3071.06460737846,3080.27669015232,964.621948242188,340
2367,3078.55121143814,3080.18853530836,964.621948242188,340
2368,3070.97872569189,3078.25828878183,964.621948242188,340
2369,3023.66830174695,3075.45020616042,964.659484863281,340
2370,3100.07189362894,3076.77567178472,964.659484863281,340
2371,3104.20448914658,3078.04525091588,964.659484863281,340
2372,3060.35736407263,3077.10963239256,964.659484863281,340
2373,3095.6767881939,3078.4745056462,964.659484863281,340
2374,3096.53291598304,3079.12647992707,964.659484863281,340
2375,3101.86214765394,3080.38094221791,964.659484863281,340
2376,3119.34555483618,3082.37840172896,964.659484863281,340
2377,3047.3073470738,3082.93140683275,965.376037597656,340
2378,3097.77799526244,3083.74399844246,965.376037597656,340
2379,3101.51782522856,3084.77442196093,965.376037597656,340
2380,3094.55953845257,3084.56752805074,965.376037597656,340
2381,3081.96600653063,3084.20617850132,965.376037597656,340
2382,3113.79793902342,3085.59031205768,965.376037597656,340
2383,3085.47022898011,3085.54081175323,965.376037597656,340
2384,3104.21743222395,3086.66706967796,965.376037597656,340
2385,3106.52415923112,3087.86922188301,965.858825683594,340
2386,3086.0982975017,3088.14555052784,965.858825683594,340
2387,3110.29676313957,3089.90113250111,965.858825683594,340
2388,3098.41671807814,3089.74162615924,965.858825683594,340
2389,3094.84737181607,3089.82685669493,965.858825683594,340
2390,3122.67595418284,3090.71150305982,965.858825683594,340
2391,3100.30319812961,3091.88104668987,965.858825683594,340
2392,3090.2546332318,3092.34918356162,965.858825683594,340
2393,3101.34765010012,3093.56394053795,965.914428710938,340
2394,3080.64588740104,3095.84304396411,965.914428710938,340
2395,3097.50586104277,3095.74040266066,965.914428710938,340
2396,3112.17097466949,3096.05906208158,965.914428710938,340
2397,3091.82442281428,3097.31774443124,965.914428710938,340
2398,3097.6225034047,3097.39557303968,965.914428710938,340
2399,3079.87554151877,3096.7292780611,965.914428710938,340
2400,3105.70494838458,3096.88299009033,965.914428710938,340
2401,3119.06739894153,3096.87186385454,966.29931640625,340
2402,3120.91022935083,3099.81597914563,966.29931640625,340
2403,3108.60287984498,3100.24897452893,966.29931640625,340
2404,3118.85810031323,3100.94258553231,966.29931640625,340
2405,3114.56849042722,3101.7429436113,966.29931640625,340
2406,3087.92482770183,3101.98129645815,966.29931640625,340
2407,3140.96394081203,3103.06793652969,966.29931640625,340
2408,3102.8607719557,3103.76355824872,966.29931640625,340
2409,3093.6341697216,3103.34022774862,966.329772949219,340
2410,3077.61222492225,3102.18375037627,966.329772949219,340
2411,3094.58523337543,3102.52322781122,966.329772949219,340
2412,3119.53417030649,3102.89272409789,966.329772949219,340
2413,3085.63250134636,3102.38135542862,966.329772949219,340
2414,3096.78606526237,3102.45890316647,966.329772949219,340
2415,3090.6295845567,3101.17704838143,966.329772949219,340
2416,3096.77778852278,3101.03603199716,966.329772949219,340
2417,3104.05856767226,3101.58818937477,966.725891113281,340
2418,3099.38462718085,3101.509668458,966.725891113281,340
2419,3101.8485212255,3102.35777381098,966.725891113281,340
2420,3091.65697386159,3102.12381832374,966.725891113281,340
2421,3023.03336915754,3098.55831410326,966.725891113281,340
2422,3075.95696156777,3097.9236156534,966.725891113281,340
2423,3134.40106536659,3099.39475813187,966.725891113281,340
2424,3106.41196283191,3100.4562149844,966.725891113281,340
2425,3114.43859713729,3100.80556093451,967.034057617188,340
2426,3099.27287654562,3100.01378003867,967.034057617188,340
2427,3108.19661231675,3099.50523535731,967.034057617188,340
2428,3090.01192768092,3098.76159727074,967.034057617188,340
2429,3067.05264587605,3096.68937909326,967.034057617188,340
2430,3097.0235766715,3095.98758254303,967.034057617188,340
2431,3115.57085331761,3097.09342356766,967.034057617188,340
2432,3117.47540129974,3096.15388198717,967.034057617188,340
2433,3129.32506014572,3097.21245351477,967.718200683594,340
2434,3078.78854203509,3096.61862840731,967.718200683594,340
2435,3132.60218470836,3098.81822679875,967.718200683594,340
2436,3066.02334670189,3097.67575133181,967.718200683594,340
2437,3126.95286978001,3097.97249931075,967.718200683594,340
2438,3103.26581676898,3098.67783192766,967.718200683594,340
2439,3011.54724462749,3095.26827910226,967.718200683594,340
2440,3120.07669391281,3096.4461634765,967.718200683594,340
2441,2950.11945559349,3090.57983015933,967.952575683594,340
2442,3036.91807777528,3087.89421056345,967.952575683594,340
2443,3111.5138083059,3088.37937780846,967.952575683594,340
2444,3102.94603541156,3088.4232783759,967.952575683594,340
2445,3110.02280775134,3089.15791173149,967.952575683594,340
2446,3066.16167090009,3090.88304380119,967.952575683594,340
2447,3066.37142873271,3090.49962248779,967.952575683594,340
2448,3122.44889700054,3090.02153575315,967.952575683594,340
2449,3107.72513258846,3090.07406254341,966.862243652344,340
2450,2980.07613371651,3084.69956400658,966.862243652344,340
2451,3119.23087759102,3085.49788404839,966.862243652344,340
2452,3103.17244849233,3085.29691749541,966.862243652344,340
2453,3122.91691839926,3086.61311712415,966.862243652344,340
2454,3065.15909414741,3086.537375055,966.862243652344,340
2455,3110.27559793579,3087.06745590557,966.862243652344,340
2456,3068.44734443358,3085.18251555021,966.862243652344,340
2457,3129.38811683242,3085.65902417152,965.485046386719,340
2458,3116.57741587007,3085.14911840049,965.485046386719,340
2459,3131.79456092101,3087.26935915593,965.485046386719,340
2460,3083.00654024216,3085.28553337728,965.485046386719,340
2461,3112.58122647598,3087.14784856825,965.485046386719,340
2462,3072.75336132235,3084.97986822994,965.485046386719,340
2463,3127.06395834342,3085.93179389292,965.485046386719,340
2464,3122.6543642173,3090.37607867651,965.485046386719,340
2465,3120.08144937355,3090.37626889494,966.638244628906,340
2466,3092.29029397707,3096.06310243028,966.638244628906,340
2467,3108.45380784529,3098.92453163308,966.638244628906,340
2468,3117.23591848202,3099.15341604013,966.638244628906,340
2469,3128.2123255868,3100.16406764714,966.638244628906,340
2470,3093.35262725595,3099.49726042732,966.638244628906,340
2471,3072.67830109737,3099.75792563521,966.638244628906,340
2472,3134.33774037763,3102.47657810101,966.638244628906,340
2473,3109.9708796612,3101.97745740744,967.578125,340
2474,3116.84421311723,3102.34222062859,967.578125,340
2475,3092.846257228,3106.85302556905,967.578125,340
2476,3120.88133143397,3106.91904372277,967.578125,340
2477,3092.88067282864,3106.50737269622,967.578125,340
2478,3131.70649321453,3106.85895568883,967.578125,340
2479,3112.44106805842,3108.75023464527,967.578125,340
2480,3089.03954718147,3107.9007926151,967.578125,340
2481,3108.50534664695,3109.50311270363,968.1337890625,340
2482,3058.64920930016,3106.67355640234,968.1337890625,340
2483,3136.43437169762,3107.46783463544,968.1337890625,340
2484,3108.50064210539,3106.53607788282,968.1337890625,340
2485,3139.27741584484,3108.78691290692,968.1337890625,340
2486,3123.67859820275,3109.230807776,968.1337890625,340
2487,3089.9148272556,3109.91726641333,968.1337890625,340
2488,3130.79716759385,3110.06659478334,968.1337890625,340
2489,3101.15376999931,3109.20657101462,969.660461425781,340
2490,3129.14853179616,3109.56925431153,969.660461425781,340
2491,3128.27564510284,3111.00866835656,969.660461425781,340
2492,3109.6165712088,3111.0551788911,969.660461425781,340
2493,3136.0287292463,3111.80689132167,969.660461425781,340
2494,3094.26449716156,3110.44897818466,969.660461425781,340
2495,3114.49169157725,3111.29454075751,969.660461425781,340
2496,3122.64313059109,3113.29313393726,969.660461425781,340
2497,3102.45939649547,3112.01800018198,970.771789550781,340
2498,3117.94438646126,3112.33694045398,970.771789550781,340
2499,3099.53541093083,3111.64458836652,970.771789550781,340
2500,3111.83219099408,3112.40402571717,970.771789550781,340
2501,3140.94898219947,3113.20673174779,970.771789550781,340
2502,3124.26375683023,3114.46205510785,970.771789550781,340
2503,3107.6303969374,3113.49901125676,970.771789550781,340
2504,3096.07814836996,3112.84449446923,970.771789550781,340
2505,3123.4216736185,3114.21977952671,969.652282714844,340
2506,3115.05147543774,3114.48162467834,969.652282714844,340
2507,3032.34512535389,3113.42946132049,969.652282714844,340
2508,2966.96481078937,3106.65067888416,969.652282714844,340
2509,3034.61549764595,3103.69527310578,969.652282714844,340
2510,3106.85839438232,3102.39851224728,969.652282714844,340
2511,3095.12167466424,3101.25623530574,969.652282714844,340
2512,3040.80874070847,3099.29199184385,969.652282714844,340
2513,2469.73942697984,3072.84968221929,970.416748046875,340
2514,2305.05397039016,3041.00569023493,970.416748046875,340
2515,2472.05298200996,3014.72186824348,970.416748046875,340
2516,2245.5927057935,2979.41455067111,970.416748046875,340
2517,2563.944216283,2957.58765647407,970.416748046875,340
2518,2434.03735415308,2929.50800147034,970.416748046875,340
2519,2480.92967760086,2904.97460868792,970.416748046875,340
2520,2623.66312755824,2885.34146612716,970.416748046875,340
2521,1335.86939205038,2813.87051658553,969.294311523438,340
2522,1554.0437749237,2751.93389172266,969.294311523438,340
2523,1581.12626209647,2690.46116674807,969.294311523438,340
2524,1588.06485375889,2630.00234446119,969.294311523438,340
2525,1525.06696996836,2566.53173562016,969.294311523438,340
2526,1162.97302621919,2487.41269738095,969.294311523438,340
2527,1948.10801710148,2440.3664677918,969.294311523438,340
2528,1649.20128833458,2382.02930344768,969.294311523438,340
2529,1080.94943571344,2301.42415494142,959.380004882812,340
2530,1326.21207026199,2229.53577080716,959.380004882812,340
2531,1131.72913601807,2150.20287723038,959.380004882812,340
2532,1293.54857767253,2080.65101532312,959.380004882812,340
2533,1233.99043728399,2011.33204038291,959.380004882812,340
2534,1174.0435737493,1936.90916342704,959.380004882812,340
2535,1110.8338550488,1857.0681818537,959.380004882812,340
2536,1179.83496641917,1780.4567135239,959.380004882812,340
2537,973.403707657461,1697.76051220186,957.964721679688,340
2538,954.011300526418,1637.13138714372,957.964721679688,340
2539,1171.61588464239,1591.79386371381,957.964721679688,340
2540,1070.58780911877,1535.73525679816,957.964721679688,340
2541,1230.23881939836,1495.12110134236,957.964721679688,340
2542,1247.87191958908,1442.4782094746,957.964721679688,340
2543,1074.86651492858,1388.11137590562,957.964721679688,340
2544,1096.11252161507,1332.71868966619,957.964721679688,340
2545,1197.68768746439,1275.67967206243,948.7001953125,340
2546,1159.72234971818,1268.63379036915,948.7001953125,340
2547,1257.08981056029,1256.75563179461,948.7001953125,340
2548,941.937988651546,1231.18810085681,948.7001953125,340
2549,988.21981553323,1207.19429932779,948.7001953125,340
2550,1339.99222610345,1199.79130957319,948.7001953125,340
2551,1543.5011622431,1215.01243501415,948.7001953125,340
2552,1190.91052712515,1184.72453541509,948.7001953125,340
2553,1438.29704093197,1176.28836551899,933.958068847656,340
2554,1310.68161484132,1185.4776526841,933.958068847656,340
2555,1054.3288967359,1174.60232574306,933.958068847656,340
2556,1429.52084043205,1186.51399391962,933.958068847656,340
2557,1428.724875552,1191.9210458348,933.958068847656,340
2558,1254.37824908002,1192.73655830664,933.958068847656,340
2559,1302.13878344073,1197.8603666943,933.958068847656,340
2560,1019.5215289416,1194.20787365001,933.958068847656,340
2561,1579.97897919537,1210.21363416106,918.458190917969,340
2562,1018.42663479,1212.01455124636,918.458190917969,340
2563,1126.43224100054,1218.91138886532,918.458190917969,340
2564,1461.84229040041,1230.52044509564,918.458190917969,340
2565,1643.22632807345,1253.42598585383,918.458190917969,340
2566,1647.71840117239,1270.12516912479,918.458190917969,340
2567,1611.85303062926,1284.6844135664,918.458190917969,340
2568,1703.73120680333,1309.83900124139,918.458190917969,340
2569,1275.68052599843,1317.02172141673,898.174560546875,340
2570,1611.89876581223,1333.59016455064,898.174560546875,340
2571,1600.30944535522,1351.21364837612,898.174560546875,340
2572,1697.32792566651,1368.82317298037,898.174560546875,340
2573,1598.74139703662,1395.09530931577,898.174560546875,340
2574,1541.60589255311,1417.23075239657,898.174560546875,340
2575,1079.19130563868,1406.79871557798,898.174560546875,340
2576,2065.79678366173,1427.69054043472,898.174560546875,340
2577,1227.04569787442,1429.13594726469,872.813110351562,340
2578,1275.02377045567,1422.60501644564,872.813110351562,340
2579,1242.80068400151,1419.88977921205,872.813110351562,340
2580,1447.02038876954,1435.59743889339,872.813110351562,340
2581,1732.36788608731,1447.7113207196,872.813110351562,340
2582,1634.77885678578,1455.95347996896,872.813110351562,340
2583,1745.22138716772,1475.58720549246,872.813110351562,340
2584,1510.74487061622,1483.93144897948,872.813110351562,340
2585,1352.10408202951,1497.234751103,855.456665039062,340
2586,2166.82854594982,1520.70873377318,855.456665039062,340
2587,2252.2250247788,1570.06066937273,855.456665039062,340
2588,1793.70751912188,1596.75168049758,855.456665039062,340
2589,2082.09283549768,1621.56170230147,855.456665039062,340
2590,1669.29794473547,1622.60456696795,855.456665039062,340
2591,1470.96154720697,1615.53429280934,855.456665039062,340
2592,1129.81053612811,1596.25259302929,855.456665039062,340
2593,1506.06724385105,1588.3460345112,830.025451660156,340
2594,1709.73322633567,1605.70814252469,830.025451660156,340
2595,2031.51661886446,1622.49285664678,830.025451660156,340
2596,1442.42546487009,1616.17749742737,830.025451660156,340
2597,1822.65803368882,1621.19070174827,830.025451660156,340
2598,2168.92826879431,1643.99817661857,830.025451660156,340
2599,676.687873745114,1609.40145586625,830.025451660156,340
2600,2169.69720978093,1653.02169203194,830.025451660156,340
2601,2245.04635001757,1660.19167468618,796.1904296875,340
2602,1730.98373757331,1680.34919627413,796.1904296875,340
2603,2116.43814683142,1714.00577132916,796.1904296875,340
2604,1791.58874884081,1735.95729392274,796.1904296875,340
2605,1357.95834722828,1732.39481226109,796.1904296875,340
2606,2140.51285020389,1748.72061082575,796.1904296875,340
2607,1528.21599356296,1744.45809629684,796.1904296875,340
2608,2185.88968068555,1762.08482803755,796.1904296875,340
2609,2394.79267502768,1797.44674021401,778.560852050781,340
2610,1825.21033976752,1816.37099052353,778.560852050781,340
2611,2207.86412283252,1818.01241359883,778.560852050781,340
2612,2532.29996685934,1829.21541128206,778.560852050781,340
2613,1840.36330187204,1831.08164259206,778.560852050781,340
2614,2331.13305289284,1841.04325128787,778.560852050781,340
2615,2341.02603224971,1867.91237478844,778.560852050781,340
2616,2251.85314991036,1899.14803889657,778.560852050781,340
2617,2480.02019988009,1953.15642544665,769.160034179688,340
2618,2305.8746671556,1985.14872237884,769.160034179688,340
2619,2107.73840262888,2001.06892943056,769.160034179688,340
2620,2291.20754122884,2011.45656632514,769.160034179688,340
2621,2464.33349944919,2052.3328877083,769.160034179688,340
2622,2378.17121622869,2074.5534150099,769.160034179688,340
2623,2601.59568529709,2091.86011167001,769.160034179688,340
2624,2594.31167231878,2168.56506361296,769.160034179688,340
2625,2265.50314277122,2172.39730093257,762.424926757812,340
2626,2446.95227692022,2180.47353800867,762.424926757812,340
2627,2411.38485203692,2207.68958258722,762.424926757812,340
2628,2437.84302624322,2220.54577776369,762.424926757812,340
2629,2465.80812799017,2247.51455292966,762.424926757812,340
2630,2295.68607792666,2285.0236621576,762.424926757812,340
2631,2228.55954603193,2288.54552999072,762.424926757812,340
2632,2233.08634870329,2316.74034419633,762.424926757812,340
2633,2519.61492559729,2330.0893539928,764.174194335938,340
2634,2300.285816665,2326.30907965829,764.174194335938,340
2635,2431.5349168506,2350.56206274162,764.174194335938,340
2636,2503.6673902459,2362.39419343815,764.174194335938,340
2637,2247.58756835969,2351.00569749817,764.174194335938,340
2638,2217.14597253944,2366.07700432486,764.174194335938,340
2639,2585.94634288563,2376.26953592458,764.174194335938,340
2640,2460.39857431026,2381.044437607,764.174194335938,340
2641,2580.98497344267,2394.20971054829,770.454772949219,340
2642,2307.93406869431,2387.32626530086,770.454772949219,340
2643,2719.30422711022,2403.86344769904,770.454772949219,340
2644,2476.78068695417,2418.62513907206,770.454772949219,340
2645,2400.12500910297,2422.98183778702,770.454772949219,340
2646,2415.47229557819,2421.02738963218,770.454772949219,340
2647,2324.85955821491,2418.89492331163,770.454772949219,340
2648,2399.3510959575,2410.80513973805,770.454772949219,340
2649,2790.42609008588,2418.64971644873,778.465942382812,340
2650,1792.85027329586,2399.74360166972,778.465942382812,340
2651,2512.76646476977,2402.3761691837,778.465942382812,340
2652,2751.15414290745,2415.96694081852,778.465942382812,340
2653,2711.23965404882,2426.90280593074,778.465942382812,340
2654,2463.24062538449,2426.80010582652,778.465942382812,340
2655,2632.43586275672,2440.27009721972,778.465942382812,340
2656,2662.39844669899,2457.6236532464,778.465942382812,340
2657,2685.29979865318,2475.7121912444,794.020629882812,340
2658,2461.42812930243,2473.3847193926,794.020629882812,340
2659,2483.53695637121,2480.71476498085,794.020629882812,340
2660,2639.59502085664,2489.03716914109,794.020629882812,340
2661,2616.50638727818,2493.55072902238,794.020629882812,340
2662,2619.10496957813,2508.41142507112,794.020629882812,340
2663,2658.13823122074,2526.05111541837,794.020629882812,340
2664,2265.27712478113,2513.22434669419,794.020629882812,340
2665,2820.15411595774,2527.61456836009,804.216247558594,340
2666,2827.0672431981,2537.45785915031,804.216247558594,340
2667,2874.0993014589,2560.10446846089,804.216247558594,340
2668,2708.89160857108,2559.68796371933,804.216247558594,340
2669,2534.49915532592,2561.9967024542,804.216247558594,340
2670,2710.79756703082,2574.42360477131,804.216247558594,340
2671,2611.68783370176,2582.27222629625,804.216247558594,340
2672,2361.93203405836,2583.75512532999,804.216247558594,340
2673,2744.44710759718,2597.55896579558,810.974487304688,340
2674,2728.46239127156,2595.08041784301,810.974487304688,340
2675,2549.26099322719,2625.33684664026,810.974487304688,340
2676,2655.99796395811,2631.06610660779,810.974487304688,340
2677,2652.41281590991,2627.11645352789,810.974487304688,340
2678,2748.98992738548,2628.62646446136,810.974487304688,340
2679,2869.38784915131,2644.87235341203,810.974487304688,340
2680,2129.0812631421,2624.73816942745,810.974487304688,340
2681,2668.64562679768,2624.98805663139,818.276428222656,340
2682,2492.68352794723,2617.28340580315,818.276428222656,340
2683,2589.69505995668,2622.41408302932,818.276428222656,340
2684,2846.29350124361,2636.92434482422,818.276428222656,340
2685,2288.31693210464,2622.87322127414,818.276428222656,340
2686,2454.815066507,2616.40556844329,818.276428222656,340
2687,2621.76433801893,2616.51194318093,818.276428222656,340
2688,2408.48250079289,2606.52571396381,818.276428222656,340
2689,2856.10422010663,2630.15879777683,830.487121582031,340
2690,2685.00416258955,2624.7527996421,830.487121582031,340
2691,2873.04692230438,2626.59198680636,830.487121582031,340
2692,2793.28754901872,2623.35951670875,830.487121582031,340
2693,2779.67445554161,2626.19083058757,830.487121582031,340
2694,2651.82832508712,2630.88399737802,830.487121582031,340
2695,2647.7688760891,2628.36284974035,830.487121582031,340
2696,2736.04637401085,2633.33719135271,830.487121582031,340
2697,2759.90350792726,2649.25605030747,838.424438476562,340
2698,2827.84468936201,2652.59195357806,838.424438476562,340
2699,2842.270775871,2657.14428896204,838.424438476562,340
2700,2844.93854022665,2668.97139084202,838.424438476562,340
2701,2861.50807043596,2677.19179510113,838.424438476562,340
2702,2856.68606817282,2685.36272519165,838.424438476562,340
2703,2904.68238624616,2691.59042354608,838.424438476562,340
2704,2701.92066786492,2684.89173629462,838.424438476562,340
2705,2850.52777975677,2713.74959695921,847.608825683594,340
2706,2775.5576919999,2718.0260795673,847.608825683594,340
2707,2864.03255237986,2732.8800405446,847.608825683594,340
2708,2905.47991166014,2745.51143461274,847.608825683594,340
2709,2201.51714418168,2719.72038033026,847.608825683594,340
2710,2866.87765904821,2742.862809408,847.608825683594,340
2711,2869.60941413455,2759.45458331311,847.608825683594,340
2712,2887.04370437953,2770.06575796753,847.608825683594,340
2713,2867.63258987546,2788.43176153083,854.439270019531,340
2714,2896.08088873742,2790.03082827606,854.439270019531,340
2715,2867.6678208799,2797.33737460768,854.439270019531,340
2716,2936.26312406895,2799.86602267826,854.439270019531,340
2717,2884.27668455426,2803.50558809968,854.439270019531,340
2718,2852.35353599608,2806.41275131786,854.439270019531,340
2719,2834.70082023883,2813.72765112393,854.439270019531,340
2720,2804.67171842354,2820.00376481731,854.439270019531,340
2721,2893.59179413991,2826.30558162247,862.73583984375,340
2722,2831.72671729356,2829.17850999712,862.73583984375,340
2723,2863.00229951919,2830.58481440341,862.73583984375,340
2724,2912.2387920772,2833.38353505166,862.73583984375,340
2725,2950.84947716568,2837.61997252922,862.73583984375,340
2726,2943.02137391091,2840.88050466822,862.73583984375,340
2727,2910.69469761552,2843.04084984593,862.73583984375,340
2728,2941.56347235201,2844.51609329016,862.73583984375,340
2729,2961.01868324413,2854.88001390533,871.359313964844,340
2730,2916.110249902,2857.50331271114,871.359313964844,340
2731,2898.97692930636,2862.4400822034,871.359313964844,340
2732,2981.39987836058,2867.13477524262,871.359313964844,340
2733,2887.91910998821,2866.43234317575,871.359313964844,340
2734,2872.07835939493,2893.25479178428,871.359313964844,340
2735,2930.94224051249,2895.81737504285,871.359313964844,340
2736,2887.15220077331,2896.5190865084,871.359313964844,340
2737,2872.96977627288,2895.95612938413,876.655334472656,340
2738,2930.92166135414,2898.48769224328,876.655334472656,340
2739,2966.7117111134,2901.31292513832,876.655334472656,340
2740,2936.34750507018,2904.06011250593,876.655334472656,340
2741,2931.60279724449,2903.87369943295,876.655334472656,340
2742,2956.54115109512,2906.76427809459,876.655334472656,340
2743,2964.54957061428,2911.25211947931,876.655334472656,340
2744,2937.06682435369,2915.34675964391,876.655334472656,340
2745,2947.15498143274,2921.04609016428,883.311950683594,340
2746,2955.61048995585,2923.52683799691,883.311950683594,340
2747,2986.11338525235,2929.70230471527,883.311950683594,340
2748,2940.40219668253,2932.7983006018,883.311950683594,340
2749,2931.74797842955,2933.57866805589,883.311950683594,340
2750,2888.16468524234,2931.07127637896,883.311950683594,340
2751,2988.19473487401,2932.87821081748,883.311950683594,340
2752,2961.86734101253,2934.92511655336,883.311950683594,340
2753,2789.35539801277,2928.8367935798,890.290893554688,340
2754,2942.07763299241,2928.07915156973,890.290893554688,340
2755,2958.75537994638,2929.7849567715,890.290893554688,340
2756,2947.1800805772,2931.71308282233,890.290893554688,340
2757,2963.00557504127,2930.97731068956,890.290893554688,340
2758,2937.3388827948,2932.95410160183,890.290893554688,340
2759,2944.76148942524,2935.86142680304,890.290893554688,340
2760,2961.964672808,2937.10232409486,890.290893554688,340
2761,2946.62046838281,2939.48105479924,899.119384765625,340
2762,2920.57269217643,2941.38517143538,899.119384765625,340
2763,2917.87474015739,2940.86329458751,899.119384765625,340
2764,2991.22218348303,2941.8437134823,899.119384765625,340
2765,2956.82911052958,2942.66297770067,899.119384765625,340
2766,2896.58876518038,2941.26241641811,899.119384765625,340
2767,2893.42322662731,2938.7376994394,899.119384765625,340
2768,2909.58075816849,2936.53894694156,899.119384765625,340
2769,2937.78053986653,2936.56749556208,900.682861328125,340
2770,2918.46035937375,2935.41971067972,900.682861328125,340
2771,3012.18909171478,2937.68285475007,900.682861328125,340
2772,2959.81174691171,2936.63078921645,900.682861328125,340
2773,2995.47736963754,2938.83379613465,900.682861328125,340
2774,2879.73937977054,2936.75345218829,900.682861328125,340
2775,2867.41320244043,2935.92339287621,900.682861328125,340
2776,2893.32870985509,2932.12875187546,900.682861328125,340
2777,2956.25596491757,2931.90429683166,905.858154296875,340
2778,2938.36132790761,2937.86453402745,905.858154296875,340
2779,2942.21197337375,2937.8699076427,905.858154296875,340
2780,2958.48430940494,2937.85906482105,905.858154296875,340
2781,2917.04959526157,2936.65384540842,905.858154296875,340
2782,2969.82273392404,2936.92653176373,905.858154296875,340
2783,2936.67322539156,2936.8999054676,905.858154296875,340
2784,2875.68073390774,2934.1366752469,905.858154296875,340
2785,2990.59178113543,2935.28175958,907.877014160156,340
2786,2985.67555581993,2936.84396307749,907.877014160156,340
2787,2930.53319981125,2937.24238338288,907.877014160156,340
2788,2954.04664885758,2938.68925973089,907.877014160156,340
2789,2965.20472222799,2937.64856128068,907.877014160156,340
2790,2927.03448367804,2936.45677620662,907.877014160156,340
2791,2957.44547242248,2938.89104449631,907.877014160156,340
2792,2968.19975240901,2941.88210552757,907.877014160156,340
2793,3001.53087818313,2945.56011032816,914.903015136719,340
2794,2917.49864559535,2944.74883455731,914.903015136719,340
2795,2950.76599166182,2946.04105984884,914.903015136719,340
2796,2873.46476264256,2940.49208668595,914.903015136719,340
2797,2994.68498556854,2941.88701623222,914.903015136719,340
2798,2877.38258818581,2937.16322497415,914.903015136719,340
2799,2945.81393165563,2939.80620704955,914.903015136719,340
2800,3002.53423125347,2945.21104820208,914.903015136719,340
2801,3016.17325798185,2950.12483012715,916.774597167969,340
2802,2931.92228692691,2949.15148300752,916.774597167969,340
2803,3010.58941888279,2952.04060664653,916.774597167969,340
2804,3038.22583295593,2955.88116102981,916.774597167969,340
2805,2975.46852358949,2956.5605295972,916.774597167969,340
2806,2972.03596629922,2958.7599844387,916.774597167969,340
2807,2883.52867599653,2955.3082221216,916.774597167969,340
2808,2975.60670131356,2956.86556115848,916.774597167969,340
2809,2974.540811098,2960.81996424609,922.012573242188,340
2810,2938.47132817587,2958.73514612771,922.012573242188,340
2811,2968.79695487641,2958.06000208997,922.012573242188,340
2812,2923.57099600496,2957.78151393772,922.012573242188,340
2813,2855.28984137837,2953.83124163855,922.012573242188,340
2814,2919.5500682975,2952.00505548133,922.012573242188,340
2815,2912.22627102804,2951.41272697533,922.012573242188,340
2816,2924.62970562049,2950.10009630325,922.012573242188,340
2817,2873.06555064039,2946.29472823251,921.451599121094,340
2818,2727.00197349873,2935.31357204513,921.451599121094,340
2819,2745.81112249202,2928.446071121,921.451599121094,340
2820,2918.3917361069,2927.1511008988,921.451599121094,340
2821,2733.76026029216,2921.56292080478,921.451599121094,340
2822,2908.01266407749,2918.09602794514,921.451599121094,340
2823,2923.31789648535,2919.93344027712,921.451599121094,340
2824,2876.71588383696,2917.16951836438,921.451599121094,340
2825,2905.55197047632,2913.29022793329,925.913024902344,340
2826,2892.11362528312,2908.32784262534,925.913024902344,340
2827,2948.13412935479,2908.97631632246,925.913024902344,340
2828,2719.2812281551,2897.32398869335,925.913024902344,340
2829,2909.46689469764,2892.17363116302,925.913024902344,340
2830,2990.18010617946,2892.76209446662,925.913024902344,340
2831,2765.91629058624,2884.5173074381,925.913024902344,340
2832,2920.64899471175,2886.00212018671,925.913024902344,340
2833,2940.58883146169,2884.60140539263,925.049133300781,340
2834,2868.46259250849,2880.35827664905,925.049133300781,340
2835,2992.37895392582,2882.51458167905,925.049133300781,340
2836,2957.28337437492,2882.05403845899,925.049133300781,340
2837,2976.32282191252,2884.16411149529,925.049133300781,340
2838,2966.2982828967,2888.60444915602,925.049133300781,340
2839,2864.07692812949,2886.3855235493,925.049133300781,340
2840,2925.99957547255,2886.93645572708,925.049133300781,340
2841,2942.27615586684,2887.64231373694,922.280578613281,340
2842,2795.21287769469,2884.52820681911,922.280578613281,340
2843,2967.3328078993,2894.14144019513,922.280578613281,340
2844,2886.56411204019,2899.77155977706,922.280578613281,340
2845,2930.67223067264,2900.26277955969,922.280578613281,340
2846,2927.4939102451,2908.01212555781,922.280578613281,340
2847,2951.63755093967,2909.75712103229,922.280578613281,340
2848,2832.5217758969,2906.12527620876,922.280578613281,340
2849,2878.87347276052,2906.2115797657,928.067749023438,340
2850,2869.61284802703,2904.77401486773,928.067749023438,340
2851,2888.25819667736,2904.6197977235,928.067749023438,340
2852,2794.64469445891,2898.48022032766,928.067749023438,340
2853,2884.0952954514,2905.07278301951,928.067749023438,340
2854,2913.12958038248,2905.21929044691,928.067749023438,340
2855,2812.20163971251,2898.10015178823,928.067749023438,340
2856,2821.04200068223,2900.30518019207,928.067749023438,340
2857,2772.52006024469,2894.38002281339,928.956665039062,340
2858,2809.4559083253,2889.13470588793,928.956665039062,340
2859,2759.11694400337,2884.76087994773,928.956665039062,340
2860,2869.0107307603,2879.82615102111,928.956665039062,340
2861,2825.12655251513,2874.53987814671,928.956665039062,340
2862,2921.46119424783,2872.34541304013,928.956665039062,340
2863,2899.49187669699,2869.67315679214,928.956665039062,340
2864,2998.00319329418,2875.03020739872,928.956665039062,340
2865,2866.68179116559,2872.65749602645,927.729919433594,340
2866,2953.40517810171,2873.10265691584,927.729919433594,340
2867,2935.87444357506,2878.72911955106,927.729919433594,340
2868,2871.81965354702,2874.90859337697,927.729919433594,340
2869,2934.70738342117,2876.8343242322,927.729919433594,340
2870,2835.23837187319,2873.01696988023,927.729919433594,340
2871,2953.0988336727,2874.04116681733,927.729919433594,340
2872,2973.55424536324,2874.91783459427,927.729919433594,340
2873,2869.73512193078,2876.40636843563,927.263977050781,340
2874,2868.25200090247,2875.98150956131,927.263977050781,340
2875,2766.83014732092,2871.87020153306,927.263977050781,340
2876,2939.99421097856,2873.93964210511,927.263977050781,340
2877,2971.50582391495,2881.01408728335,927.263977050781,340
2878,2928.03983715219,2882.77186895138,927.263977050781,340
2879,2951.53243265733,2884.30798304238,927.263977050781,340
2880,2921.50156393722,2888.67998001136,927.263977050781,340
2881,2798.82950389475,2887.79148013987,926.970764160156,340
2882,2972.56201748619,2895.79315842953,926.970764160156,340
2883,2792.98008063231,2895.13412532181,926.970764160156,340
2884,2994.8083024708,2904.5617796605,926.970764160156,340
2885,2447.61562637762,2887.7059754852,926.970764160156,340
2886,2963.03846366493,2893.22245193119,926.970764160156,340
2887,2933.09998709869,2893.68800364522,926.970764160156,340
2888,2982.58761585161,2897.01183321141,926.970764160156,340
2889,2269.32142832945,2867.86456261282,925.462890625,340
2890,3009.61590707528,2873.58192724921,925.462890625,340
2891,2849.55974986422,2869.42811011971,925.462890625,340
2892,2898.66922550225,2867.93990139679,925.462890625,340
2893,2440.90367590663,2850.70326229118,925.462890625,340
2894,2995.28305796871,2853.12628927308,925.462890625,340
2895,2894.99040625729,2855.51637064844,925.462890625,340
2896,3021.41069541387,2858.24884511809,925.462890625,340
2897,2982.00234721522,2858.58676919217,931.6884765625,340
2898,2648.14563358352,2849.72318965828,931.6884765625,340
2899,2945.99520225573,2852.83291771241,931.6884765625,340
2900,2842.86315784897,2855.87423813353,931.6884765625,340
2901,2931.86188944965,2855.54894527238,931.6884765625,340
2902,2988.97974646261,2856.24790217428,931.6884765625,340
2903,2954.03892462424,2857.28786567316,931.6884765625,340
2904,2927.00788385311,2856.30688372099,931.6884765625,340
2905,2901.29762195281,2855.49872604162,930.781616210938,340
2906,2975.54866798795,2862.56749260535,930.781616210938,340
2907,2716.70367460961,2852.33315889028,930.781616210938,340
2908,2916.36208697623,2857.26843914404,930.781616210938,340
2909,2894.99505316698,2853.27590917189,930.781616210938,340
2910,2998.33471858543,2875.3046728602,930.781616210938,340
2911,2899.66498241086,2872.76973361004,930.781616210938,340
2912,2420.08923489365,2852.24930352183,930.781616210938,340
2913,2946.75563253222,2850.81602418906,932.707214355469,340
2914,2955.84023196527,2878.27677633449,932.707214355469,340
2915,2880.8005327973,2873.12416136337,932.707214355469,340
2916,2761.73833690745,2869.6113048451,932.707214355469,340
2917,2926.27463487664,2870.71552122008,932.707214355469,340
2918,2927.99299164171,2890.19909384948,932.707214355469,340
2919,2900.26977680764,2886.39856260304,932.707214355469,340
2920,2606.95336289776,2874.87708086866,932.707214355469,340
2921,2957.41720499217,2872.31734125179,931.1396484375,340
2922,2831.52651468926,2866.29830795075,931.1396484375,340
2923,2956.13101863062,2878.61772335263,931.1396484375,340
2924,2863.18710266358,2875.30539936895,931.1396484375,340
2925,2836.53636825858,2875.05232778533,931.1396484375,340
2926,2984.27187088808,2877.14872704287,931.1396484375,340
2927,2994.046514093,2877.35139774809,931.1396484375,340
2928,2889.43085042728,2874.76707478021,931.1396484375,340
2929,2890.71259404676,2873.31526318795,929.330810546875,340
2930,2953.9457815243,2875.42118957081,929.330810546875,340
2931,2933.23093056599,2873.72848007393,929.330810546875,340
2932,2843.5222973214,2878.80122498241,929.330810546875,340
2933,3003.17944746823,2882.27391940209,929.330810546875,340
2934,2780.87905492864,2877.70927947255,929.330810546875,340
2935,2987.75571041194,2877.28611914561,929.330810546875,340
2936,2619.21317486508,2866.06804684378,929.330810546875,340
2937,2959.63693950144,2887.64995502809,928.630554199219,340
2938,2734.44585368721,2879.15756387429,928.630554199219,340
2939,2949.89830988594,2878.91988699112,928.630554199219,340
2940,2654.55976660031,2869.87025634324,928.630554199219,340
2941,2486.21974116235,2858.84951251344,928.630554199219,340
2942,2587.90710786646,2845.31481143303,928.630554199219,340
2943,2991.90189716832,2847.87116765409,928.630554199219,340
2944,2764.64845821391,2842.44631491034,928.630554199219,340
2945,2734.73970143435,2847.55776845181,930.374267578125,340
2946,2715.09628871926,2837.86493180089,930.374267578125,340
2947,2564.38093327204,2827.1791085442,930.374267578125,340
2948,2875.94649840954,2823.97172773536,930.374267578125,340
2949,2733.35077090857,2818.77827446516,930.374267578125,340
2950,2749.89560460952,2815.3126439192,930.374267578125,340
2951,2739.79768628098,2805.53367653491,930.374267578125,340
2952,2702.76794947565,2793.88253395022,930.374267578125,340
2953,2560.58206703931,2780.7285826147,935.169067382812,340
2954,2740.234435067,2774.70945625551,935.169067382812,340
2955,2637.40678260675,2762.04789629881,935.169067382812,340
2956,2573.44265549456,2747.65636529595,935.169067382812,340
2957,2771.46481012549,2744.77406580811,935.169067382812,340
2958,2867.70388849169,2739.35504344905,935.169067382812,340
2959,2803.75344823891,2740.27001918146,935.169067382812,340
2960,2743.81486124859,2730.51238521493,935.169067382812,340
2961,2785.77728378187,2737.1749495716,934.807006835938,340
2962,2763.58260897865,2729.33277635069,934.807006835938,340
2963,2778.34398774729,2731.08870171309,934.807006835938,340
2964,2844.00224527029,2726.85285912847,934.807006835938,340
2965,2748.35378990474,2730.60462006064,934.807006835938,340
2966,2412.59682500093,2727.65970341419,934.807006835938,340
2967,2874.31404729282,2739.11598099124,934.807006835938,340
2968,2359.98512692983,2713.8393101817,934.807006835938,340
2969,2962.86732439307,2721.76806482887,936.129760742188,340
2970,2684.96440701319,2719.77705305202,936.129760742188,340
2971,2629.51110607867,2716.3536457464,936.129760742188,340
2972,2817.2909543949,2726.47004659131,936.129760742188,340
2973,2926.73301133704,2728.50150710841,936.129760742188,340
2974,2684.97967243288,2726.56666316938,936.129760742188,340
2975,2926.5741433662,2733.63380471965,936.129760742188,340
2976,2802.56868353508,2736.14464460982,936.129760742188,340
2977,2929.23439611809,2745.20330247551,934.318603515625,340
2978,2709.26850924684,2751.15076016381,934.318603515625,340
2979,2815.36172317927,2754.15585168831,934.318603515625,340
2980,2843.85020012798,2762.41358838915,934.318603515625,340
2981,2886.0689365102,2774.91863962978,934.318603515625,340
2982,2917.08995902812,2780.74364558589,934.318603515625,340
2983,2682.17537384948,2773.3225050002,934.318603515625,340
2984,2851.01105909694,2775.21280943452,934.318603515625,340
2985,2905.41341263009,2781.67675148978,930.835144042969,340
2986,2881.85667158381,2785.51992700186,930.835144042969,340
2987,2969.43464897965,2793.7540086019,930.835144042969,340
2988,2854.01947720148,2796.78102818006,930.835144042969,340
2989,2970.72517332044,2801.84994530207,930.835144042969,340
2990,2719.70412172164,2800.70395857475,930.835144042969,340
2991,2642.59282009808,2809.90379837863,930.835144042969,340
2992,2763.2050296782,2805.45943767405,930.835144042969,340
2993,2829.892937996,2824.25575011669,924.440551757812,340
2994,2743.91122890701,2815.49750629725,924.440551757812,340
2995,2829.12623740869,2821.26397951307,924.440551757812,340
2996,2461.41195270674,2814.54001337819,924.440551757812,340
2997,2835.98857263973,2815.28791810799,924.440551757812,340
2998,2782.07928270888,2809.50176896286,924.440551757812,340
2999,2830.16538312081,2815.30919739038,924.440551757812,340
3000,2825.72024390657,2811.27504141199,924.440551757812,340
