episode,reward,avg_reward,q0,steps
1,-422.546647636625,-422.546647636625,1.49475072248606e-05,340
2,-430.540400117082,-426.543523876854,1.49475072248606e-05,340
3,-611.522632751096,-488.203226834934,1.49475072248606e-05,340
4,-542.493382930905,-501.775765858927,1.49475072248606e-05,340
5,-502.056091603175,-501.831831007777,1.49475072248606e-05,211
6,-572.885961510119,-513.6741860915,1.49475072248606e-05,340
7,-577.949442452288,-522.856365571613,1.49475072248606e-05,254
8,-291.262595530008,-493.907144316412,1.49475072248606e-05,340
9,-287.416283922316,-470.963715383735,-19.0211791992188,340
10,-760.8090778979,-499.948251635151,-19.0211791992188,340
11,-828.75791301316,-529.840039033152,-19.0211791992188,340
12,-410.298271125116,-519.878225040816,-19.0211791992188,340
13,-516.174725713274,-519.593340477159,-19.0211791992188,340
14,-876.591630612863,-545.093218343995,-19.0211791992188,340
15,-686.048948632695,-554.490267029908,-19.0211791992188,340
16,-821.981875439308,-571.208492555496,-19.0211791992188,340
17,-785.281440227715,-583.801018889156,-25.0314769744873,340
18,-350.282282155182,-570.827755737268,-25.0314769744873,340
19,-272.786103942505,-555.141353011228,-25.0314769744873,340
20,-537.395727633332,-554.254071742333,-25.0314769744873,340
21,-517.004433853963,-552.480279461935,-25.0314769744873,340
22,-577.7827885367,-553.630393510788,-25.0314769744873,340
23,-826.922587556404,-565.512662817119,-25.0314769744873,340
24,-705.101882497756,-571.328880303812,-25.0314769744873,340
25,-246.49653744811,-558.335586589584,-19.6656036376953,340
26,-359.0081978077,-555.794048596427,-19.6656036376953,340
27,-533.496257209137,-559.912282880109,-19.6656036376953,340
28,-299.969976594443,-547.450176633843,-19.6656036376953,340
29,-239.309643854726,-535.322827070796,-19.6656036376953,186
30,-276.032823952541,-526.281896364771,-19.6656036376953,340
31,-435.041613466309,-520.768122443018,-19.6656036376953,340
32,-706.960787048205,-525.928576226855,-19.6656036376953,340
33,-320.352682083932,-527.092179689012,-8.83563232421875,340
34,-398.717315011106,-531.544220932563,-8.83563232421875,340
35,-207.807033519861,-509.424139157442,-8.83563232421875,340
36,-401.72424054314,-492.342792258641,-8.83563232421875,340
37,-255.206122589813,-486.139106317229,-8.83563232421875,340
38,-338.376023542882,-479.027158230413,-8.83563232421875,340
39,-356.46369461186,-458.222040790373,-8.83563232421875,340
40,-235.737466006944,-440.209581485343,-8.83563232421875,340
41,-225.321617288786,-416.343171159322,7.07315158843994,340
42,-224.266747163621,-393.902583436758,7.07315158843994,340
43,-346.615344018583,-393.755905911294,7.07315158843994,340
44,-163.912746681809,-389.400971620867,7.07315158843994,340
45,-48.5975811547878,-369.849045761725,7.07315158843994,340
46,-372.707275314997,-364.077159420166,7.07315158843994,340
47,-303.854202680337,-353.120015985912,7.07315158843994,340
48,-368.792471332795,-334.794811336967,7.07315158843994,340
49,-186.71032391512,-314.059148993662,27.9738998413086,340
50,-339.214920896544,-317.767884331599,27.9738998413086,340
51,-506.986427817084,-323.687013531975,27.9738998413086,340
52,-305.94115125034,-314.584809293623,27.9738998413086,340
53,-333.727357809753,-315.935104542235,27.9738998413086,340
54,-456.60856229198,-324.627061279725,27.9738998413086,326
55,-109.878287716699,-317.980879830291,27.9738998413086,340
56,-230.904340831625,-309.815388924904,27.9738998413086,340
57,-288.394984300769,-293.072756815007,39.4570045471191,340
58,-269.078114559194,-291.021774114017,39.4570045471191,340
59,-148.763219410454,-281.023610289991,39.4570045471191,340
60,-142.748321906185,-278.421261825444,39.4570045471191,340
61,-163.333821015489,-268.885645044338,39.4570045471191,340
62,-46.0041125565046,-260.517564643006,39.4570045471191,340
63,-344.976194593676,-260.781571485037,39.4570045471191,340
64,-297.997753677586,-258.442933847666,39.4570045471191,297
65,-445.738623204194,-266.842980135557,55.0648078918457,340
66,-240.001963479603,-267.430193983189,55.0648078918457,257
67,-213.22531367095,-266.988536643482,55.0648078918457,340
68,-328.332303916788,-266.257215039411,55.0648078918457,340
69,-441.112549398756,-277.345207148088,55.0648078918457,340
70,-112.460457540889,-279.899722203533,55.0648078918457,320
71,-222.666085560298,-273.898074613345,55.0648078918457,340
72,-498.964087924273,-281.702470023102,55.0648078918457,340
73,-413.094680370438,-283.474558384608,68.7260589599609,335
74,134.184394369521,-270.638769653222,68.7260589599609,340
75,-392.35340474813,-272.764309007286,68.7260589599609,340
76,-5.9997666085079,-252.724842558942,68.7260589599609,340
77,105.177061395202,-236.280114053121,68.7260589599609,340
78,-364.78514299288,-237.522425460446,68.7260589599609,340
79,-132.497230128328,-224.5579721739,68.7260589599609,340
80,-103.899964183201,-224.31883923256,68.7260589599609,340
81,-36.4124929348882,-216.53916531669,72.4019165039062,340
82,-166.655138832927,-211.669571497977,72.4019165039062,242
83,6.16791524348389,-200.65973030587,72.4019165039062,340
84,-277.603955660268,-205.813359755862,72.4019165039062,340
85,-116.74673840039,-204.77329641563,72.4019165039062,214
86,-318.221846416225,-210.96881743166,72.4019165039062,290
87,-112.026878964173,-213.609728087967,72.4019165039062,170
88,-225.123442920279,-208.815618021031,72.4019165039062,291
89,-338.873935142823,-210.45066527964,73.3686065673828,257
90,-96.0545497774772,-196.463302342571,73.3686065673828,248
91,-242.485478626108,-196.562642948432,73.3686065673828,282
92,-14.0323191358485,-188.594923167028,73.3686065673828,340
93,-331.247838575395,-188.711544553372,73.3686065673828,292
94,201.471368687495,-163.008187829922,73.3686065673828,340
95,87.3974202209809,-155.013872719447,73.3686065673828,340
96,-88.9488925760169,-149.665185000076,73.3686065673828,243
97,252.916883210123,-119.5899461547,76.8591766357422,340
98,-134.129073122975,-108.431321864801,76.8591766357422,340
99,-286.232546986717,-125.247999519051,76.8591766357422,299
100,-327.070862122682,-122.636697814033,76.8591766357422,340
101,-135.892550291972,-127.832409161371,76.8591766357422,292
102,-134.475924294897,-137.418528588975,76.8591766357422,227
103,-161.547795580948,-129.289034692498,76.8591766357422,340
104,19.6025339021184,-123.20504413128,76.8591766357422,169
105,117.09856297825,-114.365103044822,79.5362167358398,340
106,-202.237113891845,-120.9980878831,79.5362167358398,330
107,15.4011441651316,-113.715836563178,79.5362167358398,340
108,-377.853157402782,-129.076679469029,79.5362167358398,340
109,76.4474517570511,-114.914623172336,79.5362167358398,336
110,78.6284925597825,-107.099613933929,79.5362167358398,340
111,-292.304858779915,-106.062934428477,79.5362167358398,301
112,-294.343813444752,-113.3556118077,79.5362167358398,340
113,-126.817128304224,-109.423359223058,80.5551681518555,340
114,-426.764961155069,-112.939000263548,80.5551681518555,340
115,172.36121355443,-102.202369730271,80.5551681518555,340
116,-267.129362575633,-103.188125088252,80.5551681518555,340
117,-446.721725096172,-120.495701326665,80.5551681518555,340
118,-251.494160158572,-117.305554189992,80.5551681518555,340
119,-122.774111801722,-130.275373409561,80.5551681518555,340
120,-309.08977161872,-146.134861083149,80.5551681518555,340
121,-514.296829672541,-163.14877856701,106.374855041504,340
122,-454.403224153943,-191.441582861573,106.374855041504,340
123,-26.5744902499973,-187.139399546654,106.374855041504,340
124,-272.862409431696,-186.604594044453,106.374855041504,340
125,137.962968100368,-168.003240835531,106.374855041504,340
126,292.338037285413,-150.874017332435,106.374855041504,340
127,89.2859505096177,-141.923542340255,106.374855041504,340
128,-462.055002312375,-153.943830609512,106.374855041504,340
129,-94.7477584612071,-158.517842304045,127.496398925781,340
130,40.8215932340612,-161.568921093812,127.496398925781,340
131,262.724475509643,-142.970457517753,127.496398925781,340
132,-1.58182305373225,-143.649776206508,127.496398925781,340
133,113.757834415195,-123.985336533788,127.496398925781,340
134,150.383850907861,-121.027880567756,127.496398925781,340
135,-19.3989273740864,-124.948977365111,127.496398925781,340
136,203.28263886842,-105.125477459177,127.496398925781,340
137,370.259476908075,-78.5413458450643,161.01692199707,340
138,102.860365052482,-69.354246110796,161.01692199707,340
139,28.602680363601,-51.1395404500492,161.01692199707,340
140,-104.607327064881,-62.2182820748217,161.01692199707,340
141,-18.9235095136942,-52.2900479523441,161.01692199707,340
142,-78.929746427262,-37.5783688055877,161.01692199707,322
143,1.80751329413268,-27.4463018674795,161.01692199707,340
144,210.660209356081,-14.1089290211674,161.01692199707,340
145,-144.565227547401,-7.52794725831465,190.2666015625,340
146,290.733862047967,24.6732804105057,190.2666015625,340
147,-172.945096539837,35.9316055150699,190.2666015625,340
148,-127.10520718497,31.9103768376711,190.2666015625,340
149,454.824996631371,61.0178730801937,190.2666015625,340
150,322.325465377037,68.3923729712605,190.2666015625,340
151,-28.8486725211462,55.5449045789981,190.2666015625,340
152,163.589927983848,58.5170636779673,190.2666015625,340
153,116.090433099154,81.6428810944285,219.883255004883,340
154,107.802542664049,89.7448931394387,219.883255004883,340
155,233.103217753081,97.4361581201995,219.883255004883,340
156,61.4003616784585,89.3831935669521,219.883255004883,340
157,237.93776193531,98.9639769665138,219.883255004883,340
158,105.766494821604,98.6443233827702,219.883255004883,340
159,364.87088043447,107.223804563835,219.883255004883,340
160,-1.39428364791289,107.943990312881,219.883255004883,334
161,346.978336702784,113.691818226256,232.614212036133,340
162,399.480461336298,114.860657603385,232.614212036133,340
163,322.350918594349,123.64027974506,232.614212036133,340
164,491.049059269564,142.138134901298,232.614212036133,340
165,310.864885383788,158.757023399245,232.614212036133,340
166,-2.26455184317788,159.423381706066,232.614212036133,340
167,331.052408305551,175.822667895378,232.614212036133,340
168,650.715308742593,201.778979713317,232.614212036133,340
169,630.597853332177,218.57648547236,250.123840332031,340
170,497.637761767702,244.264605044965,250.123840332031,340
171,738.201895572798,262.163326385958,250.123840332031,340
172,515.012357105693,289.681624531779,250.123840332031,340
173,396.044816884313,310.60762549455,250.123840332031,340
174,309.271883803677,304.785500981442,250.123840332031,340
175,722.217090353632,320.781165980506,250.123840332031,340
176,769.530955965685,352.716351119979,250.123840332031,340
177,605.665160447934,370.399360418543,261.645935058594,340
178,621.293213465379,390.607471633192,261.645935058594,340
179,628.237491485172,411.424869586037,261.645935058594,340
180,507.542305590415,422.40243309953,261.645935058594,340
181,624.52752875231,444.927519782484,261.645935058594,340
182,295.379279812918,447.225180497589,261.645935058594,340
183,650.488135056488,469.014046106984,261.645935058594,340
184,399.731467498383,470.408469589541,261.645935058594,340
185,575.73385585973,493.493595169846,271.384552001953,340
186,850.362443463301,513.628959440267,271.384552001953,340
187,585.155841948315,521.055974664748,271.384552001953,340
188,768.024244256092,538.882907691217,271.384552001953,340
189,833.630605355387,552.58616953465,271.384552001953,340
190,687.026321513566,567.632626979841,271.384552001953,340
191,753.062629822778,597.84571424648,271.384552001953,340
192,762.394343090013,615.099391637858,271.384552001953,340
193,893.23540725912,624.800195578519,280.210693359375,340
194,598.528772107609,623.517432329536,280.210693359375,340
195,491.692141293931,623.279607510586,280.210693359375,340
196,959.99825634052,632.151461941294,280.210693359375,340
197,597.610807559118,635.455399959431,280.210693359375,340
198,911.003573952376,656.053750242154,280.210693359375,340
199,553.983302510063,665.842206990409,280.210693359375,340
200,716.927194594453,665.630611160042,280.210693359375,340
201,589.148666563116,658.415319583939,293.300933837891,340
202,763.945549754083,664.746535156185,293.300933837891,340
203,846.551788603229,673.756878161699,293.300933837891,340
204,696.250606920409,676.477402779109,293.300933837891,340
205,1062.31483375772,698.668303905801,293.300933837891,340
206,493.342143179916,693.420888482905,293.300933837891,340
207,484.656181914769,700.991964566979,293.300933837891,340
208,658.414041952353,701.309000842814,293.300933837891,340
209,777.405653883564,716.415968298221,312.331268310547,340
210,648.922571741884,719.343516933507,312.331268310547,340
211,848.581083136014,719.272262520416,312.331268310547,340
212,996.3011250868,735.718073845955,312.331268310547,340
213,700.116297440557,733.001755973334,312.331268310547,340
214,1057.88994059522,741.972129382927,312.331268310547,340
215,822.61479789859,747.395668438328,312.331268310547,340
216,888.688364249782,752.820697815408,312.331268310547,340
217,841.757757686809,755.99523439928,327.389007568359,340
218,863.600950139988,754.809856114515,327.389007568359,340
219,1104.08040523158,775.031921439474,327.389007568359,340
220,920.759159600978,792.194602171756,327.389007568359,340
221,739.153154996916,783.360798118012,327.389007568359,340
222,973.460451304042,798.394783867809,327.389007568359,340
223,970.087304385135,800.758133085119,327.389007568359,340
224,809.611301402059,810.983253040799,327.389007568359,340
225,966.358224712236,820.96049424551,344.718719482422,340
226,818.716554219317,830.143209751758,344.718719482422,340
227,797.367267761353,831.480078472049,344.718719482422,340
228,980.705429753026,836.846224118041,344.718719482422,340
229,1179.77703086421,856.187281075793,344.718719482422,340
230,821.833948423085,846.568045662407,344.718719482422,340
231,897.439233242465,862.731929264909,344.718719482422,340
232,1122.98875631987,888.265232241113,344.718719482422,340
233,1009.10345750679,902.292808863291,352.757965087891,340
234,1043.71561966446,912.945207494526,352.757965087891,340
235,898.186507113424,922.915764909388,352.757965087891,340
236,851.933310871354,923.049854018802,352.757965087891,340
237,970.385169905363,922.013215811544,352.757965087891,340
238,824.181297974846,926.975815832916,352.757965087891,340
239,1170.12367059234,931.465165032801,352.757965087891,340
240,727.749318506078,927.6705458571,352.757965087891,340
241,1286.93777801361,943.600522407653,366.704315185547,340
242,1148.05474908863,955.852402063726,366.704315185547,340
243,1187.87348207638,968.823303341182,366.704315185547,340
244,1372.84505301206,979.573889252401,366.704315185547,340
245,1266.33769772569,993.397030777389,366.704315185547,340
246,1035.72319884564,1005.25983253134,366.704315185547,340
247,1007.88426494049,1006.6367850768,366.704315185547,340
248,1261.74891124547,1018.30324935121,366.704315185547,340
249,1416.95924060181,1042.5971669192,374.177307128906,340
250,1246.4804811138,1053.80205717526,374.177307128906,340
251,1004.69045488705,1061.24101320197,374.177307128906,340
252,968.568873289689,1068.08907742311,374.177307128906,340
253,1216.38216213825,1077.51614671851,374.177307128906,340
254,1301.70807180848,1082.39338835629,374.177307128906,340
255,1120.83201744854,1094.3533111173,374.177307128906,340
256,1214.34452970242,1107.0295229757,374.177307128906,340
257,1446.18391308045,1119.95732924612,386.956329345703,340
258,1372.77671052684,1134.50425936693,386.956329345703,340
259,1245.14923130429,1142.56160383252,386.956329345703,340
260,1111.79500872047,1151.1059438968,386.956329345703,340
261,1316.14317428231,1169.67433843324,386.956329345703,340
262,1273.00848239725,1181.77927093292,386.956329345703,340
263,1223.36262248694,1197.7465239134,386.956329345703,340
264,1124.40669028034,1195.91784470092,386.956329345703,340
265,1391.7902722647,1222.47948285126,397.870574951172,340
266,1258.62704579104,1221.34705356236,397.870574951172,340
267,1332.02720357091,1228.70595174165,397.870574951172,340
268,1265.70897473209,1231.81937144788,397.870574951172,340
269,1271.56577158764,1227.7682001909,397.870574951172,340
270,1427.57620693174,1234.21774055915,397.870574951172,340
271,1415.19638563382,1249.39666803067,397.870574951172,340
272,1342.79036053731,1262.79291185455,397.870574951172,340
273,1368.63711283701,1267.06843991821,406.240356445312,340
274,1431.15057593988,1267.63609333173,406.240356445312,340
275,1335.90514667243,1271.21307995408,406.240356445312,340
276,1244.97169991843,1280.82432975533,406.240356445312,340
277,1505.02788419778,1302.28269019165,406.240356445312,340
278,1365.56680683818,1308.25007597965,406.240356445312,340
279,1256.72402225986,1306.45071399771,406.240356445312,340
280,1420.06347789493,1318.41997241556,406.240356445312,340
281,1366.83675049972,1324.51966124745,416.263885498047,340
282,1376.69752485311,1321.74020571836,416.263885498047,340
283,1315.49188273569,1319.44881260671,416.263885498047,340
284,1412.75726151309,1326.15313381507,416.263885498047,340
285,1222.31328361947,1330.57386481103,416.263885498047,340
286,1096.50872164882,1321.78848670569,416.263885498047,340
287,1528.10824689924,1331.99247728577,416.263885498047,340
288,1497.93191405357,1342.97524894843,416.263885498047,340
289,1309.63038838915,1350.38419687278,430.93115234375,340
290,1200.65235929153,1342.73868035386,430.93115234375,340
291,1457.31933226662,1350.68637181288,430.93115234375,340
292,1441.27275147986,1355.05619372924,430.93115234375,340
293,1282.44858490373,1355.7257781361,430.93115234375,340
294,1447.67635816729,1362.77020159929,430.93115234375,340
295,1323.44199241018,1358.60483301843,430.93115234375,340
296,1199.19302990007,1349.96469878908,430.93115234375,340
297,1141.27557460474,1341.90410735178,438.667114257812,340
298,1197.72784598061,1335.06773667752,438.667114257812,340
299,1316.56785682462,1330.48442791291,438.667114257812,340
300,1375.9516729863,1332.08628896546,438.667114257812,340
301,1310.04424663338,1334.68919083406,438.667114257812,340
302,1572.91629906569,1337.40472742878,438.667114257812,340
303,1438.55102872049,1340.32409630407,438.667114257812,340
304,1468.96834019738,1348.81386902157,438.667114257812,340
305,1398.11942181669,1347.93610677844,448.724517822266,340
306,1372.47880402302,1348.16178891937,448.724517822266,340
307,1530.81492985956,1354.32648511963,448.724517822266,340
308,1230.20533823888,1350.91502333976,448.724517822266,340
309,1447.19132373944,1352.29238582881,448.724517822266,340
310,1264.53570055163,1353.9812825061,448.724517822266,340
311,1466.90223105075,1368.79702288218,448.724517822266,340
312,1471.48683600052,1366.53216644623,448.724517822266,340
313,1368.32710018483,1361.34797389148,459.480499267578,340
314,1431.2890980594,1366.21432227829,459.480499267578,340
315,1234.68863544572,1367.57577332446,459.480499267578,340
316,1424.94450427833,1366.28078020493,459.480499267578,340
317,1418.58629053052,1365.37332176695,459.480499267578,340
318,1503.28420011853,1374.20674637554,459.480499267578,340
319,1458.33666775042,1374.63315875887,459.480499267578,340
320,1113.12892181257,1366.22063593496,459.480499267578,340
321,1453.98226305154,1376.41220526102,470.081115722656,340
322,1670.26036570248,1397.57159690493,470.081115722656,340
323,1622.07237370217,1414.54537801379,470.081115722656,340
324,1522.1148291243,1422.76725690578,470.081115722656,340
325,1446.75096710588,1425.59922867057,470.081115722656,340
326,1333.54425263975,1426.53922891082,470.081115722656,340
327,1597.63587664266,1427.5280120139,470.081115722656,340
328,1571.77621911211,1432.85701962956,470.081115722656,340
329,1519.59369325022,1434.88203375168,477.292907714844,340
330,1325.17295682328,1431.96417515194,477.292907714844,340
331,1405.07096265937,1433.26786149739,477.292907714844,340
332,1520.81747425261,1432.86796327312,477.292907714844,340
333,1460.48849678658,1442.07928961502,477.292907714844,340
334,1560.79679736875,1446.6235085602,477.292907714844,340
335,1604.389829652,1460.21767372421,477.292907714844,340
336,1591.2705425466,1465.19240618404,477.292907714844,340
337,1293.09513457285,1458.05673812694,485.061431884766,340
338,1699.69896466482,1471.31161270614,485.061431884766,340
339,1338.97616733927,1467.61909547733,485.061431884766,340
340,1428.2427418669,1475.36125973418,485.061431884766,340
341,1437.42218624376,1475.8603670128,485.061431884766,340
342,1489.59962989165,1478.70090058724,485.061431884766,340
343,1689.01450753759,1486.130112884,485.061431884766,340
344,1508.2961623669,1488.12849266866,485.061431884766,340
345,1527.26052982688,1504.69375698924,495.805999755859,340
346,1606.38648992301,1510.78992606409,495.805999755859,340
347,1485.3284277582,1503.39264854632,495.805999755859,340
348,1663.02899923843,1505.03091356777,495.805999755859,340
349,1165.86859833108,1490.78106433604,495.805999755859,340
350,1692.48234127385,1500.61031930276,495.805999755859,340
351,1603.44335033492,1511.40628321057,495.805999755859,340
352,1286.04125966292,1498.94249853138,495.805999755859,340
353,1463.46508153859,1494.61005302844,502.740295410156,340
354,1510.40208419428,1494.2423886662,502.740295410156,340
355,1452.19714475954,1499.32335618365,502.740295410156,340
356,1436.47203203363,1500.57939895862,502.740295410156,340
357,1466.1753764994,1498.3937150485,502.740295410156,340
358,1142.61353565736,1485.67871660333,502.740295410156,340
359,1669.28816276314,1490.0183712191,502.740295410156,340
360,1592.5585450699,1489.54511983582,502.740295410156,340
361,1270.27129149728,1476.70514979385,507.570617675781,340
362,1247.74775667643,1474.89125467799,507.570617675781,340
363,1504.43443576826,1467.08067352213,507.570617675781,340
364,1332.64394378008,1466.82738457976,507.570617675781,340
365,1172.66106935918,1456.60411767945,507.570617675781,340
366,1397.04976054111,1454.98922065134,507.570617675781,340
367,1428.86991832536,1452.56003218869,507.570617675781,340
368,1343.36166908963,1438.73391865077,507.570617675781,340
369,1442.96408831643,1436.12063568876,510.829498291016,340
370,1546.03443234827,1436.87159178961,510.829498291016,340
371,1246.94307298006,1422.49385511189,510.829498291016,340
372,1423.44028629837,1420.0183294535,510.829498291016,340
373,1367.0460270533,1408.1790105661,510.829498291016,340
374,1625.20203557619,1426.5523480559,510.829498291016,340
375,1719.94153146792,1427.65071566366,510.829498291016,340
376,1520.43466158764,1424.33036811377,510.829498291016,340
377,1338.47239115673,1426.42761337352,516.308166503906,340
378,1451.25161209665,1425.93907459585,516.308166503906,340
379,1473.71480613515,1424.47158347348,516.308166503906,340
380,1428.95635136838,1423.54195173784,516.308166503906,340
381,1568.51137601744,1428.82352549719,516.308166503906,340
382,1579.69285970631,1433.36422482546,516.308166503906,340
383,1235.90694913446,1437.09596136455,516.308166503906,340
384,1505.0373561017,1430.52592909809,516.308166503906,340
385,1338.77773810888,1420.37469681965,517.045288085938,340
386,1419.23148033607,1426.3331043732,517.045288085938,340
387,1444.08346240344,1434.18653260228,517.045288085938,340
388,1333.78561360355,1427.36057971569,517.045288085938,340
389,1324.18771820166,1427.02233069256,517.045288085938,340
390,1407.02909904009,1436.39705187979,517.045288085938,340
391,1462.05999755169,1438.99746136022,517.045288085938,340
392,1417.39694296672,1438.53854234587,517.045288085938,340
393,1430.37648035934,1442.01913479666,521.501281738281,340
394,1539.46439957159,1445.87914724686,521.501281738281,340
395,1400.62746483884,1440.06286854649,521.501281738281,340
396,1520.0387322571,1450.98669491757,521.501281738281,340
397,1449.42225339092,1452.02597360127,521.501281738281,340
398,1402.72144231342,1453.45299021168,521.501281738281,340
399,1335.55050771562,1441.86692909725,521.501281738281,340
400,1443.53946174396,1430.81084630829,521.501281738281,340
401,1481.49650093804,1429.25331988231,523.998229980469,340
402,1543.13580944336,1437.43985661378,523.998229980469,340
403,1481.25331305554,1438.63992465213,523.998229980469,340
404,1572.01128470652,1442.57178379499,523.998229980469,340
405,1463.45274817128,1443.9516396671,523.998229980469,340
406,1453.18040055532,1439.33840064862,523.998229980469,340
407,1401.20150025916,1432.19874627073,523.998229980469,340
408,1571.12723019053,1445.60755751297,523.998229980469,340
409,1441.48886761457,1443.06561797349,529.267028808594,340
410,1597.28748100194,1453.40600768921,529.267028808594,340
411,1356.91945158862,1450.91352653931,529.267028808594,340
412,1262.2788017885,1443.64134011472,529.267028808594,340
413,1559.15036922756,1452.65593033968,529.267028808594,340
414,1509.83379526522,1460.08177342222,529.267028808594,340
415,1607.93887756076,1468.11816456304,529.267028808594,340
416,1407.93395422707,1465.95312283006,529.267028808594,340
417,1392.68904682104,1464.96480698423,534.752319335938,340
418,1687.54501021587,1475.25154817849,534.752319335938,340
419,1634.41702773074,1479.04965330486,534.752319335938,340
420,1655.71751922166,1489.25325548017,534.752319335938,340
421,1390.85542170193,1484.08592305797,534.752319335938,340
422,1554.32148410542,1488.28189228655,534.752319335938,340
423,1415.45227364548,1488.79112553983,534.752319335938,340
424,1271.51885138057,1486.22985928643,534.752319335938,340
425,1299.531544896,1480.46954261251,539.251770019531,340
426,1024.83854361223,1462.20322431948,539.251770019531,340
427,1541.08295726653,1462.1211102324,539.251770019531,340
428,1456.52275341643,1461.13188784684,539.251770019531,340
429,1396.72126249811,1454.1202869585,539.251770019531,340
430,1433.39691163916,1452.91805349722,539.251770019531,340
431,1519.62366741119,1455.57578417145,539.251770019531,340
432,1466.59078470471,1458.19135554927,539.251770019531,340
433,1643.73188589393,1461.09554177741,543.351989746094,340
434,1196.8502357864,1451.30999650428,543.351989746094,340
435,1446.62429837392,1445.28346919916,543.351989746094,340
436,1326.9162181925,1444.08333986332,543.351989746094,340
437,1372.14719577663,1448.47807562284,543.351989746094,340
438,1417.21830560337,1442.80079307787,543.351989746094,340
439,1584.07024430103,1445.77025103931,543.351989746094,340
440,1597.28431606339,1445.34406857941,543.351989746094,340
441,1694.52901237697,1456.80787090541,544.925842285156,340
442,1674.17623132903,1468.06735828573,544.925842285156,340
443,1587.53026015167,1464.06676828316,544.925842285156,340
444,1300.4072198325,1450.70637596723,544.925842285156,340
445,1556.53565641229,1446.73910145486,544.925842285156,340
446,1404.78238638725,1447.29618004227,544.925842285156,340
447,1370.7049234383,1439.95151761558,544.925842285156,340
448,1636.01033718089,1448.773840157,544.925842285156,340
449,1588.24806272492,1461.44300861077,545.341064453125,340
450,1699.48356515145,1477.44108942099,545.341064453125,340
451,1446.59619016686,1494.31139528318,545.341064453125,340
452,1668.42467560264,1499.40506401662,545.341064453125,340
453,1563.64636732099,1503.6900085728,545.341064453125,340
454,1698.06526122279,1515.74376852179,545.341064453125,340
455,1483.67490012535,1517.75488806124,545.341064453125,340
456,1371.95058781373,1511.84796487734,545.341064453125,340
457,1701.02162817103,1521.22519861599,543.817199707031,340
458,1346.67558705566,1509.34294666246,543.817199707031,340
459,1437.12984929136,1518.95413120266,543.817199707031,340
460,1324.06418016241,1514.0517264742,543.817199707031,340
461,1443.96641073487,1518.7337341759,543.817199707031,340
462,1055.42415435049,1506.06481251885,543.817199707031,340
463,1662.66193280637,1515.88255760697,543.817199707031,340
464,1526.15588928988,1513.56598340652,543.817199707031,340
465,1148.36830556187,1495.60934298646,538.452331542969,340
466,1492.39605008457,1487.52402449477,538.452331542969,340
467,1713.98806133239,1489.1164976949,538.452331542969,340
468,1550.22941731476,1487.62446398143,538.452331542969,340
469,1428.73123071081,1492.75742441656,538.452331542969,340
470,1369.07397570511,1485.25895718827,538.452331542969,340
471,1560.58478445753,1491.49105311108,538.452331542969,340
472,1219.42974474429,1485.44004596332,538.452331542969,340
473,1274.55225605287,1470.9817227182,532.759582519531,340
474,1256.44475212524,1457.70959029421,532.759582519531,340
475,1178.24998586218,1436.86024712264,532.759582519531,340
476,1213.50358864214,1427.53654306165,532.759582519531,340
477,1336.82114975651,1414.27240202781,532.759582519531,340
478,1473.49540885329,1410.6663636891,532.759582519531,340
479,1582.35971688317,1406.03814191552,532.759582519531,340
480,1236.24371108988,1396.1408943541,532.759582519531,340
481,1646.33186676187,1407.11614551202,530.276123046875,340
482,1586.3218301663,1402.52815359183,530.276123046875,340
483,1327.40166739669,1401.75719680547,530.276123046875,340
484,1577.31194597018,1407.36448067263,530.276123046875,340
485,1658.1388055296,1420.72746568732,530.276123046875,340
486,1493.21828392285,1422.69754061483,530.276123046875,340
487,1569.71236688841,1443.26906911635,530.276123046875,340
488,1399.5798819086,1432.74578708044,530.276123046875,340
489,1653.22669506515,1437.82861931145,523.957092285156,340
490,1550.97719675708,1453.93297495926,523.957092285156,340
491,1596.61556056795,1458.10175537859,523.957092285156,340
492,1639.15084560869,1455.10826674965,523.957092285156,340
493,1163.71584772956,1439.64772396624,523.957092285156,340
494,1448.48669200574,1440.43794241804,523.957092285156,340
495,1489.57678437711,1445.25805476492,523.957092285156,340
496,1344.10149215473,1436.5987230728,523.957092285156,340
497,1667.44673171209,1454.51940255152,520.18603515625,340
498,1097.37754007628,1447.43241391245,520.18603515625,340
499,1538.55263116774,1458.71672907415,520.18603515625,340
500,1474.29858249589,1470.5586729395,520.18603515625,340
501,1296.84418546543,1473.89229681243,520.18603515625,340
502,1669.70244438169,1487.20754859744,520.18603515625,340
503,1531.27182171692,1489.51860511198,520.18603515625,340
504,1340.48261838163,1479.84352117192,520.18603515625,340
505,1398.39347922295,1486.32951189725,521.668701171875,340
506,1697.80381976553,1488.38839001739,521.668701171875,340
507,1719.83709626641,1493.7290006614,521.668701171875,340
508,1281.1635870813,1491.87947744878,521.668701171875,340
509,1534.4398863044,1490.16459506215,521.668701171875,340
510,1569.61715521324,1486.6237290495,521.668701171875,340
511,1376.65407184999,1481.96116056658,521.668701171875,340
512,1602.38778042758,1483.26817710815,521.668701171875,340
513,1523.02201626962,1488.20586248259,525.069152832031,340
514,1563.99787075917,1484.63670951035,525.069152832031,340
515,1438.61341828595,1480.1421583715,525.069152832031,340
516,1514.6534865168,1476.86367540946,525.069152832031,340
517,1449.50204157602,1469.27772324815,525.069152832031,340
518,1654.23521954556,1488.89849812079,525.069152832031,340
519,1460.75534785621,1489.38924435481,525.069152832031,340
520,1377.12420491925,1484.8911411765,525.069152832031,340
521,1492.22196952118,1490.81596027115,525.555419921875,340
522,1486.62258951654,1483.58299458333,525.555419921875,340
523,1681.06289159148,1506.93040864394,525.555419921875,340
524,1352.21821276894,1499.47703190799,525.555419921875,340
525,1381.50406826451,1495.76525133873,525.555419921875,340
526,1371.87873050779,1498.76663314043,525.555419921875,340
527,1560.31951265287,1494.39131587127,525.555419921875,340
528,1606.70598220561,1497.40868229082,525.555419921875,340
529,1435.4541620605,1501.20754403798,529.788146972656,340
530,1484.51288997261,1504.65232046796,529.788146972656,340
531,1507.87848264312,1497.05530698307,529.788146972656,340
532,1369.02890063706,1483.02297915789,529.788146972656,340
533,1593.83318871497,1495.52976322324,529.788146972656,340
534,1423.54372572108,1491.09391679991,529.788146972656,340
535,1463.16480443514,1486.83582276878,529.788146972656,340
536,1415.44356797049,1488.3874026136,529.788146972656,340
537,1721.81156444861,1493.16435397444,535.575012207031,340
538,1506.99614155087,1492.52331898569,535.575012207031,340
539,1630.1338719655,1495.16875903395,535.575012207031,340
540,1493.71455816871,1497.37280462926,535.575012207031,340
541,1708.39794620268,1505.12258301669,535.575012207031,340
542,1510.25718271765,1507.55278866236,535.575012207031,340
543,1697.50795364455,1509.28369802632,535.575012207031,340
544,1648.56841722392,1516.79622080102,535.575012207031,340
545,1363.58258857414,1516.25455614722,535.87158203125,340
546,1636.66997714615,1522.03247645222,535.87158203125,340
547,1715.79196725907,1531.19925156192,535.87158203125,340
548,1625.57450732578,1528.97971619129,535.87158203125,340
549,1639.07295882019,1540.45390603334,535.87158203125,340
550,1676.88093482293,1552.26898069568,535.87158203125,340
551,1448.96791658757,1555.35254813887,535.87158203125,340
552,1696.99959555243,1560.81975145485,535.87158203125,340
553,1669.0525035136,1563.31361230717,535.263244628906,340
554,1551.00356321932,1567.93558835352,535.263244628906,340
555,1473.87201522557,1567.50995336364,535.263244628906,340
556,1631.05937362403,1572.43718900288,535.263244628906,340
557,1578.53653196629,1580.81749425605,535.263244628906,340
558,1530.76840142069,1578.29490276428,535.263244628906,340
559,1710.00173973537,1589.75322332485,535.263244628906,340
560,1649.65465645951,1597.21281740582,535.263244628906,340
561,1558.99761105169,1602.95497912907,536.18359375,340
562,1716.61280977309,1602.74702894205,536.18359375,340
563,1702.14019240253,1610.55279097612,536.18359375,340
564,1613.69856948221,1609.89537887679,536.18359375,340
565,1691.31550607108,1617.79941679288,536.18359375,340
566,1647.38918406601,1615.35906630741,536.18359375,340
567,1535.23659242521,1616.35824269572,536.18359375,340
568,1435.67415483073,1605.88489074316,536.18359375,340
569,1609.35902816668,1604.31651518087,537.087097167969,340
570,1684.09945026213,1617.13718964839,537.087097167969,340
571,1501.05586357004,1611.71262510535,537.087097167969,340
572,1700.96556379701,1611.11956896687,537.087097167969,340
573,1708.63951912089,1614.44216943867,537.087097167969,340
574,1563.93460012466,1611.43663509085,537.087097167969,340
575,1548.63292714613,1606.30671478378,537.087097167969,340
576,1682.96368162743,1615.66654538537,537.087097167969,340
577,1660.11901074895,1614.19132199323,537.727478027344,340
578,1600.06747173507,1611.43192072209,537.727478027344,340
579,1699.41373094204,1617.368327431,537.727478027344,340
580,1520.03318449673,1619.21477420185,537.727478027344,340
581,1729.22680000818,1623.14147125721,537.727478027344,340
582,1676.30183210707,1627.05208326285,537.727478027344,340
583,1668.54181656911,1632.56301986878,537.727478027344,340
584,1687.79064311177,1631.67457600384,537.727478027344,340
585,1717.52607466736,1634.38943273215,539.095764160156,340
586,1674.51989893205,1639.01032424737,539.095764160156,340
587,1527.55910290806,1631.44817597277,539.095764160156,340
588,1606.25746915155,1627.61286704273,539.095764160156,340
589,1711.45774531216,1631.52323407592,539.095764160156,340
590,1696.35471343037,1631.7248023703,539.095764160156,340
591,1460.27987804482,1624.24043012945,539.095764160156,340
592,1610.08011408853,1627.23417099598,539.095764160156,340
593,1701.66466927312,1637.87379157368,539.298583984375,340
594,1698.28173293362,1641.43069976435,539.298583984375,340
595,1667.26982367877,1640.75751470102,539.298583984375,340
596,1637.19525942365,1646.20309053516,539.298583984375,340
597,1723.4519201833,1647.10254479061,539.298583984375,340
598,1647.48788643403,1644.65647948314,539.298583984375,340
599,1635.29419267071,1647.51086318498,539.298583984375,340
600,1671.48482877734,1652.42493925023,539.298583984375,340
601,1734.07833496506,1654.46952538374,539.466613769531,340
602,1499.88316253404,1648.06009145514,539.466613769531,340
603,1714.53754202396,1652.6388942667,539.466613769531,340
604,1631.55418170851,1649.92451229735,539.466613769531,340
605,1690.21099827213,1656.73162484837,539.466613769531,340
606,1741.43223789676,1657.21984236391,539.466613769531,340
607,1650.67187207792,1656.19464396275,539.466613769531,340
608,1747.06840371409,1659.33570744855,539.466613769531,340
609,1691.55052309743,1659.48610264797,541.315551757812,340
610,1710.40175211193,1659.20112974576,541.315551757812,340
611,1714.08906140904,1660.78389624484,541.315551757812,340
612,1672.4884962605,1666.58107197893,541.315551757812,340
613,1745.26292724943,1672.14129030285,541.315551757812,340
614,1705.75492341374,1671.91317742691,541.315551757812,340
615,1724.46590640557,1673.03762514592,541.315551757812,340
616,1713.21945693069,1683.15520830136,541.315551757812,340
617,1742.78178600508,1688.46327517802,543.302490234375,340
618,1712.35921599167,1688.89105704676,543.302490234375,340
619,1736.23316765623,1690.40911443566,543.302490234375,340
620,1717.27039619489,1692.40913733631,543.302490234375,340
621,1709.96953859194,1695.32010850304,543.302490234375,340
622,1731.48673828653,1695.64150122717,543.302490234375,340
623,1668.30211797798,1696.47407048893,543.302490234375,340
624,1723.89218601844,1700.01799022284,543.302490234375,340
625,1647.24914491611,1699.04856286839,545.109008789062,340
626,1635.67410061607,1695.11239349443,545.109008789062,340
627,1749.90714101761,1705.11335263377,545.109008789062,340
628,1731.21634314904,1705.78050467877,545.109008789062,340
629,1621.67768106621,1705.38544465308,545.109008789062,340
630,1665.02450809245,1704.37798504589,545.109008789062,340
631,1535.35179865426,1696.13476747619,545.109008789062,340
632,1710.83241650856,1698.54118925342,545.109008789062,340
633,1697.44603823243,1696.55629463415,544.480590820312,340
634,1658.7045682663,1695.24245644091,544.480590820312,340
635,1583.69428110838,1690.17415760077,544.480590820312,340
636,1735.15661774998,1691.0168598544,544.480590820312,340
637,1681.43527720844,1691.37473109232,544.480590820312,340
638,1680.00537229,1688.76442889395,544.480590820312,340
639,1731.27187935027,1689.78510713141,544.480590820312,340
640,1738.56111256248,1690.34891537768,544.480590820312,340
641,1736.21550630867,1691.2687573528,545.819152832031,340
642,1730.01423796197,1690.75805543108,545.819152832031,340
643,1641.1016744005,1687.90775376743,545.819152832031,340
644,1661.06431404468,1684.90099962297,545.819152832031,340
645,1727.22441297909,1685.29916029434,545.819152832031,340
646,1736.94219322202,1686.37806647954,545.819152832031,340
647,1737.50783300029,1686.61891026809,545.819152832031,340
648,1711.08637921504,1688.33028071757,545.819152832031,340
649,1622.75175440825,1684.28466345316,548.513854980469,340
650,1733.40311293046,1687.73082217374,548.513854980469,340
651,1708.79661133518,1690.6557226025,548.513854980469,340
652,1744.61900713872,1690.44419724735,548.513854980469,340
653,1571.89034717627,1684.07115740844,548.513854980469,340
654,1698.35026051729,1687.13806058648,548.513854980469,340
655,1716.77907756213,1689.20824336527,548.513854980469,340
656,1711.59676804276,1696.25804214081,548.513854980469,340
657,1738.16676859943,1697.35141622444,552.234252929688,340
658,1682.68375212283,1696.76092478006,552.234252929688,340
659,1698.2134536884,1698.34128019694,552.234252929688,340
660,1729.16205280259,1704.15999106471,552.234252929688,340
661,1753.33952454713,1704.88730733659,552.234252929688,340
662,1722.40431362162,1706.52606879312,552.234252929688,340
663,1720.22518304448,1708.1348612233,552.234252929688,340
664,1719.1745215304,1707.65096691051,552.234252929688,340
665,1732.38684357252,1707.40399615091,553.442504882812,340
666,1743.04782709483,1707.67728898235,553.442504882812,340
667,1750.42697496535,1708.49379846249,553.442504882812,340
668,1721.67380881859,1711.71668383921,553.442504882812,340
669,1721.69393172163,1714.14186854629,553.442504882812,340
670,1741.68981438513,1714.72048460253,553.442504882812,340
671,1700.05206035864,1713.244879288,553.442504882812,340
672,1713.20499871589,1712.27276591662,553.442504882812,340
673,1738.31984850299,1713.36210468814,554.38134765625,340
674,1764.51853973949,1719.03277610139,554.38134765625,340
675,1729.20796101007,1718.86497002457,554.38134765625,340
676,1710.75393415408,1718.94326293733,554.38134765625,340
677,1729.37165288645,1718.33336876724,554.38134765625,340
678,1705.77048488786,1723.6885742757,554.38134765625,340
679,1738.47276463012,1725.29347444022,554.38134765625,340
680,1739.75858890316,1726.21265489386,554.38134765625,340
681,1678.33942023353,1724.88236098149,556.276672363281,340
682,1729.59504675123,1724.53949210756,556.276672363281,340
683,1709.81349445248,1725.62468180075,556.276672363281,340
684,1734.41723961192,1727.07283323769,556.276672363281,340
685,1734.8092168488,1727.29871979954,556.276672363281,340
686,1726.42722041934,1726.22222763442,556.276672363281,340
687,1728.20136219345,1726.4541095773,556.276672363281,340
688,1735.97297066145,1727.08402108198,556.276672363281,340
689,1739.29405407837,1727.88880238389,557.696594238281,340
690,1733.19514996965,1727.92113463978,557.696594238281,340
691,1697.41619794031,1726.0958694736,557.696594238281,340
692,1736.0502316779,1725.5207997421,557.696594238281,340
693,1545.43029942604,1718.4710593664,557.696594238281,340
694,1690.9518861656,1717.24137754416,557.696594238281,340
695,1693.18469219952,1715.30117265673,557.696594238281,340
696,1756.68773466277,1717.5665996289,557.696594238281,340
697,1765.76960700217,1719.66918396035,558.065368652344,340
698,1742.96276661094,1719.85490068467,558.065368652344,340
699,1699.75957346053,1717.26454203351,558.065368652344,340
700,1726.91778530203,1717.17293500519,558.065368652344,340
701,1680.24666213856,1715.95264412457,558.065368652344,340
702,1734.90739980221,1716.1740740012,558.065368652344,340
703,1765.03987535348,1718.54484961982,558.065368652344,340
704,1731.37246940298,1718.26083781074,558.065368652344,340
705,1675.33306318863,1715.68381678216,559.086608886719,340
706,1726.45611620219,1717.6084846209,559.086608886719,340
707,1698.79630835671,1716.37653508512,559.086608886719,340
708,1768.41577220195,1718.7206261951,559.086608886719,340
709,1567.14656325234,1712.02979914072,559.086608886719,340
710,1703.85847289274,1710.79176938247,559.086608886719,340
711,1710.45800223974,1710.15300065529,559.086608886719,340
712,1726.68695652119,1710.0924244284,559.086608886719,340
713,1773.87792156265,1711.60862246445,558.895751953125,340
714,1724.61627491464,1711.0215112979,558.895751953125,340
715,1654.37967693494,1707.86889237651,558.895751953125,340
716,1742.70900978289,1709.68060485021,558.895751953125,340
717,1725.99908832652,1709.27855911616,558.895751953125,340
718,1723.17858538298,1716.38849055444,558.895751953125,340
719,1724.77960990808,1717.74159950414,558.895751953125,340
720,1763.0867117726,1720.53768028706,558.895751953125,340
721,1668.2190437037,1716.9989326487,558.553405761719,340
722,1732.13245490045,1715.65344656463,558.553405761719,340
723,1742.97264530427,1715.65384171236,558.553405761719,340
724,1702.38483160031,1715.75885203795,558.553405761719,340
725,1514.7904311369,1707.27375787135,558.553405761719,340
726,1741.29481988088,1709.71568418104,558.553405761719,340
727,1750.53598308631,1710.3408275124,558.553405761719,340
728,1717.39323958926,1708.43496208183,558.553405761719,340
729,1716.93965911429,1707.85764967029,561.210998535156,340
730,1684.66594098162,1708.23096478201,561.210998535156,340
731,1745.08277833012,1708.97603126712,561.210998535156,340
732,1752.0762213568,1711.10722778713,561.210998535156,340
733,1724.66804111478,1709.35731854364,561.210998535156,340
734,1736.48264497333,1716.13076181248,561.210998535156,340
735,1709.74893027795,1716.36638010789,561.210998535156,340
736,1742.22880582754,1717.6372122514,561.210998535156,340
737,1752.65133481114,1718.675787383,561.03857421875,340
738,1681.80593263145,1714.99290782575,561.03857421875,340
739,1748.86428325014,1715.96282815917,561.03857421875,340
740,1750.93023929852,1719.82485065371,561.03857421875,340
741,1739.35722812686,1719.69077938747,561.03857421875,340
742,1752.53157012633,1720.75207865946,561.03857421875,340
743,1743.77975354293,1721.57612538586,561.03857421875,340
744,1698.59422179592,1720.52870986138,561.03857421875,340
745,1738.01792473303,1719.52595837979,562.015625,340
746,1764.5171876474,1723.37788413754,562.015625,340
747,1765.18044107435,1724.6998035845,562.015625,340
748,1760.39015577055,1725.39650400315,562.015625,340
749,1732.28498235455,1726.59251003332,562.015625,340
750,1759.64148144896,1736.3865520458,562.015625,340
751,1747.07414392642,1736.61772500762,562.015625,340
752,1767.36725229796,1737.29097577609,562.015625,340
753,1751.73598841489,1738.66468572911,562.177551269531,340
754,1740.88591233407,1739.62253585791,562.177551269531,340
755,1751.04342460565,1742.27763520287,562.177551269531,340
756,1762.79587915466,1742.98615923585,562.177551269531,340
757,1647.92817725856,1738.82023747192,562.177551269531,340
758,1751.72527234661,1739.90252672119,562.177551269531,340
759,1765.58101570157,1741.06646155032,562.177551269531,340
760,1733.24656167432,1742.00636680617,562.177551269531,340
761,1775.52091367256,1743.33805111998,562.726623535156,340
762,1761.21175674864,1743.68046799748,562.726623535156,340
763,1772.44354314801,1747.30597241814,562.726623535156,340
764,1743.952332377,1747.10949438321,562.726623535156,340
765,1767.59452081836,1747.77606564401,562.726623535156,340
766,1773.24273672989,1749.13148598813,562.726623535156,340
767,1788.73354432121,1750.57956495592,562.726623535156,340
768,1753.85604778986,1750.9826167258,562.726623535156,340
769,1753.47977807524,1753.17803897697,564.555297851562,340
770,1750.63522563683,1753.68273101312,564.555297851562,340
771,1757.59566504718,1753.40587010912,564.555297851562,340
772,1761.62238784712,1753.26354798003,564.555297851562,340
773,1762.9026834922,1753.36404908889,564.555297851562,340
774,1771.618631271,1754.93739504555,564.555297851562,340
775,1760.54198184712,1754.97341506148,564.555297851562,340
776,1765.34265759999,1755.70415560842,564.555297851562,340
777,1785.60683674977,1756.43373898649,565.758422851562,340
778,1778.38415499441,1757.49966564967,565.758422851562,340
779,1758.03509564282,1758.18563298202,565.758422851562,340
780,1744.51404440631,1757.92445777405,565.758422851562,340
781,1769.25149496034,1758.18268240628,565.758422851562,340
782,1753.08757383245,1762.38905826923,565.758422851562,340
783,1784.37817839887,1763.69517451132,565.758422851562,340
784,1768.58878331186,1763.81548521573,565.758422851562,340
785,1772.29734961615,1765.37751673341,565.861511230469,340
786,1743.83362984852,1764.11002538045,565.861511230469,340
787,1758.38759931308,1763.99705908302,565.861511230469,340
788,1738.03064627244,1762.620543208,565.861511230469,340
789,1784.53199815346,1764.24372983906,565.861511230469,340
790,1781.03512813932,1764.7813541319,565.861511230469,340
791,1776.45829270211,1764.90997637079,565.861511230469,340
792,1782.78237452661,1764.671929579,565.861511230469,340
793,1776.31640478074,1765.57034385864,566.934265136719,340
794,1765.28118511932,1766.0424001404,566.934265136719,340
795,1748.30333370165,1765.94912446299,566.934265136719,340
796,1766.01952058881,1766.28607868466,566.934265136719,340
797,1771.59082050952,1766.68481599116,566.934265136719,340
798,1781.31625609609,1767.42135889531,566.934265136719,340
799,1721.02936365767,1765.39778819078,566.934265136719,340
800,1776.84591164878,1766.04994538284,566.934265136719,340
801,1759.87300973227,1765.83115946813,567.831848144531,340
802,1778.69782472571,1765.55479898717,567.831848144531,340
803,1758.22665725088,1764.74849907743,567.831848144531,340
804,1738.23845757383,1763.95663355467,567.831848144531,340
805,1757.79241905051,1764.48776854044,567.831848144531,340
806,1783.60400985337,1765.06186913616,567.831848144531,340
807,1785.61390554159,1766.36292240453,567.831848144531,340
808,1616.90974576269,1759.66418509908,567.831848144531,340
809,1719.11895547012,1757.68539198541,567.533752441406,340
810,1760.61601429438,1757.21813857254,567.533752441406,340
811,1782.58925805451,1758.76836370078,567.533752441406,340
812,1770.1502483646,1759.23886966284,567.533752441406,340
813,1751.1879142755,1759.76516038296,567.533752441406,340
814,1757.44558060888,1758.68170368118,567.533752441406,340
815,1772.82351349414,1758.35323909537,567.533752441406,340
816,1774.39961155244,1758.27089184938,567.533752441406,340
817,1774.77726972926,1757.95068765749,568.244140625,340
818,1728.08769785465,1756.02153938045,568.244140625,340
819,1683.20479572316,1752.7384838046,568.244140625,340
820,1782.66099279727,1754.11279016843,568.244140625,340
821,1705.27526238236,1751.68301984017,568.244140625,340
822,1743.28357705913,1750.55073010215,568.244140625,340
823,1773.74374110751,1750.24782950261,568.244140625,340
824,1738.76807437839,1750.95737793144,568.244140625,340
825,1784.97782361146,1751.28265440994,568.654968261719,340
826,1772.05461494557,1751.76991861848,568.654968261719,340
827,1771.60049389251,1751.48602538515,568.654968261719,340
828,1793.36336238101,1752.89149359035,568.654968261719,340
829,1774.41321751545,1754.33848398802,568.654968261719,340
830,1787.73826423487,1755.53631779539,568.654968261719,340
831,1792.14334043398,1755.87789101862,568.654968261719,340
832,1769.49949054057,1755.23331441858,568.654968261719,340
833,1785.57704866706,1761.98000653475,569.376098632812,340
834,1769.44690998433,1763.99312471532,569.376098632812,340
835,1794.76246639429,1765.35898279932,569.376098632812,340
836,1780.60349438974,1765.27955225273,569.376098632812,340
837,1770.47473705585,1765.29253180038,569.376098632812,340
838,1776.1227716375,1766.28992609485,569.376098632812,340
839,1735.62048453245,1765.4169222518,569.376098632812,340
840,1773.24744531038,1765.43387952445,569.376098632812,340
841,1794.28809909607,1766.22941902619,568.950439453125,340
842,1783.32774738241,1766.57143813232,568.950439453125,340
843,1784.3678137752,1768.82264276914,568.950439453125,340
844,1782.4794555606,1772.79362916264,568.950439453125,340
845,1771.17693576229,1772.33426688124,568.950439453125,340
846,1765.31926062349,1774.73602681088,568.950439453125,340
847,1781.10487581978,1776.24887876131,568.950439453125,340
848,1776.59861735076,1776.36307381104,568.950439453125,340
849,1781.2188232822,1778.06110376719,569.161315917969,340
850,1776.22441521021,1777.71096743114,569.161315917969,340
851,1782.70328190471,1778.13691410951,569.161315917969,340
852,1779.56744896423,1778.45559231238,569.161315917969,340
853,1775.08875324476,1777.72460794693,569.161315917969,340
854,1779.90233948135,1777.94417282556,569.161315917969,340
855,1790.82875941119,1778.06779263262,569.161315917969,340
856,1773.18360767062,1777.30940332208,569.161315917969,340
857,1756.52693423255,1776.79050106976,570.565185546875,340
858,1781.03728674886,1776.60891059303,570.565185546875,340
859,1787.06827612334,1777.31376523859,570.565185546875,340
860,1802.03391074794,1777.60462301274,570.565185546875,340
861,1773.02590765653,1777.30151954341,570.565185546875,340
862,1777.17975767985,1777.56972036837,570.565185546875,340
863,1796.69290734724,1778.39252579676,570.565185546875,340
864,1778.48379024876,1780.10705802541,570.565185546875,340
865,1806.03870624383,1781.41870846275,570.219970703125,340
866,1801.88524380251,1781.72259425101,570.219970703125,340
867,1798.24528684348,1782.31929582945,570.219970703125,340
868,1799.35437919487,1782.91875844624,570.219970703125,340
869,1806.61273371634,1783.88408957247,570.219970703125,340
870,1795.70524471175,1784.86522193045,570.219970703125,340
871,1785.88138551292,1785.68770692602,570.219970703125,340
872,1793.04737497992,1786.16540689243,570.219970703125,340
873,1802.85985646867,1787.21585645715,570.83349609375,340
874,1801.76262131558,1788.03760837848,570.83349609375,340
875,1786.62835722677,1788.45376605914,570.83349609375,340
876,1817.09405341533,1789.82939691957,570.83349609375,340
877,1790.19359935636,1790.25444293525,570.83349609375,340
878,1777.37826730571,1790.34602349769,570.83349609375,340
879,1790.70236976089,1790.77802470887,570.83349609375,340
880,1803.16539015217,1791.27148993851,570.83349609375,340
881,1803.01447318584,1792.46472455912,571.327941894531,340
882,1800.05992800062,1794.20604430984,571.327941894531,340
883,1789.75794812979,1794.55487076508,571.327941894531,340
884,1791.81017841909,1794.74454685691,571.327941894531,340
885,1811.48255375316,1795.12249257712,571.327941894531,340
886,1797.85771212724,1796.11576475595,571.327941894531,340
887,1809.74712221335,1797.41845933729,571.327941894531,340
888,1796.22045107931,1797.39956108657,571.327941894531,340
889,1797.73903538825,1798.16977089215,572.04345703125,340
890,1806.62212374968,1798.19310759238,572.04345703125,340
891,1795.83127521142,1797.95094884874,572.04345703125,340
892,1812.7090336835,1798.52949872234,572.04345703125,340
893,1790.12320093714,1798.16025159203,572.04345703125,340
894,1796.15217217679,1797.74182913045,572.04345703125,340
895,1800.73933257772,1797.94319264509,572.04345703125,340
896,1772.2512912782,1797.3979888757,572.04345703125,340
897,1799.59755560508,1797.65999610071,571.739868164062,340
898,1808.07737169419,1797.86869670973,571.739868164062,340
899,1806.38057967122,1798.05341504395,571.739868164062,340
900,1802.89944203324,1798.70425843621,571.739868164062,340
901,1817.25686565797,1798.71077092592,571.739868164062,340
902,1771.77928613963,1797.97419839725,571.739868164062,340
903,1727.65557639855,1795.98529076096,571.739868164062,340
904,1795.08036844068,1796.16041070815,571.739868164062,340
905,1799.02425391087,1795.9947652585,571.28271484375,340
906,1789.78457649755,1795.46556939097,571.28271484375,340
907,1776.64687313529,1794.52904719636,571.28271484375,340
908,1804.17176253505,1795.10559977257,571.28271484375,340
909,1806.62400648568,1795.69815289523,571.28271484375,340
910,1672.74224628491,1790.1485405965,571.28271484375,340
911,1763.45681319269,1788.77250463912,571.28271484375,340
912,1808.76481498014,1788.73321234979,571.28271484375,340
913,1792.69070223408,1788.59202239598,571.705627441406,340
914,1740.90261307949,1786.31856550363,571.705627441406,340
915,1758.93064279186,1784.41090626532,571.705627441406,340
916,1802.47895618409,1784.67681350423,571.705627441406,340
917,1804.29654296886,1784.34031387564,571.705627441406,340
918,1812.5872505907,1785.23887586178,571.705627441406,340
919,1812.18241494483,1785.8800855725,571.705627441406,340
920,1813.76311531117,1786.40103688184,571.705627441406,340
921,1739.93004827913,1785.10818716188,572.696044921875,340
922,1806.40250149925,1785.38038499765,572.696044921875,340
923,1745.91891125005,1782.89404657988,572.696044921875,340
924,1802.26826329874,1782.72955392498,572.696044921875,340
925,1819.68773897803,1783.40108580277,572.696044921875,340
926,1762.78501270749,1781.22221168475,572.696044921875,340
927,1800.18322659221,1782.35836930286,572.696044921875,340
928,1781.92652540169,1784.52920726298,572.696044921875,340
929,1807.45002261633,1785.02399343001,573.818298339844,340
930,1775.56807220477,1784.08574616176,573.818298339844,340
931,1806.82547789575,1784.76738221769,573.818298339844,340
932,1753.15926985038,1783.8278780863,573.818298339844,340
933,1812.3522292201,1784.1550967537,573.818298339844,340
934,1800.58869454081,1783.9136842759,573.818298339844,340
935,1760.9021147426,1787.44007901421,573.818298339844,340
936,1759.55765500631,1787.28411268675,573.818298339844,340
937,1805.20444314287,1787.14169781326,574.292907714844,340
938,1807.84032909495,1787.7476828877,574.292907714844,340
939,1772.67149815315,1789.01843829064,574.292907714844,340
940,1753.50914062173,1788.80157820384,574.292907714844,340
941,1757.274333659,1786.99339330284,574.292907714844,340
942,1681.91747977891,1782.09823077524,574.292907714844,340
943,1800.11677701782,1781.59941183232,574.292907714844,340
944,1748.08335882601,1779.03544958757,574.292907714844,340
945,1811.90327077783,1778.96105580624,573.891296386719,340
946,1723.73766818822,1778.3133606026,573.891296386719,340
947,1775.17095786966,1777.06409885742,573.891296386719,340
948,1803.09183255605,1779.35101570966,573.891296386719,340
949,1751.8705044358,1777.33510535514,573.891296386719,340
950,1808.69555207342,1776.89541787895,573.891296386719,340
951,1695.32987100783,1774.19721221097,573.891296386719,340
952,1731.46908243497,1771.44864644468,573.891296386719,340
953,1813.42759668248,1772.70868929591,574.701965332031,340
954,1732.32792842543,1769.70380552827,574.701965332031,340
955,1803.71726168566,1770.82977310751,574.701965332031,340
956,1704.15072854645,1766.72278313354,574.701965332031,340
957,1801.25224459666,1768.64650212339,574.701965332031,340
958,1811.64231514869,1768.61810556053,574.701965332031,340
959,1813.97693774507,1769.1536352887,574.701965332031,340
960,1812.60480186012,1771.2217427734,574.701965332031,340
961,1816.84533191881,1773.5132498499,575.207885742188,340
962,1806.04790024895,1773.54698813415,575.207885742188,340
963,1812.33913539086,1773.72694038598,575.207885742188,340
964,1765.81976214893,1773.45287094582,575.207885742188,340
965,1800.00557306887,1775.3127282437,575.207885742188,340
966,1810.34214899652,1777.4354408572,575.207885742188,340
967,1809.71253303423,1782.54724298741,575.207885742188,340
968,1809.37507012527,1782.91757471171,575.207885742188,340
969,1812.4645943925,1785.49282413437,576.404174804688,340
970,1825.59183733003,1786.04036679646,576.404174804688,340
971,1806.34178730692,1789.34453156121,576.404174804688,340
972,1804.64928001844,1790.52366444716,576.404174804688,340
973,1759.61902017002,1788.78475195172,576.404174804688,340
974,1816.91071086345,1791.38636020882,576.404174804688,340
975,1808.00097173864,1791.35857699543,576.404174804688,340
976,1803.4483934833,1795.68331789445,576.404174804688,340
977,1800.28827889951,1798.43608575303,576.796081542969,340
978,1744.68941213222,1795.68655837102,576.796081542969,340
979,1806.01776606251,1798.63415187651,576.796081542969,340
980,1797.01849392009,1798.36620116588,576.796081542969,340
981,1771.00822644279,1801.04050108174,576.796081542969,340
982,1805.14606197661,1801.19625377694,576.796081542969,340
983,1753.17836320509,1798.85769569919,576.796081542969,340
984,1812.42969337396,1798.79580592435,576.796081542969,340
985,1811.62492998552,1798.75661104936,576.766540527344,340
986,1809.07860249776,1798.44594187252,576.766540527344,340
987,1773.25571852449,1797.13425460354,576.766540527344,340
988,1775.48154100728,1795.6599508282,576.766540527344,340
989,1812.48014852456,1797.52636628322,576.766540527344,340
990,1634.7446362936,1790.91592881221,576.766540527344,340
991,1816.17616915514,1791.14928961856,576.766540527344,340
992,1807.60222381648,1791.06487724985,576.766540527344,340
993,1699.30988769521,1786.66226995265,577.215881347656,340
994,1687.53409623622,1781.66505002639,577.215881347656,340
995,1746.44162327376,1778.49904146414,577.215881347656,340
996,1752.0615078372,1776.32783028536,577.215881347656,340
997,1721.51075069517,1773.00228911242,577.215881347656,340
998,1721.51037896311,1771.47794346415,577.215881347656,340
999,1722.40136818007,1767.69756975681,577.215881347656,340
1000,1691.85251167967,1763.05163135445,577.215881347656,340
1001,1774.06306160686,1761.8762180794,575.736877441406,340
1002,1754.27209869518,1760.03557087122,575.736877441406,340
1003,1608.18702049244,1754.57547520563,575.736877441406,340
1004,1758.84229461628,1752.68845634778,575.736877441406,340
1005,1686.24018692538,1748.25732406799,575.736877441406,340
1006,1719.61721500361,1746.20168361043,575.736877441406,340
1007,1622.31713278403,1738.88852644272,575.736877441406,340
1008,1752.48874804467,1738.86094183631,575.736877441406,340
1009,1671.76369177564,1733.23430177237,573.157775878906,340
1010,1684.41069998617,1728.1457325724,573.157775878906,340
1011,1714.10757687895,1724.34689154765,573.157775878906,340
1012,1700.50777141687,1721.43697366334,573.157775878906,340
1013,1677.54016290521,1717.51931853926,573.157775878906,340
1014,1657.27212560185,1711.31099762235,573.157775878906,340
1015,1671.58209859431,1712.78449611438,573.157775878906,340
1016,1676.23710844346,1707.18693368591,573.157775878906,340
1017,1665.67579499269,1701.50987653296,572.099060058594,340
1018,1690.16433573949,1701.14405445473,572.099060058594,340
1019,1701.34629652559,1701.69654246631,572.099060058594,340
1020,1658.56931468624,1698.18165012281,572.099060058594,340
1021,1651.59575231466,1694.1630199019,572.099060058594,340
1022,1681.68004884342,1692.56979182783,572.099060058594,340
1023,1702.03458939626,1691.79076024516,572.099060058594,340
1024,1695.26415795575,1690.70527183619,572.099060058594,340
1025,1482.54338741027,1682.33290686541,572.851745605469,340
1026,1685.54450791363,1678.79216471768,572.851745605469,340
1027,1688.56778953293,1676.16399235119,572.851745605469,340
1028,1685.5715308955,1679.25937276731,572.851745605469,340
1029,1691.1347864,1676.55107243866,572.851745605469,340
1030,1669.82842343731,1675.89460189914,572.851745605469,340
1031,1701.19177733433,1675.15758439237,572.851745605469,340
1032,1707.46304293611,1678.56342079845,572.851745605469,340
1033,1703.68291890882,1676.61118763302,574.006896972656,340
1034,1719.48755504212,1678.52014216368,574.006896972656,340
1035,1674.67498111313,1678.13071340875,574.006896972656,340
1036,1688.90203403355,1677.12249169494,574.006896972656,340
1037,1691.80325770639,1676.77431114652,574.006896972656,340
1038,1705.52443991019,1677.89368222672,574.006896972656,340
1039,1713.55481850808,1680.14498994297,574.006896972656,340
1040,1652.11245668371,1679.36620426654,574.006896972656,340
1041,1716.14208842206,1680.96240346569,573.765625,340
1042,1508.4031364073,1674.67149712227,573.765625,340
1043,1726.65157464507,1676.1309866785,573.765625,340
1044,1648.39945700566,1674.0131130977,573.765625,340
1045,1698.51857108201,1675.61108335353,573.765625,340
1046,1702.1996032421,1677.63523739063,573.765625,340
1047,1704.40088612544,1678.54407088191,573.765625,340
1048,1717.73592864687,1679.17212445193,573.765625,340
1049,1632.50947372213,1676.66193708259,572.301574707031,340
1050,1656.34173481369,1683.61387097873,572.301574707031,340
1051,1623.27416937077,1681.12305743701,572.301574707031,340
1052,1683.89775123791,1680.93625590521,572.301574707031,340
1053,1671.59501359211,1680.37719521307,572.301574707031,340
1054,1653.5800586613,1678.87500610353,572.301574707031,340
1055,1614.23439939666,1676.6512451419,572.301574707031,340
1056,1708.21995129935,1676.9323721005,572.301574707031,340
1057,1703.14960926662,1676.75983475372,572.227172851562,340
1058,1718.11234438907,1677.33701177293,572.227172851562,340
1059,1623.29133305058,1673.48916289327,572.227172851562,340
1060,1629.04709803666,1671.66404757021,572.227172851562,340
1061,1581.99885165556,1667.38792027509,572.227172851562,340
1062,1638.14548549666,1665.2416093867,572.227172851562,340
1063,1505.84453930216,1657.25441336238,572.227172851562,340
1064,1666.36640773802,1655.36687693158,572.227172851562,340
1065,1711.40839031923,1657.738714277,572.357360839844,340
1066,1741.06000156953,1658.7354308029,572.357360839844,340
1067,1780.24051781629,1669.60892605926,572.357360839844,340
1068,1681.35038020591,1667.79687828169,572.357360839844,340
1069,1733.73332379313,1671.21023295319,572.357360839844,340
1070,1696.28859103685,1671.12103375138,572.357360839844,340
1071,1726.85547954102,1672.10726880334,572.357360839844,340
1072,1723.30144872774,1672.86329130743,572.357360839844,340
1073,1695.77903063161,1671.98501538682,571.008666992188,340
1074,1623.656712439,1671.6309049355,571.008666992188,340
1075,1688.3370710781,1672.91071838607,571.008666992188,340
1076,1728.68438139048,1677.12712686686,571.008666992188,340
1077,1685.75077410745,1677.20124778164,571.008666992188,340
1078,1720.1606174943,1679.14387193773,571.008666992188,340
1079,1743.65102383636,1682.74671054473,571.008666992188,340
1080,1709.38412168392,1686.55269943622,571.008666992188,340
1081,1674.37286536308,1685.19881599877,570.307434082031,340
1082,1670.11530241626,1683.87744372476,570.307434082031,340
1083,1662.78346778443,1681.66428866057,570.307434082031,340
1084,1480.67121949685,1675.95948411842,570.307434082031,340
1085,1640.96483225998,1676.43619348736,570.307434082031,340
1086,1558.80643017746,1675.50849662823,570.307434082031,340
1087,1551.66422843822,1672.0492463459,570.307434082031,340
1088,1724.93689589867,1680.81294060976,570.307434082031,340
1089,1582.57960725888,1677.46146859059,569.149536132812,340
1090,1765.66510425685,1679.63173714809,569.149536132812,340
1091,1568.94463776149,1672.74712259577,569.149536132812,340
1092,1648.0782882906,1667.46063341475,569.149536132812,340
1093,1783.94006030324,1671.56422061864,569.149536132812,340
1094,1648.70495966809,1668.16308605364,569.149536132812,340
1095,1698.80027978602,1668.2635536036,569.149536132812,340
1096,1671.80351426543,1666.06147499258,569.149536132812,340
1097,1707.33469190943,1665.42280471985,568.149719238281,340
1098,1694.6615897931,1665.37810708631,568.149719238281,340
1099,1737.7903366603,1669.94345205516,568.149719238281,340
1100,1707.48974070553,1670.70955884026,568.149719238281,340
1101,1700.21952025292,1669.57096439475,568.149719238281,340
1102,1704.32265301088,1670.31383955089,568.149719238281,340
1103,1730.93979809147,1670.74500677478,568.149719238281,340
1104,1707.44345706018,1669.29670410373,568.149719238281,340
1105,1724.96532451283,1669.91995221689,569.008605957031,340
1106,1757.93565260497,1673.26246370656,569.008605957031,340
1107,1783.12035149771,1677.78266566982,569.008605957031,340
1108,1710.04839882386,1679.6732629114,569.008605957031,340
1109,1714.20166000334,1689.01448053166,569.008605957031,340
1110,1719.12340776219,1692.14082355175,569.008605957031,340
1111,1761.52486435933,1700.24956091902,569.008605957031,340
1112,1784.46173754498,1709.56146128329,569.008605957031,340
1113,1696.77158034525,1708.43484866116,569.355163574219,340
1114,1750.70301677825,1715.15978504193,569.355163574219,340
1115,1722.50157906626,1713.43324403431,569.355163574219,340
1116,1658.08975105658,1716.99904856611,569.355163574219,340
1117,1564.73979710976,1713.66550891888,569.355163574219,340
1118,1568.79823703443,1705.05983598812,569.355163574219,340
1119,1711.56614028709,1707.57428321288,569.355163574219,340
1120,1607.26399593751,1703.91283185894,569.355163574219,340
1121,1696.7490916453,1704.91065495414,570.278137207031,340
1122,1717.71949486553,1705.32604707238,570.278137207031,340
1123,1732.1231631401,1706.82451000626,570.278137207031,340
1124,1590.0116240133,1700.91336150038,570.278137207031,340
1125,1696.65986953065,1700.48016665339,570.278137207031,340
1126,1713.54544065075,1701.0132034693,570.278137207031,340
1127,1701.71122905769,1700.90874651117,570.278137207031,340
1128,1741.89154510276,1701.34681639162,570.278137207031,340
1129,1713.39284055301,1701.58479173134,570.625427246094,340
1130,1697.69179141642,1700.49385040748,570.625427246094,340
1131,1654.47793159821,1696.35554156721,570.625427246094,340
1132,1626.10924224407,1690.07509719706,570.625427246094,340
1133,1700.69182948398,1689.70083442347,570.625427246094,340
1134,1688.3149542671,1688.66536619402,570.625427246094,340
1135,1647.57364205823,1685.80337556586,570.625427246094,340
1136,1675.234222797,1682.35174990337,570.625427246094,340
1137,1565.59262521001,1673.59698540997,569.835510253906,340
1138,1570.02617344397,1668.52716913392,569.835510253906,340
1139,1546.34877985452,1660.35299965697,569.835510253906,340
1140,1592.64989642816,1655.15893235144,569.835510253906,340
1141,1532.76739923798,1650.1460382787,569.835510253906,340
1142,1442.94711464385,1645.27433098006,569.835510253906,340
1143,1583.59435142699,1645.86617555577,569.835510253906,340
1144,1604.9960388239,1641.60337149724,569.835510253906,340
1145,1677.48178097937,1644.41208289891,568.752319335938,340
1146,1620.14952602711,1641.34810027419,568.752319335938,340
1147,1633.59653903712,1637.98318204105,568.752319335938,340
1148,1678.96400868266,1635.85681586275,568.752319335938,340
1149,1665.21880945845,1638.86510328056,568.752319335938,340
1150,1674.40946713797,1637.97508718485,568.752319335938,340
1151,1634.8849842319,1634.8286689281,568.752319335938,340
1152,1656.82629472276,1633.0332715547,568.752319335938,340
1153,1773.23646364956,1634.28706829657,569.777526855469,340
1154,1686.4616206794,1633.20981950163,569.777526855469,340
1155,1712.71425337683,1633.81071798004,569.777526855469,340
1156,1681.9564403366,1634.90985832958,569.777526855469,340
1157,1770.90705756587,1640.70177094245,569.777526855469,340
1158,1727.21295969942,1641.76261615107,569.777526855469,340
1159,1769.6745793656,1645.01700115501,569.777526855469,340
1160,1713.74760463869,1647.66395965823,569.777526855469,340
1161,1672.59072416058,1647.55821971277,568.728454589844,340
1162,1743.298834765,1654.66646809497,568.728454589844,340
1163,1735.22128713844,1661.27427264275,568.728454589844,340
1164,1717.25453218511,1668.11050273597,568.728454589844,340
1165,1706.3964384925,1672.66036441855,568.728454589844,340
1166,1773.61382504806,1682.29422145095,568.728454589844,340
1167,1789.40953464726,1696.15271825109,568.728454589844,340
1168,1740.05512354669,1702.41114913587,568.728454589844,340
1169,1791.05910522837,1709.85367179205,568.188842773438,340
1170,1761.42884720214,1713.21155444096,568.188842773438,340
1171,1783.19763234364,1719.73347869362,568.188842773438,340
1172,1788.06571148014,1725.91224559135,568.188842773438,340
1173,1788.90266876906,1730.3097919948,568.188842773438,340
1174,1795.22377058957,1735.50999044005,568.188842773438,340
1175,1783.18826577872,1739.86114238568,568.188842773438,340
1176,1768.17581875411,1745.19277576656,568.188842773438,340
1177,1629.28955878773,1744.09130632916,567.997863769531,340
1178,1748.0012747171,1743.08189877186,567.997863769531,340
1179,1727.05316265205,1744.70556045077,567.997863769531,340
1180,1647.9222494048,1742.11388029189,567.997863769531,340
1181,1793.11449623345,1746.56020252776,567.997863769531,340
1182,1780.15828516197,1746.93025163161,567.997863769531,340
1183,1694.94732270986,1745.63962615203,567.997863769531,340
1184,1799.21949242482,1746.82142267439,567.997863769531,340
1185,1389.72512591809,1733.86052352557,568.914916992188,340
1186,1791.05726444124,1738.5991851368,568.914916992188,340
1187,1796.95059042532,1740.74525536321,568.914916992188,340
1188,1780.05018457635,1742.53841126073,568.914916992188,340
1189,1764.52425275756,1744.42920008362,568.914916992188,340
1190,1540.44657601499,1737.79120558452,568.914916992188,340
1191,1322.89155327712,1719.76231471369,568.914916992188,340
1192,1467.60346162992,1706.89007179299,568.914916992188,340
1193,1433.61062025848,1694.63229166146,570.897705078125,340
1194,1647.65008446809,1688.89593083105,570.897705078125,340
1195,1536.42860365282,1679.89592108908,570.897705078125,340
1196,1593.41327822328,1672.30454692427,570.897705078125,340
1197,1442.80603196538,1658.49415974367,570.897705078125,340
1198,1722.52501101876,1655.83905343366,570.897705078125,340
1199,1700.1679177412,1652.03681931973,570.897705078125,340
1200,1305.91800307766,1632.94600881169,570.897705078125,340
1201,1587.40837285593,1625.71531097576,561.242492675781,340
1202,1070.80994979995,1603.37612661625,561.242492675781,340
1203,1659.70726130914,1599.84436607993,561.242492675781,340
1204,1491.9968416533,1590.44211323998,561.242492675781,340
1205,1619.61680431986,1589.30989543658,561.242492675781,340
1206,1763.9429605823,1588.14303401054,561.242492675781,340
1207,1607.11730215854,1581.2213946904,561.242492675781,340
1208,1687.68363136891,1580.93084703676,561.242492675781,340
1209,1675.98051988399,1576.00128813513,557.830505371094,340
1210,1743.31195361387,1590.14476124296,557.830505371094,340
1211,1722.00304359876,1587.38259240926,557.830505371094,340
1212,1723.56377613148,1584.44711983751,557.830505371094,340
1213,1622.91307393186,1578.16163541173,557.830505371094,340
1214,1677.68638315906,1574.68812062779,557.830505371094,340
1215,1717.97792239633,1581.78937448304,557.830505371094,340
1216,1793.35414219711,1600.60787803984,557.830505371094,340
1217,1707.99214109097,1610.22342521828,558.257629394531,340
1218,1798.67811440397,1624.8261249841,558.257629394531,340
1219,1772.98672150114,1629.83959046542,558.257629394531,340
1220,1687.51388168208,1635.88300158659,558.257629394531,340
1221,1714.75863110388,1640.73681570182,558.257629394531,340
1222,1705.64320582475,1651.25030265619,558.257629394531,340
1223,1695.57313487023,1650.17222761025,558.257629394531,340
1224,1617.9668611022,1646.88418534469,558.257629394531,340
1225,1760.77297389299,1665.0783841773,559.636047363281,340
1226,1705.04996307082,1669.7840477859,559.636047363281,340
1227,1768.64431213602,1697.69742227934,559.636047363281,340
1228,1759.38819456539,1701.68465960959,559.636047363281,340
1229,1712.55805519011,1710.50710815106,559.636047363281,340
1230,1655.99005125299,1711.96203802839,559.636047363281,340
1231,1755.97395614838,1711.64327785103,559.636047363281,340
1232,1699.473269068,1715.33751652741,559.636047363281,340
1233,1658.62189613393,1714.17504711801,564.428527832031,340
1234,1706.51001864127,1715.3962270683,564.428527832031,340
1235,1775.83286093484,1716.69706336114,564.428527832031,340
1236,1729.13004618241,1716.98214346449,564.428527832031,340
1237,1785.66803873538,1719.46631396864,564.428527832031,340
1238,1736.39200332798,1724.00547114449,564.428527832031,340
1239,1785.01812079321,1728.29874064985,564.428527832031,340
1240,1734.03626658487,1728.9410744174,564.428527832031,340
1241,1691.41533321194,1724.86352205799,567.812866210938,340
1242,1656.88148094428,1722.81909565212,567.812866210938,340
1243,1592.70052136075,1714.57999193039,567.812866210938,340
1244,1544.17282762123,1705.4274361752,567.812866210938,340
1245,1736.84470468396,1707.40066909527,567.812866210938,340
1246,1784.65697533115,1710.19660286436,567.812866210938,340
1247,1782.2685814128,1713.26161788788,567.812866210938,340
1248,1761.22176382706,1715.88756304616,567.812866210938,340
1249,1766.18990435435,1721.81648477624,569.98974609375,340
1250,1737.54486712543,1720.88736050554,569.98974609375,340
1251,1689.64302647218,1720.2710830416,569.98974609375,340
1252,1775.41404747111,1720.541872455,569.98974609375,340
1253,1778.52872356387,1721.30749361494,569.98974609375,340
1254,1763.15849474838,1723.33151119727,569.98974609375,340
1255,1496.27551974697,1716.94292993703,569.98974609375,340
1256,1760.2793896362,1717.11514727654,569.98974609375,340
1257,1771.87250517534,1720.01111672083,571.292663574219,340
1258,1756.85216155487,1723.94032733767,571.292663574219,340
1259,1764.24173658744,1726.24959605552,571.292663574219,340
1260,1716.12362457754,1723.86122660123,571.292663574219,340
1261,1773.88219426231,1725.65131252442,571.292663574219,340
1262,1768.4283851266,1724.96172638007,571.292663574219,340
1263,1765.5386118422,1726.12759072064,571.292663574219,340
1264,1769.38127088696,1725.50211672439,571.292663574219,340
1265,1793.19223418373,1727.86835542835,571.72314453125,340
1266,1777.39621925229,1731.30759086996,571.72314453125,340
1267,1771.19455748278,1735.8801139315,571.72314453125,340
1268,1739.2351357549,1741.74149850727,571.72314453125,340
1269,1784.13072053507,1751.33981422382,571.72314453125,340
1270,1768.09103991722,1752.58966763315,571.72314453125,340
1271,1778.11866714856,1752.32813530585,571.72314453125,340
1272,1789.08981889743,1752.60098480523,571.72314453125,340
1273,1561.79741939343,1744.62401102789,572.927062988281,340
1274,1763.42079989008,1744.51324684932,572.927062988281,340
1275,1679.91781479439,1742.20816475607,572.927062988281,340
1276,1719.19510614611,1743.39024794303,572.927062988281,340
1277,1724.63936282919,1741.35926055735,572.927062988281,340
1278,1636.44908196159,1735.67607489326,572.927062988281,340
1279,1787.85821330056,1736.66406363535,572.927062988281,340
1280,1761.31260007434,1747.26554684845,572.927062988281,340
1281,1718.70964551578,1745.60275708363,574.952880859375,340
1282,1768.05606380492,1745.45009942881,574.952880859375,340
1283,1774.79958320802,1746.16799629494,574.952880859375,340
1284,1757.16582141358,1745.88495968798,574.952880859375,340
1285,1759.47733818256,1747.61910823218,574.952880859375,340
1286,1747.08131716383,1746.54707314824,574.952880859375,340
1287,1775.32555408369,1746.82295990653,574.952880859375,340
1288,1758.9633954427,1746.55995125055,574.952880859375,340
1289,1666.50299467096,1742.44482020191,573.361572265625,340
1290,1773.30003415468,1741.64913220075,573.361572265625,340
1291,1502.75932400322,1730.66365639078,573.361572265625,340
1292,1766.48419179399,1730.47524176323,573.361572265625,340
1293,1767.81047119079,1731.61825518067,573.361572265625,340
1294,1769.10693413857,1731.01730372481,573.361572265625,340
1295,1720.60291234018,1729.11777862173,573.361572265625,340
1296,1732.04817257905,1727.27495883895,573.361572265625,340
1297,1756.13705941516,1725.95684845966,573.268615722656,340
1298,1675.03088701359,1730.48618716446,573.268615722656,340
1299,1760.71648722145,1730.37801465772,573.268615722656,340
1300,1450.68802265009,1721.20882297194,573.268615722656,340
1301,1772.25123001033,1723.33106792651,573.268615722656,340
1302,1774.51196870316,1725.32597216147,573.268615722656,340
1303,1754.7224144829,1730.05690546233,573.268615722656,340
1304,1725.91274979341,1727.57908692204,573.268615722656,340
1305,1776.10701906002,1728.17086368147,572.062072753906,340
1306,1772.90314239727,1730.33860355673,572.062072753906,340
1307,1758.01782806904,1729.93707412729,572.062072753906,340
1308,1767.47321376234,1729.64401934946,572.062072753906,340
1309,1750.74745804194,1729.3872848146,572.062072753906,340
1310,1626.78149596631,1724.07945112595,572.062072753906,340
1311,1645.40059630421,1720.01222229156,572.062072753906,340
1312,1779.6516523802,1720.18526622342,572.062072753906,340
1313,1763.36739117029,1720.36142605253,571.261596679688,340
1314,1728.73490951178,1722.85070264616,571.261596679688,340
1315,1694.07490047259,1719.68169729888,571.261596679688,340
1316,1766.36654297261,1730.22598605765,571.261596679688,340
1317,1689.52015088494,1727.14742442129,571.261596679688,340
1318,1716.71268878149,1725.10351312492,571.261596679688,340
1319,1728.97263784204,1723.49814127306,571.261596679688,340
1320,1751.68770323511,1724.74153290885,571.261596679688,340
1321,1722.4126506598,1724.35611203208,570.42578125,340
1322,1750.76885367258,1724.14138380238,570.42578125,340
1323,1747.04943449721,1727.02212570173,570.42578125,340
1324,1740.833776308,1726.22681726519,570.42578125,340
1325,1754.33168716662,1738.37256384585,570.42578125,340
1326,1763.07710406242,1738.00559880793,570.42578125,340
1327,1756.60028448144,1737.28913143906,570.42578125,340
1328,1712.49080499246,1735.59986705945,570.42578125,340
1329,1749.95079453444,1736.56138884909,570.445556640625,340
1330,1748.50243637476,1735.45720554168,570.445556640625,340
1331,1779.68292113864,1735.72839669133,570.445556640625,340
1332,1766.26955322106,1736.05846569741,570.445556640625,340
1333,1726.86747588767,1734.43423618242,570.445556640625,340
1334,1728.18151337854,1733.53159839589,570.445556640625,340
1335,1732.45409243184,1737.75850225451,570.445556640625,340
1336,1736.27880185791,1741.39363047666,570.445556640625,340
1337,1781.66515141734,1741.47417043814,570.933044433594,340
1338,1723.17306095751,1739.86639722963,570.933044433594,340
1339,1760.48814541821,1741.13652666589,570.933044433594,340
1340,1768.18128063655,1744.10078187245,570.933044433594,340
1341,1785.20292082569,1744.85423698657,570.933044433594,340
1342,1759.97105789528,1747.67227326699,570.933044433594,340
1343,1778.88341037892,1750.15910213088,570.933044433594,340
1344,1782.50816947073,1752.30052339603,570.933044433594,340
1345,1763.67828409254,1752.78014663033,569.755981445312,340
1346,1762.03345635295,1754.36497885805,569.755981445312,340
1347,1764.83857614547,1754.92776775697,569.755981445312,340
1348,1714.5301914316,1753.62699803434,569.755981445312,340
1349,1770.87476221566,1754.82863747065,569.755981445312,340
1350,1770.53876746237,1755.47692068248,569.755981445312,340
1351,1744.71954465117,1754.74261830603,569.755981445312,340
1352,1758.36900824221,1754.81336725646,569.755981445312,340
1353,1762.46694380228,1756.81241280885,570.409973144531,340
1354,1788.33703134137,1758.34786228113,570.409973144531,340
1355,1779.44377674289,1759.58551589586,570.409973144531,340
1356,1778.84918507123,1759.55216645316,570.409973144531,340
1357,1748.50002667375,1758.84138539127,570.409973144531,340
1358,1761.69635522463,1760.23454056475,570.409973144531,340
1359,1780.71347757591,1762.33581913264,570.409973144531,340
1360,1770.97940455455,1763.87683161755,570.409973144531,340
1361,1749.89164770162,1764.4213454513,570.415222167969,340
1362,1760.1120733536,1763.55922232875,570.415222167969,340
1363,1774.64663448676,1765.61816526992,570.415222167969,340
1364,1782.21841246288,1766.4873759517,570.415222167969,340
1365,1785.19298809899,1767.1678442502,570.415222167969,340
1366,1785.82376650788,1767.19267807749,570.415222167969,340
1367,1799.03325620553,1768.7551660099,570.415222167969,340
1368,1763.73418736596,1768.14919708938,570.415222167969,340
1369,1714.35121583753,1765.42291894405,570.901550292969,340
1370,1703.04876714883,1762.9977382663,570.901550292969,340
1371,1710.25663173389,1760.92666528154,570.901550292969,340
1372,1744.0682916936,1760.09585390347,570.901550292969,340
1373,1711.97852475969,1759.99378723659,570.901550292969,340
1374,1522.85757200458,1750.07309962815,570.901550292969,340
1375,1788.71812911495,1750.80027409425,570.901550292969,340
1376,1771.14012873968,1751.85709745779,570.901550292969,340
1377,1643.69357104657,1747.27007996997,571.674926757812,340
1378,1758.63326117885,1747.11673266503,571.674926757812,340
1379,1659.6769688626,1741.97033016588,571.674926757812,340
1380,1724.44185278572,1739.77025320759,571.674926757812,340
1381,1694.06902015998,1736.37904661114,571.674926757812,340
1382,1757.24105043162,1736.72868756146,571.674926757812,340
1383,1608.06727047005,1730.58352417127,571.674926757812,340
1384,1676.55372918347,1726.41713423558,571.674926757812,340
1385,1765.84178000904,1726.21162925376,571.040954589844,340
1386,1586.9815615391,1719.69522580725,571.040954589844,340
1387,1752.35657223301,1719.38500576243,571.040954589844,340
1388,1728.23106217086,1717.52838286979,571.040954589844,340
1389,1689.27778259007,1713.81075767488,571.040954589844,340
1390,1774.74188556033,1713.39271357334,571.040954589844,340
1391,1705.90031619607,1710.19577556086,571.040954589844,340
1392,1712.65441495533,1706.74062191086,571.040954589844,340
1393,1775.66611873001,1707.21789916542,571.879455566406,340
1394,1692.6035514747,1706.3479925909,571.879455566406,340
1395,1767.07444211514,1708.90901958956,571.879455566406,340
1396,1701.56525524289,1708.56136452992,571.879455566406,340
1397,1764.8838931108,1709.3939885866,571.879455566406,340
1398,1752.6074664523,1711.01914625431,571.879455566406,340
1399,1770.66186042645,1720.93131779118,571.879455566406,340
1400,1762.55568822143,1719.88482015544,571.879455566406,340
1401,1747.86636787506,1718.95386972086,571.8837890625,340
1402,1787.03971868396,1724.68771562635,571.8837890625,340
1403,1760.98986270634,1724.78197968745,571.8837890625,340
1404,1749.23209930323,1728.36418490508,571.8837890625,340
1405,1762.38204382693,1729.88179254673,571.8837890625,340
1406,1777.61499777798,1733.22363165145,571.8837890625,340
1407,1746.5814170297,1732.79724631537,571.8837890625,340
1408,1678.83098285256,1735.62779481067,571.8837890625,340
1409,1529.08096636597,1729.72888429797,572.085632324219,340
1410,1756.74729070249,1729.36510472571,572.085632324219,340
1411,1786.86900084798,1737.36060229806,572.085632324219,340
1412,1737.76336339858,1736.77687394469,572.085632324219,340
1413,1758.54617855845,1737.98947860019,572.085632324219,340
1414,1778.96258145879,1741.57687055494,572.085632324219,340
1415,1737.83948036031,1740.10077434694,572.085632324219,340
1416,1770.95022293528,1742.70277061651,572.085632324219,340
1417,1749.94587519178,1744.19442902596,572.441711425781,340
1418,1773.80180476233,1744.11985646726,572.441711425781,340
1419,1777.85519561927,1747.52992223304,572.441711425781,340
1420,1782.69866054039,1748.15489097005,572.441711425781,340
1421,1782.77537662913,1751.4032958255,572.441711425781,340
1422,1761.42457107001,1751.26492294387,572.441711425781,340
1423,1725.86993586718,1750.19542172046,572.441711425781,340
1424,1788.41869462503,1750.90569508841,572.441711425781,340
1425,1780.37851697451,1751.61860823853,571.497863769531,340
1426,1798.27502274146,1753.63495443318,571.497863769531,340
1427,1765.7841417183,1752.78473135456,571.497863769531,340
1428,1757.02098394626,1752.62597620415,571.497863769531,340
1429,1792.8819300506,1754.37196943405,571.497863769531,340
1430,1788.81472388394,1755.42927663633,571.497863769531,340
1431,1776.30496597382,1755.37687536416,571.497863769531,340
1432,1785.74254952156,1756.94332066384,571.497863769531,340
1433,1743.29462017873,1759.52186615689,570.968627929688,340
1434,1789.73832944474,1769.94816068004,570.968627929688,340
1435,1654.81711561852,1765.87095367668,570.968627929688,340
1436,1782.29525549145,1765.68800386242,570.968627929688,340
1437,1698.8264503826,1764.13052734178,570.968627929688,340
1438,1792.07078763999,1765.47151170504,570.968627929688,340
1439,1727.65563274433,1763.41923375646,570.968627929688,340
1440,1784.61431263546,1765.29022704747,570.968627929688,340
1441,1784.36696293299,1765.82689664737,570.32421875,340
1442,1791.50821511565,1767.48939024433,570.32421875,340
1443,1686.94367272082,1764.01506496267,570.32421875,340
1444,1775.5923663746,1763.92455179288,570.32421875,340
1445,1606.59946491881,1756.88058396802,570.32421875,340
1446,1783.03963808677,1756.89115442632,570.32421875,340
1447,1569.18146933906,1749.20143035709,570.32421875,340
1448,1764.77425031346,1750.75760293494,570.32421875,340
1449,1774.60289729116,1750.20497104158,569.88134765625,340
1450,1797.34463438622,1750.88361573805,569.88134765625,340
1451,1595.99806681865,1742.79253750114,569.88134765625,340
1452,1539.00177073632,1733.72124266186,569.88134765625,340
1453,1509.85485539521,1723.83459751982,569.88134765625,340
1454,1501.71078645304,1712.18775177592,569.88134765625,340
1455,1809.58436926404,1713.01853759112,569.88134765625,340
1456,1500.15656015703,1701.97260135845,569.88134765625,340
1457,1715.4145945568,1699.15948315986,571.437255859375,340
1458,1731.30242577005,1698.67979538351,571.437255859375,340
1459,1663.08897529578,1693.61382121755,571.437255859375,340
1460,1776.81632057725,1698.4937894159,571.437255859375,340
1461,1697.2024680601,1695.09007791865,571.437255859375,340
1462,1536.30409080174,1688.58918353541,571.437255859375,340
1463,1765.30930540199,1687.51872424589,571.437255859375,340
1464,1675.02590270057,1685.41353504414,571.437255859375,340
1465,1792.01613722596,1685.70960802776,571.899475097656,340
1466,1664.89988125443,1680.93092476062,571.899475097656,340
1467,1752.28453982526,1679.36197774901,571.899475097656,340
1468,1690.65914891477,1679.51059679676,571.899475097656,340
1469,1779.85201108178,1679.68098258505,571.899475097656,340
1470,1811.198171277,1687.86493083938,571.899475097656,340
1471,1801.7911692815,1688.61499208717,571.899475097656,340
1472,1555.55300785732,1688.0698536279,571.899475097656,340
1473,1780.89230064878,1688.71457564131,572.465942382812,340
1474,1776.75059710484,1688.80048363386,572.465942382812,340
1475,1803.64616457111,1689.05254484125,572.465942382812,340
1476,1787.22359781542,1696.70156608112,572.465942382812,340
1477,1794.6070336186,1706.92577659642,572.465942382812,340
1478,1781.38224354184,1717.78687212228,572.465942382812,340
1479,1760.97119634371,1728.15728851791,572.465942382812,340
1480,1786.74172120723,1727.24358259563,572.465942382812,340
1481,1782.37013450385,1738.53212556951,572.738342285156,340
1482,1782.55470903004,1741.21773014844,572.738342285156,340
1483,1758.10559571988,1742.28985694643,572.738342285156,340
1484,1792.33662678725,1747.45976300609,572.738342285156,340
1485,1788.83157744289,1747.94037328071,572.738342285156,340
1486,1767.85798769019,1750.76659406592,572.738342285156,340
1487,1766.06892237761,1759.95718732895,572.738342285156,340
1488,1789.9122341848,1760.94130448026,572.738342285156,340
1489,1777.9701358385,1765.05907380578,573.606628417969,340
1490,1785.07638707939,1764.78148379992,573.606628417969,340
1491,1797.97425542461,1770.10445876673,573.606628417969,340
1492,1799.86472920881,1772.00766634207,573.606628417969,340
1493,1798.06002600763,1776.30370142578,573.606628417969,340
1494,1777.56011839482,1776.2120257183,573.606628417969,340
1495,1770.90842588651,1774.60043590268,573.606628417969,340
1496,1794.69109716581,1774.31643301806,573.606628417969,340
1497,1798.59889659884,1784.03826856772,573.327514648438,340
1498,1715.16515330172,1781.40918267384,573.327514648438,340
1499,1720.42104460904,1779.156000574,573.327514648438,340
1500,1680.98459427707,1774.24953776224,573.327514648438,340
1501,1796.40150099519,1774.61665388943,573.327514648438,340
1502,1723.67327392512,1771.77930350169,573.327514648438,340
1503,1766.35953714735,1771.17839524591,573.327514648438,340
1504,1717.75293872175,1769.44966494104,573.327514648438,340
1505,1818.07196627941,1770.70287474392,573.740966796875,340
1506,1756.63127654175,1769.67332042544,573.740966796875,340
1507,1773.72573181888,1769.32016133699,573.740966796875,340
1508,1792.96315175558,1770.71446357842,573.740966796875,340
1509,1798.82285423451,1770.97391267631,573.740966796875,340
1510,1795.22527845978,1771.22966071699,573.740966796875,340
1511,1804.76885126915,1772.70609526014,573.740966796875,340
1512,1775.09373755713,1773.06708786733,573.740966796875,340
1513,1768.67817224319,1772.21772538966,572.093688964844,340
1514,1805.73744751574,1773.32841785675,572.093688964844,340
1515,1793.18785065616,1773.65287639982,572.093688964844,340
1516,1783.14523638981,1773.05971563843,572.093688964844,340
1517,1614.69998835603,1765.65312600432,572.093688964844,340
1518,1802.80414063753,1765.84289058951,572.093688964844,340
1519,1783.11098178119,1766.06492512497,572.093688964844,340
1520,1769.45268739295,1766.00669558523,572.093688964844,340
1521,1803.09084686305,1766.34268557312,572.450134277344,340
1522,1797.57422313399,1766.30169863452,572.450134277344,340
1523,1799.58195222272,1769.67837059136,572.450134277344,340
1524,1682.9310793714,1768.17877198186,572.450134277344,340
1525,1772.3624732025,1771.83388713887,572.450134277344,340
1526,1757.44312897533,1770.27555225808,572.450134277344,340
1527,1766.49388954954,1771.98837688306,572.450134277344,340
1528,1812.85492080909,1773.84819222953,572.450134277344,340
1529,1635.94233846525,1770.57576821927,573.040161132812,340
1530,1631.12228710263,1763.0977810522,573.040161132812,340
1531,1678.87944137934,1759.9877076457,573.040161132812,340
1532,1621.00279552154,1753.87879019381,573.040161132812,340
1533,1760.02410474713,1752.56122831347,573.040161132812,340
1534,1522.5063496664,1741.50856813074,573.040161132812,340
1535,1786.92593955513,1741.17659457456,573.040161132812,340
1536,1776.54083741904,1740.04747402055,573.040161132812,340
1537,1795.90807362741,1740.88004746336,574.738098144531,340
1538,1669.84300216166,1736.9266406601,574.738098144531,340
1539,1615.42017013846,1729.31394956501,574.738098144531,340
1540,1730.36370245222,1726.80098363685,574.738098144531,340
1541,1669.24149247335,1722.2448338802,574.738098144531,340
1542,1798.32499353626,1729.58983408741,574.738098144531,340
1543,1702.07071983759,1725.56049725541,574.738098144531,340
1544,1721.13838732148,1723.08159347702,574.738098144531,340
1545,1796.79142786503,1724.1751430959,573.638305664062,340
1546,1793.73742969352,1723.80100640912,573.638305664062,340
1547,1802.66048688793,1724.00445695928,573.638305664062,340
1548,1780.8869412984,1723.25665652231,573.638305664062,340
1549,1557.63265070713,1718.24471937573,573.638305664062,340
1550,1803.79783194146,1719.50213372529,573.638305664062,340
1551,1749.12546038139,1719.16942698154,573.638305664062,340
1552,1780.33436896279,1719.72304615807,573.638305664062,340
1553,1771.39951451167,1718.06482990617,573.150085449219,340
1554,1794.37205863174,1724.40201871283,573.150085449219,340
1555,1558.51905942618,1721.49788960577,573.150085449219,340
1556,1795.71051732683,1726.17113264367,573.150085449219,340
1557,1748.54961550652,1731.27300544307,573.150085449219,340
1558,1662.75233713978,1727.38213473877,573.150085449219,340
1559,1771.95966664239,1737.36026741781,573.150085449219,340
1560,1802.44804102068,1737.98115147644,573.150085449219,340
1561,1780.42623589706,1738.13656741556,573.561218261719,340
1562,1781.35566493843,1737.554471068,573.561218261719,340
1563,1635.65523297233,1736.18696030042,573.561218261719,340
1564,1798.8753994382,1743.52516947241,573.561218261719,340
1565,1796.40613242968,1746.16686667151,573.561218261719,340
1566,1735.23399595964,1748.80656681096,573.561218261719,340
1567,1797.50931794178,1748.77393978718,573.561218261719,340
1568,1792.33845734835,1752.38464928761,573.561218261719,340
1569,1758.53948102375,1753.88069303571,573.457641601562,340
1570,1778.79531587409,1753.16084855607,573.457641601562,340
1571,1796.70820980375,1753.27967976048,573.457641601562,340
1572,1800.76610541609,1753.2039045016,573.457641601562,340
1573,1784.5936097419,1753.35217123934,573.457641601562,340
1574,1788.80531542277,1762.59907782797,573.457641601562,340
1575,1795.51159564718,1762.2676283762,573.457641601562,340
1576,1801.85865084254,1764.37695599464,573.457641601562,340
1577,1773.68975327012,1764.11117136694,573.474670410156,340
1578,1805.16934808951,1765.46196471005,573.474670410156,340
1579,1797.89233811669,1765.60277588945,573.474670410156,340
1580,1593.19706708354,1766.98989619574,573.474670410156,340
1581,1801.02043572473,1767.20229293166,573.474670410156,340
1582,1760.25066453443,1767.67033489278,573.474670410156,340
1583,1779.58064201332,1772.34346708772,573.474670410156,340
1584,1757.23215675371,1771.75436669217,573.474670410156,340
1585,1782.99030769162,1770.97605735901,573.732604980469,340
1586,1772.65069453827,1770.66503570466,573.732604980469,340
1587,1795.67801079702,1771.237929539,573.732604980469,340
1588,1795.97344949052,1777.65065819973,573.732604980469,340
1589,1802.21148519556,1777.78410163002,573.732604980469,340
1590,1772.88993775657,1776.8434538431,573.732604980469,340
1591,1763.36100691546,1777.96853428133,573.732604980469,340
1592,1809.70973666665,1778.45655103033,573.732604980469,340
1593,1820.38432102342,1779.57838557733,572.803527832031,340
1594,1766.0822389968,1779.88009589625,572.803527832031,340
1595,1808.26496532902,1781.05888187445,572.803527832031,340
1596,1800.74786256755,1781.220467985,572.803527832031,340
1597,1815.66986209568,1781.81661825218,572.803527832031,340
1598,1785.06144736373,1781.83533175706,572.803527832031,340
1599,1629.83156062887,1775.4763815653,572.803527832031,340
1600,1764.53557719116,1774.23734082706,572.803527832031,340
1601,1795.26910491299,1773.97375898988,572.718383789062,340
1602,1791.63389818679,1774.69152478654,572.718383789062,340
1603,1763.90192350462,1773.04082780315,572.718383789062,340
1604,1794.68252382555,1772.9124352315,572.718383789062,340
1605,1787.79657202772,1780.69641542927,572.718383789062,340
1606,1790.88409538651,1780.29096181574,572.718383789062,340
1607,1798.85038511937,1781.83495063914,572.718383789062,340
1608,1820.15406846369,1783.45788769715,572.718383789062,340
1609,1808.0716747952,1785.49146841881,573.551940917969,340
1610,1806.85838592353,1786.44619154809,573.551940917969,340
1611,1800.45556748884,1787.55838646611,573.551940917969,340
1612,1803.60817514477,1787.87559304002,573.551940917969,340
1613,1749.3874047145,1786.01215124898,573.551940917969,340
1614,1823.49154412331,1786.86335360609,573.551940917969,340
1615,1802.81746124318,1788.06045454556,573.551940917969,340
1616,1787.63044000403,1789.0312318691,573.551940917969,340
1617,1805.73342127252,1788.87217925333,574.143493652344,340
1618,1807.76084054083,1788.36724003403,574.143493652344,340
1619,1578.92429270511,1780.88092218236,574.143493652344,340
1620,1810.5642925057,1780.97289526943,574.143493652344,340
1621,1813.22852825845,1781.47212189707,574.143493652344,340
1622,1724.65557264184,1777.83155031891,574.143493652344,340
1623,1806.66618423741,1778.69573979386,574.143493652344,340
1624,1797.52258464504,1785.40338075451,574.143493652344,340
1625,1815.64920924943,1787.44792603684,574.321838378906,340
1626,1824.76911733721,1788.62792653381,574.321838378906,340
1627,1805.47907733346,1789.18173369967,574.321838378906,340
1628,1808.35673207118,1790.95992604234,574.321838378906,340
1629,1807.86475117521,1791.48721513632,574.321838378906,340
1630,1816.83884150789,1792.64890591553,574.321838378906,340
1631,1806.31379796062,1793.26609401849,574.321838378906,340
1632,1823.85468850522,1794.26626615393,574.321838378906,340
1633,1821.48288835882,1794.31941894973,574.069152832031,340
1634,1814.9132253805,1794.59308097314,574.069152832031,340
1635,1793.66483450903,1794.06533891656,574.069152832031,340
1636,1696.29846341726,1789.8990547537,574.069152832031,340
1637,1813.95904361113,1790.31308949236,574.069152832031,340
1638,1812.33553118157,1792.83101455104,574.069152832031,340
1639,1814.88394107066,1792.48671042893,574.069152832031,340
1640,1799.27545844951,1792.34503031718,574.069152832031,340
1641,1813.22118772015,1793.36866022583,575.689208984375,340
1642,1817.13311920713,1793.82464814321,575.689208984375,340
1643,1824.93745105718,1794.51171256387,575.689208984375,340
1644,1809.59150363584,1803.7384010011,575.689208984375,340
1645,1805.45590332375,1803.53406543382,575.689208984375,340
1646,1798.25008935475,1802.93492787767,575.689208984375,340
1647,1810.28502547657,1806.36010599106,575.689208984375,340
1648,1800.9967873529,1806.13333011568,575.689208984375,340
1649,1816.19757401197,1806.88032969036,574.667236328125,340
1650,1811.25812603165,1806.70468636165,574.667236328125,340
1651,1824.48476657689,1806.69331233123,574.667236328125,340
1652,1816.63896186397,1807.13970771245,574.667236328125,340
1653,1812.52995376656,1807.30663658027,574.667236328125,340
1654,1813.38049572156,1807.52726636212,574.667236328125,340
1655,1675.68014235028,1801.88091839582,574.667236328125,340
1656,1806.18451619487,1801.87574712519,574.667236328125,340
1657,1817.53532371289,1801.6229725335,574.915344238281,340
1658,1781.66097760672,1800.03009610341,574.915344238281,340
1659,1776.85830929972,1798.50789946018,574.915344238281,340
1660,1696.07197293275,1794.60418499713,574.915344238281,340
1661,1806.31805888181,1799.00496881571,574.915344238281,340
1662,1809.87041934341,1798.841423845,574.915344238281,340
1663,1774.85355597258,1797.34214483664,574.915344238281,340
1664,1802.39717766478,1796.84267430041,574.915344238281,340
1665,1800.1573746326,1796.87795094773,575.916687011719,340
1666,1788.35108342741,1795.88314677602,575.916687011719,340
1667,1819.80830909232,1795.99015437143,575.916687011719,340
1668,1818.10147852942,1795.71671547032,575.916687011719,340
1669,1742.26733165887,1793.02374859124,575.916687011719,340
1670,1825.84464205855,1793.83929814063,575.916687011719,340
1671,1816.85703637562,1794.58357602147,575.916687011719,340
1672,1726.66813596239,1791.2389004409,575.916687011719,340
1673,1831.71838687791,1792.4677644219,575.913818359375,340
1674,1819.48565825756,1792.59928779172,575.913818359375,340
1675,1821.22010799648,1792.99776707032,575.913818359375,340
1676,1817.33082316736,1792.71160933394,575.913818359375,340
1677,1818.2544033876,1792.77622699488,575.913818359375,340
1678,1752.60052732845,1790.37904993736,575.913818359375,340
1679,1820.24054985582,1790.65345210273,575.913818359375,340
1680,1820.30402489111,1796.43840740436,575.913818359375,340
1681,1810.58819430247,1796.61455452866,577.383056640625,340
1682,1812.81562716112,1796.42576666659,577.383056640625,340
1683,1741.18267832951,1794.80663469551,577.383056640625,340
1684,1808.58335627899,1796.07563657468,577.383056640625,340
1685,1813.91433545065,1800.78933107539,577.383056640625,340
1686,1825.42416989315,1801.55357551585,577.383056640625,340
1687,1804.47755939296,1801.33786111783,577.383056640625,340
1688,1830.0032417793,1803.5438485501,577.383056640625,340
1689,1810.6274849702,1803.87306084231,578.713684082031,340
1690,1813.38993951225,1804.4023634375,578.713684082031,340
1691,1821.45826034114,1805.72665051405,578.713684082031,340
1692,1811.89795230338,1805.41023624249,578.713684082031,340
1693,1820.32813310322,1805.49930242544,578.713684082031,340
1694,1821.29569618321,1808.66043700642,578.713684082031,340
1695,1827.37209363094,1808.72153506931,578.713684082031,340
1696,1805.70141098427,1808.27531005366,578.713684082031,340
1697,1826.0835668048,1812.25192728735,578.458129882812,340
1698,1813.88742146633,1811.53868867089,578.458129882812,340
1699,1828.1209438751,1811.88410009559,578.458129882812,340
1700,1806.54180102883,1811.29696781689,578.458129882812,340
1701,1840.26030292319,1812.21414700712,578.458129882812,340
1702,1826.49154438528,1812.54363264703,578.458129882812,340
1703,1832.23194562017,1815.7288893787,578.458129882812,340
1704,1813.00518763222,1815.43947488975,578.458129882812,340
1705,1820.30233480113,1815.43940728615,579.097351074219,340
1706,1761.06035758438,1813.45829381743,579.097351074219,340
1707,1709.50455157686,1809.32585079406,579.097351074219,340
1708,1702.18807503647,1807.76606666234,579.097351074219,340
1709,1816.12431620941,1808.06770505955,579.097351074219,340
1710,1803.83967965819,1807.66471882786,579.097351074219,340
1711,1821.23302941904,1807.49707320889,579.097351074219,340
1712,1789.87048196944,1806.91279011195,579.097351074219,340
1713,1801.77403319962,1805.78362176876,579.362182617188,340
1714,1819.11742997789,1806.12321956907,579.362182617188,340
1715,1806.28719192706,1805.83910966566,579.362182617188,340
1716,1818.91641813135,1805.73743597727,579.362182617188,340
1717,1826.69705693655,1806.3294001626,579.362182617188,340
1718,1803.23772529834,1805.6457838504,579.362182617188,340
1719,1713.59434688933,1801.33772987865,579.362182617188,340
1720,1774.39991912947,1799.21884289859,579.362182617188,340
1721,1827.28571625885,1800.08221510957,578.457641601562,340
1722,1828.80499956701,1800.19107242006,578.457641601562,340
1723,1825.51939535171,1800.65635137548,578.457641601562,340
1724,1836.23648885007,1800.98097317447,578.457641601562,340
1725,1830.27324779168,1801.93023104499,578.457641601562,340
1726,1822.29901597131,1801.21177956691,578.457641601562,340
1727,1818.83619325655,1800.90556552176,578.457641601562,340
1728,1818.76467396313,1800.36687465548,578.457641601562,340
1729,1706.85376156837,1796.12081761293,577.591125488281,340
1730,1778.29398975609,1794.44048381113,577.591125488281,340
1731,1822.05513318278,1796.88027483506,577.591125488281,340
1732,1731.8889859842,1797.77565221136,577.591125488281,340
1733,1626.12686813694,1794.73320393538,577.591125488281,340
1734,1747.68447389185,1791.99561024267,577.591125488281,340
1735,1777.19151362717,1790.92968360143,577.591125488281,340
1736,1814.00880081815,1790.6407144574,577.591125488281,340
1737,1814.22523977136,1791.61490476947,578.12548828125,340
1738,1812.44240887227,1792.04163979638,578.12548828125,340
1739,1810.1053400047,1791.68115619745,578.12548828125,340
1740,1833.59965098903,1792.77365455993,578.12548828125,340
1741,1829.18227192138,1793.18428871153,578.12548828125,340
1742,1823.78209858765,1793.06769037758,578.12548828125,340
1743,1832.40656191174,1794.23444384211,578.12548828125,340
1744,1713.41802500972,1794.22739096693,578.12548828125,340
1745,1816.71804347619,1795.9201159408,576.5400390625,340
1746,1827.52841992829,1795.92982408757,576.5400390625,340
1747,1837.66764260738,1796.28432980919,576.5400390625,340
1748,1713.30959014059,1791.79593760074,576.5400390625,340
1749,1845.84078850345,1792.18010958688,576.5400390625,340
1750,1836.14654719863,1792.41504156316,576.5400390625,340
1751,1835.05750520301,1792.92538113243,576.5400390625,340
1752,1815.20456626185,1792.78011605264,576.5400390625,340
1753,1818.73252283786,1792.77883000763,576.930603027344,340
1754,1788.39821829237,1796.04060827659,576.930603027344,340
1755,1823.29234475956,1797.84054247673,576.930603027344,340
1756,1799.94503863275,1796.95613869472,576.930603027344,340
1757,1830.3901142153,1800.89618382397,576.930603027344,340
1758,1846.61898253819,1809.71586840002,576.930603027344,340
1759,1819.37974940133,1812.5836794204,576.930603027344,340
1760,1764.59735710188,1812.07991315939,576.930603027344,340
1761,1836.13742773474,1812.96505823605,576.729064941406,340
1762,1829.32887502781,1813.56920364631,576.729064941406,340
1763,1836.42766564304,1814.52861391714,576.729064941406,340
1764,1832.1961569894,1815.41224659653,576.729064941406,340
1765,1784.3928450772,1813.44397436005,576.729064941406,340
1766,1840.0465786441,1813.87854662896,576.729064941406,340
1767,1775.4003699729,1811.94327748437,576.729064941406,340
1768,1825.26003543342,1811.65741642524,576.729064941406,340
1769,1820.31510728236,1815.93329971615,577.049072265625,340
1770,1833.37982412718,1816.59977094218,577.049072265625,340
1771,1831.65653614491,1816.76489559085,577.049072265625,340
1772,1847.11144868838,1817.14264783409,577.049072265625,340
1773,1828.34686976209,1821.74413901895,577.049072265625,340
1774,1834.82976511949,1821.30369808359,577.049072265625,340
1775,1844.79929354531,1821.64980793746,577.049072265625,340
1776,1839.61711367467,1821.83219227632,577.049072265625,340
1777,1833.31801936302,1822.55673040037,577.272216796875,340
1778,1847.06613086037,1823.69007472127,577.272216796875,340
1779,1842.19734341541,1825.84203972619,577.272216796875,340
1780,1839.11699763287,1826.47502584113,577.272216796875,340
1781,1817.76512742667,1827.18782939288,577.272216796875,340
1782,1836.06235987032,1827.41471921908,577.272216796875,340
1783,1840.70749827215,1827.17825984844,577.272216796875,340
1784,1849.03588723823,1828.36450536192,577.272216796875,340
1785,1776.42188643825,1828.83748653537,577.344421386719,340
1786,1810.95052466755,1827.83001041268,577.344421386719,340
1787,1839.64867066122,1828.24280223802,577.344421386719,340
1788,1690.07227076471,1822.38858644289,577.344421386719,340
1789,1844.92074908135,1822.89757012657,577.344421386719,340
1790,1674.50460022263,1818.50204033238,577.344421386719,340
1791,1754.96602998954,1815.0988183862,577.344421386719,340
1792,1837.22953010783,1817.5719847916,577.344421386719,340
1793,1637.00059393669,1810.04160713173,577.59033203125,340
1794,1834.98090617492,1810.62823908743,577.59033203125,340
1795,1787.54829334013,1808.79497785595,577.59033203125,340
1796,1784.77569926946,1806.91974438093,577.59033203125,340
1797,1840.49003053168,1806.65488765466,577.59033203125,340
1798,1797.66024557112,1805.42742268702,577.59033203125,340
1799,1807.71695294895,1804.3429102002,577.59033203125,340
1800,1761.25490893848,1801.00113481593,577.59033203125,340
1801,1770.59036544303,1798.24006488666,578.865295410156,340
1802,1833.98818061368,1798.26687133669,578.865295410156,340
1803,1830.17945766818,1797.591404409,578.865295410156,340
1804,1779.52250216633,1795.08441075904,578.865295410156,340
1805,1837.33282489708,1795.01304384961,578.865295410156,340
1806,1777.54400701664,1793.40419903321,578.865295410156,340
1807,1803.50539354444,1792.10192038017,578.865295410156,340
1808,1825.14103738151,1791.47926194455,578.865295410156,340
1809,1780.62244876215,1788.7427244055,580.097778320312,340
1810,1845.35145723797,1791.49990723749,580.097778320312,340
1811,1630.46775353194,1784.28059639207,580.097778320312,340
1812,1833.59452809434,1784.03843068939,580.097778320312,340
1813,1728.13629823099,1785.56099178804,580.097778320312,340
1814,1775.44843673735,1782.78209929428,580.097778320312,340
1815,1696.08199387989,1783.64519504057,580.097778320312,340
1816,1848.15445197249,1787.37273191989,580.097778320312,340
1817,1833.32166196872,1787.21641719433,580.825500488281,340
1818,1834.06198073727,1795.09887266635,580.825500488281,340
1819,1838.49971290341,1795.23962493549,580.825500488281,340
1820,1823.29771809593,1796.66960192572,580.825500488281,340
1821,1837.40825459524,1798.77490413875,580.825500488281,340
1822,1826.56035391052,1798.21771707391,580.825500488281,340
1823,1771.1333479343,1797.15664116843,580.825500488281,340
1824,1836.23800522129,1798.29748325933,580.825500488281,340
1825,1838.1016283577,1801.3713520361,580.776916503906,340
1826,1830.15320811771,1803.75386574308,580.776916503906,340
1827,1772.54478601655,1801.2961299592,580.776916503906,340
1828,1836.01054230555,1801.52937334469,580.776916503906,340
1829,1763.43691543687,1800.88594987551,580.776916503906,340
1830,1791.05060842282,1799.03466121654,580.776916503906,340
1831,1830.64507036465,1801.15870375046,580.776916503906,340
1832,1820.11498748683,1801.82308750816,580.776916503906,340
1833,1787.65124752375,1800.32349591385,580.894409179688,340
1834,1835.27861495181,1802.50974256144,580.894409179688,340
1835,1821.05859386889,1801.53802802667,580.894409179688,340
1836,1822.94613491446,1809.23716328197,580.894409179688,340
1837,1825.72268987268,1808.92228975311,580.894409179688,340
1838,1831.12594509243,1813.04187562756,580.894409179688,340
1839,1834.00115355726,1815.38398430036,580.894409179688,340
1840,1834.18111293537,1820.90794906258,580.894409179688,340
1841,1833.07747535386,1820.30486999783,580.722351074219,340
1842,1834.93000004721,1820.36920352097,580.722351074219,340
1843,1839.45680170317,1820.58499635961,580.722351074219,340
1844,1824.48286349482,1820.02432238327,580.722351074219,340
1845,1842.40050680447,1820.78843393161,580.722351074219,340
1846,1845.37841871425,1821.10724049637,580.722351074219,340
1847,1834.40018202047,1821.42083362077,580.722351074219,340
1848,1832.19882363304,1823.86345264872,580.722351074219,340
1849,1805.1313710507,1822.61918728189,581.099243164062,340
1850,1828.22063237535,1822.2239474426,581.099243164062,340
1851,1834.58733056551,1822.40131234051,581.099243164062,340
1852,1831.91299601202,1824.77604074033,581.099243164062,340
1853,1781.09530587082,1822.57943128294,581.099243164062,340
1854,1839.06020342937,1825.60436280264,581.099243164062,340
1855,1844.66711395909,1827.74902302409,581.099243164062,340
1856,1846.06861503584,1828.36596481094,581.099243164062,340
1857,1817.95817495927,1828.27969230984,580.954711914062,340
1858,1819.40616375653,1829.54988895915,580.954711914062,340
1859,1827.75520081918,1829.24895239384,580.954711914062,340
1860,1834.83244100134,1829.79990627914,580.954711914062,340
1861,1788.50120883457,1828.42210923594,580.954711914062,340
1862,1776.57254512894,1826.45610344619,580.954711914062,340
1863,1824.02255151875,1826.17196770325,580.954711914062,340
1864,1781.95256654583,1824.09002422279,580.954711914062,340
1865,1831.73781478179,1823.99229229665,581.550903320312,340
1866,1841.9121866141,1824.34568074706,581.550903320312,340
1867,1839.04496288037,1824.51027926038,581.550903320312,340
1868,1815.10448554699,1823.53618661414,581.550903320312,340
1869,1831.52304745474,1823.81779397253,581.550903320312,340
1870,1810.5197431451,1822.54256342616,581.550903320312,340
1871,1824.24759123549,1821.69733032701,581.550903320312,340
1872,1825.51480511026,1821.3419152506,581.550903320312,340
1873,1823.69814242666,1821.00188800234,580.984313964844,340
1874,1823.77242618141,1821.74753020757,580.984313964844,340
1875,1825.91356450598,1821.6552474928,580.984313964844,340
1876,1752.48076969874,1818.37098505813,580.984313964844,340
1877,1837.52274222703,1818.59537490673,580.984313964844,340
1878,1802.78385889293,1819.46291702761,580.984313964844,340
1879,1830.20468974483,1819.10869648023,580.984313964844,340
1880,1834.52766158151,1818.70311838513,580.984313964844,340
1881,1838.69272334391,1818.40808271745,580.863098144531,340
1882,1836.06426018603,1819.13232612652,580.863098144531,340
1883,1829.41580549177,1819.53271179593,580.863098144531,340
1884,1811.0289156772,1818.86366039025,580.863098144531,340
1885,1769.72176157042,1816.25923321301,580.863098144531,340
1886,1822.48445409343,1817.61856302337,580.863098144531,340
1887,1825.78121918599,1819.58690998565,580.863098144531,340
1888,1822.12657078362,1819.51107075625,580.863098144531,340
1889,1843.63769144928,1821.97847575238,580.417602539062,340
1890,1827.15308360158,1821.79508650518,580.417602539062,340
1891,1838.34516100079,1821.65240548064,580.417602539062,340
1892,1812.98896203462,1820.61016544681,580.417602539062,340
1893,1841.11265191993,1821.65049210173,580.417602539062,340
1894,1828.05707955793,1821.51185338586,580.417602539062,340
1895,1828.89042375043,1822.24668061007,580.417602539062,340
1896,1845.11119947522,1823.08122493966,580.417602539062,340
1897,1833.9796763543,1823.41981978942,580.235290527344,340
1898,1837.01213993491,1823.95237968975,580.235290527344,340
1899,1836.32024632746,1824.45429249559,580.235290527344,340
1900,1765.32664021704,1822.03081552404,580.235290527344,340
1901,1786.3841032162,1823.38694886474,580.235290527344,340
1902,1843.68645262756,1823.63349728076,580.235290527344,340
1903,1830.19193598784,1824.72982036455,580.235290527344,340
1904,1842.51964792618,1825.22241869181,580.235290527344,340
1905,1833.20285648408,1825.16942648791,580.7841796875,340
1906,1836.35323287812,1825.07584686928,580.7841796875,340
1907,1834.33976836732,1825.00686719653,580.7841796875,340
1908,1832.17991382113,1825.1174315297,580.7841796875,340
1909,1835.9142128107,1826.11284341504,580.7841796875,340
1910,1833.52930510903,1828.66514515659,580.7841796875,340
1911,1841.41870390102,1829.42251514889,580.7841796875,340
1912,1684.45164292506,1823.76933209845,580.7841796875,340
1913,1824.27073044069,1823.85509848474,581.006042480469,340
1914,1820.01572900379,1822.91021998692,581.006042480469,340
1915,1776.8443630215,1820.89787116371,581.006042480469,340
1916,1788.78956569127,1818.91564735133,581.006042480469,340
1917,1835.27384236831,1819.80704256468,581.006042480469,340
1918,1832.53152656156,1819.46379755034,581.006042480469,340
1919,1757.53846891602,1816.64305312467,581.006042480469,340
1920,1826.52379456317,1816.54838795718,581.006042480469,340
1921,1834.30085199592,1816.11597405801,581.122741699219,340
1922,1837.58424489427,1816.2601567996,581.122741699219,340
1923,1832.53237603218,1816.0809662435,581.122741699219,340
1924,1835.89809840773,1816.06408032671,581.122741699219,340
1925,1824.28569655354,1818.42244258017,581.122741699219,340
1926,1825.701936,1819.99515589152,581.122741699219,340
1927,1820.63161619011,1819.07296243402,581.122741699219,340
1928,1806.67787327607,1818.13239992555,581.122741699219,340
1929,1832.95403999609,1817.74977560835,582.019775390625,340
1930,1833.35254188353,1817.75576302432,582.019775390625,340
1931,1837.73411751259,1817.8109984097,582.019775390625,340
1932,1832.61206979103,1817.74189046665,582.019775390625,340
1933,1831.89270896975,1817.7304022726,582.019775390625,340
1934,1842.57714445179,1817.99691953824,582.019775390625,340
1935,1834.20895948349,1818.02410571322,582.019775390625,340
1936,1838.33745257702,1817.90085566026,582.019775390625,340
1937,1837.08108484845,1824.00603333719,582.030151367188,340
1938,1836.97819885278,1824.51433207368,582.030151367188,340
1939,1830.89486108044,1824.94949735674,582.030151367188,340
1940,1826.02544661804,1826.91674070061,582.030151367188,340
1941,1827.58896403616,1828.4687166344,582.030151367188,340
1942,1831.70887740205,1828.32611803575,582.030151367188,340
1943,1836.1641609972,1828.47142341318,582.030151367188,340
1944,1802.52688611131,1830.27096010099,582.030151367188,340
1945,1825.57964293223,1830.23319403575,582.932006835938,340
1946,1819.79716939417,1829.65304673168,582.932006835938,340
1947,1845.31521788499,1829.96228565131,582.932006835938,340
1948,1835.18061511529,1830.06821521463,582.932006835938,340
1949,1833.81712160483,1829.98497614252,582.932006835938,340
1950,1833.52591221128,1830.35458476883,582.932006835938,340
1951,1814.49715113522,1829.90639337424,582.932006835938,340
1952,1832.13053193471,1830.36635000402,582.932006835938,340
1953,1838.55186229171,1831.64130956465,582.562316894531,340
1954,1822.11988921492,1831.2079435334,582.562316894531,340
1955,1820.91169871465,1830.71030980664,582.562316894531,340
1956,1829.43756168935,1830.37844757371,582.562316894531,340
1957,1825.69356124306,1830.10170723179,582.562316894531,340
1958,1821.89244280199,1829.70169658508,582.562316894531,340
1959,1835.6576274462,1829.42491590486,582.562316894531,340
1960,1830.00495278994,1829.25675563712,582.562316894531,340
1961,1825.39416857133,1828.73902427689,582.999206542969,340
1962,1835.05310477869,1828.6579050741,582.999206542969,340
1963,1831.92658468708,1828.45584050747,582.999206542969,340
1964,1839.67664095752,1828.80711170256,582.999206542969,340
1965,1801.95420799754,1827.84426215774,582.999206542969,340
1966,1833.8330227883,1828.09402450782,582.999206542969,340
1967,1833.32727979641,1828.1587606036,582.999206542969,340
1968,1828.52943339598,1827.85337149955,582.999206542969,340
1969,1834.21211072812,1829.12078048422,582.601440429688,340
1970,1833.12749288813,1829.42269448246,582.601440429688,340
1971,1835.08691319487,1830.03428423448,582.601440429688,340
1972,1842.87750291,1829.93677563548,582.601440429688,340
1973,1829.9150039201,1829.72615118768,582.601440429688,340
1974,1845.66592520923,1830.20010333185,582.601440429688,340
1975,1830.76681434177,1830.08973941707,582.601440429688,340
1976,1844.78534689171,1831.30126724733,582.601440429688,340
1977,1839.59182338265,1831.59971890525,582.416442871094,340
1978,1849.90706842687,1832.05392715066,582.416442871094,340
1979,1846.17652349222,1833.01619252175,582.416442871094,340
1980,1848.84337573264,1834.13345960247,582.416442871094,340
1981,1842.87135304212,1834.67081125658,582.416442871094,340
1982,1831.68026540333,1834.91027942299,582.416442871094,340
1983,1822.3495366186,1834.92856317565,582.416442871094,340
1984,1840.32959299012,1835.11544179741,582.416442871094,340
1985,1833.52238439185,1835.25613906149,582.765747070312,340
1986,1827.23440168718,1835.32974838612,582.765747070312,340
1987,1837.24110458258,1835.41726837828,582.765747070312,340
1988,1837.04792441651,1835.62212196745,582.765747070312,340
1989,1842.07872496912,1835.71820532792,582.765747070312,340
1990,1845.16671634489,1837.44670566181,582.765747070312,340
1991,1846.49556170104,1837.95320721832,582.765747070312,340
1992,1833.89007378336,1837.9757189778,582.765747070312,340
1993,1829.7874868055,1838.02604111418,582.208435058594,340
1994,1829.59166334531,1837.84122321887,582.208435058594,340
1995,1841.01629275361,1838.15677521349,582.208435058594,340
1996,1844.52614716605,1838.53434457233,582.208435058594,340
1997,1853.90675703187,1838.97551473721,582.208435058594,340
1998,1849.47246611614,1839.75781322505,582.208435058594,340
1999,1864.03454851967,1840.49255815747,582.208435058594,340
2000,1849.54979352423,1841.24387732477,582.208435058594,340
2001,1843.68378386085,1841.19981480353,581.734619140625,340
2002,1845.45005236374,1841.43414396278,581.734619140625,340
2003,1833.22353095945,1840.76680246408,581.734619140625,340
2004,1850.68632397333,1840.94719448332,581.734619140625,340
2005,1845.62688619827,1840.81853490195,581.734619140625,340
2006,1838.43098468646,1840.64092016772,581.734619140625,340
2007,1841.76157050706,1841.04417237187,581.734619140625,340
2008,1833.58552073533,1841.49361173654,581.734619140625,340
2009,1855.60549310894,1842.10464774129,581.268981933594,340
2010,1790.26597593961,1840.3743914032,581.268981933594,340
2011,1836.81282144208,1840.7575281934,581.268981933594,340
2012,1852.72011890816,1841.37668876642,581.268981933594,340
2013,1842.92429068325,1841.61174341709,581.268981933594,340
2014,1855.8739740145,1842.16355337891,581.268981933594,340
2015,1847.57258273087,1842.25978803435,581.268981933594,340
2016,1849.54447038959,1842.38174438189,581.268981933594,340
2017,1862.76485265788,1843.53673553687,582.026672363281,340
2018,1854.2297169276,1844.51442474175,582.026672363281,340
2019,1854.89630630592,1845.52661046018,582.026672363281,340
2020,1834.43823587639,1845.26348818509,582.026672363281,340
2021,1846.07879462951,1845.32559408363,582.026672363281,340
2022,1797.07241642529,1843.05222045936,582.026672363281,340
2023,1852.55714713866,1843.17560770027,582.026672363281,340
2024,1851.42098690986,1842.67106523587,582.026672363281,340
2025,1854.44614072299,1842.86691912382,581.812316894531,340
2026,1852.57972904104,1843.22275693103,581.812316894531,340
2027,1852.35945425267,1843.49913300659,581.812316894531,340
2028,1814.77921686817,1842.76136044294,581.812316894531,340
2029,1792.52063274363,1840.43473279375,581.812316894531,340
2030,1686.75590539908,1834.07989356178,581.812316894531,340
2031,1842.94520821752,1834.26046250303,581.812316894531,340
2032,1842.00000116773,1834.26999972945,581.812316894531,340
2033,1842.96993923146,1834.6453764693,582.288391113281,340
2034,1856.56074477855,1834.68358653608,582.288391113281,340
2035,1842.23771683269,1836.76245617181,582.288391113281,340
2036,1857.20172109652,1837.57801215798,582.288391113281,340
2037,1833.49814531173,1836.80913321413,582.288391113281,340
2038,1841.76383431014,1836.7627149592,582.288391113281,340
2039,1836.30441768625,1835.97993270607,582.288391113281,340
2040,1851.9304071253,1836.15424568185,582.288391113281,340
2041,1853.06371786386,1836.29501558082,582.124206542969,340
2042,1826.92279477666,1834.86133326557,582.124206542969,340
2043,1834.46530887078,1834.0707569433,582.124206542969,340
2044,1848.88429129067,1833.83027634269,582.124206542969,340
2045,1832.53032644593,1833.75395996547,582.124206542969,340
2046,1842.91454253003,1833.62738988149,582.124206542969,340
2047,1838.04092393863,1835.26613018202,582.124206542969,340
2048,1840.27850879789,1834.77498464839,582.124206542969,340
2049,1829.87876590504,1833.9132958082,582.180114746094,340
2050,1807.990159551,1832.05505656132,582.180114746094,340
2051,1841.84871138713,1831.62581585516,582.180114746094,340
2052,1822.0632038287,1830.4139658382,582.180114746094,340
2053,1845.40132539279,1831.63885017919,582.180114746094,340
2054,1845.20049547297,1833.74604468836,582.180114746094,340
2055,1853.25925831345,1840.40617880494,582.180114746094,340
2056,1845.83936973157,1840.5219452655,582.180114746094,340
2057,1857.7510579184,1841.15198753553,583.110717773438,340
2058,1854.31616803428,1841.60583668764,583.110717773438,340
2059,1849.15900061967,1841.30976692128,583.110717773438,340
2060,1857.85636172538,1841.93451271699,583.110717773438,340
2061,1844.18871061695,1841.41399229781,583.110717773438,340
2062,1855.13499633749,1842.27946633884,583.110717773438,340
2063,1844.1215141489,1842.37377353239,583.110717773438,340
2064,1843.8933396085,1842.67733040928,583.110717773438,340
2065,1839.48100140516,1842.17935418047,582.522399902344,340
2066,1854.49724861644,1842.23669541058,582.522399902344,340
2067,1742.93808555315,1838.87730704164,582.522399902344,340
2068,1842.81845646817,1839.21143294553,582.522399902344,340
2069,1857.01525356362,1839.53667143645,582.522399902344,340
2070,1842.22667033316,1839.92452519194,582.522399902344,340
2071,1853.31353255661,1840.340484793,582.522399902344,340
2072,1837.01049028916,1840.29926744702,582.522399902344,340
2073,1842.6609126057,1840.39456359934,583.474182128906,340
2074,1845.90614698254,1841.03565884244,583.474182128906,340
2075,1835.81145015479,1842.14851046659,583.474182128906,340
2076,1831.68256609701,1841.74186465498,583.474182128906,340
2077,1823.04717128934,1841.78122335341,583.474182128906,340
2078,1837.60067971836,1841.46919752643,583.474182128906,340
2079,1849.51293846104,1841.64169524595,583.474182128906,340
2080,1811.06600279183,1839.95396502509,583.474182128906,340
2081,1608.06441018138,1830.44296664308,583.684936523438,340
2082,1657.52606697471,1822.43396700533,583.684936523438,340
2083,1775.40203535605,1819.2774016982,583.684936523438,340
2084,1611.5232047099,1809.77196986181,583.684936523438,340
2085,1761.08724490826,1805.90120518913,583.684936523438,340
2086,1760.557251361,1802.55594681889,583.684936523438,340
2087,1841.04700471764,1801.9924271541,583.684936523438,340
2088,1610.87351582809,1792.66250722127,583.684936523438,340
2089,1761.71572953916,1789.37540281849,584.328552246094,340
2090,1757.07567589639,1786.07918979814,584.328552246094,340
2091,1726.53767696123,1780.96080693193,584.328552246094,340
2092,1689.36631259549,1778.81793601363,584.328552246094,340
2093,1727.92817066086,1774.22232458133,584.328552246094,340
2094,1778.75093492231,1771.09175183568,584.328552246094,340
2095,1786.32204459361,1768.8555668061,584.328552246094,340
2096,1566.35614126135,1757.37727115429,584.328552246094,340
2097,1748.60293765241,1753.84096904882,584.703430175781,340
2098,1819.07762358301,1752.89763748791,584.703430175781,340
2099,1829.83673605359,1752.25486105075,584.703430175781,340
2100,1815.90483187573,1751.45859631959,584.703430175781,340
2101,1834.38998864613,1751.56689322156,584.703430175781,340
2102,1798.49766194755,1750.58491284788,584.703430175781,340
2103,1822.84806337439,1749.99480819412,584.703430175781,340
2104,1798.26179175943,1747.94476232606,584.703430175781,340
2105,1815.7337626874,1748.13147272188,584.868835449219,340
2106,1805.34324151181,1756.0226259751,584.868835449219,340
2107,1817.90321551365,1762.43771191666,584.868835449219,340
2108,1808.72994001427,1763.77082810299,584.868835449219,340
2109,1763.6313665659,1769.85515457723,584.868835449219,340
2110,1830.5916589498,1772.63533113889,584.868835449219,340
2111,1806.43104187045,1774.47028275927,584.868835449219,340
2112,1705.89991275717,1769.06439908085,584.868835449219,340
2113,1771.71626100971,1775.49810888811,585.941528320312,340
2114,1821.75132889153,1777.89953286221,585.941528320312,340
2115,1830.24486360902,1780.82630037071,585.941528320312,340
2116,1751.07125890053,1781.80764364828,585.941528320312,340
2117,1822.35972633816,1787.12738019799,585.941528320312,340
2118,1772.43915455258,1788.90781955366,585.941528320312,340
2119,1785.41910211937,1789.17454624154,585.941528320312,340
2120,1718.89548730882,1786.47748395015,585.941528320312,340
2121,1809.66124107648,1796.20968794276,586.084594726562,340
2122,1833.10657817675,1799.58983356373,586.084594726562,340
2123,1708.8829229079,1795.18204553673,586.084594726562,340
2124,1839.05571596515,1795.55080473319,586.084594726562,340
2125,1824.7776771152,1795.90571854277,586.084594726562,340
2126,1823.80729785466,1795.48241091111,586.084594726562,340
2127,1831.63140810111,1796.80776075725,586.084594726562,340
2128,1847.5839116646,1797.79719468886,586.084594726562,340
2129,1840.13196443556,1799.4720015959,584.9609375,340
2130,1819.38644983785,1799.61810908192,584.9609375,340
2131,1813.95965521588,1799.96276563008,584.9609375,340
2132,1830.98236540412,1800.4859316257,584.9609375,340
2133,1807.32443286885,1800.42971133989,584.9609375,340
2134,1822.52426218239,1802.78542716455,584.9609375,340
2135,1823.64081698501,1802.50739348595,584.9609375,340
2136,1811.09491384988,1802.69394836513,584.9609375,340
2137,1665.65387121944,1801.08410670362,584.661315917969,340
2138,1825.21478858684,1803.22404780671,584.661315917969,340
2139,1667.9816667927,1797.07326132275,584.661315917969,340
2140,1632.16150335639,1789.14992691265,584.661315917969,340
2141,1811.44868149578,1791.56502381646,584.661315917969,340
2142,1818.74401982533,1791.42039555595,584.661315917969,340
2143,1829.22678946449,1793.69190095242,584.661315917969,340
2144,1816.70914811789,1794.94350279236,584.661315917969,340
2145,1535.69513287755,1787.61548861511,581.126831054688,340
2146,1635.03689050877,1780.6305145924,581.126831054688,340
2147,1820.39332054906,1780.1219842873,581.126831054688,340
2148,1824.99170079836,1784.76633540291,581.126831054688,340
2149,1589.57063077871,1774.78693199546,581.126831054688,340
2150,1798.67328084065,1773.74275614447,581.126831054688,340
2151,1581.61793681401,1764.05518170285,581.126831054688,340
2152,1692.54878721261,1758.49187686731,581.126831054688,340
2153,1708.21366351006,1752.91706694113,581.853637695312,340
2154,1775.88267382028,1750.34709531652,581.853637695312,340
2155,1792.15130095678,1749.25768936127,581.853637695312,340
2156,1811.23539384656,1749.1487189065,581.853637695312,340
2157,1787.35034952628,1747.40343827139,581.853637695312,340
2158,1607.85457321104,1739.42464388507,581.853637695312,340
2159,1808.54145490526,1738.86533159399,581.853637695312,340
2160,1821.45786927963,1738.77801368577,581.853637695312,340
2161,1348.77453066722,1720.28519835847,582.90673828125,340
2162,1432.00933671751,1710.93941697839,582.90673828125,340
2163,1187.89020406336,1685.44643359745,582.90673828125,340
2164,1371.06894995076,1673.56992492377,582.90673828125,340
2165,1281.21208597264,1659.53194822842,582.90673828125,340
2166,1170.78420841338,1633.90536930513,582.90673828125,340
2167,1206.97977072374,1609.43479934106,582.90673828125,340
2168,1375.92745829304,1591.30282609421,582.90673828125,340
2169,1373.058523919,1573.55680112625,582.575500488281,340
2170,1366.47246871238,1566.78789455964,582.575500488281,340
2171,1217.33818318084,1550.07994626653,582.575500488281,340
2172,1393.81651813303,1533.01687416989,582.575500488281,340
2173,1347.6957588213,1513.9250364908,582.575500488281,340
2174,1347.13432161558,1504.22758412428,582.575500488281,340
2175,1201.51575734959,1480.34128318464,582.575500488281,340
2176,1181.10034724641,1464.32057960193,582.575500488281,340
2177,1566.462879952,1459.27714331151,580.799865722656,340
2178,1754.40687913711,1461.12487193659,580.799865722656,340
2179,1491.07180518102,1449.73243719102,580.799865722656,340
2180,1448.82062800871,1435.9992102731,580.799865722656,340
2181,1487.63328034567,1423.05512573306,580.799865722656,340
2182,1601.55469877852,1415.62329970315,580.799865722656,340
2183,1647.68527498763,1417.21652777421,580.799865722656,340
2184,1508.34703541654,1405.20875099466,580.799865722656,340
2185,1538.37602092775,1393.88547706059,577.362487792969,340
2186,1581.89705802718,1403.21037815499,577.362487792969,340
2187,1277.25019008697,1397.02001228977,577.362487792969,340
2188,1440.51674267108,1407.12507383408,577.362487792969,340
2189,1358.05577242198,1406.60454673292,577.362487792969,340
2190,1412.75477202699,1411.8662541751,577.362487792969,340
2191,1402.55998159201,1421.13728510224,577.362487792969,340
2192,1349.73724183283,1426.84758394661,577.362487792969,340
2193,1341.83388387876,1425.48384097004,571.867980957031,340
2194,1563.9708498057,1433.1203340055,571.867980957031,340
2195,1348.55825185243,1432.40376533111,571.867980957031,340
2196,1343.91328484713,1437.46676939776,571.867980957031,340
2197,1192.88780925759,1429.42962104274,571.867980957031,340
2198,1367.03603655492,1430.20323215208,571.867980957031,340
2199,1446.25296119274,1434.16797773517,571.867980957031,340
2200,1433.6721916266,1443.45423510625,571.867980957031,340
2201,1347.27914107029,1450.10138685921,564.659545898438,340
2202,1260.87486689777,1437.87786633704,564.659545898438,340
2203,1612.51934204048,1432.20236485317,564.659545898438,340
2204,1271.60050819842,1423.42351297387,564.659545898438,340
2205,1317.82954277748,1418.18386956462,564.659545898438,340
2206,1436.27093272398,1416.12937565975,564.659545898438,340
2207,1173.65556312519,1399.01341023362,564.659545898438,340
2208,1373.51411674331,1388.04656390385,564.659545898438,340
2209,1638.58728404699,1393.25617384906,547.938354492188,340
2210,1327.16592417116,1384.8077699788,547.938354492188,340
2211,1500.08543986831,1381.53530525245,547.938354492188,340
2212,1645.78954014324,1396.2768792547,547.938354492188,340
2213,1780.31075457167,1409.86863973072,547.938354492188,340
2214,1464.96009741678,1414.14481273051,547.938354492188,340
2215,1659.88003645111,1424.02982330748,547.938354492188,340
2216,1384.77950152278,1423.31860410471,547.938354492188,340
2217,1637.85185108944,1434.84318847497,535.019470214844,340
2218,1667.6461661277,1447.87567976493,535.019470214844,340
2219,1729.00997284482,1454.47724468649,535.019470214844,340
2220,1531.55789602509,1461.7972304534,535.019470214844,340
2221,1548.12381680214,1469.9656517316,535.019470214844,340
2222,1418.88412023952,1479.00550417088,535.019470214844,340
2223,1587.96220321804,1487.8425508374,535.019470214844,340
2224,1740.7295469341,1499.62161426706,535.019470214844,340
2225,1600.24749209012,1506.2846262856,519.726806640625,340
2226,1619.85273379095,1517.18756999442,519.726806640625,340
2227,1724.26448932121,1535.72315489136,519.726806640625,340
2228,1697.79057050352,1539.13400402988,519.726806640625,340
2229,1376.36030022164,1543.32439571081,519.726806640625,340
2230,1638.99533552931,1556.17102742089,519.726806640625,340
2231,1542.02478081905,1560.40118134469,519.726806640625,340
2232,1543.64670393819,1575.20082697721,519.726806640625,340
2233,1769.33434332042,1591.03363604029,517.431701660156,340
2234,1754.19583851497,1595.65797821901,517.431701660156,340
2235,1470.34316242061,1601.38506774899,517.431701660156,340
2236,1752.77181707559,1611.49252283728,517.431701660156,340
2237,1484.20484814717,1605.02913515744,517.431701660156,340
2238,1790.44696323031,1605.43458350378,517.431701660156,340
2239,1752.64706675308,1616.94206227724,517.431701660156,340
2240,1710.61408990566,1618.97142441542,517.431701660156,340
2241,1718.80380406161,1632.33239651697,514.358703613281,340
2242,1563.8280333204,1629.37144380621,514.358703613281,340
2243,1746.19449513966,1632.51337696669,514.358703613281,340
2244,1360.37596171769,1617.7680165216,514.358703613281,340
2245,1774.03396278354,1627.46705919194,514.358703613281,340
2246,1550.1154265759,1627.54672358289,514.358703613281,340
2247,1554.15579842742,1632.95759071041,514.358703613281,340
2248,1704.5292514293,1637.62027263886,514.358703613281,340
2249,1641.63307371185,1633.65641370997,518.882995605469,340
2250,1648.40872340336,1635.5828629625,518.882995605469,340
2251,1488.63240001234,1630.33404961135,518.882995605469,340
2252,1777.77184027019,1632.47434364931,518.882995605469,340
2253,1770.15220343903,1635.36880896673,518.882995605469,340
2254,1565.1639060453,1642.92095319968,518.882995605469,340
2255,1237.3658427117,1626.85577348697,518.882995605469,340
2256,1770.45114069794,1635.99282788213,518.882995605469,340
2257,1534.526772948,1635.62803064252,526.114929199219,340
2258,1651.95224260944,1630.93274661408,526.114929199219,340
2259,1747.72992418095,1630.67411004072,526.114929199219,340
2260,1740.53479606395,1641.48177538645,526.114929199219,340
2261,1474.39402975809,1630.34666389375,526.114929199219,340
2262,1682.50898337805,1638.27882930299,526.114929199219,340
2263,1748.79565533253,1636.61277698708,526.114929199219,340
2264,1760.6198606627,1636.93168874346,526.114929199219,340
2265,1743.02344471973,1638.22806293603,532.141296386719,340
2266,1794.40674935641,1641.25218074782,532.141296386719,340
2267,1575.36158593275,1641.71352285231,532.141296386719,340
2268,1436.05321990489,1629.30787184292,532.141296386719,340
2269,1735.8716589994,1644.32769973419,532.141296386719,340
2270,1704.34494018721,1641.54013883034,532.141296386719,340
2271,1722.52236134117,1648.43641622095,532.141296386719,340
2272,1670.00019269069,1653.07019199148,532.141296386719,340
2273,1706.47987732225,1653.1482170272,538.872192382812,340
2274,1643.1608777627,1653.20932918923,538.872192382812,340
2275,1674.06974723492,1654.23577014249,538.872192382812,340
2276,1743.36567732362,1664.42510123494,538.872192382812,340
2277,1765.59574642292,1663.93805748105,538.872192382812,340
2278,1714.50692874322,1661.71224649322,538.872192382812,340
2279,1769.70965284726,1669.8940763653,538.872192382812,340
2280,1760.04451378057,1690.80122320806,538.872192382812,340
2281,1783.3090882386,1691.31554110968,545.307800292969,340
2282,1771.94368686262,1700.81221766627,545.307800292969,340
2283,1629.20792451243,1699.90244494239,545.307800292969,340
2284,1775.28679110443,1701.00471961933,545.307800292969,340
2285,1786.1867247368,1702.83079676624,545.307800292969,340
2286,1741.98687234974,1713.53451046991,545.307800292969,340
2287,1786.2603990722,1717.68456709767,545.307800292969,340
2288,1728.37127061728,1716.86759170906,545.307800292969,340
2289,1772.6453326014,1717.34861058661,549.024291992188,340
2290,1753.77357694172,1717.77861587549,549.024291992188,340
2291,1644.48506263929,1711.7817484068,549.024291992188,340
2292,1770.49238712443,1719.58698045447,549.024291992188,340
2293,1772.84668086471,1733.05871889286,549.024291992188,340
2294,1776.40911930198,1734.68021730497,549.024291992188,340
2295,1714.53135913926,1735.08767406305,549.024291992188,340
2296,1777.50230437217,1737.28687178429,549.024291992188,340
2297,1769.0754400673,1741.24988167935,553.756591796875,340
2298,1808.0504949031,1745.31270638259,553.756591796875,340
2299,1784.47196117885,1750.96514971923,553.756591796875,340
2300,1784.14407380706,1755.36812278212,553.756591796875,340
2301,1795.54374382812,1757.4552454423,553.756591796875,340
2302,1800.16689690196,1758.83809146146,553.756591796875,340
2303,1688.06831441312,1757.78054688826,553.756591796875,340
2304,1790.9202916531,1758.62897244049,553.756591796875,340
2305,1813.75493512334,1760.7773892942,557.697387695312,340
2306,1805.907146511,1761.6813116251,557.697387695312,340
2307,1784.33399951439,1762.17692413117,557.697387695312,340
2308,1743.61860244629,1766.75335124852,557.697387695312,340
2309,1736.16015978209,1765.18828599563,557.697387695312,340
2310,1805.53984693446,1765.96241088353,557.697387695312,340
2311,1787.41000112819,1767.77933603467,557.697387695312,340
2312,1793.9564188029,1768.0871768239,557.697387695312,340
2313,1798.26193231401,1770.88280329177,562.751037597656,340
2314,1704.21026226643,1768.14540047837,562.751037597656,340
2315,1763.19611086175,1768.52230183517,562.751037597656,340
2316,1746.45560516048,1772.60112353602,562.751037597656,340
2317,1727.44003482238,1770.87902944394,562.751037597656,340
2318,1801.51481715233,1772.02575489544,562.751037597656,340
2319,1802.21857740063,1773.05813321939,562.751037597656,340
2320,1797.19862257996,1776.36482375702,562.751037597656,340
2321,1759.48321342841,1775.64406011927,564.285034179688,340
2322,1724.38060082297,1773.85626654949,564.285034179688,340
2323,1683.34518990448,1768.86805434955,564.285034179688,340
2324,1794.75856309632,1769.27951842625,564.285034179688,340
2325,1769.77244155566,1768.70465313619,564.285034179688,340
2326,1693.00274430827,1764.6030131554,564.285034179688,340
2327,1740.18418162071,1762.20370454415,564.285034179688,340
2328,1798.58192051662,1766.62424878829,564.285034179688,340
2329,1800.83753565197,1767.02093854824,567.374267578125,340
2330,1789.73274117196,1766.06005079019,567.374267578125,340
2331,1793.99685470871,1765.5836391181,567.374267578125,340
2332,1789.6338630927,1765.79563366123,567.374267578125,340
2333,1780.66866799208,1767.27763628306,567.374267578125,340
2334,1812.61790199192,1770.33594597145,567.374267578125,340
2335,1780.27597963372,1769.32539127942,567.374267578125,340
2336,1772.21320177798,1768.71751930541,567.374267578125,340
2337,1800.70035562871,1768.98727677845,569.191772460938,340
2338,1805.37923747626,1769.27196898494,569.191772460938,340
2339,1819.48870164494,1773.88310656008,569.191772460938,340
2340,1773.35912717938,1774.28962721278,569.191772460938,340
2341,1675.47133134665,1771.45025626023,569.191772460938,340
2342,1786.75641023245,1773.82291127663,569.191772460938,340
2343,1790.66656053368,1773.38898101189,569.191772460938,340
2344,1790.52626161841,1772.9212883806,569.191772460938,340
2345,1789.35872758482,1772.60769258079,572.683288574219,340
2346,1769.8926730211,1773.0240709645,572.683288574219,340
2347,1696.98863888096,1771.92839248682,572.683288574219,340
2348,1812.29818314595,1777.08651221648,572.683288574219,340
2349,1701.78065819001,1773.36739602022,572.683288574219,340
2350,1757.73287219177,1772.88581324567,572.683288574219,340
2351,1790.88962563796,1776.80128849886,572.683288574219,340
2352,1806.85507901268,1779.46812439453,572.683288574219,340
2353,1720.37430888699,1776.33981992935,575.080932617188,340
2354,1708.17551944284,1772.63333928098,575.080932617188,340
2355,1798.65691477164,1772.99030622497,575.080932617188,340
2356,1806.39025722269,1773.48604232553,575.080932617188,340
2357,1801.1312505876,1773.94593782533,575.080932617188,340
2358,1805.57717375772,1774.94227805595,575.080932617188,340
2359,1796.12967026122,1774.28274878673,575.080932617188,340
2360,1729.18580971501,1772.23914198998,575.080932617188,340
2361,1774.48519474154,1772.33002170852,574.362609863281,340
2362,1790.963887756,1771.94056299361,574.362609863281,340
2363,1780.29076560255,1770.93702411866,574.362609863281,340
2364,1573.26401995975,1761.08803685125,574.362609863281,340
2365,1781.66082393559,1761.4201047215,574.362609863281,340
2366,1736.09523056343,1763.84506069017,574.362609863281,340
2367,1725.30007954795,1761.38680746279,574.362609863281,340
2368,1741.52155609953,1759.42100728543,574.362609863281,340
2369,1566.59873493828,1750.46390621822,574.728271484375,340
2370,1788.6690748945,1750.43632011061,574.728271484375,340
2371,1789.56940172834,1751.2233892589,574.728271484375,340
2372,1806.08560871409,1755.58726805223,574.728271484375,340
2373,1804.25604237117,1755.26558242123,574.728271484375,340
2374,1794.37740641193,1758.96945235011,574.728271484375,340
2375,1732.16973279128,1757.94692677409,574.728271484375,340
2376,1781.62209127094,1757.57622539941,574.728271484375,340
2377,1691.25837335278,1752.95235717302,575.611206054688,340
2378,1788.19827163058,1755.66531568276,575.611206054688,340
2379,1786.94404336012,1758.81605663945,575.611206054688,340
2380,1772.56996650532,1757.7725787088,575.611206054688,340
2381,1649.21956927284,1751.4857511908,575.611206054688,340
2382,1765.5426161753,1750.06220581431,575.611206054688,340
2383,1717.14690957705,1746.52499524708,575.611206054688,340
2384,1768.17850361327,1745.40694858117,575.611206054688,340
2385,1797.76679740727,1748.15018808886,575.601867675781,340
2386,1792.53307901338,1748.87210345973,575.601867675781,340
2387,1799.17524260965,1749.20055765388,575.601867675781,340
2388,1801.34572946904,1750.04275620854,575.601867675781,340
2389,1773.73221411375,1758.0614839747,575.601867675781,340
2390,1796.14062125723,1758.64067586756,575.601867675781,340
2391,1795.76236063661,1761.02736107049,575.601867675781,340
2392,1717.00646995857,1760.69561668691,575.601867675781,340
2393,1808.45728634613,1763.37304589678,576.070678710938,340
2394,1785.99793575959,1772.14901392963,576.070678710938,340
2395,1788.50620681709,1772.14249920653,576.070678710938,340
2396,1789.41479568462,1772.13631496478,576.070678710938,340
2397,1674.99363326877,1766.89263594697,576.070678710938,340
2398,1795.10468023311,1766.52658146145,576.070678710938,340
2399,1793.11956622228,1766.47626785386,576.070678710938,340
2400,1798.02555141593,1769.11050059885,576.070678710938,340
2401,1790.20494231465,1769.4538146406,577.9951171875,340
2402,1778.71086286011,1772.95191422089,577.9951171875,340
2403,1789.85662942719,1773.01824853276,577.9951171875,340
2404,1764.06120194862,1772.10293487629,577.9951171875,340
2405,1786.88037025393,1772.67535102624,577.9951171875,340
2406,1782.00684288006,1777.98684197053,577.9951171875,340
2407,1789.50565557441,1778.94536354649,577.9951171875,340
2408,1780.35960534601,1781.47387137725,577.9951171875,340
2409,1758.08764794502,1781.07023715052,577.029418945312,340
2410,1767.87643226473,1779.87462254482,577.029418945312,340
2411,1758.95264160715,1778.53140504857,577.029418945312,340
2412,1756.79785742944,1776.83630964136,577.029418945312,340
2413,1782.29124678075,1776.07413033383,577.029418945312,340
2414,1795.30357735241,1776.93698486338,577.029418945312,340
2415,1766.29973292666,1775.74334933015,577.029418945312,340
2416,1788.24759614526,1775.4427587505,577.029418945312,340
2417,1780.51023352439,1777.98290929313,575.776245117188,340
2418,1783.22484248123,1776.97361153854,575.776245117188,340
2419,1775.05901816135,1776.53605483461,575.776245117188,340
2420,1740.22292436627,1774.60472353657,575.776245117188,340
2421,1811.48604349756,1775.48757344909,575.776245117188,340
2422,1795.44208920654,1780.3055116866,575.776245117188,340
2423,1740.65736369658,1778.12761902514,575.776245117188,340
2424,1786.41602669703,1777.85947744413,575.776245117188,340
2425,1797.42531866714,1777.83546813418,576.550659179688,340
2426,1782.32293980782,1777.52018803391,576.550659179688,340
2427,1789.56810082536,1777.95447755252,576.550659179688,340
2428,1795.46218063862,1778.17869960097,576.550659179688,340
2429,1801.33260766703,1779.66955582971,576.550659179688,340
2430,1754.87293127319,1778.38925827048,576.550659179688,340
2431,1791.02845026209,1778.75012256576,576.550659179688,340
2432,1797.8867713504,1779.0853671968,576.550659179688,340
2433,1792.53289919305,1779.57229895068,576.127380371094,340
2434,1665.06474514472,1775.85138283867,576.127380371094,340
2435,1783.41339214884,1776.47286123404,576.127380371094,340
2436,1814.48756115527,1778.69425801596,576.127380371094,340
2437,1784.20501007275,1779.79054412169,576.127380371094,340
2438,1800.45779021531,1780.51720585907,576.127380371094,340
2439,1808.68718310218,1781.05255008907,576.127380371094,340
2440,1794.79447065969,1782.19233959839,576.127380371094,340
2441,1793.79826999286,1782.41436655229,578.509887695312,340
2442,1796.53128361595,1783.05520855595,578.509887695312,340
2443,1793.03264965501,1783.4475208429,578.509887695312,340
2444,1725.60556402392,1781.46938267741,578.509887695312,340
2445,1759.44973266455,1782.23845500934,578.509887695312,340
2446,1791.15875488237,1781.42536346473,578.509887695312,340
2447,1805.73246054595,1781.83697831831,578.509887695312,340
2448,1797.10429813649,1784.0948556959,578.509887695312,340
2449,1797.2555834678,1784.52843796673,577.316284179688,340
2450,1788.90720215311,1784.18771330617,577.316284179688,340
2451,1806.75975653115,1785.16518597511,577.316284179688,340
2452,1797.63679663582,1785.48793380753,577.316284179688,340
2453,1791.82568914863,1785.34247414793,577.316284179688,340
2454,1799.39551652553,1785.26499050227,577.316284179688,340
2455,1800.04012112881,1787.07167809649,577.316284179688,340
2456,1793.61276389457,1787.17505064179,577.316284179688,340
2457,1776.08181688569,1786.3028524632,577.403686523438,340
2458,1821.46205783842,1787.46001880902,577.403686523438,340
2459,1797.24471809888,1792.74721772718,577.403686523438,340
2460,1805.35484028317,1793.62487565256,577.403686523438,340
2461,1805.68299031471,1793.27269281893,577.403686523438,340
2462,1813.01323823081,1794.42502194526,577.403686523438,340
2463,1792.23044542052,1794.09592815346,577.403686523438,340
2464,1791.07293023316,1793.3913580387,577.403686523438,340
2465,1805.13031360379,1793.80479175647,576.590698242188,340
2466,1802.14979100283,1794.13885259687,576.590698242188,340
2467,1809.28410386875,1794.64896540698,576.590698242188,340
2468,1787.14306952498,1794.41338220178,576.590698242188,340
2469,1804.99180646041,1797.58883189924,576.590698242188,340
2470,1808.50173696687,1799.55091207133,576.590698242188,340
2471,1808.48201934036,1800.24384264965,576.590698242188,340
2472,1786.0268144027,1799.45561680392,576.590698242188,340
2473,1804.55745061972,1799.75374290325,577.157531738281,340
2474,1815.56920069253,1800.48628759224,577.157531738281,340
2475,1791.0978198584,1800.57391230045,577.157531738281,340
2476,1819.75562324394,1801.09374696896,577.157531738281,340
2477,1801.88981627733,1801.26386775462,577.157531738281,340
2478,1793.39079589551,1801.3264720245,577.157531738281,340
2479,1792.38163508531,1801.04591676689,577.157531738281,340
2480,1819.81421539578,1801.83688053757,577.157531738281,340
2481,1806.26390150357,1802.34292604193,577.035583496094,340
2482,1787.57040986967,1802.80246976128,577.035583496094,340
2483,1798.36626008306,1801.87863785107,577.035583496094,340
2484,1792.74433936376,1801.69862270166,577.035583496094,340
2485,1811.26921012129,1801.93519749519,577.035583496094,340
2486,1807.55438892928,1802.01005343977,577.035583496094,340
2487,1800.9016878721,1801.52559142542,577.035583496094,340
2488,1755.82771236574,1800.06948210323,577.035583496094,340
2489,1794.31817173154,1800.19929176317,575.416381835938,340
2490,1766.83508442057,1798.66748259584,575.416381835938,340
2491,1808.83195084855,1798.93476898967,575.416381835938,340
2492,1801.9583235072,1798.64173777521,575.416381835938,340
2493,1804.95376096109,1799.35416543265,575.416381835938,340
2494,1791.4888465148,1798.81404703483,575.416381835938,340
2495,1814.88796706235,1799.06949623865,575.416381835938,340
2496,1822.03624275885,1799.61166517539,575.416381835938,340
2497,1798.67573166517,1800.11762186588,576.031372070312,340
2498,1801.45048252447,1799.99334314207,576.031372070312,340
2499,1760.76106108016,1797.80101755758,576.031372070312,340
2500,1824.06386967414,1799.11965955021,576.031372070312,340
2501,1812.65787616217,1798.83574966694,576.031372070312,340
2502,1812.06916031493,1799.24292342844,576.031372070312,340
2503,1816.1535267624,1800.15343266312,576.031372070312,340
2504,1814.21774815873,1801.02687718605,576.031372070312,340
2505,1809.42816903664,1800.61143533169,577.019592285156,340
2506,1812.18751317686,1800.84837979862,577.019592285156,340
2507,1719.09325973576,1798.10929379326,577.019592285156,340
2508,1809.63908445272,1798.56020676805,577.019592285156,340
2509,1788.21578207762,1798.37906447661,577.019592285156,340
2510,1824.3256936442,1798.90132381752,577.019592285156,340
2511,1803.52669693415,1798.74021613772,577.019592285156,340
2512,1808.90387793537,1799.06030374025,577.019592285156,340
2513,1694.10437480388,1796.59137023777,577.183410644531,340
2514,1819.11197745197,1797.58312246659,577.183410644531,340
2515,1798.19525108237,1798.83752913306,577.183410644531,340
2516,1813.24658481259,1799.01411449162,577.183410644531,340
2517,1825.93797257149,1799.9733004542,577.183410644531,340
2518,1762.25550873042,1798.26537036497,577.183410644531,340
2519,1777.41927990913,1797.70258770074,577.183410644531,340
2520,1666.16373556531,1791.75361844086,577.183410644531,340
2521,1671.65705897345,1785.73845108944,577.803649902344,340
2522,1769.09825478092,1784.55535201407,577.803649902344,340
2523,1617.10407398617,1777.18149567254,577.803649902344,340
2524,1733.74617824631,1776.10090035919,577.803649902344,340
2525,1791.26210482236,1774.78882976512,577.803649902344,340
2526,1822.71896317804,1775.19127324575,577.803649902344,340
2527,1762.46997945603,1773.2073060114,577.803649902344,340
2528,1432.82889997931,1757.87432094007,577.803649902344,340
2529,1794.04600239887,1757.06745110968,576.653625488281,340
2530,1805.77759444318,1756.92142812594,576.653625488281,340
2531,1808.10482960613,1756.75812078311,576.653625488281,340
2532,1795.16096272456,1759.80082890266,576.653625488281,340
2533,1786.87761660806,1758.89037018887,576.653625488281,340
2534,1793.25841872912,1759.09207565494,576.653625488281,340
2535,1790.98589316069,1757.75848363559,576.653625488281,340
2536,1662.17957959318,1752.10459894196,576.653625488281,340
2537,1795.98686688113,1751.58791849979,576.902465820312,340
2538,1826.17864598772,1756.87088934714,576.902465820312,340
2539,1814.93009222177,1756.70361393793,576.902465820312,340
2540,1807.43803811121,1757.07332541909,576.902465820312,340
2541,1800.79101172231,1756.57510249547,576.902465820312,340
2542,1804.30639062256,1755.70983921752,576.902465820312,340
2543,1775.3786058933,1756.23476310403,576.902465820312,340
2544,1815.62041454785,1757.76280848958,576.902465820312,340
2545,1615.70374954093,1755.74440904861,578.124267578125,340
2546,1765.34232148849,1759.49181954921,578.124267578125,340
2547,1666.80988674222,1755.40028482766,578.124267578125,340
2548,1651.5327097386,1756.77743025776,578.124267578125,340
2549,1633.94582383159,1752.78541608117,578.124267578125,340
2550,1803.78559991108,1753.28635588472,578.124267578125,340
2551,1617.51813849265,1745.0783228973,578.124267578125,340
2552,1769.4988623081,1745.35947821139,578.124267578125,340
2553,1807.92342704122,1760.36325929386,578.346923828125,340
2554,1821.63960147999,1761.46700325711,578.346923828125,340
2555,1818.52234165316,1761.97679314551,578.346923828125,340
2556,1813.44117040801,1762.19024677758,578.346923828125,340
2557,1632.38828033583,1755.67933948203,578.346923828125,340
2558,1786.1337969073,1755.649586694,578.346923828125,340
2559,1812.86704676655,1756.4339318155,578.346923828125,340
2560,1817.82073364381,1757.50732543482,578.346923828125,340
2561,1807.38246173308,1763.31544072042,578.438598632812,340
2562,1781.85199071047,1762.75004567359,578.438598632812,340
2563,1801.07338259702,1761.74583513796,578.438598632812,340
2564,1802.84021750587,1761.26224014933,578.438598632812,340
2565,1759.8391541127,1759.35828478939,578.438598632812,340
2566,1683.3793258147,1754.66181735308,578.438598632812,340
2567,1746.58332098782,1752.35289456769,578.438598632812,340
2568,1818.31263374263,1754.07025568167,578.438598632812,340
2569,1811.31365110315,1753.89798514388,579.507202148438,340
2570,1801.96833006441,1761.34856836482,579.507202148438,340
2571,1786.47985627041,1762.19406975609,579.507202148438,340
2572,1785.12021461447,1766.92648287098,579.507202148438,340
2573,1817.96648305502,1773.58383380364,579.507202148438,340
2574,1801.51288276105,1780.28651616082,579.507202148438,340
2575,1803.80433018116,1780.28726537162,579.507202148438,340
2576,1828.64112634396,1788.73218488568,579.507202148438,340
2577,1793.30425952977,1789.68440077454,578.943786621094,340
2578,1771.53705669587,1788.22894596073,578.943786621094,340
2579,1822.29192023208,1788.25503871081,578.943786621094,340
2580,1813.2908044162,1788.04577722133,578.943786621094,340
2581,1804.24580635152,1787.67796265907,578.943786621094,340
2582,1743.04323456861,1792.10416082839,578.943786621094,340
2583,1818.56800052563,1793.40152897312,578.943786621094,340
2584,1817.36809836628,1793.58157103711,578.943786621094,340
2585,1706.00699350852,1789.1090214317,579.483032226562,340
2586,1689.34874587289,1784.38767279729,579.483032226562,340
2587,1810.91998291884,1785.55039248562,579.483032226562,340
2588,1761.33537283679,1783.96087209521,579.483032226562,340
2589,1777.5499077968,1782.94925970685,579.483032226562,340
2590,1794.82856086563,1784.34883597697,579.483032226562,340
2591,1585.17516604015,1780.42066958599,579.483032226562,340
2592,1783.78923402539,1781.90890610749,579.483032226562,340
2593,1771.83054127433,1780.04962240876,579.128295898438,340
2594,1783.1978478494,1778.92499027861,579.128295898438,340
2595,1785.75127453695,1778.27630805751,579.128295898438,340
2596,1683.2049207075,1774.14531063499,579.128295898438,340
2597,1824.06779686536,1775.70321392503,579.128295898438,340
2598,1650.7848194507,1769.01594738086,579.128295898438,340
2599,1801.41616714747,1769.01207875631,579.128295898438,340
2600,1819.55685091353,1769.64217958561,579.128295898438,340
2601,1811.91482302611,1768.97312745289,578.708312988281,340
2602,1812.52345611399,1769.74189531626,578.708312988281,340
2603,1803.78310551966,1771.03173726921,578.708312988281,340
2604,1801.29909112194,1770.19202410481,578.708312988281,340
2605,1806.18183103848,1769.9076651697,578.708312988281,340
2606,1671.83460259964,1764.61121701962,578.708312988281,340
2607,1791.31620807197,1766.54213595976,578.708312988281,340
2608,1827.93778750517,1766.91692743894,578.708312988281,340
2609,1798.6253138153,1766.1672160569,578.619567871094,340
2610,1796.55141701748,1769.78899299726,578.619567871094,340
2611,1724.48650448773,1771.19450334185,578.619567871094,340
2612,1725.68211912635,1767.78498879015,578.619567871094,340
2613,1808.1765484523,1769.65863581477,578.619567871094,340
2614,1800.77552519419,1770.58766051067,578.619567871094,340
2615,1793.51132605485,1770.53497111824,578.619567871094,340
2616,1820.58750203748,1779.95146455813,578.619567871094,340
2617,1742.37484217443,1778.29488888409,579.242980957031,340
2618,1556.65782832486,1769.68798036611,579.242980957031,340
2619,1696.80918832766,1766.23243398524,579.242980957031,340
2620,1798.37937283514,1766.73755791717,579.242980957031,340
2621,1784.94610765374,1770.80720539502,579.242980957031,340
2622,1781.96564488812,1769.12311931593,579.242980957031,340
2623,1764.65889901135,1773.67808249836,579.242980957031,340
2624,1490.67408402792,1761.24839917358,579.242980957031,340
2625,1728.76348937017,1757.61666471184,579.741027832031,340
2626,1798.35278787505,1757.0741833058,579.741027832031,340
2627,1790.42403427052,1756.19020643206,579.741027832031,340
2628,1790.69356742231,1755.66662490817,579.741027832031,340
2629,1789.96963651368,1755.21344672384,579.741027832031,340
2630,1795.40778494451,1754.78248488008,579.741027832031,340
2631,1796.79965886524,1759.7810871307,579.741027832031,340
2632,1796.79880730707,1760.0003911001,579.741027832031,340
2633,1766.80873767107,1757.55522910674,579.39599609375,340
2634,1811.20488707366,1758.05841203707,579.39599609375,340
2635,1782.96512302451,1757.51496027736,579.39599609375,340
2636,1793.45182479662,1760.27357308971,579.39599609375,340
2637,1798.59431125489,1763.19006077485,579.39599609375,340
2638,1811.4987752253,1763.32294984577,579.39599609375,340
2639,1757.07978320403,1761.57512016617,579.39599609375,340
2640,1793.26528426992,1761.56527849477,579.39599609375,340
2641,1780.02240386785,1759.94267456798,579.727478027344,340
2642,1467.03990062759,1748.92927690611,579.727478027344,340
2643,1385.84414217102,1742.09672945996,579.727478027344,340
2644,1703.14946176803,1742.35034039757,579.727478027344,340
2645,1783.32151689628,1741.74802616002,579.727478027344,340
2646,1775.394498351,1741.36596178791,579.727478027344,340
2647,1530.75212063278,1731.31742081769,579.727478027344,340
2648,1780.42266411813,1731.94797142197,579.727478027344,340
2649,1767.08683485069,1743.00448145488,580.999145507812,340
2650,1767.5067667562,1744.55421255032,580.999145507812,340
2651,1790.45426921287,1744.23827180383,580.999145507812,340
2652,1781.44969068106,1743.87929806025,580.999145507812,340
2653,1782.69800239221,1743.55947545905,580.999145507812,340
2654,1806.8059966994,1744.23292986648,580.999145507812,340
2655,1754.89708580247,1742.61250190079,580.999145507812,340
2656,1788.37580066843,1742.27554757292,580.999145507812,340
2657,1742.96395253975,1740.12215338223,580.100952148438,340
2658,1796.53149299798,1741.31106359531,580.100952148438,340
2659,1788.86886260248,1740.41762261646,580.100952148438,340
2660,1672.67204212987,1736.00589938067,580.100952148438,340
2661,1612.97210189559,1728.78671046463,580.100952148438,340
2662,1737.95372242309,1726.36108691136,580.100952148438,340
2663,1736.99283156106,1723.38084916479,580.100952148438,340
2664,1725.74113748425,1722.127303336,580.100952148438,340
2665,1554.44079323876,1712.57432369475,580.355651855469,340
2666,1430.50820683303,1698.59375581336,580.355651855469,340
2667,1793.74311550796,1711.66188440857,580.355651855469,340
2668,1784.15645683353,1727.59437699508,580.355651855469,340
2669,1602.20621411102,1723.5566470888,580.355651855469,340
2670,1740.11064650085,1721.82821227298,580.355651855469,340
2671,1772.91658192882,1721.72909561609,580.355651855469,340
2672,1590.86838899398,1724.13374635054,580.355651855469,340
2673,1195.54654105006,1700.73870142782,581.799194335938,340
2674,1463.2198396344,1688.58402161916,581.799194335938,340
2675,1314.02848414206,1670.4448903146,581.799194335938,340
2676,1416.04756253666,1655.46862204755,581.799194335938,340
2677,1773.93952285889,1655.16821533466,581.799194335938,340
2678,1427.31676989002,1640.95296603458,581.799194335938,340
2679,1403.43706485902,1624.81820876096,581.799194335938,340
2680,1731.98998682701,1623.90192480194,581.799194335938,340
2681,1695.00838551485,1620.1672281958,583.819763183594,340
2682,1464.84300539548,1609.04239031003,583.819763183594,340
2683,1674.23992015265,1604.15072739622,583.819763183594,340
2684,1465.1612901816,1591.20242449938,583.819763183594,340
2685,1538.17486739369,1585.82253750993,583.819763183594,340
2686,1705.17005536734,1589.5104556488,583.819763183594,340
2687,1666.64617247606,1586.65815365092,583.819763183594,340
2688,1611.84685534787,1581.65231460239,583.819763183594,340
2689,1795.6804304201,1584.44988631983,584.164672851562,340
2690,1393.06844679187,1577.99499246195,584.164672851562,340
2691,1596.45300630833,1584.63278444096,584.164672851562,340
2692,1552.13011048793,1574.96826424016,584.164672851562,340
2693,1769.31948688725,1574.37478544231,584.164672851562,340
2694,1698.72468877463,1578.23552442886,584.164672851562,340
2695,1682.19889768671,1575.91905447629,584.164672851562,340
2696,1745.77040107993,1574.83320724233,584.164672851562,340
2697,1727.99807817133,1580.31839480943,585.075866699219,340
2698,1697.05439986621,1600.37870916207,585.075866699219,340
2699,1796.09524337139,1613.69372531155,585.075866699219,340
2700,1765.46037013576,1631.7510007513,585.075866699219,340
2701,1730.66322636527,1644.33562730445,585.075866699219,340
2702,1747.91933084421,1643.29481962386,585.075866699219,340
2703,1786.71504716615,1657.6707507149,585.075866699219,340
2704,1780.61262470121,1672.75777310859,585.075866699219,340
2705,1749.74214235765,1673.46785932982,580.950378417969,340
2706,1763.98970160784,1676.22711197354,580.950378417969,340
2707,1727.24789049794,1686.72330737764,580.950378417969,340
2708,1720.4850367958,1688.57311204336,580.950378417969,340
2709,1813.39253364438,1702.50236178187,580.950378417969,340
2710,1815.41543267082,1713.59198439296,580.950378417969,340
2711,1759.99418751588,1715.7849496789,580.950378417969,340
2712,1784.91886643415,1720.51585743722,580.950378417969,340
2713,1779.66319563976,1727.2285110489,580.058410644531,340
2714,1777.72663617461,1726.51035927908,580.058410644531,340
2715,1752.31936259434,1740.88039591118,580.058410644531,340
2716,1663.44557599467,1743.56009869863,580.058410644531,340
2717,1780.80345979221,1752.7070326708,580.058410644531,340
2718,1693.46251871498,1749.67275394391,580.058410644531,340
2719,1744.70494341192,1751.5119641294,580.058410644531,340
2720,1799.78413424278,1756.21537359165,580.058410644531,340
2721,1781.89977897477,1757.66054870744,575.34765625,340
2722,1657.71284660164,1754.84913944465,575.34765625,340
2723,1795.2452678239,1758.77677416296,575.34765625,340
2724,1508.33709740345,1747.26644832424,575.34765625,340
2725,1726.41095716449,1745.70447180539,575.34765625,340
2726,1730.5984200025,1745.70187955088,575.34765625,340
2727,1775.6365599292,1746.81056871428,575.34765625,340
2728,1780.61039312313,1746.56638255256,575.34765625,340
2729,1663.68390831181,1741.88923389698,573.198059082031,340
2730,1779.13002575912,1743.06474923304,573.198059082031,340
2731,1571.62085692988,1735.36999544593,573.198059082031,340
2732,1774.6742143563,1737.26704840026,573.198059082031,340
2733,1514.97949853909,1729.04682686999,573.198059082031,340
2734,1493.07154671908,1716.23398739298,573.198059082031,340
2735,1804.45352032278,1715.79551089906,573.198059082031,340
2736,1696.12105029054,1713.24058541004,573.198059082031,340
2737,1739.87418542608,1711.43879816972,573.131774902344,340
2738,1740.82623287439,1709.88531965911,573.131774902344,340
2739,1692.06835363287,1706.45898835744,573.131774902344,340
2740,1719.40508308565,1705.14241717709,573.131774902344,340
2741,1617.99429646649,1703.32436599596,573.131774902344,340
2742,1492.33688142376,1691.78570286122,573.131774902344,340
2743,1787.24498615738,1695.53700155892,573.131774902344,340
2744,1792.18469193404,1697.43619149981,573.131774902344,340
2745,1746.3136977218,1695.29737403897,571.798889160156,340
2746,1786.99439886085,1695.50115883441,571.798889160156,340
2747,1709.81043260393,1697.5850622745,571.798889160156,340
2748,1763.74886173428,1696.32520603092,571.798889160156,340
2749,1772.56414739383,1706.89428803053,571.798889160156,340
2750,1782.58510053056,1709.14125376517,571.798889160156,340
2751,1778.69219735675,1711.06500485934,571.798889160156,340
2752,1785.92222401363,1711.47643142272,571.798889160156,340
2753,1791.32405083497,1711.90497773119,572.971618652344,340
2754,1713.9025277848,1713.91372251011,572.971618652344,340
2755,1771.16750597033,1713.59522171856,572.971618652344,340
2756,1783.91411689598,1722.08695211721,572.971618652344,340
2757,1739.03543445329,1720.66140092109,572.971618652344,340
2758,1775.0162427284,1731.06287068866,572.971618652344,340
2759,1696.30190330652,1739.19208495216,572.971618652344,340
2760,1789.46142209526,1738.59240102306,572.971618652344,340
2761,1643.88060665295,1736.50278327755,574.948059082031,340
2762,1786.48726390089,1738.36730641654,574.948059082031,340
2763,1799.76964146882,1740.72504276032,574.948059082031,340
2764,1648.80925134942,1738.99467866898,574.948059082031,340
2765,1789.05875166495,1741.78082541215,574.948059082031,340
2766,1703.99807308418,1745.22097647686,574.948059082031,340
2767,1604.8194507316,1749.72027924918,574.948059082031,340
2768,1707.03214339987,1746.51176553888,574.948059082031,340
2769,1773.09302050242,1745.74809868161,575.5458984375,340
2770,1764.36296594503,1746.47006941054,575.5458984375,340
2771,1728.9688670773,1744.1490481392,575.5458984375,340
2772,1758.28876011143,1746.0881812395,575.5458984375,340
2773,1780.41361090308,1746.75477120625,575.5458984375,340
2774,1779.86342867831,1747.04674245763,575.5458984375,340
2775,1779.00175621929,1746.90340868518,575.5458984375,340
2776,1759.58903295991,1746.13928210931,575.5458984375,340
2777,1736.65269944189,1744.16850112644,576.135437011719,340
2778,1789.42760787672,1744.09264340811,576.135437011719,340
2779,1715.52385421709,1744.1574964654,576.135437011719,340
2780,1747.57262194565,1743.21370110441,576.135437011719,340
2781,1698.03574103836,1739.7785660701,576.135437011719,340
2782,1773.18326905622,1741.14447945422,576.135437011719,340
2783,1793.5174931924,1741.88452947278,576.135437011719,340
2784,1697.26856318851,1741.92319586806,576.135437011719,340
2785,1780.52926683243,1741.56590965755,574.536193847656,340
2786,1734.74158739654,1745.20034888729,574.536193847656,340
2787,1763.13113754799,1744.26610383318,574.536193847656,340
2788,1813.02201506796,1744.79619877714,574.536193847656,340
2789,1780.24545476337,1750.0536469137,574.536193847656,340
2790,1762.62491534716,1748.99629346099,574.536193847656,340
2791,1771.54683844436,1751.69824407539,574.536193847656,340
2792,1786.77812572064,1758.97659107496,574.536193847656,340
2793,1473.39831832611,1749.63123807201,575.6005859375,340
2794,1695.1469078363,1746.51339356536,575.6005859375,340
2795,1691.47015192926,1743.59768100473,575.6005859375,340
2796,1667.447990323,1741.13684593456,575.6005859375,340
2797,1586.82080211839,1734.27812761484,575.6005859375,340
2798,1705.98643913723,1731.3010407442,575.6005859375,340
2799,1515.00749082429,1720.70680323004,575.6005859375,340
2800,1654.01601598928,1715.70737362084,575.6005859375,340
2801,1499.75583857872,1705.31404584559,576.285827636719,340
2802,1424.5951552913,1692.83174407957,576.285827636719,340
2803,1414.00477796876,1677.81483088325,576.285827636719,340
2804,1420.24356282461,1666.00361922755,576.285827636719,340
2805,1556.78507311502,1658.37211727433,576.285827636719,340
2806,1473.8745354919,1649.40566905247,576.285827636719,340
2807,1398.53869592294,1634.41988612714,576.285827636719,340
2808,1575.92506684959,1625.71618907343,576.285827636719,340
2809,1767.44660634991,1628.52331079988,574.126403808594,340
2810,1685.52065583021,1624.72296635979,574.126403808594,340
2811,1719.22204972604,1624.10218485297,574.126403808594,340
2812,1602.64436347969,1617.68271389024,574.126403808594,340
2813,1757.9651170545,1615.4804379697,574.126403808594,340
2814,1758.82913339732,1614.62378511506,574.126403808594,340
2815,1744.96418898892,1613.91735606073,574.126403808594,340
2816,1747.59063035823,1612.95910773729,574.126403808594,340
2817,1359.95219536828,1595.88607052319,574.994812011719,340
2818,1661.06044059411,1603.39255541391,574.994812011719,340
2819,1634.56749433214,1600.96937887375,574.994812011719,340
2820,1679.27200541622,1600.48145301322,574.994812011719,340
2821,1797.59061866063,1605.68715814673,574.994812011719,340
2822,1781.52918336489,1613.47549339659,574.994812011719,340
2823,1768.97820918444,1615.99516419848,574.994812011719,340
2824,1790.70334459607,1627.02299834935,574.994812011719,340
2825,1770.01949666198,1631.66313757626,572.238830566406,340
2826,1750.47070915451,1641.69173239929,572.238830566406,340
2827,1685.62044955996,1652.13274417004,572.238830566406,340
2828,1691.24734161632,1663.22244671594,572.238830566406,340
2829,1736.9161752719,1675.88935121383,572.238830566406,340
2830,1628.57788592675,1678.7610637263,572.238830566406,340
2831,1790.23204211491,1691.41536399122,572.238830566406,340
2832,1767.03929576987,1706.1553879851,572.238830566406,340
2833,1717.34354867539,1711.81212725813,572.312072753906,340
2834,1595.07218018466,1704.91715021152,572.312072753906,340
2835,1768.49661550921,1708.23618859868,572.312072753906,340
2836,1662.11635524773,1705.95196081955,572.312072753906,340
2837,1588.03739148654,1705.36768193982,572.312072753906,340
2838,1665.0552171025,1701.65128594174,572.312072753906,340
2839,1516.58495348674,1691.96151874532,572.312072753906,340
2840,1499.32947784618,1682.13613029961,572.312072753906,340
2841,1749.91830264987,1682.22923719127,572.037048339844,340
2842,1621.46009181827,1692.68955304927,572.037048339844,340
2843,1775.99846971301,1697.28707421403,572.037048339844,340
2844,1727.85765797075,1701.01868075957,572.037048339844,340
2845,1799.52162419076,1705.82866551055,572.037048339844,340
2846,1788.38325635465,1705.46037101831,572.037048339844,340
2847,1790.03236799783,1705.80049840363,572.037048339844,340
2848,1788.49022264112,1706.5809789419,572.037048339844,340
2849,1766.13680735051,1705.59831745208,572.326538085938,340
2850,1772.31070686302,1705.68996586012,572.326538085938,340
2851,1779.73033263156,1706.8603507992,572.326538085938,340
2852,1744.19204140073,1709.20321447283,572.326538085938,340
2853,1754.81271003371,1711.74582920953,572.326538085938,340
2854,1693.56209127356,1710.01166584959,572.326538085938,340
2855,1718.77651886806,1713.61961116725,572.326538085938,340
2856,1593.89247494036,1705.76602848026,572.326538085938,340
2857,1678.97975161745,1702.24364671417,572.112915039062,340
2858,1747.15101893369,1703.4359455245,572.112915039062,340
2859,1769.6104241564,1710.41747528337,572.112915039062,340
2860,1706.53584256895,1707.93904436576,572.112915039062,340
2861,1765.32699432748,1712.06746992895,572.112915039062,340
2862,1768.94253591943,1719.30367570626,572.112915039062,340
2863,1796.47353555804,1724.56040844449,572.112915039062,340
2864,1793.36024029097,1735.63141991666,572.112915039062,340
2865,1767.36539560588,1746.35285662704,570.954284667969,340
2866,1765.51759401057,1746.97682828147,570.954284667969,340
2867,1794.57197580315,1753.90130364087,570.954284667969,340
2868,1778.68270634207,1754.00867310603,570.954284667969,340
2869,1788.17090034913,1756.42120280116,570.954284667969,340
2870,1772.76300758551,1755.35085813695,570.954284667969,340
2871,1762.64617678025,1754.32137495398,570.954284667969,340
2872,1784.86813174577,1754.1148055039,570.954284667969,340
2873,1766.25040972019,1753.22521298706,572.176696777344,340
2874,1781.83508627114,1753.85314414388,572.176696777344,340
2875,1781.72715521077,1754.22980207779,572.176696777344,340
2876,1591.73459416144,1746.70997253899,572.176696777344,340
2877,1740.28978515253,1746.55388228906,572.176696777344,340
2878,1631.03257935027,1741.60267706172,572.176696777344,340
2879,1780.346602198,1745.0740574987,572.176696777344,340
2880,1582.43657799397,1739.62045986374,572.176696777344,340
2881,1776.55477484358,1746.92695185987,571.641052246094,340
2882,1778.80549891757,1750.91998175187,571.641052246094,340
2883,1788.27953004083,1752.56512219616,571.641052246094,340
2884,1803.4004003223,1753.91672124279,571.641052246094,340
2885,1738.15498971733,1755.18148712873,571.641052246094,340
2886,1803.57403747499,1756.71136885463,571.641052246094,340
2887,1763.93586882871,1756.511102171,571.641052246094,340
2888,1745.20625485259,1754.46041094278,571.641052246094,340
2889,1667.56736831907,1749.4286960639,574.574951171875,340
2890,1786.28126361031,1750.18533078408,574.574951171875,340
2891,1760.94551009004,1750.00244742726,574.574951171875,340
2892,1742.90633367933,1747.93582174231,574.574951171875,340
2893,1737.90694748045,1746.30479138784,574.574951171875,340
2894,1711.93176130266,1743.25522582598,574.574951171875,340
2895,1774.18549840974,1743.31212545895,574.574951171875,340
2896,1752.98457618421,1742.92566143511,574.574951171875,340
2897,1747.72267132696,1741.43984301836,575.252746582031,340
2898,1758.75031882054,1741.13983938237,575.252746582031,340
2899,1761.78189440164,1740.33771170759,575.252746582031,340
2900,1776.07216315991,1740.11151202556,575.252746582031,340
2901,1765.67774874615,1747.06923820895,575.252746582031,340
2902,1741.73182227462,1747.12691969383,575.252746582031,340
2903,1746.22516161913,1751.73462298459,575.252746582031,340
2904,1770.45315932198,1751.33888526954,575.252746582031,340
2905,1774.70057783857,1759.02944526333,573.437744140625,340
2906,1786.33888726953,1759.42080976037,573.437744140625,340
2907,1750.40865549177,1758.28493602333,573.437744140625,340
2908,1762.89695863165,1757.26963316697,573.437744140625,340
2909,1788.37716861771,1756.66870389878,573.437744140625,340
2910,1784.84128308828,1758.53615563362,573.437744140625,340
2911,1778.4136014684,1757.52973819336,573.437744140625,340
2912,1779.01597621464,1758.13294248879,573.437744140625,340
2913,1777.16651360524,1759.4113528389,572.823791503906,340
2914,1801.16301624772,1764.75517875605,572.823791503906,340
2915,1744.75566595118,1763.09415484968,572.823791503906,340
2916,1773.89242295639,1763.61203136434,572.823791503906,340
2917,1783.43813413817,1765.23330338269,572.823791503906,340
2918,1780.03706458311,1766.9185080668,572.823791503906,340
2919,1764.55048192727,1769.02325689178,572.823791503906,340
2920,1770.23015128588,1768.86504300683,572.823791503906,340
2921,1785.08793435656,1770.14917733372,572.792785644531,340
2922,1780.48223091499,1771.45955971724,572.792785644531,340
2923,1774.75380999508,1772.09969936422,572.792785644531,340
2924,1764.69068016839,1772.21605079489,572.792785644531,340
2925,1775.53778701176,1772.19467574897,572.792785644531,340
2926,1696.17016648554,1769.41437245854,572.792785644531,340
2927,1786.55866388205,1771.20744612284,572.792785644531,340
2928,1770.99086203355,1772.19807413942,572.792785644531,340
2929,1792.99745016664,1773.0998457732,572.996398925781,340
2930,1788.77552308697,1773.66284358314,572.996398925781,340
2931,1775.23671669165,1773.21875676002,572.996398925781,340
2932,1774.31200997543,1774.17489093937,572.996398925781,340
2933,1763.63953510318,1774.20459399823,572.996398925781,340
2934,1774.88937414448,1773.6650822193,572.996398925781,340
2935,1804.47031593465,1774.45024353316,572.996398925781,340
2936,1809.06927853516,1775.67647061583,572.996398925781,340
2937,1797.93097246066,1776.43307046567,572.630920410156,340
2938,1782.88297436419,1776.66172889603,572.630920410156,340
2939,1809.81871066115,1777.00795667256,572.630920410156,340
2940,1779.70379597444,1778.40588187349,572.630920410156,340
2941,1785.29393781222,1778.86194246773,572.630920410156,340
2942,1792.74654374664,1779.23427885207,572.630920410156,340
2943,1781.25913582339,1779.28316170168,572.630920410156,340
2944,1782.69606129559,1780.00898487641,572.630920410156,340
2945,1786.73195926306,1780.6690571955,573.1064453125,340
2946,1801.58331462389,1781.32887240619,573.1064453125,340
2947,1783.34888362012,1781.44353851439,573.1064453125,340
2948,1775.30461869801,1781.46557086251,573.1064453125,340
2949,1808.53448421904,1783.21932302454,573.1064453125,340
2950,1702.15103076453,1780.28385277465,573.1064453125,340
2951,1798.43736859332,1784.37454085896,573.1064453125,340
2952,1801.45466795314,1784.9703810218,573.1064453125,340
2953,1779.09616859231,1785.29459328415,573.433715820312,340
2954,1784.64257006199,1784.96039807997,573.433715820312,340
2955,1764.30003891925,1783.98137871326,573.433715820312,340
2956,1775.95580804651,1784.01014236745,573.433715820312,340
2957,1785.96555482318,1784.47628416136,573.433715820312,340
2958,1796.18902566048,1785.77826378366,573.433715820312,340
2959,1736.2022504757,1784.23077883691,573.433715820312,340
2960,1747.97331199794,1781.97089867944,573.433715820312,340
2961,1790.14909662271,1781.21409140294,575.053039550781,340
2962,1663.93209030304,1775.85413611663,575.053039550781,340
2963,1717.18694437014,1773.22629491687,575.053039550781,340
2964,1783.83895752186,1772.1871047913,575.053039550781,340
2965,1692.65569007991,1768.70518055552,575.053039550781,340
2966,1790.19255924702,1768.90112541291,575.053039550781,340
2967,1801.89637413315,1769.26711862837,575.053039550781,340
2968,1719.58017029014,1766.79996000704,575.053039550781,340
2969,1815.01491006564,1768.09271395784,574.958435058594,340
2970,1728.97779855967,1765.78254752971,574.958435058594,340
2971,1774.63027828787,1764.70442607627,574.958435058594,340
2972,1799.07478782254,1765.33346224436,574.958435058594,340
2973,1791.99049389987,1766.00089725244,574.958435058594,340
2974,1804.79540417903,1765.85133405084,574.958435058594,340
2975,1758.37048217749,1768.10011210736,574.958435058594,340
2976,1798.39078704743,1768.09824884552,574.958435058594,340
2977,1685.29694899951,1763.45194008738,574.406799316406,340
2978,1785.51085237988,1763.70852743888,574.406799316406,340
2979,1788.81397505086,1763.87538363843,574.406799316406,340
2980,1774.26337846687,1764.27391722034,574.406799316406,340
2981,1790.43652657609,1764.85314596152,574.406799316406,340
2982,1774.50778128979,1764.39483502019,574.406799316406,340
2983,1715.88469047475,1761.18266161276,574.406799316406,340
2984,1771.58877127641,1762.59812244478,574.406799316406,340
2985,1800.37564136155,1764.69421561933,574.657287597656,340
2986,1759.36208680919,1763.46273522679,574.657287597656,340
2987,1755.23632648106,1767.11490467391,574.657287597656,340
2988,1672.1351522744,1765.31283299008,574.657287597656,340
2989,1784.73485853075,1765.34866903043,574.657287597656,340
2990,1795.82433317124,1769.47541475409,574.657287597656,340
2991,1805.44757951359,1770.08561556475,574.657287597656,340
2992,1714.23897646981,1766.57931965822,574.657287597656,340
2993,1778.44421320094,1768.93388137465,575.099060058594,340
2994,1807.24097841454,1768.6229241086,575.099060058594,340
2995,1765.22190728272,1770.07268845753,575.099060058594,340
2996,1753.54674571866,1769.22934715476,575.099060058594,340
2997,1801.51667491861,1769.3270226386,575.099060058594,340
2998,1801.72839258544,1769.71653858602,575.099060058594,340
2999,1807.66694565735,1769.83140024516,575.099060058594,340
3000,1776.58115371782,1770.55982710677,575.099060058594,340
