episode,reward,avg_reward,q0,steps
1,-72.2145226571695,-72.2145226571695,1.27053808682831e-05,340
2,-179.190591151917,-125.702556904543,1.27053808682831e-05,340
3,-217.574884696394,-156.326666168493,1.27053808682831e-05,340
4,-406.569652337614,-218.887412710774,1.27053808682831e-05,340
5,-889.950653541671,-353.100060876953,1.27053808682831e-05,340
6,-212.13424685853,-329.605758540549,1.27053808682831e-05,340
7,-686.369814446598,-380.572052241413,1.27053808682831e-05,340
8,306.750500961316,-294.656733091072,1.27053808682831e-05,340
9,318.184965015603,-226.563211079219,-10.9031314849854,340
10,-573.083892958539,-261.215279267151,-10.9031314849854,340
11,-708.894129490812,-301.913356560211,-10.9031314849854,340
12,-45.299452564652,-280.528864560581,-10.9031314849854,340
13,-481.146615104715,-295.960999217823,-10.9031314849854,340
14,-912.500542057751,-339.999537992103,-10.9031314849854,340
15,-113.174106217051,-324.877842540433,-10.9031314849854,340
16,-698.597764830508,-348.235337683563,-10.9031314849854,340
17,-557.820652224483,-360.563885597734,4.96675825119019,340
18,-79.6517001611055,-344.957653073477,4.96675825119019,340
19,132.937995768796,-319.805250502831,4.96675825119019,340
20,-294.914821427924,-318.560729049086,4.96675825119019,340
21,-25.8317319010614,-304.621252994418,4.96675825119019,340
22,-387.354013867706,-308.381833034113,4.96675825119019,340
23,-140.788893215933,-301.095183476801,4.96675825119019,139
24,-339.0414512008,-302.676277965301,4.96675825119019,340
25,618.800283610751,-265.817215502259,32.9298782348633,340
26,-143.547779799752,-268.670545787962,32.9298782348633,340
27,-247.796982652138,-271.414801447971,32.9298782348633,340
28,183.262805549185,-255.381293838148,32.9298782348633,337
29,-196.833159500485,-246.991834124663,32.9298782348633,340
30,355.530718413614,-197.172579246451,32.9298782348633,340
31,-44.5083557118182,-190.467543600583,32.9298782348633,340
32,-310.923346265516,-175.449684873339,32.9298782348633,340
33,79.8271986583691,-184.526616965457,81.0129470825195,340
34,-191.51305711115,-204.914537850527,81.0129470825195,340
35,402.961764126793,-165.872711567114,81.0129470825195,340
36,103.789109084106,-133.365382024117,81.0129470825195,340
37,-40.648448196421,-133.179341849388,81.0129470825195,340
38,286.811488724949,-102.461017696202,81.0129470825195,340
39,-287.102002343101,-77.4450761076156,81.0129470825195,340
40,369.999049130121,-58.1181498937288,81.0129470825195,340
41,167.709619492601,-23.4658545208044,137.571899414062,318
42,403.630693527508,14.9921993092752,137.571899414062,340
43,258.569333867421,28.5210406704163,137.571899414062,340
44,148.21219736379,29.1320087342161,137.571899414062,340
45,36.8886362434294,42.4041470410702,137.571899414062,319
46,-106.716606989219,39.1687520375439,137.571899414062,340
47,-12.8919690647648,54.1472338296615,137.571899414062,340
48,197.976757535225,67.6978598597079,137.571899414062,340
49,355.501121756197,95.4795627779878,195.991943359375,340
50,-227.652714893813,61.6214428378052,195.991943359375,340
51,7.76696051932319,67.6740324505682,195.991943359375,340
52,-2.4972288248629,77.4860226036593,195.991943359375,340
53,-106.58859252863,65.8919666805467,195.991943359375,322
54,-86.4374915799203,70.3077933973693,195.991943359375,340
55,486.174179214322,75.5335318293976,195.991943359375,340
56,207.363093080915,85.6083897811069,195.991943359375,340
57,-178.445130062769,90.9075184292168,235.14013671875,340
58,172.724474178026,94.6234094500031,235.14013671875,301
59,299.887303940854,114.279423892083,235.14013671875,340
60,971.262214160985,137.011441893451,235.14013671875,340
61,145.101966928991,138.663956207246,235.14013671875,340
62,178.531705787526,147.431162366604,235.14013671875,340
63,332.19311386442,149.246427372183,235.14013671875,340
64,99.094038516415,164.694269006564,235.14013671875,340
65,118.195501105161,154.622127085565,284.628631591797,312
66,460.400969335407,166.329781079278,284.628631591797,297
67,326.554246910851,163.246723214611,284.628631591797,306
68,312.636032528971,165.409391161073,284.628631591797,293
69,415.733958537318,176.110261608014,284.628631591797,316
70,348.488579728884,188.574259347433,284.628631591797,273
71,198.233764736973,200.77227421648,284.628631591797,260
72,427.637534381624,218.393454354336,284.628631591797,243
73,-12.1765907456492,209.987320423101,372.640411376953,299
74,197.860646866821,203.681701427526,372.640411376953,272
75,376.806469141106,227.860068788922,372.640411376953,270
76,367.498402654291,242.249326474321,372.640411376953,266
77,173.675004427802,249.296215804428,372.640411376953,255
78,6.95375874925398,253.837909855543,372.640411376953,229
79,987.504908357933,296.795605853057,372.640411376953,340
80,161.870834268348,283.823472055218,372.640411376953,285
81,230.044189255224,284.730715902191,396.512237548828,313
82,484.067525877057,311.231222139784,396.512237548828,219
83,406.439995232962,320.579842981981,396.512237548828,270
84,240.154760230056,318.190541233549,396.512237548828,274
85,196.671416147479,287.206909313009,396.512237548828,292
86,-254.793000875796,271.211110600818,396.512237548828,308
87,481.477845659503,283.328956195697,396.512237548828,257
88,378.473702481976,285.180179740399,396.512237548828,287
89,-98.4204388660514,277.2796006451,411.152160644531,340
90,173.242553650136,279.481482746899,411.152160644531,340
91,241.808889553528,270.737799555624,411.152160644531,306
92,71.479059531178,260.534792060437,411.152160644531,299
93,-100.428238072921,244.012221236361,411.152160644531,340
94,225.412298137276,236.39935482036,411.152160644531,340
95,97.7277585283835,226.36892197234,411.152160644531,327
96,102.94783663722,222.55748484835,411.152160644531,312
97,1100.08457705707,249.455366555367,403.189117431641,269
98,896.156212800126,285.788678697198,403.189117431641,246
99,1063.22523622414,320.403262271491,403.189117431641,218
100,1190.10001007292,352.935003908764,403.189117431641,235
101,904.574251597032,374.418037866473,403.189117431641,305
102,601.045323895727,391.51285064519,403.189117431641,340
103,457.929471218734,409.551879143969,403.189117431641,296
104,471.899615417344,388.927667426346,403.189117431641,340
105,807.031852445198,414.73410815342,436.2666015625,275
106,1178.18010124998,452.65954463321,436.2666015625,340
107,471.310773483102,452.149274537452,436.2666015625,299
108,1166.26013878934,482.542080279707,436.2666015625,224
109,554.507253859405,495.116180024881,436.2666015625,233
110,1171.31745594371,534.10202161673,436.2666015625,268
111,571.968307141588,567.172473937426,436.2666015625,254
112,657.577467816041,574.216458823687,436.2666015625,340
113,1198.72687015676,607.026585530679,480.755554199219,282
114,760.58763074614,641.386908315166,480.755554199219,264
115,1125.63642725244,679.482663259259,480.755554199219,266
116,562.307482735581,692.302606986541,480.755554199219,340
117,1235.55313016834,738.865569812027,480.755554199219,235
118,1286.35853142901,794.337040592105,480.755554199219,258
119,577.656372213432,808.426803555151,480.755554199219,197
120,1229.04810276343,853.679617324553,480.755554199219,233
121,628.080915059117,874.684940461429,530.064575195312,270
122,607.000407185195,854.961573666554,530.064575195312,205
123,1174.03805460116,866.076847338595,530.064575195312,340
124,1037.42744984463,865.044935883415,530.064575195312,214
125,624.576722370934,842.424004375335,530.064575195312,205
126,755.152831584615,836.447147574838,530.064575195312,190
127,953.169110863309,850.532099053542,530.064575195312,190
128,684.328759806867,859.588070597067,530.064575195312,194
129,789.69670476098,872.299954170812,591.213500976562,195
130,713.515424005168,868.559297033211,591.213500976562,203
131,1224.04389529033,870.393848794825,591.213500976562,241
132,952.309901847056,889.633813929384,591.213500976562,208
133,1079.75552458359,886.173629361154,591.213500976562,226
134,1117.88130299034,908.708591326391,591.213500976562,257
135,932.771445733347,899.166750917977,591.213500976562,310
136,1133.07035575958,921.610832862696,591.213500976562,234
137,891.049076044374,930.94969719183,643.935729980469,197
138,1053.14682767921,925.126495492728,643.935729980469,233
139,1160.82077284336,941.135821176616,643.935729980469,227
140,736.257528680373,925.560665233734,643.935729980469,228
141,1105.06959360876,947.271149668661,643.935729980469,258
142,1198.59474153889,945.792814123483,643.935729980469,228
143,835.748795439774,927.768424683913,643.935729980469,218
144,705.073982558123,932.865129097701,643.935729980469,254
145,1021.06051979997,924.545625779162,671.6279296875,281
146,1112.75883580489,943.932742608993,671.6279296875,240
147,1145.16878720993,965.459477809983,671.6279296875,238
148,808.750977081801,950.847994709209,671.6279296875,209
149,835.513256255292,942.771426965635,671.6279296875,223
150,864.935737228143,952.385787559924,671.6279296875,206
151,1023.9550419772,963.137875975627,671.6279296875,235
152,695.887946049466,952.846629383073,671.6279296875,205
153,1074.85284766501,968.467592897399,690.406555175781,237
154,787.133479343782,968.365063880711,690.406555175781,216
155,570.145614211908,962.63027148898,690.406555175781,204
156,1048.47497465835,955.607514663701,690.406555175781,226
157,865.981325503132,952.154371609944,690.406555175781,224
158,761.174093935588,939.411114384024,690.406555175781,233
159,958.932030989261,933.053143503981,690.406555175781,206
160,780.722262263202,926.971176165175,690.406555175781,209
161,1110.60406255388,926.072524436947,713.3251953125,218
162,852.311712709538,924.523029903553,713.3251953125,248
163,1445.6039799302,940.221315993593,713.3251953125,234
164,1197.11439891686,941.673061036533,713.3251953125,218
165,872.771775011408,947.133630889774,713.3251953125,215
166,741.047413361681,932.572743679891,713.3251953125,313
167,979.390963029428,923.804592539513,713.3251953125,235
168,939.837772244466,927.968151611701,713.3251953125,221
169,852.903232675924,933.881321616413,720.806823730469,218
170,371.807073562344,907.911183766907,720.806823730469,340
171,1242.34465423707,913.094616504195,720.806823730469,229
172,1124.18349039228,912.255204631489,720.806823730469,223
173,892.312519880826,915.59766634345,720.806823730469,229
174,791.927843239312,913.85424982281,720.806823730469,199
175,1309.60714247693,931.641106032762,720.806823730469,232
176,1017.00508311206,931.363107678157,720.806823730469,225
177,1091.19382067135,947.175342663032,732.852722167969,231
178,1304.67627395113,956.368279714477,732.852722167969,240
179,1313.84826724854,977.436871230667,732.852722167969,270
180,1035.88100209946,996.066286746169,732.852722167969,241
181,1478.30468302125,1013.25947508068,732.852722167969,282
182,958.897031230048,1016.97610330976,732.852722167969,237
183,1446.1407933387,1044.37477128589,732.852722167969,266
184,1178.15588281747,1053.14372535901,732.852722167969,226
185,1099.73561084417,1065.90425930225,742.327941894531,240
186,1186.26483788518,1068.93069031551,742.327941894531,234
187,1158.52826201199,1081.1793522876,742.327941894531,246
188,1317.67985822036,1076.06238741921,742.327941894531,241
189,1113.41555386266,1072.71443361704,742.327941894531,238
190,846.00444083397,1071.64374024994,742.327941894531,210
191,1012.97125724693,1082.52069400535,742.327941894531,220
192,1093.95506245749,1087.10325798248,742.327941894531,327
193,1691.83928721489,1117.18331858129,746.92431640625,272
194,1332.26149720479,1136.35764916245,746.92431640625,229
195,1176.71042131163,1168.55378307242,746.92431640625,240
196,1323.97835799123,1171.81913122259,746.92431640625,241
197,1324.99946519495,1179.85177021469,746.92431640625,261
198,1039.13498770755,1185.72466892776,746.92431640625,234
199,1074.38603157646,1197.02299646125,746.92431640625,213
200,1490.72433374282,1204.26768411188,746.92431640625,276
201,1135.04284911611,1208.98919475205,753.935668945312,216
202,1430.39762440895,1222.55734690155,753.935668945312,263
203,1028.40165875458,1211.50636229369,753.935668945312,227
204,1032.47283438412,1200.25134497911,753.935668945312,232
205,1292.11904516088,1210.50086670157,753.935668945312,238
206,1228.14647318465,1200.4945383081,753.935668945312,241
207,1149.01120377919,1208.09910521007,753.935668945312,234
208,1073.87305272646,1193.20839558558,753.935668945312,238
209,1359.44994492241,1200.46015806978,767.320922851562,275
210,1462.19687213755,1214.95860852151,767.320922851562,260
211,894.260890730459,1203.27845063532,767.320922851562,218
212,1509.63972935644,1217.3229093291,767.320922851562,268
213,1472.53670381478,1223.51718315288,767.320922851562,251
214,1068.14800083895,1221.70648103193,767.320922851562,230
215,1359.00421331334,1242.2264719311,767.320922851562,269
216,1558.19692755257,1264.03549874333,767.320922851562,271
217,1378.02108584803,1275.39813967895,790.729858398438,222
218,1271.14389420299,1258.57032395848,790.729858398438,242
219,1492.20471876039,1264.9680528207,790.729858398438,253
220,1417.65472321063,1274.60582489666,790.729858398438,301
221,1165.67378055917,1268.27364179938,790.729858398438,237
222,529.375219001619,1236.44867195164,790.729858398438,321
223,1385.10113313187,1250.28731776862,790.729858398438,241
224,1625.40135655302,1272.32793076768,790.729858398438,289
225,1418.29888089131,1269.43091265362,804.583740234375,340
226,1409.63942001395,1280.41477548953,804.583740234375,288
227,1567.21778558467,1285.88758193656,804.583740234375,259
228,1736.88897909014,1314.22707474998,804.583740234375,283
229,1391.6746732352,1328.59514830403,804.583740234375,242
230,1271.53016636101,1327.77159315203,804.583740234375,282
231,1699.96306604313,1346.64425686637,804.583740234375,292
232,1475.76680899479,1359.714481075,804.583740234375,240
233,1658.57401293864,1383.10251948348,820.624450683594,303
234,1332.37540017451,1382.01953769357,820.624450683594,295
235,1329.66550335693,1376.71828294234,820.624450683594,335
236,1330.37489166636,1394.16284297978,820.624450683594,242
237,1713.50238636554,1402.31734926014,820.624450683594,265
238,1186.67175777088,1390.88275141839,820.624450683594,288
239,1256.41973644473,1398.41362084262,820.624450683594,244
240,1122.80394436523,1388.96561008469,820.624450683594,311
241,1431.21694973973,1383.88641097218,841.922119140625,277
242,1485.7778895484,1388.19668312019,841.922119140625,254
243,1376.21743547066,1392.3996247709,841.922119140625,281
244,1761.12658696821,1403.15649949921,841.922119140625,294
245,1624.95144840433,1411.44836850696,841.922119140625,280
246,1762.62496466904,1435.32641587136,841.922119140625,340
247,1160.71999898821,1460.58020707082,841.922119140625,251
248,1506.82027867794,1465.44897289266,841.922119140625,288
249,1619.00715647099,1465.19320488938,855.957214355469,335
250,1584.68639638678,1471.8487055092,855.957214355469,298
251,1571.91468855245,1478.33971625074,855.957214355469,264
252,1477.79050098731,1474.76262486685,855.957214355469,288
253,1903.10069826643,1481.4110936339,855.957214355469,283
254,1852.50385827459,1499.84426103547,855.957214355469,304
255,1562.65377515112,1511.48920538708,855.957214355469,319
256,1542.32026693509,1505.18349342276,855.957214355469,300
257,1517.81541174988,1506.86543753296,872.876953125,309
258,1815.23052002416,1513.13169781638,872.876953125,301
259,1544.43863079581,1521.61422704123,872.876953125,286
260,1768.33652478339,1539.16106789829,872.876953125,293
261,1979.61993224799,1565.13086952156,872.876953125,323
262,1957.96780626374,1574.90948631748,872.876953125,287
263,1567.85927170152,1590.15698687471,872.876953125,318
264,1905.1497369785,1616.10618689606,872.876953125,317
265,1842.61159294533,1644.89849283926,890.971313476562,340
266,1251.76198991284,1637.72029444619,890.971313476562,332
267,1748.72163542961,1648.23804428144,890.971313476562,306
268,1817.7991996174,1665.90131484731,890.971313476562,270
269,1493.53501399583,1655.19765192841,890.971313476562,336
270,1420.44039881999,1647.01720994504,890.971313476562,301
271,1916.82616929799,1653.1852581302,890.971313476562,331
272,1805.97621491227,1678.99550676716,890.971313476562,314
273,1600.55896361168,1682.74505416451,901.223937988281,313
274,1698.07093346257,1685.90760524417,901.223937988281,286
275,2134.47865075927,1707.89929541907,901.223937988281,332
276,1552.34927545941,1707.11667889535,901.223937988281,284
277,1991.95951149793,1727.68343931577,901.223937988281,325
278,1665.74808766874,1718.18933489187,901.223937988281,269
279,1789.95682569701,1715.68745358876,901.223937988281,339
280,1788.70301000682,1724.72942298299,901.223937988281,287
281,2035.59716053217,1744.46049872687,919.854858398438,314
282,1941.69166824413,1761.41554898664,919.854858398438,332
283,1731.58392472755,1758.06968517478,919.854858398438,324
284,1866.57396890918,1770.95509869931,919.854858398438,311
285,1660.27570322322,1766.63266583691,919.854858398438,292
286,1484.41902749056,1746.82462964661,919.854858398438,319
287,2145.08212985923,1754.30920259043,919.854858398438,340
288,1815.57185677518,1764.21770599338,919.854858398438,340
289,1983.89484331318,1767.36751024676,942.858764648438,321
290,2180.03897282363,1780.8646054419,942.858764648438,340
291,2170.36203835374,1817.60860737953,942.858764648438,340
292,1861.81139550724,1822.13219778264,942.858764648438,340
293,1897.81336705806,1825.33276448026,942.858764648438,328
294,1671.44294696725,1832.44908179912,942.858764648438,320
295,2200.378319574,1863.64659862928,942.858764648438,336
296,1940.16056966753,1864.57997464406,942.858764648438,318
297,2050.69900766571,1874.3688863542,960.543151855469,328
298,1814.85603195385,1882.94076908789,960.543151855469,320
299,1974.07837801852,1893.98106687012,960.543151855469,340
300,2165.74898952558,1895.23188042078,960.543151855469,340
301,1724.01340834082,1902.09844573603,960.543151855469,332
302,2262.50436237668,1912.92023977118,960.543151855469,340
303,2197.19272197602,1934.17802514347,960.543151855469,308
304,2067.48618895546,1945.27919967381,960.543151855469,337
305,2243.53329688901,1963.4724111491,973.257141113281,340
306,2621.42805316164,1986.90564685428,973.257141113281,340
307,2028.08367877668,1990.36132727558,973.257141113281,340
308,2458.52281821279,2019.43888301499,973.257141113281,340
309,2028.37276905681,2025.9108350209,973.257141113281,340
310,2206.14991437923,2047.74580346714,973.257141113281,316
311,2060.46722075823,2070.78773119784,973.257141113281,334
312,2203.87787043392,2073.13956082083,973.257141113281,340
313,2011.34162568121,2080.97035157707,985.949340820312,340
314,2559.20358554316,2103.98270126627,985.949340820312,340
315,2302.11805632888,2108.86586460648,985.949340820312,340
316,1710.89263174041,2090.48708834195,985.949340820312,323
317,2005.23972009936,2096.22422132563,985.949340820312,330
318,2265.95790634989,2110.95000289731,985.949340820312,340
319,2061.90807674436,2126.56860808839,985.949340820312,340
320,2136.56797569206,2124.01619433311,985.949340820312,326
321,2605.72199700883,2150.63865142677,997.188293457031,340
322,2400.93538613638,2164.64810656559,997.188293457031,340
323,2537.62127144665,2193.55871614531,997.188293457031,340
324,2485.5599771472,2214.01798011045,997.188293457031,340
325,2443.75380720284,2225.13817281754,997.188293457031,340
326,2575.1434418977,2259.18337415982,997.188293457031,340
327,2627.65191211743,2273.78927614945,997.188293457031,340
328,2352.69118042939,2280.00921448758,997.188293457031,340
329,2903.55002161207,2313.45176779385,1011.40979003906,340
330,2436.23161406743,2321.15970048098,1011.40979003906,340
331,2409.60929967184,2312.68695034139,1011.40979003906,340
332,2339.48554183371,2325.14302486367,1011.40979003906,340
333,2261.88812974808,2317.27763732508,1011.40979003906,340
334,2940.08652748345,2353.74618766215,1011.40979003906,340
335,2665.22743728746,2372.10928857848,1011.40979003906,340
336,2717.68336703411,2398.39793442951,1011.40979003906,340
337,2779.28667214795,2421.41428649807,1021.1884765625,340
338,2822.33763368737,2453.85412681832,1021.1884765625,340
339,2374.26460651061,2446.45656765702,1021.1884765625,340
340,2795.72101158463,2466.20068586725,1021.1884765625,340
341,2644.45296136155,2503.54309905209,1021.1884765625,340
342,2945.80814044593,2541.16583586596,1021.1884765625,340
343,2453.85335905663,2548.68165397423,1021.1884765625,340
344,2142.91383377772,2551.92188425556,1021.1884765625,340
345,3146.88842528333,2592.33470223921,1037.88732910156,340
346,2661.85319144249,2594.57995001656,1037.88732910156,340
347,2640.60543048032,2604.16675179032,1037.88732910156,340
348,2829.35552435664,2615.83612190672,1037.88732910156,340
349,2941.76654917878,2634.08438478798,1037.88732910156,340
350,2872.70373571507,2651.24238192847,1037.88732910156,340
351,3426.86373922124,2685.31119382141,1037.88732910156,340
352,2963.06649534497,2698.72777715051,1037.88732910156,340
353,2974.09436569342,2723.58390456107,1048.60327148438,340
354,3036.47813400833,2728.90102905692,1048.60327148438,340
355,2926.28506914864,2748.50316726017,1048.60327148438,340
356,3169.10200631562,2778.88287552592,1048.60327148438,340
357,3225.93745057925,2814.34095187574,1048.60327148438,340
358,3581.04007972145,2867.10702987468,1048.60327148438,340
359,3293.17766891981,2881.23067553213,1048.60327148438,340
360,2993.09942240064,2894.34555493666,1048.60327148438,340
361,3710.91519860624,2934.07482819955,1058.52478027344,340
362,3274.28062446578,2953.87458629226,1058.52478027344,340
363,3346.74315336944,2974.85080707954,1058.52478027344,340
364,3084.24964333043,3003.25020855233,1058.52478027344,340
365,3153.00885402303,3017.54172224987,1058.52478027344,340
366,2889.14622584836,3027.32945282934,1058.52478027344,340
367,3013.84343313389,3030.05086453686,1058.52478027344,340
368,2917.90261531175,3048.61283478707,1058.52478027344,340
369,3485.05491576775,3102.29847806667,1070.22399902344,340
370,3220.85130190147,3105.25699313139,1070.22399902344,340
371,3269.28589494484,3129.55430127149,1070.22399902344,340
372,3517.82191847614,3164.64296079132,1070.22399902344,340
373,3683.80148492874,3198.8207992142,1070.22399902344,340
374,3489.59238788449,3220.73383276243,1070.22399902344,340
375,3461.16448116275,3244.27226258034,1070.22399902344,340
376,3197.74769663749,3235.10762087699,1070.22399902344,340
377,3240.08069444507,3246.18818884099,1083.06469726562,340
378,3502.86340533684,3267.33895042673,1083.06469726562,340
379,2617.25984942715,3250.57021904348,1083.06469726562,340
380,2908.38390903431,3249.85417263891,1083.06469726562,340
381,3303.83323785188,3255.24342190036,1083.06469726562,340
382,3980.1380100506,3285.41144427921,1083.06469726562,340
383,3460.38598090547,3280.58528032657,1083.06469726562,340
384,3249.26054751171,3278.82859547025,1083.06469726562,340
385,3484.95629798024,3298.50287049343,1093.60632324219,340
386,3277.79113262716,3281.17790785427,1093.60632324219,340
387,3624.3541477649,3295.18084878623,1093.60632324219,340
388,3648.48166655707,3307.25038931374,1093.60632324219,340
389,2936.34695996043,3301.33428197894,1093.60632324219,340
390,3478.90588938955,3314.3701633936,1093.60632324219,340
391,2996.5731131245,3318.66723888465,1093.60632324219,340
392,3227.27100634096,3327.20434181293,1093.60632324219,340
393,3340.64059270821,3344.11386090879,1105.42944335938,340
394,3837.43110065649,3358.20890830434,1105.42944335938,340
395,3878.76758922771,3384.52555979739,1105.42944335938,340
396,3762.45944960099,3404.25250198363,1105.42944335938,340
397,3790.44601243055,3415.15746574181,1105.42944335938,340
398,3680.9997782876,3415.04539747616,1105.42944335938,340
399,3761.25367302038,3425.9118488816,1105.42944335938,340
400,3126.93688304605,3412.54274495693,1105.42944335938,340
401,3579.86135640428,3427.8272913476,1110.78381347656,340
402,3733.51751455597,3447.56476415204,1110.78381347656,340
403,3872.94578997438,3462.36805953754,1110.78381347656,340
404,3891.77385920972,3513.34861992884,1110.78381347656,340
405,3314.94185101761,3529.61093760818,1110.78381347656,340
406,3657.87526950735,3543.77261887439,1110.78381347656,340
407,3862.09721046846,3539.05098689111,1110.78381347656,340
408,3997.49542214425,3560.53536454066,1110.78381347656,340
409,3619.34448189181,3575.33872191586,1117.67529296875,340
410,3698.07258500832,3583.86337339699,1117.67529296875,340
411,3775.23190762569,3603.76100439693,1117.67529296875,340
412,3601.74473597425,3602.8566279253,1117.67529296875,340
413,3928.99032475305,3614.07697425314,1117.67529296875,340
414,3658.29713906039,3642.95498141714,1117.67529296875,340
415,3548.6738560342,3645.74570008293,1117.67529296875,340
416,3880.39850494206,3681.09871575563,1117.67529296875,340
417,3619.75624316155,3696.79812522845,1123.3095703125,340
418,3585.35443427506,3706.58667889113,1123.3095703125,340
419,3892.24922086005,3708.77940369927,1123.3095703125,340
420,3571.1664075511,3696.47535643221,1123.3095703125,340
421,3995.37474750433,3705.79196834834,1123.3095703125,340
422,3851.93439328295,3708.25150358243,1123.3095703125,340
423,4051.83369124619,3723.08486010078,1123.3095703125,340
424,3984.47936191283,3732.01388765648,1123.3095703125,340
425,3911.9046063189,3763.41259658739,1133.54736328125,340
426,3757.04797501171,3770.50006133169,1133.54736328125,340
427,3766.34102752467,3771.81300185044,1133.54736328125,340
428,3831.0080164897,3770.13549091105,1133.54736328125,340
429,3815.15772117068,3767.07084538949,1133.54736328125,340
430,3659.90940678418,3780.86954762015,1133.54736328125,340
431,3718.58346062534,3783.29787526487,1133.54736328125,340
432,3896.83956777371,3784.68756955708,1133.54736328125,340
433,3739.4838644412,3774.36710724896,1142.86572265625,340
434,4061.93703625764,3792.07080942359,1142.86572265625,340
435,3882.55888235897,3799.45026131762,1142.86572265625,340
436,3766.83097534754,3799.11422402649,1142.86572265625,340
437,3860.95576714867,3809.48266527347,1142.86572265625,340
438,3880.37637323135,3807.5381072126,1142.86572265625,340
439,3746.08045222731,3811.04943973928,1142.86572265625,340
440,3876.23499030893,3824.15188511027,1142.86572265625,340
441,3849.84223225561,3822.92963420281,1156.61022949219,340
442,3939.52744202555,3835.72048215737,1156.61022949219,340
443,3770.67264798062,3843.13321070559,1156.61022949219,340
444,3642.10932691649,3833.12761494785,1156.61022949219,340
445,3755.1103714442,3840.48537350357,1156.61022949219,340
446,3821.52263928224,3833.53128917469,1156.61022949219,340
447,3870.80210990789,3834.28599783969,1156.61022949219,340
448,4005.29912728574,3832.42461528127,1156.61022949219,340
449,3561.23721080237,3815.49492923685,1159.0693359375,340
450,3597.58437594394,3802.92212002185,1159.0693359375,340
451,3834.85572581328,3806.03443005391,1159.0693359375,340
452,3926.62315467646,3812.44571513999,1159.0693359375,340
453,4118.18484700673,3823.93278836067,1159.0693359375,340
454,4159.14961058501,3837.69246393724,1159.0693359375,340
455,3862.58577241779,3845.79951856258,1159.0693359375,340
456,3562.9189696407,3839.5729389232,1159.0693359375,340
457,3747.1461746665,3833.58520319891,1163.61633300781,340
458,3988.33673108944,3843.53931786484,1163.61633300781,340
459,3827.03352477989,3834.14317740573,1163.61633300781,340
460,4098.22030812166,3842.76963443624,1163.61633300781,340
461,3998.92972762385,3852.05358452729,1163.61633300781,340
462,4054.68137051617,3859.80260866199,1163.61633300781,340
463,3942.38239314414,3862.2828494585,1163.61633300781,340
464,4047.38485725486,3874.3350256596,1163.61633300781,340
465,4091.61595341284,3882.95026418376,1184.31372070312,340
466,4106.32843148215,3893.20971215282,1184.31372070312,340
467,3810.64124111157,3888.05426411626,1184.31372070312,340
468,4175.24239242911,3904.2370538942,1184.31372070312,340
469,3804.45891689897,3910.7310374935,1184.31372070312,340
470,3995.51128954519,3920.34707421754,1184.31372070312,340
471,3761.0823439789,3917.92946240541,1184.31372070312,340
472,3703.95507504125,3911.25558101074,1184.31372070312,340
473,4041.87277610014,3912.71852696332,1197.03076171875,340
474,3624.44780860416,3915.24695087539,1197.03076171875,340
475,4089.72630976076,3934.93262822806,1197.03076171875,340
476,3847.50817712621,3935.43872628058,1197.03076171875,340
477,3857.86228449078,3932.68829147315,1197.03076171875,340
478,4111.46433443213,3932.41947097017,1197.03076171875,340
479,4112.90405629087,3930.5696487984,1197.03076171875,340
480,3857.91886754227,3930.38297260338,1197.03076171875,340
481,4188.13195934784,3955.39149219167,1205.47839355469,340
482,3761.20446881378,3955.95382395756,1205.47839355469,340
483,3876.02152268205,3951.46121562126,1205.47839355469,340
484,4139.14343658554,3963.94561209349,1205.47839355469,340
485,3677.50968264924,3947.11718707459,1205.47839355469,340
486,4122.87477752992,3952.07498907083,1205.47839355469,340
487,4167.97619795625,3956.60678216844,1205.47839355469,340
488,3561.81599088513,3941.38412607808,1205.47839355469,340
489,4129.74348692063,3944.67847126471,1214.19812011719,340
490,3972.98292238813,3939.93315002372,1214.19812011719,340
491,3826.56996055425,3928.7428111866,1214.19812011719,340
492,3838.32439353431,3929.85013728351,1214.19812011719,340
493,4025.26901068474,3923.85120201374,1214.19812011719,340
494,4042.29035888417,3933.36445969315,1214.19812011719,340
495,3964.54982093162,3932.1260009486,1214.19812011719,340
496,3664.54607616094,3928.26455023589,1214.19812011719,340
497,3899.64060669021,3936.09197150184,1223.50122070312,340
498,3811.91067404537,3926.89348741965,1223.50122070312,340
499,4002.85220844167,3942.02966341315,1223.50122070312,340
500,3928.98928736271,3935.60018251723,1223.50122070312,340
501,4192.05195802369,3949.38193375313,1223.50122070312,340
502,3830.82593342017,3948.30047971031,1223.50122070312,340
503,3699.78827043842,3931.83343715056,1223.50122070312,340
504,3729.82533823036,3916.51028842814,1223.50122070312,340
505,4047.73894622882,3924.1030915756,1231.88696289062,340
506,4114.84103928948,3921.17145477326,1231.88696289062,340
507,4172.90875533255,3937.63962623401,1231.88696289062,340
508,3963.25935818064,3941.12913965396,1231.88696289062,340
509,4179.50686537139,3942.74367680539,1231.88696289062,340
510,4040.34016726253,3957.25689618992,1231.88696289062,340
511,4178.2846245254,3959.47329006974,1231.88696289062,340
512,4040.03871484976,3954.35579074548,1231.88696289062,340
513,4051.79507925064,3973.9549542801,1241.60278320312,340
514,3991.12036918808,3968.4100295708,1241.60278320312,340
515,4214.84258331544,3978.0844160079,1241.60278320312,340
516,4087.68214013608,3988.52890319117,1241.60278320312,340
517,4137.60194095256,4000.5000050879,1241.60278320312,340
518,4212.19051369571,4007.97686520834,1241.60278320312,340
519,4226.75448569943,4015.35543028095,1241.60278320312,340
520,4157.19236437317,4023.06113201861,1241.60278320312,340
521,4114.9056786958,4041.07551612,1254.01574707031,340
522,4076.01332879942,4048.13042500437,1254.01574707031,340
523,4056.66330036547,4057.92053005718,1254.01574707031,340
524,4235.94897943711,4067.24440089699,1254.01574707031,340
525,4173.76118751251,4077.03527690299,1254.01574707031,340
526,4160.67419595936,4075.78016642041,1254.01574707031,340
527,4193.91065472732,4090.3035552727,1254.01574707031,340
528,4071.83536200249,4105.18543893526,1254.01574707031,340
529,4243.10711311959,4125.71670993083,1262.22204589844,340
530,4053.58337206941,4125.95048696445,1262.22204589844,340
531,4097.50150050894,4125.25690541323,1262.22204589844,340
532,4166.45987726067,4124.99895029036,1262.22204589844,340
533,4078.10794571952,4129.59289379191,1262.22204589844,340
534,4216.65791766044,4131.07893588347,1262.22204589844,340
535,4101.07319393472,4133.50825695036,1262.22204589844,340
536,4098.82579819995,4130.32990389734,1262.22204589844,340
537,4021.27757119352,4129.57945815109,1269.72912597656,340
538,4049.60394473746,4129.49181277057,1269.72912597656,340
539,4036.57244986772,4131.30989599775,1269.72912597656,340
540,4151.67148607264,4128.78305210804,1269.72912597656,340
541,3899.5203761077,4121.25658154691,1269.72912597656,340
542,3995.14659197475,4115.55836758779,1269.72912597656,340
543,3995.35414406544,4106.88491280258,1269.72912597656,340
544,3962.95016661681,4096.33274003928,1269.72912597656,340
545,3636.64282695516,4075.51075854256,1274.24072265625,340
546,4016.90889901916,4071.59088735549,1274.24072265625,340
547,3819.39879966541,4061.32630619013,1274.24072265625,340
548,4145.25239143381,4064.86986983287,1274.24072265625,340
549,3980.52818361868,4054.65303800013,1274.24072265625,340
550,4100.920013924,4051.73939105659,1274.24072265625,340
551,3804.61136422979,4037.4968777874,1274.24072265625,340
552,4100.72997487931,4033.76965059348,1274.24072265625,340
553,4047.20928787116,4032.78460762823,1278.12390136719,340
554,4069.49695771928,4025.84020141222,1278.12390136719,340
555,4135.6477971842,4029.12277841681,1278.12390136719,340
556,3973.09565761117,4024.1465447009,1278.12390136719,340
557,3731.30476135856,4006.74034006481,1278.12390136719,340
558,4144.17322353628,4009.38295117748,1278.12390136719,340
559,4152.4696222164,4006.81541935972,1278.12390136719,340
560,4037.06272859239,4004.25500074603,1278.12390136719,340
561,3912.92541172381,3996.81898528698,1279.89428710938,340
562,4212.07583357313,4004.45091578217,1279.89428710938,340
563,4143.22710863551,4008.19584233809,1279.89428710938,340
564,4225.48195173527,4015.75222241279,1279.89428710938,340
565,4189.48511472318,4017.26476755881,1279.89428710938,340
566,4233.63922927012,4030.62952168531,1279.89428710938,340
567,3951.81872393627,4028.89640696377,1279.89428710938,340
568,4216.44607396946,4037.74008415993,1279.89428710938,340
569,4289.80425938426,4050.81424787063,1282.75561523438,340
570,4100.40078010952,4069.3645659968,1282.75561523438,340
571,4266.86672797351,4079.36287915498,1282.75561523438,340
572,4116.31470689721,4091.23951544425,1282.75561523438,340
573,4191.17148116259,4093.0762790334,1282.75561523438,340
574,4174.52748691542,4100.83625116527,1282.75561523438,340
575,4255.25427178953,4107.00962147989,1282.75561523438,340
576,4253.35636356202,4124.95942145318,1282.75561523438,340
577,4133.39507411635,4126.26602542266,1290.05212402344,340
578,4136.04435260347,4129.81942801196,1290.05212402344,340
579,4222.07087819901,4135.92238483114,1290.05212402344,340
580,4167.11128081796,4137.18092417649,1290.05212402344,340
581,4291.12528490791,4149.90210926837,1290.05212402344,340
582,4219.94744774536,4169.44781672384,1290.05212402344,340
583,3935.56625012377,4161.10353778734,1290.05212402344,340
584,4209.46987576966,4163.38354792947,1290.05212402344,340
585,4081.08033858209,4165.14425232905,1295.35095214844,340
586,4125.44305103913,4173.64495790167,1295.35095214844,340
587,4006.15544217444,4165.40814224572,1295.35095214844,340
588,3761.81287231176,4150.15157279277,1295.35095214844,340
589,4025.93254464473,4142.16959650915,1295.35095214844,340
590,4190.98839542932,4142.22972773739,1295.35095214844,340
591,4204.90230556092,4141.08025078903,1295.35095214844,340
592,4153.81555020653,4149.16012383984,1295.35095214844,340
593,4055.37293008188,4142.71719808433,1295.95593261719,340
594,4160.53521079894,4137.54643614092,1295.95593261719,340
595,3954.41041250255,4131.70682143664,1295.95593261719,340
596,4045.61236437661,4122.85664689277,1295.95593261719,340
597,4132.81250330155,4123.51655874894,1295.95593261719,340
598,4139.2914957941,4121.4413593342,1295.95593261719,340
599,4084.14003622796,4117.8258613067,1295.95593261719,340
600,4265.14439834379,4118.22146636887,1295.95593261719,340
601,4238.25939900106,4117.61758778644,1302.96716308594,340
602,3959.62930441924,4110.66695699855,1302.96716308594,340
603,3976.81606118679,4104.29782534188,1302.96716308594,340
604,4179.49607688856,4102.59483328946,1302.96716308594,340
605,4165.81983068287,4102.54317528406,1302.96716308594,340
606,3848.99971454409,4084.85815246951,1302.96716308594,340
607,4142.2480092819,4081.75017493097,1302.96716308594,340
608,3966.61663687459,4082.992190401,1302.96716308594,340
609,3722.9756279845,4063.5324204896,1302.8603515625,340
610,3969.70839462056,4059.07754273114,1302.8603515625,340
611,3892.86834847794,4049.77455462869,1302.8603515625,340
612,3679.08349684205,4036.69167681539,1302.8603515625,340
613,4015.02881678358,4046.82031459427,1302.8603515625,340
614,3963.25518740911,4044.31322030484,1302.8603515625,340
615,3777.86117487131,4027.78813148252,1302.8603515625,340
616,3704.42139269612,4007.76889496793,1302.8603515625,340
617,3682.32973432263,3988.90946233257,1305.77465820312,340
618,4227.88950268158,3995.81012523656,1305.77465820312,340
619,4063.49445157364,3991.92849486755,1305.77465820312,340
620,3736.783744022,3983.22342812833,1305.77465820312,340
621,3720.74388476824,3970.22868894399,1305.77465820312,340
622,3806.77805238289,3957.18731090724,1305.77465820312,340
623,3881.03529745737,3946.85706297377,1305.77465820312,340
624,4049.62482642647,3945.47645458171,1305.77465820312,340
625,3542.32133620211,3916.56353209605,1321.27380371094,340
626,3983.0033334798,3906.3532894752,1321.27380371094,340
627,3971.60280403164,3906.83222945969,1321.27380371094,340
628,3689.99437869325,3895.35936215995,1321.27380371094,340
629,3664.72316620285,3874.76844573252,1321.27380371094,340
630,3953.01719939387,3866.25634048096,1321.27380371094,340
631,3400.63201812293,3848.32163262412,1321.27380371094,340
632,3653.05228177409,3828.7538035238,1321.27380371094,340
633,4049.55379114672,3832.07128969469,1336.70373535156,340
634,4129.87104779406,3848.34710648707,1336.70373535156,340
635,3997.05194068426,3849.44084832962,1336.70373535156,340
636,3945.17932917653,3851.53328755756,1336.70373535156,340
637,4006.4461524109,3864.62779378032,1336.70373535156,340
638,3947.64794711156,3861.93255899344,1336.70373535156,340
639,3640.9829759515,3849.04167053513,1336.70373535156,340
640,3559.77345145491,3840.31816159848,1336.70373535156,340
641,3894.10096376883,3847.90534444139,1350.67395019531,340
642,3955.29312056853,3858.82387989122,1350.67395019531,340
643,3938.25903713677,3847.23866126943,1350.67395019531,340
644,4147.70344478445,3850.60702099786,1350.67395019531,340
645,3954.03265246036,3859.2969773354,1350.67395019531,340
646,3728.72142911585,3859.6160791093,1350.67395019531,340
647,4095.49908534029,3871.1649204276,1350.67395019531,340
648,3895.99881992625,3871.76346132635,1350.67395019531,340
649,3328.83027224652,3842.93167915915,1361.44494628906,340
650,3687.40772962662,3848.73513489613,1361.44494628906,340
651,3893.18184189752,3845.14227523284,1361.44494628906,340
652,3644.40995680239,3832.05456134367,1361.44494628906,340
653,3972.12036505484,3843.33960079814,1361.44494628906,340
654,4105.93217086867,3860.98796098477,1361.44494628906,340
655,3891.81000855642,3858.53967335127,1361.44494628906,340
656,3845.96895013784,3876.35315063187,1361.44494628906,340
657,3278.53815245415,3861.37258545907,1361.54760742188,340
658,3717.25639359016,3848.08068955681,1361.54760742188,340
659,3734.23774687238,3832.25535751994,1361.54760742188,340
660,3378.70184373449,3807.52135364195,1361.54760742188,340
661,3486.80799390185,3789.18650023096,1361.54760742188,340
662,3579.69560196657,3772.11647821319,1361.54760742188,340
663,3711.54203321607,3762.67224165737,1361.54760742188,340
664,3524.06401822948,3757.99548334849,1361.54760742188,340
665,3424.97584958597,3752.60357927373,1373.59838867188,340
666,3186.21091089038,3724.28797715859,1373.59838867188,340
667,3389.06721241707,3701.63894083253,1373.59838867188,340
668,3394.30327110433,3679.88071019124,1373.59838867188,340
669,3245.19385327572,3643.78032653089,1373.59838867188,340
670,3183.50720417668,3612.95930859954,1373.59838867188,340
671,3191.75376720528,3591.48060212312,1373.59838867188,340
672,3574.17132380643,3570.62749166176,1373.59838867188,340
673,4042.42619508036,3576.48458666793,1368.65161132812,340
674,3365.67823015714,3577.95850498435,1368.65161132812,340
675,3584.63622463283,3573.8476447846,1368.65161132812,340
676,3447.24812860222,3556.01029625279,1368.65161132812,340
677,3806.55170326086,3562.49596611113,1368.65161132812,340
678,3337.83980539194,3537.12474372461,1368.65161132812,340
679,2998.77224182292,3492.83834656278,1368.65161132812,340
680,3889.0223469303,3492.72684009774,1368.65161132812,340
681,3577.43927764712,3481.98565319811,1362.7783203125,340
682,3323.24135036082,3483.77378111438,1362.7783203125,340
683,3289.20455751397,3466.65170767133,1362.7783203125,340
684,3298.6375059521,3449.22769803452,1362.7783203125,340
685,3306.30077455608,3446.33165526738,1362.7783203125,340
686,3028.7621208216,3428.00982034417,1362.7783203125,340
687,3196.11948373505,3412.66677561491,1362.7783203125,340
688,3752.2538206552,3414.29524711247,1362.7783203125,340
689,3487.39493881871,3412.82848393604,1342.58532714844,340
690,3671.04385331117,3422.67120408505,1342.58532714844,340
691,3204.98338984008,3423.42210324304,1342.58532714844,340
692,3451.98684980696,3425.93888873863,1342.58532714844,340
693,3196.03737175143,3418.00825276452,1342.58532714844,340
694,3918.13745259611,3444.92599673733,1342.58532714844,340
695,3498.05356058968,3457.50785099385,1342.58532714844,340
696,4066.13924764689,3492.48327021152,1342.58532714844,340
697,4098.54423709036,3513.45818674288,1325.01025390625,340
698,3724.9162006589,3500.75778696602,1325.01025390625,340
699,3295.92540040307,3497.96767377586,1325.01025390625,340
700,3437.02258237066,3492.06312808537,1325.01025390625,340
701,3472.0508400509,3493.05523654332,1325.01025390625,340
702,3871.71000555867,3495.66156863523,1325.01025390625,340
703,3935.03572028562,3519.54940523098,1325.01025390625,340
704,3807.14320542234,3551.88424377495,1325.01025390625,340
705,3460.34562952354,3534.73717507868,1323.37414550781,340
706,3925.05971077378,3548.64199240375,1323.37414550781,340
707,3574.26684777702,3558.6830123004,1323.37414550781,340
708,3857.1961888125,3581.40267755234,1323.37414550781,340
709,3878.78183818348,3604.60845084159,1323.37414550781,340
710,3477.0904903815,3611.44003947461,1323.37414550781,340
711,3917.08833381187,3646.97308799422,1323.37414550781,340
712,4066.87565821599,3681.80333497346,1323.37414550781,340
713,3876.37926539881,3686.7683527632,1310.33325195312,340
714,3615.00672373874,3691.87282416,1310.33325195312,340
715,4060.07336777662,3707.43400473862,1310.33325195312,340
716,4079.23961745784,3742.40425384333,1310.33325195312,340
717,3463.76668360132,3742.87544719511,1310.33325195312,340
718,3248.52405985352,3744.97491471919,1310.33325195312,340
719,3757.92658151962,3738.56647987613,1310.33325195312,340
720,3919.28601454475,3755.41577803433,1310.33325195312,340
721,3442.60804764266,3730.47453003416,1302.90124511719,340
722,3882.58046990366,3721.8359793467,1302.90124511719,340
723,3659.8099905101,3719.23173094074,1302.90124511719,340
724,4075.42679604375,3750.41178676637,1302.90124511719,340
725,3341.82950987006,3746.60406386635,1302.90124511719,340
726,2863.43328696959,3722.25936174309,1302.90124511719,340
727,3849.89727087906,3721.38685235591,1302.90124511719,340
728,3070.69662472797,3686.8132885336,1302.90124511719,340
729,3972.84012165202,3693.44116518279,1288.59875488281,340
730,3840.43291374892,3708.64465655181,1288.59875488281,340
731,4053.48476582244,3713.78165875375,1288.59875488281,340
732,4012.83089977246,3731.32422083357,1288.59875488281,340
733,3744.73891711626,3726.82592996572,1288.59875488281,340
734,4066.79820359012,3734.34658458199,1288.59875488281,340
735,4031.21041728887,3756.51138165828,1288.59875488281,340
736,3921.89597196393,3756.70368718436,1288.59875488281,340
737,4073.23123149079,3756.95791011536,1287.87939453125,340
738,3525.24230526278,3742.91243170992,1287.87939453125,340
739,4202.57213628072,3766.41504821159,1287.87939453125,340
740,4045.25129174147,3765.82216517019,1287.87939453125,340
741,3927.80238551497,3759.76467589247,1287.87939453125,340
742,3945.79276173195,3779.0457190177,1287.87939453125,340
743,3744.16529343963,3798.87136836114,1287.87939453125,340
744,4127.50304923031,3813.65442706957,1287.87939453125,340
745,3450.63931156472,3794.90855895037,1284.83544921875,340
746,4117.70347664446,3821.91237611044,1284.83544921875,340
747,3996.80018106079,3826.48116455673,1284.83544921875,340
748,3963.69010328115,3838.63636906757,1284.83544921875,340
749,3742.42171666894,3825.31616589258,1284.83544921875,340
750,3893.94486560388,3847.40078012193,1284.83544921875,340
751,4038.71293359048,3894.41196598676,1284.83544921875,340
752,4115.30237907219,3905.02817031449,1284.83544921875,340
753,4134.10793718001,3947.56462281257,1278.33483886719,340
754,3697.20227264608,3936.53910885233,1278.33483886719,340
755,4188.50568352007,3950.46201964318,1278.33483886719,340
756,3495.42970713661,3928.13981729575,1278.33483886719,340
757,4138.40260355493,3933.16268544704,1278.33483886719,340
758,4128.82652198124,3948.52618964164,1278.33483886719,340
759,3758.84053726124,3936.20788298849,1278.33483886719,340
760,3966.16038150871,3933.60588155728,1278.33483886719,340
761,4222.78221413368,3945.64133124407,1280.63854980469,340
762,4098.53774931889,3946.6535919572,1280.63854980469,340
763,3980.76931478068,3964.87467233791,1280.63854980469,340
764,4192.99463663214,3964.49157235197,1280.63854980469,340
765,3997.11909954618,3962.56628466416,1280.63854980469,340
766,3978.5701563291,3964.59699549672,1280.63854980469,340
767,3863.98856554903,3961.3248276494,1280.63854980469,340
768,4013.47391253643,3972.09717241328,1280.63854980469,340
769,4156.5403176012,3973.25866314811,1278.96618652344,340
770,4043.67270454507,3996.97999886733,1278.96618652344,340
771,4124.97974336372,3997.2710495361,1278.96618652344,340
772,4109.4552296124,4001.77725147816,1278.96618652344,340
773,4211.89647501126,4011.70550634736,1278.96618652344,340
774,4041.32453488739,4023.6616190761,1278.96618652344,340
775,3972.02514599917,4026.78483029191,1278.96618652344,340
776,4050.56372413161,4027.25886191356,1278.96618652344,340
777,3998.63821464627,4022.59229533652,1278.74633789062,340
778,3821.22325564867,4010.07690807527,1278.74633789062,340
779,4232.9579148762,4031.50713376447,1278.74633789062,340
780,3952.00805000318,4022.0472284238,1278.74633789062,340
781,4061.65530499747,4044.69625233823,1278.74633789062,340
782,4044.85247273732,4040.95424710553,1278.74633789062,340
783,4100.19921930828,4039.80915499861,1278.74633789062,340
784,4161.05123535068,4055.89758292219,1278.74633789062,340
785,3995.68747490092,4057.07866665788,1276.92614746094,340
786,3754.19283218459,4038.33509137991,1276.92614746094,340
787,4182.67244519072,4041.70047921479,1276.92614746094,340
788,3968.6812102617,4041.21695503403,1276.92614746094,340
789,4016.49943467022,4034.15714695555,1276.92614746094,340
790,4163.93667334901,4040.82984990766,1276.92614746094,340
791,3940.77812055936,4039.31816847687,1276.92614746094,340
792,4190.18585268472,4052.3660599623,1276.92614746094,340
793,3607.93119743761,4036.14435135835,1284.02294921875,340
794,4047.90270408211,4031.79884681759,1284.02294921875,340
795,3711.30379445816,4018.50409041411,1284.02294921875,340
796,4065.75541233085,4016.1351171728,1284.02294921875,340
797,4106.01041739277,4015.99732468401,1284.02294921875,340
798,3989.44584529145,4007.09929949522,1284.02294921875,340
799,3671.48847578369,3992.30585713107,1284.02294921875,340
800,4119.37819410283,3998.19997905522,1284.02294921875,340
801,4100.02749753241,4000.17852999125,1293.15161132812,340
802,4053.20355191212,4002.36114348188,1293.15161132812,340
803,4167.69009752445,4016.21981715691,1293.15161132812,340
804,3540.97723915238,3988.54059012796,1293.15161132812,340
805,3459.78485806893,3968.85166245059,1293.15161132812,340
806,4242.3136280917,3976.07799537436,1293.15161132812,340
807,3503.83764281537,3954.43740217748,1293.15161132812,340
808,3985.81832750461,3949.86216650534,1293.15161132812,340
809,4025.47115877352,3944.43896344225,1303.63464355469,340
810,4091.78375859145,3948.28281478987,1303.63464355469,340
811,3965.66784743868,3956.74181540003,1303.63464355469,340
812,4057.87569700357,3951.74994547255,1303.63464355469,340
813,3997.15221950679,3952.88878584235,1303.63464355469,340
814,4125.80266782171,3957.26091516841,1303.63464355469,340
815,4210.57406314343,3959.12641076019,1303.63464355469,340
816,4111.60214795077,3965.95937185584,1303.63464355469,340
817,4070.1195736583,3961.15672069479,1304.23315429688,340
818,4051.9850928971,3978.91887651317,1304.23315429688,340
819,3819.82702290193,3969.79584926596,1304.23315429688,340
820,4140.94674608605,3986.98156733107,1304.23315429688,340
821,4064.86581243592,3986.94598333528,1304.23315429688,340
822,3911.68528951254,3979.17297822007,1304.23315429688,340
823,3933.9394680796,3976.95272313159,1304.23315429688,340
824,4129.79137091204,3995.28483893673,1304.23315429688,340
825,3508.45904599063,3970.84807301224,1311.64392089844,340
826,4062.15702106886,3969.3332539537,1311.64392089844,340
827,4108.1478412156,3971.53102552584,1311.64392089844,340
828,3737.07201103909,3954.30630206642,1311.64392089844,340
829,4110.85583252125,3977.10144580118,1311.64392089844,340
830,3962.08693860784,3997.19352902273,1311.64392089844,340
831,4141.53101548232,3993.16222451836,1311.64392089844,340
832,3581.17809206188,3996.25584248822,1311.64392089844,340
833,4182.7300119065,4004.13230986429,1312.49792480469,340
834,4212.88526618186,4011.62887416063,1312.49792480469,340
835,4053.96992017833,4010.1163206241,1312.49792480469,340
836,4120.54205471894,4016.31128891531,1312.49792480469,340
837,3984.59938370834,4013.3802363835,1312.49792480469,340
838,4054.84613672893,4015.68799307239,1312.49792480469,340
839,4250.48132455795,4020.67513934184,1312.49792480469,340
840,4209.75585949857,4020.64241119605,1312.49792480469,340
841,4196.63519367142,4024.04373302487,1319.55627441406,340
842,3964.1402335151,4019.80455941914,1319.55627441406,340
843,4156.027170279,4023.96624251442,1319.55627441406,340
844,3999.03238925524,4031.13445716855,1319.55627441406,340
845,3914.4060221251,4022.07282821011,1319.55627441406,340
846,4174.61200818958,4026.46267604026,1319.55627441406,340
847,3907.25421229252,4026.28543295146,1319.55627441406,340
848,3982.4013348152,4028.22390762088,1319.55627441406,340
849,4130.59711342377,4028.25613732135,1327.17651367188,340
850,4140.46226196352,4053.53626596027,1327.17651367188,340
851,4196.20224740908,4058.89807501388,1327.17651367188,340
852,4079.97755728488,4057.77126365665,1327.17651367188,340
853,4072.44986792171,4071.18637793195,1327.17651367188,340
854,4050.90527297358,4068.78835555005,1327.17651367188,340
855,4106.39903814461,4074.56083953152,1327.17651367188,340
856,4074.69079428935,4071.8872306838,1327.17651367188,340
857,4037.23302047222,4090.12942782021,1334.30700683594,340
858,4078.57100649523,4085.96306760376,1334.30700683594,340
859,4162.82389576535,4083.9606127871,1334.30700683594,340
860,3950.40247952747,4079.81791516107,1334.30700683594,340
861,3875.26753963247,4070.00693455761,1334.30700683594,340
862,4246.11644182407,4080.46761688224,1334.30700683594,340
863,4076.7495833476,4081.34375474698,1334.30700683594,340
864,3988.53323269174,4070.86583107233,1334.30700683594,340
865,4080.95969478732,4065.71398448388,1333.44873046875,340
866,4064.09499551676,4060.4123765577,1333.44873046875,340
867,3142.17102511859,4027.53360822184,1333.44873046875,340
868,4083.53753700323,4024.63402289081,1333.44873046875,340
869,4093.92865949297,4028.42987370032,1333.44873046875,340
870,4030.61564644978,4033.0782586733,1333.44873046875,340
871,3742.63889701913,4015.79933422649,1333.44873046875,340
872,4120.83159993788,4024.3424297323,1333.44873046875,340
873,3929.73431967491,4022.23574912669,1331.14758300781,340
874,3913.91854436285,4013.56860636425,1331.14758300781,340
875,3985.74148522444,4007.37977529469,1331.14758300781,340
876,4041.04663835737,4001.17355093262,1331.14758300781,340
877,3959.95457020479,3996.37263144942,1331.14758300781,340
878,3623.71021998575,3978.42304553198,1331.14758300781,340
879,3358.55867891449,3950.72918176962,1331.14758300781,340
880,3920.92489838686,3943.3102161793,1331.14758300781,340
881,3976.30214056582,3939.37467003036,1330.45703125,340
882,3956.81013518449,3936.15775461885,1330.45703125,340
883,3821.03272618205,3925.85622340633,1330.45703125,340
884,4188.24677671526,3926.87313864432,1330.45703125,340
885,4124.13758994495,3933.82254306102,1330.45703125,340
886,3991.86385623803,3938.48639572525,1330.45703125,340
887,3765.84261739508,3919.27544274809,1330.45703125,340
888,3979.87265550516,3915.40036563439,1330.45703125,340
889,4031.3554111219,3917.11325277159,1322.84545898438,340
890,3961.01459331572,3912.31544871273,1322.84545898438,340
891,4005.77436502875,3909.98262349321,1322.84545898438,340
892,4045.34250593151,3946.10948272573,1322.84545898438,340
893,3951.61307609818,3940.83250428953,1322.84545898438,340
894,3706.99744751951,3925.35525581059,1322.84545898438,340
895,3987.25347790604,3923.62076906884,1322.84545898438,340
896,3749.99531157503,3923.91502565107,1322.84545898438,340
897,3938.70636183098,3916.6300161268,1319.529296875,340
898,4133.47438703455,3924.77961882118,1319.529296875,340
899,3928.94486483887,3925.38067164022,1319.529296875,340
900,3911.50410343025,3922.41117636845,1319.529296875,340
901,3762.04079657091,3911.250942697,1319.529296875,340
902,3997.02462155372,3912.73374475095,1319.529296875,340
903,3779.54705515788,3918.96721815784,1319.529296875,340
904,3714.78865254442,3933.21641710304,1319.529296875,340
905,4113.90787051286,3940.93573598808,1317.33935546875,340
906,3824.148317544,3934.8495830672,1317.33935546875,340
907,3933.8788449853,3933.93233145924,1317.33935546875,340
908,3895.25152119558,3936.90108325978,1317.33935546875,340
909,3812.39121216437,3921.86686067774,1317.33935546875,340
910,3854.10932827704,3911.06573021102,1317.33935546875,340
911,3886.36398587248,3906.8457353964,1317.33935546875,340
912,3917.31909780209,3912.90479461268,1317.33935546875,340
913,3915.92635918606,3910.34694275992,1311.9228515625,340
914,3953.16337641163,3907.21926137151,1311.9228515625,340
915,4126.6261394883,3913.84372321841,1311.9228515625,340
916,4079.37356545193,3916.78769123534,1311.9228515625,340
917,4115.63713852238,3919.59947653897,1311.9228515625,340
918,3832.34679101173,3914.82882513552,1311.9228515625,340
919,4082.96259514442,3929.86743104051,1311.9228515625,340
920,4058.39318785823,3932.7130194386,1311.9228515625,340
921,3850.23808565949,3936.72273040198,1302.26965332031,340
922,3837.30282916597,3932.66658909538,1302.26965332031,340
923,3899.28368829978,3923.29896114599,1302.26965332031,340
924,3961.97785727515,3924.62028084344,1302.26965332031,340
925,3868.69389420747,3922.90787247453,1302.26965332031,340
926,3779.39315042949,3923.60196662887,1302.26965332031,340
927,3866.73103256575,3918.39022306935,1302.26965332031,340
928,3890.62343963373,3922.83327844839,1302.26965332031,340
929,3872.74871334941,3929.15168088059,1291.720703125,340
930,3769.29500825309,3915.36716639019,1291.720703125,340
931,3770.00682931414,3913.201506861,1291.720703125,340
932,3888.50659761002,3911.38661696599,1291.720703125,340
933,4057.97372529998,3917.89550513017,1291.720703125,340
934,4111.69564727737,3929.86768253469,1291.720703125,340
935,4070.17613493093,3938.51035480084,1291.720703125,340
936,3972.24560472948,3941.94561955512,1291.720703125,340
937,3719.16927596426,3934.01962668161,1286.59338378906,340
938,3956.25642334177,3935.63282924784,1286.59338378906,340
939,3820.59781244651,3930.33020668923,1286.59338378906,340
940,3773.1477393683,3916.19107068443,1286.59338378906,340
941,3895.07277519471,3908.81903907414,1286.59338378906,340
942,3814.70998127837,3896.78195278438,1286.59338378906,340
943,3840.5259025302,3897.10911724512,1286.59338378906,340
944,3971.17100388219,3892.63745359463,1286.59338378906,340
945,3932.38312486583,3887.59705107493,1276.98352050781,340
946,3578.09503298125,3876.7113289678,1276.98352050781,340
947,3921.03238618049,3880.06051124839,1276.98352050781,340
948,3975.32307239992,3883.10208661239,1276.98352050781,340
949,3884.19166104934,3879.99063876336,1276.98352050781,340
950,3579.6372471281,3868.42837288018,1276.98352050781,340
951,3229.69130414046,3846.44029902862,1276.98352050781,340
952,3947.27371438525,3849.6620063014,1276.98352050781,340
953,3693.67603552137,3841.78411013691,1263.52038574219,340
954,3828.57333917428,3840.0170951699,1263.52038574219,340
955,4165.03616586689,3855.84674147446,1263.52038574219,340
956,3784.86674486771,3856.4411380966,1263.52038574219,340
957,4016.56792712455,3861.56359127718,1263.52038574219,340
958,3887.45876659028,3854.74299292879,1263.52038574219,340
959,3903.09990337573,3846.39916317273,1263.52038574219,340
960,4042.77007181267,3845.302920648,1263.52038574219,340
961,3994.837683166,3846.20660378546,1267.3603515625,340
962,3901.47471579762,3853.49882137879,1267.3603515625,340
963,3820.7587295162,3848.07891362577,1267.3603515625,340
964,3904.1672979386,3851.42169304545,1267.3603515625,340
965,4042.99743950716,3862.21568105101,1267.3603515625,340
966,4052.69117142643,3868.52041690027,1267.3603515625,340
967,3817.19911933468,3868.61998242253,1267.3603515625,340
968,3945.10007397813,3872.80294928044,1267.3603515625,340
969,4149.8603706554,3879.95052395137,1266.04516601562,340
970,4100.31637017811,3886.66785376386,1266.04516601562,340
971,3397.98643628776,3879.46350989613,1266.04516601562,340
972,4069.78869095883,3885.41376208726,1266.04516601562,340
973,3867.32866815372,3881.09398591741,1266.04516601562,340
974,3899.51784757946,3881.70703337862,1266.04516601562,340
975,4051.07389693286,3900.56449937081,1266.04516601562,340
976,3290.56548533764,3902.99946661869,1266.04516601562,340
977,3965.51571397863,3903.72914660243,1271.33422851562,340
978,4018.16344598368,3916.70864302092,1271.33422851562,340
979,3820.91609064694,3916.40235307983,1271.33422851562,340
980,4073.8070642555,3912.75318901537,1271.33422851562,340
981,4174.87698047942,3928.35359843984,1271.33422851562,340
982,3902.20399055487,3923.77904097705,1271.33422851562,340
983,3925.94623228302,3925.31853960476,1271.33422851562,340
984,4008.66745889995,3929.54124182573,1271.33422851562,340
985,4091.64851842247,3931.49637969012,1266.79138183594,340
986,3944.13675240923,3929.46834245985,1266.79138183594,340
987,3956.20441810104,3931.65753055199,1266.79138183594,340
988,3896.92282495453,3934.70409436952,1266.79138183594,340
989,4065.05781553852,3941.13971507352,1266.79138183594,340
990,3774.41915559335,3930.39658371697,1266.79138183594,340
991,4095.06055505562,3932.09135906213,1266.79138183594,340
992,3876.42232522069,3934.46028729758,1266.79138183594,340
993,4073.59742462116,3939.6001813233,1262.98937988281,340
994,4118.7462338236,3938.35561585002,1262.98937988281,340
995,4025.45680096393,3935.36123308146,1262.98937988281,340
996,4166.55209415351,3966.10385939609,1262.98937988281,340
997,3860.96980486562,3957.75110395236,1262.98937988281,340
998,3785.93936687552,3954.49553190123,1262.98937988281,340
999,4009.99785235818,3958.91473209238,1262.98937988281,340
1000,4049.06001721032,3958.83417690348,1262.98937988281,340
1001,3874.23741026824,3982.1810539007,1262.94409179688,340
1002,3806.5859615574,3975.82386380385,1262.94409179688,340
1003,4045.35555009341,3976.91154796824,1262.94409179688,340
1004,3903.84679887955,3980.22877629755,1262.94409179688,340
1005,3913.2945912728,3973.80827737824,1262.94409179688,340
1006,4091.15236130941,3970.45929261144,1262.94409179688,340
1007,4042.82350341287,3976.08407312576,1262.94409179688,340
1008,3954.44459123154,3977.2240074837,1262.94409179688,340
1009,3891.53176655749,3972.53857979,1270.765625,340
1010,4050.90914550401,3970.90900487326,1270.765625,340
1011,4093.80592834455,3976.89577191067,1270.765625,340
1012,4054.83406355659,3980.84095772889,1270.765625,340
1013,3990.25630630527,3984.57429698292,1270.765625,340
1014,3917.67360923873,3978.67892873093,1270.765625,340
1015,4003.27032815661,3987.83297563346,1270.765625,340
1016,3906.64326596065,3980.29628406966,1270.765625,340
1017,3976.44465969521,3984.29717744865,1270.111328125,340
1018,3997.47926016851,3981.25245087054,1270.111328125,340
1019,4098.61711591172,3980.44728615406,1270.111328125,340
1020,4127.76376708331,3984.53956479884,1270.111328125,340
1021,4008.40066469582,3978.21350762053,1270.111328125,340
1022,3837.75068169559,3977.28474269373,1270.111328125,340
1023,4025.03590692794,3986.84860429583,1270.111328125,340
1024,4128.51647780385,3991.58934931365,1270.111328125,340
1025,3863.91139817762,3984.18340455235,1261.29699707031,340
1026,3887.79678865815,3984.72577968794,1261.29699707031,340
1027,4136.09126636377,3997.9059918802,1261.29699707031,340
1028,3940.45639310224,3993.71002560055,1261.29699707031,340
1029,4013.0459686182,3998.0779923901,1261.29699707031,340
1030,3976.99438457505,4000.62598412219,1261.29699707031,340
1031,3996.06092303612,3996.82232659126,1261.29699707031,340
1032,3869.45237125422,3989.88748130491,1261.29699707031,340
1033,3932.81006937402,3989.02210043061,1263.50012207031,340
1034,4007.86601983677,3993.67547056178,1263.50012207031,340
1035,4164.35559747254,3998.21332864052,1263.50012207031,340
1036,4017.63311373525,3995.16641605615,1263.50012207031,340
1037,3936.40560771922,3990.42927782265,1263.50012207031,340
1038,4115.19166180754,3995.42669204275,1263.50012207031,340
1039,3969.53015957701,3997.50095405628,1263.50012207031,340
1040,4153.79650819594,4003.52200125785,1263.50012207031,340
1041,3991.15364694725,4006.90241649731,1264.26904296875,340
1042,3978.41989800087,4006.98142602954,1264.26904296875,340
1043,3929.96782500391,4004.28096862296,1264.26904296875,340
1044,4127.93559256307,4005.45370768901,1264.26904296875,340
1045,3937.94052667522,3997.86077807269,1264.26904296875,340
1046,3997.70444034522,3997.43292909866,1264.26904296875,340
1047,3963.19991462288,4002.45089841575,1264.26904296875,340
1048,3957.07157300298,3999.73232505876,1264.26904296875,340
1049,4064.39760148247,3997.1675700059,1266.20568847656,340
1050,4029.80367080577,4003.80326091103,1266.20568847656,340
1051,3773.96359190934,3999.24993304107,1266.20568847656,340
1052,3910.42180921207,3990.22315475501,1266.20568847656,340
1053,3943.4992014875,3990.34486709042,1266.20568847656,340
1054,3993.27668574302,3989.55409577541,1266.20568847656,340
1055,4028.01800753107,3991.59504069365,1266.20568847656,340
1056,3898.30855004175,3987.68494577387,1266.20568847656,340
1057,3972.56614003351,3991.80949652505,1270.74792480469,340
1058,4090.30830505069,3998.10942595211,1270.74792480469,340
1059,4087.28612081168,4001.28622999111,1270.74792480469,340
1060,4005.4190486289,3994.92876803736,1270.74792480469,340
1061,4028.58079644788,3995.36667534587,1270.74792480469,340
1062,3919.70229905501,3994.6985429993,1270.74792480469,340
1063,3921.33358409922,3986.94421989097,1270.74792480469,340
1064,3942.83283085486,3985.87632674208,1270.74792480469,340
1065,3933.47771397189,3977.06357497312,1270.58911132812,340
1066,3986.52490292001,3976.87842521203,1270.58911132812,340
1067,3859.7286805526,3972.1307765141,1270.58911132812,340
1068,4009.10235532329,3975.29615772688,1270.58911132812,340
1069,3967.69141181943,3968.88639049713,1270.58911132812,340
1070,3819.42653978468,3964.14583102151,1270.58911132812,340
1071,3618.8935260303,3948.99339444891,1270.58911132812,340
1072,3738.02396642407,3939.98635652096,1270.58911132812,340
1073,4194.9194272601,3949.50027069124,1275.43701171875,340
1074,3791.96385479893,3938.6029208239,1275.43701171875,340
1075,4060.30599967303,3939.82301397859,1275.43701171875,340
1076,4026.78170524679,3949.93573851209,1275.43701171875,340
1077,4062.1866336104,3956.00633148802,1275.43701171875,340
1078,3902.52495243432,3954.3673615259,1275.43701171875,340
1079,3877.56821161709,3949.73902256086,1275.43701171875,340
1080,4001.61240017016,3948.68279826642,1275.43701171875,340
1081,4040.21825645869,3954.3591865231,1278.65661621094,340
1082,4032.38689245961,3956.75201662014,1278.65661621094,340
1083,4057.26953254377,3955.43046571987,1278.65661621094,340
1084,4070.9938481976,3954.7787748153,1278.65661621094,340
1085,3980.96396326282,3953.80057140066,1278.65661621094,340
1086,4064.47516074633,3955.2363459726,1278.65661621094,340
1087,4161.21456615898,3964.89683665676,1278.65661621094,340
1088,4089.3458189057,3971.61732604902,1278.65661621094,340
1089,4089.89179211815,3977.49968449955,1278.92687988281,340
1090,4123.82614999673,3985.11362194054,1278.92687988281,340
1091,4127.92923449509,3990.76979520354,1278.92687988281,340
1092,4128.7253545462,4001.52966216329,1278.92687988281,340
1093,4084.29309264175,4004.53729165603,1278.92687988281,340
1094,4120.19929711217,4010.63760706774,1278.92687988281,340
1095,4003.50613506454,4018.00079087893,1278.92687988281,340
1096,4068.42862960804,4035.98219502204,1278.92687988281,340
1097,3975.39056366155,4045.47685891154,1279.22937011719,340
1098,3972.14757711824,4036.56598490587,1279.22937011719,340
1099,4061.45892329175,4047.34578764558,1279.22937011719,340
1100,4058.9059890721,4047.28978722154,1279.22937011719,340
1101,4018.31675929672,4046.95118938354,1279.22937011719,340
1102,4049.87505983605,4046.45872643257,1279.22937011719,340
1103,4058.26477614268,4052.6883193809,1279.22937011719,340
1104,4127.8738193829,4062.70054369153,1279.22937011719,340
1105,4147.82726550558,4068.54913830495,1277.53979492188,340
1106,4185.24279723747,4074.3501199361,1277.53979492188,340
1107,4184.75769984486,4080.44495223151,1277.53979492188,340
1108,3908.52008536288,4074.49497434427,1277.53979492188,340
1109,4045.93512730656,4073.49262550863,1277.53979492188,340
1110,3930.71615456575,4071.48271316075,1277.53979492188,340
1111,4098.12897897916,4072.82886589006,1277.53979492188,340
1112,3984.60482131172,4065.76447609617,1277.53979492188,340
1113,4059.89675339168,4064.58651347561,1281.12475585938,340
1114,4123.17003813826,4065.91764331642,1281.12475585938,340
1115,4143.06250351341,4066.68709745709,1281.12475585938,340
1116,3858.32349671185,4055.90286794576,1281.12475585938,340
1117,4103.26858219656,4054.88459705177,1281.12475585938,340
1118,3949.20082322097,4049.48090627494,1281.12475585938,340
1119,4156.16897430369,4050.9196933626,1281.12475585938,340
1120,4124.84742064003,4055.77334478562,1281.12475585938,340
1121,4118.26948023686,4057.76697881077,1283.50122070312,340
1122,4015.95891422399,4059.38971283327,1283.50122070312,340
1123,4086.53799139932,4063.96532940451,1283.50122070312,340
1124,4146.69022149961,4067.37458133283,1283.50122070312,340
1125,4027.61740457522,4066.12303795295,1283.50122070312,340
1126,4092.06689507488,4069.07304338408,1283.50122070312,340
1127,3900.39227228001,4063.09373188184,1283.50122070312,340
1128,4216.13712544787,4069.40862585404,1283.50122070312,340
1129,3870.77571101897,4059.12470151949,1280.16845703125,340
1130,4150.62424478543,4059.23658069068,1280.16845703125,340
1131,4010.63261375607,4052.25217335143,1280.16845703125,340
1132,4178.72117541792,4052.01071237435,1280.16845703125,340
1133,3963.51790064577,4054.21062498566,1280.16845703125,340
1134,3956.1319265894,4050.61849695698,1280.16845703125,340
1135,4086.5475019016,4056.85175085041,1280.16845703125,340
1136,3797.48055692182,4044.82581396812,1280.16845703125,340
1137,4109.50088081051,4049.82165634807,1282.24584960938,340
1138,3983.34762357732,4046.75969115549,1282.24584960938,340
1139,4080.68930773952,4045.06046193954,1282.24584960938,340
1140,4020.1565364442,4040.14422325678,1282.24584960938,340
1141,3924.6476547618,4042.79718957877,1282.24584960938,340
1142,3960.53843175521,4037.08798356112,1282.24584960938,340
1143,4236.98677632374,4048.59942168523,1282.24584960938,340
1144,4003.15656698022,4042.47892539229,1282.24584960938,340
1145,4189.71536600773,4045.073643207,1284.15954589844,340
1146,4062.81080581387,4042.85529623008,1284.15954589844,340
1147,4190.65438297038,4049.84311497994,1284.15954589844,340
1148,3951.24656258306,4044.43145782728,1284.15954589844,340
1149,3944.85650034517,4036.35810898111,1284.15954589844,340
1150,4214.2194283382,4043.82218993163,1284.15954589844,340
1151,4100.4195647715,4044.15629671949,1284.15954589844,340
1152,3975.14416687635,4047.14637250334,1284.15954589844,340
1153,4140.63489920825,4044.12628345376,1283.67248535156,340
1154,4101.98206932898,4053.37453778616,1283.67248535156,340
1155,3998.90386809616,4047.30572271859,1283.67248535156,340
1156,4041.80106269539,4048.55246067616,1283.67248535156,340
1157,4144.75414287082,4047.19377937428,1283.67248535156,340
1158,4186.61722711724,4056.11775243314,1283.67248535156,340
1159,4119.9336597794,4062.66982176074,1283.67248535156,340
1160,4160.1091497391,4065.61228767424,1283.67248535156,340
1161,4203.78216587046,4081.86435203218,1282.12438964844,340
1162,4167.86001068386,4084.19871722712,1282.12438964844,340
1163,4156.3563261069,4091.1190653283,1282.12438964844,340
1164,4176.51841709052,4094.95222970234,1282.12438964844,340
1165,4104.08334365025,4098.30930199058,1282.12438964844,340
1166,4127.59278969049,4106.42710738773,1282.12438964844,340
1167,3917.95776994086,4104.72388091516,1282.12438964844,340
1168,4177.23548354767,4102.33382920411,1282.12438964844,340
1169,4172.85780257578,4109.12187862794,1278.30346679688,340
1170,4160.22559281021,4107.94228770003,1278.30346679688,340
1171,4181.90404467155,4112.70601725434,1278.30346679688,340
1172,4145.1948554022,4110.88763615161,1278.30346679688,340
1173,3918.33424521856,4109.57114345703,1278.30346679688,340
1174,4202.12799650098,4119.86200330327,1278.30346679688,340
1175,4132.52639722486,4116.59428205873,1278.30346679688,340
1176,4203.72600521061,4120.7265396763,1278.30346679688,340
1177,4098.95704635902,4125.6790548556,1276.10668945312,340
1178,4172.31153354784,4126.94612022919,1276.10668945312,340
1179,4108.46164289677,4127.2053031719,1276.10668945312,340
1180,4217.63930569962,4135.95472067604,1276.10668945312,340
1181,4131.26293322742,4139.53319549732,1276.10668945312,340
1182,4190.27454959755,4141.35401176639,1276.10668945312,340
1183,4148.94380773251,4139.847074991,1276.10668945312,340
1184,4143.49713970319,4140.78961418795,1276.10668945312,340
1185,4233.90728350925,4143.74153953876,1273.84167480469,340
1186,4123.86650445082,4140.54491308197,1273.84167480469,340
1187,4163.4473387439,4140.36840620437,1273.84167480469,340
1188,4173.12653538486,4141.03921457549,1273.84167480469,340
1189,4098.88474113725,4137.93386753736,1273.84167480469,340
1190,4102.84557053828,4137.88435661288,1273.84167480469,340
1191,4095.91267577571,4136.61715205629,1273.84167480469,340
1192,4102.34032827985,4143.99245438985,1273.84167480469,340
1193,4141.73521393102,4142.57244360518,1273.56518554688,340
1194,4200.7085012537,4143.6864715523,1273.56518554688,340
1195,3946.91674932972,4135.15411781308,1273.56518554688,340
1196,4124.98585998272,4132.87739042553,1273.56518554688,340
1197,4204.65304701194,4135.25571808992,1273.56518554688,340
1198,4142.74211452461,4144.23203286216,1273.56518554688,340
1199,4165.50151913987,4142.76697376772,1273.56518554688,340
1200,4111.16118010693,4141.912365083,1273.56518554688,340
1201,4148.71201940995,4139.71180565097,1279.1396484375,340
1202,3936.82848982134,4133.22666338947,1279.1396484375,340
1203,4194.97733538732,4134.13329546304,1279.1396484375,340
1204,4011.48160163644,4130.25409381263,1279.1396484375,340
1205,4181.83909390496,4128.82208534085,1279.1396484375,340
1206,4229.18612904734,4132.73901317364,1279.1396484375,340
1207,3953.09343932711,4123.25176876282,1279.1396484375,340
1208,4116.53034343993,4121.95523019112,1279.1396484375,340
1209,4036.62146814823,4117.68020332892,1280.9404296875,340
1210,4136.71933412657,4113.79268535362,1280.9404296875,340
1211,4176.27034360476,4115.88883891977,1280.9404296875,340
1212,3997.37810179386,4109.24606944177,1280.9404296875,340
1213,4084.84720111414,4105.71489607094,1280.9404296875,340
1214,4099.37509152934,4105.73451008663,1280.9404296875,340
1215,4008.84488722887,4101.97448275425,1280.9404296875,340
1216,4138.51234238445,4103.6784694186,1280.9404296875,340
1217,4148.84606790749,4105.53869900371,1280.64086914062,340
1218,4080.42615705873,4103.08633672881,1280.64086914062,340
1219,4158.53098868839,4101.3992362262,1280.64086914062,340
1220,4192.99733598009,4111.24245969222,1280.64086914062,340
1221,4007.11418215798,4106.52759257923,1280.64086914062,340
1222,4110.10631274264,4102.74572320845,1280.64086914062,340
1223,3654.2943048839,4083.20781082283,1280.64086914062,340
1224,4081.1013569121,4079.83180433371,1280.64086914062,340
1225,4150.10546647709,4081.38957578852,1281.49365234375,340
1226,4141.6250178032,4081.10609572425,1281.49365234375,340
1227,4229.09471551409,4092.79674475196,1281.49365234375,340
1228,4243.51300808315,4094.73817165979,1281.49365234375,340
1229,4184.0902190323,4101.64251635563,1281.49365234375,340
1230,4175.78794692874,4101.40047047658,1281.49365234375,340
1231,4093.33589552292,4095.9664611356,1281.49365234375,340
1232,4252.13364761398,4107.92806946708,1281.49365234375,340
1233,4069.83735882905,4106.06035008264,1284.34313964844,340
1234,4182.67858947973,4111.9026349359,1284.34313964844,340
1235,4171.55706252542,4113.29614407186,1284.34313964844,340
1236,4175.05641425697,4113.24758689795,1284.34313964844,340
1237,3952.61812929787,4111.45718799811,1284.34313964844,340
1238,4170.61193394333,4114.88777731127,1284.34313964844,340
1239,3909.84605323171,4107.30661577937,1284.34313964844,340
1240,4189.7832683904,4114.54415102583,1284.34313964844,340
1241,4230.03976274525,4118.20524784026,1286.81506347656,340
1242,4075.22296319755,4115.26032365186,1286.81506347656,340
1243,4072.59415166894,4114.94704343627,1286.81506347656,340
1244,4112.76044292396,4113.11622160569,1286.81506347656,340
1245,3894.95689883353,4101.19460411983,1286.81506347656,340
1246,4100.32382793966,4104.9229899511,1286.81506347656,340
1247,4042.46516033835,4102.21734385493,1286.81506347656,340
1248,4016.71485137978,4116.71416571476,1286.81506347656,340
1249,4111.90043666555,4117.9461289049,1288.54956054688,340
1250,4168.07467647142,4118.66489730467,1288.54956054688,340
1251,4164.13314568806,4119.56522242007,1288.54956054688,340
1252,3886.44138103276,4105.85908904081,1288.54956054688,340
1253,4223.69310143906,4105.06629277505,1288.54956054688,340
1254,4209.09297597905,4106.06640305292,1288.54956054688,340
1255,3972.53599908537,4097.93632513919,1288.54956054688,340
1256,4165.83244679053,4100.83618718989,1288.54956054688,340
1257,4045.26635245828,4092.56149538366,1289.39660644531,340
1258,4234.0417932318,4099.12967275977,1289.39660644531,340
1259,4131.24996155103,4097.07252764262,1289.39660644531,340
1260,3857.647346103,4084.51613898573,1289.39660644531,340
1261,3981.1187222571,4076.75863130573,1289.39660644531,340
1262,4092.35925086175,4082.34827616829,1289.39660644531,340
1263,4168.5733308828,4082.26673204587,1289.39660644531,340
1264,4079.06830270674,4089.03562202487,1289.39660644531,340
1265,4149.50251780549,4087.42439200147,1288.42565917969,340
1266,3898.23691793721,4074.15227820915,1288.42565917969,340
1267,4143.12811109471,4076.86848412504,1288.42565917969,340
1268,4171.98482376645,4080.84411100894,1288.42565917969,340
1269,4114.83997388794,4080.9272922475,1288.42565917969,340
1270,4197.32199291434,4093.02189601073,1288.42565917969,340
1271,3933.72477432051,4086.35793386596,1288.42565917969,340
1272,4065.83650713676,4087.2927877379,1288.42565917969,340
1273,4066.18891837678,4089.27175041778,1289.39721679688,340
1274,4166.05298856146,4091.43785249361,1289.39721679688,340
1275,4195.10900021843,4092.5192254435,1289.39721679688,340
1276,4224.45416995893,4094.93206641433,1289.39721679688,340
1277,4208.06787168297,4107.79712604034,1289.39721679688,340
1278,4189.55326899711,4106.43153274266,1289.39721679688,340
1279,4100.8163448742,4102.10046749847,1289.39721679688,340
1280,4071.36783657862,4106.0537409982,1289.39721679688,340
1281,4160.95087078292,4105.85847795789,1292.14294433594,340
1282,4154.32734184925,4110.22091753353,1292.14294433594,340
1283,4093.85555266654,4104.61346791092,1292.14294433594,340
1284,4103.88798744144,4103.51898894654,1292.14294433594,340
1285,4150.29042229293,4115.22471199414,1292.14294433594,340
1286,4202.42198723678,4124.07684259332,1292.14294433594,340
1287,4035.1689818365,4121.78923183231,1292.14294433594,340
1288,4217.34214856606,4123.73998453964,1292.14294433594,340
1289,4238.45361688224,4130.11539710666,1292.54919433594,340
1290,4286.89992039819,4135.61129321037,1292.54919433594,340
1291,4140.18513336537,4145.2892218275,1292.54919433594,340
1292,4105.50276815004,4143.78420810971,1292.54919433594,340
1293,4048.9481506799,4138.86274118625,1292.54919433594,340
1294,4052.39897775183,4136.3651013408,1292.54919433594,340
1295,4192.06379181909,4136.15477329699,1292.54919433594,340
1296,4070.34337757546,4141.61951742719,1292.54919433594,340
1297,4182.37809380749,4146.28118089402,1292.74084472656,340
1298,3926.6180242537,4140.6983451291,1292.74084472656,340
1299,3994.2559925351,4133.82646528804,1292.74084472656,340
1300,3976.86336962988,4125.0966400645,1292.74084472656,340
1301,4192.67851623062,4123.82561391537,1292.74084472656,340
1302,4203.51420748489,4123.64346734745,1292.74084472656,340
1303,4238.20851945541,4125.58967736578,1292.74084472656,340
1304,4190.99332227925,4129.19675646198,1292.74084472656,340
1305,3986.93024177677,4125.81925266991,1292.04931640625,340
1306,3807.25440018326,4111.67139384592,1292.04931640625,340
1307,3920.69408222402,4102.32606346091,1292.04931640625,340
1308,4182.5868677692,4105.87531606502,1292.04931640625,340
1309,3914.89982702661,4098.31578964842,1292.04931640625,340
1310,3886.58981146552,4087.76776521533,1292.04931640625,340
1311,4232.67858650956,4088.97802918624,1292.04931640625,340
1312,3786.99510807072,4079.05107423561,1292.04931640625,340
1313,3923.1215917781,4067.28225196409,1294.12646484375,340
1314,4217.60029939165,4066.44811926446,1294.12646484375,340
1315,3973.76415703381,4053.92268872989,1294.12646484375,340
1316,3911.01669066841,4044.75595102201,1294.12646484375,340
1317,4254.64426791713,4050.72161101269,1294.12646484375,340
1318,4202.34008932188,4056.85728855837,1294.12646484375,340
1319,4241.46956686717,4064.42011212299,1294.12646484375,340
1320,3786.6677575877,4048.20427075373,1294.12646484375,340
1321,4111.62926322593,4049.85570617975,1293.39807128906,340
1322,4086.87813238528,4046.03570772286,1293.39807128906,340
1323,4032.19485609992,4050.25878099671,1293.39807128906,340
1324,4044.66442059782,4052.27511811922,1293.39807128906,340
1325,4036.87764198407,4054.67568901339,1293.39807128906,340
1326,4225.69817844963,4055.99647550215,1293.39807128906,340
1327,4097.01623796464,4051.73655672134,1293.39807128906,340
1328,3958.40497741332,4040.54441503965,1293.39807128906,340
1329,4107.28995308416,4037.19628027185,1293.08264160156,340
1330,4202.33674939303,4045.8125405765,1293.08264160156,340
1331,4115.12248836444,4058.12726410375,1293.08264160156,340
1332,4218.7484386817,4070.04943836205,1293.08264160156,340
1333,4100.54956685108,4066.76794632533,1293.08264160156,340
1334,3993.62613526835,4069.916998655,1293.08264160156,340
1335,4070.90678583838,4077.28967762991,1293.08264160156,340
1336,4073.2294995418,4070.9117141512,1293.08264160156,340
1337,4105.16383417512,4083.63846319538,1296.99755859375,340
1338,4076.90697205859,4089.7898784066,1296.99755859375,340
1339,4004.79781289146,4081.27777894659,1296.99755859375,340
1340,4221.26005323379,4091.17761479459,1296.99755859375,340
1341,4221.04163491281,4103.57861256437,1296.99755859375,340
1342,4153.42864464666,4099.52998763355,1296.99755859375,340
1343,4032.39971837573,4092.7323727957,1296.99755859375,340
1344,4119.96106520943,4087.87203272939,1296.99755859375,340
1345,4062.76602049675,4098.91596324576,1300.23083496094,340
1346,3845.98414806908,4088.29015863948,1300.23083496094,340
1347,3877.51056080945,4079.91545577645,1300.23083496094,340
1348,3823.87328975405,4071.58259312261,1300.23083496094,340
1349,3525.39006441009,4050.81161887511,1300.23083496094,340
1350,4004.86921995887,4049.5312819941,1300.23083496094,340
1351,4034.43301962269,4041.88067564102,1300.23083496094,340
1352,4055.8701131575,4040.23483064873,1300.23083496094,340
1353,4185.93114643236,4049.3358774095,1300.93627929688,340
1354,4137.23894213055,4050.53383697135,1300.93627929688,340
1355,4211.47333775553,4050.89930050585,1300.93627929688,340
1356,4193.18706002616,4054.02188337232,1300.93627929688,340
1357,4235.36141680717,4054.68640249734,1300.93627929688,340
1358,4197.38246576927,4058.55971845407,1300.93627929688,340
1359,4218.74619355912,4067.5645207857,1300.93627929688,340
1360,4107.90080087648,4069.04428138722,1300.93627929688,340
1361,4171.28733522041,4072.96659481436,1304.99206542969,340
1362,4129.56993614119,4073.94283889301,1304.99206542969,340
1363,4120.78884127812,4075.69811366179,1304.99206542969,340
1364,4145.23083202212,4081.31543442702,1304.99206542969,340
1365,4203.97132362965,4080.62388524285,1304.99206542969,340
1366,4001.36574364167,4071.836849592,1304.99206542969,340
1367,4137.23267593636,4071.18901084359,1304.99206542969,340
1368,4105.25081905616,4074.10305487081,1304.99206542969,340
1369,4177.86969969728,4076.41940025032,1305.06127929688,340
1370,4207.60571104056,4082.21298787208,1305.06127929688,340
1371,4176.22706887518,4095.42270470432,1305.06127929688,340
1372,3842.02810516241,4094.00340647844,1305.06127929688,340
1373,4020.17145977573,4101.8553332793,1305.06127929688,340
1374,3131.1962393575,4086.0875802772,1305.06127929688,340
1375,4168.82159527585,4092.64567528988,1305.06127929688,340
1376,4171.4197969213,4098.12514638182,1305.06127929688,340
1377,4218.75210012229,4104.64042586042,1303.54614257812,340
1378,4119.58362577681,4101.98652503419,1303.54614257812,340
1379,4190.52731609944,4104.11805999295,1303.54614257812,340
1380,4186.8660053071,4103.13376669501,1303.54614257812,340
1381,4194.89148861955,4103.20194383875,1303.54614257812,340
1382,4149.15366920923,4099.75363393483,1303.54614257812,340
1383,4200.53350079114,4099.87967533571,1303.54614257812,340
1384,4247.53370151281,4101.03117565385,1303.54614257812,340
1385,4192.48733678214,4104.41463709008,1298.767578125,340
1386,4163.99418474291,4104.12291107098,1298.767578125,340
1387,4122.71266512057,4103.84862023016,1298.767578125,340
1388,4200.90919840943,4107.05343451541,1298.767578125,340
1389,3950.36929410776,4099.25897299883,1298.767578125,340
1390,4175.82665990782,4098.13318644996,1298.767578125,340
1391,4098.55354660027,4102.0206985683,1298.767578125,340
1392,4130.04265320341,4101.73309765899,1298.767578125,340
1393,4173.75799992875,4104.47338489389,1296.53356933594,340
1394,4096.32945920468,4101.21177527419,1296.53356933594,340
1395,4028.18369982813,4094.03489482569,1296.53356933594,340
1396,3903.10515511345,4083.11001827522,1296.53356933594,340
1397,4216.21627336746,4098.07754500342,1296.53356933594,340
1398,4053.78852590271,4099.4222276485,1296.53356933594,340
1399,4168.73439866111,4140.92375402064,1296.53356933594,340
1400,4057.65484152811,4136.47708387074,1296.53356933594,340
1401,3911.06288918141,4126.06280756114,1286.97644042969,340
1402,4132.54233063954,4122.61441678183,1286.97644042969,340
1403,4171.81321981621,4124.70360054341,1286.97644042969,340
1404,3951.72387141619,4115.15146275608,1286.97644042969,340
1405,3958.34627192043,4106.01067342061,1286.97644042969,340
1406,3629.85457682821,4083.40919694896,1286.97644042969,340
1407,4085.40733205433,4080.85934346276,1286.97644042969,340
1408,4079.51654359781,4076.01866517503,1286.97644042969,340
1409,3810.33621334229,4058.5307656482,1263.84130859375,340
1410,3954.54163923597,4049.01293774636,1263.84130859375,340
1411,3982.68866756109,4041.76071705908,1263.84130859375,340
1412,3991.68752137805,4036.51971130938,1263.84130859375,340
1413,3954.49512595372,4026.66314841116,1263.84130859375,340
1414,4064.65899959758,4031.23473663075,1263.84130859375,340
1415,3493.92456435188,4003.95865280851,1263.84130859375,340
1416,4072.58747222995,4002.9200098337,1263.84130859375,340
1417,3815.58070284541,3990.34153181938,1231.14562988281,340
1418,3655.73820185972,3969.62073989662,1231.14562988281,340
1419,4022.95302349284,3966.68568246814,1231.14562988281,340
1420,4007.49206891238,3965.85801723151,1231.14562988281,340
1421,3988.70266002679,3969.28191742805,1231.14562988281,340
1422,3977.24516244841,3959.72307299129,1231.14562988281,340
1423,3934.75185874386,3954.96160630493,1231.14562988281,340
1424,4012.07946063969,3948.69540878408,1231.14562988281,340
1425,4094.91235469592,3950.18570931079,1203.70178222656,340
1426,3943.48761288394,3951.48269825889,1203.70178222656,340
1427,3992.67930902033,3945.88817739412,1203.70178222656,340
1428,4085.4796415952,3942.43483426528,1203.70178222656,340
1429,4017.43069588836,3945.06310724417,1203.70178222656,340
1430,3983.78047055689,3946.08047518962,1203.70178222656,340
1431,4052.80518078816,3962.99849934802,1203.70178222656,340
1432,3909.94262369988,3955.97991101384,1203.70178222656,340
1433,4048.99417518189,3954.75901627721,1198.77380371094,340
1434,4085.08856597242,3965.74911038241,1198.77380371094,340
1435,4091.4763111415,3971.22649725863,1198.77380371094,340
1436,3937.63820066965,3969.42447858298,1198.77380371094,340
1437,4095.94153785123,3973.5946392419,1198.77380371094,340
1438,4082.00463461867,3978.6950195885,1198.77380371094,340
1439,4018.29970605342,3976.84064784674,1198.77380371094,340
1440,4081.49894346309,4000.34362301118,1198.77380371094,340
1441,4029.95923835551,3998.63849365621,1190.47521972656,340
1442,4087.55285482003,4009.51737973519,1190.47521972656,340
1443,4149.06511204887,4029.25045614276,1190.47521972656,340
1444,4125.61126551869,4033.35678582379,1190.47521972656,340
1445,3860.51446683072,4027.47768174052,1190.47521972656,340
1446,4063.42030382695,4030.46638749253,1190.47521972656,340
1447,4112.46064495944,4035.87500679297,1190.47521972656,340
1448,4128.59322340867,4043.62866137956,1190.47521972656,340
1449,4085.80202919794,4046.57756412189,1201.73547363281,340
1450,4059.36122449863,4045.155518914,1201.73547363281,340
1451,4035.56909973717,4048.83877838813,1201.73547363281,340
1452,4140.73612209741,4054.76105091121,1201.73547363281,340
1453,4064.86916654753,4053.93663190931,1201.73547363281,340
1454,4017.34434273787,4053.93317778329,1201.73547363281,340
1455,4125.58853700493,4059.60550044121,1201.73547363281,340
1456,4116.00584958899,4062.13352719324,1201.73547363281,340
1457,4024.88441689535,4066.73119892106,1211.97265625,340
1458,4116.05429952345,4069.41360389472,1211.97265625,340
1459,4022.96934248368,4066.92883495518,1211.97265625,340
1460,3782.65591649071,4054.57601916914,1211.97265625,340
1461,4075.00480698439,4060.07068342173,1211.97265625,340
1462,3998.94352703981,4056.19076298928,1211.97265625,340
1463,4106.01744753714,4057.15127550601,1211.97265625,340
1464,4020.84127686091,4057.25293833831,1211.97265625,340
1465,4086.72348240226,4057.46191989588,1213.12390136719,340
1466,4000.95611789213,4056.30179507735,1213.12390136719,340
1467,3781.27346124761,4044.05061933445,1213.12390136719,340
1468,4112.66355898848,4042.59455721203,1213.12390136719,340
1469,3773.16517192287,4028.4967134682,1213.12390136719,340
1470,4021.54240519085,4034.93783100261,1213.12390136719,340
1471,3894.80240087274,4028.19311488444,1213.12390136719,340
1472,4174.73357004788,4030.68403188798,1213.12390136719,340
1473,3993.36909603595,4025.27506679307,1222.83081054688,340
1474,3946.37546149538,4019.69800408497,1222.83081054688,340
1475,4023.5072642973,4018.26384567691,1222.83081054688,340
1476,3921.3246605032,4013.69406810755,1222.83081054688,340
1477,3859.8154512985,4002.4572412756,1222.83081054688,340
1478,3997.02510326831,3999.74347874443,1222.83081054688,340
1479,4057.85695004511,4001.36398303672,1222.83081054688,340
1480,4072.15558750189,3999.22666505659,1222.83081054688,340
1481,3878.69365526301,3989.73417728356,1237.00708007812,340
1482,4052.34178783289,3990.83247212106,1237.00708007812,340
1483,4085.62549330711,3989.6153198724,1237.00708007812,340
1484,3513.03295513308,3969.21786437838,1237.00708007812,340
1485,4097.52880763876,3981.8127800243,1237.00708007812,340
1486,4014.3564261619,3979.3868447914,1237.00708007812,340
1487,4008.04960683154,3979.75108798307,1237.00708007812,340
1488,4056.72345770491,3977.77932838978,1237.00708007812,340
1489,4088.335398765,3980.47909326595,1250.80688476562,340
1490,3942.19100564415,3974.69779419562,1250.80688476562,340
1491,4130.4998628122,3979.87954399242,1250.80688476562,340
1492,4015.38358486132,3989.24394893697,1250.80688476562,340
1493,4032.54215108116,3986.03909262068,1250.80688476562,340
1494,4041.68454404813,3996.77986750569,1250.80688476562,340
1495,3959.14123481211,3994.28382069054,1250.80688476562,340
1496,4030.83681108635,3999.72519709908,1250.80688476562,340
1497,4047.47012737475,3994.63465939216,1254.37121582031,340
1498,4033.01784656219,3996.22060941321,1254.37121582031,340
1499,4129.98997041396,4003.56518976995,1254.37121582031,340
1500,4040.83369952572,4004.25824717909,1254.37121582031,340
1501,4130.23388674764,4012.61461622887,1254.37121582031,340
1502,3983.20537987413,4017.55021337189,1254.37121582031,340
1503,4020.64289332039,4018.49492497398,1254.37121582031,340
1504,3933.31367133499,4013.51319382557,1254.37121582031,340
1505,4147.33556042471,4016.52039274248,1256.32397460938,340
1506,4236.20188544355,4030.82072194971,1256.32397460938,340
1507,4168.25824850545,4035.45738037661,1256.32397460938,340
1508,4117.68384488328,4036.73971443966,1256.32397460938,340
1509,4151.70917266092,4062.28676314077,1256.32397460938,340
1510,4106.76348529205,4062.6561502469,1256.32397460938,340
1511,4116.10879123682,4066.7262448499,1256.32397460938,340
1512,4109.94472604498,4070.80204961843,1256.32397460938,340
1513,4013.34891690537,4069.06706798645,1265.26489257812,340
1514,4015.32003327587,4066.14645336689,1265.26489257812,340
1515,3948.94573751816,4066.41664264185,1265.26489257812,340
1516,4173.18834038114,4068.12418174461,1265.26489257812,340
1517,4053.67761549702,4069.65594297003,1265.26489257812,340
1518,4055.58247407959,4070.57755588997,1265.26489257812,340
1519,4102.90016134334,4073.02618058178,1265.26489257812,340
1520,4181.36310429016,4081.9150553609,1265.26489257812,340
1521,4163.22697753387,4087.2106620188,1272.51770019531,340
1522,3922.66316324935,4082.21838345379,1272.51770019531,340
1523,3982.63479000902,4080.20306119166,1272.51770019531,340
1524,3586.06050724574,4058.44588266493,1272.51770019531,340
1525,3931.25875242526,4054.06288478091,1272.51770019531,340
1526,4001.36940813211,4048.90830563629,1272.51770019531,340
1527,4145.61829887654,4055.40482239639,1272.51770019531,340
1528,4182.72249982371,4061.88800665652,1272.51770019531,340
1529,3938.79504133821,4062.10726145665,1278.85595703125,340
1530,3505.94630839019,4036.45169137527,1278.85595703125,340
1531,4036.59950227577,4028.46759604856,1278.85595703125,340
1532,3923.96954827008,4018.69604803914,1278.85595703125,340
1533,3969.77926645835,4012.77986490214,1278.85595703125,340
1534,3921.57461223701,4003.57448248519,1278.85595703125,340
1535,4043.00383985208,4001.02409666759,1278.85595703125,340
1536,4085.42222623688,3999.79663406759,1278.85595703125,340
1537,4137.08383801423,4000.88219854636,1285.45446777344,340
1538,4009.71471971702,4000.73683065883,1285.45446777344,340
1539,3955.53867925573,3998.34557649802,1285.45446777344,340
1540,4062.06477409243,4002.87033796099,1285.45446777344,340
1541,3968.32112322544,3994.67564927477,1285.45446777344,340
1542,4133.84904843102,3997.88250659213,1285.45446777344,340
1543,4156.58453000831,4001.92258882927,1285.45446777344,340
1544,3181.96079704225,3965.08501425723,1285.45446777344,340
1545,3724.39810636801,3946.80641434034,1282.5751953125,340
1546,3943.58983326958,3938.02092856977,1282.5751953125,340
1547,3850.78092028919,3935.14563885137,1282.5751953125,340
1548,3898.92965593786,3931.79743348852,1282.5751953125,340
1549,3201.29391092292,3916.40676963561,1282.5751953125,340
1550,4191.63356674143,3926.82176220825,1282.5751953125,340
1551,3907.07613375163,3923.05003123304,1282.5751953125,340
1552,3948.6022511304,3915.16938932319,1282.5751953125,340
1553,3402.07400994842,3883.94344972818,1286.01635742188,340
1554,4174.74497363398,3893.38144702001,1286.01635742188,340
1555,4174.39545133462,3920.11941273779,1286.01635742188,340
1556,4121.5092743511,3923.5158036208,1286.01635742188,340
1557,4018.775779474,3927.30805286896,1286.01635742188,340
1558,3827.51808896434,3921.6176057692,1286.01635742188,340
1559,4054.60284624749,3926.93873512962,1286.01635742188,340
1560,3983.76015613414,3924.5689877809,1286.01635742188,340
1561,4191.27993803301,3928.80329625274,1285.11950683594,340
1562,4143.92458757327,3929.07692623511,1285.11950683594,340
1563,4211.38352621324,3937.14367849495,1285.11950683594,340
1564,4164.87814945505,3945.51725730293,1285.11950683594,340
1565,4061.12561121962,3945.47969078801,1285.11950683594,340
1566,4055.17139354032,3948.95370160061,1285.11950683594,340
1567,4092.37334059598,3947.29467328721,1285.11950683594,340
1568,4149.72630873213,3947.02034443616,1285.11950683594,340
1569,4155.43634931957,3985.95936652725,1287.04846191406,340
1570,4168.48270334289,4003.72275040625,1287.04846191406,340
1571,4158.61363331208,4012.32370240795,1287.04846191406,340
1572,4032.19251748968,4019.58016629597,1287.04846191406,340
1573,3909.94956681632,4020.02096273111,1287.04846191406,340
1574,4062.59708071292,4054.47308952271,1287.04846191406,340
1575,4141.2849116836,4052.45914332039,1287.04846191406,340
1576,4112.93634349598,4060.69355171017,1287.04846191406,340
1577,3995.55580205336,4062.57169374709,1287.37817382812,340
1578,4011.86285101636,4086.9632473898,1287.37817382812,340
1579,4060.76538126645,4082.4040636951,1287.37817382812,340
1580,3730.09711766641,4064.63213034837,1287.37817382812,340
1581,3981.60014957926,4059.0357653575,1287.37817382812,340
1582,4217.65307992476,4066.99085737553,1287.37817382812,340
1583,4154.44574937031,4080.06796379177,1287.37817382812,340
1584,3848.27049745909,4071.81466984023,1287.37817382812,340
1585,4220.85066150053,4081.29829005489,1287.4541015625,340
1586,4021.00421623945,4074.48726118315,1287.4541015625,340
1587,4041.13734232655,4070.37577137328,1287.4541015625,340
1588,4099.23441607006,4065.88980696755,1287.4541015625,340
1589,3882.21229051249,4054.58317260985,1287.4541015625,340
1590,4197.93878993336,4060.0556997584,1287.4541015625,340
1591,3894.38823178111,4053.62437328803,1287.4541015625,340
1592,4186.79110605088,4057.40108390622,1287.4541015625,340
1593,4181.43853545145,4058.669572975,1281.17687988281,340
1594,3555.31255720624,4034.66462129046,1281.17687988281,340
1595,4169.50907959311,4034.70567634047,1281.17687988281,340
1596,4152.81508243888,4034.47373430555,1281.17687988281,340
1597,3795.59622659329,4025.00988266969,1281.17687988281,340
1598,4128.60137614486,4033.75595504283,1281.17687988281,340
1599,3824.79463258824,4024.24385711784,1281.17687988281,340
1600,4080.94621785172,4021.83030936457,1281.17687988281,340
1601,4019.56813892055,4018.09558118155,1280.7216796875,340
1602,3953.93048889643,4016.43056865527,1280.7216796875,340
1603,4105.51850113292,4020.17679465994,1280.7216796875,340
1604,4224.557248887,4026.72846936476,1280.7216796875,340
1605,4151.62583318103,4043.58961798534,1280.7216796875,340
1606,3894.06446662649,4040.08819066723,1280.7216796875,340
1607,4133.90080531864,4036.73809968299,1280.7216796875,340
1608,4092.53570260714,4034.26169781246,1280.7216796875,340
1609,4091.77989528003,4044.0020737253,1282.67114257812,340
1610,4174.33415754352,4042.14141356702,1282.67114257812,340
1611,4119.81045417953,4046.09366308462,1282.67114257812,340
1612,4155.06131465671,4050.65062197783,1282.67114257812,340
1613,4138.27815125144,4052.21237138508,1282.67114257812,340
1614,4050.38668441525,4058.93934714119,1282.67114257812,340
1615,4156.6272462006,4057.28688539188,1282.67114257812,340
1616,4185.42315591264,4068.92828235714,1282.67114257812,340
1617,4050.02129707259,4063.45748999801,1280.86059570312,340
1618,3883.69728043494,4051.54783979735,1280.86059570312,340
1619,4161.59999004958,4075.79933711108,1280.86059570312,340
1620,4106.62254966792,4073.28387591408,1280.86059570312,340
1621,4165.46005186596,4073.78967469116,1280.86059570312,340
1622,4070.79579220541,4084.79765731564,1280.86059570312,340
1623,4193.48095903312,4087.39284063118,1280.86059570312,340
1624,4055.92528650084,4096.63806678768,1280.86059570312,340
1625,4117.70681711875,4098.10849075836,1276.26477050781,340
1626,4098.25588297264,4101.25600052044,1276.26477050781,340
1627,4070.48079260354,4105.91801266873,1276.26477050781,340
1628,4010.48914038842,4102.11683823895,1276.26477050781,340
1629,4150.64438681649,4099.16032375613,1276.26477050781,340
1630,4178.5986033348,4100.23923456228,1276.26477050781,340
1631,4212.96107220153,4112.99509878528,1276.26477050781,340
1632,4186.79844532727,4115.11100438563,1276.26477050781,340
1633,4015.71619456,4112.03822406374,1273.34716796875,340
1634,4081.61533106616,4111.63164149519,1273.34716796875,340
1635,3985.96983568302,4104.09706862077,1273.34716796875,340
1636,3732.99188700902,4088.62432593395,1273.34716796875,340
1637,4149.70766126776,4088.41017979839,1273.34716796875,340
1638,4046.34263660187,4084.7327592124,1273.34716796875,340
1639,4039.92639898674,4084.31434779526,1273.34716796875,340
1640,4145.83895126334,4083.88281599777,1273.34716796875,340
1641,4194.81234193144,4084.25838343853,1270.08642578125,340
1642,4170.96028576665,4089.09594298629,1270.08642578125,340
1643,4189.56808745682,4101.33077526716,1270.08642578125,340
1644,4176.51378507753,4101.92732706828,1270.08642578125,340
1645,4116.39562987347,4102.3182502765,1270.08642578125,340
1646,4212.54369474686,4104.20159599174,1270.08642578125,340
1647,4049.62536040417,4103.35477871969,1270.08642578125,340
1648,4147.29517190604,4101.50734723461,1270.08642578125,340
1649,4159.36199893764,4105.64481573208,1273.18469238281,340
1650,4157.11902738584,4107.22130414276,1273.18469238281,340
1651,4050.8548862933,4105.32526427559,1273.18469238281,340
1652,4261.68415110147,4112.97339861551,1273.18469238281,340
1653,4072.57260109085,4115.4567370436,1273.18469238281,340
1654,4195.66364811131,4117.2575074954,1273.18469238281,340
1655,4169.8802955119,4116.90877518248,1273.18469238281,340
1656,4044.44947037399,4110.16831110938,1273.18469238281,340
1657,4118.55189489423,4107.43844909206,1274.49755859375,340
1658,4227.75277758157,4115.91991241292,1274.49755859375,340
1659,4179.54260205618,4119.83700325252,1274.49755859375,340
1660,4175.22679160028,4127.40728148921,1274.49755859375,340
1661,4224.14435767338,4147.05338031579,1274.49755859375,340
1662,4104.0323822542,4145.22636915524,1274.49755859375,340
1663,4144.91651707875,4149.16932437432,1274.49755859375,340
1664,4203.43372730957,4155.70961750723,1274.49755859375,340
1665,4216.60216970806,4158.54014624502,1280.68725585938,340
1666,4133.73208894881,4156.09693612571,1280.68725585938,340
1667,4208.77490823569,4157.60952102448,1280.68725585938,340
1668,4166.59942390384,4156.69077448236,1280.68725585938,340
1669,4112.62379077595,4154.13517471029,1280.68725585938,340
1670,3938.36404273123,4147.01391122461,1280.68725585938,340
1671,4186.42031231703,4145.96897592741,1280.68725585938,340
1672,4165.65339778908,4150.61009742281,1280.68725585938,340
1673,4129.9814806993,4149.91754977454,1284.541015625,340
1674,3974.70654498386,4142.53133161639,1284.541015625,340
1675,4118.28347949112,4140.9779097006,1284.541015625,340
1676,4167.68977501785,4145.65130524958,1284.541015625,340
1677,4054.86227359052,4137.37843014914,1284.541015625,340
1678,4083.35133744274,4137.80957960322,1284.541015625,340
1679,4205.51691447822,4138.20371025789,1284.541015625,340
1680,4131.95203693882,4136.68657991497,1284.541015625,340
1681,4106.06451174849,4139.15118156995,1284.43811035156,340
1682,4117.18127323177,4139.09635670345,1284.43811035156,340
1683,4156.9954180525,4136.26606232229,1284.43811035156,340
1684,3999.16474771022,4129.05094814845,1284.43811035156,340
1685,4127.80840358104,4127.15421262768,1284.43811035156,340
1686,4024.70044770132,4119.1764562288,1284.43811035156,340
1687,4080.04562476679,4118.2169859293,1284.43811035156,340
1688,4138.31561183724,4117.95294971964,1284.43811035156,340
1689,4128.22434755727,4114.94457452955,1285.82238769531,340
1690,4093.13762859152,4110.00599288489,1285.82238769531,340
1691,4008.39710681191,4104.99259359941,1285.82238769531,340
1692,4089.78109706655,4100.23284115265,1285.82238769531,340
1693,4206.27765038547,4101.81997021191,1285.82238769531,340
1694,4022.61477545704,4098.21960959916,1285.82238769531,340
1695,4180.2141686703,4107.89361463672,1285.82238769531,340
1696,3295.24564923153,4072.2466281133,1285.82238769531,340
1697,3956.38950015609,4063.87607220798,1290.37744140625,340
1698,4172.91813974705,4065.59353856989,1290.37744140625,340
1699,3909.24002359976,4062.97487771453,1290.37744140625,340
1700,3885.60374676152,4053.66768840534,1290.37744140625,340
1701,4132.92108167418,4052.27694067159,1290.37744140625,340
1702,4222.44860853663,4058.98039406944,1290.37744140625,340
1703,4187.81878391048,4063.15909192815,1290.37744140625,340
1704,3966.18391605343,4053.58577199116,1290.37744140625,340
1705,4173.90761124053,4055.26399496322,1289.9560546875,340
1706,4250.33112740694,4061.03465958956,1289.9560546875,340
1707,4125.38015476679,4061.36261485096,1289.9560546875,340
1708,4244.51765207851,4064.863504212,1289.9560546875,340
1709,4217.64270118038,4073.60262235081,1289.9560546875,340
1710,4233.27327858243,4077.82121735087,1289.9560546875,340
1711,4011.69491811206,4077.3009961673,1289.9560546875,340
1712,3903.31763394559,4070.23187653445,1289.9560546875,340
1713,4178.10087092686,4071.82328689803,1291.10095214844,340
1714,3936.6496599581,4064.16029939407,1291.10095214844,340
1715,4179.43127961309,4067.61204543493,1291.10095214844,340
1716,4196.09152244052,4075.11982206007,1291.10095214844,340
1717,4232.75207805332,4080.83866129954,1291.10095214844,340
1718,4203.72298551304,4080.73647470465,1291.10095214844,340
1719,4104.08165792795,4083.99515000348,1291.10095214844,340
1720,4095.84698746209,4080.62046275515,1291.10095214844,340
1721,4121.85833666805,4113.68497025262,1291.55737304688,340
1722,4172.28853440088,4122.32093162241,1291.55737304688,340
1723,4179.89814263162,4122.60013173779,1291.55737304688,340
1724,4202.95571143286,4134.34875925111,1291.55737304688,340
1725,4099.15049138402,4142.89062903601,1291.55737304688,340
1726,4183.39147032642,4144.9094445821,1291.55737304688,340
1727,4251.97250229158,4146.0904003323,1291.55737304688,340
1728,4198.41470683638,4146.51423724934,1291.55737304688,340
1729,4173.6800428529,4154.81408232132,1293.181640625,340
1730,4164.74760919841,4154.44768223963,1293.181640625,340
1731,4183.27665946058,4151.76550352178,1293.181640625,340
1732,4220.53814510892,4155.57182313546,1293.181640625,340
1733,4248.64139851222,4155.73677299281,1293.181640625,340
1734,4232.10517908744,4156.31527210909,1293.181640625,340
1735,4170.27812287525,4153.7954658808,1293.181640625,340
1736,4189.01135059276,4160.88812318003,1293.181640625,340
1737,4241.55801796181,4174.41773854068,1291.44543457031,340
1738,4223.34959668857,4176.22768757115,1291.44543457031,340
1739,4149.74362926002,4184.75144634323,1291.44543457031,340
1740,4144.1974530186,4183.34209327945,1291.44543457031,340
1741,4206.57775016839,4183.76154238856,1291.44543457031,340
1742,4215.03813578848,4183.05298469797,1291.44543457031,340
1743,4110.93991367401,4179.34166182441,1291.44543457031,340
1744,4257.60319691916,4185.48252338406,1291.44543457031,340
1745,4142.50739162336,4187.34893955051,1293.09838867188,340
1746,3967.47696617405,4181.17368473075,1293.09838867188,340
1747,4134.35286084861,4179.65625778866,1293.09838867188,340
1748,4106.42704760239,4176.71741398749,1293.09838867188,340
1749,4203.06294667883,4176.72170339733,1293.09838867188,340
1750,4195.67902074186,4180.58284457164,1293.09838867188,340
1751,4215.49379641571,4181.86693761521,1293.09838867188,340
1752,4015.30492568803,4172.40023455107,1293.09838867188,340
1753,4068.51570122543,4167.20427432663,1295.39685058594,340
1754,4228.01895862481,4169.37783095751,1295.39685058594,340
1755,4138.36787309516,4168.32264151338,1295.39685058594,340
1756,4143.31155823024,4166.72403746416,1295.39685058594,340
1757,4166.81223001199,4164.57500086029,1295.39685058594,340
1758,3945.65581199302,4152.45557739952,1295.39685058594,340
1759,4208.01262281614,4151.49187514867,1295.39685058594,340
1760,3948.47022606288,4142.61955927617,1295.39685058594,340
1761,4147.40191080085,4140.9551816845,1293.27124023438,340
1762,4143.56922368291,4137.03562991334,1293.27124023438,340
1763,4216.63054386189,4136.76686780027,1293.27124023438,340
1764,4171.3893815701,4137.63269789268,1293.27124023438,340
1765,4191.34866923803,4139.51874654145,1293.27124023438,340
1766,4041.18161335186,4132.90290106879,1293.27124023438,340
1767,4183.88857158745,4131.65691850075,1293.27124023438,340
1768,4158.18681260954,4133.54679445817,1293.27124023438,340
1769,4147.25109599218,4129.13271042109,1292.52563476562,340
1770,4216.37601373407,4132.08745530552,1292.52563476562,340
1771,4246.73435450591,4143.25775083879,1292.52563476562,340
1772,4200.61232710393,4145.90812948901,1292.52563476562,340
1773,3947.00512920338,4139.53125275305,1292.52563476562,340
1774,4190.06274628862,4139.01124473744,1292.52563476562,340
1775,3698.31459840662,4119.11666784403,1292.52563476562,340
1776,4178.940930961,4117.65455322584,1292.52563476562,340
1777,4229.88243793665,4126.23765371579,1292.81286621094,340
1778,4035.26669724909,4124.90769355673,1292.81286621094,340
1779,4144.406872132,4121.56321009702,1292.81286621094,340
1780,4117.44091330499,4120.72613170541,1292.81286621094,340
1781,4197.89840619843,4122.90960562414,1292.81286621094,340
1782,4187.16548460974,4123.72373580805,1292.81286621094,340
1783,4197.30453719902,4133.78968481629,1292.81286621094,340
1784,3672.01495447758,4112.34977808275,1292.81286621094,340
1785,4165.5616131079,4121.03343356455,1293.18139648438,340
1786,4049.39373375727,4117.11310648281,1293.18139648438,340
1787,4165.71978098269,4117.9991287748,1293.18139648438,340
1788,4032.62208923968,4110.63879058991,1293.18139648438,340
1789,4204.60005359731,4111.967217471,1293.18139648438,340
1790,4011.69628177887,4104.78112197263,1293.18139648438,340
1791,4068.48252545511,4105.87315845676,1293.18139648438,340
1792,4132.12695326928,4103.80269372403,1293.18139648438,340
1793,4154.25708581088,4103.64550465209,1292.63647460938,340
1794,4189.47420741554,4105.33442910902,1292.63647460938,340
1795,4219.26690449604,4105.4500647395,1292.63647460938,340
1796,4201.31849273342,4103.6334302686,1292.63647460938,340
1797,4119.82929650085,4100.40210904448,1292.63647460938,340
1798,4163.48116532734,4109.06115048944,1292.63647460938,340
1799,4040.70370500381,4103.08678883804,1292.63647460938,340
1800,4109.72424239747,4119.54317459768,1292.63647460938,340
1801,4184.15886926022,4119.75189212965,1291.52197265625,340
1802,4184.33144883351,4117.92985256552,1291.52197265625,340
1803,4199.7804846327,4124.51040406086,1291.52197265625,340
1804,4070.31176813756,4121.54659990109,1291.52197265625,340
1805,4196.35753872667,4124.70326491795,1291.52197265625,340
1806,4132.00569612509,4122.06755651502,1291.52197265625,340
1807,4101.49529361318,4118.64074887516,1291.52197265625,340
1808,4213.43744037933,4119.28606500237,1291.52197265625,340
1809,4218.87213797151,4141.16035234213,1287.94311523438,340
1810,4168.63490269728,4141.2832839257,1287.94311523438,340
1811,4138.56176437462,4144.8500051504,1287.94311523438,340
1812,4196.26780570719,4146.07192613938,1287.94311523438,340
1813,3990.70203887325,4144.39512412472,1287.94311523438,340
1814,4163.50782332249,4142.75143491373,1287.94311523438,340
1815,4164.73085655191,4148.87281790465,1287.94311523438,340
1816,4196.24990061535,4153.98351291106,1287.94311523438,340
1817,3958.90555387631,4147.05465693534,1288.41320800781,340
1818,4070.92969480062,4143.72156129493,1288.41320800781,340
1819,4161.46862651063,4142.60133805873,1288.41320800781,340
1820,4043.43804920314,4135.56818384702,1288.41320800781,340
1821,4121.74547050051,4132.3852629577,1288.41320800781,340
1822,4057.35503398919,4129.88629245724,1288.41320800781,340
1823,4132.99285974916,4128.66676023411,1288.41320800781,340
1824,4200.68232802668,4135.06590515502,1288.41320800781,340
1825,4054.44960280716,4132.85491957141,1287.68310546875,340
1826,4187.02119198348,4132.96941248034,1287.68310546875,340
1827,4116.84471025637,4130.26994293726,1287.68310546875,340
1828,4157.99692749404,4128.59860065171,1287.68310546875,340
1829,4182.41146024538,4133.08258833602,1287.68310546875,340
1830,4044.97164381822,4127.02715253968,1287.68310546875,340
1831,4154.99787076553,4127.9468395253,1287.68310546875,340
1832,4140.98749300453,4129.52652750096,1287.68310546875,340
1833,4067.80203350834,4123.70111122612,1286.38330078125,340
1834,4239.85552708063,4124.54044679048,1286.38330078125,340
1835,4164.63991747561,4124.38064738161,1286.38330078125,340
1836,4128.49379238008,4123.97792850183,1286.38330078125,340
1837,4093.28668342472,4119.85868361053,1286.38330078125,340
1838,4154.81909156158,4126.42336571807,1286.38330078125,340
1839,4177.85122456863,4126.99710176791,1286.38330078125,340
1840,4127.91547621591,4125.52448655447,1286.38330078125,340
1841,4093.81026041598,4121.4269009465,1287.25,340
1842,4183.67293090074,4130.41759602747,1287.25,340
1843,4119.33745037341,4132.35390625039,1287.25,340
1844,4123.44529230389,4130.83297288212,1287.25,340
1845,4007.48755304092,4129.39495303563,1287.25,340
1846,4167.98760528049,4131.24463842683,1287.25,340
1847,4130.98446728988,4134.18981575885,1287.25,340
1848,4031.75728558366,4130.14039279223,1287.25,340
1849,4150.05848081305,4128.11543890369,1285.50988769531,340
1850,4114.29591836429,4130.50929152597,1285.50988769531,340
1851,4183.72937126368,4130.37761869718,1285.50988769531,340
1852,4117.72501222406,4130.41283077589,1285.50988769531,340
1853,4098.93481495003,4128.05034627413,1285.50988769531,340
1854,4227.32407490855,4129.84685086066,1285.50988769531,340
1855,4172.28806110627,4134.93950755218,1285.50988769531,340
1856,4252.62076267427,4138.84442322853,1285.50988769531,340
1857,4215.38154266667,4141.82018521501,1285.44311523438,340
1858,4174.14601459976,4146.07394445867,1285.44311523438,340
1859,4176.89354728214,4143.55546526673,1285.44311523438,340
1860,4135.87585797232,4142.4049028866,1285.44311523438,340
1861,4192.26783003494,4144.95586439279,1285.44311523438,340
1862,4181.15301571509,4148.47051768441,1285.44311523438,340
1863,4227.11691899303,4151.36243078167,1285.44311523438,340
1864,4238.29488738761,4153.78017729442,1285.44311523438,340
1865,4113.49603744237,4153.20339974348,1285.20056152344,340
1866,4078.52084715412,4152.59182321301,1285.20056152344,340
1867,4139.16683546244,4150.81157939548,1285.20056152344,340
1868,4234.68810799203,4155.42560570022,1285.20056152344,340
1869,4140.36530199844,4156.102406088,1285.20056152344,340
1870,4144.3523126065,4161.57699647063,1285.20056152344,340
1871,4092.12757181321,4158.54259513194,1285.20056152344,340
1872,3782.92144820527,4144.62007436855,1285.20056152344,340
1873,4226.5944420182,4152.41356062593,1286.67810058594,340
1874,3985.14418920269,4145.81698896152,1286.67810058594,340
1875,4055.00668396672,4143.44541958562,1286.67810058594,340
1876,4026.3382546312,4137.14977492032,1286.67810058594,340
1877,4078.29307684029,4135.57249750497,1286.67810058594,340
1878,3969.95673659745,4130.41337437086,1286.67810058594,340
1879,4152.31359911588,4127.41295533916,1286.67810058594,340
1880,3720.90358820593,4109.35757642314,1286.67810058594,340
1881,4141.35583480606,4104.90697930841,1284.86743164062,340
1882,4111.30995131102,4100.74411565419,1284.86743164062,340
1883,4180.15127722005,4100.984326159,1284.86743164062,340
1884,4146.28592305146,4099.76002118977,1284.86743164062,340
1885,4248.87459582223,4104.27997070377,1284.86743164062,340
1886,4149.95554176392,4102.58747917293,1284.86743164062,340
1887,4145.52762728581,4101.16246363576,1284.86743164062,340
1888,3809.30686090366,4084.45006131218,1284.86743164062,340
1889,3933.17352487234,4072.24520681157,1287.88830566406,340
1890,4001.84098345084,4067.77900465191,1287.88830566406,340
1891,4228.62510195934,4073.78317484412,1287.88830566406,340
1892,4190.73089267964,4075.84573713281,1287.88830566406,340
1893,4069.28913605943,4069.2297782555,1287.88830566406,340
1894,4191.14226283379,4071.26085668892,1287.88830566406,340
1895,4136.58329870711,4070.95009613294,1287.88830566406,340
1896,3899.4321946826,4063.24228104772,1287.88830566406,340
1897,4093.46707563943,4075.66410614508,1290.77722167969,340
1898,4076.80553204044,4069.67254974597,1290.77722167969,340
1899,4088.84395795427,4073.82054049604,1290.77722167969,340
1900,4068.62918327332,4074.3654404683,1290.77722167969,340
1901,4165.97558451326,4079.95093366358,1290.77722167969,340
1902,4138.74611498319,4082.3690551893,1290.77722167969,340
1903,4222.68393968957,4092.47814331298,1290.77722167969,340
1904,4229.1633791271,4095.55213451343,1290.77722167969,340
1905,4126.0360109979,4111.75743142511,1289.98950195312,340
1906,4029.1561859764,4107.26944547192,1289.98950195312,340
1907,4024.21854393907,4103.78578917705,1289.98950195312,340
1908,4072.87683809992,4099.49481161224,1289.98950195312,340
1909,4079.06700624046,4096.8060549398,1289.98950195312,340
1910,4067.27397808161,4089.54203023018,1289.98950195312,340
1911,4060.08779656393,4085.94732042218,1289.98950195312,340
1912,4148.50228304842,4086.06630665268,1289.98950195312,340
1913,4194.41678628883,4101.47070366809,1289.89685058594,340
1914,4142.6590867947,4109.85012614498,1289.89685058594,340
1915,4201.86967233279,4117.85127370026,1289.89685058594,340
1916,4161.90040074678,4115.18228565176,1289.89685058594,340
1917,4142.30150162683,4113.24511000965,1289.89685058594,340
1918,4214.90123847019,4119.06959410608,1289.89685058594,340
1919,4202.20722530166,4119.51219260479,1289.89685058594,340
1920,3672.4984120752,4100.94879713951,1289.89685058594,340
1921,4200.41159805269,4112.98797327432,1288.67736816406,340
1922,4205.56960141887,4117.47207430549,1288.67736816406,340
1923,4196.51669413326,4122.26052078921,1288.67736816406,340
1924,4116.39206606004,4123.36244511344,1288.67736816406,340
1925,4198.18550585062,4128.54469801653,1288.67736816406,340
1926,4039.82635769655,4123.49872894386,1288.67736816406,340
1927,3921.32209041355,4114.80176796108,1288.67736816406,340
1928,4123.79986039127,4110.84640478914,1288.67736816406,340
1929,4081.2586660958,4104.93021626789,1291.67395019531,340
1930,4214.43477698256,4108.46616690728,1291.67395019531,340
1931,4009.296766221,4107.67179011706,1291.67395019531,340
1932,4224.11868340093,4115.66779569554,1291.67395019531,340
1933,4230.18349466636,4121.9600619582,1291.67395019531,340
1934,4219.0150855634,4127.55798513111,1291.67395019531,340
1935,4124.99758848272,4129.86692954716,1291.67395019531,340
1936,3844.35986524057,4121.23781229422,1291.67395019531,340
1937,4138.3031511553,4120.8298470185,1290.59631347656,340
1938,4184.54221575736,4120.43486419724,1290.59631347656,340
1939,3938.80466734125,4112.2806874191,1290.59631347656,340
1940,4127.5144336238,4109.30647787074,1290.59631347656,340
1941,4179.25095242364,4110.00049993782,1290.59631347656,340
1942,4217.51990872949,4113.00923622192,1290.59631347656,340
1943,4061.56530480002,4106.87579887512,1290.59631347656,340
1944,4171.12468555276,4105.63249728516,1290.59631347656,340
1945,3852.80927237838,4112.84493169729,1293.86462402344,340
1946,4211.72765506344,4113.29757397772,1293.86462402344,340
1947,4214.65420121121,4113.66095796941,1293.86462402344,340
1948,4216.59834127054,4114.4642238549,1293.86462402344,340
1949,3719.48077025466,4098.58777202269,1293.86462402344,340
1950,3827.51688158067,4083.76102705189,1293.86462402344,340
1951,4221.73992528935,4091.0375697556,1293.86462402344,340
1952,3627.64532670009,4079.29049920706,1293.86462402344,340
1953,3939.21404054347,4071.90706641315,1290.513671875,340
1954,3962.92456872006,4067.17370251812,1290.513671875,340
1955,4169.26062596063,4065.36673647724,1290.513671875,340
1956,2906.61448471621,4021.25944521705,1290.513671875,340
1957,3787.08969449901,4003.77828566098,1290.513671875,340
1958,3937.33124037007,3992.06419548912,1290.513671875,340
1959,3693.54069372291,3971.0452198155,1290.513671875,340
1960,4145.44666291172,3971.86318279266,1290.513671875,340
1961,3967.73157880923,3976.79805133541,1284.81982421875,340
1962,4125.00695122135,3976.26620333805,1284.81982421875,340
1963,4139.52698268248,3974.46559401506,1284.81982421875,340
1964,4204.17365621836,3985.08035357014,1284.81982421875,340
1965,3947.61331174399,3977.88430869495,1284.81982421875,340
1966,4122.74217926118,3975.62395776845,1284.81982421875,340
1967,3637.27439125452,3952.41413706945,1284.81982421875,340
1968,4134.43296093865,3955.328843315,1284.81982421875,340
1969,3795.30914410886,3940.29622165724,1287.14013671875,340
1970,4221.07065517578,3955.02667696914,1287.14013671875,340
1971,4179.36743702315,3953.73226824753,1287.14013671875,340
1972,4096.08315582188,3948.98942643195,1287.14013671875,340
1973,4161.33236081377,3946.77878721368,1287.14013671875,340
1974,4130.06278208422,3963.20206768686,1287.14013671875,340
1975,4079.33471457889,3973.27478100679,1287.14013671875,340
1976,3920.02411445601,3961.20614857346,1287.14013671875,340
1977,4207.2642720878,3984.39090638897,1286.89526367188,340
1978,4089.67904658502,3990.40950663063,1286.89526367188,340
1979,4179.30714499871,3999.06480968178,1286.89526367188,340
1980,4159.94123732392,3998.69203413631,1286.89526367188,340
1981,4140.74608371704,4048.05729809634,1286.89526367188,340
1982,4145.55163068041,4062.3957755436,1286.89526367188,340
1983,4148.21753349329,4070.83122726853,1286.89526367188,340
1984,4123.95849826828,4088.04793945034,1286.89526367188,340
1985,4231.55696193621,4091.49235141132,1284.28381347656,340
1986,4137.84207135602,4098.29677111319,1284.28381347656,340
1987,4207.66018791717,4101.60290058102,1284.28381347656,340
1988,4169.69692893654,4102.80969843119,1284.28381347656,340
1989,4164.20031796906,4101.21076490122,1284.28381347656,340
1990,4229.1039660543,4112.47039107363,1284.28381347656,340
1991,4158.22265356113,4113.88961004563,1284.28381347656,340
1992,4161.58527617413,4134.86204544241,1284.28381347656,340
1993,4103.37816383586,4133.6198535583,1284.23498535156,340
1994,4186.48273639301,4149.26679724966,1284.23498535156,340
1995,4135.64883501028,4145.84992444304,1284.23498535156,340
1996,4207.36348499021,4146.96976636173,1284.23498535156,340
1997,4204.41439951367,4151.3030161094,1284.23498535156,340
1998,4233.63065356575,4154.19494781948,1284.23498535156,340
1999,3934.71013188593,4146.38084181154,1284.23498535156,340
2000,4203.15276451469,4151.33356380898,1284.23498535156,340
2001,4201.84209470363,4162.60628301888,1280.79821777344,340
2002,4191.16920308955,4161.96248025895,1280.79821777344,340
2003,4198.76717347304,4166.32600533447,1280.79821777344,340
2004,4139.81793463386,4164.74643691988,1280.79821777344,340
2005,3931.66180844022,4155.61525976453,1280.79821777344,340
2006,4119.71817714382,4154.7741435016,1280.79821777344,340
2007,4181.44832615412,4156.21001132055,1280.79821777344,340
2008,4250.41275883133,4160.29782033407,1280.79821777344,340
2009,4043.43921536241,4157.07704901784,1279.71398925781,340
2010,4182.30465922226,4155.10695690928,1279.71398925781,340
2011,4182.40690536706,4156.88955026972,1279.71398925781,340
2012,4234.35772307802,4157.95745167615,1279.71398925781,340
2013,4178.71944265046,4158.31835222471,1279.71398925781,340
2014,3898.4916034458,4147.69000364378,1279.71398925781,340
2015,4212.69566959216,4147.0336717853,1279.71398925781,340
2016,4232.56683246344,4150.00743894139,1279.71398925781,340
2017,4249.50392369366,4153.52418484217,1279.63830566406,340
2018,4160.73695033731,4155.81853630223,1279.63830566406,340
2019,4111.83379946292,4152.83257882502,1279.63830566406,340
2020,4228.92058199597,4156.56344870445,1279.63830566406,340
2021,4184.42337943645,4155.6458444823,1279.63830566406,340
2022,4210.87879619768,4155.90442034966,1279.63830566406,340
2023,4064.26935910212,4149.12996857112,1279.63830566406,340
2024,4164.73903896309,4158.3311248542,1279.63830566406,340
2025,4134.27334729091,4155.57594816525,1280.52111816406,340
2026,4203.41260539294,4155.63876859282,1280.52111816406,340
2027,4193.08293381571,4155.71531782187,1280.52111816406,340
2028,4214.1476743247,4156.33053785594,1280.52111816406,340
2029,4208.13888664351,4159.06337593632,1280.52111816406,340
2030,3967.71532812706,4160.5055167238,1280.52111816406,340
2031,4083.05480734145,4159.0389819317,1280.52111816406,340
2032,4231.4568162008,4161.03932153357,1280.52111816406,340
2033,4199.43018335931,4159.00001851469,1281.29565429688,340
2034,4155.88781126061,4163.49796235062,1281.29565429688,340
2035,3920.54689030271,4153.02765159383,1281.29565429688,340
2036,4230.99277102016,4154.97108621996,1281.29565429688,340
2037,4202.51854886723,4153.69751925153,1281.29565429688,340
2038,4200.20502450367,4154.55694252566,1281.29565429688,340
2039,4219.20640568502,4167.38553461522,1281.29565429688,340
2040,4117.24167548392,4163.56737485089,1281.29565429688,340
2041,4176.05951125323,4161.30708200249,1279.73193359375,340
2042,4065.79841943385,4153.95886183209,1279.73193359375,340
2043,4034.76948125945,4148.92016306898,1279.73193359375,340
2044,4200.50369678594,4152.4669589619,1279.73193359375,340
2045,4098.83795388649,4147.26365383752,1279.73193359375,340
2046,4036.81952921891,4141.35949982882,1279.73193359375,340
2047,4180.87917878906,4140.15951513247,1279.73193359375,340
2048,4223.46645611516,4146.527399013,1279.73193359375,340
2049,4197.35920052506,4147.83220547547,1284.05224609375,340
2050,3953.37305082785,4140.59619361695,1284.05224609375,340
2051,4043.07132597453,4134.18254244022,1284.05224609375,340
2052,3846.33859972055,4120.31276907641,1284.05224609375,340
2053,4148.10319791117,4117.67099001987,1284.05224609375,340
2054,4083.80156918309,4112.69749732145,1284.05224609375,340
2055,3890.91839966801,4109.62562018309,1284.05224609375,340
2056,4167.7639476075,4113.01398579373,1284.05224609375,340
2057,4043.95734986601,4105.51400714034,1286.12451171875,340
2058,4196.08804955622,4105.38032178822,1286.12451171875,340
2059,3963.96031590967,4097.70322197418,1286.12451171875,340
2060,3860.87922779054,4095.31651547369,1286.12451171875,340
2061,4224.53614694356,4095.05825051063,1286.12451171875,340
2062,3510.24628376531,4067.36735990655,1286.12451171875,340
2063,3635.75330538914,4044.78929114197,1286.12451171875,340
2064,4209.44847267415,4044.39897382153,1286.12451171875,340
2065,4025.7749763847,4040.74030585757,1285.72644042969,340
2066,4050.2967155788,4035.70979403059,1285.72644042969,340
2067,3996.41016650461,4032.93426391342,1285.72644042969,340
2068,3539.50624822298,4013.12373459196,1285.72644042969,340
2069,3835.27579709797,3998.51461860444,1285.72644042969,340
2070,3990.91143452667,3994.19755783005,1285.72644042969,340
2071,4014.80657002062,3993.31703946212,1285.72644042969,340
2072,4008.10589380596,3986.40610806279,1285.72644042969,340
2073,4050.17302267019,3979.47437072499,1287.39514160156,340
2074,3987.42287094202,3971.07691754167,1287.39514160156,340
2075,3997.81643940257,3972.85465308466,1287.39514160156,340
2076,4001.159101309,3971.17816409804,1287.39514160156,340
2077,4063.12065401958,3979.84944627,1287.39514160156,340
2078,3928.43659963706,3971.06278233904,1287.39514160156,340
2079,4025.01195116678,3968.71119761838,1287.39514160156,340
2080,4223.62425117842,3982.0194316788,1287.39514160156,340
2081,3539.55553607056,3956.89109521732,1289.46130371094,340
2082,3984.43325372182,3954.51013137155,1289.46130371094,340
2083,3951.03972244498,3944.70819828711,1289.46130371094,340
2084,4039.55646373772,3947.73204420023,1289.46130371094,340
2085,4080.65933231858,3956.52324838135,1289.46130371094,340
2086,4098.990007723,3951.50140281253,1289.46130371094,340
2087,4098.02378997456,3975.0125030609,1289.46130371094,340
2088,3876.52902553897,3984.64353186689,1289.46130371094,340
2089,4149.00042213229,3982.22560984522,1288.42919921875,340
2090,3983.8785205953,3980.54975161364,1288.42919921875,340
2091,4121.53175893277,3983.3991533478,1288.42919921875,340
2092,4050.7038624708,3985.57090118645,1288.42919921875,340
2093,4069.29869622376,4006.76259910648,1288.42919921875,340
2094,4010.73644740787,4013.78102511887,1288.42919921875,340
2095,3923.91446070062,4011.10114616583,1288.42919921875,340
2096,4010.86816133659,4010.94360981847,1288.42919921875,340
2097,3975.06901161581,4009.62213453086,1290.4248046875,340
2098,4206.22747781377,4015.86431273661,1290.4248046875,340
2099,4200.45324162247,4024.38552756383,1290.4248046875,340
2100,3816.50550055896,4017.13309001008,1290.4248046875,340
2101,3987.42233062909,4016.58361918289,1290.4248046875,340
2102,4029.80389500048,4015.25094882212,1290.4248046875,340
2103,4146.46576999249,4023.97211563634,1290.4248046875,340
2104,4102.01783794596,4027.05235110751,1290.4248046875,340
2105,4160.6910885802,4024.53502460358,1291.8388671875,340
2106,4150.50309663818,4048.97292702628,1291.8388671875,340
2107,3554.91117798543,4031.79204399683,1291.8388671875,340
2108,4166.07438378564,4040.39343045045,1291.8388671875,340
2109,4193.54469719759,4046.55295978885,1291.8388671875,340
2110,4186.51879608214,4050.78733833939,1291.8388671875,340
2111,4121.07231549079,4051.6706306501,1291.8388671875,340
2112,4214.24591943834,4056.31951582865,1291.8388671875,340
2113,4020.02579495001,4062.0593866051,1288.30932617188,340
2114,4184.00477174587,4063.45956058964,1288.30932617188,340
2115,3934.29563954977,4061.47624534782,1288.30932617188,340
2116,4170.0488420476,4063.41692867241,1288.30932617188,340
2117,4085.99280037923,4064.82848618875,1288.30932617188,340
2118,4117.8749189029,4066.77153509591,1288.30932617188,340
2119,4179.3787373724,4073.51722669449,1288.30932617188,340
2120,4191.81544488182,4084.23326606174,1288.30932617188,340
2121,4153.37111454064,4089.9333841899,1290.18237304688,340
2122,4144.88445209338,4096.72600180901,1290.18237304688,340
2123,4148.21664921053,4094.40556866488,1290.18237304688,340
2124,4196.13830064296,4094.2329710257,1290.18237304688,340
2125,3884.40989270962,4096.94914671172,1290.18237304688,340
2126,3980.08521289755,4096.65566200246,1290.18237304688,340
2127,4107.0418952544,4099.74518201262,1290.18237304688,340
2128,3919.57093718363,4090.66938870026,1290.18237304688,340
2129,4156.34724106142,4092.84256482488,1288.17395019531,340
2130,4165.74023520617,4093.04453068992,1288.17395019531,340
2131,4201.00299210216,4095.06452650848,1288.17395019531,340
2132,4051.43010281554,4114.92528350168,1288.17395019531,340
2133,4204.58403295892,4116.46566946862,1288.17395019531,340
2134,4155.67338774125,4114.95081709036,1288.17395019531,340
2135,4163.90061272837,4114.04608975621,1288.17395019531,340
2136,4154.95421077616,4115.40136556763,1288.17395019531,340
2137,4044.33039585219,4108.60474462418,1283.802734375,340
2138,4103.99868486279,4111.96366022069,1283.802734375,340
2139,3994.04331482255,4104.36520194376,1283.802734375,340
2140,3965.78844460513,4105.62491414597,1283.802734375,340
2141,4099.6232456726,4102.80789029097,1283.802734375,340
2142,4182.41922232657,4106.66494716887,1283.802734375,340
2143,4203.33529423519,4110.08336218216,1283.802734375,340
2144,4144.0765202176,4108.67127349596,1283.802734375,340
2145,4155.04299085686,4107.20037533497,1280.75109863281,340
2146,3913.31292159834,4097.59804761727,1280.75109863281,340
2147,4002.82056144451,4091.91549199132,1280.75109863281,340
2148,3931.95915969836,4083.26519241083,1280.75109863281,340
2149,4069.97922545448,4078.21882940329,1280.75109863281,340
2150,4017.59954724109,4083.54641558455,1280.75109863281,340
2151,4083.98365538788,4087.70235328417,1280.75109863281,340
2152,4192.32048179072,4091.11349674562,1280.75109863281,340
2153,4129.81950517674,4099.52343946534,1277.04235839844,340
2154,4143.77844847405,4099.02068776185,1277.04235839844,340
2155,4062.3401673105,4094.88468504602,1277.04235839844,340
2156,4143.99917066871,4092.60453218868,1277.04235839844,340
2157,4160.69133926476,4096.97498164665,1277.04235839844,340
2158,4045.51891097335,4090.61237676723,1277.04235839844,340
2159,4161.15939886495,4090.83181721218,1277.04235839844,340
2160,4165.43774631569,4090.89330255567,1277.04235839844,340
2161,3983.92837433831,4084.05226909816,1274.31298828125,340
2162,4051.12124459456,4084.32390304785,1274.31298828125,340
2163,4111.61709440717,4084.62863942963,1274.31298828125,340
2164,4176.69104551278,4091.93454865724,1274.31298828125,340
2165,4145.93387579635,4099.14036590488,1274.31298828125,340
2166,4185.37390894605,4102.57039243582,1274.31298828125,340
2167,3926.42737037727,4092.33071835785,1274.31298828125,340
2168,4001.3621588049,4084.25179294064,1274.31298828125,340
2169,4066.14706248272,4081.13461463124,1267.001953125,340
2170,4088.68927793716,4078.48046611446,1267.001953125,340
2171,4120.45315543507,4086.76607546793,1267.001953125,340
2172,4170.15760878342,4093.45955736148,1267.001953125,340
2173,4106.62586229989,4100.44622546554,1267.001953125,340
2174,4219.68738274457,4106.43455175715,1267.001953125,340
2175,4186.78108226247,4113.201813158,1267.001953125,340
2176,4147.74444877548,4115.75224489351,1267.001953125,340
2177,3951.31941095584,4106.11220206011,1264.14123535156,340
2178,4105.57604940522,4105.14246382925,1264.14123535156,340
2179,4187.4794666381,4106.89050455581,1264.14123535156,340
2180,4187.29784971609,4111.88881185204,1264.14123535156,340
2181,4206.88658013676,4114.40430823076,1264.14123535156,340
2182,4224.21528045392,4116.94526587832,1264.14123535156,340
2183,4195.87185117513,4122.95938348639,1264.14123535156,340
2184,4189.81215203106,4124.10549361304,1264.14123535156,340
2185,4071.00011965395,4120.32798854657,1260.21069335938,340
2186,4115.65963994901,4125.597239171,1260.21069335938,340
2187,4178.61122869324,4130.69683853494,1260.21069335938,340
2188,4070.00925432483,4129.03252493165,1260.21069335938,340
2189,4169.68202959642,4128.752164295,1260.21069335938,340
2190,4159.82438100097,4129.30778450318,1260.21069335938,340
2191,4173.04065999376,4128.81445454509,1260.21069335938,340
2192,4109.555897373,4136.13959562492,1260.21069335938,340
2193,4105.98852029643,4140.32465008458,1263.89770507812,340
2194,4122.06092565582,4142.5612046115,1263.89770507812,340
2195,4129.89036890192,4144.20924825009,1263.89770507812,340
2196,4219.14171444123,4148.15679061034,1263.89770507812,340
2197,4186.07914742593,4148.79365215604,1263.89770507812,340
2198,4187.51648653506,4152.02927712545,1263.89770507812,340
2199,4149.09362106523,4149.20552665828,1263.89770507812,340
2200,4219.0386342622,4150.49582873826,1263.89770507812,340
2201,4199.09755454847,4152.54995296918,1265.68957519531,340
2202,4222.10570335113,4163.381404665,1265.68957519531,340
2203,4131.63009654882,4164.42356655074,1265.68957519531,340
2204,4089.49451586163,4160.50416851968,1265.68957519531,340
2205,4175.60747093879,4160.03655336859,1265.68957519531,340
2206,4205.35744037171,4159.97538777799,1265.68957519531,340
2207,4205.58005867564,4159.22997890686,1265.68957519531,340
2208,4219.45017764827,4160.17311196578,1265.68957519531,340
2209,4228.71981790223,4161.72941860063,1267.43115234375,340
2210,4200.74900249793,4166.91937391439,1267.43115234375,340
2211,4151.36119632396,4168.34743616938,1267.43115234375,340
2212,4199.50689485654,4169.18326281592,1267.43115234375,340
2213,4198.73108673297,4174.33213611224,1267.43115234375,340
2214,4206.98384077484,4175.82420855938,1267.43115234375,340
2215,4192.78718064722,4177.14272054523,1267.43115234375,340
2216,4141.33205404525,4175.87437630729,1267.43115234375,340
2217,4237.53345861789,4180.99347875708,1269.13525390625,340
2218,4191.29328045678,4184.4056691635,1269.13525390625,340
2219,4217.20891033228,4188.21158855056,1269.13525390625,340
2220,4207.23843433398,4191.30551116784,1269.13525390625,340
2221,4189.21677660829,4190.10851365452,1269.13525390625,340
2222,4205.82983362362,4190.89854110243,1269.13525390625,340
2223,4173.5185470974,4190.33862352492,1269.13525390625,340
2224,4186.47434185685,4191.83385235659,1269.13525390625,340
2225,4163.54112475115,4189.61395197614,1272.40393066406,340
2226,4208.11454772744,4189.9746317033,1272.40393066406,340
2227,4219.39007223272,4189.86600645857,1272.40393066406,340
2228,4173.1203830963,4191.52561792047,1272.40393066406,340
2229,4177.9999420987,4195.06583496995,1272.40393066406,340
2230,4237.82454788512,4197.5545180478,1272.40393066406,340
2231,4196.88277995612,4197.21553163118,1272.40393066406,340
2232,4127.79633648057,4194.10418274338,1272.40393066406,340
2233,4216.74526880116,4193.99598638949,1271.65844726562,340
2234,3902.56036755798,4180.94960837572,1271.65844726562,340
2235,4227.42887168204,4182.01680314309,1271.65844726562,340
2236,4204.95181297849,4184.16042780927,1271.65844726562,340
2237,4190.08402696827,4183.78351309374,1271.65844726562,340
2238,4193.54767041455,4183.576176441,1271.65844726562,340
2239,4211.19425064374,4183.74459283576,1271.65844726562,340
2240,4174.73950020315,4183.02268561799,1271.65844726562,340
2241,4175.84182333509,4184.40307638959,1273.49670410156,340
2242,4199.6620681349,4182.88822077027,1273.49670410156,340
2243,4166.2413055256,4181.88614177302,1273.49670410156,340
2244,4183.20139387798,4180.52584111485,1273.49670410156,340
2245,4245.64997762091,4182.06230284633,1273.49670410156,340
2246,4156.56768613277,4180.7563392273,1273.49670410156,340
2247,4209.68122129876,4180.91039473431,1273.49670410156,340
2248,4199.56758359985,4181.95235619441,1273.49670410156,340
2249,4156.52966013331,4180.75456892547,1278.13818359375,340
2250,4172.63234028546,4181.11821754684,1278.13818359375,340
2251,4163.42986464102,4179.33083022338,1278.13818359375,340
2252,4079.95755923682,4173.75352970355,1278.13818359375,340
2253,4088.82996982875,4170.38191317285,1278.13818359375,340
2254,3988.79996901132,4162.81391424935,1278.13818359375,340
2255,4219.88164521142,4162.0961981424,1278.13818359375,340
2256,4155.510314859,4160.44129953852,1278.13818359375,340
2257,4194.52985439969,4163.11064025528,1278.45385742188,340
2258,4207.94466899427,4162.75861626301,1278.45385742188,340
2259,4080.19896615152,4169.86416020675,1278.45385742188,340
2260,4172.54812939481,4167.66893051526,1278.45385742188,340
2261,4075.93970795827,4162.50844631445,1278.45385742188,340
2262,4015.47308997433,4155.52400883469,1278.45385742188,340
2263,4186.23179419602,4155.23137378595,1278.45385742188,340
2264,4129.36812272287,4151.95832866912,1278.45385742188,340
2265,4214.67702425132,4153.55582963104,1277.88232421875,340
2266,4186.52760061689,4153.98326072231,1277.88232421875,340
2267,4247.37958687005,4155.89196147172,1277.88232421875,340
2268,4219.64131835742,4158.02796198499,1277.88232421875,340
2269,4194.93370043758,4158.49725424738,1277.88232421875,340
2270,4212.59472689951,4157.17504421852,1277.88232421875,340
2271,4214.98772583957,4159.51184580679,1277.88232421875,340
2272,4197.48571966199,4159.02402574132,1277.88232421875,340
2273,4198.92918886939,4158.9984899521,1279.99096679688,340
2274,4152.70181410318,4158.8453761109,1279.99096679688,340
2275,4238.66433963384,4161.48665608483,1279.99096679688,340
2276,4204.39241434433,4163.12515807297,1279.99096679688,340
2277,4186.21435542257,4167.3754299204,1279.99096679688,340
2278,4238.06219138339,4173.34471878258,1279.99096679688,340
2279,4238.58553795623,4183.33614154038,1279.99096679688,340
2280,4229.71724462065,4183.72956551675,1279.99096679688,340
2281,4172.27322426015,4184.40008189279,1281.56604003906,340
2282,4168.6077267052,4183.36319678501,1281.56604003906,340
2283,4189.10080129665,4182.60944207711,1281.56604003906,340
2284,4209.19195906158,4187.76916179351,1281.56604003906,340
2285,4230.33223198459,4190.0805258971,1281.56604003906,340
2286,4157.74835382344,4193.35287173171,1281.56604003906,340
2287,4231.26127611317,4201.98439917726,1281.56604003906,340
2288,4229.40742824174,4203.71142453909,1281.56604003906,340
2289,4197.46216700821,4206.43518631051,1284.17443847656,340
2290,4189.13395402092,4205.41346350129,1284.17443847656,340
2291,4213.0768669828,4206.47543415593,1284.17443847656,340
2292,4209.14969978533,4204.94623867254,1284.17443847656,340
2293,4130.01387745849,4201.36114103658,1284.17443847656,340
2294,4153.16988052108,4199.69058823992,1284.17443847656,340
2295,4257.77863474734,4201.49794455383,1284.17443847656,340
2296,4198.53452363599,4200.83981646569,1284.17443847656,340
2297,4158.75793976688,4199.29070526989,1286.63891601562,340
2298,4148.58713230224,4197.2770230072,1286.63891601562,340
2299,4109.01261760231,4195.52945514717,1286.63891601562,340
2300,4185.10827350914,4193.38721250218,1286.63891601562,340
2301,4219.33872340917,4193.98506486477,1286.63891601562,340
2302,4130.09997804013,4191.74048976947,1286.63891601562,340
2303,4219.53877832408,4190.9995532471,1286.63891601562,340
2304,4276.36539816692,4192.51074765553,1286.63891601562,340
2305,4181.4537509368,4190.58020790817,1286.47351074219,340
2306,4123.32545802347,4188.62229725871,1286.47351074219,340
2307,4188.45002577507,4189.4159892215,1286.47351074219,340
2308,4224.75100133291,4190.84199722295,1286.47351074219,340
2309,4219.70162937573,4191.26238403552,1286.47351074219,340
2310,4218.66491318115,4190.79569128338,1286.47351074219,340
2311,4181.18076266359,4191.73298763699,1286.47351074219,340
2312,4218.02466683384,4191.20352326581,1286.47351074219,340
2313,4114.40995068614,4186.60362416359,1288.5556640625,340
2314,4191.16028253059,4186.35154878448,1288.5556640625,340
2315,4156.4796822667,4185.04537791432,1288.5556640625,340
2316,4197.95035000371,4184.44031723515,1288.5556640625,340
2317,4220.23875936654,4184.8838796184,1288.5556640625,340
2318,4211.74734039716,4188.15321813595,1288.5556640625,340
2319,4214.33685600988,4190.5998971555,1288.5556640625,340
2320,4248.92828331597,4190.24588309825,1288.5556640625,340
2321,4145.01999035929,4188.10530176718,1289.97338867188,340
2322,4270.54723114935,4192.57687342247,1289.97338867188,340
2323,4070.41688127827,4189.45006338152,1289.97338867188,340
2324,4196.40433763708,4192.94573218291,1289.97338867188,340
2325,4142.39353169409,4191.2371425103,1289.97338867188,340
2326,4119.1359650653,4187.22903217655,1289.97338867188,340
2327,4192.70261119081,4189.73313750258,1289.97338867188,340
2328,4137.92730478608,4186.46867856106,1289.97338867188,340
2329,4159.16994871,4181.78086058278,1293.03784179688,340
2330,4156.21546127412,4180.77132899627,1293.03784179688,340
2331,4103.79419872638,4179.99007862439,1293.03784179688,340
2332,4191.71467064783,4180.1206644193,1293.03784179688,340
2333,4213.32726403097,4179.66371492722,1293.03784179688,340
2334,4141.85007462534,4176.54965273721,1293.03784179688,340
2335,4207.53025691756,4176.10426648666,1293.03784179688,340
2336,4118.79238041457,4173.6087311967,1293.03784179688,340
2337,4222.8378411,4173.80125816735,1293.59411621094,340
2338,4208.08263945434,4177.54816571808,1293.59411621094,340
2339,4252.18292508525,4179.98907142026,1293.59411621094,340
2340,4229.38186402513,4182.9051586906,1293.59411621094,340
2341,4252.24249766181,4185.07684459692,1293.59411621094,340
2342,4212.70854552029,4184.77563604307,1293.59411621094,340
2343,4238.67017132129,4185.85254928004,1293.59411621094,340
2344,4251.00966720306,4187.31946172777,1293.59411621094,340
2345,4224.99097114521,4186.36196924094,1295.24353027344,340
2346,4269.96898264575,4191.35992893239,1295.24353027344,340
2347,4238.47203765166,4190.07692119249,1295.24353027344,340
2348,4177.10253746617,4194.34434744,1295.24353027344,340
2349,4123.65734412255,4191.43446769942,1295.24353027344,340
2350,4207.75245409085,4194.04882459529,1295.24353027344,340
2351,4254.84159261099,4199.47704969712,1295.24353027344,340
2352,4220.18103432277,4200.5761866224,1295.24353027344,340
2353,4223.41727173535,4203.99578530037,1296.16381835938,340
2354,4235.12221369503,4207.03387589977,1296.16381835938,340
2355,4258.39594938802,4211.12109542433,1296.16381835938,340
2356,4243.90907339911,4216.72569041124,1296.16381835938,340
2357,4152.75043379929,4215.16712093729,1296.16381835938,340
2358,4289.5177943146,4218.21474214864,1296.16381835938,340
2359,4274.08936703382,4223.50431384498,1296.16381835938,340
2360,4242.28331005574,4224.89443597051,1296.16381835938,340
2361,4213.50314405575,4228.68286651615,1299.29223632812,340
2362,4235.31679390877,4229.1820246285,1299.29223632812,340
2363,4204.85136030383,4229.05277346248,1299.29223632812,340
2364,4205.0291546133,4227.1666226436,1299.29223632812,340
2365,4269.57048107173,4228.77416732547,1299.29223632812,340
2366,4250.25428174661,4228.69463868886,1299.29223632812,340
2367,4262.17706376589,4230.67337941868,1299.29223632812,340
2368,4282.54821180522,4232.42850103804,1299.29223632812,340
2369,4200.07599714006,4230.39115423552,1300.40783691406,340
2370,4249.95017208209,4231.389522273,1300.40783691406,340
2371,4273.0504960984,4231.5127828111,1300.40783691406,340
2372,4212.07040850198,4230.45671764512,1300.40783691406,340
2373,4239.53812319147,4232.95414107413,1300.40783691406,340
2374,4290.51633544632,4239.62850072708,1300.40783691406,340
2375,4238.1852917711,4240.84581423429,1300.40783691406,340
2376,4239.59742462422,4240.23604751482,1300.40783691406,340
2377,4204.77905309519,4239.61996826572,1299.91174316406,340
2378,4246.72202746027,4240.55215849471,1299.91174316406,340
2379,4226.54946573649,4240.20924857637,1299.91174316406,340
2380,4239.00473023484,4239.43359981024,1299.91174316406,340
2381,4218.99087252761,4238.43687177538,1299.91174316406,340
2382,4260.82601861464,4242.759895168,1299.91174316406,340
2383,4257.62405946728,4241.4841457741,1299.91174316406,340
2384,4164.34974019499,4237.09456070055,1299.91174316406,340
2385,4283.13192137093,4238.72850515316,1299.80383300781,340
2386,4235.42791767247,4239.60549609783,1299.80383300781,340
2387,4237.49110998642,4239.69246874093,1299.80383300781,340
2388,4203.7547890436,4239.64860589052,1299.80383300781,340
2389,4021.54270258863,4232.30914780954,1299.80383300781,340
2390,4222.51909468116,4230.42709235391,1299.80383300781,340
2391,4191.80383951938,4228.08907466482,1299.80383300781,340
2392,4245.628107319,4227.42711640695,1299.80383300781,340
2393,4241.42958522593,4225.78237134378,1299.4853515625,340
2394,4250.79824765036,4227.81126136419,1299.4853515625,340
2395,4233.49694601947,4227.15313232169,1299.4853515625,340
2396,4155.86897410969,4222.46587144214,1299.4853515625,340
2397,4263.30065316486,4224.51508122865,1299.4853515625,340
2398,4260.58351655977,4225.35689696338,1299.4853515625,340
2399,4202.47199343804,4221.83512328305,1299.4853515625,340
2400,4202.4647253854,4220.40630062763,1299.4853515625,340
2401,4121.76059362136,4215.69282738751,1300.08093261719,340
2402,4211.81930158286,4215.97443732702,1300.08093261719,340
2403,4243.00620007844,4215.82580423175,1300.08093261719,340
2404,4258.06340158376,4217.08636166564,1300.08093261719,340
2405,4245.29366739731,4217.33791915214,1300.08093261719,340
2406,4152.09957274028,4214.66226716064,1300.08093261719,340
2407,4278.25707102859,4215.3595092572,1300.08093261719,340
2408,4222.5006375834,4213.95457238185,1300.08093261719,340
2409,4231.47697338881,4216.6396617096,1301.35534667969,340
2410,4244.26201075553,4215.08486528498,1301.35534667969,340
2411,4277.19622091643,4216.75559741474,1301.35534667969,340
2412,4204.74196254993,4215.44563151728,1301.35534667969,340
2413,4250.7964731285,4217.32729888068,1301.35534667969,340
2414,4261.91779454075,4226.94230255876,1301.35534667969,340
2415,4093.40650213965,4221.7777988571,1301.35534667969,340
2416,4231.3424115767,4223.35934173939,1301.35534667969,340
2417,4208.3428377056,4221.86793095486,1300.73645019531,340
2418,4239.22680713202,4221.7798198311,1300.73645019531,340
2419,4252.31655811646,4221.84055224975,1300.73645019531,340
2420,4289.57958897371,4224.08385796791,1300.73645019531,340
2421,4275.80072542547,4228.88112802055,1300.73645019531,340
2422,4298.77179887171,4230.29997384882,1300.73645019531,340
2423,4220.93239864545,4228.71392913225,1300.73645019531,340
2424,4192.13349073407,4228.30038902409,1300.73645019531,340
2425,4303.44392035844,4232.33955682301,1301.85229492188,340
2426,4199.25968298226,4235.43952039745,1301.85229492188,340
2427,4217.92110410376,4235.68359249828,1301.85229492188,340
2428,4266.72674648314,4236.63241435447,1301.85229492188,340
2429,4222.40079573286,4235.20591012043,1301.85229492188,340
2430,4196.02185083505,4233.23503745794,1301.85229492188,340
2431,3889.3325189051,4222.72435530454,1301.85229492188,340
2432,4225.37533595572,4220.60908590162,1301.85229492188,340
2433,4231.00781079379,4220.94937283004,1301.48327636719,340
2434,4287.51578718902,4223.19092538204,1301.48327636719,340
2435,4264.218851614,4223.98919901638,1301.48327636719,340
2436,4274.92389156063,4223.89830584215,1301.48327636719,340
2437,4165.72808619393,4222.33775078791,1301.48327636719,340
2438,4277.26809728122,4223.39661575402,1301.48327636719,340
2439,4262.28996244912,4223.41150247035,1301.48327636719,340
2440,4255.25717608087,4229.885529428,1301.48327636719,340
2441,3966.72442195466,4219.30080984312,1301.48022460938,340
2442,4258.13963260777,4221.29268163921,1301.48022460938,340
2443,4135.58003800351,4217.14681087407,1301.48022460938,340
2444,4261.08744730411,4217.49764644157,1301.48022460938,340
2445,4181.63425282423,4213.1798329956,1301.48022460938,340
2446,4210.74451170455,4210.57758444676,1301.48022460938,340
2447,4243.35437887767,4208.360887647,1301.48022460938,340
2448,4263.0322765927,4210.04488276489,1301.48022460938,340
2449,4263.54228738154,4212.90123463079,1303.30969238281,340
2450,4281.05400875422,4212.00563816662,1303.30969238281,340
2451,4233.94899799895,4213.39321076729,1303.30969238281,340
2452,4282.54577097487,4215.97819744213,1303.30969238281,340
2453,4263.6719614752,4215.85600604181,1303.30969238281,340
2454,4248.16437348104,4216.88654915174,1303.30969238281,340
2455,4296.46740810629,4220.90437144259,1303.30969238281,340
2456,4253.16771539424,4235.45777930216,1303.30969238281,340
2457,4277.25449250858,4237.53294556427,1303.41943359375,340
2458,4268.16656537236,4239.01929574741,1303.41943359375,340
2459,4239.7216650954,4237.10753086367,1303.41943359375,340
2460,4313.33250421245,4239.07207696761,1303.41943359375,340
2461,4185.43868122068,4235.49266855401,1303.41943359375,340
2462,4232.39287248024,4238.15926000546,1303.41943359375,340
2463,4252.0302816465,4237.14974738007,1303.41943359375,340
2464,4247.08967674078,4236.54173595174,1303.41943359375,340
2465,4268.53662013842,4237.07291371404,1305.90649414062,340
2466,4291.98376987802,4250.08328763097,1305.90649414062,340
2467,4268.7852468215,4250.50911219952,1305.90649414062,340
2468,4282.86286468921,4256.40042526695,1305.90649414062,340
2469,4276.68506434329,4257.02432994852,1305.90649414062,340
2470,4272.32043026174,4260.65177704602,1305.90649414062,340
2471,4225.23262539851,4261.23130159378,1305.90649414062,340
2472,4285.51271589913,4262.91763507464,1305.90649414062,340
2473,4272.46099644957,4263.29478386891,1309.53869628906,340
2474,4285.12382926185,4264.15804554412,1309.53869628906,340
2475,4302.4880602867,4265.01540760542,1309.53869628906,340
2476,4289.77134604222,4267.24830152715,1309.53869628906,340
2477,4300.54074272358,4267.9681003971,1309.53869628906,340
2478,4249.41342029746,4267.39775874999,1309.53869628906,340
2479,4220.8483678604,4266.30511852517,1309.53869628906,340
2480,4276.26862698899,4265.49716728047,1309.53869628906,340
2481,4248.17250144558,4265.29735872253,1309.40844726562,340
2482,4311.36751960015,4266.66187980619,1309.40844726562,340
2483,4230.76352478732,4265.16575818279,1309.40844726562,340
2484,4314.58421348907,4268.16026011854,1309.40844726562,340
2485,4305.77875099261,4267.85810998974,1309.40844726562,340
2486,4288.55767392593,4271.98286969795,1309.40844726562,340
2487,4289.43336984024,4274.26448959235,1309.40844726562,340
2488,4297.29274085571,4276.07498796072,1309.40844726562,340
2489,4300.36972511472,4278.20618989568,1307.98486328125,340
2490,4311.45074382529,4279.92275484315,1307.98486328125,340
2491,4256.0262480107,4278.48445396846,1307.98486328125,340
2492,4278.52218249846,4278.87393139554,1307.98486328125,340
2493,4300.58672781558,4279.58288592059,1307.98486328125,340
2494,4200.30604042077,4276.52772496369,1307.98486328125,340
2495,4304.23458305333,4277.80429107536,1307.98486328125,340
2496,4306.47156699007,4281.05384873902,1307.98486328125,340
2497,4314.76060432595,4282.22376427609,1307.0263671875,340
2498,4304.97661036535,4283.52438883272,1307.0263671875,340
2499,4286.06745754246,4283.56213396395,1307.0263671875,340
2500,4283.87496364184,4282.81761009815,1307.0263671875,340
2501,4200.71600668876,4279.25539652401,1307.0263671875,340
2502,4280.94714819739,4278.47165274297,1307.0263671875,340
2503,4333.49696237993,4281.83499442626,1307.0263671875,340
2504,4273.46105172745,4283.93950178095,1307.0263671875,340
2505,4262.92995010973,4283.40595470578,1307.52587890625,340
2506,4291.10685641268,4285.12332890446,1307.52587890625,340
2507,4288.25715196453,4284.19891419904,1307.52587890625,340
2508,4264.65038065833,4285.55438843387,1307.52587890625,340
2509,4285.80486690768,4284.40321457062,1307.52587890625,340
2510,4289.81552296704,4283.7646854496,1307.52587890625,340
2511,4255.13872954526,4282.42792767437,1307.52587890625,340
2512,4286.34260077757,4282.30429691186,1307.52587890625,340
2513,4295.3546312078,4282.22677252595,1311.04321289062,340
2514,4259.82339553567,4280.60491934278,1311.04321289062,340
2515,4303.06654748516,4280.26955148918,1311.04321289062,340
2516,4282.71290956016,4281.33701795116,1311.04321289062,340
2517,4312.3560726574,4282.69037355751,1311.04321289062,340
2518,4322.71996426837,4283.57570301563,1311.04321289062,340
2519,4276.79454221566,4286.63524308742,1311.04321289062,340
2520,4277.91719446361,4285.58254754383,1311.04321289062,340
2521,4303.27030910174,4285.4544972283,1312.1591796875,340
2522,4225.35324509332,4281.87820285899,1312.1591796875,340
2523,4262.45050174012,4280.17715851399,1312.1591796875,340
2524,4315.07249481867,4281.33736000503,1312.1591796875,340
2525,4234.67196365512,4279.36924000556,1312.1591796875,340
2526,4293.83952700567,4283.09418081824,1312.1591796875,340
2527,4312.15075240484,4284.34232498654,1312.1591796875,340
2528,4301.36667701479,4283.05711357193,1312.1591796875,340
2529,4298.1901787626,4284.04627865334,1313.37902832031,340
2530,4327.84858235343,4286.64302394309,1313.37902832031,340
2531,4289.77240547008,4286.58964590538,1313.37902832031,340
2532,4310.50369608407,4287.47950767017,1313.37902832031,340
2533,4230.22472693092,4286.10248152107,1313.37902832031,340
2534,4232.18497936858,4283.9576860195,1313.37902832031,340
2535,4311.88956258932,4284.8406476044,1313.37902832031,340
2536,4297.74363630732,4286.54484387488,1313.37902832031,340
2537,4321.12572848385,4287.93616898313,1314.18908691406,340
2538,4243.92151262522,4285.87884423983,1314.18908691406,340
2539,4317.48752782811,4288.18540953152,1314.18908691406,340
2540,4306.80676900979,4288.33501839251,1314.18908691406,340
2541,4319.95949423776,4289.82488177961,1314.18908691406,340
2542,4186.13504269702,4284.7760405812,1314.18908691406,340
2543,4302.24478413488,4283.95703337586,1314.18908691406,340
2544,4181.28758785948,4280.13675520161,1314.18908691406,340
2545,4175.05653756178,4276.02232892554,1312.72888183594,340
2546,4242.07969951234,4273.57470454196,1312.72888183594,340
2547,4290.10736509319,4276.16486934196,1312.72888183594,340
2548,4284.67792338037,4277.05396620757,1312.72888183594,340
2549,4273.56975680505,4275.39385668702,1312.72888183594,340
2550,4201.81411030053,4274.07954255284,1312.72888183594,340
2551,4291.53729288201,4273.98745318789,1312.72888183594,340
2552,4325.1623705728,4274.50791791461,1312.72888183594,340
2553,4286.85807996229,4273.92757403251,1310.88891601562,340
2554,4271.75966189398,4272.87035335777,1310.88891601562,340
2555,4298.70446991466,4271.70458886021,1310.88891601562,340
2556,4263.82159567828,4270.66655646854,1310.88891601562,340
2557,4316.90122899748,4270.92245778508,1310.88891601562,340
2558,4321.06329744132,4274.55600060549,1310.88891601562,340
2559,4316.29027448636,4277.92021241021,1310.88891601562,340
2560,4229.51295610408,4274.6251481508,1310.88891601562,340
2561,4305.67414154332,4274.94236836024,1312.41430664062,340
2562,4292.81453574949,4273.80992065086,1312.41430664062,340
2563,4257.96063214506,4274.37148543166,1312.41430664062,340
2564,4318.23782681148,4274.40149739099,1312.41430664062,340
2565,4276.10192176244,4273.1733035011,1312.41430664062,340
2566,4260.21131912224,4270.78337649648,1312.41430664062,340
2567,4271.91130973827,4274.21442717813,1312.41430664062,340
2568,4294.47616536469,4273.90368242732,1312.41430664062,340
2569,4312.9637196548,4279.17072769913,1313.10620117188,340
2570,4233.15384171683,4281.49461986533,1313.10620117188,340
2571,4329.59468163824,4284.99521915037,1313.10620117188,340
2572,4276.50928403193,4284.45129590792,1313.10620117188,340
2573,4334.30134215284,4286.43623265882,1313.10620117188,340
2574,4317.34383997723,4288.18719598571,1313.10620117188,340
2575,4268.81902624748,4290.86739262358,1313.10620117188,340
2576,4343.15885696832,4292.93225518704,1313.10620117188,340
2577,4329.6113757812,4293.11021539537,1314.34204101562,340
2578,4302.60912736879,4293.74025729163,1314.34204101562,340
2579,4275.99948250031,4293.90985011588,1314.34204101562,340
2580,4321.60226007505,4294.8257617223,1314.34204101562,340
2581,4326.69620579723,4297.34074612706,1314.34204101562,340
2582,4306.33906367124,4296.91825951401,1314.34204101562,340
2583,4320.92825642943,4296.91285787353,1314.34204101562,340
2584,4304.6716605393,4296.44811331565,1314.34204101562,340
2585,4308.25864590119,4299.59794090753,1314.77502441406,340
2586,4301.06658669583,4299.41363871364,1314.77502441406,340
2587,4299.93437901072,4299.69843244408,1314.77502441406,340
2588,4332.8617704896,4302.69447797787,1314.77502441406,340
2589,4302.72925712339,4302.07413519034,1314.77502441406,340
2590,4318.84973918172,4303.78404788711,1314.77502441406,340
2591,4331.27056799062,4306.62641784185,1314.77502441406,340
2592,4296.19526148164,4307.59777591158,1314.77502441406,340
2593,4331.06554736284,4309.06135119151,1315.63537597656,340
2594,4299.73863603904,4308.53234784688,1315.63537597656,340
2595,4320.3441266074,4312.0199592425,1315.63537597656,340
2596,4332.84848555481,4312.15011139917,1315.63537597656,340
2597,4260.38621998018,4311.5051888371,1315.63537597656,340
2598,4328.51715189235,4311.27382122668,1315.63537597656,340
2599,4322.76435234516,4311.49064172139,1315.63537597656,340
2600,4305.11271397931,4312.94238923067,1315.63537597656,340
2601,4252.57927184621,4309.31920582578,1316.22045898438,340
2602,4294.28139295985,4307.90600651293,1316.22045898438,340
2603,4303.9532378898,4307.95977093377,1316.22045898438,340
2604,4323.15463519176,4309.84597704143,1316.22045898438,340
2605,4324.5840705061,4309.96524945867,1316.22045898438,340
2606,4292.50020521419,4308.59740943535,1316.22045898438,340
2607,4321.49114272991,4309.20349259769,1316.22045898438,340
2608,4306.30048504647,4308.61838174237,1316.22045898438,340
2609,4343.8000191031,4310.18351608493,1316.75476074219,340
2610,4328.73484869374,4311.00256419663,1316.75476074219,340
2611,4306.28856608555,4311.21144337222,1316.75476074219,340
2612,4312.11330355362,4311.69860035393,1316.75476074219,340
2613,4307.51484887248,4310.68472348925,1316.75476074219,340
2614,4353.48290299443,4312.71486932409,1316.75476074219,340
2615,4280.29456226254,4311.17266224732,1316.75476074219,340
2616,4299.30036457723,4309.89385411079,1316.75476074219,340
2617,4320.91588493899,4310.88267904908,1317.77404785156,340
2618,4323.45866175468,4310.57840362476,1317.77404785156,340
2619,4280.5940071557,4309.81261846942,1317.77404785156,340
2620,4168.86494487451,4303.75345120011,1317.77404785156,340
2621,4306.97544968567,4302.71852976534,1317.77404785156,340
2622,4313.0344056371,4304.82445719162,1317.77404785156,340
2623,4305.49979420358,4303.90376288407,1317.77404785156,340
2624,4299.46947848826,4302.97196792979,1317.77404785156,340
2625,4225.88776577459,4299.8029700016,1319.57983398438,340
2626,4288.95885371665,4301.25815327642,1319.57983398438,340
2627,4315.89094238758,4302.12253525353,1319.57983398438,340
2628,4302.89462011809,4302.08019054266,1319.57983398438,340
2629,4309.85081845346,4301.54803787313,1319.57983398438,340
2630,4277.46876813562,4299.66342577831,1319.57983398438,340
2631,4237.57660677751,4297.46648184084,1319.57983398438,340
2632,4314.37435057139,4297.1818101545,1319.57983398438,340
2633,4324.71700280799,4297.91847086496,1319.21520996094,340
2634,4315.49674778755,4296.78634001234,1319.21520996094,340
2635,4238.55349475552,4293.17908585481,1319.21520996094,340
2636,4311.82527768182,4293.40055431866,1319.21520996094,340
2637,4296.31180355823,4292.76849431885,1319.21520996094,340
2638,4271.8881965073,4291.34342822424,1319.21520996094,340
2639,4295.53118031253,4289.02535931696,1319.21520996094,340
2640,4305.02237636197,4290.01447188094,1319.21520996094,340
2641,4296.19617177658,4289.89030416892,1318.97998046875,340
2642,4303.9560156861,4289.2119093988,1318.97998046875,340
2643,4291.55795045986,4287.93588094701,1318.97998046875,340
2644,4315.1819526959,4289.31939876861,1318.97998046875,340
2645,4312.76793279868,4295.07551828558,1318.97998046875,340
2646,4298.94245130743,4294.75419835045,1318.97998046875,340
2647,4308.67097796117,4294.57966124342,1318.97998046875,340
2648,4305.48289543036,4294.57898529249,1318.97998046875,340
2649,4278.92649300641,4293.75726587321,1316.55139160156,340
2650,4292.80272412369,4296.43386420718,1316.55139160156,340
2651,4309.11055322174,4297.23993218738,1316.55139160156,340
2652,4327.22326924798,4297.6932252618,1316.55139160156,340
2653,4285.29785051306,4296.98935447759,1316.55139160156,340
2654,4301.35544405477,4296.64953950165,1316.55139160156,340
2655,4310.74724284009,4297.98067848983,1316.55139160156,340
2656,4319.73476450329,4301.26700479886,1316.55139160156,340
2657,4211.94065020026,4297.16965678401,1316.49829101562,340
2658,4325.70229041062,4297.20906828812,1316.49829101562,340
2659,4309.68507058982,4296.97660120021,1316.49829101562,340
2660,4319.57136709621,4300.21731609384,1316.49829101562,340
2661,4262.08734003979,4298.22779858815,1316.49829101562,340
2662,4296.77513122866,4298.24633169497,1316.49829101562,340
2663,4326.70551761341,4300.43902453922,1316.49829101562,340
2664,4310.57928934785,4301.04094890063,1316.49829101562,340
2665,4240.68979574743,4298.46764567605,1316.31237792969,340
2666,4256.28910508748,4296.87136300848,1316.31237792969,340
2667,4234.54708936999,4294.09500595584,1316.31237792969,340
2668,4329.77643612491,4295.62374538244,1316.31237792969,340
2669,4306.07779843597,4295.25957921204,1316.31237792969,340
2670,4322.64662692671,4295.65472697716,1316.31237792969,340
2671,4311.74399580278,4296.16678875698,1316.31237792969,340
2672,4324.94052512502,4296.81757064353,1316.31237792969,340
2673,4289.36278204852,4296.17276610826,1317.0625,340
2674,4313.98379541335,4297.57505820454,1317.0625,340
2675,4296.49965339731,4297.72293537548,1317.0625,340
2676,4337.76315157737,4298.86903930971,1317.0625,340
2677,4296.27182971672,4297.63098172846,1317.0625,340
2678,4321.42139078342,4299.07592333927,1317.0625,340
2679,4312.04908177761,4299.50366884819,1317.0625,340
2680,4311.6343792964,4299.53915430644,1317.0625,340
2681,4326.84006304271,4299.82336624801,1318.10522460938,340
2682,4310.89487274783,4303.78153514992,1318.10522460938,340
2683,4293.89419209341,4302.50921121723,1318.10522460938,340
2684,4332.80251795883,4303.43390911199,1318.10522460938,340
2685,4279.75580637435,4301.84128668311,1318.10522460938,340
2686,4302.69271373701,4303.465501631,1318.10522460938,340
2687,4266.65672096896,4302.26076522061,1318.10522460938,340
2688,4310.02239893801,4301.5934404736,1318.10522460938,340
2689,4336.52071411175,4302.63109746415,1319.22509765625,340
2690,4323.34127297854,4305.9371565534,1319.22509765625,340
2691,4259.49128136033,4306.06524360431,1319.22509765625,340
2692,4280.12957755023,4307.88854313152,1319.22509765625,340
2693,4274.83772655312,4305.69099474865,1319.22509765625,340
2694,4326.27042669783,4306.49869987913,1319.22509765625,340
2695,4309.07896680514,4305.95599347426,1319.22509765625,340
2696,4250.76384008649,4303.51678724561,1319.22509765625,340
2697,4237.26971000044,4300.00995464063,1319.99206542969,340
2698,4114.55221534858,4293.01753197263,1319.99206542969,340
2699,4241.02431133789,4290.09915260961,1319.99206542969,340
2700,4299.89421088489,4290.23493490911,1319.99206542969,340
2701,4307.41177296447,4289.0208797646,1319.99206542969,340
2702,4329.38720166031,4290.34549464234,1319.99206542969,340
2703,4163.72669916999,4284.0377069778,1319.99206542969,340
2704,4320.70827554006,4284.3840747283,1319.99206542969,340
2705,4305.32819149353,4284.13182721619,1321.53686523438,340
2706,4268.55679765509,4281.80049660068,1321.53686523438,340
2707,4211.08933741643,4277.80827518743,1321.53686523438,340
2708,4320.0189397937,4278.85326509544,1321.53686523438,340
2709,4187.03540210425,4273.02258046126,1321.53686523438,340
2710,4157.01396291257,4268.11290672278,1321.53686523438,340
2711,4282.52104135658,4267.30603982757,1321.53686523438,340
2712,4305.71820675628,4268.86849925906,1321.53686523438,340
2713,4266.39301198317,4267.12332378087,1323.26525878906,340
2714,4251.05143227055,4263.70455250722,1323.26525878906,340
2715,4210.29857009334,4259.18284439181,1323.26525878906,340
2716,4302.9276035986,4260.92029728134,1323.26525878906,340
2717,4260.57666611407,4260.13818082389,1323.26525878906,340
2718,4128.76446016755,4254.29525016847,1323.26525878906,340
2719,4172.4365682891,4248.14189583212,1323.26525878906,340
2720,4228.93077230156,4244.93596805198,1323.26525878906,340
2721,4131.06592909302,4240.14805161224,1324.90295410156,340
2722,4282.45385400616,4241.95541737247,1324.90295410156,340
2723,4300.26433710822,4249.38390224285,1324.90295410156,340
2724,4190.15194371179,4247.34900753781,1324.90295410156,340
2725,4192.65008181857,4243.05924237516,1324.90295410156,340
2726,4112.5233677112,4235.26370616503,1324.90295410156,340
2727,4311.2225939284,4234.53712185575,1324.90295410156,340
2728,4177.67542727989,4235.09507098015,1324.90295410156,340
2729,4222.40839615012,4231.16307580455,1326.50891113281,340
2730,4177.03055367765,4226.03117029191,1326.50891113281,340
2731,4110.81498677874,4219.72149785686,1326.50891113281,340
2732,4194.74419123128,4219.06769200945,1326.50891113281,340
2733,4160.16635539757,4212.67358863361,1326.50891113281,340
2734,4140.09412632016,4210.79593760225,1326.50891113281,340
2735,4276.3861252064,4215.570824094,1326.50891113281,340
2736,4296.57495310231,4216.13298056383,1326.50891113281,340
2737,4235.09545953934,4213.30807067515,1325.75732421875,340
2738,4298.36524316463,4214.58695992241,1325.75732421875,340
2739,4225.86079612261,4213.57933447649,1325.75732421875,340
2740,4145.24645631614,4210.9772499254,1325.75732421875,340
2741,4250.71795148952,4208.88886384104,1325.75732421875,340
2742,4220.8292614723,4207.29896765537,1325.75732421875,340
2743,4293.78312063389,4213.89971407402,1325.75732421875,340
2744,4284.11380387997,4218.36680349766,1325.75732421875,340
2745,4244.89663729855,4219.00543809754,1326.01916503906,340
2746,4191.57175556551,4221.42567115644,1326.01916503906,340
2747,4236.13685735609,4219.57299129043,1326.01916503906,340
2748,4287.17451276674,4219.04939831677,1326.01916503906,340
2749,4251.87131907967,4221.51817333149,1326.01916503906,340
2750,4282.84593397405,4225.12600741771,1326.01916503906,340
2751,4158.5432873091,4226.96680420162,1326.01916503906,340
2752,4283.18527909153,4225.84531160815,1326.01916503906,340
2753,4289.33585811347,4230.31172884149,1327.10778808594,340
2754,4236.71536838948,4230.88400773107,1327.10778808594,340
2755,4240.89564173438,4233.43861125334,1327.10778808594,340
2756,4150.94433042802,4235.04378499931,1327.10778808594,340
2757,4308.35844913063,4239.58835531528,1327.10778808594,340
2758,4281.37297566043,4244.4366201258,1327.10778808594,340
2759,4282.28681538356,4250.12432768833,1327.10778808594,340
2760,4255.74271121702,4249.29859112876,1327.10778808594,340
2761,4248.07602634631,4247.35863405852,1327.2421875,340
2762,4307.46785701321,4250.25352995747,1327.2421875,340
2763,4147.81839737142,4244.23165612574,1327.2421875,340
2764,4266.16759395595,4245.84392803908,1327.2421875,340
2765,4279.72457441239,4251.22305276293,1327.2421875,340
2766,4273.70791663131,4252.1426513686,1327.2421875,340
2767,4288.45965294127,4254.84786702736,1327.2421875,340
2768,4296.33737190951,4254.95003707838,1327.2421875,340
2769,4287.54110392265,4255.08712908009,1325.51501464844,340
2770,4276.56698884192,4256.35394314182,1325.51501464844,340
2771,4071.09767555528,4251.53497994142,1325.51501464844,340
2772,4206.50933132056,4250.34987889999,1325.51501464844,340
2773,4201.66869715202,4246.9296462754,1325.51501464844,340
2774,4245.89233181075,4246.69048678465,1325.51501464844,340
2775,4289.83065764831,4246.96987573162,1325.51501464844,340
2776,4301.82637073454,4252.70119906864,1325.51501464844,340
2777,4308.30055950091,4253.70581028501,1323.75756835938,340
2778,4307.42941594544,4254.42955259829,1323.75756835938,340
2779,4290.44830574531,4256.57887009252,1323.75756835938,340
2780,4271.8231711696,4257.81597126993,1323.75756835938,340
2781,4230.80226547993,4261.01028867201,1323.75756835938,340
2782,4286.71544535728,4260.14456852107,1323.75756835938,340
2783,4311.21138234371,4261.33810478841,1323.75756835938,340
2784,4253.09436494268,4260.17040677077,1323.75756835938,340
2785,4116.55572395974,4254.60292728048,1320.68701171875,340
2786,4309.56350378074,4257.06242637786,1320.68701171875,340
2787,4302.66476021658,4256.87030250599,1320.68701171875,340
2788,4308.30843034313,4263.28990382486,1320.68701171875,340
2789,4299.87886763762,4264.63835477213,1320.68701171875,340
2790,4299.23082149263,4265.41860465534,1320.68701171875,340
2791,4322.72878916096,4267.37943955652,1320.68701171875,340
2792,4293.70731377771,4267.58934598998,1320.68701171875,340
2793,4295.84185021783,4267.56952512231,1320.48913574219,340
2794,4343.71387345562,4269.81643590363,1320.48913574219,340
2795,4295.96387111947,4270.59231119473,1320.48913574219,340
2796,4305.6165113456,4279.97306462635,1320.48913574219,340
2797,4301.63189967136,4283.77796736038,1320.48913574219,340
2798,4305.19367202391,4287.91896635525,1320.48913574219,340
2799,4276.81103328212,4289.15571441411,1320.48913574219,340
2800,4239.99254429481,4287.16218987997,1320.48913574219,340
2801,4303.37239511903,4287.22403085535,1321.38037109375,340
2802,4304.78781880409,4287.08352122748,1321.38037109375,340
2803,4288.50569031078,4286.32657220209,1321.38037109375,340
2804,4296.46673793506,4286.56730948968,1321.38037109375,340
2805,4296.27712392911,4287.54546760006,1321.38037109375,340
2806,4312.17584965085,4290.8004109669,1321.38037109375,340
2807,4285.43867917553,4290.74934031963,1321.38037109375,340
2808,4308.13335663253,4290.62621929118,1321.38037109375,340
2809,4300.58755013825,4292.525946699,1320.70642089844,340
2810,4335.21129015454,4301.27216934679,1320.70642089844,340
2811,4324.75270894187,4301.87973755324,1320.70642089844,340
2812,4322.97607832996,4302.69219027777,1320.70642089844,340
2813,4323.9837852949,4303.31920447585,1320.70642089844,340
2814,4322.24415202398,4304.2138158513,1320.70642089844,340
2815,4313.14301503917,4304.77030359316,1320.70642089844,340
2816,4321.81658612457,4304.73381547171,1320.70642089844,340
2817,4303.29981757659,4305.11751562366,1321.60681152344,340
2818,4299.381660218,4305.25910802367,1321.60681152344,340
2819,4307.48839044532,4303.81008870326,1321.60681152344,340
2820,4272.80039616695,4302.88354970516,1321.60681152344,340
2821,4295.86228908639,4302.49338081479,1321.60681152344,340
2822,4325.37757310767,4303.44320775224,1321.60681152344,340
2823,4313.45768409948,4303.77376823526,1321.60681152344,340
2824,4300.73962521661,4304.73091191264,1321.60681152344,340
2825,4306.8740919687,4307.4061738196,1320.26330566406,340
2826,4277.78356956889,4306.38262079759,1320.26330566406,340
2827,4278.58333401733,4305.33444140612,1320.26330566406,340
2828,4309.19682533021,4306.1620868069,1320.26330566406,340
2829,4295.69012057429,4306.13102211247,1320.26330566406,340
2830,4294.89851773015,4306.07587786451,1320.26330566406,340
2831,4299.26098400476,4305.55928323867,1320.26330566406,340
2832,4279.01200652505,4305.30221633265,1320.26330566406,340
2833,4302.26006045848,4305.06728448569,1319.80932617188,340
2834,4306.413874879,4305.30033747531,1319.80932617188,340
2835,4319.63417362029,4304.67725281394,1319.80932617188,340
2836,4324.04839336662,4304.64908019093,1319.80932617188,340
2837,4319.04956169681,4304.49201952561,1319.80932617188,340
2838,4286.5448784578,4302.99446325213,1319.80932617188,340
2839,4300.73030793415,4302.13390948853,1319.80932617188,340
2840,4305.32724920853,4301.82127885531,1319.80932617188,340
2841,4329.92511589474,4302.14562004611,1321.69152832031,340
2842,4274.25686053824,4300.98390176458,1321.69152832031,340
2843,4305.28213855642,4301.21992089811,1321.69152832031,340
2844,4306.06582162111,4301.16301814515,1321.69152832031,340
2845,4278.01927215193,4301.37177318454,1321.69152832031,340
2846,4282.72007771446,4300.84608472967,1321.69152832031,340
2847,4300.95113723117,4299.86902729461,1321.69152832031,340
2848,4283.54402746383,4298.67248102918,1321.69152832031,340
2849,4312.9088977185,4299.15925192926,1321.52197265625,340
2850,4309.87277354524,4299.27919919232,1321.52197265625,340
2851,4334.28579056102,4301.53928803201,1321.52197265625,340
2852,4312.3523316379,4302.89004793683,1321.52197265625,340
2853,4293.64599687215,4302.26801479851,1321.52197265625,340
2854,4312.54810941391,4302.94233435209,1321.52197265625,340
2855,4321.72750250738,4304.01549374318,1321.52197265625,340
2856,4307.52503337541,4304.34605571801,1321.52197265625,340
2857,4321.30766522129,4306.03788206586,1321.669921875,340
2858,4291.68789611878,4305.61499549227,1321.669921875,340
2859,4295.98696547801,4305.19791911623,1321.669921875,340
2860,4318.33152204099,4305.14581305305,1321.669921875,340
2861,4326.04476991772,4305.2256681151,1321.669921875,340
2862,4322.39855601495,4305.35962788782,1321.669921875,340
2863,4318.80235277755,4306.64992686061,1321.669921875,340
2864,4334.84797094205,4308.01463338093,1321.669921875,340
2865,4303.30384610075,4307.93369725662,1322.61291503906,340
2866,4320.3938688462,4307.55244737468,1322.61291503906,340
2867,4318.00341832452,4309.30230968613,1322.61291503906,340
2868,4247.84080855423,4307.00465648604,1322.61291503906,340
2869,4337.40685991586,4308.25829801783,1322.61291503906,340
2870,4330.9726424014,4310.37643282781,1322.61291503906,340
2871,4315.95207691637,4311.70571279589,1322.61291503906,340
2872,4305.57672137909,4311.89073616181,1322.61291503906,340
2873,4310.1607081379,4312.95540338877,1323.88256835938,340
2874,4327.08025845344,4313.52225781817,1323.88256835938,340
2875,4319.75123664437,4313.91739634213,1323.88256835938,340
2876,4332.23650576345,4313.83542495023,1323.88256835938,340
2877,4318.44082060889,4314.07896450907,1323.88256835938,340
2878,4317.4860327025,4315.03256594228,1323.88256835938,340
2879,4307.5012991516,4314.83069353179,1323.88256835938,340
2880,4317.39343629235,4314.65733088319,1323.88256835938,340
2881,4317.37803477203,4315.05145093905,1324.37475585938,340
2882,4345.97921602288,4316.03831297112,1324.37475585938,340
2883,4172.32369256153,4311.26374482883,1324.37475585938,340
2884,4180.44725198779,4306.64215628922,1324.37475585938,340
2885,4299.40681302075,4305.88516792841,1324.37475585938,340
2886,4331.62105990942,4306.10821952808,1324.37475585938,340
2887,4313.25877260359,4305.74262819162,1324.37475585938,340
2888,4323.9284283163,4305.94767121317,1324.37475585938,340
2889,4333.06061118449,4305.87617682287,1325.61022949219,340
2890,4310.87555391078,4306.17904513527,1325.61022949219,340
2891,4321.1489256366,4306.20924740688,1325.61022949219,340
2892,4260.40558750671,4303.90533417417,1325.61022949219,340
2893,4327.41424785919,4307.08827174637,1325.61022949219,340
2894,4311.17018497862,4306.03880474888,1325.61022949219,340
2895,4315.77076079342,4305.43072948456,1325.61022949219,340
2896,4306.95946907835,4305.07102517104,1325.61022949219,340
2897,4348.84094080868,4306.80159394823,1326.70727539062,340
2898,4301.66039438708,4306.46158139819,1326.70727539062,340
2899,4319.65642804247,4306.16462818175,1326.70727539062,340
2900,4199.5864775762,4301.35803781903,1326.70727539062,340
2901,4342.31703561608,4301.76125901313,1326.70727539062,340
2902,4327.89928768029,4302.13959769599,1326.70727539062,340
2903,4347.36967777746,4303.33494349899,1326.70727539062,340
2904,4316.93689143102,4303.71236719016,1326.70727539062,340
2905,4338.55266864372,4304.55873648422,1327.90246582031,340
2906,4317.1110848164,4304.54805848599,1327.90246582031,340
2907,4311.06952739066,4303.1516709407,1327.90246582031,340
2908,4317.99770027319,4308.97863124917,1327.90246582031,340
2909,4332.44871232861,4315.0586896628,1327.90246582031,340
2910,4324.0930713701,4316.04613999678,1327.90246582031,340
2911,4296.08351335688,4314.62463813468,1327.90246582031,340
2912,4339.20854213676,4315.662628916,1327.90246582031,340
2913,4337.88036674203,4316.22070645303,1328.21130371094,340
2914,4313.04741734309,4315.42017869938,1328.21130371094,340
2915,4338.78624401603,4316.53660630359,1328.21130371094,340
2916,4261.97719520473,4314.16973708631,1328.21130371094,340
2917,4315.91412396683,4316.39007854472,1328.21130371094,340
2918,4327.52704067039,4316.39459025716,1328.21130371094,340
2919,4319.87541152789,4316.74279931913,1328.21130371094,340
2920,4164.68362419262,4310.6993138551,1328.21130371094,340
2921,4244.47302313531,4308.19985601738,1330.06225585938,340
2922,4337.3345012212,4307.73959843388,1330.06225585938,340
2923,4332.72009075151,4308.98198628846,1330.06225585938,340
2924,4321.90624367676,4309.07197891383,1330.06225585938,340
2925,4311.22831920505,4313.53765257898,1330.06225585938,340
2926,4293.26581892967,4311.57560391153,1330.06225585938,340
2927,4333.78846750673,4311.81117110459,1330.06225585938,340
2928,4248.63174230505,4307.86165368569,1330.06225585938,340
2929,4271.89167112903,4306.05984487361,1329.35412597656,340
2930,4309.74031969039,4304.90735091548,1329.35412597656,340
2931,4328.35556458352,4305.35713010616,1329.35412597656,340
2932,4326.64938636582,4305.98032446517,1329.35412597656,340
2933,4334.72963394657,4306.6496018121,1329.35412597656,340
2934,4346.89943795819,4307.22763083729,1329.35412597656,340
2935,4330.12393244596,4307.46886528032,1329.35412597656,340
2936,4297.91966761298,4307.54231145057,1329.35412597656,340
2937,4255.68307712592,4304.20129285013,1329.32800292969,340
2938,4276.8741501828,4301.76104418776,1329.32800292969,340
2939,4331.7844846582,4302.51052688037,1329.32800292969,340
2940,4332.91762285384,4302.27578203388,1329.32800292969,340
2941,4324.05403498304,4304.75885562501,1329.32800292969,340
2942,4288.88325566665,4303.677620893,1329.32800292969,340
2943,4341.03288315838,4304.21785459252,1329.32800292969,340
2944,4293.00650602905,4303.14309837257,1329.32800292969,340
2945,4295.79376900784,4308.38750416518,1328.95739746094,340
2946,4169.39368255664,4305.38433054203,1328.95739746094,340
2947,4142.39875471851,4297.58690068192,1328.95739746094,340
2948,4119.42702250298,4289.05517795198,1328.95739746094,340
2949,4127.34102608634,4281.27256924837,1328.95739746094,340
2950,4144.27696127764,4274.59451493127,1328.95739746094,340
2951,4240.91737589727,4272.50057720997,1328.95739746094,340
2952,4334.66169561997,4272.5355063345,1328.95739746094,340
2953,4116.9292841839,4267.26740800966,1327.93920898438,340
2954,4219.09812164494,4265.15566603029,1327.93920898438,340
2955,4283.45440991025,4264.10422963909,1327.93920898438,340
2956,4113.82257079272,4255.52290988746,1327.93920898438,340
2957,4239.78670647623,4252.04840269187,1327.93920898438,340
2958,4318.46915315609,4251.39798346025,1327.93920898438,340
2959,4233.54867012035,4246.86395274674,1327.93920898438,340
2960,4225.99918961667,4242.69896303357,1327.93920898438,340
2961,4145.05983414736,4236.58456969494,1328.11950683594,340
2962,4274.56646047284,4237.33990502882,1328.11950683594,340
2963,4299.48794072536,4238.24445665052,1328.11950683594,340
2964,4286.62632400607,4236.43813022444,1328.11950683594,340
2965,4248.33902950464,4233.05498649047,1328.11950683594,340
2966,4109.91932729137,4224.4895981828,1328.11950683594,340
2967,4273.06070101168,4223.8566959966,1328.11950683594,340
2968,4301.53178510228,4222.27665207436,1328.11950683594,340
2969,4289.24598252911,4222.12623113436,1325.55456542969,340
2970,4332.83446319975,4223.60785890204,1325.55456542969,340
2971,4157.32936570757,4223.12528622808,1325.55456542969,340
2972,4319.09167080755,4230.19300287164,1325.55456542969,340
2973,4187.89982669493,4232.93191503932,1325.55456542969,340
2974,4223.22831249327,4236.76740649559,1325.55456542969,340
2975,4249.47604687248,4240.97536991939,1325.55456542969,340
2976,4307.0435763198,4243.62041793629,1325.55456542969,340
2977,4201.12431543974,4238.27892272908,1325.189453125,340
2978,4328.04487942731,4246.72354653881,1325.189453125,340
2979,4286.74688957228,4249.42949725591,1325.189453125,340
2980,4072.46422867655,4240.98989000656,1325.189453125,340
2981,4304.48911494088,4248.61655177249,1325.189453125,340
2982,4297.5928962494,4250.92879936341,1325.189453125,340
2983,4356.75143152869,4252.46009049832,1325.189453125,340
2984,4332.81269730655,4256.43065158576,1325.189453125,340
2985,4320.2575228169,4260.20098491377,1323.9443359375,340
2986,4313.58492310907,4266.94198847224,1323.9443359375,340
2987,4321.96788061308,4268.83804527785,1323.9443359375,340
2988,4293.73256624998,4268.60783029884,1323.9443359375,340
2989,4313.04675986766,4269.6646477333,1323.9443359375,340
2990,4245.52941871022,4269.55226330152,1323.9443359375,340
2991,4304.01901805949,4277.31625093225,1323.9443359375,340
2992,4296.71615158646,4278.26246895524,1323.9443359375,340
2993,4216.10934185505,4274.84557122535,1324.14025878906,340
2994,4308.61434528476,4275.62030573558,1324.14025878906,340
2995,4336.48719915523,4275.7664151738,1324.14025878906,340
2996,4303.863694751,4281.62778833553,1324.14025878906,340
2997,4288.71777210737,4280.41283238753,1324.14025878906,340
2998,4299.2741764645,4284.86780637831,1324.14025878906,340
2999,4319.37109891052,4288.713517835,1324.14025878906,340
3000,4300.78871122367,4290.76602440905,1324.14025878906,340
