episode,reward,avg_reward,q0,steps
1,-294.839573379551,-294.839573379551,1.49475072248606e-05,340
2,-334.571345397864,-314.705459388708,1.49475072248606e-05,340
3,-455.700304399714,-361.703741059043,1.49475072248606e-05,340
4,-478.56527585908,-390.919124759052,1.49475072248606e-05,340
5,-434.119804390068,-399.559260685255,1.49475072248606e-05,211
6,-429.009644829603,-404.467658042647,1.49475072248606e-05,340
7,-482.007325836882,-415.544753441823,1.49475072248606e-05,254
8,-20.8470630440857,-366.207542142106,1.49475072248606e-05,340
9,-5.00088928210463,-326.073469602106,-16.2147350311279,340
10,-721.020465909041,-365.568169232799,-16.2147350311279,340
11,-757.436056770594,-401.192522645326,-16.2147350311279,340
12,-347.517501180485,-396.719604189923,-16.2147350311279,340
13,-418.982614524128,-398.4321434464,-16.2147350311279,340
14,-827.135597529229,-429.053818738031,-16.2147350311279,340
15,-592.567385144783,-439.954723165148,-16.2147350311279,340
16,-730.171239902434,-458.093255461228,-16.2147350311279,340
17,-767.018829593723,-476.265348057257,-13.2871809005737,340
18,-248.659542962129,-463.620581107528,-13.2871809005737,340
19,-113.211428867922,-445.177994147548,-13.2871809005737,340
20,-421.839785819653,-444.011083731154,-13.2871809005737,340
21,-439.066314555083,-443.775618532293,-13.2871809005737,340
22,-611.014444089549,-451.37738333035,-13.2871809005737,340
23,-262.355571347236,-443.159043678911,-13.2871809005737,227
24,-650.070738656071,-451.780364302959,-13.2871809005737,340
25,34.6784058764195,-432.322013495784,1.8611376285553,340
26,-299.009262457243,-432.488801058891,1.8611376285553,340
27,-471.940266915668,-437.983557919604,1.8611376285553,340
28,-250.371093077008,-429.770389466695,1.8611376285553,340
29,-48.2938543495234,-412.559532606313,1.8611376285553,160
30,-200.987863374161,-403.234254965677,1.8611376285553,340
31,-241.048336067444,-395.71580261519,1.8611376285553,340
32,-641.193838012773,-402.083263102226,1.8611376285553,340
33,-152.147834857487,-407.335293974762,24.9743270874023,340
34,-326.810873849815,-420.207693357471,24.9743270874023,340
35,-23.7662198277383,-392.317523514218,24.9743270874023,340
36,-206.563120058066,-370.282606045717,24.9743270874023,340
37,-156.191618070195,-362.629570721306,24.9743270874023,340
38,-131.934979628184,-351.147665325468,24.9743270874023,340
39,-288.464142141538,-329.60080710996,24.9743270874023,340
40,-92.1867208780017,-309.585580539289,24.9743270874023,340
41,-79.9080764885299,-283.575054002733,61.1551322937012,340
42,-7.71496623255295,-253.202899468286,61.1551322937012,340
43,50.0567024677589,-241.254249651091,61.1551322937012,340
44,31.8706607216799,-235.450966067507,61.1551322937012,340
45,-9.68596612506353,-218.964813279723,61.1551322937012,340
46,-192.091958469031,-209.085839036281,61.1551322937012,340
47,-156.397954444958,-190.901179450497,61.1551322937012,340
48,-3.52582907105062,-180.54798975945,61.1551322937012,340
49,-147.561125332401,-160.447605226503,99.9620132446289,340
50,-393.92037127001,-177.59155631236,99.9620132446289,340
51,-166.944093134796,-172.308949539462,99.9620132446289,340
52,-240.103681545499,-163.035486124655,99.9620132446289,340
53,13.5070367245733,-152.480360932592,99.9620132446289,340
54,-357.043188737168,-164.830334308098,99.9620132446289,340
55,60.7639242356267,-154.360262803706,99.9620132446289,340
56,-101.815904292751,-148.790965532719,99.9620132446289,340
57,-327.296454940928,-136.235070209845,125.006958007812,340
58,-6.34303954477991,-130.402878397337,125.006958007812,340
59,38.1559214664084,-115.804206584688,125.006958007812,298
60,-279.679279555621,-126.040728973803,125.006958007812,340
61,-123.523358790592,-122.719138523104,125.006958007812,340
62,-63.1455033055221,-118.997293932517,125.006958007812,339
63,59.3113549069773,-111.347440551111,125.006958007812,340
64,-110.335608100529,-104.22229918947,125.006958007812,296
65,-380.666070737034,-115.761473183832,160.331176757812,323
66,186.080752176652,-105.121920037224,160.331176757812,246
67,-429.943294235512,-122.011053157343,160.331176757812,340
68,-171.042864366796,-130.855035830725,160.331176757812,257
69,-173.66142302568,-139.076319180619,160.331176757812,293
70,74.4361895908266,-135.711432951984,160.331176757812,215
71,-372.50244728404,-142.927852504584,160.331176757812,320
72,26.274744894139,-135.62094453102,160.331176757812,242
73,66.3690888977416,-132.825147812269,171.489028930664,266
74,57.2058926999438,-124.634467090975,171.489028930664,237
75,-265.415292937869,-119.494263957689,171.489028930664,284
76,-17.8266325186364,-113.529565533043,171.489028930664,267
77,-127.895922342863,-109.041255164937,171.489028930664,291
78,-129.046802754124,-114.743408744085,171.489028930664,199
79,-29.1493981917365,-101.627657122268,171.489028930664,325
80,-255.304437646012,-114.270391597534,171.489028930664,327
81,52.2740513379872,-108.106793372304,198.563568115234,320
82,203.825304897864,-86.8619229787523,198.563568115234,256
83,92.7432573761829,-82.8984711019138,198.563568115234,299
84,3.75490377247953,-84.274511809671,198.563568115234,252
85,173.716760466604,-66.1386702087819,198.563568115234,234
86,132.944883109132,-55.879940532793,198.563568115234,259
87,200.200225983488,-45.3461113612325,198.563568115234,231
88,124.597271141613,-42.7346747118471,198.563568115234,282
89,145.29940169259,-32.5092743201223,240.659973144531,236
90,180.626663695533,-10.0575649428196,240.659973144531,234
91,198.492024519384,-9.56111404911037,240.659973144531,272
92,249.256255288701,17.6068679318581,240.659973144531,274
93,52.1450649327825,26.5343851038413,240.659973144531,293
94,481.352090638322,52.7349256504013,240.659973144531,275
95,-150.867739677213,43.7227684796798,240.659973144531,323
96,-74.4613281847407,55.6444132436517,240.659973144531,277
97,87.0725384737182,58.0763249868349,254.837844848633,298
98,111.587383120701,59.8850567557533,254.837844848633,285
99,251.506211955091,67.6570695259592,254.837844848633,246
100,6.79387394465841,78.5454362012603,254.837844848633,295
101,35.3945534547948,80.6742836401975,254.837844848633,282
102,-22.5794745978668,84.8869415499974,254.837844848633,302
103,86.5994931737829,93.5127933871137,254.837844848633,265
104,242.479969978154,104.377968113909,254.837844848633,242
105,124.765421702993,119.580762487869,265.151428222656,278
106,209.74954016442,125.879782040927,265.151428222656,340
107,-60.0130594666901,115.326247466345,265.151428222656,294
108,-56.8714627244432,109.34165866232,265.151428222656,332
109,-91.8926446976386,105.515756723515,265.151428222656,302
110,62.0716157786714,101.049950935998,265.151428222656,273
111,-108.78860395371,91.3806114534839,265.151428222656,293
112,-38.0709311206145,81.8497651693197,265.151428222656,298
113,140.970190614282,82.5046819482265,249.206619262695,340
114,95.5517696136869,80.5147766650704,249.206619262695,265
115,241.571850849162,82.9525841512155,249.206619262695,283
116,78.3206768301707,78.145730243647,249.206619262695,340
117,377.038913154741,83.2570365582886,249.206619262695,340
118,440.544507369239,98.7930142557469,249.206619262695,340
119,135.927451799216,84.9760287021826,249.206619262695,340
120,74.9983502529975,94.010672299391,249.206619262695,272
121,97.6441779461434,100.894892544626,256.421112060547,270
122,-57.5678758684309,95.1092759709405,256.421112060547,340
123,154.732264888229,96.8350712416416,256.421112060547,340
124,264.185725667131,97.3422517901232,256.421112060547,268
125,47.2638225134124,98.9610497328733,256.421112060547,330
126,142.524249669833,103.246237581475,256.421112060547,340
127,375.3394396333,119.162994150722,256.421112060547,340
128,117.55060061254,120.401038448272,256.421112060547,292
129,103.425726701949,114.838868717224,268.915649414062,340
130,163.262470070105,116.378750651908,268.915649414062,190
131,76.0050346899168,111.028970432928,268.915649414062,194
132,242.587597753648,123.132996721742,268.915649414062,218
133,106.014957988163,129.648453550246,268.915649414062,249
134,179.686246368638,140.511609192897,268.915649414062,259
135,109.761973950953,142.419223519788,268.915649414062,340
136,242.423180306854,156.467694890211,268.915649414062,340
137,152.406736768872,164.08680160579,292.940643310547,253
138,224.663266242813,167.434524630931,292.940643310547,280
139,393.458377616064,179.350788951026,292.940643310547,231
140,181.271841950132,176.938788595065,292.940643310547,202
141,215.998780944692,182.445912759646,292.940643310547,222
142,251.480756801817,177.423586505529,292.940643310547,244
143,201.720478605928,167.870625354997,292.940643310547,340
144,213.080535900252,170.956748719038,292.940643310547,340
145,18.0040446033659,168.676976493053,311.096862792969,340
146,250.15558240738,174.777432671502,311.096862792969,298
147,317.728527782664,189.789288817546,311.096862792969,340
148,565.53304497749,206.221320021117,311.096862792969,340
149,362.40560137989,210.150115049627,311.096862792969,340
150,723.494110536758,237.199326570561,311.096862792969,242
151,60.3566379194807,233.912622100547,311.096862792969,340
152,216.897982934217,227.574963832583,311.096862792969,340
153,591.245301232618,246.522751857386,332.339141845703,263
154,540.095202890238,263.989530904918,332.339141845703,340
155,221.458569099418,266.317374866091,332.339141845703,340
156,279.438855940541,274.454727716115,332.339141845703,340
157,370.879374077855,279.586398769084,332.339141845703,340
158,547.358864212471,297.240155018056,332.339141845703,340
159,724.766572707885,319.043368071626,332.339141845703,273
160,640.541872931708,340.274564030856,332.339141845703,250
161,234.312568097526,339.950139542483,348.753540039062,340
162,345.084675160713,347.657257078157,348.753540039062,340
163,686.099822262852,366.114719318958,348.753540039062,256
164,446.183043300484,368.223705946335,348.753540039062,340
165,285.647591183377,372.398735915665,348.753540039062,340
166,666.366069881419,390.413427473134,348.753540039062,249
167,585.816449214019,403.786855169622,348.753540039062,240
168,639.266485223412,421.288695434321,348.753540039062,340
169,508.44081344898,433.103106536271,382.069366455078,340
170,551.138119149408,454.428469518112,382.069366455078,262
171,595.021417870592,468.223102936641,382.069366455078,340
172,732.524372310483,484.814936717754,382.069366455078,340
173,529.497342403511,483.373508614794,382.069366455078,250
174,607.42047596285,493.174103598113,382.069366455078,254
175,627.773360404483,489.345273592822,382.069366455078,218
176,282.983952340177,498.25036616965,382.069366455078,340
177,438.897843922483,507.13036060918,420.177459716797,340
178,289.87644191535,495.075606236489,420.177459716797,340
179,430.832178437496,490.70508525838,420.177459716797,340
180,670.317793724312,508.659454243375,420.177459716797,247
181,304.830830709992,509.675133234153,420.177459716797,340
182,244.054028574708,504.602119414028,420.177459716797,340
183,501.157483621244,502.754064190378,420.177459716797,227
184,587.633643715555,497.268747030685,420.177459716797,340
185,337.809644827704,485.159457906525,438.630767822266,340
186,734.043735787292,505.148704614116,438.630767822266,340
187,547.812309029676,513.257809968874,438.630767822266,233
188,310.449530598505,498.2317983023,438.630767822266,340
189,550.003671523359,502.384623431215,438.630767822266,255
190,349.765783111993,504.94935110836,438.630767822266,340
191,637.635256390772,503.800118568734,438.630767822266,340
192,351.185165250503,494.414867210194,438.630767822266,340
193,346.104003330664,482.688367934483,467.221099853516,232
194,527.178084383465,483.437858771863,467.221099853516,340
195,615.555062669889,486.014536512682,467.221099853516,239
196,610.896689329992,486.649547371058,467.221099853516,340
197,265.459074050927,467.966935440676,467.221099853516,340
198,698.710318988655,474.735454504082,467.221099853516,267
199,570.019565121674,473.239418070435,467.221099853516,246
200,312.796825870089,460.640356689059,467.221099853516,340
201,455.433005893313,467.538318831184,479.237152099609,340
202,803.769052124249,482.133167159255,479.237152099609,340
203,707.311256874921,498.830559757638,479.237152099609,340
204,265.955942064698,492.235510302726,479.237152099609,340
205,461.255869029158,483.87303331492,479.237152099609,340
206,536.766838429648,493.150473623706,479.237152099609,231
207,821.965241894449,516.266922156496,479.237152099609,340
208,674.594079908801,523.204386007998,479.237152099609,236
209,684.742484175297,527.088739626388,475.896820068359,340
210,544.096271261,535.34020468372,475.896820068359,240
211,653.53553644038,532.119876709843,475.896820068359,340
212,388.952680197553,525.765491556558,475.896820068359,340
213,208.678241535462,521.694639994036,475.896820068359,340
214,462.80234639606,518.206586988944,475.896820068359,340
215,440.682548444394,521.84325760224,475.896820068359,340
216,391.564414485993,512.000423926049,475.896820068359,340
217,710.579643325114,526.376203049034,488.639770507812,340
218,415.800649124063,529.16406888077,488.639770507812,340
219,739.467773939894,537.655656463027,488.639770507812,340
220,484.525276943138,532.414465033957,488.639770507812,340
221,697.441799840012,535.876269454358,488.639770507812,340
222,879.399323326705,560.433879425389,488.639770507812,340
223,743.382122196634,562.220751553708,488.639770507812,340
224,1101.30922667264,583.472338015747,488.639770507812,340
225,704.611045550241,599.144906802953,509.877532958984,340
226,584.85290197413,604.321702646185,509.877532958984,340
227,524.769967463476,593.161739259754,509.877532958984,340
228,425.474874771369,581.888283975612,509.877532958984,340
229,740.369059755705,600.864808683253,509.877532958984,340
230,605.380967562621,606.629812624591,509.877532958984,340
231,845.37357697798,618.974082166524,509.877532958984,340
232,854.836732617466,620.288941795445,509.877532958984,340
233,978.408949454747,632.441536577283,528.654602050781,340
234,1428.38590834658,662.187273544134,528.654602050781,340
235,1299.17610922471,692.390467062683,528.654602050781,340
236,1275.21265412481,717.25755177006,528.654602050781,340
237,1426.71016243766,758.767851059664,528.654602050781,340
238,1353.29854102449,804.552663039225,528.654602050781,340
239,1430.89141272053,843.276225692204,528.654602050781,340
240,1100.78562375659,869.680348704692,528.654602050781,340
241,1427.14893950194,911.10372970533,536.89697265625,340
242,1042.08279592288,924.36385580924,536.89697265625,340
243,1405.20543190095,963.940047120316,536.89697265625,340
244,1002.7042613997,974.469506618708,536.89697265625,340
245,1423.33819113264,1012.02202318629,536.89697265625,340
246,1419.24682291121,1040.89422410914,536.89697265625,340
247,1447.92858953233,1063.63539475736,536.89697265625,340
248,796.496394200914,1065.75996563753,536.89697265625,340
249,1592.48662240254,1085.40706146673,555.260681152344,340
250,1791.54397416402,1128.88437861128,555.260681152344,340
251,1198.53679866018,1153.43173447872,555.260681152344,340
252,1490.45241943314,1192.05903255751,555.260681152344,340
253,1153.24709029437,1221.16992117843,555.260681152344,340
254,1469.63938502531,1250.34073418921,555.260681152344,340
255,1248.24117483445,1276.05514248009,555.260681152344,340
256,1270.28023486454,1293.05140879555,555.260681152344,340
257,1199.49869518238,1306.83788729814,568.779052734375,340
258,832.41948854785,1300.99830886187,568.779052734375,340
259,1266.20807263558,1294.51119543343,568.779052734375,340
260,1611.02819806756,1306.98527898714,568.779052734375,340
261,1691.32520271532,1323.62978093076,568.779052734375,340
262,1784.02995205041,1337.92257251527,568.779052734375,340
263,971.303560716285,1322.64277330294,568.779052734375,340
264,1266.84384984337,1316.08087078786,568.779052734375,340
265,1456.02389857213,1330.29040178048,583.60302734375,340
266,1275.32434302757,1324.21741792151,583.60302734375,340
267,1380.24682499401,1337.74397908435,583.60302734375,340
268,1406.94138981962,1337.8134174011,583.60302734375,340
269,1515.8390915099,1358.33881060551,583.60302734375,340
270,1482.55171501034,1360.70735156061,583.60302734375,340
271,1180.88282691073,1351.17279172059,583.60302734375,340
272,1690.90355598951,1360.89179037888,583.60302734375,340
273,1788.53597083192,1400.57337344412,598.278686523438,340
274,1643.54506612457,1402.615711193,598.278686523438,340
275,1386.47485898471,1386.41294658583,598.278686523438,340
276,1337.97997814024,1391.99067376503,598.278686523438,340
277,1329.71541662689,1385.56119365278,598.278686523438,340
278,1492.76962144786,1399.14209489892,598.278686523438,340
279,1713.2263749804,1408.88557449713,598.278686523438,340
280,1746.02748839897,1428.79702703971,598.278686523438,340
281,1550.13799184388,1439.99133731888,611.873779296875,340
282,1577.1589033697,1455.09774564637,611.873779296875,340
283,1588.67474073869,1485.34795573401,611.873779296875,340
284,1632.45729787972,1499.99792474377,611.873779296875,340
285,2011.75246274379,1516.02689533082,611.873779296875,340
286,1905.82065206075,1524.60671330464,611.873779296875,340
287,1370.48775582987,1508.06502545582,611.873779296875,340
288,1751.05348894845,1539.2550225851,611.873779296875,340
289,2169.48593689551,1575.36070606719,632.849914550781,340
290,1749.98356652166,1587.11909278517,632.849914550781,340
291,1738.24222530935,1605.63580807644,632.849914550781,340
292,1595.59432655392,1614.24970813884,632.849914550781,340
293,1619.5783043535,1622.75518472019,632.849914550781,340
294,1702.27107377132,1630.21246401065,632.849914550781,340
295,1682.60237104498,1638.21449025204,632.849914550781,340
296,1540.32758351136,1652.59228051606,632.849914550781,340
297,1255.1254172315,1635.16115496574,651.202880859375,340
298,1910.77897430055,1640.05087510449,651.202880859375,340
299,2181.86269643654,1661.58358031696,651.202880859375,340
300,2096.17080830862,1689.97141828992,651.202880859375,340
301,1737.7993262225,1705.96419221321,651.202880859375,340
302,1657.04752205389,1719.05747643029,651.202880859375,340
303,2112.23542915778,1743.83610873869,651.202880859375,340
304,1387.61976168202,1730.81184420675,651.202880859375,340
305,1871.3879088473,1735.82626102469,674.463623046875,340
306,1399.85496495868,1729.81493994928,674.463623046875,340
307,1896.71864043013,1742.59732943169,674.463623046875,340
308,1689.35418859543,1746.62450734596,674.463623046875,340
309,1649.33907417944,1747.29977839795,674.463623046875,340
310,1682.49421575584,1734.12944851843,674.463623046875,340
311,2018.45034158274,1738.63463609932,674.463623046875,340
312,1778.96049748476,1754.97354576551,674.463623046875,340
313,1379.86335588926,1740.12594044314,684.093627929688,340
314,1740.26267001347,1722.95700976786,684.093627929688,340
315,1836.60664730005,1726.421932999,684.093627929688,340
316,1930.11975413158,1734.09703415189,684.093627929688,340
317,1870.29138457409,1745.08491647269,684.093627929688,340
318,1833.19988017701,1753.62977950563,684.093627929688,340
319,1890.12707183226,1761.14401942807,684.093627929688,340
320,1776.69461816143,1764.90770931273,684.093627929688,340
321,1763.79033552054,1773.8462193931,700.536743164062,340
322,2130.76790671539,1808.87191897245,700.536743164062,340
323,1764.71960653954,1803.02954426201,700.536743164062,340
324,1714.40939301793,1784.33141212527,700.536743164062,340
325,1815.96181162693,1773.123052258,700.536743164062,340
326,1777.09249252088,1774.69477890993,700.536743164062,340
327,1832.07024541925,1781.69568784455,700.536743164062,340
328,1827.07323696635,1770.28920015689,700.536743164062,340
329,1895.18042752214,1790.5916267905,704.373657226562,340
330,1865.49686648558,1790.35598509603,704.373657226562,340
331,2097.63467154326,1818.26717335941,704.373657226562,340
332,1830.38196667101,1815.61370640905,704.373657226562,340
333,1831.84073072787,1821.31316809434,704.373657226562,340
334,1766.37475057342,1825.9945951501,704.373657226562,340
335,1745.82802764648,1828.52794762573,704.373657226562,340
336,1966.09919884701,1826.4339019163,704.373657226562,340
337,1784.27865562982,1826.6466282421,715.217834472656,340
338,1903.16226665137,1847.57858467259,715.217834472656,340
339,1912.26217629082,1854.45856492368,715.217834472656,340
340,1885.77222241873,1856.42518792843,715.217834472656,340
341,1859.07389904464,1853.58335372495,715.217834472656,340
342,2028.33213831495,1859.90498387458,715.217834472656,340
343,2053.59818183732,1868.720915941,715.217834472656,340
344,2069.43738705767,1875.89332855001,715.217834472656,340
345,1965.88760937138,1883.46104819841,721.667724609375,340
346,1982.98080018658,1892.22866678505,721.667724609375,340
347,1931.51194071645,1884.25842814509,721.667724609375,340
348,1789.54161606677,1885.25130852618,721.667724609375,340
349,1939.75073790906,1894.26496232183,721.667724609375,340
350,1878.9534917167,1896.78462952542,721.667724609375,340
351,2207.27806629753,1913.99205247649,721.667724609375,340
352,1786.18417246917,1912.15660955848,721.667724609375,340
353,2036.10000878959,1920.51768043141,731.00830078125,340
354,2155.75240966541,1930.94055971714,731.00830078125,340
355,2187.81902469967,1943.83344604571,731.00830078125,340
356,2120.31985539373,1944.74085339973,731.00830078125,340
357,2079.62242103091,1954.71047157412,731.00830078125,340
358,1852.47849359473,1955.5359820888,731.00830078125,340
359,2075.59929558153,1967.90496388912,731.00830078125,340
360,1917.3160624324,1974.76448528056,731.00830078125,340
361,1592.85903910774,1959.83487889099,740.855529785156,340
362,2181.0510188709,1975.70577342063,740.855529785156,340
363,2073.44730565177,1982.51717498065,740.855529785156,340
364,2093.95327725459,1989.7848190192,740.855529785156,340
365,2188.5019278167,2001.89400723512,740.855529785156,340
366,2128.13589577276,2012.65648710424,740.855529785156,340
367,2061.26438066292,2013.97377679816,740.855529785156,340
368,2168.94314461515,2018.58757530927,740.855529785156,340
369,2072.85442919686,2018.72425699484,754.690307617188,340
370,2238.32281387115,2029.62166517483,754.690307617188,340
371,2236.32637551414,2039.75548818794,754.690307617188,340
372,2033.99508288107,2043.85481387452,754.690307617188,340
373,2221.46170666941,2061.13161749863,754.690307617188,340
374,2111.33152155251,2067.99484884436,754.690307617188,340
375,2180.34669404567,2080.05057693752,754.690307617188,340
376,1824.15171408136,2064.72552284887,754.690307617188,340
377,2242.21972400158,2082.96694491017,772.25927734375,340
378,2135.98308636154,2086.96226801305,772.25927734375,340
379,2198.62823864232,2088.67730117213,772.25927734375,340
380,2157.2827762121,2087.45585123262,772.25927734375,340
381,1853.11721285605,2076.76774553112,772.25927734375,340
382,2160.04998774996,2079.98484819988,772.25927734375,340
383,2151.9756696421,2091.96473524177,772.25927734375,340
384,2142.79909593599,2094.65272725595,772.25927734375,340
385,1853.60279247251,2092.10419645755,782.035827636719,340
386,2206.79766179597,2116.66174136508,782.035827636719,340
387,2144.22983348573,2115.18889394968,782.035827636719,340
388,2095.17524004104,2116.05801132525,782.035827636719,340
389,2088.83586272291,2115.85331474398,782.035827636719,340
390,2107.79457862782,2112.62502077643,782.035827636719,340
391,2044.29927964796,2109.27155613143,782.035827636719,340
392,2189.47703885108,2114.40006245896,782.035827636719,340
393,2146.9317838667,2113.51960802902,791.466979980469,340
394,2121.92508425633,2115.4824342314,791.466979980469,340
395,2175.95154774197,2112.98758358623,791.466979980469,340
396,2197.10293456194,2111.41864594815,791.466979980469,340
397,2229.48610195403,2119.23828671106,791.466979980469,340
398,2159.91148969356,2116.77627803203,791.466979980469,340
399,2163.41545079602,2118.85963520177,791.466979980469,340
400,2163.97600848821,2118.20480777947,791.466979980469,340
401,2263.85898013086,2135.79309842145,794.403686523438,340
402,2177.11472307264,2133.18889838429,794.403686523438,340
403,2161.45036702565,2134.20758961086,794.403686523438,340
404,2075.13382292636,2129.26781298222,794.403686523438,340
405,2200.13044473075,2130.98171972297,794.403686523438,340
406,2243.96943325722,2146.61580853901,794.403686523438,340
407,2133.46829945165,2145.55254100708,794.403686523438,340
408,2248.69666387149,2149.42138077626,794.403686523438,340
409,2087.46413957019,2147.20798252162,807.168762207031,340
410,2226.43229691687,2162.1211626994,807.168762207031,340
411,2171.68535843983,2160.71667056515,807.168762207031,340
412,2147.03427132562,2160.82884807875,807.168762207031,340
413,2220.4063213277,2165.83809133022,807.168762207031,340
414,2264.24618443168,2172.85450419857,807.168762207031,340
415,2214.19696392566,2177.11059961048,807.168762207031,340
416,2184.68563339789,2182.72605376048,807.168762207031,340
417,2061.79154793753,2177.61863412393,819.153625488281,340
418,2184.83617153605,2179.13480963071,819.153625488281,340
419,2113.43803966871,2178.7953278472,819.153625488281,340
420,2167.04758808425,2178.43916946089,819.153625488281,340
421,2069.76414544568,2173.34561789624,819.153625488281,340
422,2155.02017183683,2170.36698069155,819.153625488281,340
423,1989.9431417271,2163.5682467729,819.153625488281,340
424,2142.80558562269,2162.74385216596,819.153625488281,340
425,2081.60170891286,2159.44888018295,826.295288085938,340
426,1992.88380006343,2148.60987298025,826.295288085938,340
427,2061.15498015452,2143.97148326353,826.295288085938,340
428,2113.07202025473,2142.03634939269,826.295288085938,340
429,2236.68221418289,2148.49828504295,826.295288085938,340
430,2182.9590175131,2147.81142795425,826.295288085938,340
431,2141.50671244218,2143.71291912164,826.295288085938,340
432,1981.93743957508,2137.65168472658,826.295288085938,340
433,2200.29721729417,2135.71570686349,835.819213867188,340
434,2201.59112156647,2140.28078614334,835.819213867188,340
435,2145.25211986704,2137.03357906135,835.819213867188,340
436,2224.6393851209,2139.15174012859,835.819213867188,340
437,2127.97667989955,2138.38943647155,835.819213867188,340
438,2176.55839932037,2136.63551959125,835.819213867188,340
439,1975.80820125336,2125.09800026412,835.819213867188,340
440,2182.40049698385,2123.82614158645,835.819213867188,340
441,2137.38000125884,2121.93391630089,845.869140625,340
442,2143.64001271066,2125.20785489181,845.869140625,340
443,1928.09685733948,2114.93828232395,845.869140625,340
444,2093.66007713113,2114.14716382245,845.869140625,340
445,2101.7305269875,2111.53448137858,845.869140625,340
446,2147.89872981353,2114.65986475329,845.869140625,340
447,2240.63228301184,2118.08434920029,845.869140625,340
448,2227.48113092918,2127.58586876837,845.869140625,340
449,2153.92615901454,2128.03069170405,853.373107910156,340
450,2058.34595169062,2127.10046141516,853.373107910156,340
451,2235.09099843097,2136.78874934986,853.373107910156,340
452,2079.64275777121,2137.52826045453,853.373107910156,340
453,2040.43698589544,2134.62285908016,853.373107910156,340
454,2128.21800498096,2130.28429071208,853.373107910156,340
455,2195.52869507521,2130.78707781456,853.373107910156,340
456,2047.80055167623,2127.03883138393,853.373107910156,340
457,2140.73089554881,2133.39056962287,861.957153320312,340
458,2152.36493577195,2131.47327836199,861.957153320312,340
459,2110.45178325394,2127.82770482948,861.957153320312,340
460,2175.57839638161,2129.04075589007,861.957153320312,340
461,2172.11033901104,2126.93959404567,861.957153320312,340
462,2116.66391484354,2126.48708344343,861.957153320312,340
463,2157.34345868252,2125.71848581792,861.957153320312,340
464,2139.68433143837,2132.27353102532,861.957153320312,340
465,2137.89949225973,2130.49349083635,870.65234375,340
466,2100.48601899672,2129.01773154587,870.65234375,340
467,2017.41759525581,2123.96883484767,870.65234375,340
468,2080.54784448076,2130.06687433333,870.65234375,340
469,2065.64723543028,2128.94636066529,870.65234375,340
470,2023.91360804389,2125.83368390755,870.65234375,340
471,2048.93365260939,2121.87508081938,870.65234375,340
472,2077.24249471789,2115.33948928762,870.65234375,340
473,2327.87409854207,2119.35520799214,875.312622070312,340
474,2208.09146445482,2121.52182020975,875.312622070312,340
475,2024.80693328154,2120.18025947339,875.312622070312,340
476,2072.00992384352,2113.65701648989,875.312622070312,340
477,2049.68781743088,2112.45881887628,875.312622070312,340
478,1961.07139088034,2109.28419507567,875.312622070312,340
479,2153.48789793586,2110.29499079387,875.312622070312,340
480,2012.64012859353,2102.9794481346,875.312622070312,340
481,2114.86559427884,2105.6620498387,877.895324707031,340
482,1929.46334702198,2097.21134789763,877.895324707031,340
483,2020.65640084468,2091.94300650054,877.895324707031,340
484,2066.48015342936,2090.18414130756,877.895324707031,340
485,2141.4698952454,2088.81980126211,877.895324707031,340
486,2025.85013358666,2082.96939304513,877.895324707031,340
487,2123.79153002593,2083.25449765243,877.895324707031,340
488,2103.87360351311,2081.11570344565,877.895324707031,340
489,2100.79449234933,2079.56010988209,880.993896484375,340
490,2065.30923185414,2076.65649946587,880.993896484375,340
491,1838.11220312026,2066.16154683081,880.993896484375,340
492,2144.40784311286,2071.24115674509,880.993896484375,340
493,2169.85449802731,2074.81342288695,880.993896484375,340
494,2057.09992116047,2074.47153031616,880.993896484375,340
495,1977.86133095207,2072.62943923249,880.993896484375,340
496,2292.42181545663,2082.36896574638,880.993896484375,340
497,2034.340900339,2080.65290197122,885.885620117188,340
498,2067.23748360392,2070.2274373737,885.885620117188,340
499,1995.60113125315,2061.72782404563,885.885620117188,340
500,2216.01845175584,2069.3762847846,885.885620117188,340
501,2160.40089492693,2072.91192362794,885.885620117188,340
502,2229.67475051592,2080.11140095134,885.885620117188,340
503,2040.20603290053,2083.27678663215,885.885620117188,340
504,2079.06762196839,2080.29997559345,885.885620117188,340
505,2219.94531005237,2088.5921828518,881.6943359375,340
506,2098.42252388842,2087.93446003619,881.6943359375,340
507,1995.39249533108,2090.57162596855,881.6943359375,340
508,2072.28817978872,2092.63689712631,881.6943359375,340
509,2055.51870379398,2092.1984391409,881.6943359375,340
510,2168.34367890144,2093.27339048714,881.6943359375,340
511,2126.61444271604,2097.30396285231,881.6943359375,340
512,2066.13748650138,2094.99780111133,881.6943359375,340
513,2156.70744625583,2097.11115482104,877.588012695312,340
514,1993.40861314356,2092.81571965281,877.588012695312,340
515,1956.94227085531,2088.48104121286,877.588012695312,340
516,2377.78095440465,2110.06779126423,877.588012695312,340
517,2151.24554578504,2110.34129937112,877.588012695312,340
518,2072.17318055518,2106.43404667223,877.588012695312,340
519,2134.21537696748,2109.51866490452,877.588012695312,340
520,2063.60976350378,2112.94860220658,877.588012695312,340
521,2216.08233216117,2109.89502287477,871.196533203125,340
522,2334.63642559393,2121.90684388496,871.196533203125,340
523,1891.45823614759,2114.87567398671,871.196533203125,340
524,2114.80113408713,2119.64367410007,871.196533203125,340
525,2272.25955489036,2121.89331822545,871.196533203125,340
526,2200.06336963222,2123.47981721366,871.196533203125,340
527,2313.23129953111,2126.82207917427,871.196533203125,340
528,2105.2188085494,2129.42259020022,871.196533203125,340
529,2425.35614800882,2143.27413124184,864.6064453125,340
530,2351.24364824504,2148.52606476955,864.6064453125,340
531,2388.71883551518,2160.13791723462,864.6064453125,340
532,2092.05584417418,2164.00445118834,864.6064453125,340
533,2071.48702344454,2163.97240493457,864.6064453125,340
534,2242.8077018996,2171.4639648588,864.6064453125,340
535,2186.6081176468,2172.19454240861,864.6064453125,340
536,2407.16412355871,2183.41652964232,864.6064453125,340
537,2165.34799277626,2187.38494989332,864.041625976562,340
538,2096.3747011472,2184.97164008897,864.041625976562,340
539,2153.20664450094,2191.36356134326,864.041625976562,340
540,2271.04027235088,2203.92748140309,864.041625976562,340
541,2368.92583528698,2203.57327663838,864.041625976562,340
542,1890.80418452711,2193.15562218806,864.041625976562,340
543,2080.0873821111,2193.4721902503,864.041625976562,340
544,2289.17778613241,2199.6706866169,864.041625976562,340
545,2082.4854971771,2200.42571596383,861.435913085938,340
546,1783.73757014439,2183.13192548316,861.435913085938,340
547,2011.71520075307,2170.21507648952,861.435913085938,340
548,2353.21243769773,2188.68524455153,861.435913085938,340
549,1716.50906164472,2172.75356165383,861.435913085938,340
550,2266.27957094428,2172.51436229599,861.435913085938,340
551,2354.28274081552,2178.68313714332,861.435913085938,340
552,2454.45085266751,2184.33191926878,861.435913085938,340
553,2304.03899425961,2192.28472669719,868.419799804688,340
554,2212.89282635961,2183.78619383122,868.419799804688,340
555,2221.60231472499,2178.60054049042,868.419799804688,340
556,2263.02274087358,2173.57269670475,868.419799804688,340
557,2230.92251918526,2179.12736370519,868.419799804688,340
558,2237.13750283639,2185.75338288087,868.419799804688,340
559,2356.10777100407,2190.28538564505,868.419799804688,340
560,1824.62475635836,2175.80605119351,868.419799804688,340
561,2122.89887597708,2164.43544129024,869.823974609375,340
562,2475.8587427894,2176.85587129077,869.823974609375,340
563,2370.79509082151,2187.83268687774,869.823974609375,340
564,2310.16901646235,2194.1111817562,869.823974609375,340
565,2493.63589312026,2203.01500658698,869.823974609375,340
566,2394.06902581992,2204.02073420829,869.823974609375,340
567,2383.49317818404,2223.72829395457,869.823974609375,340
568,2277.40995960701,2231.62119705441,869.823974609375,340
569,2461.69106751965,2238.5217283099,865.657409667969,340
570,2523.54351829736,2256.16404915471,865.657409667969,340
571,2371.29406287681,2279.666308864,865.657409667969,340
572,2492.5783444293,2298.90083461105,865.657409667969,340
573,2379.99191725531,2299.97201379336,865.657409667969,340
574,2183.06442380282,2318.63422827968,865.657409667969,340
575,2409.62967575558,2324.36823247213,865.657409667969,340
576,2270.45620506421,2321.01517104208,865.657409667969,340
577,2485.48975540234,2322.25672715147,865.7548828125,340
578,2483.88131806743,2329.45042010378,865.7548828125,340
579,2387.37440984422,2336.42968344317,865.7548828125,340
580,2492.31510738683,2347.25819514964,865.7548828125,340
581,2460.58473950002,2355.1606750947,865.7548828125,340
582,2529.96880472138,2367.12252651615,865.7548828125,340
583,2323.29211863556,2370.56871114811,865.7548828125,340
584,2523.56827372607,2377.26713125699,865.7548828125,340
585,2480.26477306831,2403.49273192539,870.752685546875,340
586,2416.25781468286,2415.22708947362,870.752685546875,340
587,2649.31003014777,2422.16514096796,870.752685546875,340
588,2572.07577539434,2430.21636835087,870.752685546875,340
589,2512.52766206686,2438.31071417505,870.752685546875,340
590,2444.57485079135,2436.3482724819,870.752685546875,340
591,2365.19025119603,2435.19312149694,870.752685546875,340
592,2541.22832575174,2441.50252739965,870.752685546875,340
593,2585.07675213685,2453.80919910084,880.024658203125,340
594,2344.02154010494,2449.10241800425,880.024658203125,340
595,2500.36888168848,2448.1754325399,880.024658203125,340
596,2461.3597270612,2451.77805910727,880.024658203125,340
597,2497.73296182365,2451.98424380305,880.024658203125,340
598,2407.56451194031,2453.08714759045,880.024658203125,340
599,2439.90147978281,2463.36062982965,880.024658203125,340
600,2564.66362784975,2469.56198791341,880.024658203125,340
601,2573.73496524707,2481.69313832073,875.158386230469,340
602,2331.80587899913,2475.5457832646,875.158386230469,340
603,2511.23591193491,2476.6399670193,875.158386230469,340
604,2365.28760711347,2475.75649491007,875.158386230469,340
605,2561.91054111887,2478.54031225935,875.158386230469,340
606,2358.81499244161,2474.46952237701,875.158386230469,340
607,2447.60470558598,2471.1749584116,875.158386230469,340
608,2560.82943206061,2480.6764509486,875.158386230469,340
609,2409.14099454903,2476.09935978152,880.226928710938,340
610,2286.95181579548,2468.3668414906,880.226928710938,340
611,2518.65759869724,2472.46283285118,880.226928710938,340
612,2497.8194350452,2466.40320904708,880.226928710938,340
613,2468.09417575148,2462.24394506136,880.226928710938,340
614,2212.03564905785,2450.224264541,880.226928710938,340
615,2491.32550350374,2452.0942906495,880.226928710938,340
616,2351.20172255992,2451.53474950405,880.226928710938,340
617,2332.75771747331,2443.19592517292,882.555725097656,340
618,2384.34195604836,2435.16653332938,882.555725097656,340
619,2554.79710682367,2443.59755599813,882.555725097656,340
620,2415.34334217077,2440.19653441742,882.555725097656,340
621,2292.67360233657,2433.44908942843,882.555725097656,340
622,2170.3345484672,2420.35315289417,882.555725097656,340
623,2468.19299629057,2422.77829226818,882.555725097656,340
624,2442.40209983318,2422.8783170702,882.555725097656,340
625,2511.81311603979,2420.7642965978,888.25732421875,340
626,2616.37505541414,2422.46990020448,888.25732421875,340
627,2546.56405234078,2431.06022713815,888.25732421875,340
628,2559.93633375698,2433.00824401103,888.25732421875,340
629,2459.20926274305,2436.76511023621,888.25732421875,340
630,2463.67797847308,2432.83580773038,888.25732421875,340
631,2581.21359729791,2441.73175192463,888.25732421875,340
632,2419.97537500942,2440.62657870157,888.25732421875,340
633,2647.9127869241,2444.10991289611,886.563049316406,340
634,2544.89609933304,2449.54011708747,886.563049316406,340
635,2605.19589351186,2462.26988019613,886.563049316406,340
636,2310.17971320484,2453.93076477643,886.563049316406,340
637,2496.28240388587,2453.86928353006,886.563049316406,340
638,2512.4271980277,2455.64260442111,886.563049316406,340
639,2426.9619318289,2464.23965573195,886.563049316406,340
640,2348.81500509274,2458.53923579551,886.563049316406,340
641,2661.20651600372,2470.93942753326,888.812072753906,340
642,2409.21272515631,2473.99762784058,888.812072753906,340
643,2434.89785713211,2476.01986388393,888.812072753906,340
644,2717.7273721186,2482.53707449573,888.812072753906,340
645,2387.53104650622,2481.42458266915,888.812072753906,340
646,2648.36729764718,2495.65233048157,888.812072753906,340
647,2509.508581229,2509.21929179204,888.812072753906,340
648,2559.83418412774,2512.88493930553,888.812072753906,340
649,2638.16602154811,2520.71549617413,887.755310058594,340
650,2558.74602406682,2522.59281249521,887.755310058594,340
651,2481.5878019405,2517.20132235626,887.755310058594,340
652,2510.48960936579,2515.75834463726,887.755310058594,340
653,2698.96645345922,2521.31954942535,887.755310058594,340
654,2562.88155599501,2525.46644115543,887.755310058594,340
655,2703.9003631833,2535.07533654384,887.755310058594,340
656,2619.27241869549,2536.59768939974,887.755310058594,340
657,2697.0113096642,2547.67912678594,890.894409179688,340
658,2719.84717655402,2550.55650237113,890.894409179688,340
659,2617.90116314488,2553.47670492361,890.894409179688,340
660,2551.96036845077,2551.34728392116,890.894409179688,340
661,2552.68243083217,2561.04739262626,890.894409179688,340
662,2735.27897300356,2570.60725539096,890.894409179688,340
663,2500.53154530431,2570.13142928203,890.894409179688,340
664,2358.7936795673,2567.40469919156,890.894409179688,340
665,2646.39843164735,2579.30803625375,898.510925292969,340
666,2703.27297241936,2580.99069451037,898.510925292969,340
667,2681.17796687489,2591.86930417912,898.510925292969,340
668,2648.27594775693,2600.40442780411,898.510925292969,340
669,2590.2456709582,2595.30515975769,898.510925292969,340
670,2687.39323859622,2607.29964744129,898.510925292969,340
671,2473.19090812106,2600.29259186025,898.510925292969,340
672,2319.9797087849,2592.71143696248,898.510925292969,340
673,2674.97114415603,2597.31691536362,899.411499023438,340
674,2713.80953424687,2600.34265587157,899.411499023438,340
675,2574.2576381582,2600.96312043522,899.411499023438,340
676,2583.32993386988,2605.0328057124,899.411499023438,340
677,2476.96765609242,2603.69192758146,899.411499023438,340
678,2653.03890563551,2601.85482566851,899.411499023438,340
679,2385.2058408738,2594.74779706367,899.411499023438,340
680,2583.348075555,2589.92570555853,899.411499023438,340
681,2622.01893818225,2590.035566338,894.210083007812,340
682,2676.35305202276,2589.20923603235,894.210083007812,340
683,2533.11759698854,2581.74005284973,894.210083007812,340
684,2653.88661012381,2583.17947072888,894.210083007812,340
685,2625.30897131207,2586.11341484334,894.210083007812,340
686,2489.21812956427,2583.57484279262,894.210083007812,340
687,2594.08882802406,2577.92723699344,894.210083007812,340
688,2664.803853778,2584.49812933239,894.210083007812,340
689,2744.81969579657,2599.93916998156,893.639282226562,340
690,2703.01582418757,2602.20386568317,893.639282226562,340
691,2684.88205778883,2601.46822909795,893.639282226562,340
692,2638.88859524874,2599.7766542329,893.639282226562,340
693,2669.50233158905,2600.62570958619,893.639282226562,340
694,2581.87194625763,2600.29076059816,893.639282226562,340
695,2758.71938927078,2603.14380662514,893.639282226562,340
696,2738.74400658331,2613.76593056364,893.639282226562,340
697,2724.22109659254,2629.93558607594,894.069946289062,340
698,2740.04045663212,2632.53835857498,894.069946289062,340
699,2671.86586726979,2630.8606118959,894.069946289062,340
700,2618.16488043745,2632.61690158707,894.069946289062,340
701,2769.03581803896,2640.04513695383,894.069946289062,340
702,2769.88651910299,2651.76189147426,894.069946289062,340
703,2573.45043812026,2648.57835277365,894.069946289062,340
704,2738.12879882924,2662.69527109186,894.069946289062,340
705,2709.89125823176,2667.75699839893,899.431213378906,340
706,2594.86016693542,2666.67064754906,899.431213378906,340
707,2607.22083071124,2663.9053586966,899.431213378906,340
708,2473.5309874302,2661.52189431427,899.431213378906,340
709,2727.34662995867,2664.46029510766,899.431213378906,340
710,2658.20047332396,2665.77595518814,899.431213378906,340
711,2489.41281615635,2665.78374265182,899.431213378906,340
712,2748.86948118155,2671.97496877812,899.431213378906,340
713,2558.50579495138,2667.72304642505,899.115905761719,340
714,2623.9946519763,2662.89004467224,899.115905761719,340
715,2726.91946964274,2663.84619049045,899.115905761719,340
716,2778.87467654427,2667.60589524067,899.115905761719,340
717,2756.67335726684,2672.31728572139,899.115905761719,340
718,2497.25015112434,2665.4271985028,899.115905761719,340
719,2781.93697056711,2673.42979947518,899.115905761719,340
720,2781.2530452011,2674.3311457124,899.115905761719,340
721,2799.37871710777,2676.75653413337,897.174377441406,340
722,2762.1892996528,2678.27526225578,897.174377441406,340
723,2559.35491223828,2671.04784048003,897.174377441406,340
724,2750.1246694923,2674.17819256893,897.174377441406,340
725,2790.36059511161,2681.0660211559,897.174377441406,340
726,2694.01767197944,2678.06529531352,897.174377441406,340
727,2771.31738433074,2678.12252992263,897.174377441406,340
728,2661.55053936863,2681.64653397256,897.174377441406,340
729,2751.62438927041,2682.18635759021,900.668701171875,340
730,2730.26620919752,2683.00135562884,900.668701171875,340
731,2800.86703264776,2691.24163025733,900.668701171875,340
732,2708.37251144505,2695.28769748669,900.668701171875,340
733,2756.483845788,2706.605811821,900.668701171875,340
734,2776.71957944683,2708.58072980052,900.668701171875,340
735,2781.53109680715,2713.51395473985,900.668701171875,340
736,2738.75771141429,2723.48775055017,900.668701171875,340
737,2785.1424732717,2724.93867023377,900.521423339844,340
738,2716.17188612042,2731.24531388054,900.521423339844,340
739,2700.07125632572,2734.28837805451,900.521423339844,340
740,2616.37189100656,2729.86647490906,900.521423339844,340
741,2780.21414646737,2729.92005370599,900.521423339844,340
742,2695.32399210525,2727.46607909953,900.521423339844,340
743,2711.31347260789,2736.02861195887,900.521423339844,340
744,2778.04216560648,2735.87281976044,900.521423339844,340
745,2774.75535127861,2735.61291200354,904.575439453125,340
746,2761.75428116404,2734.10793456579,904.575439453125,340
747,2783.09508210587,2734.94416586392,904.575439453125,340
748,2710.52522485747,2740.99097836868,904.575439453125,340
749,2747.43404754133,2740.88335349064,904.575439453125,340
750,2707.92075757132,2737.58575998903,904.575439453125,340
751,2712.96384474769,2738.34360689976,904.575439453125,340
752,2769.91089063028,2738.28734715175,904.575439453125,340
753,2729.78225648951,2741.01661583658,905.568725585938,340
754,2778.37105964812,2742.08648265169,905.568725585938,340
755,2717.34545573142,2741.56965251305,905.568725585938,340
756,2769.5957083158,2740.31879953977,905.568725585938,340
757,2777.97302449934,2743.10282006194,905.568725585938,340
758,2789.46580993835,2744.42209862795,905.568725585938,340
759,2787.70451095397,2744.86149588824,905.568725585938,340
760,2744.1053286473,2743.36446516185,905.568725585938,340
761,2763.79021360735,2744.36576524957,909.014282226562,340
762,2660.68635373747,2739.3875204682,909.014282226562,340
763,2760.23371380529,2741.14999357559,909.014282226562,340
764,2784.70240090957,2744.53523935895,909.014282226562,340
765,2807.75326938373,2752.19049449403,909.014282226562,340
766,2780.20563455573,2752.19015401757,909.014282226562,340
767,2716.31955820663,2753.02997666162,909.014282226562,340
768,2792.73773939963,2756.28694733329,909.014282226562,340
769,2789.0378448511,2756.72677450308,912.851440429688,340
770,2770.03709507625,2756.53804425498,912.851440429688,340
771,2793.43141201112,2757.80512948887,912.851440429688,340
772,2787.60459979412,2757.9855101964,912.851440429688,340
773,2788.63277127497,2761.1098120531,912.851440429688,340
774,2749.9759204109,2761.21148696788,912.851440429688,340
775,2751.85599255659,2762.96889636729,912.851440429688,340
776,2733.3679428885,2763.78506029292,912.851440429688,340
777,2767.93575083031,2763.70605470092,914.105712890625,340
778,2767.95642382571,2765.23302139437,914.105712890625,340
779,2763.7781819259,2764.64930628548,914.105712890625,340
780,2777.3010956692,2767.04753188299,914.105712890625,340
781,2708.73455568402,2764.61308577772,914.105712890625,340
782,2718.84907385207,2762.24812775183,914.105712890625,340
783,2790.41505694233,2762.28609763199,914.105712890625,340
784,2662.777252149,2757.28900727979,914.105712890625,340
785,2791.87677057021,2759.19986495671,913.504455566406,340
786,2801.62509920005,2760.71326038042,913.504455566406,340
787,2800.58111086338,2766.30905066545,913.504455566406,340
788,2768.07713464606,2766.62278749908,913.504455566406,340
789,2724.78094482532,2764.22592925571,913.504455566406,340
790,2766.6796360051,2762.58298392057,913.504455566406,340
791,2805.0282296518,2763.57588772441,913.504455566406,340
792,2792.73763712314,2766.63261088107,913.504455566406,340
793,2775.07561466405,2765.92612589165,918.599853515625,340
794,2807.83757149161,2766.67811495727,918.599853515625,340
795,2804.56553525619,2768.05925256447,918.599853515625,340
796,2796.31713253178,2768.17468138529,918.599853515625,340
797,2775.4419356122,2767.68817481801,918.599853515625,340
798,2719.55381840439,2764.92501670319,918.599853515625,340
799,2799.87351792318,2766.92092060368,918.599853515625,340
800,2770.07354161098,2767.64962256586,918.599853515625,340
801,2651.92914021882,2764.39207045907,920.879943847656,340
802,2793.14027043458,2765.40025124324,920.879943847656,340
803,2772.1340103722,2765.5673547051,920.879943847656,340
804,2721.0906585209,2763.8598537689,920.879943847656,340
805,2747.79839997588,2762.67974594117,920.879943847656,340
806,2800.70841198606,2766.35870019325,920.879943847656,340
807,2786.52168256659,2769.06560454183,920.879943847656,340
808,2818.32758314595,2770.18210558998,920.879943847656,340
809,2778.84215903958,2774.8247018656,925.867431640625,340
810,2750.29185116276,2773.1613050893,925.867431640625,340
811,2755.33661365131,2771.30976566735,925.867431640625,340
812,2788.77802424673,2770.83764220269,925.867431640625,340
813,2777.80756099144,2771.2268592565,925.867431640625,340
814,2787.37316240519,2773.7305479597,925.867431640625,340
815,2770.50978703904,2773.88375400105,925.867431640625,340
816,2763.37510599321,2772.21762905471,925.867431640625,340
817,2732.54763843302,2769.81002910711,923.889953613281,340
818,2793.86511950918,2770.56160930091,923.889953613281,340
819,2797.52600842912,2770.14914677841,923.889953613281,340
820,2806.85534743766,2770.24073926567,923.889953613281,340
821,2796.94819212989,2770.26598164959,923.889953613281,340
822,2812.82434989757,2771.76127822101,923.889953613281,340
823,2802.26402748561,2775.06968658426,923.889953613281,340
824,2801.72338030561,2775.14368107955,923.889953613281,340
825,2775.34032342907,2775.35435235228,921.483093261719,340
826,2800.78451415336,2781.30856730966,921.483093261719,340
827,2790.81750872588,2781.21565684131,921.483093261719,340
828,2784.3363953739,2781.70375224138,921.483093261719,340
829,2805.14103456622,2785.06576728319,921.483093261719,340
830,2819.1722299373,2787.92072048165,921.483093261719,340
831,2788.13745544778,2787.41788222012,921.483093261719,340
832,2765.67572951064,2786.58404409788,921.483093261719,340
833,2760.64221204201,2784.27662925372,922.205017089844,340
834,2717.58332259641,2781.826275796,922.205017089844,340
835,2791.21760879082,2783.46330610112,922.205017089844,340
836,2799.39776423091,2785.2257521243,922.205017089844,340
837,2802.42657388529,2785.77169410985,922.205017089844,340
838,2772.75190382683,2785.56946782326,922.205017089844,340
839,2592.92154933908,2777.79140330062,922.205017089844,340
840,2796.91678146252,2778.84768307756,922.205017089844,340
841,2789.5824958928,2779.89597867354,920.460632324219,340
842,2808.09148677478,2782.91773260721,920.460632324219,340
843,2791.99770195784,2782.84303590516,920.460632324219,340
844,2743.06991022069,2780.66479197682,920.460632324219,340
845,2767.66984408595,2779.09737184275,920.460632324219,340
846,2792.51351330743,2778.91998468985,920.460632324219,340
847,2792.07861893153,2778.09015545121,920.460632324219,340
848,2795.8820398857,2777.83487594721,920.460632324219,340
849,2816.25734952373,2778.41623471594,923.51806640625,340
850,2773.81663020681,2778.35528698705,923.51806640625,340
851,2798.72965130498,2778.27309247311,923.51806640625,340
852,2760.79673407903,2777.07226148724,923.51806640625,340
853,2806.51586830733,2777.95944040458,923.51806640625,340
854,2779.30547529958,2776.92601803391,923.51806640625,340
855,2618.81509040404,2768.91173245258,923.51806640625,340
856,2796.31498152973,2769.23883349586,923.51806640625,340
857,2702.31680520121,2766.70447652348,926.924194335938,340
858,2757.03043320052,2766.56000536982,926.924194335938,340
859,2721.9424725195,2766.73437136675,926.924194335938,340
860,2821.37079676662,2767.94049888578,926.924194335938,340
861,2817.12934659555,2768.64976218036,926.924194335938,340
862,2769.73508199257,2767.34210250466,926.924194335938,340
863,2743.90251480987,2766.18812694398,926.924194335938,340
864,2791.96794007864,2774.14998257356,926.924194335938,340
865,2796.12724094946,2774.11840095304,926.210021972656,340
866,2810.13337262436,2774.9404360223,926.210021972656,340
867,2804.92606803325,2774.81381927264,926.210021972656,340
868,2591.6288470366,2766.79906507579,926.210021972656,340
869,2698.41830290423,2765.01300078313,926.210021972656,340
870,2756.29198715971,2764.55788650608,926.210021972656,340
871,2792.75531597815,2764.56755861291,926.210021972656,340
872,2699.22772257936,2760.85352275882,926.210021972656,340
873,2804.26058475998,2761.18866455379,921.819030761719,340
874,2793.61028549543,2760.28278199266,921.819030761719,340
875,2810.90971437361,2761.76650535933,921.819030761719,340
876,2805.87410898864,2762.05228366668,921.819030761719,340
877,2796.95818008983,2763.49874150711,921.819030761719,340
878,2816.497304969,2763.89799897358,921.819030761719,340
879,2814.4052702023,2765.30199076969,921.819030761719,340
880,2775.14509052748,2771.55519077462,921.819030761719,340
881,2787.7278933474,2771.21170724733,923.888305664062,340
882,2792.21725323445,2774.80772516866,923.888305664062,340
883,2794.41622264714,2776.30315674652,923.888305664062,340
884,2786.04417478837,2778.86722483728,923.888305664062,340
885,2777.84880535125,2777.12634518067,923.888305664062,340
886,2708.71903841169,2772.78993285331,923.888305664062,340
887,2790.95054109467,2773.63855121739,923.888305664062,340
888,2800.8403448941,2775.91606442076,923.888305664062,340
889,2775.81287393031,2775.26986177483,925.205810546875,340
890,2807.33530940137,2775.71818451291,925.205810546875,340
891,2798.68572237921,2775.2602785031,925.205810546875,340
892,2791.44679625705,2774.72110763205,925.205810546875,340
893,2788.42615440626,2782.59299992684,925.205810546875,340
894,2826.47968660902,2787.71545527503,925.205810546875,340
895,2822.64102618728,2790.36941683613,925.205810546875,340
896,2771.08687110176,2789.50267904108,925.205810546875,340
897,2808.77378835683,2793.88452167218,926.887451171875,340
898,2792.06793172545,2793.3968155508,926.887451171875,340
899,2811.65991691155,2794.11880080744,926.887451171875,340
900,2790.73801036623,2793.31193264715,926.887451171875,340
901,2760.08765067754,2791.4804743147,926.887451171875,340
902,2791.93562312103,2791.27957203595,926.887451171875,340
903,2776.82631001529,2789.6927322378,926.887451171875,340
904,2729.90742421284,2786.31281839822,926.887451171875,340
905,2802.16730678729,2787.39370704862,927.887390136719,340
906,2805.51864445325,2788.10533709285,927.887390136719,340
907,2791.90065326959,2788.09267309426,927.887390136719,340
908,2713.15066630257,2784.84205084047,927.887390136719,340
909,2778.69261064856,2784.54798827488,927.887390136719,340
910,2787.14598056613,2784.91987528348,927.887390136719,340
911,2804.9781204211,2788.77023856385,927.887390136719,340
912,2685.8308116948,2784.56544938786,927.887390136719,340
913,2774.6253946936,2783.51685137984,926.427612304688,340
914,2808.3709923549,2784.81917611682,926.427612304688,340
915,2773.84431357118,2783.47953628361,926.427612304688,340
916,2811.19178255097,2783.97977869048,926.427612304688,340
917,2811.53264730319,2784.78321273233,926.427612304688,340
918,2814.05256656477,2785.80826921867,926.427612304688,340
919,2828.96106174827,2785.90752422424,926.427612304688,340
920,2810.17023243701,2785.40869247423,926.427612304688,340
921,2833.75702379642,2787.91549858201,926.761779785156,340
922,2816.11571578325,2788.20917567907,926.761779785156,340
923,2808.93883317642,2788.88401173711,926.761779785156,340
924,2800.89174493171,2788.45328485792,926.761779785156,340
925,2740.93807522046,2786.46128745209,926.761779785156,340
926,2777.58677441361,2787.16125240153,926.761779785156,340
927,2798.08553141685,2787.40724873336,926.761779785156,340
928,2807.52985776286,2788.63539064326,926.761779785156,340
929,2836.19993242719,2792.88709097184,931.278442382812,340
930,2807.93082313137,2793.1176316256,931.278442382812,340
931,2822.74700374916,2793.80676599744,931.278442382812,340
932,2791.22142541808,2793.77959688338,931.278442382812,340
933,2826.57833492186,2798.31670362815,931.278442382812,340
934,2815.49250759111,2799.78869950585,931.278442382812,340
935,2828.86992951252,2801.45765746371,931.278442382812,340
936,2763.41951319123,2799.79531317451,931.278442382812,340
937,2816.90677469701,2805.0383516946,930.383361816406,340
938,2818.44311288658,2806.79106042232,930.383361816406,340
939,2815.15104283355,2807.06226244146,930.383361816406,340
940,2808.41804945227,2808.44521187671,930.383361816406,340
941,2809.03957287741,2808.35912348977,930.383361816406,340
942,2802.78402591078,2808.00917863407,930.383361816406,340
943,2809.79986894237,2807.83907072917,930.383361816406,340
944,2819.65725452557,2807.46691844027,930.383361816406,340
945,2825.49005108204,2808.07971118607,927.906188964844,340
946,2637.44733876232,2800.2273237847,927.906188964844,340
947,2579.73200971758,2790.77197554208,927.906188964844,340
948,2719.72827932663,2787.20355338808,927.906188964844,340
949,2818.57103100772,2787.91072483113,927.906188964844,340
950,2716.35303584063,2786.92732325593,927.906188964844,340
951,2752.29835533797,2785.91578649291,927.906188964844,340
952,2720.87408531082,2782.82732864867,927.906188964844,340
953,2816.13193755316,2783.17141184028,926.495239257812,340
954,2795.2072432586,2781.53170427353,926.495239257812,340
955,2788.32462355214,2780.74745629036,926.495239257812,340
956,2754.43874286677,2778.01512585507,926.495239257812,340
957,2811.7744997858,2778.83724882978,926.495239257812,340
958,2825.62436055189,2778.79908985498,926.495239257812,340
959,2712.64014359342,2774.68499529507,926.495239257812,340
960,2814.11380877255,2774.09475046547,926.495239257812,340
961,2705.58164403194,2771.7812356991,928.884155273438,340
962,2822.21626703754,2771.99361539272,928.884155273438,340
963,2827.35990784168,2772.35028719093,928.884155273438,340
964,2805.04942146868,2771.94622233633,928.884155273438,340
965,2822.10607456993,2772.49374334104,928.884155273438,340
966,2694.83793438237,2767.92567780124,928.884155273438,340
967,2812.31006094467,2768.30671920259,928.884155273438,340
968,2821.18242588843,2768.76202148043,928.884155273438,340
969,2816.25778633234,2768.6260427527,930.294860839844,340
970,2668.46482390264,2762.34503366553,930.294860839844,340
971,2730.73956821196,2766.07672284351,930.294860839844,340
972,2823.32416877123,2775.82040920566,930.294860839844,340
973,2665.61715305319,2773.65596415472,930.294860839844,340
974,2627.68545894867,2766.02054127236,930.294860839844,340
975,2755.04113093852,2767.56806507628,930.294860839844,340
976,2825.92203901669,2770.51301242343,930.294860839844,340
977,2811.66684444375,2774.14472278874,932.804565429688,340
978,2689.28564353968,2769.0708710282,932.804565429688,340
979,2806.50902851772,2769.52294243857,932.804565429688,340
980,2796.73994811678,2769.85955542115,932.804565429688,340
981,2809.05336394112,2772.04414026413,932.804565429688,340
982,2826.70004335139,2772.64116200675,932.804565429688,340
983,2730.82860104615,2768.84933162652,932.804565429688,340
984,2795.09822075351,2772.14765471293,932.804565429688,340
985,2822.93883735081,2772.50065585606,929.194152832031,340
986,2735.07664293539,2773.68045581219,929.194152832031,340
987,2801.5261782356,2772.85285226012,929.194152832031,340
988,2824.51362216339,2772.73900083298,929.194152832031,340
989,2670.91049711501,2767.37344385884,929.194152832031,340
990,2806.69152820782,2766.75686200435,929.194152832031,340
991,2812.25550322097,2771.4535647579,929.194152832031,340
992,2791.96319461181,2770.63969010458,929.194152832031,340
993,2818.52884763961,2770.53354697463,930.553283691406,340
994,2814.64655461289,2770.46909770585,930.553283691406,340
995,2818.89094734266,2776.48614264345,930.553283691406,340
996,2810.46194944232,2779.67503789267,930.553283691406,340
997,2815.69772007767,2779.36997994493,930.553283691406,340
998,2713.7253717868,2781.29430869427,930.553283691406,340
999,2801.76105599812,2788.25733257625,930.553283691406,340
1000,2813.78685764569,2790.60716164453,930.553283691406,340
1001,2617.35368435588,2782.2644274581,932.790466308594,340
1002,2629.17386407933,2774.96470824352,932.790466308594,340
1003,2701.1617824526,2775.43975380004,932.790466308594,340
1004,2482.67201124502,2762.48627310913,932.790466308594,340
1005,2601.9402037729,2754.69428333538,932.790466308594,340
1006,2788.15376704967,2753.85829945972,932.790466308594,340
1007,2535.52452690027,2742.21127880168,932.790466308594,340
1008,2601.1698149089,2737.02492735619,932.790466308594,340
1009,1838.20077696483,2698.74902960464,933.997253417969,340
1010,1413.79460711436,2642.38326039518,933.997253417969,340
1011,1604.49842356636,2597.16013162042,933.997253417969,340
1012,1592.34511104338,2548.79288893273,933.997253417969,340
1013,1530.69401426023,2497.04010461661,933.997253417969,340
1014,1543.87330772918,2451.95861704117,933.997253417969,340
1015,1616.37041685929,2404.34577258723,933.997253417969,340
1016,1609.56955548863,2356.23833467794,933.997253417969,340
1017,1514.53325709481,2305.14113717726,936.143188476562,340
1018,1442.73029764657,2250.10919517754,936.143188476562,340
1019,1543.13766733673,2199.24883968649,936.143188476562,340
1020,1485.49849541927,2145.91314160955,936.143188476562,340
1021,1421.07201119085,2090.3375440795,936.143188476562,340
1022,1545.38227896432,2039.52492643496,936.143188476562,340
1023,1554.40767241736,1993.15221846018,936.143188476562,340
1024,1652.82612677626,1947.19482129131,936.143188476562,340
1025,1616.06796614439,1899.28606563126,930.683227539062,340
1026,1676.03838779998,1861.63345376902,930.683227539062,340
1027,1501.69789840899,1816.53441514221,930.683227539062,340
1028,1808.36117069911,1780.82239067207,930.683227539062,340
1029,1720.39289277988,1750.33122593346,930.683227539062,340
1030,1810.19127246774,1718.66126868126,930.683227539062,340
1031,1687.80159922013,1674.64718196807,930.683227539062,340
1032,1524.73176717944,1634.21547157924,930.683227539062,340
1033,1823.52969282156,1603.10986669575,926.882751464844,340
1034,2375.87527741697,1624.61684671383,926.882751464844,340
1035,2230.58729350395,1657.28855416942,926.882751464844,340
1036,1749.81347195171,1663.10115610483,926.882751464844,340
1037,1728.10152079885,1668.53141249505,926.882751464844,340
1038,1847.12124501085,1681.18850172507,926.882751464844,340
1039,1708.94047769973,1687.79118852389,926.882751464844,340
1040,1976.29587454843,1702.18820683146,926.882751464844,340
1041,1774.01580205057,1708.76605669394,924.342224121094,340
1042,1869.94585127581,1722.98256046118,924.342224121094,340
1043,1808.318295241,1737.60608036495,924.342224121094,340
1044,2008.04445739396,1756.20235196724,924.342224121094,340
1045,2072.96271817056,1779.70092087729,924.342224121094,340
1046,2156.514941522,1809.11863809054,924.342224121094,340
1047,1773.85711126251,1818.25763138247,924.342224121094,340
1048,1803.551283753,1828.22337583589,924.342224121094,340
1049,2277.42430166818,1853.20730283157,918.294677734375,340
1050,2246.08564092557,1878.40800982282,918.294677734375,340
1051,2290.59496326698,1902.9902728415,918.294677734375,340
1052,2061.14065914196,1925.36798327082,918.294677734375,340
1053,2337.10989619914,1946.51793229082,918.294677734375,340
1054,2069.17467628711,1960.46920363111,918.294677734375,340
1055,2417.48490480342,1984.76094892453,918.294677734375,340
1056,2435.47917933728,2014.66805212922,918.294677734375,340
1057,2372.1353835035,2048.56419678218,907.683776855469,340
1058,2561.41808556638,2078.07973249198,907.683776855469,340
1059,2295.63812393337,2074.87024635263,907.683776855469,340
1060,2438.16497667229,2083.17335367937,907.683776855469,340
1061,2611.32623514703,2117.63386420718,907.683776855469,340
1062,2456.77069716561,2146.78063126185,907.683776855469,340
1063,2582.35186206707,2176.1898559441,907.683776855469,340
1064,2574.96986756866,2210.83103153885,907.683776855469,340
1065,2519.7991727906,2232.57116346854,895.297485351562,340
1066,2543.98956470804,2263.37011397484,895.297485351562,340
1067,2587.40118562976,2292.068327349,895.297485351562,340
1068,2674.65720043854,2326.7218835569,895.297485351562,340
1069,2552.39461733855,2348.49588995468,895.297485351562,340
1070,2469.31129812457,2364.34983315284,895.297485351562,340
1071,2518.60753176731,2378.83353676266,895.297485351562,340
1072,2582.1554842908,2411.16547168379,895.297485351562,340
1073,2748.27396842031,2448.95437907048,893.917114257812,340
1074,2667.15666728736,2464.54367369525,893.917114257812,340
1075,2390.07292412471,2470.30316502321,893.917114257812,340
1076,2664.64229062426,2485.2650581175,893.917114257812,340
1077,2570.78005588467,2505.65063398721,893.917114257812,340
1078,2560.83164214902,2514.59950382521,893.917114257812,340
1079,2470.11960518557,2530.63730098115,893.917114257812,340
1080,2721.96624897258,2542.81655474791,893.917114257812,340
1081,2689.24747341366,2552.96728651097,882.656982421875,340
1082,2695.62563501919,2565.9068965716,882.656982421875,340
1083,2599.73958929878,2567.43975672089,882.656982421875,340
1084,2696.68943905131,2583.48180932561,882.656982421875,340
1085,2773.03877300299,2596.87676117884,882.656982421875,340
1086,2624.65160442087,2597.40977594979,882.656982421875,340
1087,2740.45376419423,2608.75709863094,882.656982421875,340
1088,2657.42330428311,2611.75995631958,882.656982421875,340
1089,2753.46711928177,2618.8998463881,876.792846679688,340
1090,2521.6640763958,2618.97444253231,876.792846679688,340
1091,2728.23954135232,2626.34444159808,876.792846679688,340
1092,2669.25038659692,2629.61840963677,876.792846679688,340
1093,2446.58224970704,2620.49541160751,876.792846679688,340
1094,2687.27967930294,2625.89081408608,876.792846679688,340
1095,2597.43305429794,2631.01568433302,876.792846679688,340
1096,2599.37884383508,2634.24653681573,876.792846679688,340
1097,2654.24841984392,2637.13025423785,874.924987792969,340
1098,2771.02316257981,2638.04022200424,874.924987792969,340
1099,2669.31618740196,2638.12660280882,874.924987792969,340
1100,2439.60684558402,2640.10795966719,874.924987792969,340
1101,2668.24176772188,2640.2519387511,874.924987792969,340
1102,2718.87713790253,2646.17582203181,874.924987792969,340
1103,2769.06556999252,2654.50517914555,874.924987792969,340
1104,2722.32277550133,2664.59330595818,874.924987792969,340
1105,2733.94935158155,2665.07263006254,880.8232421875,340
1106,2741.4668840657,2667.16140648862,880.8232421875,340
1107,2731.23550732801,2668.58580138097,880.8232421875,340
1108,2776.22053092759,2675.64503904613,880.8232421875,340
1109,2759.30786543595,2678.14977610151,880.8232421875,340
1110,2672.50100231139,2674.12826527385,880.8232421875,340
1111,2707.66278612434,2677.44871254199,880.8232421875,340
1112,2705.78757720041,2676.06206506223,880.8232421875,340
1113,2740.05515397888,2679.36733905007,882.639465332031,340
1114,2759.69981985968,2679.61664707318,882.639465332031,340
1115,2763.16705210102,2689.27676610139,882.639465332031,340
1116,2724.33137681926,2689.12043952007,882.639465332031,340
1117,2747.01284440587,2692.23093783243,882.639465332031,340
1118,2726.66179781874,2703.43411975689,882.639465332031,340
1119,2716.08451733432,2704.58631327815,882.639465332031,340
1120,2717.467192773,2709.38767881715,882.639465332031,340
1121,2740.57642531596,2715.03558207639,887.785217285156,340
1122,2759.03899960144,2719.22720526669,887.785217285156,340
1123,2745.98010768743,2718.22548307099,887.785217285156,340
1124,2733.25263971051,2720.78294116333,887.785217285156,340
1125,2757.59449725842,2733.50244723031,887.785217285156,340
1126,2687.16211899515,2734.25926128124,887.785217285156,340
1127,2742.85430228278,2735.21834785645,887.785217285156,340
1128,2743.32869507825,2734.18887285988,887.785217285156,340
1129,2775.90098171308,2736.33200110835,894.763488769531,340
1130,2751.43092285257,2737.03126395919,894.763488769531,340
1131,2762.40127086078,2737.86863943099,894.763488769531,340
1132,2751.81040324592,2738.69163526771,894.763488769531,340
1133,2707.58193405661,2735.94609139287,894.763488769531,340
1134,2752.24584916564,2735.66361074206,894.763488769531,340
1135,2733.56931041265,2738.10634306611,894.763488769531,340
1136,2733.5848459713,2739.14322545999,894.763488769531,340
1137,2734.30001649543,2740.28372303179,896.218017578125,340
1138,2776.4414532126,2741.73917500114,896.218017578125,340
1139,2686.35767419205,2738.80548917443,896.218017578125,340
1140,2734.1705353501,2737.64562850439,896.218017578125,340
1141,2757.42093419159,2738.96921079929,896.218017578125,340
1142,2744.75970369857,2738.879085171,896.218017578125,340
1143,2781.12675219027,2741.05768334586,896.218017578125,340
1144,2747.71460961237,2742.32288703698,896.218017578125,340
1145,2748.41527589357,2743.5608103618,898.199890136719,340
1146,2743.48176765464,2743.67702405535,898.199890136719,340
1147,2714.35368253476,2741.88961137268,898.199890136719,340
1148,2779.98824946037,2743.2499370436,898.199890136719,340
1149,2707.12290432193,2742.20474762806,898.199890136719,340
1150,2790.97188774129,2743.53984324737,898.199890136719,340
1151,2777.06875258475,2747.13610859095,898.199890136719,340
1152,2740.97052648074,2747.06075755887,898.199890136719,340
1153,2765.5637908991,2747.95016139171,901.537902832031,340
1154,2774.851772352,2747.90819301726,901.537902832031,340
1155,2767.41680816684,2748.54762842983,901.537902832031,340
1156,2747.04905622048,2747.93353984422,901.537902832031,340
1157,2776.96176168585,2748.93959418182,901.537902832031,340
1158,2655.37151896513,2746.85117757816,901.537902832031,340
1159,2738.31026490321,2746.29375420766,901.537902832031,340
1160,2724.89638110244,2745.94683703526,901.537902832031,340
1161,2775.10052672085,2747.60746426524,905.089599609375,340
1162,2785.4745964295,2749.6544474626,905.089599609375,340
1163,2789.54095081809,2750.17842736682,905.089599609375,340
1164,2770.87731284121,2753.55921291279,905.089599609375,340
1165,2743.68608586151,2753.93983493324,905.089599609375,340
1166,2750.98835301024,2753.68253168599,905.089599609375,340
1167,2729.69084689111,2753.07977741369,905.089599609375,340
1168,2783.3626257054,2753.1692123543,905.089599609375,340
1169,2776.94026574187,2754.33823859948,910.20361328125,340
1170,2723.42835920646,2753.33876193199,910.20361328125,340
1171,2762.67547906765,2754.10651038851,910.20361328125,340
1172,2764.24555356195,2756.1021852296,910.20361328125,340
1173,2757.81443089933,2755.21523248716,910.20361328125,340
1174,2782.3118165646,2758.22278897687,910.20361328125,340
1175,2789.36493077316,2758.15851069814,910.20361328125,340
1176,2772.06546012242,2757.95837899965,910.20361328125,340
1177,2801.35782109943,2760.37387078439,912.892333984375,340
1178,2750.89915050339,2759.78728516857,912.892333984375,340
1179,2781.82042590944,2760.06603131086,912.892333984375,340
1180,2780.67155297867,2760.59622110334,912.892333984375,340
1181,2766.45047689156,2761.37227793018,912.892333984375,340
1182,2761.40922848481,2760.75017660214,912.892333984375,340
1183,2712.56528226177,2763.037927134,912.892333984375,340
1184,2804.53996701675,2765.68711521854,912.892333984375,340
1185,2789.64233332523,2768.27695330746,914.150268554688,340
1186,2772.75969285424,2768.18331995279,914.150268554688,340
1187,2776.67095317268,2767.83117422252,914.150268554688,340
1188,2788.05606563274,2767.7717788151,914.150268554688,340
1189,2796.04374084265,2768.77843593516,914.150268554688,340
1190,2786.75265781663,2770.50109881337,914.150268554688,340
1191,2772.31786631729,2771.35427934565,914.150268554688,340
1192,2791.05852692643,2773.80898654706,914.150268554688,340
1193,2728.04677210128,2771.5963524029,918.035278320312,340
1194,2785.56036968711,2771.94115656071,918.035278320312,340
1195,2802.23182842545,2775.09329532947,918.035278320312,340
1196,2793.33880774192,2776.31982847644,918.035278320312,340
1197,2800.69052059377,2777.77762715771,918.035278320312,340
1198,2789.7500848623,2779.05505331623,918.035278320312,340
1199,2697.3536490011,2775.65672661369,918.035278320312,340
1200,2789.33515228691,2775.65553547424,918.035278320312,340
1201,2799.63040805449,2776.75813339152,921.480163574219,340
1202,2783.05666820668,2776.02608727581,921.480163574219,340
1203,2779.63960789918,2777.17570557164,921.480163574219,340
1204,2785.65597932584,2777.3291277083,921.480163574219,340
1205,2664.7361430135,2772.69171130969,921.480163574219,340
1206,2812.2280377593,2774.5228137444,921.480163574219,340
1207,2796.68473792573,2775.93383412204,921.480163574219,340
1208,2779.86502390562,2778.62582378779,921.480163574219,340
1209,2793.79971077212,2778.19621353801,921.647399902344,340
1210,2772.09397853545,2777.49427934642,921.647399902344,340
1211,2800.16383782534,2778.59044514526,921.647399902344,340
1212,2673.58700956007,2774.46708740076,921.647399902344,340
1213,2801.35979315271,2774.99923650156,921.647399902344,340
1214,2778.95491282089,2774.31568338068,921.647399902344,340
1215,2816.51227664216,2775.50606813371,921.647399902344,340
1216,2798.08190960313,2776.53662986514,921.647399902344,340
1217,2816.38759850925,2777.54979272845,923.668273925781,340
1218,2828.01048490784,2781.54834124071,923.668273925781,340
1219,2812.32434146896,2782.61890011199,923.668273925781,340
1220,2774.19737562696,2781.49752200005,923.668273925781,340
1221,2819.11467559513,2782.52855671418,923.668273925781,340
1222,2809.24649307077,2782.87079561326,923.668273925781,340
1223,2797.04128306941,2783.16244354154,923.668273925781,340
1224,2813.7184013414,2787.81703363515,923.668273925781,340
1225,2821.85090263171,2789.11766364895,923.404602050781,340
1226,2827.50346959293,2790.23258611048,923.404602050781,340
1227,2823.85671103012,2791.86458782342,923.404602050781,340
1228,2815.90578998961,2793.31523510704,923.404602050781,340
1229,2808.42993100006,2794.22619317401,923.404602050781,340
1230,2797.14179374833,2799.5224192034,923.404602050781,340
1231,2819.14960657274,2799.79928195594,923.404602050781,340
1232,2836.27968535001,2801.38307985291,923.404602050781,340
1233,2803.35229014387,2802.32257050244,924.565551757812,340
1234,2805.90467752489,2802.80676917255,924.565551757812,340
1235,2831.40067802566,2805.17903715216,924.565551757812,340
1236,2809.09184846656,2805.53615757781,924.565551757812,340
1237,2811.4430661925,2811.0503998431,924.565551757812,340
1238,2816.66824289045,2811.66273783261,924.565551757812,340
1239,2826.37610415045,2813.5595854858,924.565551757812,340
1240,2822.75825170858,2813.80942448845,924.565551757812,340
1241,2826.92100299792,2814.96298822424,926.069519042969,340
1242,2812.62791576524,2814.81260091448,926.069519042969,340
1243,2805.8098351335,2813.92457492351,926.069519042969,340
1244,2807.64047121774,2813.73722011346,926.069519042969,340
1245,2814.01134341486,2815.32977882498,926.069519042969,340
1246,2808.29149871353,2814.89685174971,926.069519042969,340
1247,2739.01024400365,2812.08740178703,926.069519042969,340
1248,2811.05369876952,2812.64789841503,926.069519042969,340
1249,2813.3120268153,2812.63164343399,929.108642578125,340
1250,2813.03607327692,2812.2790502598,929.108642578125,340
1251,2822.39909527663,2812.07487528715,929.108642578125,340
1252,2818.43562446821,2811.85803182467,929.108642578125,340
1253,2799.34548300796,2811.1956195454,929.108642578125,340
1254,2813.47302787401,2811.39734342036,929.108642578125,340
1255,2815.43493344787,2812.12906900834,929.108642578125,340
1256,2810.3811288518,2811.77832989951,929.108642578125,340
1257,2813.6604042957,2810.87355865733,930.028869628906,340
1258,2796.68542185166,2810.60688392564,930.028869628906,340
1259,2831.26842588811,2811.62143386017,930.028869628906,340
1260,2800.52667078882,2810.3864735707,930.028869628906,340
1261,2816.03480419428,2810.66419179981,930.028869628906,340
1262,2813.68909901005,2810.75403311251,930.028869628906,340
1263,2805.89932860168,2810.32327654096,930.028869628906,340
1264,2808.09705061107,2809.59211439938,930.028869628906,340
1265,2822.75271247253,2809.59189282994,930.963806152344,340
1266,2775.49697505698,2807.5349317123,930.963806152344,340
1267,2812.61212707593,2807.53430016473,930.963806152344,340
1268,2809.2433747084,2807.67164174773,930.963806152344,340
1269,2798.6899854578,2807.31362231733,930.963806152344,340
1270,2808.49324896327,2807.09289853927,930.963806152344,340
1271,2747.72355470131,2804.67018077878,930.963806152344,340
1272,2812.02289281516,2807.59068673124,930.963806152344,340
1273,2811.61971112572,2807.61332722549,932.068664550781,340
1274,2835.44385305448,2808.49860027505,932.068664550781,340
1275,2829.35388249841,2809.15131264391,932.068664550781,340
1276,2838.94681037926,2809.81322124802,932.068664550781,340
1277,2820.90282443949,2809.91190924687,932.068664550781,340
1278,2827.31346815097,2811.03062865259,932.068664550781,340
1279,2716.08311147466,2807.13503199662,932.068664550781,340
1280,2827.66637042246,2807.6242894756,932.068664550781,340
1281,2834.34858640131,2808.58298777758,936.009155273438,340
1282,2841.92327684206,2809.71350267943,936.009155273438,340
1283,2844.67314197409,2811.63301148433,936.009155273438,340
1284,2714.65928964943,2806.96864603478,936.009155273438,340
1285,2830.44217456004,2808.16526618563,936.009155273438,340
1286,2783.37646341697,2806.85893255454,936.009155273438,340
1287,2800.01627824398,2806.3120197239,936.009155273438,340
1288,2838.60831981774,2807.62037937254,936.009155273438,340
1289,2846.24454511009,2809.1462791525,934.851989746094,340
1290,2824.24411614212,2809.20593529928,934.851989746094,340
1291,2823.09541456976,2811.1098728798,934.851989746094,340
1292,2838.81130971193,2812.15784018524,934.851989746094,340
1293,2838.71928495261,2813.336876595,934.851989746094,340
1294,2850.69707890269,2815.4171603328,934.851989746094,340
1295,2853.50492880146,2817.21762752633,934.851989746094,340
1296,2831.9007338344,2820.58471469165,934.851989746094,340
1297,2830.66760565978,2821.33050320544,935.149780273438,340
1298,2846.20289975945,2822.71383075079,935.149780273438,340
1299,2826.08343027836,2822.33941383974,935.149780273438,340
1300,2851.90357230941,2823.24140143218,935.149780273438,340
1301,2817.75491897314,2822.39372577594,935.149780273438,340
1302,2854.25831553497,2823.72794541976,935.149780273438,340
1303,2819.71573051763,2823.42403591442,935.149780273438,340
1304,2848.70225619979,2828.72880170343,935.149780273438,340
1305,2851.73930207001,2829.69171896933,933.935302734375,340
1306,2836.24620709907,2829.76762379724,933.935302734375,340
1307,2865.03950367035,2830.69227287037,933.935302734375,340
1308,2837.09938674606,2830.38932266125,933.935302734375,340
1309,2857.15032494735,2836.08896407317,933.935302734375,340
1310,2842.32213868036,2836.56416263798,933.935302734375,340
1311,2847.97455825759,2839.1480864316,933.935302734375,340
1312,2776.42039465088,2838.20425108788,933.935302734375,340
1313,2823.03392902198,2837.58127545605,936.270202636719,340
1314,2833.29643585956,2837.06335108603,936.270202636719,340
1315,2829.76100642093,2837.28402669718,936.270202636719,340
1316,2826.47165438559,2837.41907628982,936.270202636719,340
1317,2836.96234502194,2837.34511770222,936.270202636719,340
1318,2844.85177256137,2837.59041720657,936.270202636719,340
1319,2832.73931001361,2836.872106451,936.270202636719,340
1320,2852.3002250678,2836.82391830166,936.270202636719,340
1321,2854.55665634802,2837.7301552022,937.508911132812,340
1322,2853.14555740609,2838.62927327205,937.508911132812,340
1323,2839.75311715953,2838.37128196806,937.508911132812,340
1324,2848.84283562496,2839.28165818192,937.508911132812,340
1325,2849.25144629538,2839.17557314136,937.508911132812,340
1326,2862.14385817282,2840.95113070935,937.508911132812,340
1327,2771.48397481037,2837.64015708036,937.508911132812,340
1328,2845.21106645112,2838.6599705177,937.508911132812,340
1329,2839.67307394732,2838.2988032276,939.259216308594,340
1330,2827.81782926298,2837.34194431532,939.259216308594,340
1331,2852.15014334496,2837.97810176516,939.259216308594,340
1332,2842.36212649695,2837.07100667822,939.259216308594,340
1333,2850.36315997091,2837.60155760721,939.259216308594,340
1334,2831.61839470684,2836.58028039759,939.259216308594,340
1335,2843.43280654997,2836.62470711238,939.259216308594,340
1336,2823.24057923406,2835.63534795144,939.259216308594,340
1337,2857.98617407603,2838.89797912844,936.02294921875,340
1338,2740.9657954943,2835.61525378734,936.02294921875,340
1339,2848.03328506418,2836.20472775552,936.02294921875,340
1340,2842.40886369467,2836.71064204647,936.02294921875,340
1341,2721.93225414454,2832.52906603683,936.02294921875,340
1342,2861.67183502938,2833.51744563713,936.02294921875,340
1343,2833.42538378366,2833.06039008602,936.02294921875,340
1344,2815.10127299004,2832.35486860507,936.02294921875,340
1345,2823.74914702982,2831.21282548356,932.683471679688,340
1346,2873.68376915544,2831.97790999585,932.683471679688,340
1347,2868.46620068834,2832.59073572714,932.683471679688,340
1348,2871.42834254332,2833.85774474249,932.683471679688,340
1349,2789.72710957298,2831.49311570041,932.683471679688,340
1350,2725.3311933042,2826.53630558077,932.683471679688,340
1351,2853.32311347101,2826.18347579269,932.683471679688,340
1352,2851.26282727382,2829.37462989123,932.683471679688,340
1353,2760.51286685543,2825.98670190741,930.329345703125,340
1354,2835.14829733935,2825.80571084309,930.329345703125,340
1355,2822.42802827178,2825.59011880344,930.329345703125,340
1356,2640.7612904881,2817.13456468917,930.329345703125,340
1357,2738.65234216491,2812.98617331588,930.329345703125,340
1358,2674.17485142828,2805.93864097418,930.329345703125,340
1359,2605.711122844,2796.90235009966,930.329345703125,340
1360,2687.69916935243,2790.67300461176,930.329345703125,340
1361,2746.9387930514,2787.62093316446,929.869201660156,340
1362,2838.61051110882,2786.84590664577,929.869201660156,340
1363,2643.63806005473,2782.95279722819,929.869201660156,340
1364,2543.97187401214,2770.7903407861,929.869201660156,340
1365,2606.11389060241,2761.33854186241,929.869201660156,340
1366,2728.96349580924,2761.619791529,929.869201660156,340
1367,2605.16010048946,2751.35932214741,929.869201660156,340
1368,2647.02444950117,2743.90328477611,929.869201660156,340
1369,2727.43403289904,2740.39659517247,931.972778320312,340
1370,2714.49725939564,2736.0265196671,931.972778320312,340
1371,2669.17475006845,2727.84615890362,931.972778320312,340
1372,2678.69964477741,2720.25549666718,931.972778320312,340
1373,2855.15905367112,2719.60472511229,931.972778320312,340
1374,2651.14080975468,2714.06127311956,931.972778320312,340
1375,2763.00210045442,2715.56810940557,931.972778320312,340
1376,2854.75036429256,2715.62519943843,931.972778320312,340
1377,2846.44417537665,2715.43245336255,929.479125976562,340
1378,2866.01353045218,2719.65247990642,929.479125976562,340
1379,2856.47990778232,2720.50574432413,929.479125976562,340
1380,2800.95627607005,2719.64687423607,929.479125976562,340
1381,2838.69153571411,2727.56408404511,929.479125976562,340
1382,2829.57989713976,2731.2011862441,929.479125976562,340
1383,2671.18486367409,2731.08158673393,929.479125976562,340
1384,2853.04836514472,2740.97507642596,929.479125976562,340
1385,2756.53889385589,2743.7286654061,933.101989746094,340
1386,2801.48422913283,2745.91048284936,933.101989746094,340
1387,2840.44949215488,2745.9840420912,933.101989746094,340
1388,2686.57035139015,2747.70133374461,933.101989746094,340
1389,2839.67966810248,2759.52964550823,933.101989746094,340
1390,2811.09321371927,2767.7288184329,933.101989746094,340
1391,2821.37596244241,2771.42531709823,933.101989746094,340
1392,2704.82872847375,2775.4120622176,933.101989746094,340
1393,2795.97071178664,2781.36991270902,936.821533203125,340
1394,2807.19252584946,2784.56025242704,936.821533203125,340
1395,2825.69188302317,2789.00803737214,936.821533203125,340
1396,2860.6280091474,2796.6661677353,936.821533203125,340
1397,2861.22125523222,2803.96703215349,936.821533203125,340
1398,2823.14462083541,2802.68645484006,936.821533203125,340
1399,2784.03022576823,2808.0020314806,936.821533203125,340
1400,2776.58175931734,2808.54521783512,936.821533203125,340
1401,2795.88305726952,2806.1905255542,935.000427246094,340
1402,2840.454982019,2805.95095781989,935.000427246094,340
1403,2823.29176977505,2804.24208739281,935.000427246094,340
1404,2868.08200994958,2804.7061714795,935.000427246094,340
1405,2752.1762690316,2802.75497119796,935.000427246094,340
1406,2847.63598264523,2803.1127490752,935.000427246094,340
1407,2855.24190583899,2804.13922942317,935.000427246094,340
1408,2845.64227606629,2811.11752591886,935.000427246094,340
1409,2822.81058390164,2809.90801466914,936.148986816406,340
1410,2855.44677011894,2813.86432971966,936.148986816406,340
1411,2841.99805976335,2815.48488294488,936.148986816406,340
1412,2808.26863787044,2814.1976487735,936.148986816406,340
1413,2791.71140957644,2818.40329110095,936.148986816406,340
1414,2855.98546913686,2819.05552314233,936.148986816406,340
1415,2854.35299508952,2820.78591439714,936.148986816406,340
1416,2868.41404187487,2822.66743757444,936.148986816406,340
1417,2833.40447310918,2827.81046735986,935.837951660156,340
1418,2850.34629026339,2829.98549049893,935.837951660156,340
1419,2839.39309533839,2831.27351327848,935.837951660156,340
1420,2841.06072068082,2831.88826678479,935.837951660156,340
1421,2856.2620532514,2831.71362854895,935.837951660156,340
1422,2823.69088236342,2830.2124136342,935.837951660156,340
1423,2798.49934046475,2829.22660241937,935.837951660156,340
1424,2846.94187104224,2831.74306823033,935.837951660156,340
1425,2852.16108928115,2834.76624142888,938.05322265625,340
1426,2847.23243578279,2836.82021656941,938.05322265625,340
1427,2834.82656242348,2836.59507978559,938.05322265625,340
1428,2857.42801130601,2837.96052944683,938.05322265625,340
1429,2855.58413211539,2837.46061433346,938.05322265625,340
1430,2860.42995855483,2841.79076191439,938.05322265625,340
1431,2864.05307232827,2842.44744550171,938.05322265625,340
1432,2814.52508738226,2840.81877276344,938.05322265625,340
1433,2865.22268039029,2841.6019889364,938.024780273438,340
1434,2852.12292115049,2842.77448242636,938.024780273438,340
1435,2856.07361458214,2842.79955620489,938.024780273438,340
1436,2842.59020221769,2842.82324190306,938.024780273438,340
1437,2836.31653586684,2843.94515782292,938.024780273438,340
1438,2853.26709776833,2846.40738535059,938.024780273438,340
1439,2843.73970579145,2845.91755481678,938.024780273438,340
1440,2855.18023732179,2845.95064450607,938.024780273438,340
1441,2842.28129011572,2844.9053344357,939.148071289062,340
1442,2870.63075580428,2846.3943857435,939.148071289062,340
1443,2861.6938350561,2846.84828753521,939.148071289062,340
1444,2858.05323793942,2847.59469323925,939.148071289062,340
1445,2830.26795011277,2847.16298241653,939.148071289062,340
1446,2846.83731148204,2846.78599274576,939.148071289062,340
1447,2833.74841294748,2847.18829396912,939.148071289062,340
1448,2833.56954295063,2848.59110206855,939.148071289062,340
1449,2863.53370939526,2849.25477560268,938.717346191406,340
1450,2870.3202873302,2849.98114352464,938.717346191406,340
1451,2842.37523183849,2849.78685536687,938.717346191406,340
1452,2844.97376946013,2850.19274364833,938.717346191406,340
1453,2860.82783430988,2850.32873656849,938.717346191406,340
1454,2857.10319178528,2850.38949895528,938.717346191406,340
1455,2843.49488502782,2849.7120960142,938.717346191406,340
1456,2845.80718515451,2848.98226052725,938.717346191406,340
1457,2847.52698795511,2850.30233655017,938.916259765625,340
1458,2840.46948512001,2849.31220873935,938.916259765625,340
1459,2851.75790398173,2849.2976080526,938.916259765625,340
1460,2833.2521792129,2848.38475063783,938.916259765625,340
1461,2847.33336805484,2848.57447727132,938.916259765625,340
1462,2857.44110422549,2849.41946000567,938.916259765625,340
1463,2855.63448899866,2849.51415565488,938.916259765625,340
1464,2851.41460636803,2849.82115167794,938.916259765625,340
1465,2846.73254972004,2849.48324417387,937.966796875,340
1466,2840.40776153529,2849.40830303066,937.966796875,340
1467,2834.56564359222,2847.96569854217,937.966796875,340
1468,2833.19847671819,2846.82588420866,937.966796875,340
1469,2845.06696421075,2846.30643325951,937.966796875,340
1470,2852.24678843963,2847.18558679258,937.966796875,340
1471,2848.72152472181,2847.26095532217,937.966796875,340
1472,2835.71173574596,2847.33948823411,937.966796875,340
1473,2857.04172851602,2848.27837565673,938.557739257812,340
1474,2860.84190644934,2848.17070353889,938.557739257812,340
1475,2797.85355784356,2845.27203435943,938.557739257812,340
1476,2856.67456893829,2845.84400784342,938.557739257812,340
1477,2868.2503207265,2846.77506989407,938.557739257812,340
1478,2861.14532162588,2846.78776938671,938.557739257812,340
1479,2863.21683589977,2847.03231515129,938.557739257812,340
1480,2881.61389182679,2848.55707542325,938.557739257812,340
1481,2864.26581951252,2849.29542079757,937.669311523438,340
1482,2866.32655489663,2850.04740347523,937.669311523438,340
1483,2792.48583379297,2848.12805742215,937.669311523438,340
1484,2859.97536804432,2848.45675598466,937.669311523438,340
1485,2866.50483711386,2849.78686230069,937.669311523438,340
1486,2867.94116698709,2850.61117425798,937.669311523438,340
1487,2861.41801470809,2850.77025067729,937.669311523438,340
1488,2869.40497212467,2851.32107000233,937.669311523438,340
1489,2881.70976188004,2852.53287622281,937.832092285156,340
1490,2748.90407893644,2848.61973739146,937.832092285156,340
1491,2852.63853382098,2849.10896828289,937.832092285156,340
1492,2872.61955543625,2850.63112475665,937.832092285156,340
1493,2869.54531627353,2852.08499833887,937.832092285156,340
1494,2862.75782770145,2852.79263287849,937.832092285156,340
1495,2857.05620529394,2852.98500955267,937.832092285156,340
1496,2822.68443160913,2851.94352582816,937.832092285156,340
1497,2709.79689507975,2846.90693220151,933.309631347656,340
1498,2857.92277015989,2846.94217386727,933.309631347656,340
1499,2815.03805901808,2845.11001997002,933.309631347656,340
1500,2881.19992161117,2848.44387452072,933.309631347656,340
1501,2830.39461637293,2847.39267641811,933.309631347656,340
1502,2873.3335911208,2847.59600723388,933.309631347656,340
1503,2857.36585341685,2847.44482850552,933.309631347656,340
1504,2867.08388446556,2847.59951044815,933.309631347656,340
1505,2872.44020250174,2847.23256287515,936.871276855469,340
1506,2873.12955760909,2847.58711239901,936.871276855469,340
1507,2877.3989292177,2848.03000737185,936.871276855469,340
1508,2877.53223582319,2851.43186345306,936.871276855469,340
1509,2878.13693188661,2852.15832600675,936.871276855469,340
1510,2879.94032705516,2852.6957456044,936.871276855469,340
1511,2866.6797043992,2852.64528710089,936.871276855469,340
1512,2883.40377320747,2853.52471744086,936.871276855469,340
1513,2883.8584678318,2854.10285726915,941.197937011719,340
1514,2799.20803526174,2850.80278820442,941.197937011719,340
1515,2897.90626907859,2856.7628758101,941.197937011719,340
1516,2892.05351406437,2858.33947501984,941.197937011719,340
1517,2864.42942469858,2858.01186979033,941.197937011719,340
1518,2896.85636694789,2859.10431181731,941.197937011719,340
1519,2888.38639989094,2860.12945470489,941.197937011719,340
1520,2884.84130650523,2861.24085875334,941.197937011719,340
1521,2885.15753108377,2863.73978273232,942.977478027344,340
1522,2885.410143214,2870.76431265769,942.977478027344,340
1523,2885.61091071737,2871.87183827999,942.977478027344,340
1524,2884.55366528133,2874.65246253052,942.977478027344,340
1525,2809.957434863,2871.8027630606,942.977478027344,340
1526,2891.42942209152,2874.24415528934,942.977478027344,340
1527,2882.50618596625,2874.61105908316,942.977478027344,340
1528,2878.07476396005,2875.43941550489,942.977478027344,340
1529,2772.97545099712,2871.67507816615,940.498107910156,340
1530,2759.00018295306,2867.1374773842,940.498107910156,340
1531,2894.70693208992,2868.00057236343,940.498107910156,340
1532,2830.62784270962,2866.12972890311,940.498107910156,340
1533,2853.12667165095,2865.15350633622,940.498107910156,340
1534,2900.36351783837,2866.04256977429,940.498107910156,340
1535,2897.51827071996,2866.74568752089,940.498107910156,340
1536,2875.3799932141,2867.09369907348,940.498107910156,340
1537,2766.62902154513,2862.42270900699,939.054260253906,340
1538,2803.04113865298,2859.19001583984,939.054260253906,340
1539,2867.95790799786,2861.94001074928,939.054260253906,340
1540,2712.61509420821,2854.52836375446,939.054260253906,340
1541,2823.56132455478,2851.78867617408,939.054260253906,340
1542,2833.11951634658,2850.53627984,939.054260253906,340
1543,2819.29655783161,2847.43388747535,939.054260253906,340
1544,2872.70884470695,2846.80678526799,939.054260253906,340
1545,2669.50285581412,2838.19324724035,941.423034667969,340
1546,2793.93359367846,2834.54428974413,941.423034667969,340
1547,2775.21430431615,2830.13645618822,941.423034667969,340
1548,2806.27655617943,2826.9630820067,941.423034667969,340
1549,2776.04691343796,2822.62281193297,941.423034667969,340
1550,2832.66240382765,2823.53101069155,941.423034667969,340
1551,2776.12437379955,2818.91880875987,941.423034667969,340
1552,2860.14580792509,2818.02439363823,941.423034667969,340
1553,2854.3783070707,2817.07653536265,942.23876953125,340
1554,2854.09280521501,2820.32122953137,942.23876953125,340
1555,2825.82065186449,2822.99404828783,942.23876953125,340
1556,2869.40160574205,2821.98183523391,942.23876953125,340
1557,2802.64943450087,2820.86269890556,942.23876953125,340
1558,2852.63982056074,2820.84322486195,942.23876953125,340
1559,2874.4392060215,2819.80625238928,942.23876953125,340
1560,2877.54710285073,2819.00740567451,942.23876953125,340
1561,2876.76705946932,2819.06288832472,945.612548828125,340
1562,2844.42985440149,2822.17492163897,945.612548828125,340
1563,2821.59406284652,2822.91703860671,945.612548828125,340
1564,2879.76904034708,2823.38948390068,945.612548828125,340
1565,2867.93398284627,2829.60223944621,945.612548828125,340
1566,2874.18883476575,2831.62733985464,945.612548828125,340
1567,2849.20467559737,2832.27074622467,945.612548828125,340
1568,2869.11848219894,2834.26362319937,945.612548828125,340
1569,2817.35557099903,2832.04949225105,946.719055175781,340
1570,2790.14175828176,2836.87504834976,946.719055175781,340
1571,2816.88711346637,2837.79318914127,946.719055175781,340
1572,2854.43459846781,2840.96200090734,946.719055175781,340
1573,2855.24609597298,2842.92078249908,946.719055175781,340
1574,2819.32939607251,2844.65208180446,946.719055175781,340
1575,2769.24115521525,2842.11523185997,946.719055175781,340
1576,2820.41498934452,2843.88685648177,946.719055175781,340
1577,2866.32893375211,2844.13418151485,947.874328613281,340
1578,2856.5137390309,2844.21959879326,947.874328613281,340
1579,2882.71063033371,2845.364311798,947.874328613281,340
1580,2857.17448300166,2846.61846504349,947.874328613281,340
1581,2863.00849767395,2846.36274072077,947.874328613281,340
1582,2858.628735993,2848.60191278045,947.874328613281,340
1583,2875.67997861915,2849.52351910279,947.874328613281,340
1584,2866.86302578305,2849.22047189325,947.874328613281,340
1585,2848.61712839012,2848.06327291483,945.076416015625,340
1586,2841.00558046936,2846.63281375483,945.076416015625,340
1587,2864.4085911734,2847.4319632257,945.076416015625,340
1588,2840.30823482756,2848.18053010494,945.076416015625,340
1589,2854.55597816988,2847.17200761786,945.076416015625,340
1590,2854.67134053264,2846.64150192531,945.076416015625,340
1591,2863.07109433502,2846.19679230808,945.076416015625,340
1592,2819.81467966087,2845.02119247062,945.076416015625,340
1593,2853.06305372492,2844.37897533166,944.465026855469,340
1594,2853.49973029502,2845.8247417035,944.465026855469,340
1595,2862.88598826969,2848.73451090302,944.465026855469,340
1596,2769.87018054573,2846.85383358619,944.465026855469,340
1597,2859.71066768592,2847.06487635492,944.465026855469,340
1598,2862.6969238034,2847.36290946813,944.465026855469,340
1599,2875.75669762401,2849.62000153019,944.465026855469,340
1600,2834.71386001824,2852.23890972231,944.465026855469,340
1601,2845.9060368631,2853.25855162306,942.004760742188,340
1602,2850.95239818987,2852.64349020057,942.004760742188,340
1603,2896.10599436348,2854.22718041387,942.004760742188,340
1604,2854.7439773456,2853.10851429434,942.004760742188,340
1605,2784.37138582792,2850.1963904074,942.004760742188,340
1606,2837.99301789992,2849.19577121643,942.004760742188,340
1607,2857.13221649656,2849.13591043658,942.004760742188,340
1608,2850.99494409511,2848.14850905562,942.004760742188,340
1609,2852.00743336986,2847.55428535909,941.068542480469,340
1610,2874.62469125803,2848.5945878738,941.068542480469,340
1611,2854.9454224707,2849.15218155386,941.068542480469,340
1612,2851.76541105275,2848.64645434903,941.068542480469,340
1613,2853.43540865749,2849.17154130223,941.068542480469,340
1614,2864.38155946358,2849.56456455398,941.068542480469,340
1615,2828.5290335731,2848.5188722756,941.068542480469,340
1616,2872.13960910068,2848.88161286622,941.068542480469,340
1617,2835.79211508014,2849.52071028299,942.028869628906,340
1618,2805.38628527936,2847.61363954517,942.028869628906,340
1619,2846.89799597768,2847.34957017248,942.028869628906,340
1620,2819.933228772,2845.63145979257,942.028869628906,340
1621,2831.44667995306,2848.09451976886,942.028869628906,340
1622,2875.3499214523,2848.72008991952,942.028869628906,340
1623,2829.7120066132,2847.40069323191,942.028869628906,340
1624,2801.83736034447,2844.44391974073,942.028869628906,340
1625,2821.56947245715,2843.91814423828,943.131042480469,340
1626,2692.65607337811,2837.78814569888,943.131042480469,340
1627,2871.98408428123,2838.62941314254,943.131042480469,340
1628,2836.25696738337,2836.23545206333,943.131042480469,340
1629,2634.68297197115,2827.43301184836,943.131042480469,340
1630,2757.5474310852,2826.36005365865,943.131042480469,340
1631,2839.33061892856,2826.41355769979,943.131042480469,340
1632,2852.96630677423,2826.2469213109,943.131042480469,340
1633,2847.80971190815,2826.11951202342,944.000183105469,340
1634,2809.86233364004,2824.43370803423,944.000183105469,340
1635,2837.00518689244,2822.92892785961,944.000183105469,340
1636,2877.96891561844,2823.84986758551,944.000183105469,340
1637,2831.75310717849,2823.04937543054,944.000183105469,340
1638,2839.07470191141,2822.4749471607,944.000183105469,340
1639,2884.29444597028,2823.27146262097,944.000183105469,340
1640,2840.34177468672,2823.74397226551,944.000183105469,340
1641,2855.05608659127,2823.06063136514,945.118041992188,340
1642,2799.78390771079,2821.62030307036,945.118041992188,340
1643,2805.70733334892,2821.63314499315,945.118041992188,340
1644,2848.04474031194,2821.67901476652,945.118041992188,340
1645,2842.48314822143,2822.58101154449,945.118041992188,340
1646,2873.38754299331,2824.2586460661,945.118041992188,340
1647,2845.46190731901,2823.06312550077,945.118041992188,340
1648,2870.73229301211,2824.70393695673,945.118041992188,340
1649,2864.78847498599,2827.22198154239,941.947570800781,340
1650,2854.88205347402,2828.55448478306,941.947570800781,340
1651,2848.28044367786,2834.77945959505,941.947570800781,340
1652,2809.65229990813,2832.28618822013,941.947570800781,340
1653,2843.85677697069,2832.59018060362,941.947570800781,340
1654,2819.98830820128,2840.00239405283,941.947570800781,340
1655,2846.97623783773,2843.57954632293,941.947570800781,340
1656,2707.08895520742,2838.28987977408,941.947570800781,340
1657,2801.50553180989,2836.23144877551,940.654296875,340
1658,2860.75484152799,2836.7492539603,940.654296875,340
1659,2812.14493084397,2836.84055784846,940.654296875,340
1660,2803.67023827558,2835.50715990379,940.654296875,340
1661,2831.97286140609,2833.66731773529,940.654296875,340
1662,2860.18842385667,2834.80473040242,940.654296875,340
1663,2806.2776319514,2833.49284760402,940.654296875,340
1664,2838.76125962632,2831.67152015026,940.654296875,340
1665,2843.26796726273,2831.7885678533,941.046081542969,340
1666,2845.03015515903,2831.38753059601,941.046081542969,340
1667,2840.10187218131,2833.00024917483,941.046081542969,340
1668,2867.8509838662,2835.48599519552,941.046081542969,340
1669,2835.74688377774,2834.99408093416,941.046081542969,340
1670,2840.29409303423,2834.90651872667,941.046081542969,340
1671,2773.92827261499,2830.92814791154,941.046081542969,340
1672,2866.98094599767,2831.78890945868,941.046081542969,340
1673,2880.88448905998,2832.1949973006,942.117004394531,340
1674,2861.31173256936,2832.05592760393,942.117004394531,340
1675,2601.32686945787,2821.91372024329,942.117004394531,340
1676,2830.6750336946,2821.20950384395,942.117004394531,340
1677,2877.39437977282,2823.91918703854,942.117004394531,340
1678,2853.24395942634,2824.29467433677,942.117004394531,340
1679,2809.05837492467,2823.8574770057,942.117004394531,340
1680,2676.77097092025,2817.04926632901,942.117004394531,340
1681,2802.79679897179,2820.87758007958,940.959411621094,340
1682,2750.10635266841,2818.82161291392,940.959411621094,340
1683,2767.03291124311,2815.07273570253,940.959411621094,340
1684,2855.89968437684,2816.82292584384,940.959411621094,340
1685,2853.00434380639,2818.79629006507,940.959411621094,340
1686,2856.95638244856,2819.79563090677,940.959411621094,340
1687,2741.6898351013,2815.05568735656,940.959411621094,340
1688,2809.47266188656,2815.18348855396,940.959411621094,340
1689,2609.09544763677,2805.99685607438,940.559753417969,340
1690,2828.08606180693,2805.38957985615,940.559753417969,340
1691,2736.7347751591,2801.05776465615,940.559753417969,340
1692,2820.7125124775,2800.282190268,940.559753417969,340
1693,2604.95822028327,2789.76647972468,940.559753417969,340
1694,2686.82018544221,2783.80941179126,940.559753417969,340
1695,2810.8035956334,2782.62979189523,940.559753417969,340
1696,2744.92389523475,2781.46961680002,940.559753417969,340
1697,2599.80278892805,2770.78249051723,941.176574707031,340
1698,2641.81253216641,2761.21961224149,941.176574707031,340
1699,2575.7533262239,2749.79727598767,941.176574707031,340
1700,2592.02048836769,2749.42502074407,941.176574707031,340
1701,2740.27470726849,2745.80900768702,941.176574707031,340
1702,2552.51634613208,2732.81388634139,941.176574707031,340
1703,2625.37716789308,2723.69921468006,941.176574707031,340
1704,2652.21392331246,2717.42543661557,941.176574707031,340
1705,2777.92919391616,2721.47176553541,941.183288574219,340
1706,2674.42235061347,2716.33678760108,941.183288574219,340
1707,2706.89077464552,2714.60816448016,941.183288574219,340
1708,2747.10989316343,2713.81124375697,941.183288574219,340
1709,2874.73923248367,2714.56482568125,941.183288574219,340
1710,2657.13759311496,2706.73015565359,941.183288574219,340
1711,2533.9822088974,2693.81118871154,941.183288574219,340
1712,2829.9319887771,2697.34087485857,941.183288574219,340
1713,2878.48565041679,2700.10139439978,937.574157714844,340
1714,2808.10313426202,2708.06170186479,937.574157714844,340
1715,2656.18149959638,2701.18551937637,937.574157714844,340
1716,2539.66013807588,2693.30253389304,937.574157714844,340
1717,2846.34412916682,2694.32779856062,937.574157714844,340
1718,2861.11850085051,2704.57420978331,937.574157714844,340
1719,2727.35355456768,2706.19554454832,937.574157714844,340
1720,2550.23716788747,2695.77288743849,937.574157714844,340
1721,2815.90668948102,2698.61219920834,934.948608398438,340
1722,2754.58584602656,2704.80352149228,934.948608398438,340
1723,2799.83417740575,2711.12438730185,934.948608398438,340
1724,2711.34158224857,2716.54791754284,934.948608398438,340
1725,2535.59816279758,2714.29102452003,934.948608398438,340
1726,2667.63432659671,2711.38540929316,934.948608398438,340
1727,2715.45149742319,2717.90281534481,934.948608398438,340
1728,2685.86284586927,2720.32224246386,934.948608398438,340
1729,2827.82393521389,2727.34664293991,931.739196777344,340
1730,2855.91640160517,2730.46613124747,931.739196777344,340
1731,2794.73920218523,2735.27880531034,931.739196777344,340
1732,2844.01629263103,2740.76382602976,931.739196777344,340
1733,2776.11553379473,2741.92405165502,931.739196777344,340
1734,2631.19846005494,2732.18242075787,931.739196777344,340
1735,2818.98262318493,2738.65622196067,931.739196777344,340
1736,2790.09565066117,2748.90075963122,931.739196777344,340
1737,2862.70264234486,2750.21158577393,936.590393066406,340
1738,2706.16546991493,2743.31877855385,936.590393066406,340
1739,2803.97101375916,2743.15349373374,936.590393066406,340
1740,2835.09496642305,2750.3100324068,936.590393066406,340
1741,2792.35078769788,2760.41765839168,936.590393066406,340
1742,2856.01495239938,2760.80449132099,936.590393066406,340
1743,2839.1137888806,2759.92430284219,936.590393066406,340
1744,2807.971974953,2763.1490396576,936.590393066406,340
1745,2713.8938559862,2769.69530718155,942.247680664062,340
1746,2800.80213767331,2769.09112510924,942.247680664062,340
1747,2845.89465400492,2772.74347742838,942.247680664062,340
1748,2691.07812724722,2768.39323542204,942.247680664062,340
1749,2749.50562693858,2769.91979720964,942.247680664062,340
1750,2791.63280405002,2780.16118285974,942.247680664062,340
1751,2747.34231377574,2783.3495023469,942.247680664062,340
1752,2631.73669210145,2780.00091013403,942.247680664062,340
1753,2769.22508309176,2783.33539962293,942.330444335938,340
1754,2785.19818283268,2781.63036952768,942.330444335938,340
1755,2407.32170466131,2763.68658164992,942.330444335938,340
1756,2738.50595504659,2761.43725176438,942.330444335938,340
1757,2761.01195587211,2758.11707829402,942.330444335938,340
1758,2658.90022746296,2753.42846604075,942.330444335938,340
1759,2763.09934958641,2758.70450162201,942.330444335938,340
1760,2779.1098596313,2757.10959107986,942.330444335938,340
1761,2753.82525006353,2755.65877505596,945.922729492188,340
1762,2836.40173842806,2754.60673889929,945.922729492188,340
1763,2695.93428164075,2754.19749136832,945.922729492188,340
1764,2664.44636954211,2748.61650559964,945.922729492188,340
1765,2715.20298940138,2743.82082651877,945.922729492188,340
1766,2665.90741957855,2738.763091794,945.922729492188,340
1767,2810.66109006444,2736.9489373006,945.922729492188,340
1768,2684.54816655619,2730.76631240762,945.922729492188,340
1769,2803.70151453408,2730.59549399087,941.6103515625,340
1770,2785.80414948762,2733.47190573092,941.6103515625,340
1771,2720.68394970554,2730.26717821221,941.6103515625,340
1772,2624.96371572386,2721.42994068097,941.6103515625,340
1773,2687.94411356823,2721.30458013381,941.6103515625,340
1774,2728.30658966574,2720.4566186429,941.6103515625,340
1775,2685.37272376783,2716.20621543161,941.6103515625,340
1776,2702.1232059227,2714.39745111749,941.6103515625,340
1777,2673.65408028549,2716.07414664485,942.238342285156,340
1778,2734.6674025824,2714.69183942447,942.238342285156,340
1779,2870.0972784583,2718.0878032495,942.238342285156,340
1780,2850.28314140557,2735.80626071927,942.238342285156,340
1781,2816.35444861022,2738.92020046182,942.238342285156,340
1782,2829.98223676745,2741.67901169763,942.238342285156,340
1783,2825.26783343817,2748.33371593664,942.238342285156,340
1784,2709.63944304332,2746.19531967491,942.238342285156,340
1785,2483.4257945106,2734.36795707009,935.903198242188,340
1786,2526.13190592518,2725.26022330455,935.903198242188,340
1787,2612.05390135362,2716.28630982157,935.903198242188,340
1788,2592.16743956952,2712.13563613872,935.903198242188,340
1789,2833.44684369586,2718.89565510487,935.903198242188,340
1790,2539.86587081196,2711.8821703613,935.903198242188,340
1791,2662.17369564847,2711.73282140409,935.903198242188,340
1792,2628.32019948373,2704.43918578087,935.903198242188,340
1793,2522.71962697521,2697.96604419763,933.409057617188,340
1794,2500.49411451967,2685.83774819705,933.409057617188,340
1795,2762.06163368105,2684.88804756479,933.409057617188,340
1796,2708.87378480461,2684.41564096875,933.409057617188,340
1797,2731.72225131922,2688.68598239256,933.409057617188,340
1798,2661.62160569059,2687.63308207746,933.409057617188,340
1799,2671.80963504193,2685.37320389251,933.409057617188,340
1800,2609.9871818261,2682.35778221484,933.409057617188,340
1801,2540.32271762212,2675.88576268281,927.295593261719,340
1802,2577.5364838862,2672.04105882684,927.295593261719,340
1803,2691.6248715519,2670.31935758562,927.295593261719,340
1804,2509.3507666408,2655.88949711292,927.295593261719,340
1805,2768.60868402068,2652.62251881753,927.295593261719,340
1806,2688.09194198287,2647.49201855243,927.295593261719,340
1807,2569.95004743244,2637.09073097903,927.295593261719,340
1808,2560.09518936365,2626.48382521605,927.295593261719,340
1809,2744.0138273084,2627.85880058666,923.617370605469,340
1810,2777.685283675,2639.62918015323,923.617370605469,340
1811,2729.20759447093,2647.75220769506,923.617370605469,340
1812,2710.28661020623,2651.68151604917,923.617370605469,340
1813,2739.40318267643,2657.57094577344,923.617370605469,340
1814,2708.08690346738,2652.5565481643,923.617370605469,340
1815,2725.23598831482,2659.97135286442,923.617370605469,340
1816,2795.06187444539,2665.2868800163,923.617370605469,340
1817,2762.25864235423,2670.64441773112,927.518859863281,340
1818,2730.37424867879,2678.95060259926,927.518859863281,340
1819,2761.20888658493,2689.37919348187,927.518859863281,340
1820,2704.44635898775,2687.07458249414,927.518859863281,340
1821,2814.00608409862,2691.2798744659,927.518859863281,340
1822,2755.80745552727,2692.24328263422,927.518859863281,340
1823,2625.51636441254,2690.7990729831,927.518859863281,340
1824,2856.33985604407,2698.18028182318,927.518859863281,340
1825,2757.37079211289,2704.07562623465,929.815063476562,340
1826,2758.26989334633,2712.79351326362,929.815063476562,340
1827,2841.62168355886,2723.35692125053,929.815063476562,340
1828,2653.02778014114,2721.8130375941,929.815063476562,340
1829,2733.17015692402,2730.76581320543,929.815063476562,340
1830,2719.72789585715,2728.81058167889,929.815063476562,340
1831,2703.51824880067,2729.4276339516,929.815063476562,340
1832,2653.22241259933,2732.75852855827,929.815063476562,340
1833,2685.62432445931,2737.7796939621,931.328735351562,340
1834,2646.93507351399,2733.89654381032,931.328735351562,340
1835,2643.77675254232,2728.54020256501,931.328735351562,340
1836,2534.16845996991,2720.73863718497,931.328735351562,340
1837,2615.45964073136,2716.94555840598,931.328735351562,340
1838,2742.33485025981,2717.06282510931,931.328735351562,340
1839,2572.9549378857,2711.65754648605,931.328735351562,340
1840,2720.32084949147,2711.46094093311,931.328735351562,340
1841,2474.88212114839,2698.65375080123,931.428161621094,340
1842,2708.80996144196,2696.51580356474,931.428161621094,340
1843,2460.7047189352,2685.729022375,931.428161621094,340
1844,2501.4190848785,2675.33743030674,931.428161621094,340
1845,2800.21774937154,2679.16828592209,931.428161621094,340
1846,2470.30288168254,2665.42015782545,931.428161621094,340
1847,2587.34018596083,2658.68146704279,931.428161621094,340
1848,2443.76203617714,2651.41129391338,931.428161621094,340
1849,2663.3103820649,2643.69011495421,931.826354980469,340
1850,2681.83496532151,2640.66868188255,931.826354980469,340
1851,2509.17712133883,2630.70497100226,931.826354980469,340
1852,2771.16828582134,2627.88683509276,931.826354980469,340
1853,2652.44743666206,2627.86362135359,931.826354980469,340
1854,2814.57424415084,2631.11978484266,931.826354980469,340
1855,2781.8467524888,2633.60453910793,931.826354980469,340
1856,2672.10419522337,2632.34797696484,931.826354980469,340
1857,2702.06826731754,2634.30181115357,930.441711425781,340
1858,2737.24499843423,2636.36663811256,930.441711425781,340
1859,2750.04738734918,2640.49113066597,930.441711425781,340
1860,2772.69690859209,2645.64793690796,930.441711425781,340
1861,2659.04132363513,2650.64285145457,930.441711425781,340
1862,2803.84801897274,2658.17838658423,930.441711425781,340
1863,2776.78777287197,2659.55650348871,930.441711425781,340
1864,2742.90960644001,2666.35469023088,930.441711425781,340
1865,2678.01819733662,2664.66258414469,926.012451171875,340
1866,2758.38577695329,2676.00273037689,926.012451171875,340
1867,2783.10392042574,2678.97448873624,926.012451171875,340
1868,2736.15722448233,2689.99258895812,926.012451171875,340
1869,2774.14286759249,2700.90154026668,926.012451171875,340
1870,2783.07727248577,2700.21592119125,926.012451171875,340
1871,2771.69222404488,2712.27149488575,926.012451171875,340
1872,2604.4908470487,2712.95752132926,926.012451171875,340
1873,2640.3586627199,2720.82138639097,929.123107910156,340
1874,2799.88036398133,2726.28418566763,929.123107910156,340
1875,2771.72061140021,2729.87961151078,929.123107910156,340
1876,2692.1353083455,2737.19793899104,929.123107910156,340
1877,2735.54311514033,2735.7729321638,929.123107910156,340
1878,2640.20621495044,2735.28328329534,929.123107910156,340
1879,2584.59472081256,2726.0841023618,929.123107910156,340
1880,2707.30345095041,2723.10237030027,929.123107910156,340
1881,2760.87066575666,2726.6530291216,928.167175292969,340
1882,2757.34901952356,2728.86425920984,928.167175292969,340
1883,2789.71550236603,2730.96307936711,928.167175292969,340
1884,2546.98831698824,2722.84071655268,928.167175292969,340
1885,2534.37147915051,2713.30769937501,928.167175292969,340
1886,2590.7009347027,2710.57408381772,928.167175292969,340
1887,2819.72760519702,2711.20926726669,928.167175292969,340
1888,2774.67172391715,2711.12462530849,928.167175292969,340
1889,2824.0061904909,2714.36848867053,926.552978515625,340
1890,2678.67790807478,2714.39487710006,926.552978515625,340
1891,2746.42124265532,2713.91629572814,926.552978515625,340
1892,2714.19102252831,2711.15977981224,926.552978515625,340
1893,2772.91067748036,2712.62991793216,926.552978515625,340
1894,2811.23615984123,2714.11364962211,926.552978515625,340
1895,2789.22547532597,2714.35957773572,926.552978515625,340
1896,2719.30463734327,2712.26407426766,926.552978515625,340
1897,2770.95430522087,2718.92261259454,923.571044921875,340
1898,2725.65928494224,2722.33463748344,923.571044921875,340
1899,2751.24074112996,2720.38905256938,923.571044921875,340
1900,2575.39386661485,2712.53598277797,923.571044921875,340
1901,2792.4892984756,2716.55014238317,923.571044921875,340
1902,2715.92029906294,2715.76522974008,923.571044921875,340
1903,2743.86480089067,2719.91157317768,923.571044921875,340
1904,2704.42262739173,2724.70468944085,923.571044921875,340
1905,2672.06807722609,2723.29527449188,918.541259765625,340
1906,2773.67721087379,2723.80753629656,918.541259765625,340
1907,2681.07161824715,2720.75644024551,918.541259765625,340
1908,2622.98408592817,2714.08718358799,918.541259765625,340
1909,2716.3616741047,2720.86211787265,918.541259765625,340
1910,2794.51061416891,2731.26768327339,918.541259765625,340
1911,2809.32411459284,2740.01261046899,918.541259765625,340
1912,2792.98810468274,2738.94303044842,918.541259765625,340
1913,2713.32265114755,2736.48906753764,916.175964355469,340
1914,2734.23511171656,2732.89822438666,916.175964355469,340
1915,2780.67520717872,2736.97811635082,916.175964355469,340
1916,2634.86158903286,2732.51573020592,916.175964355469,340
1917,2612.90276184594,2728.46419977863,916.175964355469,340
1918,2814.14074143543,2730.11340233683,916.175964355469,340
1919,2820.09941862207,2730.46793268806,916.175964355469,340
1920,2605.06093276588,2723.10135098566,916.175964355469,340
1921,2826.69204092298,2727.39684712885,914.247192382812,340
1922,2819.04986574526,2729.32066954983,914.247192382812,340
1923,2757.57668691253,2730.59736562864,914.247192382812,340
1924,2804.16458430902,2732.7143193558,914.247192382812,340
1925,2607.73546797076,2734.00798341004,914.247192382812,340
1926,2568.63482585221,2725.0538045051,914.247192382812,340
1927,2830.65225175089,2729.64308261262,914.247192382812,340
1928,2782.89957450463,2731.20447355718,914.247192382812,340
1929,2540.54107533992,2724.6492114751,916.372314453125,340
1930,2719.03137802329,2726.52774350699,916.372314453125,340
1931,2660.57302693939,2722.00357614962,916.372314453125,340
1932,2801.85311517616,2726.83483602678,916.372314453125,340
1933,2700.60449842921,2729.93965252682,916.372314453125,340
1934,2684.93527459863,2728.68259654657,916.372314453125,340
1935,2615.22877292677,2721.51132289689,916.372314453125,340
1936,2668.05253561846,2715.86045973791,916.372314453125,340
1937,2504.99264248874,2704.34064125015,915.917297363281,340
1938,2810.53738316619,2708.2292305309,915.917297363281,340
1939,2506.33539976262,2699.11324205274,915.917297363281,340
1940,2827.95427478352,2701.00440475693,915.917297363281,340
1941,2590.4775703637,2699.22904401017,915.917297363281,340
1942,2806.16093021937,2706.9593707451,915.917297363281,340
1943,2719.45656004913,2703.17200348965,915.917297363281,340
1944,2693.90036591295,2698.12404138129,915.917297363281,340
1945,2818.86679865238,2706.67627601675,915.60791015625,340
1946,2720.62289670185,2702.4335102479,915.60791015625,340
1947,2790.67757922721,2701.29861878718,915.60791015625,340
1948,2795.80913461197,2702.82791669516,915.60791015625,340
1949,2728.73250713578,2699.81063360823,915.60791015625,340
1950,2766.30150404603,2706.15327505124,915.60791015625,340
1951,2769.32184336852,2714.18075575189,915.60791015625,340
1952,2678.38126497836,2708.08991628099,915.60791015625,340
1953,2584.78426002479,2700.1653037018,916.743896484375,340
1954,2774.23950928391,2709.51324105956,916.743896484375,340
1955,2737.48114370186,2710.2512316867,916.743896484375,340
1956,2836.93186545734,2717.30558522742,916.743896484375,340
1957,2815.15733030153,2717.83775383243,916.743896484375,340
1958,2746.81709073913,2719.68625752483,916.743896484375,340
1959,2753.41518287252,2722.42545385578,916.743896484375,340
1960,2721.33217215013,2726.66958982472,916.743896484375,340
1961,2828.31774201055,2733.0801980804,919.733947753906,340
1962,2800.84356374466,2744.91423493064,919.733947753906,340
1963,2822.26140053378,2745.38319562534,919.733947753906,340
1964,2687.81197536266,2752.64225864934,919.733947753906,340
1965,2660.27613538852,2745.93513307354,919.733947753906,340
1966,2791.90879496601,2753.99238205764,919.733947753906,340
1967,2636.42381227891,2747.20289734002,919.733947753906,340
1968,2735.8088788366,2747.85699009152,919.733947753906,340
1969,2803.95648543102,2752.25923487224,919.270629882812,340
1970,2801.31596039268,2751.55720134185,919.270629882812,340
1971,2621.11354583016,2747.57682730698,919.270629882812,340
1972,2782.98774882367,2747.26923409084,919.270629882812,340
1973,2746.46161017467,2745.29533311335,919.270629882812,340
1974,2809.97604552982,2748.54507464911,919.270629882812,340
1975,2796.42223627518,2749.74990393828,919.270629882812,340
1976,2669.51246502696,2745.75752880462,919.270629882812,340
1977,2708.63529107238,2746.96768984838,921.256103515625,340
1978,2721.94644187939,2752.45417712256,921.256103515625,340
1979,2847.23042540657,2755.37381376747,921.256103515625,340
1980,2705.19196997526,2754.0822468184,921.256103515625,340
1981,2805.31682315728,2752.8176451264,921.256103515625,340
1982,2556.78043514789,2742.48256932026,921.256103515625,340
1983,2775.85460313568,2743.64406981612,921.256103515625,340
1984,2707.22451876451,2741.7964432518,921.256103515625,340
1985,2749.5306447323,2742.92438215508,922.936218261719,340
1986,2567.31099529469,2732.48411228645,922.936218261719,340
1987,2628.54259445095,2725.5920735147,922.936218261719,340
1988,2793.7905662255,2724.45324014237,922.936218261719,340
1989,2558.75851702698,2719.29110180894,922.936218261719,340
1990,2629.78279121855,2718.07136804214,922.936218261719,340
1991,2726.8764717574,2715.4700751138,922.936218261719,340
1992,2719.25841705488,2718.78345930484,922.936218261719,340
1993,2701.60441986412,2717.41528094594,926.298400878906,340
1994,2603.07721392143,2709.38011008556,926.298400878906,340
1995,2819.5503466709,2710.10948553668,926.298400878906,340
1996,2582.50098631694,2708.56498315616,926.298400878906,340
1997,2750.3299272747,2707.2586702942,926.298400878906,340
1998,2858.30724595522,2711.73249572542,926.298400878906,340
1999,2555.64447860365,2701.55923304837,926.298400878906,340
2000,2783.78689122004,2701.05381924617,926.298400878906,340
2001,2760.90179583749,2704.70939247859,924.562072753906,340
2002,2796.64248609185,2708.22968027937,924.562072753906,340
2003,2723.89446009087,2708.30760100783,924.562072753906,340
2004,2555.54074236378,2696.64001368612,924.562072753906,340
2005,2712.56591452407,2696.93497146807,924.562072753906,340
2006,2823.24365275531,2697.65204465199,924.562072753906,340
2007,2530.39930592612,2696.59679948312,924.562072753906,340
2008,2790.53006921114,2697.18381812614,924.562072753906,340
2009,2732.19966697936,2698.18282405473,925.319763183594,340
2010,2800.71340795512,2700.23013458364,925.319763183594,340
2011,2691.58971214449,2705.20128325763,925.319763183594,340
2012,2717.99116350338,2708.77922601973,925.319763183594,340
2013,2642.3211920044,2702.72045105089,925.319763183594,340
2014,2755.344877088,2710.58390545333,925.319763183594,340
2015,2732.1592345315,2714.67896318585,925.319763183594,340
2016,2798.19405654391,2717.53166657731,925.319763183594,340
2017,2563.24454704216,2711.2911117768,927.366943359375,340
2018,2686.23726692855,2710.67642565937,927.366943359375,340
2019,2782.52003680735,2717.85413857481,927.366943359375,340
2020,2608.01687895793,2709.39279986629,927.366943359375,340
2021,2721.79015335085,2714.96436654765,927.366943359375,340
2022,2821.98774805655,2717.83067937892,927.366943359375,340
2023,2586.0824724076,2706.94168843702,927.366943359375,340
2024,2675.98923315294,2711.75547861899,927.366943359375,340
2025,2660.05383083397,2706.80615620355,926.881469726562,340
2026,2833.70131815098,2709.71813709609,926.881469726562,340
2027,2729.15224718307,2707.01852753974,926.881469726562,340
2028,2808.26757167417,2710.39345200307,926.881469726562,340
2029,2696.19997649527,2716.01982136833,926.881469726562,340
2030,2688.28119298842,2715.0484325069,926.881469726562,340
2031,2693.92853283105,2709.87582770993,926.881469726562,340
2032,2565.84475541952,2711.29364568967,926.881469726562,340
2033,2801.72252961725,2711.74134410591,927.834716796875,340
2034,2645.97835313441,2708.29249155211,927.834716796875,340
2035,2685.73933292885,2703.69352855106,927.834716796875,340
2036,2672.76155792946,2702.94040238246,927.834716796875,340
2037,2747.26500979496,2704.11135623413,927.834716796875,340
2038,2540.01795748159,2700.01922685321,927.834716796875,340
2039,2760.80394402563,2700.23758953072,927.834716796875,340
2040,2785.16772788212,2702.35792926474,927.834716796875,340
2041,2656.55293863294,2696.6922845483,924.182373046875,340
2042,2799.81681383303,2706.15517521994,924.182373046875,340
2043,2788.70569738554,2710.25391243822,924.182373046875,340
2044,2811.28653269077,2711.40457227356,924.182373046875,340
2045,2804.58905858423,2719.26745945861,924.182373046875,340
2046,2804.67672076693,2722.58292215525,924.182373046875,340
2047,2829.29190930492,2722.87508860519,924.182373046875,340
2048,2745.29963519428,2729.24377511665,924.182373046875,340
2049,2768.74449724963,2732.95398568052,924.556762695312,340
2050,2753.18471477905,2736.67922103832,924.556762695312,340
2051,2618.8144991883,2728.08374827982,924.556762695312,340
2052,2730.67947211906,2728.14483727726,924.556762695312,340
2053,2712.00270508415,2724.29424261365,924.556762695312,340
2054,2720.70544189489,2725.27446122964,924.556762695312,340
2055,2773.4595732174,2728.6815964388,924.556762695312,340
2056,2699.19343714128,2728.89219261121,924.556762695312,340
2057,2790.73235233134,2737.88769648768,922.910217285156,340
2058,2482.40009081011,2725.11479893539,922.910217285156,340
2059,2773.87090116094,2730.23050085646,922.910217285156,340
2060,2788.56845753074,2734.34366584053,922.910217285156,340
2061,2746.42056289332,2737.29002603909,922.910217285156,340
2062,2778.99037700259,2738.55904072739,922.910217285156,340
2063,2562.50248567106,2739.45842185497,922.910217285156,340
2064,2793.13945574933,2740.75184232392,922.910217285156,340
2065,2815.46299311698,2741.96365293331,921.666381835938,340
2066,2810.93582583385,2748.13896842135,921.666381835938,340
2067,2678.40984308417,2743.28268959139,921.666381835938,340
2068,2770.36031974219,2742.54887448566,921.666381835938,340
2069,2775.12949993099,2741.10259317527,921.666381835938,340
2070,2604.31548604143,2733.09165027356,921.666381835938,340
2071,2706.93410477267,2729.18194563379,921.666381835938,340
2072,2773.33350512559,2726.94360946661,921.666381835938,340
2073,2773.73050162568,2728.08084412387,922.673828125,340
2074,2760.33616752477,2727.74451093488,922.673828125,340
2075,2750.80112135616,2727.64916719796,922.673828125,340
2076,2798.70859251632,2734.84493093108,922.673828125,340
2077,2802.22285966749,2737.70666643302,922.673828125,340
2078,2701.76648236857,2737.2972175244,922.673828125,340
2079,2743.5537105838,2738.21114827195,922.673828125,340
2080,2738.61883532098,2736.8175187561,922.673828125,340
2081,2807.3193128795,2741.14255378562,919.822204589844,340
2082,2835.43634036019,2742.93071330678,919.822204589844,340
2083,2821.99285577494,2756.51442390537,919.822204589844,340
2084,2766.87713176097,2756.23467312937,919.822204589844,340
2085,2819.66031036738,2757.47834724284,919.822204589844,340
2086,2768.01057774825,2758.34194783704,919.822204589844,340
2087,2782.12812189898,2758.46745763289,919.822204589844,340
2088,2739.11292426886,2765.5318751768,919.822204589844,340
2089,2632.88028264423,2759.1215082526,919.935363769531,340
2090,2785.61388416096,2757.92754389436,919.935363769531,340
2091,2773.99549947649,2756.44993084006,919.935363769531,340
2092,2771.77252095536,2760.18443795491,919.935363769531,340
2093,2650.31082491201,2755.3824581617,919.935363769531,340
2094,2796.59987289031,2756.24127308008,919.935363769531,340
2095,2736.0811244876,2761.51189861792,919.935363769531,340
2096,2805.03767435286,2765.43604140113,919.935363769531,340
2097,2689.77196203536,2762.09357967752,917.703491210938,340
2098,2828.19255721822,2764.27206190122,917.703491210938,340
2099,2800.35866505512,2765.87296180244,917.703491210938,340
2100,2755.70333062086,2766.06905017302,917.703491210938,340
2101,2813.55421410029,2766.66287503638,917.703491210938,340
2102,2649.54169855526,2760.55562859189,917.703491210938,340
2103,2794.49019540135,2764.2645771132,917.703491210938,340
2104,2648.03836514599,2760.44396329569,917.703491210938,340
2105,2774.23604799845,2761.86865180279,915.506958007812,340
2106,2804.40575245154,2761.75210938567,915.506958007812,340
2107,2821.1453906044,2761.18047139544,915.506958007812,340
2108,2706.57953640655,2756.56393862071,915.506958007812,340
2109,2703.50811201506,2754.02917783087,915.506958007812,340
2110,2808.11659516914,2753.56742922294,915.506958007812,340
2111,2771.98546313037,2753.72642463822,915.506958007812,340
2112,2809.83467547009,2754.83468678107,915.506958007812,340
2113,2798.55096193455,2757.2122082877,914.592163085938,340
2114,2777.0609488425,2762.97943493563,914.592163085938,340
2115,2780.72786382468,2762.78399412218,914.592163085938,340
2116,2794.42000457618,2763.60097432616,914.592163085938,340
2117,2755.67077588624,2762.9569045234,914.592163085938,340
2118,2756.66709415821,2767.21115529325,914.592163085938,340
2119,2786.08533114071,2766.79057362326,914.592163085938,340
2120,2772.92662991565,2768.26439384038,914.592163085938,340
2121,2479.0932745407,2755.2266178479,914.518615722656,340
2122,2678.45511842245,2754.77394410338,914.518615722656,340
2123,2835.43254310863,2755.063543539,914.518615722656,340
2124,2804.91231727351,2755.24568962773,914.518615722656,340
2125,2621.14495715394,2749.86335468906,914.518615722656,340
2126,2804.32627378356,2749.49423707639,914.518615722656,340
2127,2825.56724694718,2756.53525901207,914.518615722656,340
2128,2650.59972341458,2750.77964013259,914.518615722656,340
2129,2681.91909585685,2752.13486936103,914.331787109375,340
2130,2703.38143091145,2749.30068467755,914.331787109375,340
2131,2793.39645579321,2748.86031281122,914.331787109375,340
2132,2780.82962949341,2747.24768236678,914.331787109375,340
2133,2748.49271245384,2748.92420940867,914.331787109375,340
2134,2820.9897901997,2753.62347653605,914.331787109375,340
2135,2677.52797354968,2748.39993167128,914.331787109375,340
2136,2827.40323840875,2750.61664268241,914.331787109375,340
2137,2795.92229636693,2750.06014751828,915.973022460938,340
2138,2796.07930933672,2749.96128141437,915.973022460938,340
2139,2704.64240070775,2747.06453948898,915.973022460938,340
2140,2662.14615708241,2742.32127121929,915.973022460938,340
2141,2727.09172573186,2739.62814006552,915.973022460938,340
2142,2750.59796275808,2739.42522754039,915.973022460938,340
2143,2765.38017320408,2739.77375070223,915.973022460938,340
2144,2674.29525807297,2735.30214777952,915.973022460938,340
2145,2694.46243273685,2732.16357989237,914.295043945312,340
2146,2720.42485512692,2741.81684311581,914.295043945312,340
2147,2715.13997375704,2743.2842373292,914.295043945312,340
2148,2713.20347756437,2738.39507470743,914.295043945312,340
2149,2758.45763153773,2736.536887278,914.295043945312,340
2150,2620.71300655617,2736.51960925409,914.295043945312,340
2151,2748.13252840033,2734.27185943876,914.295043945312,340
2152,2817.54086820362,2733.95080428901,914.295043945312,340
2153,2828.79066685096,2741.07844202647,918.954650878906,340
2154,2744.19966501327,2743.56966479273,918.954650878906,340
2155,2809.30664591438,2747.80667339284,918.954650878906,340
2156,2668.40614152646,2742.80706082217,918.954650878906,340
2157,2821.03801259582,2744.41539614627,918.954650878906,340
2158,2800.41624580537,2746.49233748033,918.954650878906,340
2159,2794.47602972973,2745.43178706153,918.954650878906,340
2160,2777.97976552427,2749.44985874052,918.954650878906,340
2161,2652.22183819894,2742.44260273212,916.7294921875,340
2162,2745.11908316972,2740.41047420423,916.7294921875,340
2163,2797.91281993636,2740.48381462822,916.7294921875,340
2164,2821.87151974143,2745.17297938957,916.7294921875,340
2165,2816.6733947947,2751.35406889806,916.7294921875,340
2166,2791.52228655937,2753.93129133116,916.7294921875,340
2167,2712.7878085743,2752.41888516381,916.7294921875,340
2168,2773.76033309549,2752.75409155946,916.7294921875,340
2169,2824.91337673923,2758.77881630611,919.240966796875,340
2170,2738.88436109381,2760.55569344039,919.240966796875,340
2171,2699.56822614207,2759.721428281,919.240966796875,340
2172,2823.48535441978,2764.05524350751,919.240966796875,340
2173,2838.59627904039,2769.07095556655,919.240966796875,340
2174,2757.03387449837,2769.01400528497,919.240966796875,340
2175,2655.36359993062,2770.40002901995,919.240966796875,340
2176,2836.44007827776,2773.93233101505,919.240966796875,340
2177,2655.20297475223,2767.43881527699,925.33447265625,340
2178,2801.78397028214,2766.35854741424,925.33447265625,340
2179,2808.35642939273,2768.92481798942,925.33447265625,340
2180,2822.70286577245,2769.46066678374,925.33447265625,340
2181,2730.43953584344,2771.94200255642,925.33447265625,340
2182,2801.84866586248,2771.17442868709,925.33447265625,340
2183,2833.13081479774,2772.48301144678,925.33447265625,340
2184,2585.04222190219,2764.10565913368,925.33447265625,340
2185,2640.38209324938,2758.60175224269,923.952758789062,340
2186,2550.58211933424,2754.5361634881,923.952758789062,340
2187,2453.88925737451,2742.88697045629,923.952758789062,340
2188,2635.09886178943,2736.37441213041,923.952758789062,340
2189,2758.02401218959,2733.82051182834,923.952758789062,340
2190,2800.338059542,2733.16709841823,923.952758789062,340
2191,2797.39729709007,2733.40209883946,923.952758789062,340
2192,2464.62438362018,2723.47556184129,923.952758789062,340
2193,2634.36174634091,2717.89961837111,925.855712890625,340
2194,2706.17821607941,2713.15021194472,925.855712890625,340
2195,2784.72724121008,2714.98392714937,925.855712890625,340
2196,2803.44034286663,2719.13881181835,925.855712890625,340
2197,2816.8560776958,2718.87364074939,925.855712890625,340
2198,2571.79148548274,2708.20144900708,925.855712890625,340
2199,2781.17182915478,2709.16696719334,925.855712890625,340
2200,2663.86213971996,2709.50690878491,925.855712890625,340
2201,2804.2617838568,2708.21977700808,925.174438476562,340
2202,2642.25935709719,2707.70203230187,925.174438476562,340
2203,2719.36939579866,2704.40544932254,925.174438476562,340
2204,2806.10921021967,2704.31556055561,925.174438476562,340
2205,2740.10912402444,2701.01181088569,925.174438476562,340
2206,2780.55206681423,2703.01631212452,925.174438476562,340
2207,2803.53600891555,2703.08380584665,925.174438476562,340
2208,2800.30262219346,2701.77067814247,925.174438476562,340
2209,2753.13574574787,2708.4944190963,927.628356933594,340
2210,2573.12384124889,2705.80408901628,927.628356933594,340
2211,2638.73620344617,2709.33025238076,927.628356933594,340
2212,2805.53121890269,2723.39593084189,927.628356933594,340
2213,2608.50880028224,2722.3323283816,927.628356933594,340
2214,2740.93683790847,2721.64884141036,927.628356933594,340
2215,2624.46668647405,2714.61398648764,927.628356933594,340
2216,2647.5765639086,2708.62115716038,927.628356933594,340
2217,2786.27039352118,2721.48699755642,925.293151855469,340
2218,2738.51911113404,2725.65329214814,925.293151855469,340
2219,2433.37729392022,2714.74125526178,925.293151855469,340
2220,2755.56374238366,2713.57471530872,925.293151855469,340
2221,2712.23817489626,2709.9266285899,925.293151855469,340
2222,2759.70098195541,2707.64042476029,925.293151855469,340
2223,2676.52074535717,2711.82959515527,925.293151855469,340
2224,2681.71549211193,2707.85134167355,925.293151855469,340
2225,2819.69552285612,2714.084676999,920.123291015625,340
2226,2733.45224508823,2711.25229544826,920.123291015625,340
2227,2810.1321456912,2717.96720699202,920.123291015625,340
2228,2809.74884614184,2721.58238500574,920.123291015625,340
2229,2750.68749277853,2719.3655163081,920.123291015625,340
2230,2346.50685543719,2703.62142556461,920.123291015625,340
2231,2489.43186395462,2691.97661745022,920.123291015625,340
2232,2519.47245044951,2680.61407511158,920.123291015625,340
2233,2760.585790951,2679.02540186188,921.3623046875,340
2234,2801.11513055856,2680.94457725431,921.3623046875,340
2235,2810.51097475972,2690.44006259475,921.3623046875,340
2236,2753.87139678045,2695.04547032812,921.3623046875,340
2237,2675.24422766631,2689.83399067866,921.3623046875,340
2238,2692.56773264666,2693.19634797324,921.3623046875,340
2239,2684.95270967455,2690.95698284388,921.3623046875,340
2240,2768.92512024256,2696.73532019462,921.3623046875,340
2241,2842.6057087502,2704.53648598828,924.764526367188,340
2242,2666.26474884429,2699.73626020121,924.764526367188,340
2243,2805.89973598994,2702.43148519545,924.764526367188,340
2244,2800.35875034068,2717.11074345226,924.764526367188,340
2245,2810.89818418499,2719.32412112432,924.764526367188,340
2246,2638.86592215681,2716.38923101474,924.764526367188,340
2247,2658.2717119547,2712.33206021471,924.764526367188,340
2248,2777.46875257438,2716.3699805034,924.764526367188,340
2249,2784.49822491258,2720.48128981543,927.05419921875,340
2250,2770.59407404205,2718.51723186286,927.05419921875,340
2251,2781.55829824089,2720.44147398897,927.05419921875,340
2252,2702.03584838387,2716.11762209668,927.05419921875,340
2253,2731.07296477348,2712.97058684194,927.05419921875,340
2254,2809.25594315128,2715.31332485685,927.05419921875,340
2255,2721.79431397039,2730.32482319818,927.05419921875,340
2256,2788.21560027693,2742.27617265107,927.05419921875,340
2257,2601.4321044934,2745.55455881283,925.727722167969,340
2258,2752.36483314717,2745.22572050067,925.727722167969,340
2259,2484.42093305652,2732.55795260059,925.727722167969,340
2260,2788.73164338842,2731.68677934574,925.727722167969,340
2261,2819.71618058016,2734.32057069773,925.727722167969,340
2262,2693.48425273491,2735.05017170047,925.727722167969,340
2263,2845.53937389791,2741.16903735052,925.727722167969,340
2264,2651.00105151999,2739.81097102434,925.727722167969,340
2265,2803.93576567614,2741.21139684168,927.349243164062,340
2266,2657.31440843252,2733.79974482898,927.349243164062,340
2267,2666.90322342046,2733.82528381202,927.349243164062,340
2268,2626.65167331941,2726.6553613052,927.349243164062,340
2269,2753.70438870166,2724.78918683964,927.349243164062,340
2270,2515.16857503994,2712.96000247384,927.349243164062,340
2271,2742.21096512535,2717.09380419258,927.349243164062,340
2272,2716.42516599329,2719.41994235412,927.349243164062,340
2273,2758.04548625641,2718.64301170141,921.830444335938,340
2274,2831.04657477166,2720.50494569577,921.830444335938,340
2275,2831.74922808136,2722.95115185734,921.830444335938,340
2276,2695.34976725136,2719.50281061776,921.830444335938,340
2277,2713.08636577236,2719.9448313133,921.830444335938,340
2278,2703.76455387895,2718.85249487752,921.830444335938,340
2279,2818.64689702529,2719.22813303248,921.830444335938,340
2280,2708.37304063134,2718.69128209892,921.830444335938,340
2281,2762.51729479146,2717.6633498795,923.101013183594,340
2282,2725.94692345491,2722.64394263796,923.101013183594,340
2283,2811.28561549563,2725.0007739319,923.101013183594,340
2284,2782.66331603828,2736.93046925117,923.101013183594,340
2285,2799.45242789529,2737.35930063144,923.101013183594,340
2286,2609.62396138568,2728.95561186366,923.101013183594,340
2287,2697.08429919405,2729.09961372203,923.101013183594,340
2288,2750.62183841198,2725.30291230259,923.101013183594,340
2289,2619.29860192305,2724.03481431871,922.695556640625,340
2290,2751.90164144189,2721.95344934934,922.695556640625,340
2291,2674.70635143072,2722.64912706927,922.695556640625,340
2292,2504.04009519751,2716.13460194035,922.695556640625,340
2293,2695.95078974934,2718.90656659755,922.695556640625,340
2294,2465.95266893441,2707.39649780686,922.695556640625,340
2295,2441.31755877996,2704.44245715646,922.695556640625,340
2296,2657.9317130518,2701.07128707352,922.695556640625,340
2297,2508.51887109666,2692.75503527765,922.45556640625,340
2298,2550.40981115929,2684.44960827377,922.45556640625,340
2299,2527.5111643209,2672.30819185574,922.45556640625,340
2300,2477.47927540982,2658.13739374888,922.45556640625,340
2301,2579.85679728847,2653.51767495036,922.45556640625,340
2302,2601.28649719686,2649.04568020734,922.45556640625,340
2303,2651.86733050089,2646.96979127222,922.45556640625,340
2304,2729.48827934295,2643.40344656493,922.45556640625,340
2305,2694.06908720248,2642.83128842777,922.91748046875,340
2306,2612.37281454753,2636.82550921801,922.91748046875,340
2307,2813.56011531242,2640.33003689231,922.91748046875,340
2308,2774.58603087484,2638.86205350748,922.91748046875,340
2309,2613.90920479424,2632.11188905772,922.91748046875,340
2310,2595.48468324703,2623.95317927179,922.91748046875,340
2311,2701.73316858055,2627.63754755958,922.91748046875,340
2312,2795.77936793834,2631.58535030936,922.91748046875,340
2313,2814.48504343453,2634.13987851026,922.297607421875,340
2314,2749.97074573755,2639.36676426284,922.297607421875,340
2315,2790.52662089148,2640.91176344082,922.297607421875,340
2316,2579.00136487471,2637.08356397858,922.297607421875,340
2317,2699.06980001728,2644.88475217137,922.297607421875,340
2318,2690.39337843246,2644.6624557187,922.297607421875,340
2319,2764.5485399873,2656.60629056081,922.297607421875,340
2320,2597.87767211893,2662.86869509437,922.297607421875,340
2321,2738.18284053947,2666.07874019388,923.734619140625,340
2322,2616.1690042669,2670.38474552069,923.734619140625,340
2323,2764.22365530084,2678.93729928635,923.734619140625,340
2324,2557.28293470864,2680.12817010186,923.734619140625,340
2325,2772.31828895987,2691.92173064386,923.734619140625,340
2326,2800.48708090653,2700.74694198858,923.734619140625,340
2327,2534.18429481841,2698.06285389345,923.734619140625,340
2328,2507.70608600985,2692.29640411381,923.734619140625,340
2329,2784.00136248242,2694.47692743938,934.2646484375,340
2330,2774.52956670981,2697.69534661968,934.2646484375,340
2331,2743.81344399177,2702.95297179745,934.2646484375,340
2332,2741.47047630611,2700.06938623719,934.2646484375,340
2333,2763.95136953119,2699.64399978345,934.2646484375,340
2334,2820.24675974959,2707.89750198166,934.2646484375,340
2335,2463.81384916753,2702.63066861848,934.2646484375,340
2336,2732.15583556408,2703.84757529782,934.2646484375,340
2337,2703.03519259247,2700.13780828399,934.206298828125,340
2338,2807.95139681866,2699.87646241935,934.206298828125,340
2339,2739.57807670895,2699.46075565821,934.206298828125,340
2340,2776.65959353249,2698.90607456385,934.206298828125,340
2341,2773.54760763306,2706.68792427419,934.206298828125,340
2342,2600.08110620071,2702.72837652152,934.206298828125,340
2343,2657.39210813877,2701.40832570977,934.206298828125,340
2344,2704.61244327018,2699.01088184109,934.206298828125,340
2345,2493.19816170104,2694.82370142437,930.243591308594,340
2346,2774.9601514755,2696.29479386182,930.243591308594,340
2347,2786.20894466314,2703.09639147767,930.243591308594,340
2348,2807.04522045892,2704.80925408399,930.243591308594,340
2349,2806.79350674976,2714.78967696563,930.243591308594,340
2350,2747.78675106339,2713.80841544977,930.243591308594,340
2351,2694.95391538277,2709.58708882882,930.243591308594,340
2352,2519.13385381604,2708.98507118873,930.243591308594,340
2353,2741.94160486636,2718.35449194299,927.118103027344,340
2354,2779.20984654102,2718.16283130533,927.118103027344,340
2355,2700.66616105391,2715.2082950791,927.118103027344,340
2356,2733.53488058539,2714.79715254284,927.118103027344,340
2357,2698.98314534786,2713.09765930451,927.118103027344,340
2358,2785.3561747682,2713.95385151399,927.118103027344,340
2359,2730.15116420313,2710.35002769213,927.118103027344,340
2360,2829.45713059879,2724.97575894938,927.118103027344,340
2361,2754.26008267739,2725.85992883392,925.019226074219,340
2362,2662.97594767578,2724.25755903725,925.019226074219,340
2363,2785.0370088664,2723.34098351916,925.019226074219,340
2364,2800.14257946683,2725.76356362947,925.019226074219,340
2365,2754.52957591499,2724.87836292477,925.019226074219,340
2366,2654.23130210988,2720.10571070385,925.019226074219,340
2367,2697.39757011665,2723.99836926048,925.019226074219,340
2368,2486.59674686378,2717.16655480948,925.019226074219,340
2369,2707.09506998576,2717.26585987811,921.676391601562,340
2370,2638.02185078857,2723.05880744161,921.676391601562,340
2371,2790.57169862259,2723.68326932749,921.676391601562,340
2372,2724.75674067179,2721.22518116784,921.676391601562,340
2373,2671.07709238441,2715.78645604486,921.676391601562,340
2374,2777.59820119466,2714.61864382265,921.676391601562,340
2375,2562.89899060458,2707.2231334043,921.676391601562,340
2376,2601.48683900857,2703.48445034933,921.676391601562,340
2377,2781.47673266274,2713.9781655032,920.57763671875,340
2378,2605.73104106555,2708.52974295117,920.57763671875,340
2379,2781.41442035137,2708.61792590358,920.57763671875,340
2380,2796.36418591156,2712.44584689789,920.57763671875,340
2381,2739.28462228389,2712.67583656583,920.57763671875,340
2382,2747.14536727666,2714.60232544298,920.57763671875,340
2383,2646.2939442166,2709.03983622092,920.57763671875,340
2384,2781.52672318244,2711.09485858009,920.57763671875,340
2385,2668.50994816508,2704.65697128274,918.775512695312,340
2386,2841.97659618197,2708.16563182292,918.775512695312,340
2387,2726.2392464297,2710.69616377308,918.775512695312,340
2388,2744.10889496218,2709.05903921691,918.775512695312,340
2389,2804.02981521336,2709.21452864677,918.775512695312,340
2390,2574.23717294721,2702.00283252806,918.775512695312,340
2391,2661.02813323277,2702.27470577298,918.775512695312,340
2392,2815.29638042386,2706.99065818527,918.775512695312,340
2393,2796.42068743455,2719.3836158081,916.962585449219,340
2394,2704.96958886634,2719.29859656332,916.962585449219,340
2395,2804.53142883418,2725.95897968514,916.962585449219,340
2396,2762.40836821147,2724.8324464687,916.962585449219,340
2397,2764.15698870072,2726.40845638986,916.962585449219,340
2398,2791.8737386722,2731.24032224137,916.962585449219,340
2399,2691.61859125028,2727.80113784359,916.962585449219,340
2400,2672.02401282138,2732.16613873227,916.962585449219,340
2401,2673.42306103399,2735.04358761328,918.433715820312,340
2402,2770.975409773,2734.62353469769,918.433715820312,340
2403,2799.9239927445,2742.39125276485,918.433715820312,340
2404,2839.59713151089,2744.71856121123,918.433715820312,340
2405,2740.43860601847,2742.48153801551,918.433715820312,340
2406,2804.46823539022,2745.08888253976,918.433715820312,340
2407,2755.89958991058,2745.43905144512,918.433715820312,340
2408,2666.61260968735,2746.25179806395,918.433715820312,340
2409,2513.91082082066,2735.54716196948,920.706604003906,340
2410,2793.10831819607,2740.53109677072,920.706604003906,340
2411,2728.3511107147,2735.98607735203,920.706604003906,340
2412,2737.76320629946,2736.44703574682,920.706604003906,340
2413,2644.75603027196,2732.47292115921,920.706604003906,340
2414,2823.70295651895,2733.25984681143,920.706604003906,340
2415,2813.20123775667,2742.81840940381,920.706604003906,340
2416,2706.26546306077,2744.62790259693,920.706604003906,340
2417,2846.45548424055,2745.8742667496,921.857177734375,340
2418,2744.61163819133,2743.80190477987,921.857177734375,340
2419,2597.49180386543,2739.50279337983,921.857177734375,340
2420,2780.11345801348,2738.52607454701,921.857177734375,340
2421,2705.71033598274,2736.25815325786,921.857177734375,340
2422,2730.945201471,2734.92968176867,921.857177734375,340
2423,2766.43800476663,2733.91225241244,921.857177734375,340
2424,2734.24205064448,2735.61719078821,921.857177734375,340
2425,2755.92290213964,2738.97314636094,920.296997070312,340
2426,2783.70807944714,2743.38454709747,920.296997070312,340
2427,2741.74842930341,2742.21546787868,920.296997070312,340
2428,2780.56716593691,2741.44119480638,920.296997070312,340
2429,2777.04671751311,2738.93917824647,920.296997070312,340
2430,2780.40785291976,2740.53794812252,920.296997070312,340
2431,2696.90444700485,2736.23539658711,920.296997070312,340
2432,2766.13339097926,2736.64474862985,920.296997070312,340
2433,2820.23577710304,2742.78967532648,921.69287109375,340
2434,2796.48077256856,2754.0924733964,921.69287109375,340
2435,2779.95104470953,2753.56618245693,921.69287109375,340
2436,2680.73527930726,2751.66154920064,921.69287109375,340
2437,2814.25717144379,2754.72130780641,921.69287109375,340
2438,2580.7467818365,2752.16093786899,921.69287109375,340
2439,2513.63672798025,2739.75828872744,921.69287109375,340
2440,2727.32593956731,2736.32327679987,921.69287109375,340
2441,2741.54732867646,2737.7345514245,925.051330566406,340
2442,2574.95008771542,2726.87433556349,925.051330566406,340
2443,2747.76690079572,2727.00054606767,925.051330566406,340
2444,2757.02462632527,2733.38185896606,925.051330566406,340
2445,2814.56364665687,2734.7598665118,925.051330566406,340
2446,2817.37327782967,2739.22638418567,925.051330566406,340
2447,2746.71405935136,2739.85713850089,925.051330566406,340
2448,2598.41503835318,2733.13621984435,925.051330566406,340
2449,2804.37829917757,2735.94166978567,927.983032226562,340
2450,2753.72754611638,2735.85385554474,927.983032226562,340
2451,2623.15019622412,2729.43154021582,927.983032226562,340
2452,2667.61855528387,2726.46634525504,927.983032226562,340
2453,2773.23171556442,2726.17292724014,927.983032226562,340
2454,2694.27464435095,2722.86204431366,927.983032226562,340
2455,2747.8911761651,2721.56137724347,927.983032226562,340
2456,2630.62000067281,2718.90999939019,927.983032226562,340
2457,2768.35842736716,2718.9990008457,928.062561035156,340
2458,2774.86488284404,2717.18416507534,928.062561035156,340
2459,2778.41124676315,2716.46138404313,928.062561035156,340
2460,2698.17681387476,2713.19041480974,928.062561035156,340
2461,2720.39388209194,2714.77675892112,928.062561035156,340
2462,2640.58534165749,2707.82988572967,928.062561035156,340
2463,2684.51749907987,2711.98071441941,928.062561035156,340
2464,2649.00993859991,2717.39564284419,928.062561035156,340
2465,2807.63557993076,2720.60802845873,927.664672851562,340
2466,2770.38515973092,2721.76154170091,927.664672851562,340
2467,2364.09117671118,2713.32718526074,927.664672851562,340
2468,2726.93274771789,2712.49381913763,927.664672851562,340
2469,2812.1006885007,2714.69686162464,927.664672851562,340
2470,2794.37983575489,2713.88950918856,927.664672851562,340
2471,2617.28820257719,2705.88610617846,927.664672851562,340
2472,2754.22989642861,2706.18673966155,927.664672851562,340
2473,2833.30637278781,2715.58239303894,930.547180175781,340
2474,2790.21207981198,2715.01574426432,930.547180175781,340
2475,2734.08158985751,2714.22990601396,930.547180175781,340
2476,2655.48791892359,2715.52341492194,930.547180175781,340
2477,2814.49401207173,2721.39843319345,930.547180175781,340
2478,2639.76456288893,2716.05974708643,930.547180175781,340
2479,2837.05205907379,2721.77084367535,930.547180175781,340
2480,2798.95829785772,2723.81352854305,930.547180175781,340
2481,2783.06664098585,2729.91139415558,925.848693847656,340
2482,2752.16622875965,2729.26370621127,925.848693847656,340
2483,2801.96247032279,2730.34760971042,925.848693847656,340
2484,2745.69134765801,2729.03881374622,925.848693847656,340
2485,2662.1484696578,2727.59767997754,925.848693847656,340
2486,2672.63834914932,2725.68745865983,925.848693847656,340
2487,2752.53314934238,2730.16537096723,925.848693847656,340
2488,2802.30338503799,2734.87680640556,925.848693847656,340
2489,2545.55907647604,2730.7387719206,924.72998046875,340
2490,2565.32265083848,2721.04625475691,924.72998046875,340
2491,2711.28422227952,2718.68221725885,924.72998046875,340
2492,2716.19148755324,2732.76622969254,924.72998046875,340
2493,2828.27051739825,2736.81974047975,924.72998046875,340
2494,2736.73179355727,2733.80498468201,924.72998046875,340
2495,2767.89848845232,2732.74573078991,924.72998046875,340
2496,2670.18687015189,2734.8616774929,924.72998046875,340
2497,2527.75582260642,2725.80271454001,926.818725585938,340
2498,2791.73079114484,2724.13969127429,926.818725585938,340
2499,2707.54450920995,2720.83298845021,926.818725585938,340
2500,2684.46579967384,2718.84835684287,926.818725585938,340
2501,2785.25518394454,2724.0390474437,926.818725585938,340
2502,2637.93216434491,2716.97657353463,926.818725585938,340
2503,2632.68455894021,2716.69337337668,926.818725585938,340
2504,2603.27503079278,2707.34229224544,926.818725585938,340
2505,2776.54213068958,2706.44564555872,926.731079101562,340
2506,2746.18490648862,2704.97037617883,926.731079101562,340
2507,2806.37497616106,2707.13872607488,926.731079101562,340
2508,2636.14476552267,2700.50601788288,926.731079101562,340
2509,2696.89805558648,2698.55428620002,926.731079101562,340
2510,2801.40483365387,2704.12454075986,926.731079101562,340
2511,2708.65611675182,2705.56525146396,926.731079101562,340
2512,2729.04241775092,2704.6256222003,926.731079101562,340
2513,2545.78618196783,2694.36493407749,925.743774414062,340
2514,2703.56212777668,2700.68505612952,925.743774414062,340
2515,2642.04499861291,2703.7539500405,925.743774414062,340
2516,2778.68397254348,2706.44994005106,925.743774414062,340
2517,2765.22613152433,2708.4113258099,925.743774414062,340
2518,2760.3416147257,2705.694169703,925.743774414062,340
2519,2716.82178051913,2704.89776918147,925.743774414062,340
2520,2806.14284286984,2706.42754335817,925.743774414062,340
2521,2705.87863258147,2707.85521385536,924.500793457031,340
2522,2799.0037693874,2718.7051317266,924.500793457031,340
2523,2779.12528276911,2718.20091139157,924.500793457031,340
2524,2804.27049519225,2722.06995083086,924.500793457031,340
2525,2719.48463969149,2723.47070443156,924.500793457031,340
2526,2680.10601832074,2719.26473780661,924.500793457031,340
2527,2619.17401435307,2718.51441180694,924.500793457031,340
2528,2467.86162745489,2711.92149454753,924.500793457031,340
2529,2768.11151205142,2718.51495379787,925.989196777344,340
2530,2683.33689871982,2714.78674451908,925.989196777344,340
2531,2782.778797342,2716.25050015322,925.989196777344,340
2532,2764.41622821237,2714.57215023527,925.989196777344,340
2533,2813.59849116913,2721.67029926113,925.989196777344,340
2534,2708.05587894313,2722.11661219539,925.989196777344,340
2535,2814.60833274065,2722.64475215886,925.989196777344,340
2536,2645.11169167039,2720.10297515561,925.989196777344,340
2537,2496.36690270358,2710.79595455371,929.65625,340
2538,2766.21293273746,2719.6130245845,929.65625,340
2539,2793.70835355432,2723.2188736156,929.65625,340
2540,2761.54418896982,2727.99884122988,929.65625,340
2541,2708.97272284638,2725.210391242,929.65625,340
2542,2825.45240178694,2727.6194420525,929.65625,340
2543,2742.93980582167,2726.92336969634,929.65625,340
2544,2787.37141204747,2729.74535495747,929.65625,340
2545,2575.84557803034,2720.53346436389,928.562683105469,340
2546,2817.62371252949,2725.00326756181,928.562683105469,340
2547,2751.20743108103,2723.09141402956,928.562683105469,340
2548,2577.72841195265,2715.0355391969,928.562683105469,340
2549,2716.91046185541,2711.54113786343,928.562683105469,340
2550,2729.46483595442,2711.94034571394,928.562683105469,340
2551,2679.72117136351,2711.92495183565,928.562683105469,340
2552,2721.76120934255,2716.02843963523,928.562683105469,340
2553,2652.38862538757,2723.40951955254,929.405944824219,340
2554,2714.12338420045,2721.2499944385,929.405944824219,340
2555,2698.56673284383,2721.85918780346,929.405944824219,340
2556,2622.15980901585,2715.43442827042,929.405944824219,340
2557,2449.0473999349,2702.81967513932,929.405944824219,340
2558,2701.30063727405,2698.32776098351,929.405944824219,340
2559,2523.00828582,2690.92585725859,929.405944824219,340
2560,2625.51783397789,2683.36223730808,929.405944824219,340
2561,2797.20807176284,2689.44609251178,934.3681640625,340
2562,2765.13661180089,2700.19688087567,934.3681640625,340
2563,2724.09832998145,2698.51229676543,934.3681640625,340
2564,2750.84817974511,2696.79788981306,934.3681640625,340
2565,2796.06617657965,2698.17876931745,934.3681640625,340
2566,2767.8535310803,2700.53400164681,934.3681640625,340
2567,2733.41106429057,2696.85234814696,934.3681640625,340
2568,2711.24880378531,2695.5847080655,934.3681640625,340
2569,2530.72571239873,2685.31888007955,927.495361328125,340
2570,2767.10780276277,2692.96936906885,927.495361328125,340
2571,2638.03004961214,2685.78562255215,927.495361328125,340
2572,2756.70550534339,2686.00554552265,927.495361328125,340
2573,2462.09921207803,2681.38037752766,927.495361328125,340
2574,2746.54261017427,2682.56566346042,927.495361328125,340
2575,2777.39337629614,2684.48280507409,927.495361328125,340
2576,2688.08488833483,2684.81735375294,927.495361328125,340
2577,2768.86771896834,2686.70161413797,923.581665039062,340
2578,2749.2317914024,2690.57534077856,923.581665039062,340
2579,2739.28304494559,2691.58172720837,923.581665039062,340
2580,2724.12647074868,2692.60411672456,923.581665039062,340
2581,2798.30238856174,2699.6498199064,923.581665039062,340
2582,2782.37155827218,2712.98278623989,923.581665039062,340
2583,2787.54055402988,2716.43238291013,923.581665039062,340
2584,2786.58097440249,2726.97529045342,923.581665039062,340
2585,2487.35497130929,2721.44877594668,920.3974609375,340
2586,2700.58969353915,2717.58404081773,920.3974609375,340
2587,2295.84826774783,2698.81250705561,920.3974609375,340
2588,2791.7683025925,2701.51930596005,920.3974609375,340
2589,2632.28141877088,2696.77663552108,920.3974609375,340
2590,2608.10728506357,2689.25827986044,920.3974609375,340
2591,2260.51941588856,2668.96491525277,920.3974609375,340
2592,2762.82293069173,2670.14138990882,920.3974609375,340
2593,2786.07792517314,2673.13455476433,918.586059570312,340
2594,2673.10800943622,2678.82984664583,918.586059570312,340
2595,2768.28185419761,2678.87680870322,918.586059570312,340
2596,2655.15623791043,2679.56185623516,918.586059570312,340
2597,2549.90847527624,2671.28997503247,918.586059570312,340
2598,2729.34773564386,2681.9799159751,918.586059570312,340
2599,2759.04585446186,2682.48004574661,918.586059570312,340
2600,2750.39353705897,2681.40005217712,918.586059570312,340
2601,2688.16826871071,2681.40338739215,919.647094726562,340
2602,2159.36011911158,2657.02308339788,919.647094726562,340
2603,2759.99175139168,2657.45348179745,919.647094726562,340
2604,2630.35064437798,2653.09618577475,919.647094726562,340
2605,2774.67411738207,2655.11809164009,919.647094726562,340
2606,2686.52230850262,2650.64688843772,919.647094726562,340
2607,2782.06221202403,2650.6345145878,919.647094726562,340
2608,2770.69819339096,2649.96082016224,919.647094726562,340
2609,2788.0148503158,2650.01817519877,921.870300292969,340
2610,2728.78144735328,2659.67523424053,921.870300292969,340
2611,2758.50290838953,2661.99176283455,921.870300292969,340
2612,2606.69572641694,2674.42566118131,921.870300292969,340
2613,2613.09443449315,2667.27870645734,921.870300292969,340
2614,2471.32943880038,2660.84062725852,921.870300292969,340
2615,2455.27769154645,2654.72744351783,921.870300292969,340
2616,2603.52783436718,2668.44778025698,921.870300292969,340
2617,2669.01423541011,2664.69543244571,916.133422851562,340
2618,2745.62081675305,2663.07714810891,916.133422851562,340
2619,2641.71372512393,2661.82137673642,916.133422851562,340
2620,2415.62540258116,2647.71511867176,916.133422851562,340
2621,2573.63739625875,2644.45436500569,916.133422851562,340
2622,2743.56658395708,2652.20068935292,916.133422851562,340
2623,2457.49180244267,2641.32645202488,916.133422851562,340
2624,2628.78953672967,2636.11619931559,916.133422851562,340
2625,2750.51493558672,2636.1210552567,916.626953125,340
2626,2410.87467491855,2625.02931150501,916.626953125,340
2627,2654.63289610703,2644.84022258483,916.626953125,340
2628,2650.78104291064,2640.47179424559,916.626953125,340
2629,2389.90504822258,2630.85397039937,916.626953125,340
2630,2500.81123414326,2619.89945506982,916.626953125,340
2631,2636.76672305918,2617.90923165208,916.626953125,340
2632,2445.14812797129,2604.43266828997,916.626953125,340
2633,2712.52490526705,2602.10573676502,918.113952636719,340
2634,2722.7003572092,2599.49315704075,918.113952636719,340
2635,2708.4173822453,2598.67859443643,918.113952636719,340
2636,2684.72624768313,2595.72752800818,918.113952636719,340
2637,2732.85790349156,2600.77401509116,918.113952636719,340
2638,2703.53577011827,2604.39166851617,918.113952636719,340
2639,2749.61320080702,2615.52301899643,918.113952636719,340
2640,2507.65841929405,2617.61824810634,918.113952636719,340
2641,2600.14432053676,2617.48290755312,915.465515136719,340
2642,2139.7432414116,2596.31206779318,915.465515136719,340
2643,2727.71649323831,2595.59589485259,915.465515136719,340
2644,2747.93863982059,2599.84489144046,915.465515136719,340
2645,2565.59782104217,2605.8437881789,915.465515136719,340
2646,2784.90627215003,2614.29454321455,915.465515136719,340
2647,2473.09312074951,2603.47560468625,915.465515136719,340
2648,2705.87988895123,2613.41112814659,915.465515136719,340
2649,2701.80752983537,2616.33184787082,915.159729003906,340
2650,2734.62385742399,2615.69620474431,915.159729003906,340
2651,2492.29217727085,2618.9529048384,915.159729003906,340
2652,2770.32424142351,2623.58055865106,915.159729003906,340
2653,2716.35487989483,2626.20351213043,915.159729003906,340
2654,2788.6304676596,2642.15252890791,915.159729003906,340
2655,2645.19629564938,2647.92793136815,915.159729003906,340
2656,2727.85289947726,2651.57137842487,915.159729003906,340
2657,2744.57960574109,2663.54863753567,913.036560058594,340
2658,2607.27481976757,2659.33863411569,913.036560058594,340
2659,2727.63070260665,2659.53584793159,913.036560058594,340
2660,2643.088841895,2656.92270631757,913.036560058594,340
2661,2767.7174693072,2660.24235518254,913.036560058594,340
2662,2516.47402140584,2651.58699989911,913.036560058594,340
2663,2762.9314952349,2653.96282890377,913.036560058594,340
2664,2594.78808347287,2647.76982421041,913.036560058594,340
2665,2668.53252687621,2654.20478851369,912.52783203125,340
2666,2665.43547866829,2656.81643483895,912.52783203125,340
2667,2514.042653629,2671.78841132765,912.52783203125,340
2668,2687.89221955271,2670.19544038023,912.52783203125,340
2669,1945.79286317331,2638.10960931433,912.52783203125,340
2670,2631.39642377349,2640.74155342359,912.52783203125,340
2671,2125.93201830683,2614.38258326986,912.52783203125,340
2672,2702.04442091323,2623.54063527641,912.52783203125,340
2673,2699.99209191971,2623.30512339515,918.98828125,340
2674,2502.54503838361,2615.33462373708,918.98828125,340
2675,2515.10296898457,2606.5537881995,918.98828125,340
2676,2765.29814214107,2617.47402679431,918.98828125,340
2677,2635.58211739822,2612.0843418333,918.98828125,340
2678,2732.39751652147,2612.72604729836,918.98828125,340
2679,2786.64716458328,2612.64671517531,918.98828125,340
2680,2548.3307429688,2608.77209306809,918.98828125,340
2681,2764.83322412548,2610.25130605402,911.668090820312,340
2682,2544.1290395967,2602.23328340824,911.668090820312,340
2683,2479.788735037,2597.13384001902,911.668090820312,340
2684,2731.53029948389,2597.28982389411,911.668090820312,340
2685,2701.36103810318,2599.62071174243,911.668090820312,340
2686,2612.30408375384,2593.4041763203,911.668090820312,340
2687,2629.34770340391,2597.91912360022,911.668090820312,340
2688,2761.74593233685,2597.8717010843,911.668090820312,340
2689,2488.98384993305,2593.63953174271,912.240661621094,340
2690,2692.66906431369,2594.60499324021,912.240661621094,340
2691,2596.58800331627,2591.85109422613,912.240661621094,340
2692,2660.7547122047,2597.71957656915,912.240661621094,340
2693,2618.29626788261,2594.93573850235,912.240661621094,340
2694,2565.96935125434,2619.74279802559,912.240661621094,340
2695,2633.02815660242,2619.80806733875,912.240661621094,340
2696,2580.82507680425,2638.00378967865,912.240661621094,340
2697,2679.42176533841,2637.09888345565,912.094543457031,340
2698,2720.33991823377,2637.91279650822,912.094543457031,340
2699,2628.57259894597,2642.95389893071,912.094543457031,340
2700,2442.6043681259,2640.05395489636,912.094543457031,340
2701,2730.93679897414,2638.67950116969,912.094543457031,340
2702,2774.98384018723,2644.25557008125,912.094543457031,340
2703,2678.1448377226,2642.08546292929,912.094543457031,340
2704,2597.04434616138,2634.50135019242,912.094543457031,340
2705,2755.06639355393,2642.77077621582,912.140686035156,340
2706,2696.44880365031,2640.03539939681,912.140686035156,340
2707,2603.92764909461,2642.42734377673,912.140686035156,340
2708,2750.06276541233,2653.23830499174,912.140686035156,340
2709,2757.02506459526,2654.2580955962,912.140686035156,340
2710,2533.73133228253,2647.55290736337,912.140686035156,340
2711,2725.66781385248,2652.08745656732,912.140686035156,340
2712,2628.48282626604,2652.0528614818,912.140686035156,340
2713,2668.18215267996,2648.31031029553,912.992248535156,340
2714,2775.79522513075,2659.78276530344,912.992248535156,340
2715,2420.51304444629,2648.89652450874,912.992248535156,340
2716,2475.51692659144,2644.05368143975,912.992248535156,340
2717,2504.14048757957,2637.78911245474,912.992248535156,340
2718,2647.98724702142,2638.97675162029,912.992248535156,340
2719,2725.38812768647,2645.35350267758,912.992248535156,340
2720,2708.8099911249,2648.38477605848,912.992248535156,340
2721,2702.08796396519,2653.23529154492,914.429565429688,340
2722,2688.95143610721,2653.61647837567,914.429565429688,340
2723,2729.75850358488,2653.99322178971,914.429565429688,340
2724,2756.49633614123,2659.11017127752,914.429565429688,340
2725,2754.90101507136,2671.60203715534,914.429565429688,340
2726,2664.60464609133,2668.94875104003,914.429565429688,340
2727,2738.87556932856,2667.50442020568,914.429565429688,340
2728,2479.77884070843,2659.56978032511,914.429565429688,340
2729,2739.32697337116,2665.26108541351,913.629516601562,340
2730,2667.68351039573,2661.76577008718,913.629516601562,340
2731,2726.010691255,2662.94824559136,913.629516601562,340
2732,2682.82997237143,2666.10433852244,913.629516601562,340
2733,2708.72667663274,2664.45089497125,913.629516601562,340
2734,2729.6568493051,2663.35616635965,913.629516601562,340
2735,2741.03983488227,2671.64850646364,913.629516601562,340
2736,2731.40903499924,2671.87815530951,913.629516601562,340
2737,2760.17368528816,2677.14578967039,915.704956054688,340
2738,2725.89370261571,2679.45425166782,915.704956054688,340
2739,2669.68916538441,2675.21000927797,915.704956054688,340
2740,2664.85845066417,2684.98382552668,915.704956054688,340
2741,2702.50364962381,2694.06329444798,915.704956054688,340
2742,2611.57280767595,2698.36058725183,915.704956054688,340
2743,2719.09983160611,2701.20509063522,915.704956054688,340
2744,2716.40777616797,2700.84587657448,915.704956054688,340
2745,2616.24523604713,2697.14328637137,916.748901367188,340
2746,2757.79505683689,2699.37157008624,916.748901367188,340
2747,2627.10734185189,2696.89780631603,916.748901367188,340
2748,2618.91229867209,2692.46395811952,916.748901367188,340
2749,2689.76943476653,2689.79488206453,916.748901367188,340
2750,2755.25443555528,2689.80901888388,916.748901367188,340
2751,2725.0705911358,2692.22765668566,916.748901367188,340
2752,2733.95884469412,2692.03098770029,916.748901367188,340
2753,2749.88017393621,2702.8350410294,915.613159179688,340
2754,2779.65637004045,2704.44821689617,915.613159179688,340
2755,2776.38383878105,2708.79623003158,915.613159179688,340
2756,2718.84101511886,2708.50944298614,915.613159179688,340
2757,2753.90438849721,2711.35241963117,915.613159179688,340
2758,2641.32539517616,2708.6563683729,915.613159179688,340
2759,2719.66855467989,2708.25683658789,915.613159179688,340
2760,2781.40953110053,2709.87162443662,915.613159179688,340
2761,2651.86931180033,2706.69003550867,915.913146972656,340
2762,2697.95498885401,2704.2012876513,915.913146972656,340
2763,2671.94361820719,2702.04328427496,915.913146972656,340
2764,2620.09675314582,2700.05958778542,915.913146972656,340
2765,2768.99750431715,2704.22514993154,915.913146972656,340
2766,2656.33890363623,2702.37856009203,915.913146972656,340
2767,2720.64733452925,2706.74154116617,915.913146972656,340
2768,2741.51468778378,2707.63813541327,915.913146972656,340
2769,2393.23007450236,2694.71102734665,915.426330566406,340
2770,2736.08482692505,2699.50461098176,915.426330566406,340
2771,2734.63558135744,2698.57823196259,915.426330566406,340
2772,2620.4468971743,2698.31181417548,915.426330566406,340
2773,2703.02658003223,2701.67638542989,915.426330566406,340
2774,2747.31695615865,2703.97828628557,915.426330566406,340
2775,2613.87371351069,2698.32305740379,915.426330566406,340
2776,2740.15505919027,2698.92643612597,915.426330566406,340
2777,2705.72968015903,2697.79726954456,919.307067871094,340
2778,2766.12299099751,2698.44698222702,919.307067871094,340
2779,2713.1747189712,2695.78771618425,919.307067871094,340
2780,2647.96585110909,2690.65099667737,919.307067871094,340
2781,2592.19910804694,2685.58532039449,919.307067871094,340
2782,2725.9756089276,2684.46816921171,919.307067871094,340
2783,2701.54462820445,2686.87693853284,919.307067871094,340
2784,2783.58438137357,2689.43357160059,919.307067871094,340
2785,2724.73919792562,2687.16675827359,915.64697265625,340
2786,2698.30295628621,2689.02410405303,915.64697265625,340
2787,2764.69745455556,2691.69380268109,915.64697265625,340
2788,2662.80555078313,2691.32827998413,915.64697265625,340
2789,2643.03908128799,2692.24597310981,915.64697265625,340
2790,2606.13820742363,2685.73160123407,915.64697265625,340
2791,2746.47378522165,2689.33699649749,915.64697265625,340
2792,2758.25553664574,2690.84132458215,915.64697265625,340
2793,2722.40147603424,2690.07679611217,912.654174804688,340
2794,2759.45016646752,2704.72559979077,912.654174804688,340
2795,2763.5355316817,2705.82362798104,912.654174804688,340
2796,2741.05182065033,2706.08027755275,912.654174804688,340
2797,2758.92565378641,2711.61942781724,912.654174804688,340
2798,2756.44086678421,2713.75599928732,912.654174804688,340
2799,2751.70082513832,2713.9313540465,912.654174804688,340
2800,2747.14929830171,2719.26237743815,912.654174804688,340
2801,2749.65846761508,2719.64251377514,913.442321777344,340
2802,2748.59868331427,2721.35727390135,913.442321777344,340
2803,2699.17279994048,2718.67926625907,913.442321777344,340
2804,2727.49132850231,2719.25193064031,913.442321777344,340
2805,2734.14200763781,2722.69897690146,913.442321777344,340
2806,2754.96014663759,2729.20941844509,913.442321777344,340
2807,2566.17738928891,2722.81748965954,913.442321777344,340
2808,2710.79802753178,2723.18762563263,913.442321777344,340
2809,2716.61634949541,2720.5089043575,916.785461425781,340
2810,2739.81468088016,2721.11192367569,916.785461425781,340
2811,2720.52174415075,2722.00067519027,916.785461425781,340
2812,2716.01368036978,2720.05332422284,916.785461425781,340
2813,2709.39827401409,2721.91703315207,916.785461425781,340
2814,2731.07226870217,2725.43836064864,916.785461425781,340
2815,2740.59478925966,2730.81662392208,916.785461425781,340
2816,2718.29764148674,2729.68957817269,916.785461425781,340
2817,2786.46442861606,2730.8179338515,919.273986816406,340
2818,2663.67669009325,2728.46894241386,919.273986816406,340
2819,2744.9844141041,2727.89031231932,919.273986816406,340
2820,2730.12605216503,2726.55393313866,919.273986816406,340
2821,2640.90753769255,2722.54816182035,919.273986816406,340
2822,2634.73673519331,2717.58060507662,919.273986816406,340
2823,2735.63468463875,2716.7483577908,919.273986816406,340
2824,2731.82035457704,2715.95313896835,919.273986816406,340
2825,2745.97933697143,2715.90634051514,914.536926269531,340
2826,2678.28491463835,2713.05139839607,914.536926269531,340
2827,2648.47120623139,2709.04629931276,914.536926269531,340
2828,2728.9351887977,2710.23679486704,914.536926269531,340
2829,2731.34147462478,2710.39080071194,914.536926269531,340
2830,2751.40933017327,2711.08149361336,914.536926269531,340
2831,2768.74108751425,2711.63273124843,914.536926269531,340
2832,2735.73713614253,2718.41512112257,914.536926269531,340
2833,2696.52886018288,2717.84435442862,916.18994140625,340
2834,2759.0099729918,2719.54009936847,916.18994140625,340
2835,2588.4409264508,2713.4851491913,916.18994140625,340
2836,2742.05201209028,2714.34635990888,916.18994140625,340
2837,2784.62351567616,2717.09075332113,916.18994140625,340
2838,2733.4518168116,2718.05289503304,916.18994140625,340
2839,2786.15988993844,2720.25639988249,916.18994140625,340
2840,2749.28752027583,2720.60410912313,916.18994140625,340
2841,2707.77232849803,2720.18309660359,917.858032226562,340
2842,2752.55186037621,2718.82659387399,917.858032226562,340
2843,2700.19117229911,2720.28717316222,917.858032226562,340
2844,2767.28909616218,2721.17936044455,917.858032226562,340
2845,2555.64026089102,2714.19992879359,917.858032226562,340
2846,2775.05205194619,2719.56570936373,917.858032226562,340
2847,2752.06057319602,2724.25866288384,917.858032226562,340
2848,2705.16014462264,2723.0396812832,917.858032226562,340
2849,2765.82231923742,2724.39975986961,915.98291015625,340
2850,2678.3970403597,2721.69646800514,915.98291015625,340
2851,2729.14084433243,2723.73070519291,915.98291015625,340
2852,2768.79192098616,2728.5435337831,915.98291015625,340
2853,2766.189476298,2730.03370528311,915.98291015625,340
2854,2658.56143522755,2727.12250370722,915.98291015625,340
2855,2707.29553166366,2725.35795176684,915.98291015625,340
2856,2777.42876181289,2725.70545873878,915.98291015625,340
2857,2742.09619056544,2725.9598209157,917.9365234375,340
2858,2719.48300638167,2726.87798676365,917.9365234375,340
2859,2776.35016563944,2727.57159446955,917.9365234375,340
2860,2593.41044521064,2727.77037521995,917.9365234375,340
2861,2756.46615507625,2728.34694093939,917.9365234375,340
2862,2653.30662203591,2723.09426519378,917.9365234375,340
2863,2743.42034295061,2723.49300623934,917.9365234375,340
2864,2751.30647560651,2722.09886966606,917.9365234375,340
2865,2723.58119157109,2721.07061651787,920.324768066406,340
2866,2632.26504401482,2718.05032513854,920.324768066406,340
2867,2771.30732422872,2718.80054369264,920.324768066406,340
2868,2714.17594277825,2719.35993451181,920.324768066406,340
2869,2774.03918229083,2719.62993795695,920.324768066406,340
2870,2790.90121539858,2729.04037613726,920.324768066406,340
2871,2741.84138155763,2727.71194932171,920.324768066406,340
2872,2763.25339975695,2728.15966238415,920.324768066406,340
2873,2732.21554821633,2729.2418785279,917.621337890625,340
2874,2786.92420837064,2730.08595409323,917.621337890625,340
2875,2616.10279145088,2727.59418413687,917.621337890625,340
2876,2723.1146391064,2727.35313592783,917.621337890625,340
2877,2532.04789411893,2717.88337485314,917.621337890625,340
2878,2790.5560795623,2718.85803898372,917.621337890625,340
2879,2771.50655779307,2723.37584388634,917.621337890625,340
2880,2681.3940603938,2722.33978503554,917.621337890625,340
2881,2776.7021820314,2722.31072184428,920.806823730469,340
2882,2639.34259550171,2718.20057804173,920.806823730469,340
2883,2774.90119128988,2720.41730543806,920.806823730469,340
2884,2788.38427615099,2720.89866985852,920.806823730469,340
2885,2622.25139390213,2722.05230780618,920.806823730469,340
2886,2774.55198991121,2722.77574119958,920.806823730469,340
2887,2487.73168780614,2716.15274383039,920.806823730469,340
2888,2704.60744653457,2714.60022797375,920.806823730469,340
2889,2723.74291659841,2713.49768561343,920.624572753906,340
2890,2601.57020981412,2708.61724634315,920.624572753906,340
2891,2710.93632238099,2711.76409747779,920.624572753906,340
2892,2686.29294365545,2708.36352225486,920.624572753906,340
2893,2803.38492784692,2711.93188165761,920.624572753906,340
2894,2752.15632659881,2711.05656742993,920.624572753906,340
2895,2786.34146392197,2710.87417737087,920.624572753906,340
2896,2650.90322289155,2707.23665102422,920.624572753906,340
2897,2686.21408308553,2704.15507835737,923.404663085938,340
2898,2791.10616114531,2706.51070287452,923.404663085938,340
2899,2767.1722424657,2705.72062423833,923.404663085938,340
2900,2714.28694081606,2709.64799021293,923.404663085938,340
2901,2751.54153186681,2710.78506592335,923.404663085938,340
2902,2669.10043949357,2716.26716773834,923.404663085938,340
2903,2783.47382932891,2715.983877729,923.404663085938,340
2904,2678.84426113434,2712.27738586265,923.404663085938,340
2905,2714.5640245917,2713.60418443057,922.918701171875,340
2906,2742.82572132518,2712.24912600232,922.918701171875,340
2907,2753.90817914628,2716.8317493481,922.918701171875,340
2908,2552.08415202609,2707.91906777755,922.918701171875,340
2909,2606.46091818793,2700.64213345903,922.918701171875,340
2910,2671.82767613073,2702.62518474817,922.918701171875,340
2911,2765.52820795785,2702.26423347004,922.918701171875,340
2912,2679.85464718721,2709.94915184528,922.918701171875,340
2913,2669.06776592302,2708.52756462082,925.630554199219,340
2914,2745.82729758381,2709.41093986023,925.630554199219,340
2915,2673.79752362284,2712.30003241258,925.630554199219,340
2916,2679.45337308918,2711.04071444091,925.630554199219,340
2917,2731.57083196597,2712.85182997333,925.630554199219,340
2918,2652.35696248686,2706.81071135893,925.630554199219,340
2919,2747.32085272242,2706.61729240387,925.630554199219,340
2920,2775.29819986575,2706.17556184163,925.630554199219,340
2921,2764.26414887179,2710.70999888083,924.144348144531,340
2922,2688.59786530589,2710.80535016965,924.144348144531,340
2923,2624.89627226169,2704.1569546143,924.144348144531,340
2924,2627.17113907473,2698.55691047866,924.144348144531,340
2925,2556.00374663999,2692.22558271162,924.144348144531,340
2926,2725.01551366294,2691.16454198347,924.144348144531,340
2927,2766.63953931563,2695.06610597635,924.144348144531,340
2928,2593.67990158324,2687.47434886652,924.144348144531,340
2929,2779.9180192332,2691.51729919048,923.594665527344,340
2930,2667.45589002103,2689.63297380765,923.594665527344,340
2931,2767.94965429315,2690.63793112637,923.594665527344,340
2932,2746.11012981599,2690.32600915316,923.594665527344,340
2933,2682.28752945211,2695.5341442502,923.594665527344,340
2934,2781.47823021191,2702.53483673116,923.594665527344,340
2935,2796.38926199915,2707.51730016589,923.594665527344,340
2936,2548.15177045488,2698.82224266578,923.594665527344,340
2937,2740.06702987014,2701.23073797309,926.040405273438,340
2938,2715.22884658622,2703.07718119962,926.040405273438,340
2939,2785.42153144499,2704.66095055407,926.040405273438,340
2940,2647.2497325247,2703.59903891014,926.040405273438,340
2941,2761.40806500932,2706.87722658695,926.040405273438,340
2942,2713.53305509037,2706.15571551192,926.040405273438,340
2943,2720.92111846047,2708.89828175087,926.040405273438,340
2944,2630.28679220655,2704.21691933023,926.040405273438,340
2945,2677.95605529981,2700.3232335476,930.233276367188,340
2946,2766.36766867151,2700.40737433959,930.233276367188,340
2947,2785.39892742249,2704.27941682425,930.233276367188,340
2948,2746.55387580296,2709.1457209659,930.233276367188,340
2949,2730.55676572384,2713.28114603186,930.233276367188,340
2950,2668.89150565228,2717.79665639236,930.233276367188,340
2951,2772.73916169404,2719.7056023136,930.233276367188,340
2952,2790.48662690317,2720.6594858171,930.233276367188,340
2953,2741.04184843648,2726.55396369123,929.175964355469,340
2954,2782.70354113672,2726.66538456737,929.175964355469,340
2955,2697.88948862824,2727.88272851166,929.175964355469,340
2956,2756.56777406229,2727.42745330242,929.175964355469,340
2957,2689.28624091131,2725.15449774624,929.175964355469,340
2958,2476.27742328131,2716.91409349941,929.175964355469,340
2959,2672.21653942882,2712.54362586808,929.175964355469,340
2960,2633.37111699481,2706.02290006791,929.175964355469,340
2961,2732.55705229434,2713.39911134149,928.460998535156,340
2962,2786.51710064175,2715.25711417235,928.460998535156,340
2963,2714.89969772346,2715.24394821784,928.460998535156,340
2964,2654.71558350544,2710.01571030026,928.460998535156,340
2965,2466.79202185947,2702.79740187365,928.460998535156,340
2966,2738.5466647134,2701.88294586181,928.460998535156,340
2967,2744.13752778858,2703.10712476974,928.460998535156,340
2968,2715.28125563176,2702.88153025659,928.460998535156,340
2969,2730.65530258428,2706.8962706717,928.907470703125,340
2970,2768.45913021796,2710.51639366843,928.907470703125,340
2971,2673.83777609418,2706.81519796533,928.907470703125,340
2972,2729.35711831103,2704.57352560088,928.907470703125,340
2973,2750.20044633928,2704.71938842233,928.907470703125,340
2974,2775.77199207541,2706.52799747639,928.907470703125,340
2975,2756.87713977815,2710.04742284143,928.907470703125,340
2976,2603.22361477709,2703.26680096475,928.907470703125,340
2977,2703.92792475537,2699.80445287884,928.722412109375,340
2978,2741.27050174017,2699.81359901098,928.722412109375,340
2979,2764.28813701066,2699.07698284594,928.722412109375,340
2980,2635.48867893853,2696.58095045835,928.722412109375,340
2981,2732.10543931406,2695.60245706842,928.722412109375,340
2982,2750.32142519862,2698.04386443992,928.722412109375,340
2983,2760.48570211716,2709.41219559335,928.722412109375,340
2984,2764.91492066013,2713.1201308426,928.722412109375,340
2985,2677.60920107552,2714.88965420583,929.24658203125,340
2986,2756.84615327421,2715.86121824503,929.24658203125,340
2987,2727.14744036773,2713.48643183407,929.24658203125,340
2988,2755.72797758733,2715.11956302862,929.24658203125,340
2989,2778.11129237195,2720.05539138328,929.24658203125,340
2990,2749.07098002193,2731.34654970978,929.24658203125,340
2991,2698.69739433971,2729.75257889483,929.24658203125,340
2992,2667.94980005203,2726.70506978537,929.24658203125,340
2993,2716.91201972076,2726.77030034893,928.737121582031,340
2994,2775.49272665877,2728.56379731191,928.737121582031,340
2995,2641.26882958037,2723.47618528641,928.737121582031,340
2996,2640.78811596383,2722.15419888119,928.737121582031,340
2997,2759.80756334253,2723.37221668245,928.737121582031,340
2998,2752.7775051696,2723.47529903566,928.737121582031,340
2999,2696.66720773515,2720.31110766205,928.737121582031,340
3000,2752.73109905463,2720.14526603311,928.737121582031,340
